epoch,lr-AdamW,step,train/acc,train/acc_s0_1,train/acc_s1_2,train/acc_s2_4,train/acc_s3_8,train/acc_s4_16,train/acc_s5_32,train/loss_epoch,train/loss_s0_1_epoch,train/loss_s0_1_step,train/loss_s1_2_epoch,train/loss_s1_2_step,train/loss_s2_4_epoch,train/loss_s2_4_step,train/loss_s3_8_epoch,train/loss_s3_8_step,train/loss_s4_16_epoch,train/loss_s4_16_step,train/loss_s5_32_epoch,train/loss_s5_32_step,train/loss_step
,0.001,0,,,,,,,,,,,,,,,,,,,,,
0,,0,,,,,,,,,,2.809584140777588,,2.745129108428955,,2.363416910171509,,2.6414363384246826,,2.89011549949646,,2.361570119857788,2.472808837890625
0,,0,0.34518328309059143,0.0,0.0,0.42276424169540405,0.14139942824840546,0.03340025618672371,0.4338287115097046,2.472808837890625,2.809584140777588,,2.745129108428955,,2.363416910171509,,2.6414363384246826,,2.89011549949646,,2.361570119857788,,
,0.001,1,,,,,,,,,,,,,,,,,,,,,
1,,1,,,,,,,,,,0.33275100588798523,,0.18379123508930206,,0.7051881551742554,,1.0492048263549805,,1.3617746829986572,,1.6031450033187866,1.5151394605636597
1,,1,0.7554289102554321,1.0,1.0,0.8847185373306274,0.8140161633491516,0.772185206413269,0.7441062927246094,1.5151394605636597,0.33275100588798523,,0.18379123508930206,,0.7051881551742554,,1.0492048263549805,,1.3617746829986572,,1.6031450033187866,,
,0.001,2,,,,,,,,,,,,,,,,,,,,,
2,,2,,,,,,,,,,1.3770533800125122,,1.2367948293685913,,1.161141037940979,,1.4219708442687988,,1.276247262954712,,1.3330310583114624,1.3254659175872803
2,,2,0.7600464820861816,1.0,0.8020833730697632,0.8766404390335083,0.7643400430679321,0.7729458808898926,0.7545819282531738,1.3254659175872803,1.3770533800125122,,1.2367948293685913,,1.161141037940979,,1.4219708442687988,,1.276247262954712,,1.3330310583114624,,
,0.001,3,,,,,,,,,,,,,,,,,,,,,
3,,3,,,,,,,,,,0.3741125762462616,,0.3354218006134033,,0.7407444715499878,,0.9072299003601074,,1.0253973007202148,,1.181726098060608,1.1247353553771973
3,,3,0.757926881313324,1.0,1.0,0.8611897826194763,0.8192090392112732,0.7800535559654236,0.7436234354972839,1.1247353553771973,0.3741125762462616,,0.3354218006134033,,0.7407444715499878,,0.9072299003601074,,1.0253973007202148,,1.181726098060608,,
,0.001,4,,,,,,,,,,,,,,,,,,,,,
4,,4,,,,,,,,,,0.21829400956630707,,0.20743919909000397,,0.6668724417686462,,0.9303691983222961,,1.0161700248718262,,1.1481398344039917,1.0963826179504395
4,,4,0.7641462683677673,1.0,1.0,0.8659217357635498,0.8003720045089722,0.7783136367797852,0.7534297108650208,1.0963826179504395,0.21829400956630707,,0.20743919909000397,,0.6668724417686462,,0.9303691983222961,,1.0161700248718262,,1.1481398344039917,,
,0.001,5,,,,,,,,,,,,,,,,,,,,,
5,,5,,,,,,,,,,0.35102900862693787,,0.34195229411125183,,0.6622048616409302,,0.9229137897491455,,1.0266133546829224,,1.1524728536605835,1.110672950744629
5,,5,0.7595245242118835,1.0,1.0,0.877284586429596,0.8026755452156067,0.7716381549835205,0.7511074542999268,1.110672950744629,0.35102900862693787,,0.34195229411125183,,0.6622048616409302,,0.9229137897491455,,1.0266133546829224,,1.1524728536605835,,
,0.001,6,,,,,,,,,,,,,,,,,,,,,
6,,6,,,,,,,,,,0.29379117488861084,,0.2905905544757843,,0.6508630514144897,,0.9155877828598022,,1.0135009288787842,,1.1537675857543945,1.1095354557037354
6,,6,0.7576496601104736,1.0,1.0,0.8710526823997498,0.8049254417419434,0.7756956219673157,0.7477590441703796,1.1095354557037354,0.29379117488861084,,0.2905905544757843,,0.6508630514144897,,0.9155877828598022,,1.0135009288787842,,1.1537675857543945,,
,0.001,7,,,,,,,,,,,,,,,,,,,,,
7,,7,,,,,,,,,,0.21734167635440826,,0.21860097348690033,,0.5796540379524231,,0.8852847218513489,,1.0333665609359741,,1.1537448167800903,1.111063838005066
7,,7,0.7559666633605957,1.0,1.0,0.8868421316146851,0.8072992563247681,0.7682465314865112,0.7471175193786621,1.111063838005066,0.21734167635440826,,0.21860097348690033,,0.5796540379524231,,0.8852847218513489,,1.0333665609359741,,1.1537448167800903,,
,0.001,8,,,,,,,,,,,,,,,,,,,,,
8,,8,,,,,,,,,,0.2194441854953766,,0.22211700677871704,,0.6083283424377441,,0.8860347270965576,,1.0125658512115479,,1.1505482196807861,1.1025663614273071
8,,8,0.757402777671814,1.0,1.0,0.8770053386688232,0.8073744177818298,0.7739267349243164,0.7469858527183533,1.1025663614273071,0.2194441854953766,,0.22211700677871704,,0.6083283424377441,,0.8860347270965576,,1.0125658512115479,,1.1505482196807861,,
,0.001,9,,,,,,,,,,,,,,,,,,,,,
9,,9,,,,,,,,,,0.2636566162109375,,0.26820382475852966,,0.64616459608078,,0.9249606132507324,,1.0050075054168701,,1.1371424198150635,1.0945078134536743
9,,9,0.759100079536438,1.0,1.0,0.8731988072395325,0.7974777221679688,0.776902437210083,0.7495846748352051,1.0945078134536743,0.2636566162109375,,0.26820382475852966,,0.64616459608078,,0.9249606132507324,,1.0050075054168701,,1.1371424198150635,,
,0.001,10,,,,,,,,,,,,,,,,,,,,,
10,,10,,,,,,,,,,0.28403353691101074,,0.288586288690567,,0.6249038577079773,,0.898258626461029,,1.0101357698440552,,1.149415373802185,1.1014623641967773
10,,10,0.7564493417739868,1.0,1.0,0.8799999952316284,0.8095237612724304,0.7744118571281433,0.7453405857086182,1.1014623641967773,0.28403353691101074,,0.288586288690567,,0.6249038577079773,,0.898258626461029,,1.0101357698440552,,1.149415373802185,,
,0.001,11,,,,,,,,,,,,,,,,,,,,,
11,,11,,,,,,,,,,0.257717490196228,,0.2624628245830536,,0.6918376088142395,,0.8723725080490112,,0.9975264668464661,,1.1338196992874146,1.0881431102752686
11,,11,0.7613794803619385,1.0,1.0,0.8623595833778381,0.8138847947120667,0.7779901623725891,0.7514328956604004,1.0881431102752686,0.257717490196228,,0.2624628245830536,,0.6918376088142395,,0.8723725080490112,,0.9975264668464661,,1.1338196992874146,,
,0.001,12,,,,,,,,,,,,,,,,,,,,,
12,,12,,,,,,,,,,0.21919557452201843,,0.22350266575813293,,0.6850504279136658,,0.8678375482559204,,0.9898613095283508,,1.1391770839691162,1.0887058973312378
12,,12,0.7604299783706665,1.0,1.0,0.859259307384491,0.8115561604499817,0.7817630171775818,0.7488238215446472,1.0887058973312378,0.21919557452201843,,0.22350266575813293,,0.6850504279136658,,0.8678375482559204,,0.9898613095283508,,1.1391770839691162,,
,0.001,13,,,,,,,,,,,,,,,,,,,,,
13,,13,,,,,,,,,,0.20831243693828583,,0.21236266195774078,,0.6873748302459717,,0.8726377487182617,,1.0078868865966797,,1.1417795419692993,1.0974160432815552
13,,13,0.759280264377594,1.0,1.0,0.8575498461723328,0.8108925819396973,0.7752141356468201,0.7499173879623413,1.0974160432815552,0.20831243693828583,,0.21236266195774078,,0.6873748302459717,,0.8726377487182617,,1.0078868865966797,,1.1417795419692993,,
,0.001,14,,,,,,,,,,,,,,,,,,,,,
14,,14,,,,,,,,,,0.22727623581886292,,0.23134943842887878,,0.6580241918563843,,0.8695936799049377,,1.0143377780914307,,1.1433018445968628,1.0935015678405762
14,,14,0.7598034739494324,1.0,1.0,0.8679245114326477,0.8141703009605408,0.7730189561843872,0.7491852045059204,1.0935015678405762,0.22727623581886292,,0.23134943842887878,,0.6580241918563843,,0.8695936799049377,,1.0143377780914307,,1.1433018445968628,,
,0.001,15,,,,,,,,,,,,,,,,,,,,,
15,,15,,,,,,,,,,0.2549592852592468,,0.25941669940948486,,0.6346790194511414,,0.8512430191040039,,1.0193339586257935,,1.1536026000976562,1.0985238552093506
15,,15,0.7580832242965698,1.0,1.0,0.8767123222351074,0.8198133707046509,0.7712833285331726,0.7461081147193909,1.0985238552093506,0.2549592852592468,,0.25941669940948486,,0.6346790194511414,,0.8512430191040039,,1.0193339586257935,,1.1536026000976562,,
,0.001,16,,,,,,,,,,,,,,,,,,,,,
16,,16,,,,,,,,,,0.26087355613708496,,0.26562172174453735,,0.6466835737228394,,0.8755863308906555,,1.0310404300689697,,1.1559842824935913,1.1129714250564575
16,,16,0.7530459761619568,1.0,1.0,0.8757061958312988,0.8123765587806702,0.7663784623146057,0.7435469627380371,1.1129714250564575,0.26087355613708496,,0.26562172174453735,,0.6466835737228394,,0.8755863308906555,,1.0310404300689697,,1.1559842824935913,,
,0.001,17,,,,,,,,,,,,,,,,,,,,,
17,,17,,,,,,,,,,0.24201393127441406,,0.2469242662191391,,0.5891146659851074,,0.8666142225265503,,1.0049725770950317,,1.1484878063201904,1.1014630794525146
17,,17,0.7566736340522766,1.0,1.0,0.8892405033111572,0.8067349791526794,0.7755825519561768,0.7464288473129272,1.1014630794525146,0.24201393127441406,,0.2469242662191391,,0.5891146659851074,,0.8666142225265503,,1.0049725770950317,,1.1484878063201904,,
,0.001,18,,,,,,,,,,,,,,,,,,,,,
18,,18,,,,,,,,,,0.2160113900899887,,0.22101737558841705,,0.6246538162231445,,0.8682417869567871,,1.0085220336914062,,1.1436315774917603,1.0921578407287598
18,,18,0.7590091824531555,1.0,1.0,0.8728323578834534,0.8114161491394043,0.7743598222732544,0.7478976249694824,1.0921578407287598,0.2160113900899887,,0.22101737558841705,,0.6246538162231445,,0.8682417869567871,,1.0085220336914062,,1.1436315774917603,,
,0.001,19,,,,,,,,,,,,,,,,,,,,,
19,,19,,,,,,,,,,0.20541414618492126,,0.2104237973690033,,0.6105389595031738,,0.8646249771118164,,1.0065734386444092,,1.1468932628631592,1.096497893333435
19,,19,0.7572627663612366,1.0,1.0,0.8780487775802612,0.8128980994224548,0.7769735455513,0.745442807674408,1.096497893333435,0.20541414618492126,,0.2104237973690033,,0.6105389595031738,,0.8646249771118164,,1.0065734386444092,,1.1468932628631592,,
,0.001,20,,,,,,,,,,,,,,,,,,,,,
20,,20,,,,,,,,,,0.21590401232242584,,0.22104020416736603,,0.6357977390289307,,0.8782341480255127,,0.9904473423957825,,1.1418275833129883,1.0964690446853638
20,,20,0.7568418383598328,1.0,1.0,0.8727810978889465,0.8085255026817322,0.7793291211128235,0.7464632987976074,1.0964690446853638,0.21590401232242584,,0.22104020416736603,,0.6357977390289307,,0.8782341480255127,,0.9904473423957825,,1.1418275833129883,,
,0.001,21,,,,,,,,,,,,,,,,,,,,,
21,,21,,,,,,,,,,0.23144838213920593,,0.2371668964624405,,0.6886039972305298,,0.899803876876831,,0.9996614456176758,,1.133664846420288,1.0875968933105469
21,,21,0.7595253586769104,1.0,1.0,0.8588235378265381,0.8041853308677673,0.7743986248970032,0.7498747110366821,1.0875968933105469,0.23144838213920593,,0.2371668964624405,,0.6886039972305298,,0.899803876876831,,0.9996614456176758,,1.133664846420288,,
,0.001,22,,,,,,,,,,,,,,,,,,,,,
22,,22,,,,,,,,,,0.22611288726329803,,0.23164403438568115,,0.6485792398452759,,0.8803765177726746,,0.9954933524131775,,1.1296647787094116,1.081900715827942
22,,22,0.7611629366874695,1.0,1.0,0.8637531995773315,0.8049450516700745,0.7781299352645874,0.7508017420768738,1.081900715827942,0.22611288726329803,,0.23164403438568115,,0.6485792398452759,,0.8803765177726746,,0.9954933524131775,,1.1296647787094116,,
,0.001,23,,,,,,,,,,,,,,,,,,,,,
23,,23,,,,,,,,,,0.20220081508159637,,0.20684020221233368,,0.6367130279541016,,0.8623528480529785,,1.0119680166244507,,1.1624979972839355,1.113364338874817
23,,23,0.749906599521637,1.0,1.0,0.8672839403152466,0.8137393593788147,0.7700610756874084,0.7385842800140381,1.113364338874817,0.20220081508159637,,0.20684020221233368,,0.6367130279541016,,0.8623528480529785,,1.0119680166244507,,1.1624979972839355,,
,0.001,24,,,,,,,,,,,,,,,,,,,,,
24,,24,,,,,,,,,,0.19868358969688416,,0.20221570134162903,,0.6471434831619263,,0.858184278011322,,0.9908134341239929,,1.1414463520050049,1.0935945510864258
24,,24,0.7555091977119446,1.0,1.0,0.8624338507652283,0.8115384578704834,0.7772475481033325,0.7446134090423584,1.0935945510864258,0.19868358969688416,,0.20221570134162903,,0.6471434831619263,,0.858184278011322,,0.9908134341239929,,1.1414463520050049,,
,0.001,25,,,,,,,,,,,,,,,,,,,,,
25,,25,,,,,,,,,,0.20754283666610718,,0.2109275758266449,,0.5921385288238525,,0.8852567076683044,,1.0211913585662842,,1.1416001319885254,1.096426010131836
25,,25,0.7540765404701233,1.0,1.0,0.878947377204895,0.8020270466804504,0.7672591209411621,0.7443051338195801,1.096426010131836,0.20754283666610718,,0.2109275758266449,,0.5921385288238525,,0.8852567076683044,,1.0211913585662842,,1.1416001319885254,,
,0.001,26,,,,,,,,,,,,,,,,,,,,,
26,,26,,,,,,,,,,0.21225860714912415,,0.21287360787391663,,0.5787549018859863,,0.8691545128822327,,1.0020633935928345,,1.1499749422073364,1.094567894935608
26,,26,0.7526546120643616,1.0,1.0,0.8910256624221802,0.8065326809883118,0.7709768414497375,0.7400926947593689,1.094567894935608,0.21225860714912415,,0.21287360787391663,,0.5787549018859863,,0.8691545128822327,,1.0020633935928345,,1.1499749422073364,,
,0.001,27,,,,,,,,,,,,,,,,,,,,,
27,,27,,,,,,,,,,0.20040613412857056,,0.19841961562633514,,0.5935443043708801,,0.9006239771842957,,0.9843237400054932,,1.13196861743927,1.085621953010559
27,,27,0.7562516927719116,1.0,1.0,0.8774372935295105,0.7985765337944031,0.7732258439064026,0.746848464012146,1.085621953010559,0.20040613412857056,,0.19841961562633514,,0.5935443043708801,,0.9006239771842957,,0.9843237400054932,,1.13196861743927,,
,0.001,28,,,,,,,,,,,,,,,,,,,,,
28,,28,,,,,,,,,,0.17594537138938904,,0.1723223179578781,,0.6578143835067749,,0.8523194789886475,,0.9599315524101257,,1.120282769203186,1.064321517944336
28,,28,0.7601442933082581,1.0,1.0,0.8556150197982788,0.8107168078422546,0.777721107006073,0.7486724257469177,1.064321517944336,0.17594537138938904,,0.1723223179578781,,0.6578143835067749,,0.8523194789886475,,0.9599315524101257,,1.120282769203186,,
,0.001,29,,,,,,,,,,,,,,,,,,,,,
29,,29,,,,,,,,,,0.1738165020942688,,0.16390228271484375,,0.5883038640022278,,0.8521208167076111,,0.9370315074920654,,1.10056734085083,1.0507577657699585
29,,29,0.7618880867958069,1.0,1.0,0.8760107755661011,0.8095890879631042,0.7797074913978577,0.7519053816795349,1.0507577657699585,0.1738165020942688,,0.16390228271484375,,0.5883038640022278,,0.8521208167076111,,0.9370315074920654,,1.10056734085083,,
,0.001,30,,,,,,,,,,,,,,,,,,,,,
30,,30,,,,,,,,,,0.17820808291435242,,0.1608118712902069,,0.6102161407470703,,0.8602781891822815,,0.9161269664764404,,1.0897929668426514,1.0373212099075317
30,,30,0.7597680687904358,1.0,0.9999999403953552,0.8639053106307983,0.8023256063461304,0.7785435318946838,0.7494872212409973,1.0373212099075317,0.17820808291435242,,0.1608118712902069,,0.6102161407470703,,0.8602781891822815,,0.9161269664764404,,1.0897929668426514,,
,0.001,31,,,,,,,,,,,,,,,,,,,,,
31,,31,,,,,,,,,,0.15808069705963135,,0.1263652890920639,,0.5408095121383667,,0.8354180455207825,,0.890495240688324,,1.0840959548950195,1.0236821174621582
31,,31,0.7569206357002258,1.0,1.0,0.8835443258285522,0.8145161271095276,0.7749660611152649,0.7448490858078003,1.0236821174621582,0.15808069705963135,,0.1263652890920639,,0.5408095121383667,,0.8354180455207825,,0.890495240688324,,1.0840959548950195,,
,0.001,32,,,,,,,,,,,,,,,,,,,,,
32,,32,,,,,,,,,,0.2115068882703781,,0.13844044506549835,,0.591130256652832,,0.7740700244903564,,0.845308244228363,,1.0747509002685547,0.9973794221878052
32,,32,0.7634086608886719,1.0,1.0,0.8682926893234253,0.8173975944519043,0.7884816527366638,0.7481217384338379,0.9973794221878052,0.2115068882703781,,0.13844044506549835,,0.591130256652832,,0.7740700244903564,,0.845308244228363,,1.0747509002685547,,
,0.001,33,,,,,,,,,,,,,,,,,,,,,
33,,33,,,,,,,,,,0.12959252297878265,,0.05668318271636963,,0.7145530581474304,,0.8296963572502136,,0.8817031979560852,,1.1007741689682007,1.0432896614074707
33,,33,0.7533594965934753,1.0,0.9999999403953552,0.8553054332733154,0.804444432258606,0.7878736257553101,0.7402128577232361,1.0432896614074707,0.12959252297878265,,0.05668318271636963,,0.7145530581474304,,0.8296963572502136,,0.8817031979560852,,1.1007741689682007,,
,0.001,34,,,,,,,,,,,,,,,,,,,,,
34,,34,,,,,,,,,,0.22515396773815155,,0.08774403482675552,,0.554111659526825,,1.141414999961853,,0.8146786689758301,,1.0690327882766724,1.0155019760131836
34,,34,0.7471681833267212,1.0,0.9999999403953552,0.8725761771202087,0.7672910690307617,0.7887624502182007,0.7324597239494324,1.0155019760131836,0.22515396773815155,,0.08774403482675552,,0.554111659526825,,1.141414999961853,,0.8146786689758301,,1.0690327882766724,,
,0.001,35,,,,,,,,,,,,,,,,,,,,,
35,,35,,,,,,,,,,0.2532419264316559,,0.12288811057806015,,0.5336045026779175,,0.73131263256073,,0.7781301140785217,,1.055856704711914,0.9804639220237732
35,,35,0.7510408163070679,1.0,1.0,0.8757225275039673,0.8138471245765686,0.7922188639640808,0.7340302467346191,0.9804639220237732,0.2532419264316559,,0.12288811057806015,,0.5336045026779175,,0.73131263256073,,0.7781301140785217,,1.055856704711914,,
,0.001,36,,,,,,,,,,,,,,,,,,,,,
36,,36,,,,,,,,,,0.18238647282123566,,0.10264571756124496,,0.5562974214553833,,0.8209107518196106,,0.7544899582862854,,1.0477814674377441,0.9712175726890564
36,,36,0.7652361989021301,1.0,0.9999999403953552,0.8753387928009033,0.800000011920929,0.7959895133972168,0.752029299736023,0.9712175726890564,0.18238647282123566,,0.10264571756124496,,0.5562974214553833,,0.8209107518196106,,0.7544899582862854,,1.0477814674377441,,
,0.001,37,,,,,,,,,,,,,,,,,,,,,
37,,37,,,,,,,,,,0.22170409560203552,,0.13708825409412384,,0.5777620673179626,,0.7752099633216858,,0.7494181990623474,,1.0414036512374878,0.9690733551979065
37,,37,0.7588063478469849,1.0,1.0,0.8753315210342407,0.8084561228752136,0.7979745864868164,0.7437970638275146,0.9690733551979065,0.22170409560203552,,0.13708825409412384,,0.5777620673179626,,0.7752099633216858,,0.7494181990623474,,1.0414036512374878,,
,0.001,38,,,,,,,,,,,,,,,,,,,,,
38,,38,,,,,,,,,,0.3466631770133972,,0.23150356113910675,,0.6313166618347168,,0.8075417876243591,,0.7925305366516113,,1.0857007503509521,1.0052341222763062
38,,38,0.7596703171730042,1.0,1.0,0.8579234480857849,0.8120617270469666,0.8056243658065796,0.7408711314201355,1.0052341222763062,0.3466631770133972,,0.23150356113910675,,0.6313166618347168,,0.8075417876243591,,0.7925305366516113,,1.0857007503509521,,
,0.001,39,,,,,,,,,,,,,,,,,,,,,
39,,39,,,,,,,,,,0.33837443590164185,,0.23382359743118286,,0.596306562423706,,0.8199474215507507,,0.7547464370727539,,1.0909961462020874,1.0067857503890991
39,,39,0.7641265392303467,1.0,1.0,0.8736559152603149,0.8088135719299316,0.8124545216560364,0.7463634014129639,1.0067857503890991,0.33837443590164185,,0.23382359743118286,,0.596306562423706,,0.8199474215507507,,0.7547464370727539,,1.0909961462020874,,
,0.001,40,,,,,,,,,,,,,,,,,,,,,
40,,40,,,,,,,,,,0.2323380559682846,,0.15737535059452057,,0.5893215537071228,,0.8114315271377563,,0.7505693435668945,,1.0222339630126953,0.9586044549942017
40,,40,0.7585458755493164,1.0,1.0,0.8708791136741638,0.8102298378944397,0.788918673992157,0.7459890842437744,0.9586044549942017,0.2323380559682846,,0.15737535059452057,,0.5893215537071228,,0.8114315271377563,,0.7505693435668945,,1.0222339630126953,,
,0.001,41,,,,,,,,,,,,,,,,,,,,,
41,,41,,,,,,,,,,0.14499527215957642,,0.10251609981060028,,0.6108335256576538,,0.8235568404197693,,0.7517704963684082,,1.0470675230026245,0.9758880734443665
41,,41,0.7589461207389832,1.0,1.0,0.8672566413879395,0.8054298758506775,0.7805043458938599,0.748539388179779,0.9758880734443665,0.14499527215957642,,0.10251609981060028,,0.6108335256576538,,0.8235568404197693,,0.7517704963684082,,1.0470675230026245,,
,0.001,42,,,,,,,,,,,,,,,,,,,,,
42,,42,,,,,,,,,,0.13412539660930634,,0.090662382543087,,0.5134060978889465,,0.813902735710144,,0.7197305560112,,1.0511776208877563,0.9739108085632324
42,,42,0.755578339099884,1.0,1.0,0.8894601464271545,0.813077986240387,0.7832840085029602,0.7425914406776428,0.9739108085632324,0.13412539660930634,,0.090662382543087,,0.5134060978889465,,0.813902735710144,,0.7197305560112,,1.0511776208877563,,
,0.001,43,,,,,,,,,,,,,,,,,,,,,
43,,43,,,,,,,,,,0.17402969300746918,,0.11362862586975098,,0.6027402281761169,,0.7940936088562012,,0.7172489166259766,,0.9917800426483154,0.9180717468261719
43,,43,0.7666260600090027,1.0,1.0,0.8640226721763611,0.8105052709579468,0.809411346912384,0.7488101124763489,0.9180717468261719,0.17402969300746918,,0.11362862586975098,,0.6027402281761169,,0.7940936088562012,,0.7172489166259766,,0.9917800426483154,,
,0.001,44,,,,,,,,,,,,,,,,,,,,,
44,,44,,,,,,,,,,0.18012036383152008,,0.108546182513237,,0.5715953707695007,,0.8020211458206177,,0.6923460364341736,,1.0066581964492798,0.9359069466590881
44,,44,0.7659493088722229,1.0,1.0,0.8697916865348816,0.8052034974098206,0.8194876909255981,0.7492156028747559,0.9359069466590881,0.18012036383152008,,0.108546182513237,,0.5715953707695007,,0.8020211458206177,,0.6923460364341736,,1.0066581964492798,,
,0.001,45,,,,,,,,,,,,,,,,,,,,,
45,,45,,,,,,,,,,0.13818784058094025,,0.08146855980157852,,0.5262985825538635,,0.7852489352226257,,0.6543407440185547,,0.9832653999328613,0.9063995480537415
45,,45,0.7662363052368164,1.0,1.0,0.8828337788581848,0.8109244108200073,0.8221181035041809,0.7472681403160095,0.9063995480537415,0.13818784058094025,,0.08146855980157852,,0.5262985825538635,,0.7852489352226257,,0.6543407440185547,,0.9832653999328613,,
,0.001,46,,,,,,,,,,,,,,,,,,,,,
46,,46,,,,,,,,,,0.11784661561250687,,0.06755673885345459,,0.5478578209877014,,0.7857794761657715,,0.656074047088623,,0.9686372876167297,0.891054630279541
46,,46,0.7700169682502747,1.0,0.9999999403953552,0.8737373948097229,0.8113079071044922,0.8184092044830322,0.7518945932388306,0.891054630279541,0.11784661561250687,,0.06755673885345459,,0.5478578209877014,,0.7857794761657715,,0.656074047088623,,0.9686372876167297,,
,0.001,47,,,,,,,,,,,,,,,,,,,,,
47,,47,,,,,,,,,,0.13278117775917053,,0.07135260105133057,,0.5347369313240051,,0.7390897870063782,,0.6724125146865845,,0.9931212067604065,0.9087498784065247
47,,47,0.7605859041213989,1.0,0.9999999403953552,0.8753462433815002,0.8164557218551636,0.8148864507675171,0.7395414113998413,0.9087498784065247,0.13278117775917053,,0.07135260105133057,,0.5347369313240051,,0.7390897870063782,,0.6724125146865845,,0.9931212067604065,,
,0.001,48,,,,,,,,,,,,,,,,,,,,,
48,,48,,,,,,,,,,0.11718299239873886,,0.06523754447698593,,0.513074517250061,,0.7439618110656738,,0.6414509415626526,,0.9367847442626953,0.8615916967391968
48,,48,0.7744224667549133,1.0,1.0,0.8807786107063293,0.8100137114524841,0.821054220199585,0.7569862008094788,0.8615916967391968,0.11718299239873886,,0.06523754447698593,,0.513074517250061,,0.7439618110656738,,0.6414509415626526,,0.9367847442626953,,
,0.001,49,,,,,,,,,,,,,,,,,,,,,
49,,49,,,,,,,,,,0.0980142205953598,,0.05754883959889412,,0.5902138352394104,,0.7616151571273804,,0.6332560181617737,,0.9827779531478882,0.9003977179527283
49,,49,0.7691982388496399,1.0,1.0,0.8601036071777344,0.8089965581893921,0.826542317867279,0.7502896785736084,0.9003977179527283,0.0980142205953598,,0.05754883959889412,,0.5902138352394104,,0.7616151571273804,,0.6332560181617737,,0.9827779531478882,,
,0.001,50,,,,,,,,,,,,,,,,,,,,,
50,,50,,,,,,,,,,0.11435921490192413,,0.06855932623147964,,0.5890939831733704,,0.7433594465255737,,0.6275435090065002,,0.9325445294380188,0.8537144660949707
50,,50,0.77801913022995,1.0,0.9999999403953552,0.8585208654403687,0.8080357313156128,0.8291721343994141,0.7591826319694519,0.8537144660949707,0.11435921490192413,,0.06855932623147964,,0.5890939831733704,,0.7433594465255737,,0.6275435090065002,,0.9325445294380188,,
,0.001,51,,,,,,,,,,,,,,,,,,,,,
51,,51,,,,,,,,,,0.1712767779827118,,0.10296227782964706,,0.5401431322097778,,0.7778494954109192,,0.6582390666007996,,0.9917462468147278,0.9125200510025024
51,,51,0.765680730342865,1.0,0.9999999403953552,0.8753387928009033,0.8064076900482178,0.8148548603057861,0.7483920454978943,0.9125200510025024,0.1712767779827118,,0.10296227782964706,,0.5401431322097778,,0.7778494954109192,,0.6582390666007996,,0.9917462468147278,,
,0.001,52,,,,,,,,,,,,,,,,,,,,,
52,,52,,,,,,,,,,0.17794710397720337,,0.11392760276794434,,0.5841827988624573,,0.7971587181091309,,0.6359062194824219,,1.0024603605270386,0.9213808178901672
52,,52,0.7685451507568359,1.0,1.0,0.8653295636177063,0.8075709939002991,0.8202936053276062,0.7519778609275818,0.9213808178901672,0.17794710397720337,,0.11392760276794434,,0.5841827988624573,,0.7971587181091309,,0.6359062194824219,,1.0024603605270386,,
,0.001,53,,,,,,,,,,,,,,,,,,,,,
53,,53,,,,,,,,,,0.1358495056629181,,0.08811956644058228,,0.5530474185943604,,0.7333592176437378,,0.6387514472007751,,0.923611581325531,0.8547707796096802
53,,53,0.770243227481842,1.0,1.0,0.8702290058135986,0.8162015080451965,0.8198623061180115,0.7524493932723999,0.8547707796096802,0.1358495056629181,,0.08811956644058228,,0.5530474185943604,,0.7333592176437378,,0.6387514472007751,,0.923611581325531,,
,0.001,54,,,,,,,,,,,,,,,,,,,,,
54,,54,,,,,,,,,,0.08500254899263382,,0.05582908168435097,,0.564172625541687,,0.7241792678833008,,0.6134057641029358,,0.9851105213165283,0.8948469758033752
54,,54,0.7687093019485474,1.0,0.9999999403953552,0.8690476417541504,0.8075624704360962,0.8272976279258728,0.7489834427833557,0.8948469758033752,0.08500254899263382,,0.05582908168435097,,0.564172625541687,,0.7241792678833008,,0.6134057641029358,,0.9851105213165283,,
,0.001,55,,,,,,,,,,,,,,,,,,,,,
55,,55,,,,,,,,,,0.07516083866357803,,0.048143304884433746,,0.5546070337295532,,0.7126511931419373,,0.633873462677002,,0.998077929019928,0.9057197570800781
55,,55,0.7677314281463623,1.0,1.0,0.8705502152442932,0.8096591234207153,0.8210117220878601,0.7485160827636719,0.9057197570800781,0.07516083866357803,,0.048143304884433746,,0.5546070337295532,,0.7126511931419373,,0.633873462677002,,0.998077929019928,,
,0.001,56,,,,,,,,,,,,,,,,,,,,,
56,,56,,,,,,,,,,0.08925122022628784,,0.05681633576750755,,0.5266773700714111,,0.669180691242218,,0.6004617214202881,,0.9158809781074524,0.8371630311012268
56,,56,0.7726061940193176,1.0,0.9999999403953552,0.8743315935134888,0.8152823448181152,0.8302615284919739,0.7526751160621643,0.8371630311012268,0.08925122022628784,,0.05681633576750755,,0.5266773700714111,,0.669180691242218,,0.6004617214202881,,0.9158809781074524,,
,0.001,57,,,,,,,,,,,,,,,,,,,,,
57,,57,,,,,,,,,,0.13172434270381927,,0.08014116436243057,,0.5383359789848328,,0.6765710711479187,,0.6596183180809021,,0.9915748238563538,0.902668833732605
57,,57,0.7664749622344971,1.0,1.0,0.8688945770263672,0.8082191944122314,0.8070114850997925,0.750099778175354,0.902668833732605,0.13172434270381927,,0.08014116436243057,,0.5383359789848328,,0.6765710711479187,,0.6596183180809021,,0.9915748238563538,,
,0.001,58,,,,,,,,,,,,,,,,,,,,,
58,,58,,,,,,,,,,0.14729270339012146,,0.08808399736881256,,0.539074182510376,,0.6970551609992981,,0.6196756362915039,,1.0631916522979736,0.9525638818740845
58,,58,0.7500354647636414,1.0,1.0,0.8712871074676514,0.81339031457901,0.8243322372436523,0.7240139842033386,0.9525638818740845,0.14729270339012146,,0.08808399736881256,,0.539074182510376,,0.6970551609992981,,0.6196756362915039,,1.0631916522979736,,
,0.001,59,,,,,,,,,,,,,,,,,,,,,
59,,59,,,,,,,,,,0.13066481053829193,,0.07695255428552628,,0.5242037773132324,,0.6503974795341492,,0.593274712562561,,0.9481281638145447,0.8580045700073242
59,,59,0.7739463448524475,1.0,1.0,0.8643617033958435,0.8097251057624817,0.8352680206298828,0.7533353567123413,0.8580045700073242,0.13066481053829193,,0.07695255428552628,,0.5242037773132324,,0.6503974795341492,,0.593274712562561,,0.9481281638145447,,
,0.001,60,,,,,,,,,,,,,,,,,,,,,
60,,60,,,,,,,,,,0.09545540809631348,,0.05721006542444229,,0.5405606627464294,,0.6438903212547302,,0.6435385942459106,,0.8783658742904663,0.8209909796714783
60,,60,0.7729043364524841,1.0,0.9999999403953552,0.8666666746139526,0.8109244108200073,0.8240042924880981,0.7568677067756653,0.8209909796714783,0.09545540809631348,,0.05721006542444229,,0.5405606627464294,,0.6438903212547302,,0.6435385942459106,,0.8783658742904663,,
,0.001,61,,,,,,,,,,,,,,,,,,,,,
61,,61,,,,,,,,,,0.09004813432693481,,0.04963349923491478,,0.5257657766342163,,0.6848199367523193,,0.5980659127235413,,0.9007922410964966,0.8287116885185242
61,,61,0.7712817192077637,1.0,1.0,0.8766666650772095,0.7962154150009155,0.8268272876739502,0.7538522481918335,0.8287116885185242,0.09004813432693481,,0.04963349923491478,,0.5257657766342163,,0.6848199367523193,,0.5980659127235413,,0.9007922410964966,,
,0.001,62,,,,,,,,,,,,,,,,,,,,,
62,,62,,,,,,,,,,0.10944589972496033,,0.06194237992167473,,0.43582800030708313,,0.6336541771888733,,0.5786867141723633,,0.8694842457771301,0.791590690612793
62,,62,0.7794489860534668,1.0,1.0,0.8892405033111572,0.8024776577949524,0.8321245908737183,0.76072096824646,0.791590690612793,0.10944589972496033,,0.06194237992167473,,0.43582800030708313,,0.6336541771888733,,0.5786867141723633,,0.8694842457771301,,
,0.001,63,,,,,,,,,,,,,,,,,,,,,
63,,63,,,,,,,,,,0.14074476063251495,,0.07938151806592941,,0.4955514371395111,,0.6027984619140625,,0.6314460635185242,,0.8702971339225769,0.8016217350959778
63,,63,0.7798119783401489,1.0,0.9999999403953552,0.8684863448143005,0.8277372121810913,0.8168805837631226,0.7637884020805359,0.8016217350959778,0.14074476063251495,,0.07938151806592941,,0.4955514371395111,,0.6027984619140625,,0.6314460635185242,,0.8702971339225769,,
,0.001,64,,,,,,,,,,,,,,,,,,,,,
64,,64,,,,,,,,,,0.13154876232147217,,0.07141059637069702,,0.4850633144378662,,0.5635390877723694,,0.574435293674469,,0.8652142882347107,0.7932709455490112
64,,64,0.7876217365264893,1.0,1.0,0.8578811883926392,0.8289665579795837,0.8429751992225647,0.7702495455741882,0.7932709455490112,0.13154876232147217,,0.07141059637069702,,0.4850633144378662,,0.5635390877723694,,0.574435293674469,,0.8652142882347107,,
,0.001,65,,,,,,,,,,,,,,,,,,,,,
65,,65,,,,,,,,,,0.09642927348613739,,0.052063796669244766,,0.4825785756111145,,0.5573992133140564,,0.5942790508270264,,0.8310712575912476,0.7647818326950073
65,,65,0.7881972789764404,1.0,1.0,0.8670212626457214,0.8279285430908203,0.835579514503479,0.7708514332771301,0.7647818326950073,0.09642927348613739,,0.052063796669244766,,0.4825785756111145,,0.5573992133140564,,0.5942790508270264,,0.8310712575912476,,
,0.001,66,,,,,,,,,,,,,,,,,,,,,
66,,66,,,,,,,,,,0.08949967473745346,,0.04843761399388313,,0.46082204580307007,,0.5628508925437927,,0.5734596848487854,,0.8223266005516052,0.7582635283470154
66,,66,0.7872347235679626,1.0,1.0,0.8644986748695374,0.8225806355476379,0.8421851396560669,0.7696112990379333,0.7582635283470154,0.08949967473745346,,0.04843761399388313,,0.46082204580307007,,0.5628508925437927,,0.5734596848487854,,0.8223266005516052,,
,0.001,67,,,,,,,,,,,,,,,,,,,,,
67,,67,,,,,,,,,,0.10516881942749023,,0.06345617026090622,,0.492331862449646,,0.549745500087738,,0.561733603477478,,0.8172301054000854,0.7502932548522949
67,,67,0.7915733456611633,1.0,1.0,0.8484042286872864,0.8388814330101013,0.8444528579711914,0.7735593914985657,0.7502932548522949,0.10516881942749023,,0.06345617026090622,,0.492331862449646,,0.549745500087738,,0.561733603477478,,0.8172301054000854,,
,0.001,68,,,,,,,,,,,,,,,,,,,,,
68,,68,,,,,,,,,,0.09605681896209717,,0.06192009523510933,,0.4064271152019501,,0.5417181849479675,,0.5371465086936951,,0.797035813331604,0.7329601049423218
68,,68,0.7942063212394714,1.0,1.0,0.8851175308227539,0.843137264251709,0.8456963300704956,0.7772029042243958,0.7329601049423218,0.09605681896209717,,0.06192009523510933,,0.4064271152019501,,0.5417181849479675,,0.5371465086936951,,0.797035813331604,,
,0.001,69,,,,,,,,,,,,,,,,,,,,,
69,,69,,,,,,,,,,0.06645718961954117,,0.044648993760347366,,0.5087359547615051,,0.5177929401397705,,0.5130418539047241,,0.8085902333259583,0.7307713627815247
69,,69,0.7908851504325867,1.0,1.0,0.8656716346740723,0.8290992975234985,0.8528850674629211,0.7698003649711609,0.7307713627815247,0.06645718961954117,,0.044648993760347366,,0.5087359547615051,,0.5177929401397705,,0.5130418539047241,,0.8085902333259583,,
,0.001,70,,,,,,,,,,,,,,,,,,,,,
70,,70,,,,,,,,,,0.058437980711460114,,0.04047204554080963,,0.440367192029953,,0.5078557133674622,,0.522758424282074,,0.7985124588012695,0.7157914638519287
70,,70,0.7973206639289856,1.0,1.0,0.8659217357635498,0.8401162624359131,0.8456608057022095,0.7770437002182007,0.7157914638519287,0.058437980711460114,,0.04047204554080963,,0.440367192029953,,0.5078557133674622,,0.522758424282074,,0.7985124588012695,,
,0.001,71,,,,,,,,,,,,,,,,,,,,,
71,,71,,,,,,,,,,0.05980142951011658,,0.04355926066637039,,0.4379870295524597,,0.4964212477207184,,0.49510395526885986,,0.8487265110015869,0.7613115310668945
71,,71,0.7913809418678284,1.0,1.0,0.8662790656089783,0.8503836393356323,0.8585071563720703,0.7698299884796143,0.7613115310668945,0.05980142951011658,,0.04355926066637039,,0.4379870295524597,,0.4964212477207184,,0.49510395526885986,,0.8487265110015869,,
,0.001,72,,,,,,,,,,,,,,,,,,,,,
72,,72,,,,,,,,,,0.05925757810473442,,0.04363284260034561,,0.42339807748794556,,0.48757973313331604,,0.5143610835075378,,0.7775374054908752,0.7028206586837769
72,,72,0.8000272512435913,1.0,1.0,0.8780487775802612,0.8536745309829712,0.8518455624580383,0.7797486186027527,0.7028206586837769,0.05925757810473442,,0.04363284260034561,,0.42339807748794556,,0.48757973313331604,,0.5143610835075378,,0.7775374054908752,,
,0.001,73,,,,,,,,,,,,,,,,,,,,,
73,,73,,,,,,,,,,0.04707430303096771,,0.03404673933982849,,0.4280148148536682,,0.47847285866737366,,0.5032729506492615,,0.7481708526611328,0.6763212084770203
73,,73,0.8127549290657043,1.0,1.0,0.8774038553237915,0.841437578201294,0.8652620911598206,0.7932927012443542,0.6763212084770203,0.04707430303096771,,0.03404673933982849,,0.4280148148536682,,0.47847285866737366,,0.5032729506492615,,0.7481708526611328,,
,0.001,74,,,,,,,,,,,,,,,,,,,,,
74,,74,,,,,,,,,,0.042108017951250076,,0.02882668934762478,,0.4573900103569031,,0.4792204797267914,,0.47141233086586,,0.7154494524002075,0.6506699919700623
74,,74,0.8134720325469971,1.0,1.0,0.8664849996566772,0.8360058665275574,0.8644607067108154,0.7965657711029053,0.6506699919700623,0.042108017951250076,,0.02882668934762478,,0.4573900103569031,,0.4792204797267914,,0.47141233086586,,0.7154494524002075,,
,0.001,75,,,,,,,,,,,,,,,,,,,,,
75,,75,,,,,,,,,,0.04785837605595589,,0.032921064645051956,,0.431021511554718,,0.467148095369339,,0.49157556891441345,,0.7266396284103394,0.6663948893547058
75,,75,0.8103464841842651,1.0,1.0,0.8520408272743225,0.8502570390701294,0.8545787930488586,0.7959303855895996,0.6663948893547058,0.04785837605595589,,0.032921064645051956,,0.431021511554718,,0.467148095369339,,0.49157556891441345,,0.7266396284103394,,
,0.001,76,,,,,,,,,,,,,,,,,,,,,
76,,76,,,,,,,,,,0.04568108171224594,,0.02846822328865528,,0.40455788373947144,,0.45287925004959106,,0.47691047191619873,,0.7112191915512085,0.6524010300636292
76,,76,0.8158932328224182,1.0,1.0,0.8770949244499207,0.8540653586387634,0.8603423237800598,0.8016216158866882,0.6524010300636292,0.04568108171224594,,0.02846822328865528,,0.40455788373947144,,0.45287925004959106,,0.47691047191619873,,0.7112191915512085,,
,0.001,77,,,,,,,,,,,,,,,,,,,,,
77,,77,,,,,,,,,,0.03671092540025711,,0.022779159247875214,,0.4392423629760742,,0.447544664144516,,0.4708585739135742,,0.6940948367118835,0.631662130355835
77,,77,0.8188661336898804,1.0,1.0,0.8727735280990601,0.8564134836196899,0.8656639456748962,0.8018544912338257,0.631662130355835,0.03671092540025711,,0.022779159247875214,,0.4392423629760742,,0.447544664144516,,0.4708585739135742,,0.6940948367118835,,
,0.001,78,,,,,,,,,,,,,,,,,,,,,
78,,78,,,,,,,,,,0.03575911372900009,,0.02228652499616146,,0.3711640536785126,,0.44242575764656067,,0.43531572818756104,,0.6895087361335754,0.6258482336997986
78,,78,0.8200582265853882,1.0,1.0,0.8996865153312683,0.8567355871200562,0.8790460228919983,0.8016330003738403,0.6258482336997986,0.03575911372900009,,0.02228652499616146,,0.3711640536785126,,0.44242575764656067,,0.43531572818756104,,0.6895087361335754,,
,0.001,79,,,,,,,,,,,,,,,,,,,,,
79,,79,,,,,,,,,,0.03787625953555107,,0.02403206378221512,,0.47301411628723145,,0.4260622262954712,,0.446450412273407,,0.6596064567565918,0.6055652499198914
79,,79,0.8252838253974915,1.0,1.0,0.8639999628067017,0.8681241273880005,0.8643198609352112,0.8118250370025635,0.6055652499198914,0.03787625953555107,,0.02403206378221512,,0.47301411628723145,,0.4260622262954712,,0.446450412273407,,0.6596064567565918,,
,0.001,80,,,,,,,,,,,,,,,,,,,,,
80,,80,,,,,,,,,,0.038939692080020905,,0.024425631389021873,,0.4396325647830963,,0.4052751958370209,,0.48276883363723755,,0.671964704990387,0.6204635500907898
80,,80,0.8218028545379639,1.0,0.9999999403953552,0.8668555021286011,0.8657025098800659,0.8577098846435547,0.8090696930885315,0.6204635500907898,0.038939692080020905,,0.024425631389021873,,0.4396325647830963,,0.4052751958370209,,0.48276883363723755,,0.671964704990387,,
,0.001,81,,,,,,,,,,,,,,,,,,,,,
81,,81,,,,,,,,,,0.03387949988245964,,0.01984916441142559,,0.4179794192314148,,0.4171770513057709,,0.40887901186943054,,0.6303529739379883,0.5786623358726501
81,,81,0.8352973461151123,1.0,1.0,0.8804348111152649,0.8691459894180298,0.878987729549408,0.8222799897193909,0.5786623358726501,0.03387949988245964,,0.01984916441142559,,0.4179794192314148,,0.4171770513057709,,0.40887901186943054,,0.6303529739379883,,
,0.001,82,,,,,,,,,,,,,,,,,,,,,
82,,82,,,,,,,,,,0.02851995639503002,,0.017062263563275337,,0.38626885414123535,,0.4087064564228058,,0.45121997594833374,,0.6614272594451904,0.6059403419494629
82,,82,0.828630805015564,1.0,1.0,0.8956522345542908,0.8743253350257874,0.8656395673751831,0.8150440454483032,0.6059403419494629,0.02851995639503002,,0.017062263563275337,,0.38626885414123535,,0.4087064564228058,,0.45121997594833374,,0.6614272594451904,,
,0.001,83,,,,,,,,,,,,,,,,,,,,,
83,,83,,,,,,,,,,0.033400919288396835,,0.019279712811112404,,0.46932780742645264,,0.40396252274513245,,0.4377900958061218,,0.6325547099113464,0.5830634832382202
83,,83,0.8320605754852295,1.0,1.0,0.8529412150382996,0.8751007318496704,0.8661937117576599,0.8202892541885376,0.5830634832382202,0.033400919288396835,,0.019279712811112404,,0.46932780742645264,,0.40396252274513245,,0.4377900958061218,,0.6325547099113464,,
,0.001,84,,,,,,,,,,,,,,,,,,,,,
84,,84,,,,,,,,,,0.038453660905361176,,0.02446810156106949,,0.43705278635025024,,0.41179198026657104,,0.3964029550552368,,0.6078184843063354,0.5518878698348999
84,,84,0.8398740291595459,1.0,1.0,0.8690807819366455,0.875,0.8763582110404968,0.8263586163520813,0.5518878698348999,0.038453660905361176,,0.02446810156106949,,0.43705278635025024,,0.41179198026657104,,0.3964029550552368,,0.6078184843063354,,
,0.001,85,,,,,,,,,,,,,,,,,,,,,
85,,85,,,,,,,,,,0.037680428475141525,,0.026030464097857475,,0.3983963131904602,,0.3660883903503418,,0.4005393087863922,,0.6047376990318298,0.5548174977302551
85,,85,0.8369603157043457,1.0,1.0,0.8693181872367859,0.8819923400878906,0.8794466853141785,0.8236470818519592,0.5548174977302551,0.037680428475141525,,0.026030464097857475,,0.3983963131904602,,0.3660883903503418,,0.4005393087863922,,0.6047376990318298,,
,0.001,86,,,,,,,,,,,,,,,,,,,,,
86,,86,,,,,,,,,,0.03755081072449684,,0.026116516441106796,,0.3914659917354584,,0.3813905417919159,,0.41055941581726074,,0.5903472304344177,0.5382497310638428
86,,86,0.8421481847763062,1.0,0.9999999403953552,0.8844221234321594,0.8680555820465088,0.8741583228111267,0.8296433687210083,0.5382497310638428,0.03755081072449684,,0.026116516441106796,,0.3914659917354584,,0.3813905417919159,,0.41055941581726074,,0.5903472304344177,,
,0.001,87,,,,,,,,,,,,,,,,,,,,,
87,,87,,,,,,,,,,0.030394047498703003,,0.02029569260776043,,0.383205384016037,,0.33279961347579956,,0.3920307159423828,,0.5670029520988464,0.5177007913589478
87,,87,0.8477225303649902,1.0,1.0,0.8857142925262451,0.8998569846153259,0.8792362213134766,0.8347669839859009,0.5177007913589478,0.030394047498703003,,0.02029569260776043,,0.383205384016037,,0.33279961347579956,,0.3920307159423828,,0.5670029520988464,,
,0.001,88,,,,,,,,,,,,,,,,,,,,,
88,,88,,,,,,,,,,0.02642897702753544,,0.016388891264796257,,0.43057772517204285,,0.3528372347354889,,0.3974783718585968,,0.5490329265594482,0.5066877007484436
88,,88,0.8529748916625977,1.0,1.0,0.8693333268165588,0.8820338845252991,0.8761696815490723,0.8439849615097046,0.5066877007484436,0.02642897702753544,,0.016388891264796257,,0.43057772517204285,,0.3528372347354889,,0.3974783718585968,,0.5490329265594482,,
,0.001,89,,,,,,,,,,,,,,,,,,,,,
89,,89,,,,,,,,,,0.02989250421524048,,0.02004048600792885,,0.39085960388183594,,0.34595179557800293,,0.37349194288253784,,0.5630307197570801,0.5112721920013428
89,,89,0.8524888157844543,1.0,1.0,0.8828828930854797,0.8931623697280884,0.8874602913856506,0.8392976522445679,0.5112721920013428,0.02989250421524048,,0.02004048600792885,,0.39085960388183594,,0.34595179557800293,,0.37349194288253784,,0.5630307197570801,,
,0.001,90,,,,,,,,,,,,,,,,,,,,,
90,,90,,,,,,,,,,0.029091550037264824,,0.019361339509487152,,0.4084533154964447,,0.3415611982345581,,0.3677259683609009,,0.5571278929710388,0.5030986070632935
90,,90,0.8511578440666199,1.0,1.0,0.8659517765045166,0.8881069421768188,0.8836650252342224,0.8382653594017029,0.5030986070632935,0.029091550037264824,,0.019361339509487152,,0.4084533154964447,,0.3415611982345581,,0.3677259683609009,,0.5571278929710388,,
,0.001,91,,,,,,,,,,,,,,,,,,,,,
91,,91,,,,,,,,,,0.03320270776748657,,0.021729592233896255,,0.3879719078540802,,0.33343639969825745,,0.37079641222953796,,0.5174233913421631,0.48404818773269653
91,,91,0.8552132248878479,1.0,1.0,0.8777174353599548,0.8901315927505493,0.8850063681602478,0.8466329574584961,0.48404818773269653,0.03320270776748657,,0.021729592233896255,,0.3879719078540802,,0.33343639969825745,,0.37079641222953796,,0.5174233913421631,,
,0.001,92,,,,,,,,,,,,,,,,,,,,,
92,,92,,,,,,,,,,0.03290584310889244,,0.020689859986305237,,0.38380688428878784,,0.3499945104122162,,0.379813551902771,,0.5195118188858032,0.4774690568447113
92,,92,0.8569785952568054,1.0,1.0,0.8764045238494873,0.8935298919677734,0.8775877952575684,0.8471550941467285,0.4774690568447113,0.03290584310889244,,0.020689859986305237,,0.38380688428878784,,0.3499945104122162,,0.379813551902771,,0.5195118188858032,,
,0.001,93,,,,,,,,,,,,,,,,,,,,,
93,,93,,,,,,,,,,0.025638604536652565,,0.01419122889637947,,0.3770095705986023,,0.312183141708374,,0.3464886546134949,,0.4933256506919861,0.45752912759780884
93,,93,0.8605172634124756,1.0,0.9999999403953552,0.8757225275039673,0.8909916877746582,0.8899161219596863,0.8514199256896973,0.45752912759780884,0.025638604536652565,,0.01419122889637947,,0.3770095705986023,,0.312183141708374,,0.3464886546134949,,0.4933256506919861,,
,0.001,94,,,,,,,,,,,,,,,,,,,,,
94,,94,,,,,,,,,,0.026089444756507874,,0.016240661963820457,,0.306399405002594,,0.31452733278274536,,0.3349761664867401,,0.47394609451293945,0.4360902011394501
94,,94,0.8683508038520813,1.0,1.0,0.890666663646698,0.8967105746269226,0.8930897116661072,0.859163761138916,0.4360902011394501,0.026089444756507874,,0.016240661963820457,,0.306399405002594,,0.31452733278274536,,0.3349761664867401,,0.47394609451293945,,
,0.001,95,,,,,,,,,,,,,,,,,,,,,
95,,95,,,,,,,,,,0.020528586581349373,,0.012040320783853531,,0.38920167088508606,,0.289598286151886,,0.34233078360557556,,0.47374260425567627,0.43536800146102905
95,,95,0.8684327602386475,1.0,1.0,0.8742515444755554,0.9064697623252869,0.8898954391479492,0.8592033982276917,0.43536800146102905,0.020528586581349373,,0.012040320783853531,,0.38920167088508606,,0.289598286151886,,0.34233078360557556,,0.47374260425567627,,
,0.001,96,,,,,,,,,,,,,,,,,,,,,
96,,96,,,,,,,,,,0.018624197691679,,0.01160831656306982,,0.38354620337486267,,0.26470285654067993,,0.340785950422287,,0.46473047137260437,0.43028077483177185
96,,96,0.8709871768951416,1.0,1.0,0.8835821151733398,0.9138438701629639,0.890148937702179,0.8629458546638489,0.43028077483177185,0.018624197691679,,0.01160831656306982,,0.38354620337486267,,0.26470285654067993,,0.340785950422287,,0.46473047137260437,,
,0.001,97,,,,,,,,,,,,,,,,,,,,,
97,,97,,,,,,,,,,0.019408205524086952,,0.012321279384195805,,0.3789064884185791,,0.27280107140541077,,0.31188562512397766,,0.4520680606365204,0.417284220457077
97,,97,0.8728100657463074,1.0,1.0,0.8734939694404602,0.911242663860321,0.8949534296989441,0.8648896217346191,0.417284220457077,0.019408205524086952,,0.012321279384195805,,0.3789064884185791,,0.27280107140541077,,0.31188562512397766,,0.4520680606365204,,
,0.001,98,,,,,,,,,,,,,,,,,,,,,
98,,98,,,,,,,,,,0.017481530085206032,,0.011298642493784428,,0.39843758940696716,,0.25046151876449585,,0.319075345993042,,0.44373828172683716,0.40651607513427734
98,,98,0.8787225484848022,1.0,1.0,0.8696808218955994,0.9177793264389038,0.8969471454620361,0.8704882264137268,0.40651607513427734,0.017481530085206032,,0.011298642493784428,,0.39843758940696716,,0.25046151876449585,,0.319075345993042,,0.44373828172683716,,
,0.001,99,,,,,,,,,,,,,,,,,,,,,
99,,99,,,,,,,,,,0.020602043718099594,,0.014526328071951866,,0.34892821311950684,,0.2606363296508789,,0.3235279619693756,,0.44170472025871277,0.4061162769794464
99,,99,0.8765851855278015,1.0,1.0,0.8920454978942871,0.918674647808075,0.894267737865448,0.8679582476615906,0.4061162769794464,0.020602043718099594,,0.014526328071951866,,0.34892821311950684,,0.2606363296508789,,0.3235279619693756,,0.44170472025871277,,
,0.001,100,,,,,,,,,,,,,,,,,,,,,
100,,100,,,,,,,,,,0.017892969772219658,,0.011306917294859886,,0.3776327669620514,,0.24293875694274902,,0.31723034381866455,,0.4159025251865387,0.38412997126579285
100,,100,0.8865677714347839,1.0,0.9999999403953552,0.8575757145881653,0.911234438419342,0.9017474055290222,0.8801734447479248,0.38412997126579285,0.017892969772219658,,0.011306917294859886,,0.3776327669620514,,0.24293875694274902,,0.31723034381866455,,0.4159025251865387,,
,0.001,101,,,,,,,,,,,,,,,,,,,,,
101,,101,,,,,,,,,,0.01791779324412346,,0.011885097250342369,,0.353325754404068,,0.2262842059135437,,0.30501046776771545,,0.4157252907752991,0.3841749131679535
101,,101,0.8851512670516968,1.0,1.0,0.8809524178504944,0.9161381125450134,0.9045591950416565,0.8779821395874023,0.3841749131679535,0.01791779324412346,,0.011885097250342369,,0.353325754404068,,0.2262842059135437,,0.30501046776771545,,0.4157252907752991,,
,0.001,102,,,,,,,,,,,,,,,,,,,,,
102,,102,,,,,,,,,,0.013674510642886162,,0.009156831540167332,,0.3474171459674835,,0.24781130254268646,,0.3098021149635315,,0.3927597403526306,0.3687587082386017
102,,102,0.8912638425827026,1.0,1.0,0.8783454895019531,0.9154412150382996,0.9048313498497009,0.8861318826675415,0.3687587082386017,0.013674510642886162,,0.009156831540167332,,0.3474171459674835,,0.24781130254268646,,0.3098021149635315,,0.3927597403526306,,
,0.001,103,,,,,,,,,,,,,,,,,,,,,
103,,103,,,,,,,,,,0.012133008800446987,,0.008358526043593884,,0.3503710627555847,,0.2376517951488495,,0.2955005168914795,,0.4016222059726715,0.36689355969429016
103,,103,0.8929436206817627,1.0,1.0,0.8860759735107422,0.9180116057395935,0.9046237468719482,0.8867720365524292,0.36689355969429016,0.012133008800446987,,0.008358526043593884,,0.3503710627555847,,0.2376517951488495,,0.2955005168914795,,0.4016222059726715,,
,0.001,104,,,,,,,,,,,,,,,,,,,,,
104,,104,,,,,,,,,,0.01582292653620243,,0.011959577910602093,,0.3363879919052124,,0.22940762341022491,,0.29863256216049194,,0.4020228981971741,0.3769141137599945
104,,104,0.8875035047531128,1.0,1.0,0.8761609792709351,0.9167196154594421,0.9026514887809753,0.8826450705528259,0.3769141137599945,0.01582292653620243,,0.011959577910602093,,0.3363879919052124,,0.22940762341022491,,0.29863256216049194,,0.4020228981971741,,
,0.001,105,,,,,,,,,,,,,,,,,,,,,
105,,105,,,,,,,,,,0.015984371304512024,,0.011614668183028698,,0.3649556338787079,,0.24166059494018555,,0.27543768286705017,,0.37719815969467163,0.3528006374835968
105,,105,0.8958176374435425,1.0,1.0,0.8823529481887817,0.9202497005462646,0.9178848266601562,0.889365017414093,0.3528006374835968,0.015984371304512024,,0.011614668183028698,,0.3649556338787079,,0.24166059494018555,,0.27543768286705017,,0.37719815969467163,,
,0.001,106,,,,,,,,,,,,,,,,,,,,,
106,,106,,,,,,,,,,0.011794004589319229,,0.008729263208806515,,0.327314168214798,,0.20257288217544556,,0.282614529132843,,0.41627150774002075,0.38432011008262634
106,,106,0.8888501524925232,1.0,1.0,0.8839779496192932,0.9359642863273621,0.9175238609313965,0.8802990913391113,0.38432011008262634,0.011794004589319229,,0.008729263208806515,,0.327314168214798,,0.20257288217544556,,0.282614529132843,,0.41627150774002075,,
,0.001,107,,,,,,,,,,,,,,,,,,,,,
107,,107,,,,,,,,,,0.01322097983211279,,0.010086841881275177,,0.30595487356185913,,0.20555220544338226,,0.29307061433792114,,0.38255104422569275,0.35358375310897827
107,,107,0.8933166861534119,1.0,1.0,0.8969072103500366,0.9331955909729004,0.910683274269104,0.8852917551994324,0.35358375310897827,0.01322097983211279,,0.010086841881275177,,0.30595487356185913,,0.20555220544338226,,0.29307061433792114,,0.38255104422569275,,
,0.001,108,,,,,,,,,,,,,,,,,,,,,
108,,108,,,,,,,,,,0.01738745905458927,,0.0156402587890625,,0.3624885678291321,,0.21564459800720215,,0.27830469608306885,,0.3842472434043884,0.3566253185272217
108,,108,0.8899710774421692,1.0,1.0,0.8763440847396851,0.9224519729614258,0.9095005989074707,0.8832979798316956,0.3566253185272217,0.01738745905458927,,0.0156402587890625,,0.3624885678291321,,0.21564459800720215,,0.27830469608306885,,0.3842472434043884,,
,0.001,109,,,,,,,,,,,,,,,,,,,,,
109,,109,,,,,,,,,,0.015331042930483818,,0.013432738371193409,,0.35926827788352966,,0.22442148625850677,,0.27950865030288696,,0.37274178862571716,0.345400869846344
109,,109,0.8963832259178162,1.0,0.9999999403953552,0.875,0.9282263517379761,0.9107471108436584,0.8901658654212952,0.345400869846344,0.015331042930483818,,0.013432738371193409,,0.35926827788352966,,0.22442148625850677,,0.27950865030288696,,0.37274178862571716,,
,0.001,110,,,,,,,,,,,,,,,,,,,,,
110,,110,,,,,,,,,,0.010852128267288208,,0.007999783381819725,,0.36819252371788025,,0.2173190414905548,,0.2728535234928131,,0.3652856647968292,0.3373742699623108
110,,110,0.8974694609642029,1.0,1.0,0.8729016780853271,0.923462986946106,0.9154906272888184,0.8904799818992615,0.3373742699623108,0.010852128267288208,,0.007999783381819725,,0.36819252371788025,,0.2173190414905548,,0.2728535234928131,,0.3652856647968292,,
,0.001,111,,,,,,,,,,,,,,,,,,,,,
111,,111,,,,,,,,,,0.010707072913646698,,0.008278521709144115,,0.3315374553203583,,0.22400739789009094,,0.26364463567733765,,0.3673287034034729,0.34054023027420044
111,,111,0.8928505182266235,1.0,1.0,0.8816900849342346,0.9240875840187073,0.9135293364524841,0.8857541680335999,0.34054023027420044,0.010707072913646698,,0.008278521709144115,,0.3315374553203583,,0.22400739789009094,,0.26364463567733765,,0.3673287034034729,,
,0.001,112,,,,,,,,,,,,,,,,,,,,,
112,,112,,,,,,,,,,0.011498842388391495,,0.008791557513177395,,0.3471499979496002,,0.19717174768447876,,0.2504708170890808,,0.341699481010437,0.3167816996574402
112,,112,0.9010468125343323,1.0,1.0,0.8695652484893799,0.9291639924049377,0.9178769588470459,0.8951141238212585,0.3167816996574402,0.011498842388391495,,0.008791557513177395,,0.3471499979496002,,0.19717174768447876,,0.2504708170890808,,0.341699481010437,,
,0.001,113,,,,,,,,,,,,,,,,,,,,,
113,,113,,,,,,,,,,0.011175066232681274,,0.008679931052029133,,0.324876993894577,,0.1910429149866104,,0.2402980625629425,,0.31635159254074097,0.291964590549469
113,,113,0.9129974246025085,1.0,0.9999999403953552,0.8842975497245789,0.9285714626312256,0.9265318512916565,0.9075865149497986,0.291964590549469,0.011175066232681274,,0.008679931052029133,,0.324876993894577,,0.1910429149866104,,0.2402980625629425,,0.31635159254074097,,
,0.001,114,,,,,,,,,,,,,,,,,,,,,
114,,114,,,,,,,,,,0.010890216566622257,,0.008485347963869572,,0.3117668032646179,,0.18049369752407074,,0.24798859655857086,,0.3207496106624603,0.2985002398490906
114,,114,0.9106297492980957,1.0,1.0,0.8911764621734619,0.9468008875846863,0.9237091541290283,0.9046851992607117,0.2985002398490906,0.010890216566622257,,0.008485347963869572,,0.3117668032646179,,0.18049369752407074,,0.24798859655857086,,0.3207496106624603,,
,0.001,115,,,,,,,,,,,,,,,,,,,,,
115,,115,,,,,,,,,,0.008983787149190903,,0.006564187351614237,,0.31433093547821045,,0.1949782818555832,,0.24893946945667267,,0.3381224274635315,0.3116333484649658
115,,115,0.9053899645805359,1.0,0.9999999403953552,0.8867924213409424,0.9341275095939636,0.9215593338012695,0.8988480567932129,0.3116333484649658,0.008983787149190903,,0.006564187351614237,,0.31433093547821045,,0.1949782818555832,,0.24893946945667267,,0.3381224274635315,,
,0.001,116,,,,,,,,,,,,,,,,,,,,,
116,,116,,,,,,,,,,0.007323798723518848,,0.005263554397970438,,0.3149147033691406,,0.19161325693130493,,0.23198412358760834,,0.321926087141037,0.2964167296886444
116,,116,0.9099767804145813,1.0,1.0,0.8941176533699036,0.9312883615493774,0.9271384477615356,0.9037303924560547,0.2964167296886444,0.007323798723518848,,0.005263554397970438,,0.3149147033691406,,0.19161325693130493,,0.23198412358760834,,0.321926087141037,,
,0.001,117,,,,,,,,,,,,,,,,,,,,,
117,,117,,,,,,,,,,0.006931308191269636,,0.005383436568081379,,0.3330795466899872,,0.1948390156030655,,0.23080113530158997,,0.3121030628681183,0.2921186089515686
117,,117,0.9093636274337769,1.0,1.0,0.8761062026023865,0.9372797608375549,0.9197170734405518,0.9054802656173706,0.2921186089515686,0.006931308191269636,,0.005383436568081379,,0.3330795466899872,,0.1948390156030655,,0.23080113530158997,,0.3121030628681183,,
,0.001,118,,,,,,,,,,,,,,,,,,,,,
118,,118,,,,,,,,,,0.006339677143841982,,0.004658378195017576,,0.31197017431259155,,0.16786552965641022,,0.236911803483963,,0.29678875207901,0.2734246551990509
118,,118,0.916758120059967,1.0,1.0,0.8753117322921753,0.9471032619476318,0.9285832643508911,0.9102379679679871,0.2734246551990509,0.006339677143841982,,0.004658378195017576,,0.31197017431259155,,0.16786552965641022,,0.236911803483963,,0.29678875207901,,
,0.001,119,,,,,,,,,,,,,,,,,,,,,
119,,119,,,,,,,,,,0.007517501246184111,,0.0056061940267682076,,0.2965022921562195,,0.17406190931797028,,0.21490494906902313,,0.28125888109207153,0.26425328850746155
119,,119,0.9187355041503906,1.0,1.0,0.8891687393188477,0.9385713934898376,0.9351406693458557,0.9139572978019714,0.26425328850746155,0.007517501246184111,,0.0056061940267682076,,0.2965022921562195,,0.17406190931797028,,0.21490494906902313,,0.28125888109207153,,
,0.001,120,,,,,,,,,,,,,,,,,,,,,
120,,120,,,,,,,,,,0.008915025740861893,,0.006708526983857155,,0.3236371874809265,,0.18233375251293182,,0.20055808126926422,,0.28365471959114075,0.2662307024002075
120,,120,0.9162531495094299,1.0,1.0,0.8901098966598511,0.9383885860443115,0.9383630156517029,0.9107682108879089,0.2662307024002075,0.008915025740861893,,0.006708526983857155,,0.3236371874809265,,0.18233375251293182,,0.20055808126926422,,0.28365471959114075,,
,0.001,121,,,,,,,,,,,,,,,,,,,,,
121,,121,,,,,,,,,,0.008138706907629967,,0.006359688006341457,,0.26251816749572754,,0.16432830691337585,,0.2185213267803192,,0.28500568866729736,0.2657604515552521
121,,121,0.9215916991233826,1.0,1.0,0.9121447205543518,0.9522760510444641,0.9350626468658447,0.9161475896835327,0.2657604515552521,0.008138706907629967,,0.006359688006341457,,0.26251816749572754,,0.16432830691337585,,0.2185213267803192,,0.28500568866729736,,
,0.001,122,,,,,,,,,,,,,,,,,,,,,
122,,122,,,,,,,,,,0.008320547640323639,,0.006057367660105228,,0.3426770567893982,,0.16576389968395233,,0.20902524888515472,,0.283967524766922,0.26407164335250854
122,,122,0.920181393623352,1.0,1.0,0.8742515444755554,0.9433837532997131,0.938768208026886,0.9144327640533447,0.26407164335250854,0.008320547640323639,,0.006057367660105228,,0.3426770567893982,,0.16576389968395233,,0.20902524888515472,,0.283967524766922,,
,0.001,123,,,,,,,,,,,,,,,,,,,,,
123,,123,,,,,,,,,,0.008233769796788692,,0.006241983268409967,,0.3294501006603241,,0.16403929889202118,,0.20858734846115112,,0.2604694366455078,0.24587635695934296
123,,123,0.9254773259162903,1.0,1.0,0.8766404390335083,0.9425517916679382,0.934219241142273,0.9225556254386902,0.24587635695934296,0.008233769796788692,,0.006241983268409967,,0.3294501006603241,,0.16403929889202118,,0.20858734846115112,,0.2604694366455078,,
,0.001,124,,,,,,,,,,,,,,,,,,,,,
124,,124,,,,,,,,,,0.008166847750544548,,0.005417398177087307,,0.3034156262874603,,0.17018330097198486,,0.1961972862482071,,0.25558117032051086,0.2415342479944229
124,,124,0.9259887337684631,1.0,1.0,0.9003021121025085,0.9396671652793884,0.937009334564209,0.9228418469429016,0.2415342479944229,0.008166847750544548,,0.005417398177087307,,0.3034156262874603,,0.17018330097198486,,0.1961972862482071,,0.25558117032051086,,
,0.001,125,,,,,,,,,,,,,,,,,,,,,
125,,125,,,,,,,,,,0.00801501702517271,,0.006003383547067642,,0.30082646012306213,,0.14344684779644012,,0.20236319303512573,,0.2538880407810211,0.2367628514766693
125,,125,0.9241289496421814,1.0,1.0,0.8859416246414185,0.943970799446106,0.9344580769538879,0.9198570847511292,0.2367628514766693,0.00801501702517271,,0.006003383547067642,,0.30082646012306213,,0.14344684779644012,,0.20236319303512573,,0.2538880407810211,,
,0.001,126,,,,,,,,,,,,,,,,,,,,,
126,,126,,,,,,,,,,0.006737846881151199,,0.004668433219194412,,0.2635646164417267,,0.15408925712108612,,0.18012675642967224,,0.2543095052242279,0.23108835518360138
126,,126,0.9285561442375183,1.0,1.0,0.8976608514785767,0.9488860368728638,0.9438663125038147,0.9221426248550415,0.23108835518360138,0.006737846881151199,,0.004668433219194412,,0.2635646164417267,,0.15408925712108612,,0.18012675642967224,,0.2543095052242279,,
,0.001,127,,,,,,,,,,,,,,,,,,,,,
127,,127,,,,,,,,,,0.006653062533587217,,0.004789411555975676,,0.2688004672527313,,0.1433369517326355,,0.20085328817367554,,0.24086327850818634,0.22865529358386993
127,,127,0.9268558025360107,1.0,1.0,0.8947368860244751,0.9465493559837341,0.9354897141456604,0.9237807989120483,0.22865529358386993,0.006653062533587217,,0.004789411555975676,,0.2688004672527313,,0.1433369517326355,,0.20085328817367554,,0.24086327850818634,,
,0.001,128,,,,,,,,,,,,,,,,,,,,,
128,,128,,,,,,,,,,0.006321316584944725,,0.004622874315828085,,0.29236671328544617,,0.15828242897987366,,0.18767131865024567,,0.24397647380828857,0.22987522184848785
128,,128,0.926649272441864,1.0,1.0,0.8898071646690369,0.9494268894195557,0.9396584630012512,0.9225043654441833,0.22987522184848785,0.006321316584944725,,0.004622874315828085,,0.29236671328544617,,0.15828242897987366,,0.18767131865024567,,0.24397647380828857,,
,0.001,129,,,,,,,,,,,,,,,,,,,,,
129,,129,,,,,,,,,,0.006939713377505541,,0.005117835942655802,,0.30342480540275574,,0.14582952857017517,,0.18615515530109406,,0.22646792232990265,0.21498222649097443
129,,129,0.9306280612945557,1.0,1.0,0.8792270421981812,0.9516807198524475,0.9394575357437134,0.9275460839271545,0.21498222649097443,0.006939713377505541,,0.005117835942655802,,0.30342480540275574,,0.14582952857017517,,0.18615515530109406,,0.22646792232990265,,
,0.001,130,,,,,,,,,,,,,,,,,,,,,
130,,130,,,,,,,,,,0.005792379844933748,,0.00394835788756609,,0.3153773546218872,,0.1343923956155777,,0.1911548376083374,,0.2286374270915985,0.2172842025756836
130,,130,0.9316403865814209,1.0,1.0,0.8737112879753113,0.9502518773078918,0.9409123659133911,0.9287627935409546,0.2172842025756836,0.005792379844933748,,0.00394835788756609,,0.3153773546218872,,0.1343923956155777,,0.1911548376083374,,0.2286374270915985,,
,0.001,131,,,,,,,,,,,,,,,,,,,,,
131,,131,,,,,,,,,,0.0064635747112333775,,0.005017773248255253,,0.2959056794643402,,0.14209648966789246,,0.18393518030643463,,0.25653380155563354,0.2387387901544571
131,,131,0.9196094274520874,1.0,0.9999999403953552,0.8798882365226746,0.9380918145179749,0.9388637542724609,0.9145260453224182,0.2387387901544571,0.0064635747112333775,,0.005017773248255253,,0.2959056794643402,,0.14209648966789246,,0.18393518030643463,,0.25653380155563354,,
,0.001,132,,,,,,,,,,,,,,,,,,,,,
132,,132,,,,,,,,,,0.005357787944376469,,0.0038661782164126635,,0.27591800689697266,,0.1325097233057022,,0.1799912452697754,,0.22054670751094818,0.20752987265586853
132,,132,0.9322652816772461,1.0,0.9999999403953552,0.8811594247817993,0.9530112147331238,0.940980851650238,0.9288063049316406,0.20752987265586853,0.005357787944376469,,0.0038661782164126635,,0.27591800689697266,,0.1325097233057022,,0.1799912452697754,,0.22054670751094818,,
,0.001,133,,,,,,,,,,,,,,,,,,,,,
133,,133,,,,,,,,,,0.005764171481132507,,0.004532610531896353,,0.2512887120246887,,0.1539812982082367,,0.17429634928703308,,0.2229899913072586,0.21144087612628937
133,,133,0.9293189644813538,1.0,0.9999999403953552,0.8788819909095764,0.9413580298423767,0.940119743347168,0.9267166256904602,0.21144087612628937,0.005764171481132507,,0.004532610531896353,,0.2512887120246887,,0.1539812982082367,,0.17429634928703308,,0.2229899913072586,,
,0.001,134,,,,,,,,,,,,,,,,,,,,,
134,,134,,,,,,,,,,0.006367513909935951,,0.005705467890948057,,0.2831387221813202,,0.13121704757213593,,0.17041295766830444,,0.2119305282831192,0.19962206482887268
134,,134,0.933096170425415,1.0,1.0,0.8911392688751221,0.9553805589675903,0.9423566460609436,0.9293853044509888,0.19962206482887268,0.006367513909935951,,0.005705467890948057,,0.2831387221813202,,0.13121704757213593,,0.17041295766830444,,0.2119305282831192,,
,0.001,135,,,,,,,,,,,,,,,,,,,,,
135,,135,,,,,,,,,,0.005281898658722639,,0.0040907287038862705,,0.27437180280685425,,0.13772258162498474,,0.17823562026023865,,0.22770562767982483,0.21360909938812256
135,,135,0.9316197037696838,1.0,1.0,0.8756476640701294,0.9571955800056458,0.9449188113212585,0.9271240234375,0.21360909938812256,0.005281898658722639,,0.0040907287038862705,,0.27437180280685425,,0.13772258162498474,,0.17823562026023865,,0.22770562767982483,,
,0.001,136,,,,,,,,,,,,,,,,,,,,,
136,,136,,,,,,,,,,0.0067000738345086575,,0.006043283734470606,,0.28658953309059143,,0.13734197616577148,,0.1725006103515625,,0.20493675768375397,0.19597075879573822
136,,136,0.9334309101104736,1.0,1.0,0.8804071545600891,0.9496256113052368,0.9419879913330078,0.9308450222015381,0.19597075879573822,0.0067000738345086575,,0.006043283734470606,,0.28658953309059143,,0.13734197616577148,,0.1725006103515625,,0.20493675768375397,,
,0.001,137,,,,,,,,,,,,,,,,,,,,,
137,,137,,,,,,,,,,0.0061314101330935955,,0.005036788992583752,,0.28407925367355347,,0.12815754115581512,,0.16221168637275696,,0.2153872400522232,0.199874147772789
137,,137,0.9310962557792664,1.0,1.0,0.8788659572601318,0.9558404684066772,0.945040225982666,0.9258935451507568,0.199874147772789,0.0061314101330935955,,0.005036788992583752,,0.28407925367355347,,0.12815754115581512,,0.16221168637275696,,0.2153872400522232,,
,0.001,138,,,,,,,,,,,,,,,,,,,,,
138,,138,,,,,,,,,,0.005241106264293194,,0.003777045989409089,,0.27149704098701477,,0.13775184750556946,,0.1655433624982834,,0.20644037425518036,0.19520528614521027
138,,138,0.9337961673736572,1.0,1.0,0.8729729652404785,0.9525718688964844,0.9451692700386047,0.9302734732627869,0.19520528614521027,0.005241106264293194,,0.003777045989409089,,0.27149704098701477,,0.13775184750556946,,0.1655433624982834,,0.20644037425518036,,
,0.001,139,,,,,,,,,,,,,,,,,,,,,
139,,139,,,,,,,,,,0.0058794887736439705,,0.0048952787183225155,,0.2584519684314728,,0.1188768595457077,,0.15150344371795654,,0.21000532805919647,0.19512982666492462
139,,139,0.9314716458320618,1.0,1.0,0.8868894577026367,0.9546452164649963,0.9480758309364319,0.9265254735946655,0.19512982666492462,0.0058794887736439705,,0.0048952787183225155,,0.2584519684314728,,0.1188768595457077,,0.15150344371795654,,0.21000532805919647,,
,0.001,140,,,,,,,,,,,,,,,,,,,,,
140,,140,,,,,,,,,,0.005740229040384293,,0.004525566473603249,,0.26165154576301575,,0.1333896368741989,,0.1652718186378479,,0.19593171775341034,0.18787743151187897
140,,140,0.9352161288261414,1.0,1.0,0.8781869411468506,0.9557220339775085,0.944084107875824,0.9325284957885742,0.18787743151187897,0.005740229040384293,,0.004525566473603249,,0.26165154576301575,,0.1333896368741989,,0.1652718186378479,,0.19593171775341034,,
,0.001,141,,,,,,,,,,,,,,,,,,,,,
141,,141,,,,,,,,,,0.005735962186008692,,0.004514925181865692,,0.27374267578125,,0.14933644235134125,,0.16104206442832947,,0.19539202749729156,0.18676835298538208
141,,141,0.9355229735374451,1.0,1.0,0.8768472671508789,0.9440298676490784,0.9444542527198792,0.9333458542823792,0.18676835298538208,0.005735962186008692,,0.004514925181865692,,0.27374267578125,,0.14933644235134125,,0.16104206442832947,,0.19539202749729156,,
,0.001,142,,,,,,,,,,,,,,,,,,,,,
142,,142,,,,,,,,,,0.0056761037558317184,,0.004635290242731571,,0.27787402272224426,,0.13539695739746094,,0.14218536019325256,,0.19649553298950195,0.18264253437519073
142,,142,0.9329397678375244,1.0,1.0,0.8835978507995605,0.9458456635475159,0.9479385614395142,0.92829829454422,0.18264253437519073,0.0056761037558317184,,0.004635290242731571,,0.27787402272224426,,0.13539695739746094,,0.14218536019325256,,0.19649553298950195,,
,0.001,143,,,,,,,,,,,,,,,,,,,,,
143,,143,,,,,,,,,,0.004754903260618448,,0.003646165132522583,,0.2504032850265503,,0.13313128054141998,,0.15100480616092682,,0.20045222342014313,0.1872399002313614
143,,143,0.9352093935012817,1.0,1.0,0.8918128609657288,0.9477715492248535,0.9516915082931519,0.9302041530609131,0.1872399002313614,0.004754903260618448,,0.003646165132522583,,0.2504032850265503,,0.13313128054141998,,0.15100480616092682,,0.20045222342014313,,
,0.001,144,,,,,,,,,,,,,,,,,,,,,
144,,144,,,,,,,,,,0.0055512795224785805,,0.0043990714475512505,,0.2478121817111969,,0.12403980642557144,,0.16359414160251617,,0.18879367411136627,0.18042334914207458
144,,144,0.9358459711074829,1.0,1.0,0.9002557396888733,0.9496894478797913,0.9422053098678589,0.9334649443626404,0.18042334914207458,0.0055512795224785805,,0.0043990714475512505,,0.2478121817111969,,0.12403980642557144,,0.16359414160251617,,0.18879367411136627,,
,0.001,145,,,,,,,,,,,,,,,,,,,,,
145,,145,,,,,,,,,,0.005007108207792044,,0.0036729967687278986,,0.24375170469284058,,0.1285223513841629,,0.1629304438829422,,0.18934528529644012,0.1804095208644867
145,,145,0.9365782737731934,1.0,1.0,0.908196747303009,0.951020359992981,0.9439870715141296,0.9334909319877625,0.1804095208644867,0.005007108207792044,,0.0036729967687278986,,0.24375170469284058,,0.1285223513841629,,0.1629304438829422,,0.18934528529644012,,
,0.001,146,,,,,,,,,,,,,,,,,,,,,
146,,146,,,,,,,,,,0.004944833926856518,,0.0037233326584100723,,0.303912490606308,,0.1186031624674797,,0.15203557908535004,,0.17790444195270538,0.17126357555389404
146,,146,0.9391385912895203,1.0,1.0,0.8704819083213806,0.956250011920929,0.9457259178161621,0.937205970287323,0.17126357555389404,0.004944833926856518,,0.0037233326584100723,,0.303912490606308,,0.1186031624674797,,0.15203557908535004,,0.17790444195270538,,
,0.001,147,,,,,,,,,,,,,,,,,,,,,
147,,147,,,,,,,,,,0.004554019309580326,,0.0033115397673100233,,0.27771639823913574,,0.12567418813705444,,0.14589661359786987,,0.17817328870296478,0.17098009586334229
147,,147,0.9376078248023987,1.0,1.0,0.8895183801651001,0.9507829546928406,0.9495598077774048,0.9346773624420166,0.17098009586334229,0.004554019309580326,,0.0033115397673100233,,0.27771639823913574,,0.12567418813705444,,0.14589661359786987,,0.17817328870296478,,
,0.001,148,,,,,,,,,,,,,,,,,,,,,
148,,148,,,,,,,,,,0.004063683096319437,,0.0027299753855913877,,0.26661357283592224,,0.11451169848442078,,0.15598241984844208,,0.1863066405057907,0.17760497331619263
148,,148,0.9371741414070129,1.0,1.0,0.8866855502128601,0.9571823477745056,0.9478393197059631,0.9338329434394836,0.17760497331619263,0.004063683096319437,,0.0027299753855913877,,0.26661357283592224,,0.11451169848442078,,0.15598241984844208,,0.1863066405057907,,
,0.001,149,,,,,,,,,,,,,,,,,,,,,
149,,149,,,,,,,,,,0.004728445317596197,,0.003651293460279703,,0.30113905668258667,,0.11356587707996368,,0.14502651989459991,,0.184414342045784,0.17469976842403412
149,,149,0.9373297691345215,1.0,1.0,0.8823529481887817,0.9564891457557678,0.9485090374946594,0.9339840412139893,0.17469976842403412,0.004728445317596197,,0.003651293460279703,,0.30113905668258667,,0.11356587707996368,,0.14502651989459991,,0.184414342045784,,
,0.001,150,,,,,,,,,,,,,,,,,,,,,
150,,150,,,,,,,,,,0.0038494786713272333,,0.0024961140006780624,,0.26874977350234985,,0.1261848360300064,,0.12943214178085327,,0.17678140103816986,0.1662771850824356
150,,150,0.9396434426307678,1.0,1.0,0.8844884634017944,0.9528619050979614,0.9525592923164368,0.9362388253211975,0.1662771850824356,0.0038494786713272333,,0.0024961140006780624,,0.26874977350234985,,0.1261848360300064,,0.12943214178085327,,0.17678140103816986,,
,0.001,151,,,,,,,,,,,,,,,,,,,,,
151,,151,,,,,,,,,,0.0038302408065646887,,0.002373975934460759,,0.2873980402946472,,0.10604851692914963,,0.13613253831863403,,0.1764441579580307,0.16659747064113617
151,,151,0.9376999735832214,1.0,1.0,0.8818897604942322,0.9579728245735168,0.9492228031158447,0.9342955350875854,0.16659747064113617,0.0038302408065646887,,0.002373975934460759,,0.2873980402946472,,0.10604851692914963,,0.13613253831863403,,0.1764441579580307,,
,0.001,152,,,,,,,,,,,,,,,,,,,,,
152,,152,,,,,,,,,,0.0033617669250816107,,0.0019801578018814325,,0.23766782879829407,,0.1389656513929367,,0.15293629467487335,,0.19253326952457428,0.1820434182882309
152,,152,0.935977578163147,1.0,1.0,0.8964497447013855,0.9526066184043884,0.9472209215164185,0.9322054386138916,0.1820434182882309,0.0033617669250816107,,0.0019801578018814325,,0.23766782879829407,,0.1389656513929367,,0.15293629467487335,,0.19253326952457428,,
,0.001,153,,,,,,,,,,,,,,,,,,,,,
153,,153,,,,,,,,,,0.004310839809477329,,0.002857994055375457,,0.24469093978405,,0.10747972130775452,,0.1402040421962738,,0.17061878740787506,0.1617727279663086
153,,153,0.9400200247764587,1.0,1.0,0.8983050584793091,0.9561403393745422,0.9516432285308838,0.9361701607704163,0.1617727279663086,0.004310839809477329,,0.002857994055375457,,0.24469093978405,,0.10747972130775452,,0.1402040421962738,,0.17061878740787506,,
,0.001,154,,,,,,,,,,,,,,,,,,,,,
154,,154,,,,,,,,,,0.004053828772157431,,0.0024648781400173903,,0.2897197902202606,,0.122090183198452,,0.1359381526708603,,0.17230549454689026,0.1639174520969391
154,,154,0.941373884677887,1.0,0.9999999403953552,0.8757061958312988,0.9478892087936401,0.9544820785522461,0.9384680390357971,0.1639174520969391,0.004053828772157431,,0.0024648781400173903,,0.2897197902202606,,0.122090183198452,,0.1359381526708603,,0.17230549454689026,,
,0.001,155,,,,,,,,,,,,,,,,,,,,,
155,,155,,,,,,,,,,0.0034632247406989336,,0.002122163074091077,,0.3066423833370209,,0.11263999342918396,,0.14781662821769714,,0.17276503145694733,0.165465846657753
155,,155,0.9418347477912903,1.0,0.9999999403953552,0.8596059083938599,0.9562663435935974,0.947870671749115,0.9403000473976135,0.165465846657753,0.0034632247406989336,,0.002122163074091077,,0.3066423833370209,,0.11263999342918396,,0.14781662821769714,,0.17276503145694733,,
,0.001,156,,,,,,,,,,,,,,,,,,,,,
156,,156,,,,,,,,,,0.004755852278321981,,0.0033963178284466267,,0.23059436678886414,,0.12296759337186813,,0.14393572509288788,,0.18603156507015228,0.17574794590473175
156,,156,0.9339141249656677,1.0,1.0,0.8959537148475647,0.9439546465873718,0.9463762640953064,0.9307881593704224,0.17574794590473175,0.004755852278321981,,0.0033963178284466267,,0.23059436678886414,,0.12296759337186813,,0.14393572509288788,,0.18603156507015228,,
,0.001,157,,,,,,,,,,,,,,,,,,,,,
157,,157,,,,,,,,,,0.0037807191256433725,,0.002566572977229953,,0.23535464704036713,,0.11492138355970383,,0.13768400251865387,,0.16259482502937317,0.15600700676441193
157,,157,0.9426664113998413,1.0,0.9999999403953552,0.9017857313156128,0.9510489106178284,0.9513266682624817,0.9404056072235107,0.15600700676441193,0.0037807191256433725,,0.002566572977229953,,0.23535464704036713,,0.11492138355970383,,0.13768400251865387,,0.16259482502937317,,
,0.001,158,,,,,,,,,,,,,,,,,,,,,
158,,158,,,,,,,,,,0.003141589229926467,,0.0018795679789036512,,0.2665728032588959,,0.12110915780067444,,0.1323447972536087,,0.17132598161697388,0.16156156361103058
158,,158,0.9423317909240723,1.0,1.0,0.9028133153915405,0.953342616558075,0.953773558139801,0.938810408115387,0.16156156361103058,0.003141589229926467,,0.0018795679789036512,,0.2665728032588959,,0.12110915780067444,,0.1323447972536087,,0.17132598161697388,,
,0.001,159,,,,,,,,,,,,,,,,,,,,,
159,,159,,,,,,,,,,0.00369437737390399,,0.0025359324645251036,,0.24240581691265106,,0.12048831582069397,,0.13433600962162018,,0.16285039484500885,0.15628057718276978
159,,159,0.939609944820404,1.0,1.0,0.8924731016159058,0.9542136788368225,0.9485981464385986,0.9371124505996704,0.15628057718276978,0.00369437737390399,,0.0025359324645251036,,0.24240581691265106,,0.12048831582069397,,0.13433600962162018,,0.16285039484500885,,
,0.001,160,,,,,,,,,,,,,,,,,,,,,
160,,160,,,,,,,,,,0.0036402170080691576,,0.0021584259811788797,,0.2877468466758728,,0.10130873322486877,,0.12465560436248779,,0.16344957053661346,0.1547740399837494
160,,160,0.9449871778488159,1.0,1.0,0.8840125203132629,0.963810920715332,0.9578323364257812,0.9415960311889648,0.1547740399837494,0.0036402170080691576,,0.0021584259811788797,,0.2877468466758728,,0.10130873322486877,,0.12465560436248779,,0.16344957053661346,,
,0.001,161,,,,,,,,,,,,,,,,,,,,,
161,,161,,,,,,,,,,0.0038425910752266645,,0.0021816398948431015,,0.26194363832473755,,0.10288646817207336,,0.11962597072124481,,0.148482546210289,0.14210498332977295
161,,161,0.9487702250480652,1.0,1.0,0.8888888955116272,0.9616219997406006,0.9575825929641724,0.9466432332992554,0.14210498332977295,0.0038425910752266645,,0.0021816398948431015,,0.26194363832473755,,0.10288646817207336,,0.11962597072124481,,0.148482546210289,,
,0.001,162,,,,,,,,,,,,,,,,,,,,,
162,,162,,,,,,,,,,0.0036828566808253527,,0.002289963187649846,,0.2667272686958313,,0.12079751491546631,,0.12411751598119736,,0.15549740195274353,0.14957869052886963
162,,162,0.944374680519104,1.0,1.0,0.8940568566322327,0.9521673917770386,0.9546428322792053,0.9422470331192017,0.14957869052886963,0.0036828566808253527,,0.002289963187649846,,0.2667272686958313,,0.12079751491546631,,0.12411751598119736,,0.15549740195274353,,
,0.001,163,,,,,,,,,,,,,,,,,,,,,
163,,163,,,,,,,,,,0.0028498058672994375,,0.0016117363702505827,,0.3020000755786896,,0.11190199106931686,,0.13559558987617493,,0.15229466557502747,0.14833267033100128
163,,163,0.9459431171417236,1.0,1.0,0.8746666312217712,0.9548821449279785,0.9536721110343933,0.9442579746246338,0.14833267033100128,0.0028498058672994375,,0.0016117363702505827,,0.3020000755786896,,0.11190199106931686,,0.13559558987617493,,0.15229466557502747,,
,0.001,164,,,,,,,,,,,,,,,,,,,,,
164,,164,,,,,,,,,,0.002811291255056858,,0.0016582574462518096,,0.28489604592323303,,0.09487322717905045,,0.11995556205511093,,0.15091119706630707,0.14430192112922668
164,,164,0.9466598629951477,1.0,1.0,0.8516320586204529,0.9638351798057556,0.9579785466194153,0.9443469643592834,0.14430192112922668,0.002811291255056858,,0.0016582574462518096,,0.28489604592323303,,0.09487322717905045,,0.11995556205511093,,0.15091119706630707,,
,0.001,165,,,,,,,,,,,,,,,,,,,,,
165,,165,,,,,,,,,,0.0032185916788876057,,0.002063184278085828,,0.28064432740211487,,0.11531960964202881,,0.14118780195713043,,0.14457625150680542,0.14361023902893066
165,,165,0.9470710754394531,1.0,0.9999999403953552,0.8712329268455505,0.9546070694923401,0.9496209025382996,0.9468566179275513,0.14361023902893066,0.0032185916788876057,,0.002063184278085828,,0.28064432740211487,,0.11531960964202881,,0.14118780195713043,,0.14457625150680542,,
,0.001,166,,,,,,,,,,,,,,,,,,,,,
166,,166,,,,,,,,,,0.002973779570311308,,0.0017977383686229587,,0.2961992621421814,,0.09457319974899292,,0.12065831571817398,,0.1457555741071701,0.139412060379982
166,,166,0.9494540691375732,1.0,1.0,0.8812500238418579,0.9644351601600647,0.959145188331604,0.9466086626052856,0.139412060379982,0.002973779570311308,,0.0017977383686229587,,0.2961992621421814,,0.09457319974899292,,0.12065831571817398,,0.1457555741071701,,
,0.001,167,,,,,,,,,,,,,,,,,,,,,
167,,167,,,,,,,,,,0.002704060636460781,,0.0015991831896826625,,0.2744021415710449,,0.12043694406747818,,0.11814258992671967,,0.13905534148216248,0.13520073890686035
167,,167,0.9506543874740601,1.0,1.0,0.8876080513000488,0.9538922309875488,0.9575618505477905,0.9493890404701233,0.13520073890686035,0.002704060636460781,,0.0015991831896826625,,0.2744021415710449,,0.12043694406747818,,0.11814258992671967,,0.13905534148216248,,
,0.001,168,,,,,,,,,,,,,,,,,,,,,
168,,168,,,,,,,,,,0.0025366530753672123,,0.001401873305439949,,0.2550472021102905,,0.09475243836641312,,0.10758981853723526,,0.14330925047397614,0.13452477753162384
168,,168,0.9495415687561035,1.0,1.0,0.8953168392181396,0.9636737704277039,0.9587271213531494,0.946690559387207,0.13452477753162384,0.0025366530753672123,,0.001401873305439949,,0.2550472021102905,,0.09475243836641312,,0.10758981853723526,,0.14330925047397614,,
,0.001,169,,,,,,,,,,,,,,,,,,,,,
169,,169,,,,,,,,,,0.002266340423375368,,0.0013018781319260597,,0.2501090466976166,,0.10841381549835205,,0.11715201288461685,,0.14710016548633575,0.13915413618087769
169,,169,0.9484407305717468,1.0,1.0,0.8838383555412292,0.9604557752609253,0.9586216807365417,0.9452486634254456,0.13915413618087769,0.002266340423375368,,0.0013018781319260597,,0.2501090466976166,,0.10841381549835205,,0.11715201288461685,,0.14710016548633575,,
,0.001,170,,,,,,,,,,,,,,,,,,,,,
170,,170,,,,,,,,,,0.0023994247894734144,,0.0014762625796720386,,0.2480042725801468,,0.10319918394088745,,0.11763250827789307,,0.14293508231639862,0.1376870721578598
170,,170,0.9476994276046753,1.0,0.9999999403953552,0.8966408371925354,0.9562554955482483,0.9562056660652161,0.9458587765693665,0.1376870721578598,0.0023994247894734144,,0.0014762625796720386,,0.2480042725801468,,0.10319918394088745,,0.11763250827789307,,0.14293508231639862,,
,0.001,171,,,,,,,,,,,,,,,,,,,,,
171,,171,,,,,,,,,,0.0020996923558413982,,0.0012506910134106874,,0.2838461697101593,,0.08719976991415024,,0.10781751573085785,,0.13660451769828796,0.13110390305519104
171,,171,0.9512075781822205,1.0,1.0,0.8650137782096863,0.9612703323364258,0.9618211984634399,0.9495435953140259,0.13110390305519104,0.0020996923558413982,,0.0012506910134106874,,0.2838461697101593,,0.08719976991415024,,0.10781751573085785,,0.13660451769828796,,
,0.001,172,,,,,,,,,,,,,,,,,,,,,
172,,172,,,,,,,,,,0.002061267616227269,,0.0012861288851127028,,0.24771466851234436,,0.08411813527345657,,0.11193054914474487,,0.13659384846687317,0.1305297613143921
172,,172,0.9509181976318359,1.0,1.0,0.8877284526824951,0.9632304906845093,0.9582077860832214,0.9492229223251343,0.1305297613143921,0.002061267616227269,,0.0012861288851127028,,0.24771466851234436,,0.08411813527345657,,0.11193054914474487,,0.13659384846687317,,
,0.001,173,,,,,,,,,,,,,,,,,,,,,
173,,173,,,,,,,,,,0.002048300579190254,,0.001319854985922575,,0.2329544574022293,,0.11243154108524323,,0.1042560487985611,,0.13738100230693817,0.13061963021755219
173,,173,0.950106680393219,1.0,1.0,0.8958990573883057,0.9481102228164673,0.9614483714103699,0.948021411895752,0.13061963021755219,0.002048300579190254,,0.001319854985922575,,0.2329544574022293,,0.11243154108524323,,0.1042560487985611,,0.13738100230693817,,
,0.001,174,,,,,,,,,,,,,,,,,,,,,
174,,174,,,,,,,,,,0.001823549740947783,,0.0011452535400167108,,0.26328936219215393,,0.10059960931539536,,0.11072681844234467,,0.13093726336956024,0.12690123915672302
174,,174,0.9533529281616211,1.0,1.0,0.8845070004463196,0.9586070775985718,0.960813045501709,0.9520807266235352,0.12690123915672302,0.001823549740947783,,0.0011452535400167108,,0.26328936219215393,,0.10059960931539536,,0.11072681844234467,,0.13093726336956024,,
,0.001,175,,,,,,,,,,,,,,,,,,,,,
175,,175,,,,,,,,,,0.0021644041407853365,,0.0015827171737328172,,0.2683822512626648,,0.10344316810369492,,0.11416491866111755,,0.14404363930225372,0.13631248474121094
175,,175,0.9474742412567139,1.0,0.9999999403953552,0.8888888955116272,0.9590604305267334,0.957302987575531,0.9443154335021973,0.13631248474121094,0.0021644041407853365,,0.0015827171737328172,,0.2683822512626648,,0.10344316810369492,,0.11416491866111755,,0.14404363930225372,,
,0.001,176,,,,,,,,,,,,,,,,,,,,,
176,,176,,,,,,,,,,0.001704074558801949,,0.0010905879316851497,,0.23969852924346924,,0.10029317438602448,,0.10991688072681427,,0.11859914660453796,0.11710844933986664
176,,176,0.9566767811775208,1.0,0.9999999403953552,0.8910614252090454,0.9603615999221802,0.9581236839294434,0.9568692445755005,0.11710844933986664,0.001704074558801949,,0.0010905879316851497,,0.23969852924346924,,0.10029317438602448,,0.10991688072681427,,0.11859914660453796,,
,0.001,177,,,,,,,,,,,,,,,,,,,,,
177,,177,,,,,,,,,,0.0017031225143000484,,0.0010526708792895079,,0.2647245228290558,,0.10524151474237442,,0.10212396085262299,,0.11881164461374283,0.11623052507638931
177,,177,0.9569351077079773,1.0,1.0,0.885286808013916,0.9547014236450195,0.9628055095672607,0.9564491510391235,0.11623052507638931,0.0017031225143000484,,0.0010526708792895079,,0.2647245228290558,,0.10524151474237442,,0.10212396085262299,,0.11881164461374283,,
,0.001,178,,,,,,,,,,,,,,,,,,,,,
178,,178,,,,,,,,,,0.001842707279138267,,0.0011596623808145523,,0.2785296142101288,,0.09419306367635727,,0.10316000878810883,,0.12264008820056915,0.11879716068506241
178,,178,0.9537786245346069,1.0,0.9999999403953552,0.8653295636177063,0.9628252983093262,0.9617888927459717,0.9522283673286438,0.11879716068506241,0.001842707279138267,,0.0011596623808145523,,0.2785296142101288,,0.09419306367635727,,0.10316000878810883,,0.12264008820056915,,
,0.001,179,,,,,,,,,,,,,,,,,,,,,
179,,179,,,,,,,,,,0.001775951823219657,,0.00104606244713068,,0.24354641139507294,,0.09601388871669769,,0.11045164614915848,,0.12117457389831543,0.11888571828603745
179,,179,0.9554414749145508,1.0,1.0,0.8865435719490051,0.9634849429130554,0.9598305821418762,0.9546127319335938,0.11888571828603745,0.001775951823219657,,0.00104606244713068,,0.24354641139507294,,0.09601388871669769,,0.11045164614915848,,0.12117457389831543,,
,0.001,180,,,,,,,,,,,,,,,,,,,,,
180,,180,,,,,,,,,,0.0017893984913825989,,0.0011976086534559727,,0.27987730503082275,,0.09721745550632477,,0.09872753173112869,,0.11984856426715851,0.11639098078012466
180,,180,0.955756664276123,1.0,1.0,0.8793566226959229,0.9643356800079346,0.9641671180725098,0.9541758894920349,0.11639098078012466,0.0017893984913825989,,0.0011976086534559727,,0.27987730503082275,,0.09721745550632477,,0.09872753173112869,,0.11984856426715851,,
,0.001,181,,,,,,,,,,,,,,,,,,,,,
181,,181,,,,,,,,,,0.001579943229444325,,0.0009794883662834764,,0.18782968819141388,,0.0871812030673027,,0.09911008924245834,,0.11383801698684692,0.10963254421949387
181,,181,0.9589905738830566,1.0,1.0,0.9328622221946716,0.9712022542953491,0.9625983834266663,0.9572303295135498,0.10963254421949387,0.001579943229444325,,0.0009794883662834764,,0.18782968819141388,,0.0871812030673027,,0.09911008924245834,,0.11383801698684692,,
,0.001,182,,,,,,,,,,,,,,,,,,,,,
182,,182,,,,,,,,,,0.0013688965700566769,,0.0008175915572792292,,0.26593875885009766,,0.09161698818206787,,0.09817501157522202,,0.12339220196008682,0.11796295642852783
182,,182,0.9550907611846924,1.0,0.9999999403953552,0.8891752362251282,0.9627093076705933,0.962856650352478,0.9532946944236755,0.11796295642852783,0.0013688965700566769,,0.0008175915572792292,,0.26593875885009766,,0.09161698818206787,,0.09817501157522202,,0.12339220196008682,,
,0.001,183,,,,,,,,,,,,,,,,,,,,,
183,,183,,,,,,,,,,0.0016463547945022583,,0.0011392486048862338,,0.2918863594532013,,0.09042095392942429,,0.10026869177818298,,0.11953850835561752,0.11628954112529755
183,,183,0.9541592001914978,1.0,0.9999999403953552,0.8828337788581848,0.9588194489479065,0.96125328540802,0.9530741572380066,0.11628954112529755,0.0016463547945022583,,0.0011392486048862338,,0.2918863594532013,,0.09042095392942429,,0.10026869177818298,,0.11953850835561752,,
,0.001,184,,,,,,,,,,,,,,,,,,,,,
184,,184,,,,,,,,,,0.0015095992712303996,,0.0009840362472459674,,0.24917173385620117,,0.0919404998421669,,0.08665397763252258,,0.11282822489738464,0.10801579058170319
184,,184,0.9585158824920654,1.0,1.0,0.8924731016159058,0.9624829292297363,0.9677852988243103,0.9567209482192993,0.10801579058170319,0.0015095992712303996,,0.0009840362472459674,,0.24917173385620117,,0.0919404998421669,,0.08665397763252258,,0.11282822489738464,,
,0.001,185,,,,,,,,,,,,,,,,,,,,,
185,,185,,,,,,,,,,0.001501148217357695,,0.0010269329650327563,,0.3011786639690399,,0.10770779103040695,,0.09042436629533768,,0.10787766426801682,0.10663645714521408
185,,185,0.9584004282951355,1.0,1.0,0.8579088449478149,0.9550725221633911,0.965299665927887,0.958314836025238,0.10663645714521408,0.001501148217357695,,0.0010269329650327563,,0.3011786639690399,,0.10770779103040695,,0.09042436629533768,,0.10787766426801682,,
,0.001,186,,,,,,,,,,,,,,,,,,,,,
186,,186,,,,,,,,,,0.0012312696781009436,,0.0007599667878821492,,0.30566802620887756,,0.11158028990030289,,0.1007172241806984,,0.11314908415079117,0.11277275532484055
186,,186,0.9582175016403198,1.0,1.0,0.8600583672523499,0.9629629850387573,0.9633671045303345,0.9580705165863037,0.11277275532484055,0.0012312696781009436,,0.0007599667878821492,,0.30566802620887756,,0.11158028990030289,,0.1007172241806984,,0.11314908415079117,,
,0.001,187,,,,,,,,,,,,,,,,,,,,,
187,,187,,,,,,,,,,0.0012655591126531363,,0.0008742299978621304,,0.25819748640060425,,0.07995333522558212,,0.08223906904459,,0.10883975028991699,0.10427799075841904
187,,187,0.9600546956062317,1.0,1.0,0.8743590116500854,0.969648540019989,0.96875,0.9586551785469055,0.10427799075841904,0.0012655591126531363,,0.0008742299978621304,,0.25819748640060425,,0.07995333522558212,,0.08223906904459,,0.10883975028991699,,
,0.001,188,,,,,,,,,,,,,,,,,,,,,
188,,188,,,,,,,,,,0.001061471994034946,,0.0006342949345707893,,0.24907171726226807,,0.10817212611436844,,0.09596028923988342,,0.10661526769399643,0.10577044636011124
188,,188,0.9592328667640686,1.0,1.0,0.8936170339584351,0.957774817943573,0.9628561735153198,0.9591346383094788,0.10577044636011124,0.001061471994034946,,0.0006342949345707893,,0.24907171726226807,,0.10817212611436844,,0.09596028923988342,,0.10661526769399643,,
,0.001,189,,,,,,,,,,,,,,,,,,,,,
189,,189,,,,,,,,,,0.0011637589195743203,,0.0008350919233635068,,0.26635637879371643,,0.09585945308208466,,0.08358204364776611,,0.10092266649007797,0.09936568140983582
189,,189,0.9629111886024475,1.0,1.0,0.884615421295166,0.9612794518470764,0.9703717231750488,0.9623894691467285,0.09936568140983582,0.0011637589195743203,,0.0008350919233635068,,0.26635637879371643,,0.09585945308208466,,0.08358204364776611,,0.10092266649007797,,
,0.001,190,,,,,,,,,,,,,,,,,,,,,
190,,190,,,,,,,,,,0.0011162485461682081,,0.0007495333557017148,,0.29349642992019653,,0.09728390723466873,,0.08249232918024063,,0.1009056344628334,0.09984583407640457
190,,190,0.9627135396003723,1.0,1.0,0.8722358345985413,0.9590561985969543,0.9716094732284546,0.9624249339103699,0.09984583407640457,0.0011162485461682081,,0.0007495333557017148,,0.29349642992019653,,0.09728390723466873,,0.08249232918024063,,0.1009056344628334,,
,0.001,191,,,,,,,,,,,,,,,,,,,,,
191,,191,,,,,,,,,,0.0011629253858700395,,0.0008605928742326796,,0.28571319580078125,,0.08204095810651779,,0.07781057804822922,,0.09512588381767273,0.09364517033100128
191,,191,0.9648467302322388,1.0,1.0,0.8832335472106934,0.9658617973327637,0.9692307710647583,0.9649108052253723,0.09364517033100128,0.0011629253858700395,,0.0008605928742326796,,0.28571319580078125,,0.08204095810651779,,0.07781057804822922,,0.09512588381767273,,
,0.001,192,,,,,,,,,,,,,,,,,,,,,
192,,192,,,,,,,,,,0.0009944260818883777,,0.000687955878674984,,0.26368647813796997,,0.09257104247808456,,0.07310947775840759,,0.09773900359869003,0.09406661987304688
192,,192,0.9639595150947571,1.0,1.0,0.8861538171768188,0.9616385102272034,0.9727926254272461,0.9627267718315125,0.09406661987304688,0.0009944260818883777,,0.000687955878674984,,0.26368647813796997,,0.09257104247808456,,0.07310947775840759,,0.09773900359869003,,
,0.001,193,,,,,,,,,,,,,,,,,,,,,
193,,193,,,,,,,,,,0.0010211020708084106,,0.0007379181915894151,,0.2809116840362549,,0.09615712612867355,,0.08028069883584976,,0.09127134829759598,0.09154055267572403
193,,193,0.964591920375824,1.0,1.0,0.8767123222351074,0.9568197727203369,0.9696333408355713,0.9651637077331543,0.09154055267572403,0.0010211020708084106,,0.0007379181915894151,,0.2809116840362549,,0.09615712612867355,,0.08028069883584976,,0.09127134829759598,,
,0.001,194,,,,,,,,,,,,,,,,,,,,,
194,,194,,,,,,,,,,0.0009689403814263642,,0.0007940991781651974,,0.2485772967338562,,0.08224497735500336,,0.07500861585140228,,0.09989164024591446,0.09527906775474548
194,,194,0.962700605392456,1.0,0.9999999403953552,0.8899083137512207,0.9688473343849182,0.9717252254486084,0.9607192277908325,0.09527906775474548,0.0009689403814263642,,0.0007940991781651974,,0.2485772967338562,,0.08224497735500336,,0.07500861585140228,,0.09989164024591446,,
,0.001,195,,,,,,,,,,,,,,,,,,,,,
195,,195,,,,,,,,,,0.0008484101272188127,,0.000681213045027107,,0.24007053673267365,,0.08777670562267303,,0.07098556309938431,,0.08096654713153839,0.08082716166973114
195,,195,0.9685056209564209,1.0,1.0,0.9034852981567383,0.9645522236824036,0.9723765850067139,0.9685658812522888,0.08082716166973114,0.0008484101272188127,,0.000681213045027107,,0.24007053673267365,,0.08777670562267303,,0.07098556309938431,,0.08096654713153839,,
,0.001,196,,,,,,,,,,,,,,,,,,,,,
196,,196,,,,,,,,,,0.0007655074005015194,,0.0005867118015885353,,0.30316808819770813,,0.09776660799980164,,0.0760267972946167,,0.07951071113348007,0.081586554646492
196,,196,0.9684048295021057,1.0,1.0,0.881619930267334,0.9595885276794434,0.9708326458930969,0.969297468662262,0.081586554646492,0.0007655074005015194,,0.0005867118015885353,,0.30316808819770813,,0.09776660799980164,,0.0760267972946167,,0.07951071113348007,,
,0.001,197,,,,,,,,,,,,,,,,,,,,,
197,,197,,,,,,,,,,0.000834117061458528,,0.0007293855887837708,,0.2504419982433319,,0.07332909852266312,,0.07305330783128738,,0.09261761605739594,0.08935023844242096
197,,197,0.9644947648048401,1.0,1.0,0.8973606824874878,0.9688149690628052,0.9724025726318359,0.9629991054534912,0.08935023844242096,0.000834117061458528,,0.0007293855887837708,,0.2504419982433319,,0.07332909852266312,,0.07305330783128738,,0.09261761605739594,,
,0.001,198,,,,,,,,,,,,,,,,,,,,,
198,,198,,,,,,,,,,0.0007189311436377466,,0.000555188104044646,,0.27571946382522583,,0.07277102023363113,,0.07700850069522858,,0.0824899971485138,0.08298776298761368
198,,198,0.9680837988853455,1.0,1.0,0.8793566226959229,0.9694767594337463,0.9701492786407471,0.9686841368675232,0.08298776298761368,0.0007189311436377466,,0.000555188104044646,,0.27571946382522583,,0.07277102023363113,,0.07700850069522858,,0.0824899971485138,,
,0.001,199,,,,,,,,,,,,,,,,,,,,,
199,,199,,,,,,,,,,0.0008386432309634984,,0.000816083513200283,,0.2571546733379364,,0.08618442714214325,,0.06911419332027435,,0.08989201486110687,0.08749917894601822
199,,199,0.9647258520126343,1.0,0.9999999403953552,0.8882681131362915,0.9677419662475586,0.9728213548660278,0.9635834693908691,0.08749917894601822,0.0008386432309634984,,0.000816083513200283,,0.2571546733379364,,0.08618442714214325,,0.06911419332027435,,0.08989201486110687,,
,0.001,200,,,,,,,,,,,,,,,,,,,,,
200,,200,,,,,,,,,,0.0007551440503448248,,0.0006956253200769424,,0.24076366424560547,,0.08341008424758911,,0.07055217027664185,,0.09343156218528748,0.08992525935173035
200,,200,0.9644448757171631,1.0,0.9999999403953552,0.8955223560333252,0.9654178619384766,0.9737141132354736,0.9628836512565613,0.08992525935173035,0.0007551440503448248,,0.0006956253200769424,,0.24076366424560547,,0.08341008424758911,,0.07055217027664185,,0.09343156218528748,,
,0.001,201,,,,,,,,,,,,,,,,,,,,,
201,,201,,,,,,,,,,0.000777776469476521,,0.0007419993635267019,,0.25167280435562134,,0.07540947198867798,,0.06986828148365021,,0.07505841553211212,0.07600919157266617
201,,201,0.970831036567688,1.0,0.9999999403953552,0.877237856388092,0.9676923155784607,0.9726879000663757,0.9718304872512817,0.07600919157266617,0.000777776469476521,,0.0007419993635267019,,0.25167280435562134,,0.07540947198867798,,0.06986828148365021,,0.07505841553211212,,
,0.001,202,,,,,,,,,,,,,,,,,,,,,
202,,202,,,,,,,,,,0.0007030876004137099,,0.0005578746204264462,,0.2680744230747223,,0.06523538380861282,,0.07049059122800827,,0.08954913169145584,0.0866212397813797
202,,202,0.9664243459701538,1.0,1.0,0.881136953830719,0.9722846746444702,0.9723875522613525,0.9657699465751648,0.0866212397813797,0.0007030876004137099,,0.0005578746204264462,,0.2680744230747223,,0.06523538380861282,,0.07049059122800827,,0.08954913169145584,,
,0.001,203,,,,,,,,,,,,,,,,,,,,,
203,,203,,,,,,,,,,0.0007208371534943581,,0.0006042772438377142,,0.2627802789211273,,0.0755714625120163,,0.0553610697388649,,0.08766710758209229,0.08208442479372025
203,,203,0.9679512977600098,1.0,1.0,0.8837209343910217,0.9685245752334595,0.9785414934158325,0.966103196144104,0.08208442479372025,0.0007208371534943581,,0.0006042772438377142,,0.2627802789211273,,0.0755714625120163,,0.0553610697388649,,0.08766710758209229,,
,0.001,204,,,,,,,,,,,,,,,,,,,,,
204,,204,,,,,,,,,,0.0007446615491062403,,0.0006822813302278519,,0.2537972331047058,,0.07116344571113586,,0.06221902370452881,,0.08248207718133926,0.07978396117687225
204,,204,0.9691488742828369,1.0,1.0,0.8925619721412659,0.9740506410598755,0.9764893054962158,0.9680043458938599,0.07978396117687225,0.0007446615491062403,,0.0006822813302278519,,0.2537972331047058,,0.07116344571113586,,0.06221902370452881,,0.08248207718133926,,
,0.001,205,,,,,,,,,,,,,,,,,,,,,
205,,205,,,,,,,,,,0.0006821212591603398,,0.0006014238460920751,,0.24129541218280792,,0.07964419573545456,,0.06181640177965164,,0.07671310752630234,0.07541819661855698
205,,205,0.9706692695617676,1.0,0.9999999403953552,0.9047619104385376,0.9659090638160706,0.9753527045249939,0.9705394506454468,0.07541819661855698,0.0006821212591603398,,0.0006014238460920751,,0.24129541218280792,,0.07964419573545456,,0.06181640177965164,,0.07671310752630234,,
,0.001,206,,,,,,,,,,,,,,,,,,,,,
206,,206,,,,,,,,,,0.0006375664379447699,,0.0005251858965493739,,0.25138095021247864,,0.07941771298646927,,0.06672590225934982,,0.07973816245794296,0.07872078567743301
206,,206,0.9685433506965637,1.0,1.0,0.8934168815612793,0.9659968614578247,0.9746922254562378,0.9679999947547913,0.07872078567743301,0.0006375664379447699,,0.0005251858965493739,,0.25138095021247864,,0.07941771298646927,,0.06672590225934982,,0.07973816245794296,,
,0.001,207,,,,,,,,,,,,,,,,,,,,,
207,,207,,,,,,,,,,0.0008075552177615464,,0.0009097559959627688,,0.27920234203338623,,0.08591004461050034,,0.07471293210983276,,0.0749678909778595,0.07790005952119827
207,,207,0.9682830572128296,1.0,1.0,0.8715846538543701,0.9651711583137512,0.9691728353500366,0.9698442816734314,0.07790005952119827,0.0008075552177615464,,0.0009097559959627688,,0.27920234203338623,,0.08591004461050034,,0.07471293210983276,,0.0749678909778595,,
,0.001,208,,,,,,,,,,,,,,,,,,,,,
208,,208,,,,,,,,,,0.0006393534131348133,,0.0005898304516449571,,0.28284573554992676,,0.07876206189393997,,0.0627005472779274,,0.0725734755396843,0.07331503182649612
208,,208,0.97072833776474,1.0,1.0,0.8689839839935303,0.9685577154159546,0.9762207269668579,0.9710168242454529,0.07331503182649612,0.0006393534131348133,,0.0005898304516449571,,0.28284573554992676,,0.07876206189393997,,0.0627005472779274,,0.0725734755396843,,
,0.001,209,,,,,,,,,,,,,,,,,,,,,
209,,209,,,,,,,,,,0.0006530536338686943,,0.0005835346528328955,,0.24370692670345306,,0.08177368342876434,,0.05823826417326927,,0.06899202615022659,0.06940270960330963
209,,209,0.9724358916282654,1.0,1.0,0.8977273106575012,0.9628483057022095,0.9773699641227722,0.9728573560714722,0.06940270960330963,0.0006530536338686943,,0.0005835346528328955,,0.24370692670345306,,0.08177368342876434,,0.05823826417326927,,0.06899202615022659,,
,0.001,210,,,,,,,,,,,,,,,,,,,,,
210,,210,,,,,,,,,,0.000681883015204221,,0.0006203780649229884,,0.2498832792043686,,0.0793517529964447,,0.06301986426115036,,0.07001877576112747,0.07091774791479111
210,,210,0.9720013737678528,1.0,1.0,0.8832335472106934,0.9618374109268188,0.9754734039306641,0.972994327545166,0.07091774791479111,0.000681883015204221,,0.0006203780649229884,,0.2498832792043686,,0.0793517529964447,,0.06301986426115036,,0.07001877576112747,,
,0.001,211,,,,,,,,,,,,,,,,,,,,,
211,,211,,,,,,,,,,0.0006169561529532075,,0.000542402034625411,,0.2762363851070404,,0.07297053188085556,,0.06390011310577393,,0.07593514025211334,0.07547204196453094
211,,211,0.9695386290550232,1.0,1.0,0.8660968542098999,0.9696520566940308,0.9755566716194153,0.9693918824195862,0.07547204196453094,0.0006169561529532075,,0.000542402034625411,,0.2762363851070404,,0.07297053188085556,,0.06390011310577393,,0.07593514025211334,,
,0.001,212,,,,,,,,,,,,,,,,,,,,,
212,,212,,,,,,,,,,0.0008896207436919212,,0.0012668634299188852,,0.266193687915802,,0.08892560750246048,,0.06096808239817619,,0.08690107613801956,0.08348480612039566
212,,212,0.9663704037666321,1.0,1.0,0.8708708882331848,0.9571149945259094,0.9770039319992065,0.9653662443161011,0.08348480612039566,0.0008896207436919212,,0.0012668634299188852,,0.266193687915802,,0.08892560750246048,,0.06096808239817619,,0.08690107613801956,,
,0.001,213,,,,,,,,,,,,,,,,,,,,,
213,,213,,,,,,,,,,0.000717025191988796,,0.0007096689660102129,,0.2411695122718811,,0.07953649759292603,,0.06057412922382355,,0.06465847790241241,0.06642556190490723
213,,213,0.9745628237724304,1.0,1.0,0.8981481790542603,0.9638553857803345,0.9774585962295532,0.9756007194519043,0.06642556190490723,0.000717025191988796,,0.0007096689660102129,,0.2411695122718811,,0.07953649759292603,,0.06057412922382355,,0.06465847790241241,,
,0.001,214,,,,,,,,,,,,,,,,,,,,,
214,,214,,,,,,,,,,0.0005667987279593945,,0.0004845588409807533,,0.23827841877937317,,0.08479814976453781,,0.059285592287778854,,0.07752565294504166,0.0761113315820694
214,,214,0.9702375531196594,1.0,1.0,0.8969072103500366,0.9634888172149658,0.9769864082336426,0.9700198173522949,0.0761113315820694,0.0005667987279593945,,0.0004845588409807533,,0.23827841877937317,,0.08479814976453781,,0.059285592287778854,,0.07752565294504166,,
,0.001,215,,,,,,,,,,,,,,,,,,,,,
215,,215,,,,,,,,,,0.000679500459227711,,0.0008657510625198483,,0.2572997212409973,,0.08440464735031128,,0.06466128677129745,,0.07040166109800339,0.07235735654830933
215,,215,0.972217321395874,1.0,1.0,0.8848167657852173,0.9637500047683716,0.9736737608909607,0.9738976955413818,0.07235735654830933,0.000679500459227711,,0.0008657510625198483,,0.2572997212409973,,0.08440464735031128,,0.06466128677129745,,0.07040166109800339,,
,0.001,216,,,,,,,,,,,,,,,,,,,,,
216,,216,,,,,,,,,,0.0007239343249239028,,0.0010646185837686062,,0.2613905668258667,,0.07619649916887283,,0.0606837198138237,,0.07072101533412933,0.07087591290473938
216,,216,0.9720511436462402,1.0,0.9999999403953552,0.8842975497245789,0.9697884917259216,0.9761790037155151,0.9722756743431091,0.07087591290473938,0.0007239343249239028,,0.0010646185837686062,,0.2613905668258667,,0.07619649916887283,,0.0606837198138237,,0.07072101533412933,,
,0.001,217,,,,,,,,,,,,,,,,,,,,,
217,,217,,,,,,,,,,0.0006119524477981031,,0.0006757863448001444,,0.27526289224624634,,0.06590822339057922,,0.06074187904596329,,0.06756515055894852,0.06836768984794617
217,,217,0.9735521078109741,1.0,1.0,0.8704662919044495,0.9718033075332642,0.9766063690185547,0.9743750095367432,0.06836768984794617,0.0006119524477981031,,0.0006757863448001444,,0.27526289224624634,,0.06590822339057922,,0.06074187904596329,,0.06756515055894852,,
,0.001,218,,,,,,,,,,,,,,,,,,,,,
218,,218,,,,,,,,,,0.000598251644987613,,0.0006051498930901289,,0.2091192752122879,,0.07508169859647751,,0.0521482490003109,,0.06158832088112831,0.0619664303958416
218,,218,0.9764871597290039,1.0,1.0,0.9101123809814453,0.9706257581710815,0.979914128780365,0.9769151210784912,0.0619664303958416,0.000598251644987613,,0.0006051498930901289,,0.2091192752122879,,0.07508169859647751,,0.0521482490003109,,0.06158832088112831,,
,0.001,219,,,,,,,,,,,,,,,,,,,,,
219,,219,,,,,,,,,,0.0005895545473322272,,0.0007366518257185817,,0.25749778747558594,,0.07517834007740021,,0.04830356687307358,,0.06117010861635208,0.061767853796482086
219,,219,0.9758574366569519,1.0,1.0,0.8836104869842529,0.9703440070152283,0.9802157878875732,0.9766038656234741,0.061767853796482086,0.0005895545473322272,,0.0007366518257185817,,0.25749778747558594,,0.07517834007740021,,0.04830356687307358,,0.06117010861635208,,
,0.001,220,,,,,,,,,,,,,,,,,,,,,
220,,220,,,,,,,,,,0.0005247407825663686,,0.0005701835034415126,,0.22542549669742584,,0.06920704990625381,,0.04885302484035492,,0.05659647285938263,0.05718112364411354
220,,220,0.9773998856544495,1.0,1.0,0.8982036113739014,0.9677419066429138,0.981185257434845,0.9779891967773438,0.05718112364411354,0.0005247407825663686,,0.0005701835034415126,,0.22542549669742584,,0.06920704990625381,,0.04885302484035492,,0.05659647285938263,,
,0.001,221,,,,,,,,,,,,,,,,,,,,,
221,,221,,,,,,,,,,0.0004681444843299687,,0.0004802532203029841,,0.28598588705062866,,0.07463184744119644,,0.045343246310949326,,0.05631142854690552,0.057187020778656006
221,,221,0.977592408657074,1.0,1.0,0.8698412775993347,0.9668616056442261,0.982181191444397,0.9784563183784485,0.057187020778656006,0.0004681444843299687,,0.0004802532203029841,,0.28598588705062866,,0.07463184744119644,,0.045343246310949326,,0.05631142854690552,,
,0.001,222,,,,,,,,,,,,,,,,,,,,,
222,,222,,,,,,,,,,0.0005038899253122509,,0.0005274256109260023,,0.22490033507347107,,0.07356446236371994,,0.04314293712377548,,0.05931904911994934,0.05862725153565407
222,,222,0.9766895174980164,1.0,1.0,0.9023746848106384,0.967391312122345,0.9838171601295471,0.976498007774353,0.05862725153565407,0.0005038899253122509,,0.0005274256109260023,,0.22490033507347107,,0.07356446236371994,,0.04314293712377548,,0.05931904911994934,,
,0.001,223,,,,,,,,,,,,,,,,,,,,,
223,,223,,,,,,,,,,0.0005046047735959291,,0.0006138943135738373,,0.250044584274292,,0.07414840906858444,,0.051450323313474655,,0.05601870268583298,0.05816741660237312
223,,223,0.9771785736083984,1.0,1.0,0.885026752948761,0.9678865075111389,0.9792034029960632,0.9786505699157715,0.05816741660237312,0.0005046047735959291,,0.0006138943135738373,,0.250044584274292,,0.07414840906858444,,0.051450323313474655,,0.05601870268583298,,
,0.001,224,,,,,,,,,,,,,,,,,,,,,
224,,224,,,,,,,,,,0.00047803416964598,,0.000485468830447644,,0.2319156676530838,,0.07466538995504379,,0.04856570437550545,,0.0503578707575798,0.053060371428728104
224,,224,0.9792816042900085,1.0,1.0,0.8915989398956299,0.9686304330825806,0.9802083373069763,0.9809582233428955,0.053060371428728104,0.00047803416964598,,0.000485468830447644,,0.2319156676530838,,0.07466538995504379,,0.04856570437550545,,0.0503578707575798,,
,0.001,225,,,,,,,,,,,,,,,,,,,,,
225,,225,,,,,,,,,,0.00047017011092975736,,0.0005413228645920753,,0.3060320317745209,,0.07413563132286072,,0.04406442865729332,,0.054261352866888046,0.05533834174275398
225,,225,0.9780177474021912,1.0,1.0,0.8639053106307983,0.9704433083534241,0.9827110767364502,0.978586733341217,0.05533834174275398,0.00047017011092975736,,0.0005413228645920753,,0.3060320317745209,,0.07413563132286072,,0.04406442865729332,,0.054261352866888046,,
,0.001,226,,,,,,,,,,,,,,,,,,,,,
226,,226,,,,,,,,,,0.0004349001101218164,,0.0005122355069033802,,0.25988006591796875,,0.06887487322092056,,0.04584440216422081,,0.04832704737782478,0.05096046254038811
226,,226,0.9792605638504028,1.0,1.0,0.8720930218696594,0.970930278301239,0.980967104434967,0.9808095097541809,0.05096046254038811,0.0004349001101218164,,0.0005122355069033802,,0.25988006591796875,,0.06887487322092056,,0.04584440216422081,,0.04832704737782478,,
,0.001,227,,,,,,,,,,,,,,,,,,,,,
227,,227,,,,,,,,,,0.00040892345714382827,,0.0004718769050668925,,0.22989921271800995,,0.07747766375541687,,0.05413176119327545,,0.04649089276790619,0.05077718198299408
227,,227,0.9797874093055725,1.0,1.0,0.9036144018173218,0.9685341119766235,0.9778341054916382,0.9817144274711609,0.05077718198299408,0.00040892345714382827,,0.0004718769050668925,,0.22989921271800995,,0.07747766375541687,,0.05413176119327545,,0.04649089276790619,,
,0.001,228,,,,,,,,,,,,,,,,,,,,,
228,,228,,,,,,,,,,0.000440262199845165,,0.00045988414785824716,,0.2704753875732422,,0.07353607565164566,,0.04937860742211342,,0.053579796105623245,0.05598732829093933
228,,228,0.9769648909568787,1.0,1.0,0.8728813529014587,0.9692637920379639,0.980194628238678,0.9780969023704529,0.05598732829093933,0.000440262199845165,,0.00045988414785824716,,0.2704753875732422,,0.07353607565164566,,0.04937860742211342,,0.053579796105623245,,
,0.001,229,,,,,,,,,,,,,,,,,,,,,
229,,229,,,,,,,,,,0.00041559641249477863,,0.0004654098302125931,,0.24978764355182648,,0.05315043032169342,,0.044733066111803055,,0.04736187309026718,0.04948630928993225
229,,229,0.9803788065910339,1.0,1.0,0.8863636255264282,0.9768707752227783,0.9824131727218628,0.9815724492073059,0.04948630928993225,0.00041559641249477863,,0.0004654098302125931,,0.24978764355182648,,0.05315043032169342,,0.044733066111803055,,0.04736187309026718,,
,0.001,230,,,,,,,,,,,,,,,,,,,,,
230,,230,,,,,,,,,,0.00040904260822571814,,0.0004471487191040069,,0.22091573476791382,,0.07084068655967712,,0.04077738896012306,,0.04137502238154411,0.04483950138092041
230,,230,0.981968104839325,1.0,1.0,0.9051724076271057,0.9723964929580688,0.982758641242981,0.9836043119430542,0.04483950138092041,0.00040904260822571814,,0.0004471487191040069,,0.22091573476791382,,0.07084068655967712,,0.04077738896012306,,0.04137502238154411,,
,0.001,231,,,,,,,,,,,,,,,,,,,,,
231,,231,,,,,,,,,,0.00039450492477044463,,0.0004364660708233714,,0.24047423899173737,,0.0726601779460907,,0.04858926311135292,,0.046406444162130356,0.04989392310380936
231,,231,0.9791117906570435,1.0,1.0,0.902515709400177,0.964385449886322,0.9795663952827454,0.9808831810951233,0.04989392310380936,0.00039450492477044463,,0.0004364660708233714,,0.24047423899173737,,0.0726601779460907,,0.04858926311135292,,0.046406444162130356,,
,0.001,232,,,,,,,,,,,,,,,,,,,,,
232,,232,,,,,,,,,,0.0003123987407889217,,0.0002496748638805002,,0.273507297039032,,0.08245152980089188,,0.05149505287408829,,0.04371374472975731,0.0490775927901268
232,,232,0.9808876514434814,1.0,1.0,0.8852458596229553,0.9683074951171875,0.9807692170143127,0.9829305410385132,0.0490775927901268,0.0003123987407889217,,0.0002496748638805002,,0.273507297039032,,0.08245152980089188,,0.05149505287408829,,0.04371374472975731,,
,0.001,233,,,,,,,,,,,,,,,,,,,,,
233,,233,,,,,,,,,,0.0003856868715956807,,0.0004471552965696901,,0.25929510593414307,,0.06504224985837936,,0.041350945830345154,,0.05852258950471878,0.057529035955667496
233,,233,0.9771668314933777,1.0,1.0,0.8801089525222778,0.9703448414802551,0.9830342531204224,0.9774913787841797,0.057529035955667496,0.0003856868715956807,,0.0004471552965696901,,0.25929510593414307,,0.06504224985837936,,0.041350945830345154,,0.05852258950471878,,
,0.001,234,,,,,,,,,,,,,,,,,,,,,
234,,234,,,,,,,,,,0.00035744477645494044,,0.0003347514139022678,,0.28904733061790466,,0.06439564377069473,,0.04033852741122246,,0.0623164139688015,0.06120844557881355
234,,234,0.9757851362228394,1.0,1.0,0.8728606700897217,0.9702457785606384,0.9815983176231384,0.9763587713241577,0.06120844557881355,0.00035744477645494044,,0.0003347514139022678,,0.28904733061790466,,0.06439564377069473,,0.04033852741122246,,0.0623164139688015,,
,0.001,235,,,,,,,,,,,,,,,,,,,,,
235,,235,,,,,,,,,,0.0004522969538811594,,0.0005733697907999158,,0.25112706422805786,,0.08970911800861359,,0.03998039662837982,,0.04452992603182793,0.048403747379779816
235,,235,0.9807905554771423,1.0,0.9999999403953552,0.8835978507995605,0.9652339220046997,0.984642505645752,0.9824193716049194,0.048403747379779816,0.0004522969538811594,,0.0005733697907999158,,0.25112706422805786,,0.08970911800861359,,0.03998039662837982,,0.04452992603182793,,
,0.001,236,,,,,,,,,,,,,,,,,,,,,
236,,236,,,,,,,,,,0.0004907834227196872,,0.0006679134094156325,,0.24636679887771606,,0.06873932480812073,,0.04511478543281555,,0.05077142268419266,0.05264906585216522
236,,236,0.9790000915527344,1.0,0.9999999403953552,0.8911764621734619,0.9709543585777283,0.9841766357421875,0.9795299172401428,0.05264906585216522,0.0004907834227196872,,0.0006679134094156325,,0.24636679887771606,,0.06873932480812073,,0.04511478543281555,,0.05077142268419266,,
,0.001,237,,,,,,,,,,,,,,,,,,,,,
237,,237,,,,,,,,,,0.0004060635983478278,,0.0004598044615704566,,0.25346869230270386,,0.07246502488851547,,0.04316923767328262,,0.043770208954811096,0.04704388976097107
237,,237,0.9804668426513672,1.0,1.0,0.873900294303894,0.9667896628379822,0.9821689128875732,0.9822935461997986,0.04704388976097107,0.0004060635983478278,,0.0004598044615704566,,0.25346869230270386,,0.07246502488851547,,0.04316923767328262,,0.043770208954811096,,
,0.001,238,,,,,,,,,,,,,,,,,,,,,
238,,238,,,,,,,,,,0.0003723404952324927,,0.00042132791713811457,,0.2666059732437134,,0.06518300622701645,,0.044918280094861984,,0.04662128537893295,0.04959425330162048
238,,238,0.9795502424240112,1.0,1.0,0.8836565017700195,0.9745762944221497,0.9813191294670105,0.9808220267295837,0.04959425330162048,0.0003723404952324927,,0.00042132791713811457,,0.2666059732437134,,0.06518300622701645,,0.044918280094861984,,0.04662128537893295,,
,0.001,239,,,,,,,,,,,,,,,,,,,,,
239,,239,,,,,,,,,,0.0003937899600714445,,0.0004830518155358732,,0.2205260843038559,,0.06594427675008774,,0.03863859549164772,,0.044408418238162994,0.04632994905114174
239,,239,0.980148196220398,1.0,1.0,0.885558545589447,0.9708672165870667,0.9838573932647705,0.9812566637992859,0.04632994905114174,0.0003937899600714445,,0.0004830518155358732,,0.2205260843038559,,0.06594427675008774,,0.03863859549164772,,0.044408418238162994,,
,0.001,240,,,,,,,,,,,,,,,,,,,,,
240,,240,,,,,,,,,,0.0003987947420682758,,0.00045240329927764833,,0.2392846941947937,,0.07338967174291611,,0.043074145913124084,,0.03734008967876434,0.04193175584077835
240,,240,0.9828829169273376,1.0,1.0,0.8985915184020996,0.9646018147468567,0.9813689589500427,0.9853304624557495,0.04193175584077835,0.0003987947420682758,,0.00045240329927764833,,0.2392846941947937,,0.07338967174291611,,0.043074145913124084,,0.03734008967876434,,
,0.001,241,,,,,,,,,,,,,,,,,,,,,
241,,241,,,,,,,,,,0.00037853704998269677,,0.00044577461085282266,,0.30597880482673645,,0.052595868706703186,,0.044205617159605026,,0.038167983293533325,0.04329709708690643
241,,241,0.9825019836425781,1.0,0.9999999403953552,0.8682795763015747,0.9745529890060425,0.9829932451248169,0.9847486615180969,0.04329709708690643,0.00037853704998269677,,0.00044577461085282266,,0.30597880482673645,,0.052595868706703186,,0.044205617159605026,,0.038167983293533325,,
,0.001,242,,,,,,,,,,,,,,,,,,,,,
242,,242,,,,,,,,,,0.0003691230376716703,,0.000455573812359944,,0.27678197622299194,,0.06441324204206467,,0.03874142840504646,,0.03556034341454506,0.04045582190155983
242,,242,0.9837899804115295,1.0,1.0,0.8700565099716187,0.9733606576919556,0.9846888780593872,0.986060380935669,0.04045582190155983,0.0003691230376716703,,0.000455573812359944,,0.27678197622299194,,0.06441324204206467,,0.03874142840504646,,0.03556034341454506,,
,0.001,243,,,,,,,,,,,,,,,,,,,,,
243,,243,,,,,,,,,,0.0004029654082842171,,0.000561413646209985,,0.21449680626392365,,0.05827838554978371,,0.03723200038075447,,0.04232870042324066,0.04404246062040329
243,,243,0.9817166328430176,1.0,1.0,0.9030470848083496,0.9778933525085449,0.9832189679145813,0.9826948642730713,0.04404246062040329,0.0004029654082842171,,0.000561413646209985,,0.21449680626392365,,0.05827838554978371,,0.03723200038075447,,0.04232870042324066,,
,0.001,244,,,,,,,,,,,,,,,,,,,,,
244,,244,,,,,,,,,,0.00034397884155623615,,0.0004139133670832962,,0.24932388961315155,,0.07010893523693085,,0.036222029477357864,,0.041150372475385666,0.04410961642861366
244,,244,0.9816727638244629,1.0,1.0,0.8853332996368408,0.9683744311332703,0.9851599931716919,0.983201265335083,0.04410961642861366,0.00034397884155623615,,0.0004139133670832962,,0.24932388961315155,,0.07010893523693085,,0.036222029477357864,,0.041150372475385666,,
,0.001,245,,,,,,,,,,,,,,,,,,,,,
245,,245,,,,,,,,,,0.0003311085747554898,,0.0004083242965862155,,0.2516685724258423,,0.05869213491678238,,0.03330756723880768,,0.03793608024716377,0.040378130972385406
245,,245,0.9830379486083984,1.0,1.0,0.899470865726471,0.9763992428779602,0.9859455823898315,0.9839271306991577,0.040378130972385406,0.0003311085747554898,,0.0004083242965862155,,0.2516685724258423,,0.05869213491678238,,0.03330756723880768,,0.03793608024716377,,
,0.001,246,,,,,,,,,,,,,,,,,,,,,
246,,246,,,,,,,,,,0.0003551805857568979,,0.0005649077938869596,,0.2744237780570984,,0.056344546377658844,,0.033978741616010666,,0.041613079607486725,0.04326998442411423
246,,246,0.9819086194038391,1.0,1.0,0.8811594247817993,0.9789555668830872,0.986085832118988,0.9824293851852417,0.04326998442411423,0.0003551805857568979,,0.0005649077938869596,,0.2744237780570984,,0.056344546377658844,,0.033978741616010666,,0.041613079607486725,,
,0.001,247,,,,,,,,,,,,,,,,,,,,,
247,,247,,,,,,,,,,0.00032145579461939633,,0.0004126887652091682,,0.24599997699260712,,0.06732834875583649,,0.03886996582150459,,0.03726823255419731,0.041739679872989655
247,,247,0.9833905696868896,1.0,0.9999999403953552,0.8902148604393005,0.9706799387931824,0.9847058653831482,0.9855121970176697,0.041739679872989655,0.00032145579461939633,,0.0004126887652091682,,0.24599997699260712,,0.06732834875583649,,0.03886996582150459,,0.03726823255419731,,
,0.001,248,,,,,,,,,,,,,,,,,,,,,
248,,248,,,,,,,,,,0.0003071551618631929,,0.0003936024149879813,,0.2567727565765381,,0.07190736383199692,,0.03083980083465576,,0.03770853951573372,0.040865715593099594
248,,248,0.9826004505157471,1.0,1.0,0.8811880946159363,0.9663259387016296,0.9868762493133545,0.9843780398368835,0.040865715593099594,0.0003071551618631929,,0.0003936024149879813,,0.2567727565765381,,0.07190736383199692,,0.03083980083465576,,0.03770853951573372,,
,0.001,249,,,,,,,,,,,,,,,,,,,,,
249,,249,,,,,,,,,,0.000266278104390949,,0.0003106493968516588,,0.23151420056819916,,0.07544019818305969,,0.03511802479624748,,0.03711584582924843,0.040372274816036224
249,,249,0.9830659627914429,1.0,1.0,0.8904109597206116,0.9736229777336121,0.9847542643547058,0.9844444990158081,0.040372274816036224,0.000266278104390949,,0.0003106493968516588,,0.23151420056819916,,0.07544019818305969,,0.03511802479624748,,0.03711584582924843,,
,0.001,250,,,,,,,,,,,,,,,,,,,,,
250,,250,,,,,,,,,,0.0002559096028562635,,0.0002431970788165927,,0.2555753290653229,,0.07314895838499069,,0.03219295293092728,,0.03307351469993591,0.0371989868581295
250,,250,0.9843651652336121,1.0,0.9999999403953552,0.8718662858009338,0.9669811129570007,0.986779510974884,0.9864752292633057,0.0371989868581295,0.0002559096028562635,,0.0002431970788165927,,0.2555753290653229,,0.07314895838499069,,0.03219295293092728,,0.03307351469993591,,
,0.001,251,,,,,,,,,,,,,,,,,,,,,
251,,251,,,,,,,,,,0.0002953569928649813,,0.0003112882259301841,,0.2468862682580948,,0.05217768996953964,,0.03863733261823654,,0.03564276173710823,0.03941527009010315
251,,251,0.9839202165603638,1.0,1.0,0.9016854166984558,0.9781513214111328,0.9846793413162231,0.9853643774986267,0.03941527009010315,0.0002953569928649813,,0.0003112882259301841,,0.2468862682580948,,0.05217768996953964,,0.03863733261823654,,0.03564276173710823,,
,0.001,252,,,,,,,,,,,,,,,,,,,,,
252,,252,,,,,,,,,,0.00025912740966305137,,0.00024095650587696582,,0.2447359412908554,,0.03953086957335472,,0.03345286101102829,,0.032929714769124985,0.03544361889362335
252,,252,0.9855915307998657,1.0,0.9999999403953552,0.9005848169326782,0.9828659892082214,0.9857456088066101,0.9868146777153015,0.03544361889362335,0.00025912740966305137,,0.00024095650587696582,,0.2447359412908554,,0.03953086957335472,,0.03345286101102829,,0.032929714769124985,,
,0.001,253,,,,,,,,,,,,,,,,,,,,,
253,,253,,,,,,,,,,0.0002320735511602834,,0.0002058971585938707,,0.22637414932250977,,0.06820996850728989,,0.02914748527109623,,0.031446292996406555,0.035323936492204666
253,,253,0.9854435324668884,1.0,1.0,0.8869778513908386,0.9701586961746216,0.9882230162620544,0.9874495267868042,0.035323936492204666,0.0002320735511602834,,0.0002058971585938707,,0.22637414932250977,,0.06820996850728989,,0.02914748527109623,,0.031446292996406555,,
,0.001,254,,,,,,,,,,,,,,,,,,,,,
254,,254,,,,,,,,,,0.0002324311062693596,,0.00019355588301550597,,0.27025914192199707,,0.07554099708795547,,0.034252144396305084,,0.02590167708694935,0.03302129730582237
254,,254,0.9862865805625916,1.0,1.0,0.8715846538543701,0.966729462146759,0.9859459400177002,0.9896045327186584,0.03302129730582237,0.0002324311062693596,,0.00019355588301550597,,0.27025914192199707,,0.07554099708795547,,0.034252144396305084,,0.02590167708694935,,
,0.001,255,,,,,,,,,,,,,,,,,,,,,
255,,255,,,,,,,,,,0.00021038226259406656,,0.00016823089390527457,,0.20955248177051544,,0.049031369388103485,,0.03274909034371376,,0.03516867756843567,0.03697333484888077
255,,255,0.9844908714294434,1.0,1.0,0.9022800922393799,0.977477490901947,0.9867181777954102,0.9853816032409668,0.03697333484888077,0.00021038226259406656,,0.00016823089390527457,,0.20955248177051544,,0.049031369388103485,,0.03274909034371376,,0.03516867756843567,,
,0.001,256,,,,,,,,,,,,,,,,,,,,,
256,,256,,,,,,,,,,0.0002205128694185987,,0.00020940306421834975,,0.23112615942955017,,0.0791250690817833,,0.03292084485292435,,0.026529811322689056,0.03238663077354431
256,,256,0.9857633709907532,1.0,1.0,0.8925372958183289,0.959276020526886,0.9851670861244202,0.9888940453529358,0.03238663077354431,0.0002205128694185987,,0.00020940306421834975,,0.23112615942955017,,0.0791250690817833,,0.03292084485292435,,0.026529811322689056,,
,0.001,257,,,,,,,,,,,,,,,,,,,,,
257,,257,,,,,,,,,,0.00018821375851985067,,0.00017421762458980083,,0.23663459718227386,,0.05913163349032402,,0.03568724915385246,,0.028361547738313675,0.0331488661468029
257,,257,0.9861210584640503,1.0,1.0,0.8850574493408203,0.9742857217788696,0.9841437339782715,0.9886151552200317,0.0331488661468029,0.00018821375851985067,,0.00017421762458980083,,0.23663459718227386,,0.05913163349032402,,0.03568724915385246,,0.028361547738313675,,
,0.001,258,,,,,,,,,,,,,,,,,,,,,
258,,258,,,,,,,,,,0.0001833270798670128,,0.00018280302174389362,,0.2557700276374817,,0.05840039625763893,,0.03220994025468826,,0.028513148427009583,0.03291473165154457
258,,258,0.9858478903770447,1.0,1.0,0.8731563091278076,0.974421501159668,0.9867363572120667,0.9878751635551453,0.03291473165154457,0.0001833270798670128,,0.00018280302174389362,,0.2557700276374817,,0.05840039625763893,,0.03220994025468826,,0.028513148427009583,,
,0.001,259,,,,,,,,,,,,,,,,,,,,,
259,,259,,,,,,,,,,0.00018690270371735096,,0.00016595932538621128,,0.21373456716537476,,0.051752954721450806,,0.0360218845307827,,0.026234010234475136,0.031362492591142654
259,,259,0.9872121810913086,1.0,1.0,0.9051988124847412,0.9804348349571228,0.9854815602302551,0.9892762899398804,0.031362492591142654,0.00018690270371735096,,0.00016595932538621128,,0.21373456716537476,,0.051752954721450806,,0.0360218845307827,,0.026234010234475136,,
,0.001,260,,,,,,,,,,,,,,,,,,,,,
260,,260,,,,,,,,,,0.00017271934484597296,,0.00016522123769391328,,0.23804745078086853,,0.06039193272590637,,0.031241586431860924,,0.025708865374326706,0.030531112104654312
260,,260,0.9868865609169006,1.0,1.0,0.8917378783226013,0.9741619825363159,0.9862704277038574,0.9891141057014465,0.030531112104654312,0.00017271934484597296,,0.00016522123769391328,,0.23804745078086853,,0.06039193272590637,,0.031241586431860924,,0.025708865374326706,,
,0.001,261,,,,,,,,,,,,,,,,,,,,,
261,,261,,,,,,,,,,0.0001656871900195256,,0.00016949691053014249,,0.2513688802719116,,0.06699535995721817,,0.03552180901169777,,0.03130713850259781,0.03583122044801712
261,,261,0.9855477809906006,1.0,1.0,0.8948718309402466,0.9722772836685181,0.9849877953529358,0.9875953793525696,0.03583122044801712,0.0001656871900195256,,0.00016949691053014249,,0.2513688802719116,,0.06699535995721817,,0.03552180901169777,,0.03130713850259781,,
,0.001,262,,,,,,,,,,,,,,,,,,,,,
262,,262,,,,,,,,,,0.00015746307326480746,,0.00015294751210603863,,0.24806636571884155,,0.0670585110783577,,0.041550904512405396,,0.039508089423179626,0.04368986934423447
262,,262,0.9824434518814087,1.0,1.0,0.8900255560874939,0.9692832827568054,0.9817085266113281,0.9848704934120178,0.04368986934423447,0.00015746307326480746,,0.00015294751210603863,,0.24806636571884155,,0.0670585110783577,,0.041550904512405396,,0.039508089423179626,,
,0.001,263,,,,,,,,,,,,,,,,,,,,,
263,,263,,,,,,,,,,0.0001896439935080707,,0.0003036050475202501,,0.25188013911247253,,0.06678325682878494,,0.04074287414550781,,0.07235057651996613,0.06804101914167404
263,,263,0.9735058546066284,1.0,1.0,0.8914141654968262,0.9685086011886597,0.9823271632194519,0.9729183316230774,0.06804101914167404,0.0001896439935080707,,0.0003036050475202501,,0.25188013911247253,,0.06678325682878494,,0.04074287414550781,,0.07235057651996613,,
,0.001,264,,,,,,,,,,,,,,,,,,,,,
264,,264,,,,,,,,,,0.00015817821258679032,,0.00019894256547559053,,0.24956285953521729,,0.05999940261244774,,0.0374777726829052,,0.025727370753884315,0.03184085339307785
264,,264,0.9864431619644165,1.0,1.0,0.890625,0.9714500308036804,0.9846938848495483,0.989112913608551,0.03184085339307785,0.00015817821258679032,,0.00019894256547559053,,0.24956285953521729,,0.05999940261244774,,0.0374777726829052,,0.025727370753884315,,
,0.001,265,,,,,,,,,,,,,,,,,,,,,
265,,265,,,,,,,,,,0.0001726001501083374,,0.00020108801254536957,,0.2471349984407425,,0.06169284135103226,,0.032364632934331894,,0.04687219113111496,0.04673046991229057
265,,265,0.9809093475341797,1.0,1.0,0.8903743624687195,0.9719370603561401,0.9866809248924255,0.9811959266662598,0.04673046991229057,0.0001726001501083374,,0.00020108801254536957,,0.2471349984407425,,0.06169284135103226,,0.032364632934331894,,0.04687219113111496,,
,0.001,266,,,,,,,,,,,,,,,,,,,,,
266,,266,,,,,,,,,,0.0003250309091527015,,0.0011004466796293855,,0.2146281599998474,,0.07081131637096405,,0.039261240512132645,,0.04372969642281532,0.04578935354948044
266,,266,0.9814279079437256,1.0,1.0,0.9057142734527588,0.9719020128250122,0.9847690463066101,0.982151985168457,0.04578935354948044,0.0003250309091527015,,0.0011004466796293855,,0.2146281599998474,,0.07081131637096405,,0.039261240512132645,,0.04372969642281532,,
,0.001,267,,,,,,,,,,,,,,,,,,,,,
267,,267,,,,,,,,,,0.0002526917669456452,,0.0004125014820601791,,0.22387780249118805,,0.07965826988220215,,0.04257306829094887,,0.04796557500958443,0.05006324499845505
267,,267,0.9805356860160828,1.0,1.0,0.9000000357627869,0.9636638760566711,0.98211669921875,0.9821957945823669,0.05006324499845505,0.0002526917669456452,,0.0004125014820601791,,0.22387780249118805,,0.07965826988220215,,0.04257306829094887,,0.04796557500958443,,
,0.001,268,,,,,,,,,,,,,,,,,,,,,
268,,268,,,,,,,,,,0.0003000047872774303,,0.0003997722815256566,,0.27358278632164,,0.06657062470912933,,0.03566298633813858,,0.04050590470433235,0.0441078245639801
268,,268,0.9830145239830017,1.0,1.0,0.8809524178504944,0.9692092537879944,0.9870429635047913,0.9848194718360901,0.0441078245639801,0.0003000047872774303,,0.0003997722815256566,,0.27358278632164,,0.06657062470912933,,0.03566298633813858,,0.04050590470433235,,
,0.001,269,,,,,,,,,,,,,,,,,,,,,
269,,269,,,,,,,,,,0.00030524839530698955,,0.0006172062130644917,,0.28654393553733826,,0.07316665351390839,,0.0342663899064064,,0.04150666296482086,0.0445711724460125
269,,269,0.9817361831665039,1.0,1.0,0.8830083608627319,0.97050940990448,0.9845450520515442,0.9834169149398804,0.0445711724460125,0.00030524839530698955,,0.0006172062130644917,,0.28654393553733826,,0.07316665351390839,,0.0342663899064064,,0.04150666296482086,,
,0.001,270,,,,,,,,,,,,,,,,,,,,,
270,,270,,,,,,,,,,0.0002520958660170436,,0.00043005842599086463,,0.2594074308872223,,0.06767415255308151,,0.03856285661458969,,0.03845011815428734,0.04196041449904442
270,,270,0.9827974438667297,1.0,1.0,0.8697916865348816,0.9716851115226746,0.9834539294242859,0.984757125377655,0.04196041449904442,0.0002520958660170436,,0.00043005842599086463,,0.2594074308872223,,0.06767415255308151,,0.03856285661458969,,0.03845011815428734,,
,0.001,271,,,,,,,,,,,,,,,,,,,,,
271,,271,,,,,,,,,,0.00024673278676345944,,0.00039982478483580053,,0.2613401710987091,,0.07966931909322739,,0.03914064168930054,,0.03582032769918442,0.04145025834441185
271,,271,0.9835502505302429,1.0,1.0,0.8861788511276245,0.9658064842224121,0.9846805334091187,0.9860820174217224,0.04145025834441185,0.00024673278676345944,,0.00039982478483580053,,0.2613401710987091,,0.07966931909322739,,0.03914064168930054,,0.03582032769918442,,
,0.001,272,,,,,,,,,,,,,,,,,,,,,
272,,272,,,,,,,,,,0.00027104519540444016,,0.0004405291110742837,,0.2794550955295563,,0.06807838380336761,,0.028140000998973846,,0.04011107608675957,0.04208814352750778
272,,272,0.983180820941925,1.0,1.0,0.8790322542190552,0.9689045548439026,0.9896870255470276,0.9841460585594177,0.04208814352750778,0.00027104519540444016,,0.0004405291110742837,,0.2794550955295563,,0.06807838380336761,,0.028140000998973846,,0.04011107608675957,,
,0.001,273,,,,,,,,,,,,,,,,,,,,,
273,,273,,,,,,,,,,0.0003203832311555743,,0.000522830814588815,,0.2879437208175659,,0.05163094773888588,,0.03205461427569389,,0.033261001110076904,0.03743710741400719
273,,273,0.9854224920272827,1.0,1.0,0.8735362887382507,0.9806228280067444,0.9865275025367737,0.9875022172927856,0.03743710741400719,0.0003203832311555743,,0.000522830814588815,,0.2879437208175659,,0.05163094773888588,,0.03205461427569389,,0.033261001110076904,,
,0.001,274,,,,,,,,,,,,,,,,,,,,,
274,,274,,,,,,,,,,0.0003592322755139321,,0.0006395764648914337,,0.27499258518218994,,0.06514787673950195,,0.038530685007572174,,0.03574056178331375,0.040500372648239136
274,,274,0.98335200548172,1.0,0.9999999403953552,0.8712121248245239,0.9724535942077637,0.9847657084465027,0.9854649901390076,0.040500372648239136,0.0003592322755139321,,0.0006395764648914337,,0.27499258518218994,,0.06514787673950195,,0.038530685007572174,,0.03574056178331375,,
,0.001,275,,,,,,,,,,,,,,,,,,,,,
275,,275,,,,,,,,,,0.0002802217786666006,,0.0003952058032155037,,0.27003803849220276,,0.06655167043209076,,0.03484242409467697,,0.03580556809902191,0.03930766135454178
275,,275,0.98392254114151,1.0,1.0,0.8680981397628784,0.970226526260376,0.9866310358047485,0.9855944514274597,0.03930766135454178,0.0002802217786666006,,0.0003952058032155037,,0.27003803849220276,,0.06655167043209076,,0.03484242409467697,,0.03580556809902191,,
,0.001,276,,,,,,,,,,,,,,,,,,,,,
276,,276,,,,,,,,,,0.00023016665363684297,,0.0002750490384642035,,0.2443540394306183,,0.0655185803771019,,0.036562785506248474,,0.030523499473929405,0.03630349785089493
276,,276,0.9854031205177307,1.0,1.0,0.8867470026016235,0.9729218482971191,0.985188901424408,0.988084614276886,0.03630349785089493,0.00023016665363684297,,0.0002750490384642035,,0.2443540394306183,,0.0655185803771019,,0.036562785506248474,,0.030523499473929405,,
,0.001,277,,,,,,,,,,,,,,,,,,,,,
277,,277,,,,,,,,,,0.00021908267808612436,,0.000286436261376366,,0.251770943403244,,0.05827530100941658,,0.03617994114756584,,0.02934916689991951,0.03452032804489136
277,,277,0.985508143901825,1.0,1.0,0.89593905210495,0.9721835851669312,0.9843170642852783,0.9879721999168396,0.03452032804489136,0.00021908267808612436,,0.000286436261376366,,0.251770943403244,,0.05827530100941658,,0.03617994114756584,,0.02934916689991951,,
,0.001,278,,,,,,,,,,,,,,,,,,,,,
278,,278,,,,,,,,,,0.00021705655672121793,,0.00029950455063953996,,0.2561705410480499,,0.06550069898366928,,0.02985459752380848,,0.02821779064834118,0.03311767801642418
278,,278,0.9858907461166382,1.0,1.0,0.8877284526824951,0.9710826873779297,0.9877928495407104,0.9879820942878723,0.03311767801642418,0.00021705655672121793,,0.00029950455063953996,,0.2561705410480499,,0.06550069898366928,,0.02985459752380848,,0.02821779064834118,,
,0.001,279,,,,,,,,,,,,,,,,,,,,,
279,,279,,,,,,,,,,0.0002153879904653877,,0.0003575434675440192,,0.23571649193763733,,0.05782260745763779,,0.03769104182720184,,0.027042346075177193,0.03296710178256035
279,,279,0.9862698316574097,1.0,1.0,0.8926701545715332,0.976190447807312,0.9833838939666748,0.9891195893287659,0.03296710178256035,0.0002153879904653877,,0.0003575434675440192,,0.23571649193763733,,0.05782260745763779,,0.03769104182720184,,0.027042346075177193,,
,0.001,280,,,,,,,,,,,,,,,,,,,,,
280,,280,,,,,,,,,,0.00020549570035655051,,0.00031536686583422124,,0.24524636566638947,,0.06038442626595497,,0.03152564540505409,,0.028035704046487808,0.032464269548654556
280,,280,0.9863172173500061,1.0,1.0,0.8845070004463196,0.9711673259735107,0.9869820475578308,0.9884946346282959,0.032464269548654556,0.00020549570035655051,,0.00031536686583422124,,0.24524636566638947,,0.06038442626595497,,0.03152564540505409,,0.028035704046487808,,
,0.001,281,,,,,,,,,,,,,,,,,,,,,
281,,281,,,,,,,,,,0.00018571082910057157,,0.0002678496821317822,,0.26259469985961914,,0.05550553277134895,,0.03002743609249592,,0.024242039769887924,0.029109008610248566
281,,281,0.9876067638397217,1.0,1.0,0.866310179233551,0.9724590182304382,0.9869217276573181,0.9902769923210144,0.029109008610248566,0.00018571082910057157,,0.0002678496821317822,,0.26259469985961914,,0.05550553277134895,,0.03002743609249592,,0.024242039769887924,,
,0.001,282,,,,,,,,,,,,,,,,,,,,,
282,,282,,,,,,,,,,0.00017295771976932883,,0.0002459031529724598,,0.2560575008392334,,0.07252129167318344,,0.02926461026072502,,0.022544434294104576,0.028779853135347366
282,,282,0.9879503846168518,1.0,1.0,0.879012405872345,0.9634986519813538,0.9875357747077942,0.9911938309669495,0.028779853135347366,0.00017295771976932883,,0.0002459031529724598,,0.2560575008392334,,0.07252129167318344,,0.02926461026072502,,0.022544434294104576,,
,0.001,283,,,,,,,,,,,,,,,,,,,,,
283,,283,,,,,,,,,,0.0001793938863556832,,0.0002927817404270172,,0.21794511377811432,,0.06989270448684692,,0.033150166273117065,,0.01761636510491371,0.025303710252046585
283,,283,0.9891675114631653,1.0,1.0,0.9033149480819702,0.9632152318954468,0.9859283566474915,0.9929255843162537,0.025303710252046585,0.0001793938863556832,,0.0002927817404270172,,0.21794511377811432,,0.06989270448684692,,0.033150166273117065,,0.01761636510491371,,
,0.001,284,,,,,,,,,,,,,,,,,,,,,
284,,284,,,,,,,,,,0.0001839230244513601,,0.00032514461781829596,,0.2271081805229187,,0.060693591833114624,,0.029577450826764107,,0.02715284377336502,0.031200174242258072
284,,284,0.9866800904273987,1.0,1.0,0.8964497447013855,0.9725158214569092,0.9863296151161194,0.9888332486152649,0.031200174242258072,0.0001839230244513601,,0.00032514461781829596,,0.2271081805229187,,0.060693591833114624,,0.029577450826764107,,0.02715284377336502,,
,0.001,285,,,,,,,,,,,,,,,,,,,,,
285,,285,,,,,,,,,,0.00016616393986623734,,0.0002718950272537768,,0.2566911578178406,,0.05186702311038971,,0.02565751038491726,,0.02174825221300125,0.026421407237648964
285,,285,0.9889912605285645,1.0,1.0,0.8825136423110962,0.9742101430892944,0.98953777551651,0.9913040399551392,0.026421407237648964,0.00016616393986623734,,0.0002718950272537768,,0.2566911578178406,,0.05186702311038971,,0.02565751038491726,,0.02174825221300125,,
,0.001,286,,,,,,,,,,,,,,,,,,,,,
286,,286,,,,,,,,,,0.00014733182615600526,,0.00022256941883824766,,0.22564025223255157,,0.06247168034315109,,0.030357254669070244,,0.0225136186927557,0.027936715632677078
286,,286,0.9876590371131897,1.0,1.0,0.8931297659873962,0.971045196056366,0.9863229393959045,0.9903072714805603,0.027936715632677078,0.00014733182615600526,,0.00022256941883824766,,0.22564025223255157,,0.06247168034315109,,0.030357254669070244,,0.0225136186927557,,
,0.001,287,,,,,,,,,,,,,,,,,,,,,
287,,287,,,,,,,,,,0.000144709600135684,,0.00019720544514711946,,0.23667632043361664,,0.06340748816728592,,0.026077307760715485,,0.02143334038555622,0.02705421857535839
287,,287,0.9883233904838562,1.0,1.0,0.9000000357627869,0.9709804058074951,0.9886704683303833,0.9908351302146912,0.02705421857535839,0.000144709600135684,,0.00019720544514711946,,0.23667632043361664,,0.06340748816728592,,0.026077307760715485,,0.02143334038555622,,
,0.001,288,,,,,,,,,,,,,,,,,,,,,
288,,288,,,,,,,,,,0.00013457823661156,,0.00019144675752613693,,0.2325202375650406,,0.046151891350746155,,0.02245897427201271,,0.022319577634334564,0.025711776688694954
288,,288,0.9892950654029846,1.0,0.9999999403953552,0.898876428604126,0.9838369488716125,0.9908180236816406,0.9905452132225037,0.025711776688694954,0.00013457823661156,,0.00019144675752613693,,0.2325202375650406,,0.046151891350746155,,0.02245897427201271,,0.022319577634334564,,
,0.001,289,,,,,,,,,,,,,,,,,,,,,
289,,289,,,,,,,,,,0.0001287377526750788,,0.00016677266103215516,,0.26676422357559204,,0.06268042325973511,,0.030038855969905853,,0.019680000841617584,0.027124570682644844
289,,289,0.9879201650619507,1.0,1.0,0.8877005577087402,0.9737418293952942,0.9865072965621948,0.9910377264022827,0.027124570682644844,0.0001287377526750788,,0.00016677266103215516,,0.26676422357559204,,0.06268042325973511,,0.030038855969905853,,0.019680000841617584,,
,0.001,290,,,,,,,,,,,,,,,,,,,,,
290,,290,,,,,,,,,,0.0001287377526750788,,0.0001811583642847836,,0.26948320865631104,,0.06035473942756653,,0.025981051847338676,,0.02130408026278019,0.026745213195681572
290,,290,0.988396406173706,1.0,1.0,0.8696742057800293,0.9708431959152222,0.9897527694702148,0.9908736348152161,0.026745213195681572,0.0001287377526750788,,0.0001811583642847836,,0.26948320865631104,,0.06035473942756653,,0.025981051847338676,,0.02130408026278019,,
,0.001,291,,,,,,,,,,,,,,,,,,,,,
291,,291,,,,,,,,,,0.00012611546844709665,,0.0001672690996201709,,0.21723990142345428,,0.057021260261535645,,0.020837152376770973,,0.01792590692639351,0.02296912670135498
291,,291,0.990257978439331,1.0,1.0,0.8992042541503906,0.9743416905403137,0.9921286106109619,0.9923756718635559,0.02296912670135498,0.00012611546844709665,,0.0001672690996201709,,0.21723990142345428,,0.057021260261535645,,0.020837152376770973,,0.01792590692639351,,
,0.001,292,,,,,,,,,,,,,,,,,,,,,
292,,292,,,,,,,,,,0.0001284993631998077,,0.000184068048838526,,0.26035794615745544,,0.05459140986204147,,0.03196565806865692,,0.019059784710407257,0.026212193071842194
292,,292,0.9881382584571838,1.0,0.9999999403953552,0.8656036853790283,0.9747843742370605,0.9864888191223145,0.9914781451225281,0.026212193071842194,0.0001284993631998077,,0.000184068048838526,,0.26035794615745544,,0.05459140986204147,,0.03196565806865692,,0.019059784710407257,,
,0.001,293,,,,,,,,,,,,,,,,,,,,,
293,,293,,,,,,,,,,0.00011431517486926168,,0.0001406829251209274,,0.23681212961673737,,0.05714445561170578,,0.02775462716817856,,0.018545733764767647,0.024414431303739548
293,,293,0.9893288016319275,1.0,1.0,0.8943089842796326,0.9741496443748474,0.9877063035964966,0.9920186996459961,0.024414431303739548,0.00011431517486926168,,0.0001406829251209274,,0.23681212961673737,,0.05714445561170578,,0.02775462716817856,,0.018545733764767647,,
,0.001,294,,,,,,,,,,,,,,,,,,,,,
294,,294,,,,,,,,,,0.00010752100206445903,,0.00014472712064161897,,0.2760013937950134,,0.06057604029774666,,0.02414548583328724,,0.017271297052502632,0.023226171731948853
294,,294,0.9894037246704102,1.0,1.0,0.8786982297897339,0.9731594920158386,0.9884072542190552,0.9921565651893616,0.023226171731948853,0.00010752100206445903,,0.00014472712064161897,,0.2760013937950134,,0.06057604029774666,,0.02414548583328724,,0.017271297052502632,,
,0.001,295,,,,,,,,,,,,,,,,,,,,,
295,,295,,,,,,,,,,0.00011085849109804258,,0.00017845636466518044,,0.243709996342659,,0.03960830718278885,,0.023796670138835907,,0.019556378945708275,0.02355467900633812
295,,295,0.9892827868461609,1.0,1.0,0.8778409361839294,0.9833574295043945,0.9882960319519043,0.9913933873176575,0.02355467900633812,0.00011085849109804258,,0.00017845636466518044,,0.243709996342659,,0.03960830718278885,,0.023796670138835907,,0.019556378945708275,,
,0.001,296,,,,,,,,,,,,,,,,,,,,,
296,,296,,,,,,,,,,9.715084888739511e-05,,0.00013706694880966097,,0.20332856476306915,,0.06012668460607529,,0.025102553889155388,,0.01801164075732231,0.023372206836938858
296,,296,0.9891844987869263,1.0,1.0,0.90625,0.9713905453681946,0.9877256751060486,0.991876482963562,0.023372206836938858,9.715084888739511e-05,,0.00013706694880966097,,0.20332856476306915,,0.06012668460607529,,0.025102553889155388,,0.01801164075732231,,
,0.001,297,,,,,,,,,,,,,,,,,,,,,
297,,297,,,,,,,,,,9.512448741588742e-05,,0.00014788589032832533,,0.2832643985748291,,0.05457354336977005,,0.024781547486782074,,0.015273048542439938,0.02248460240662098
297,,297,0.9894028306007385,1.0,1.0,0.8643215894699097,0.9705882668495178,0.9883164763450623,0.9930906295776367,0.02248460240662098,9.512448741588742e-05,,0.00014788589032832533,,0.2832643985748291,,0.05457354336977005,,0.024781547486782074,,0.015273048542439938,,
,0.001,298,,,,,,,,,,,,,,,,,,,,,
298,,298,,,,,,,,,,9.917721035890281e-05,,0.00017200474394485354,,0.25108611583709717,,0.051347702741622925,,0.03515113517642021,,0.019096193835139275,0.02656775899231434
298,,298,0.987800121307373,1.0,1.0,0.8860103487968445,0.970930278301239,0.9851787090301514,0.9912492036819458,0.02656775899231434,9.917721035890281e-05,,0.00017200474394485354,,0.25108611583709717,,0.051347702741622925,,0.03515113517642021,,0.019096193835139275,,
,0.001,299,,,,,,,,,,,,,,,,,,,,,
299,,299,,,,,,,,,,8.093983342405409e-05,,8.366159454453737e-05,,0.2576536238193512,,0.06549179553985596,,0.022487232461571693,,0.01704970933496952,0.023082002997398376
299,,299,0.9892537593841553,1.0,1.0,0.8779840469360352,0.9713886976242065,0.9900016784667969,0.9918641448020935,0.023082002997398376,8.093983342405409e-05,,8.366159454453737e-05,,0.2576536238193512,,0.06549179553985596,,0.022487232461571693,,0.01704970933496952,,
