epoch,lr-AdamW,step,train/acc,train/acc_s0_1,train/acc_s1_2,train/acc_s2_4,train/acc_s3_8,train/acc_s4_16,train/acc_s5_32,train/loss_epoch,train/loss_s0_1_epoch,train/loss_s0_1_step,train/loss_s1_2_epoch,train/loss_s1_2_step,train/loss_s2_4_epoch,train/loss_s2_4_step,train/loss_s3_8_epoch,train/loss_s3_8_step,train/loss_s4_16_epoch,train/loss_s4_16_step,train/loss_s5_32_epoch,train/loss_s5_32_step,train/loss_step,val/acc,val/acc_s0_1,val/acc_s1_2,val/acc_s2_4,val/acc_s3_8,val/acc_s4_16,val/acc_s5_32,val/loss,val/loss_s0_1,val/loss_s1_2,val/loss_s2_4,val/loss_s3_8,val/loss_s4_16,val/loss_s5_32
,0.0003,0,,,,,,,,,,,,,,,,,,,,,,,,,,,,,,,,,,,
0,,9,,,,,,,,,,0.2858734130859375,,0.23153544962406158,,0.4460608661174774,,0.8761288523674011,,0.9747633934020996,,1.1065025329589844,1.0619738101959229,,,,,,,,,,,,,,
0,,19,,,,,,,,,,0.21954345703125,,0.20095978677272797,,0.5481001734733582,,0.9033569097518921,,0.985072672367096,,1.1202322244644165,1.0739620923995972,,,,,,,,,,,,,,
0,,29,,,,,,,,,,0.165679931640625,,0.1469089686870575,,0.45671963691711426,,0.8937699794769287,,0.9510716795921326,,1.1104860305786133,1.0590709447860718,,,,,,,,,,,,,,
0,,39,,,,,,,,,,0.10083770751953125,,0.07393693923950195,,0.4192778170108795,,0.8152685761451721,,0.8679457306861877,,1.0457830429077148,0.9876130223274231,,,,,,,,,,,,,,
0,,49,,,,,,,,,,0.037220001220703125,,0.03764038160443306,,0.35426750779151917,,0.7659492492675781,,0.7836615443229675,,1.0083783864974976,0.9437181353569031,,,,,,,,,,,,,,
0,,59,,,,,,,,,,0.02954864501953125,,0.03180345520377159,,0.42126744985580444,,0.666373610496521,,0.7401118874549866,,0.9823235273361206,0.9157565236091614,,,,,,,,,,,,,,
0,,69,,,,,,,,,,0.037448883056640625,,0.04186433553695679,,0.4271932542324066,,0.5335627198219299,,0.6517367959022522,,0.9348095655441284,0.8538505434989929,,,,,,,,,,,,,,
0,,79,,,,,,,,,,0.030925750732421875,,0.029969749972224236,,0.5346735119819641,,0.49275141954421997,,0.6270272731781006,,0.900850772857666,0.8222488760948181,,,,,,,,,,,,,,
0,,89,,,,,,,,,,0.027263641357421875,,0.03033345565199852,,0.38411781191825867,,0.4817879796028137,,0.6001142859458923,,0.8152874708175659,0.7503664493560791,,,,,,,,,,,,,,
0,,99,,,,,,,,,,0.030778884887695312,,0.025224369019269943,,0.38668176531791687,,0.45420920848846436,,0.5786951780319214,,0.717693030834198,0.6714931726455688,,,,,,,,,,,,,,
0,,109,,,,,,,,,,0.021460533142089844,,0.016070278361439705,,0.3541470766067505,,0.4572913944721222,,0.5530274510383606,,0.6809400320053101,0.6376591324806213,,,,,,,,,,,,,,
0,,119,,,,,,,,,,0.013708114624023438,,0.010861451737582684,,0.3737304210662842,,0.41110074520111084,,0.5386737585067749,,0.6479863524436951,0.6128503084182739,,,,,,,,,,,,,,
0,,129,,,,,,,,,,0.015799522399902344,,0.009479911997914314,,0.2942422926425934,,0.4069216251373291,,0.5017066597938538,,0.5943108201026917,0.5625005960464478,,,,,,,,,,,,,,
0,,139,,,,,,,,,,0.01264810562133789,,0.008413185365498066,,0.33104538917541504,,0.43228134512901306,,0.5147767663002014,,0.5934411883354187,0.5648930668830872,,,,,,,,,,,,,,
0,,149,,,,,,,,,,0.011863231658935547,,0.0065108840353786945,,0.3183388113975525,,0.4177454113960266,,0.5005964040756226,,0.5812784433364868,0.5515185594558716,,,,,,,,,,,,,,
0,,159,,,,,,,,,,0.011138916015625,,0.006267298944294453,,0.3844412565231323,,0.38495731353759766,,0.4753021001815796,,0.5485145449638367,0.524747371673584,,,,,,,,,,,,,,
0,,169,,,,,,,,,,0.006584644317626953,,0.004330900497734547,,0.324153870344162,,0.37266045808792114,,0.45502305030822754,,0.524721086025238,0.5010786056518555,,,,,,,,,,,,,,
0,,179,,,,,,,,,,0.006512641906738281,,0.00393878435716033,,0.3683638572692871,,0.4125658869743347,,0.4666859209537506,,0.5296715497970581,0.5089964866638184,,,,,,,,,,,,,,
0,,189,,,,,,,,,,0.006750583648681641,,0.00344471400603652,,0.33038005232810974,,0.35992100834846497,,0.43889182806015015,,0.4932391345500946,0.4743681252002716,,,,,,,,,,,,,,
0,,199,,,,,,,,,,0.005911350250244141,,0.003879944561049342,,0.3024454712867737,,0.37334614992141724,,0.4192619323730469,,0.48849958181381226,0.4675051271915436,,,,,,,,,,,,,,
0,,209,,,,,,,,,,0.004877567291259766,,0.003043384989723563,,0.25077885389328003,,0.373991996049881,,0.4088428318500519,,0.4955478310585022,0.47071802616119385,,,,,,,,,,,,,,
0,,219,,,,,,,,,,0.0052111148834228516,,0.002965019317343831,,0.2603744566440582,,0.35312092304229736,,0.396980345249176,,0.46447813510894775,0.44255393743515015,,,,,,,,,,,,,,
0,,229,,,,,,,,,,0.005252361297607422,,0.002878036117181182,,0.3249988257884979,,0.3432575762271881,,0.38713911175727844,,0.4616389870643616,0.4411159157752991,,,,,,,,,,,,,,
0,,239,,,,,,,,,,0.004805922508239746,,0.003074921201914549,,0.31337568163871765,,0.34165483713150024,,0.38926568627357483,,0.4406145513057709,0.4229196012020111,,,,,,,,,,,,,,
0,,249,,,,,,,,,,0.0051534175872802734,,0.003281045937910676,,0.2925593852996826,,0.3610076904296875,,0.36910420656204224,,0.43299177289009094,0.4145784378051758,,,,,,,,,,,,,,
0,,259,,,,,,,,,,0.0058422088623046875,,0.0030208092648535967,,0.3380971848964691,,0.3381005823612213,,0.3513023853302002,,0.4189055860042572,0.40009385347366333,,,,,,,,,,,,,,
0,,269,,,,,,,,,,0.005266427993774414,,0.002945650601759553,,0.35885685682296753,,0.32972511649131775,,0.36567479372024536,,0.4324566423892975,0.4121888279914856,,,,,,,,,,,,,,
0,,279,,,,,,,,,,0.006672382354736328,,0.003399062901735306,,0.29270151257514954,,0.331526517868042,,0.34536635875701904,,0.40524527430534363,0.3848239779472351,,,,,,,,,,,,,,
0,,289,,,,,,,,,,0.00619053840637207,,0.0029802126809954643,,0.2908841669559479,,0.34739556908607483,,0.3537678122520447,,0.4223993122577667,0.4016976058483124,,,,,,,,,,,,,,
0,,299,,,,,,,,,,0.0057830810546875,,0.0026921238750219345,,0.25968965888023376,,0.3061867654323578,,0.3298582434654236,,0.3833737075328827,0.3671920895576477,,,,,,,,,,,,,,
0,,309,,,,,,,,,,0.005802154541015625,,0.002503554802387953,,0.2942444384098053,,0.3569318652153015,,0.3483359217643738,,0.3934464454650879,0.37960362434387207,,,,,,,,,,,,,,
0,,319,,,,,,,,,,0.0052907466888427734,,0.0024329200387001038,,0.3371818959712982,,0.3345438539981842,,0.3358026146888733,,0.37467241287231445,0.36337023973464966,,,,,,,,,,,,,,
0,,329,,,,,,,,,,0.0036859512329101562,,0.0017696419963613153,,0.31808891892433167,,0.32355356216430664,,0.322494775056839,,0.35135138034820557,0.34254875779151917,,,,,,,,,,,,,,
0,,339,,,,,,,,,,0.004499316215515137,,0.0019496898166835308,,0.287701815366745,,0.32589808106422424,,0.32044824957847595,,0.36372995376586914,0.3516833782196045,,,,,,,,,,,,,,
0,,349,,,,,,,,,,0.0037647485733032227,,0.001662916038185358,,0.32896745204925537,,0.32362112402915955,,0.29551881551742554,,0.32789134979248047,0.3199692666530609,,,,,,,,,,,,,,
0,,359,,,,,,,,,,0.003875136375427246,,0.0014468507142737508,,0.3223060667514801,,0.3406337797641754,,0.3043117821216583,,0.34543120861053467,0.3362331986427307,,,,,,,,,,,,,,
0,,369,,,,,,,,,,0.0039283037185668945,,0.0015443762531504035,,0.27892565727233887,,0.32127413153648376,,0.3094264268875122,,0.3290243446826935,0.3231738805770874,,,,,,,,,,,,,,
0,,379,,,,,,,,,,0.0032764673233032227,,0.0013159867376089096,,0.2836467921733856,,0.32128840684890747,,0.3038204610347748,,0.32477131485939026,0.31896185874938965,,,,,,,,,,,,,,
0,,389,,,,,,,,,,0.0034979581832885742,,0.001099070766940713,,0.28575509786605835,,0.30881789326667786,,0.2965399920940399,,0.2976049482822418,0.29651910066604614,,,,,,,,,,,,,,
0,,399,,,,,,,,,,0.0037192106246948242,,0.001214302028529346,,0.25493305921554565,,0.3096899390220642,,0.2945859134197235,,0.29611608386039734,0.29474759101867676,,,,,,,,,,,,,,
0,,409,,,,,,,,,,0.003342866897583008,,0.0011137216351926327,,0.253582626581192,,0.31079524755477905,,0.30520009994506836,,0.30032533407211304,0.2999114692211151,,,,,,,,,,,,,,
0,,419,,,,,,,,,,0.0029449462890625,,0.0008374744211323559,,0.3492306172847748,,0.32418322563171387,,0.3098721504211426,,0.28934770822525024,0.29459452629089355,,,,,,,,,,,,,,
0,,429,,,,,,,,,,0.0025538206100463867,,0.0008152917143888772,,0.25699642300605774,,0.31614914536476135,,0.2766869068145752,,0.2729186713695526,0.2743756175041199,,,,,,,,,,,,,,
0,,439,,,,,,,,,,0.0019144415855407715,,0.000646581465844065,,0.34274643659591675,,0.324026495218277,,0.30021932721138,,0.27696332335472107,0.2836166024208069,,,,,,,,,,,,,,
0,,449,,,,,,,,,,0.002869248390197754,,0.0007772445678710938,,0.2802872359752655,,0.3322298526763916,,0.2676306664943695,,0.2556869387626648,0.2610574960708618,,,,,,,,,,,,,,
0,,459,,,,,,,,,,0.002081155776977539,,0.0006779546965844929,,0.3707443177700043,,0.3302575349807739,,0.3150874078273773,,0.2935235798358917,0.2994635999202728,,,,,,,,,,,,,,
0,,469,,,,,,,,,,0.0023303627967834473,,0.0006323489360511303,,0.35478946566581726,,0.3184238374233246,,0.28444910049438477,,0.2485719919204712,0.2589390277862549,,,,,,,,,,,,,,
0,,479,,,,,,,,,,0.0016699135303497314,,0.000481081020552665,,0.32726261019706726,,0.29157838225364685,,0.2546130418777466,,0.22644120454788208,0.23559655249118805,,,,,,,,,,,,,,
0,,489,,,,,,,,,,0.0019846558570861816,,0.0006413409719243646,,0.27647796273231506,,0.30021002888679504,,0.27200770378112793,,0.23394113779067993,0.24454113841056824,,,,,,,,,,,,,,
0,,499,,,,,,,,,,0.0018261075019836426,,0.000558693369384855,,0.2893523871898651,,0.29926931858062744,,0.26537370681762695,,0.21387113630771637,0.22714650630950928,,,,,,,,,,,,,,
0,,509,,,,,,,,,,0.0017799735069274902,,0.0005539291887544096,,0.3225841522216797,,0.2999349534511566,,0.2572955787181854,,0.21536710858345032,0.22879493236541748,,,,,,,,,,,,,,
0,,519,,,,,,,,,,0.001330733299255371,,0.0004716371186077595,,0.30470767617225647,,0.2981964349746704,,0.24969537556171417,,0.19393299520015717,0.21044930815696716,,,,,,,,,,,,,,
0,,529,,,,,,,,,,0.0016399919986724854,,0.000528680335264653,,0.27523234486579895,,0.3015676438808441,,0.25996196269989014,,0.2151825875043869,0.2273850440979004,,,,,,,,,,,,,,
0,,539,,,,,,,,,,0.0012640058994293213,,0.0003893142275046557,,0.2945050597190857,,0.2985941767692566,,0.2544584274291992,,0.20016218721866608,0.21540279686450958,,,,,,,,,,,,,,
0,,549,,,,,,,,,,0.001057446002960205,,0.00036442786222323775,,0.3319823145866394,,0.3088762164115906,,0.24100130796432495,,0.19588294625282288,0.21048389375209808,,,,,,,,,,,,,,
0,,559,,,,,,,,,,0.0009863972663879395,,0.00046472917892970145,,0.2950931787490845,,0.26919710636138916,,0.2274707406759262,,0.17902135848999023,0.19266051054000854,,,,,,,,,,,,,,
0,,569,,,,,,,,,,0.0009095668792724609,,0.0004698620759882033,,0.34887558221817017,,0.313597708940506,,0.25272467732429504,,0.20607462525367737,0.22071273624897003,,,,,,,,,,,,,,
0,,579,,,,,,,,,,0.0010468065738677979,,0.0004374665440991521,,0.3071901500225067,,0.28641727566719055,,0.24148835241794586,,0.18880479037761688,0.20412172377109528,,,,,,,,,,,,,,
0,,589,,,,,,,,,,0.0010219812393188477,,0.00043905150960199535,,0.2335534542798996,,0.2844219207763672,,0.2378862500190735,,0.17223702371120453,0.1888018101453781,,,,,,,,,,,,,,
0,,599,,,,,,,,,,0.0009847134351730347,,0.0004505927790887654,,0.3506253659725189,,0.2999197840690613,,0.2341289520263672,,0.18899767100811005,0.20309759676456451,,,,,,,,,,,,,,
0,,609,,,,,,,,,,0.000898510217666626,,0.0003123605565633625,,0.34873470664024353,,0.2976214289665222,,0.23731467127799988,,0.1763341724872589,0.19485822319984436,,,,,,,,,,,,,,
0,,619,,,,,,,,,,0.0008367598056793213,,0.00028444419149309397,,0.37216678261756897,,0.2710953950881958,,0.2373170703649521,,0.16210147738456726,0.18206149339675903,,,,,,,,,,,,,,
0,,629,,,,,,,,,,0.0009371936321258545,,0.0003161105269100517,,0.3311486840248108,,0.3071988523006439,,0.21310114860534668,,0.1509467214345932,0.17162829637527466,,,,,,,,,,,,,,
0,,639,,,,,,,,,,0.0006753504276275635,,0.00021638491307385266,,0.2344120591878891,,0.29745611548423767,,0.22048892080783844,,0.14411018788814545,0.16684040427207947,,,,,,,,,,,,,,
0,,649,,,,,,,,,,0.0007962584495544434,,0.00030678120674565434,,0.336504191160202,,0.2908268868923187,,0.22812682390213013,,0.17302468419075012,0.19166485965251923,,,,,,,,,,,,,,
0,,659,,,,,,,,,,0.0009589642286300659,,0.0003038778086192906,,0.32729512453079224,,0.29256319999694824,,0.23809535801410675,,0.17531506717205048,0.19236120581626892,,,,,,,,,,,,,,
0,,669,,,,,,,,,,0.0006774365901947021,,0.0002451509062666446,,0.2839397192001343,,0.2920583486557007,,0.21652798354625702,,0.14881613850593567,0.17098459601402283,,,,,,,,,,,,,,
0,,679,,,,,,,,,,0.0006277114152908325,,0.00025098861078731716,,0.33352425694465637,,0.2925950586795807,,0.21702656149864197,,0.14481809735298157,0.1656738519668579,,,,,,,,,,,,,,
0,,689,,,,,,,,,,0.0006015300750732422,,0.0002001449465751648,,0.35801905393600464,,0.3031335175037384,,0.20950700342655182,,0.1656421571969986,0.18219928443431854,,,,,,,,,,,,,,
0,,699,,,,,,,,,,0.000655248761177063,,0.0002233943232567981,,0.26181843876838684,,0.305652379989624,,0.20605111122131348,,0.13763493299484253,0.15891814231872559,,,,,,,,,,,,,,
0,,709,,,,,,,,,,0.000699460506439209,,0.00017459328228142112,,0.35371074080467224,,0.28376254439353943,,0.22137075662612915,,0.1473279893398285,0.1685744673013687,,,,,,,,,,,,,,
0,,719,,,,,,,,,,0.0009067803621292114,,0.00025835877750068903,,0.34331923723220825,,0.29854846000671387,,0.2150486260652542,,0.13270318508148193,0.15735282003879547,,,,,,,,,,,,,,
0,,729,,,,,,,,,,0.0005924403667449951,,0.00017187376215588301,,0.29275965690612793,,0.26381441950798035,,0.2130815088748932,,0.13282649219036102,0.1545456200838089,,,,,,,,,,,,,,
0,,739,,,,,,,,,,0.0005827024579048157,,0.00018183451902586967,,0.2825874090194702,,0.2909259796142578,,0.20399270951747894,,0.14179538190364838,0.16070456802845,,,,,,,,,,,,,,
0,,749,,,,,,,,,,0.0006754398345947266,,0.0003245893167331815,,0.3057054877281189,,0.27062031626701355,,0.20822130143642426,,0.13685564696788788,0.15879343450069427,,,,,,,,,,,,,,
0,,759,,,,,,,,,,0.0005776286125183105,,0.00020085602591279894,,0.3101901412010193,,0.30408820509910583,,0.18100759387016296,,0.11238906532526016,0.13407361507415771,,,,,,,,,,,,,,
0,,769,,,,,,,,,,0.000603988766670227,,0.00020824848616030067,,0.2804775834083557,,0.30109933018684387,,0.19927838444709778,,0.12037098407745361,0.14500848948955536,,,,,,,,,,,,,,
0,,779,,,,,,,,,,0.000554203987121582,,0.00016883548232726753,,0.3060671389102936,,0.3087614178657532,,0.185468852519989,,0.12084231525659561,0.14448465406894684,,,,,,,,,,,,,,
0,,789,,,,,,,,,,0.0004918873310089111,,0.00011089757026638836,,0.325786292552948,,0.24962039291858673,,0.1856418401002884,,0.1013181284070015,0.1273500770330429,,,,,,,,,,,,,,
0,,799,,,,,,,,,,0.00041040778160095215,,0.00014096559607423842,,0.2741951644420624,,0.2938823997974396,,0.1964799463748932,,0.12152598798274994,0.1440754383802414,,,,,,,,,,,,,,
0,,809,,,,,,,,,,0.0004334449768066406,,0.0001818434684537351,,0.33542147278785706,,0.25315937399864197,,0.19803597033023834,,0.12188384681940079,0.1433924287557602,,,,,,,,,,,,,,
0,,819,,,,,,,,,,0.0003195852041244507,,0.00010131549061043188,,0.28566351532936096,,0.27506160736083984,,0.2038087248802185,,0.11666073650121689,0.14193768799304962,,,,,,,,,,,,,,
0,,829,,,,,,,,,,0.00029443949460983276,,0.00016016264271456748,,0.27804261445999146,,0.28443145751953125,,0.19814714789390564,,0.12322356551885605,0.144860178232193,,,,,,,,,,,,,,
0,,839,,,,,,,,,,0.0002959519624710083,,0.0001562220131745562,,0.28693628311157227,,0.29407259821891785,,0.19471900165081024,,0.11829575896263123,0.14323799312114716,,,,,,,,,,,,,,
0,,849,,,,,,,,,,0.00021592527627944946,,0.00015256334154400975,,0.34092843532562256,,0.29074013233184814,,0.17447659373283386,,0.09196336567401886,0.11907020956277847,,,,,,,,,,,,,,
0,,859,,,,,,,,,,0.000267811119556427,,0.0001545655686641112,,0.26337161660194397,,0.3072611391544342,,0.18679046630859375,,0.10496680438518524,0.12979678809642792,,,,,,,,,,,,,,
0,,869,,,,,,,,,,0.00031317025423049927,,0.0002926361921709031,,0.28286632895469666,,0.2990102767944336,,0.19359950721263885,,0.10900036245584488,0.13424089550971985,,,,,,,,,,,,,,
0,,879,,,,,,,,,,0.0003474801778793335,,0.00015067803906276822,,0.26016056537628174,,0.28810611367225647,,0.17837412655353546,,0.08827625215053558,0.1158892884850502,,,,,,,,,,,,,,
0,,889,,,,,,,,,,0.00035575777292251587,,0.00011766196257667616,,0.26759377121925354,,0.26836222410202026,,0.20087191462516785,,0.09799399226903915,0.12433809041976929,,,,,,,,,,,,,,
0,,899,,,,,,,,,,0.0003999359905719757,,0.0001703410380287096,,0.2756056487560272,,0.28854817152023315,,0.16925014555454254,,0.09190067648887634,0.11883923411369324,,,,,,,,,,,,,,
0,,909,,,,,,,,,,0.0002842620015144348,,9.386808960698545e-05,,0.27230727672576904,,0.24649463593959808,,0.16192923486232758,,0.09347948431968689,0.11309407651424408,,,,,,,,,,,,,,
0,,919,,,,,,,,,,0.00027301162481307983,,0.0001039232374751009,,0.34369319677352905,,0.28155097365379333,,0.16591356694698334,,0.09200616925954819,0.11849847435951233,,,,,,,,,,,,,,
0,,929,,,,,,,,,,0.0003285221755504608,,0.00021417727111838758,,0.30700698494911194,,0.29490166902542114,,0.1618802398443222,,0.0806434378027916,0.10961879044771194,,,,,,,,,,,,,,
0,,939,,,,,,,,,,0.0002134963870048523,,0.00010270556958857924,,0.2913854718208313,,0.2663932740688324,,0.16570502519607544,,0.08341073989868164,0.10949323326349258,,,,,,,,,,,,,,
0,,949,,,,,,,,,,0.0002042129635810852,,5.961944771115668e-05,,0.2736286222934723,,0.25994861125946045,,0.15500065684318542,,0.08133580535650253,0.1062622219324112,,,,,,,,,,,,,,
0,,959,,,,,,,,,,0.00028735771775245667,,0.0001012036664178595,,0.2876812815666199,,0.26489174365997314,,0.17335684597492218,,0.09499441832304001,0.12105783075094223,,,,,,,,,,,,,,
0,,969,,,,,,,,,,0.0002875477075576782,,0.00012825043813791126,,0.30295953154563904,,0.29188272356987,,0.16216954588890076,,0.08130906522274017,0.10807617008686066,,,,,,,,,,,,,,
0,,979,,,,,,,,,,0.00019405409693717957,,0.00010207326704403386,,0.2952606976032257,,0.27046433091163635,,0.17215554416179657,,0.08793779462575912,0.11636169254779816,,,,,,,,,,,,,,
0,,989,,,,,,,,,,0.0002020038664340973,,6.23864252702333e-05,,0.34936702251434326,,0.2663359045982361,,0.14958027005195618,,0.08617885410785675,0.10769665986299515,,,,,,,,,,,,,,
0,,999,,,,,,,,,,0.00016203522682189941,,0.00010966633999487385,,0.28327250480651855,,0.29201170802116394,,0.1657448709011078,,0.08692731708288193,0.11139234155416489,,,,,,,,,,,,,,
0,,1009,,,,,,,,,,0.00016393139958381653,,8.246825018431991e-05,,0.2178960144519806,,0.2888568043708801,,0.16117580235004425,,0.0751405656337738,0.10210558772087097,,,,,,,,,,,,,,
0,,1019,,,,,,,,,,0.00020966120064258575,,0.00012593207065947354,,0.275063157081604,,0.25531038641929626,,0.14839671552181244,,0.07055805623531342,0.09704321622848511,,,,,,,,,,,,,,
0,,1029,,,,,,,,,,0.00015543214976787567,,0.0001629352627787739,,0.3569134473800659,,0.2822982966899872,,0.1496829390525818,,0.07432373613119125,0.10297790914773941,,,,,,,,,,,,,,
0,,1039,,,,,,,,,,0.00010919943451881409,,6.121365731814876e-05,,0.2791097164154053,,0.2498510628938675,,0.1592668890953064,,0.07028301060199738,0.0986723005771637,,,,,,,,,,,,,,
0,,1049,,,,,,,,,,0.00011689960956573486,,6.933226541150361e-05,,0.2936725318431854,,0.28896433115005493,,0.1523115634918213,,0.08676889538764954,0.11078353971242905,,,,,,,,,,,,,,
0,,1059,,,,,,,,,,0.00015713274478912354,,4.227436147630215e-05,,0.25239917635917664,,0.2741510570049286,,0.15837562084197998,,0.06660260260105133,0.09631598740816116,,,,,,,,,,,,,,
0,,1069,,,,,,,,,,0.00011761114001274109,,8.345489186467603e-05,,0.25262898206710815,,0.2725926637649536,,0.1472298800945282,,0.07582859694957733,0.09770473837852478,,,,,,,,,,,,,,
0,,1079,,,,,,,,,,0.00014982745051383972,,0.0001301868906011805,,0.3155372738838196,,0.27765509486198425,,0.15724855661392212,,0.07477442920207977,0.10562609881162643,,,,,,,,,,,,,,
0,,1089,,,,,,,,,,0.00021649710834026337,,0.00017092336202040315,,0.28028836846351624,,0.2720157206058502,,0.16044633090496063,,0.07370676845312119,0.10021059215068817,,,,,,,,,,,,,,
0,,1099,,,,,,,,,,0.00015421956777572632,,0.0001367532240692526,,0.2968456745147705,,0.24881212413311005,,0.15078280866146088,,0.07162585109472275,0.09674768894910812,,,,,,,,,,,,,,
0,,1109,,,,,,,,,,0.00013267062604427338,,6.676436896668747e-05,,0.287845641374588,,0.2946988642215729,,0.14009083807468414,,0.06925911456346512,0.09799586236476898,,,,,,,,,,,,,,
0,,1119,,,,,,,,,,0.00015659816563129425,,0.00011624007311183959,,0.2826116383075714,,0.2712128162384033,,0.15085028111934662,,0.06070351228117943,0.08903206884860992,,,,,,,,,,,,,,
0,,1129,,,,,,,,,,0.00013455376029014587,,8.049330062931404e-05,,0.29415076971054077,,0.2795794904232025,,0.13696350157260895,,0.06113634258508682,0.08745018392801285,,,,,,,,,,,,,,
0,,1139,,,,,,,,,,0.0001230873167514801,,0.00013948086416348815,,0.28659239411354065,,0.2696561813354492,,0.14483396708965302,,0.0748630166053772,0.0999133363366127,,,,,,,,,,,,,,
0,,1149,,,,,,,,,,0.00010368600487709045,,0.00011302399798296392,,0.2739902138710022,,0.2708069682121277,,0.13680317997932434,,0.05868568643927574,0.08534345030784607,,,,,,,,,,,,,,
0,,1159,,,,,,,,,,0.00010455213487148285,,0.00012856991088483483,,0.3244696855545044,,0.2529284954071045,,0.1465810239315033,,0.06628042459487915,0.09250735491514206,,,,,,,,,,,,,,
0,,1166,,,,,,,,,,,,,,,,,,,,,,0.9755125641822815,1.0,1.0,0.9212272763252258,0.9011134505271912,0.9563263654708862,0.9856879115104675,0.07003870606422424,2.562999725341797e-05,1.3440847396850586e-05,0.2971934378147125,0.2766611874103546,0.1232091411948204,0.04062484949827194
0,,1166,0.9089346528053284,0.999116063117981,0.9991428256034851,0.9235379695892334,0.891360878944397,0.9040313959121704,0.9105702042579651,0.2991960942745209,0.01612556353211403,,0.01305015105754137,,0.31804561614990234,,0.34481513500213623,,0.3067767322063446,,0.29562172293663025,,,,,,,,,,,,,,,,
,0.00029917828430524096,1167,,,,,,,,,,,,,,,,,,,,,,,,,,,,,,,,,,,
1,,1169,,,,,,,,,,9.501352906227112e-05,,3.8350000977516174e-05,,0.25719383358955383,,0.2830835282802582,,0.15667366981506348,,0.06608197838068008,0.09388048201799393,,,,,,,,,,,,,,
1,,1179,,,,,,,,,,8.080340921878815e-05,,3.766641020774841e-05,,0.3166000247001648,,0.2749207317829132,,0.14063677191734314,,0.06093406304717064,0.09077750146389008,,,,,,,,,,,,,,
1,,1189,,,,,,,,,,7.686764001846313e-05,,0.0003459466388449073,,0.24824662506580353,,0.2565780282020569,,0.11776319146156311,,0.05026273429393768,0.07500984519720078,,,,,,,,,,,,,,
1,,1199,,,,,,,,,,0.00011604465544223785,,6.25722313998267e-05,,0.318409264087677,,0.2607162594795227,,0.1389569342136383,,0.061409395188093185,0.08734053373336792,,,,,,,,,,,,,,
1,,1209,,,,,,,,,,0.00011176988482475281,,8.606186020188034e-05,,0.2549227774143219,,0.28409266471862793,,0.138884499669075,,0.054010190069675446,0.08334279805421829,,,,,,,,,,,,,,
1,,1219,,,,,,,,,,0.00011956878006458282,,0.00010346133058192208,,0.2826704680919647,,0.285264253616333,,0.1498088240623474,,0.06411056965589523,0.09159814566373825,,,,,,,,,,,,,,
1,,1229,,,,,,,,,,0.00012115761637687683,,0.0002826283744070679,,0.28002142906188965,,0.2528287172317505,,0.1293996125459671,,0.056377556174993515,0.08390916138887405,,,,,,,,,,,,,,
1,,1239,,,,,,,,,,0.00010475143790245056,,0.00011233978148084134,,0.27086493372917175,,0.2679744362831116,,0.13500069081783295,,0.059266116470098495,0.0868682712316513,,,,,,,,,,,,,,
1,,1249,,,,,,,,,,7.619522511959076e-05,,0.00011319557233946398,,0.3197440803050995,,0.258605420589447,,0.13496753573417664,,0.05236651003360748,0.08023881912231445,,,,,,,,,,,,,,
1,,1259,,,,,,,,,,0.00012406520545482635,,0.00016025423246901482,,0.29800155758857727,,0.2726404666900635,,0.1328078955411911,,0.05477439612150192,0.08314813673496246,,,,,,,,,,,,,,
1,,1269,,,,,,,,,,8.71419906616211e-05,,9.796713857213035e-05,,0.2826630771160126,,0.26391735672950745,,0.1386633664369583,,0.05704528093338013,0.08403661102056503,,,,,,,,,,,,,,
1,,1279,,,,,,,,,,9.33576375246048e-05,,6.308568845270202e-05,,0.2977054715156555,,0.2276541143655777,,0.13728320598602295,,0.049604978412389755,0.07593535631895065,,,,,,,,,,,,,,
1,,1289,,,,,,,,,,0.0001290496438741684,,7.221753912745044e-05,,0.28587567806243896,,0.2846622169017792,,0.1450074166059494,,0.05941994860768318,0.0906432643532753,,,,,,,,,,,,,,
1,,1299,,,,,,,,,,0.0001462344080209732,,8.918678940972313e-05,,0.2691708207130432,,0.27495279908180237,,0.11801553517580032,,0.04396966099739075,0.07038257271051407,,,,,,,,,,,,,,
1,,1309,,,,,,,,,,6.32014125585556e-05,,2.8153261155239306e-05,,0.2299746870994568,,0.3042602241039276,,0.12913952767848969,,0.049608051776885986,0.07827459275722504,,,,,,,,,,,,,,
1,,1319,,,,,,,,,,9.527988731861115e-05,,3.8679987483192235e-05,,0.30946779251098633,,0.24688205122947693,,0.1254025101661682,,0.0479893758893013,0.07216564565896988,,,,,,,,,,,,,,
1,,1329,,,,,,,,,,0.000148039311170578,,0.00011330583947710693,,0.2929394543170929,,0.2726935148239136,,0.12970753014087677,,0.052567850798368454,0.08107681572437286,,,,,,,,,,,,,,
1,,1339,,,,,,,,,,8.286722004413605e-05,,3.6419060052139685e-05,,0.2918013334274292,,0.263494610786438,,0.11273199319839478,,0.04534020647406578,0.07203913480043411,,,,,,,,,,,,,,
1,,1349,,,,,,,,,,0.00013256631791591644,,5.464207788463682e-05,,0.270420640707016,,0.2592739164829254,,0.13856816291809082,,0.047227829694747925,0.07658448070287704,,,,,,,,,,,,,,
1,,1359,,,,,,,,,,0.00016507506370544434,,8.796434121904895e-05,,0.2958299517631531,,0.24578756093978882,,0.12014494091272354,,0.03577655926346779,0.06355812400579453,,,,,,,,,,,,,,
1,,1369,,,,,,,,,,9.900704026222229e-05,,3.7539604818448424e-05,,0.23657338321208954,,0.2829742729663849,,0.12494243681430817,,0.042187970131635666,0.07108679413795471,,,,,,,,,,,,,,
1,,1379,,,,,,,,,,0.00011856108903884888,,9.783631685422733e-05,,0.32331448793411255,,0.2679429054260254,,0.13039952516555786,,0.04433227330446243,0.07335110008716583,,,,,,,,,,,,,,
1,,1389,,,,,,,,,,0.0002535078674554825,,7.149734301492572e-05,,0.27470362186431885,,0.2666407525539398,,0.11400394886732101,,0.04303118959069252,0.06801853328943253,,,,,,,,,,,,,,
1,,1399,,,,,,,,,,0.00010567530989646912,,5.977485852781683e-05,,0.2969401776790619,,0.27281802892684937,,0.12089041620492935,,0.04127751290798187,0.07057898491621017,,,,,,,,,,,,,,
1,,1409,,,,,,,,,,0.00012733601033687592,,7.001496851444244e-05,,0.24254268407821655,,0.26410236954689026,,0.13070644438266754,,0.046481817960739136,0.0738365650177002,,,,,,,,,,,,,,
1,,1419,,,,,,,,,,0.0001026056706905365,,6.452186789829284e-05,,0.26937827467918396,,0.2567366063594818,,0.14524775743484497,,0.0465368814766407,0.07694629579782486,,,,,,,,,,,,,,
1,,1429,,,,,,,,,,8.755549788475037e-05,,2.7300902729621157e-05,,0.33087825775146484,,0.2478269785642624,,0.11940678209066391,,0.03891099616885185,0.06577391922473907,,,,,,,,,,,,,,
1,,1439,,,,,,,,,,0.00012822076678276062,,3.91395587939769e-05,,0.33914026618003845,,0.26740124821662903,,0.11189653724431992,,0.04146205633878708,0.0691853016614914,,,,,,,,,,,,,,
1,,1449,,,,,,,,,,6.163865327835083e-05,,3.358721733093262e-05,,0.2164408415555954,,0.2620370090007782,,0.1049179658293724,,0.03342556953430176,0.05900971218943596,,,,,,,,,,,,,,
1,,1459,,,,,,,,,,5.583465099334717e-05,,3.0153541956678964e-05,,0.3269861936569214,,0.2716144621372223,,0.11873572319746017,,0.041046615689992905,0.06839477270841599,,,,,,,,,,,,,,
1,,1469,,,,,,,,,,6.040744483470917e-05,,3.704705159179866e-05,,0.279181569814682,,0.25752687454223633,,0.13229312002658844,,0.043189458549022675,0.0746522918343544,,,,,,,,,,,,,,
1,,1479,,,,,,,,,,7.056258618831635e-05,,7.280085264937952e-05,,0.2703306972980499,,0.2640775144100189,,0.12164530158042908,,0.04197029396891594,0.06919310986995697,,,,,,,,,,,,,,
1,,1489,,,,,,,,,,3.906711935997009e-05,,4.556325438898057e-05,,0.28354042768478394,,0.25049370527267456,,0.11747360229492188,,0.03797381371259689,0.06381453573703766,,,,,,,,,,,,,,
1,,1499,,,,,,,,,,4.80208545923233e-05,,5.805186810903251e-05,,0.25876542925834656,,0.24994808435440063,,0.11641843616962433,,0.03320492431521416,0.06134231016039848,,,,,,,,,,,,,,
1,,1509,,,,,,,,,,8.416175842285156e-05,,5.3955100156599656e-05,,0.2532655596733093,,0.2727382481098175,,0.12532231211662292,,0.037637390196323395,0.06761706620454788,,,,,,,,,,,,,,
1,,1519,,,,,,,,,,7.444806396961212e-05,,3.988784010289237e-05,,0.2940194606781006,,0.24138136208057404,,0.10780271887779236,,0.031788554042577744,0.0589272566139698,,,,,,,,,,,,,,
1,,1529,,,,,,,,,,6.47418200969696e-05,,4.926907058688812e-05,,0.2810683846473694,,0.27457526326179504,,0.10894099622964859,,0.03562255576252937,0.06333151459693909,,,,,,,,,,,,,,
1,,1539,,,,,,,,,,3.381073474884033e-05,,4.771431486005895e-05,,0.33535128831863403,,0.23929491639137268,,0.10609170794487,,0.029689788818359375,0.05773792788386345,,,,,,,,,,,,,,
1,,1549,,,,,,,,,,3.7826597690582275e-05,,2.4136035790434107e-05,,0.2857615351676941,,0.24434465169906616,,0.11624834686517715,,0.03609795868396759,0.06378931552171707,,,,,,,,,,,,,,
1,,1559,,,,,,,,,,6.719864904880524e-05,,4.354046541266143e-05,,0.2875562608242035,,0.2761056423187256,,0.11559775471687317,,0.031757354736328125,0.062468014657497406,,,,,,,,,,,,,,
1,,1569,,,,,,,,,,3.6561861634254456e-05,,5.2040271839359775e-05,,0.28532862663269043,,0.2781739830970764,,0.11223249137401581,,0.03579125553369522,0.06337416172027588,,,,,,,,,,,,,,
1,,1579,,,,,,,,,,4.895031452178955e-05,,6.155503797344863e-05,,0.28798264265060425,,0.26758354902267456,,0.12066783010959625,,0.03612662851810455,0.06362711638212204,,,,,,,,,,,,,,
1,,1589,,,,,,,,,,3.435462713241577e-05,,3.969801764469594e-05,,0.2586100399494171,,0.27001824975013733,,0.11452735215425491,,0.03666475787758827,0.06671474128961563,,,,,,,,,,,,,,
1,,1599,,,,,,,,,,4.242360591888428e-05,,4.231630373396911e-05,,0.32315635681152344,,0.26628339290618896,,0.09185849130153656,,0.028037769719958305,0.05699401721358299,,,,,,,,,,,,,,
1,,1609,,,,,,,,,,4.96450811624527e-05,,2.296612728969194e-05,,0.2498697191476822,,0.2728092670440674,,0.11595740914344788,,0.03060477040708065,0.0624275840818882,,,,,,,,,,,,,,
1,,1619,,,,,,,,,,4.515238106250763e-05,,0.00010543469397816807,,0.27494731545448303,,0.28062066435813904,,0.10792838037014008,,0.02719932049512863,0.05695585906505585,,,,,,,,,,,,,,
1,,1629,,,,,,,,,,4.1604042053222656e-05,,3.922944233636372e-05,,0.29718440771102905,,0.24815218150615692,,0.10694213211536407,,0.03378160670399666,0.06026788800954819,,,,,,,,,,,,,,
1,,1639,,,,,,,,,,6.725266575813293e-05,,7.818997255526483e-05,,0.2816443145275116,,0.2668854892253876,,0.10860863327980042,,0.03836147114634514,0.06273554265499115,,,,,,,,,,,,,,
1,,1649,,,,,,,,,,5.837157368659973e-05,,4.9395817768527195e-05,,0.2705436944961548,,0.23541885614395142,,0.09960876405239105,,0.02753451280295849,0.05063875392079353,,,,,,,,,,,,,,
1,,1659,,,,,,,,,,9.616091847419739e-05,,3.124661452602595e-05,,0.26028507947921753,,0.26424968242645264,,0.10763648897409439,,0.026563433930277824,0.055899206548929214,,,,,,,,,,,,,,
1,,1669,,,,,,,,,,9.500794112682343e-05,,0.0006627237889915705,,0.27317264676094055,,0.2525339126586914,,0.09728028625249863,,0.02233693189918995,0.05213414132595062,,,,,,,,,,,,,,
1,,1679,,,,,,,,,,8.748844265937805e-05,,0.0001335003471467644,,0.289415568113327,,0.2696835994720459,,0.09948718547821045,,0.0263932216912508,0.054231420159339905,,,,,,,,,,,,,,
1,,1689,,,,,,,,,,8.229538798332214e-05,,9.146739466814324e-05,,0.3396657705307007,,0.24807189404964447,,0.11506697535514832,,0.029293043538928032,0.06029175594449043,,,,,,,,,,,,,,
1,,1699,,,,,,,,,,7.577426731586456e-05,,5.835163756273687e-05,,0.3029128313064575,,0.26730766892433167,,0.09725144505500793,,0.026141205802559853,0.0524187795817852,,,,,,,,,,,,,,
1,,1709,,,,,,,,,,9.182095527648926e-05,,3.3949243515962735e-05,,0.26003676652908325,,0.26508551836013794,,0.11618463695049286,,0.030008655041456223,0.05979921668767929,,,,,,,,,,,,,,
1,,1719,,,,,,,,,,6.13238662481308e-05,,4.675221862271428e-05,,0.2597429156303406,,0.2558724880218506,,0.10963308066129684,,0.029383307322859764,0.05963848531246185,,,,,,,,,,,,,,
1,,1729,,,,,,,,,,4.201754927635193e-05,,3.851372457575053e-05,,0.25469210743904114,,0.27190759778022766,,0.11538145691156387,,0.026867501437664032,0.057575732469558716,,,,,,,,,,,,,,
1,,1739,,,,,,,,,,8.827447891235352e-05,,5.4194559197640046e-05,,0.27309054136276245,,0.26495423913002014,,0.08722927421331406,,0.025678660720586777,0.053004566580057144,,,,,,,,,,,,,,
1,,1749,,,,,,,,,,6.17876648902893e-05,,2.5565264877513982e-05,,0.3327556550502777,,0.25411272048950195,,0.11136405169963837,,0.02861533872783184,0.060724128037691116,,,,,,,,,,,,,,
1,,1759,,,,,,,,,,3.8743019104003906e-05,,2.5390336304553784e-05,,0.30264779925346375,,0.26229843497276306,,0.11992283910512924,,0.025594651699066162,0.05961349979043007,,,,,,,,,,,,,,
1,,1769,,,,,,,,,,5.903095006942749e-05,,4.496839392231777e-05,,0.3140017092227936,,0.27768540382385254,,0.10374711453914642,,0.02619825303554535,0.057814374566078186,,,,,,,,,,,,,,
1,,1779,,,,,,,,,,3.347918391227722e-05,,2.0464061890379526e-05,,0.2889650762081146,,0.2529364228248596,,0.109514981508255,,0.02505352534353733,0.054018035531044006,,,,,,,,,,,,,,
1,,1789,,,,,,,,,,3.1560659408569336e-05,,1.8449687559041195e-05,,0.23874716460704803,,0.2615409195423126,,0.0918314978480339,,0.024971680715680122,0.05096234008669853,,,,,,,,,,,,,,
1,,1799,,,,,,,,,,4.2669475078582764e-05,,3.9697297324892133e-05,,0.27388277649879456,,0.2629958391189575,,0.1088918149471283,,0.029431184753775597,0.05939537286758423,,,,,,,,,,,,,,
1,,1809,,,,,,,,,,6.628409028053284e-05,,6.253147876122966e-05,,0.3219209611415863,,0.22157254815101624,,0.09012793004512787,,0.02311781793832779,0.04824184253811836,,,,,,,,,,,,,,
1,,1819,,,,,,,,,,4.0901824831962585e-05,,4.2108342313440517e-05,,0.28051644563674927,,0.24214956164360046,,0.09009066969156265,,0.01999237760901451,0.0456257164478302,,,,,,,,,,,,,,
1,,1829,,,,,,,,,,3.610551357269287e-05,,5.022770710638724e-05,,0.2365681380033493,,0.2467525154352188,,0.1046227216720581,,0.027262555435299873,0.05475141480565071,,,,,,,,,,,,,,
1,,1839,,,,,,,,,,3.622658550739288e-05,,4.0825281757861376e-05,,0.3032342195510864,,0.2325686514377594,,0.095663882791996,,0.025869498029351234,0.05037462338805199,,,,,,,,,,,,,,
1,,1849,,,,,,,,,,5.728192627429962e-05,,0.00011363474914105609,,0.2753031253814697,,0.25960859656333923,,0.11122989654541016,,0.022468753159046173,0.05050214007496834,,,,,,,,,,,,,,
1,,1859,,,,,,,,,,3.945082426071167e-05,,4.251063000992872e-05,,0.28074726462364197,,0.2714841663837433,,0.0918392539024353,,0.022227980196475983,0.05065106227993965,,,,,,,,,,,,,,
1,,1869,,,,,,,,,,4.296936094760895e-05,,5.225200584391132e-05,,0.27884504199028015,,0.2641010284423828,,0.09986013919115067,,0.023306749761104584,0.05149098485708237,,,,,,,,,,,,,,
1,,1879,,,,,,,,,,4.51207160949707e-05,,5.143880844116211e-05,,0.31070733070373535,,0.25877025723457336,,0.11241377890110016,,0.02520686574280262,0.059562038630247116,,,,,,,,,,,,,,
1,,1889,,,,,,,,,,5.185231566429138e-05,,3.6049143091076985e-05,,0.2793561518192291,,0.2730371057987213,,0.09527289122343063,,0.02455938421189785,0.05154506862163544,,,,,,,,,,,,,,
1,,1899,,,,,,,,,,4.290230572223663e-05,,4.100988735444844e-05,,0.30748406052589417,,0.2655749022960663,,0.08599551022052765,,0.02169780805706978,0.04619983211159706,,,,,,,,,,,,,,
1,,1909,,,,,,,,,,5.2189454436302185e-05,,5.1713122957153246e-05,,0.3324835002422333,,0.2599388062953949,,0.0906534418463707,,0.02472240850329399,0.05063151195645332,,,,,,,,,,,,,,
1,,1919,,,,,,,,,,8.247978985309601e-05,,8.38183841551654e-05,,0.2802542448043823,,0.26534172892570496,,0.09333772212266922,,0.020482510328292847,0.04926352947950363,,,,,,,,,,,,,,
1,,1929,,,,,,,,,,0.00011583976447582245,,0.00024764396948739886,,0.3094482123851776,,0.2535904049873352,,0.09397163987159729,,0.0209359098225832,0.048036638647317886,,,,,,,,,,,,,,
1,,1939,,,,,,,,,,6.460584700107574e-05,,5.650933599099517e-05,,0.3083319067955017,,0.26499614119529724,,0.09217392653226852,,0.02236507460474968,0.04989718645811081,,,,,,,,,,,,,,
1,,1949,,,,,,,,,,3.802962601184845e-05,,6.0618924180744216e-05,,0.3194463551044464,,0.22728854417800903,,0.09326618164777756,,0.019134484231472015,0.04407116025686264,,,,,,,,,,,,,,
1,,1959,,,,,,,,,,4.8747286200523376e-05,,4.083595558768138e-05,,0.3439981937408447,,0.2743222713470459,,0.09174531698226929,,0.01960223726928234,0.0472673662006855,,,,,,,,,,,,,,
1,,1969,,,,,,,,,,8.566677570343018e-05,,6.143128121038899e-05,,0.276901513338089,,0.24847105145454407,,0.08923382312059402,,0.018783217296004295,0.045503344386816025,,,,,,,,,,,,,,
1,,1979,,,,,,,,,,2.5315210223197937e-05,,3.072525214520283e-05,,0.3132161498069763,,0.24927234649658203,,0.08556624501943588,,0.01971212774515152,0.04387093707919121,,,,,,,,,,,,,,
1,,1989,,,,,,,,,,3.749877214431763e-05,,3.2537438528379425e-05,,0.21633747220039368,,0.28702518343925476,,0.09958487749099731,,0.018986307084560394,0.04902814328670502,,,,,,,,,,,,,,
1,,1999,,,,,,,,,,6.619095802307129e-05,,5.409637378761545e-05,,0.28780728578567505,,0.2432098239660263,,0.09833647310733795,,0.015721391886472702,0.044587574899196625,,,,,,,,,,,,,,
1,,2009,,,,,,,,,,4.764832556247711e-05,,8.7897373305168e-05,,0.2514224350452423,,0.2546544075012207,,0.1036582738161087,,0.018482457846403122,0.04568402096629143,,,,,,,,,,,,,,
1,,2019,,,,,,,,,,6.811320781707764e-05,,5.6246590247610584e-05,,0.26537638902664185,,0.2535483241081238,,0.08921466767787933,,0.01938229613006115,0.047991372644901276,,,,,,,,,,,,,,
1,,2029,,,,,,,,,,8.750148117542267e-05,,4.8491903726244345e-05,,0.28336361050605774,,0.27157485485076904,,0.08835938572883606,,0.021313149482011795,0.04649920389056206,,,,,,,,,,,,,,
1,,2039,,,,,,,,,,7.741525769233704e-05,,5.58873507543467e-05,,0.29522904753685,,0.2481745332479477,,0.0928739458322525,,0.0192257110029459,0.04965744540095329,,,,,,,,,,,,,,
1,,2049,,,,,,,,,,0.00010984577238559723,,8.121810242300853e-05,,0.27353402972221375,,0.2600799798965454,,0.09490294009447098,,0.020253822207450867,0.04832450672984123,,,,,,,,,,,,,,
1,,2059,,,,,,,,,,0.00015721656382083893,,0.00010103159729624167,,0.29575735330581665,,0.2443004846572876,,0.09771264344453812,,0.016917191445827484,0.04484178498387337,,,,,,,,,,,,,,
1,,2069,,,,,,,,,,0.00011489354074001312,,6.599575863219798e-05,,0.3363836109638214,,0.24010075628757477,,0.088258296251297,,0.014192186295986176,0.0414542481303215,,,,,,,,,,,,,,
1,,2079,,,,,,,,,,6.464868783950806e-05,,6.74674374749884e-05,,0.25490260124206543,,0.24677324295043945,,0.0884552001953125,,0.015586982481181622,0.04082050919532776,,,,,,,,,,,,,,
1,,2089,,,,,,,,,,9.745173156261444e-05,,0.00011828800779767334,,0.30522817373275757,,0.2546873986721039,,0.0925462618470192,,0.019711211323738098,0.04730834811925888,,,,,,,,,,,,,,
1,,2099,,,,,,,,,,7.54334032535553e-05,,4.249842095305212e-05,,0.2677084803581238,,0.2613537907600403,,0.08007261157035828,,0.016927450895309448,0.04327406361699104,,,,,,,,,,,,,,
1,,2109,,,,,,,,,,7.199496030807495e-05,,4.4852669816464186e-05,,0.2625819146633148,,0.26457658410072327,,0.08949752897024155,,0.01823703944683075,0.045776404440402985,,,,,,,,,,,,,,
1,,2119,,,,,,,,,,7.108598947525024e-05,,3.228386412956752e-05,,0.347145140171051,,0.2549072206020355,,0.06798320263624191,,0.015771929174661636,0.04029718413949013,,,,,,,,,,,,,,
1,,2129,,,,,,,,,,5.995854735374451e-05,,5.9156747738597915e-05,,0.2696640193462372,,0.25899019837379456,,0.07887829095125198,,0.016733145341277122,0.043789759278297424,,,,,,,,,,,,,,
1,,2139,,,,,,,,,,8.80565494298935e-05,,3.9959970308700576e-05,,0.31023383140563965,,0.2403378039598465,,0.0807209312915802,,0.013291181065142155,0.03822461515665054,,,,,,,,,,,,,,
1,,2149,,,,,,,,,,6.891414523124695e-05,,4.455106318346225e-05,,0.30414023995399475,,0.24140863120555878,,0.08291248232126236,,0.014042158611118793,0.042965903878211975,,,,,,,,,,,,,,
1,,2159,,,,,,,,,,4.338286817073822e-05,,2.744894300121814e-05,,0.27873069047927856,,0.24616773426532745,,0.07940483093261719,,0.014391197822988033,0.04008197411894798,,,,,,,,,,,,,,
1,,2169,,,,,,,,,,2.5160610675811768e-05,,2.8437376386136748e-05,,0.30179262161254883,,0.23660701513290405,,0.07363785058259964,,0.013812406919896603,0.041142210364341736,,,,,,,,,,,,,,
1,,2179,,,,,,,,,,2.154707908630371e-05,,2.525227864680346e-05,,0.28330668807029724,,0.254768043756485,,0.07977893203496933,,0.012647945433855057,0.041573815047740936,,,,,,,,,,,,,,
1,,2189,,,,,,,,,,3.915280103683472e-05,,4.3078704038634896e-05,,0.23622411489486694,,0.2605360448360443,,0.08777610957622528,,0.017444057390093803,0.04331139102578163,,,,,,,,,,,,,,
1,,2199,,,,,,,,,,2.9357150197029114e-05,,5.194623736315407e-05,,0.2376665323972702,,0.25350967049598694,,0.0847843736410141,,0.017236681655049324,0.04171620309352875,,,,,,,,,,,,,,
1,,2209,,,,,,,,,,3.134086728096008e-05,,3.6891386116622016e-05,,0.3318324387073517,,0.25251874327659607,,0.0836564376950264,,0.01452574785798788,0.04123854637145996,,,,,,,,,,,,,,
1,,2219,,,,,,,,,,3.2706186175346375e-05,,4.987343345419504e-05,,0.2625148296356201,,0.2535790503025055,,0.0957690179347992,,0.015348701737821102,0.042681436985731125,,,,,,,,,,,,,,
1,,2229,,,,,,,,,,2.3437663912773132e-05,,4.2070256313309073e-05,,0.27790096402168274,,0.2507714629173279,,0.08617988973855972,,0.017859304323792458,0.04468442499637604,,,,,,,,,,,,,,
1,,2239,,,,,,,,,,2.810731530189514e-05,,5.003981641493738e-05,,0.28566592931747437,,0.27839016914367676,,0.06380118429660797,,0.01515200361609459,0.03971053659915924,,,,,,,,,,,,,,
1,,2249,,,,,,,,,,2.0857900381088257e-05,,4.4073109165765345e-05,,0.29532602429389954,,0.26618024706840515,,0.09679081290960312,,0.014679874293506145,0.04311436414718628,,,,,,,,,,,,,,
1,,2259,,,,,,,,,,6.739981472492218e-05,,5.439975575427525e-05,,0.33903583884239197,,0.2554604709148407,,0.06347987800836563,,0.014031127095222473,0.03868025541305542,,,,,,,,,,,,,,
1,,2269,,,,,,,,,,4.756450653076172e-05,,7.217591337393969e-05,,0.3198850452899933,,0.22982488572597504,,0.08377958089113235,,0.014513151720166206,0.038347646594047546,,,,,,,,,,,,,,
1,,2279,,,,,,,,,,3.322772681713104e-05,,3.623463271651417e-05,,0.3019222617149353,,0.2420773059129715,,0.08479668945074081,,0.015195377171039581,0.04094945266842842,,,,,,,,,,,,,,
1,,2289,,,,,,,,,,6.601214408874512e-05,,7.317066047107801e-05,,0.24426724016666412,,0.259840190410614,,0.07196661829948425,,0.011441480368375778,0.03627680987119675,,,,,,,,,,,,,,
1,,2299,,,,,,,,,,5.474500358104706e-05,,3.881048542098142e-05,,0.3054511249065399,,0.2337159663438797,,0.07635156065225601,,0.012067900970578194,0.03737878426909447,,,,,,,,,,,,,,
1,,2309,,,,,,,,,,8.525513112545013e-05,,4.206319499644451e-05,,0.2883143126964569,,0.26008787751197815,,0.08218834549188614,,0.013402431271970272,0.04364176467061043,,,,,,,,,,,,,,
1,,2319,,,,,,,,,,3.032386302947998e-05,,2.96221533062635e-05,,0.27980658411979675,,0.2375151813030243,,0.076998271048069,,0.012886974029242992,0.03619775548577309,,,,,,,,,,,,,,
1,,2329,,,,,,,,,,3.423541784286499e-05,,4.155253918725066e-05,,0.3327145278453827,,0.24180740118026733,,0.07460451126098633,,0.013545320369303226,0.041352298110723495,,,,,,,,,,,,,,
1,,2333,,,,,,,,,,,,,,,,,,,,,,0.988325297832489,1.0,1.0,0.9212272763252258,0.9041098952293396,0.9729258418083191,0.9984292387962341,0.032470881938934326,4.172325134277344e-06,9.238719940185547e-06,0.2994718551635742,0.2647440731525421,0.06971706449985504,0.00462887529283762
1,,2333,0.9797701239585876,1.0,1.0,0.9246218800544739,0.9085496664047241,0.9619203209877014,0.9894278645515442,0.05754372850060463,7.169812306528911e-05,,6.580683111678809e-05,,0.28814250230789185,,0.25802814960479736,,0.10528191179037094,,0.02981041558086872,,,,,,,,,,,,,,,,
,0.0002967221401100708,2334,,,,,,,,,,,,,,,,,,,,,,,,,,,,,,,,,,,
2,,2339,,,,,,,,,,2.7995556592941284e-05,,5.1097493269480765e-05,,0.29169851541519165,,0.22215735912322998,,0.07615300267934799,,0.012468804605305195,0.037960030138492584,,,,,,,,,,,,,,
2,,2349,,,,,,,,,,6.05899840593338e-05,,8.682906627655029e-05,,0.26195400953292847,,0.23886623978614807,,0.07176876068115234,,0.011186675168573856,0.033943936228752136,,,,,,,,,,,,,,
2,,2359,,,,,,,,,,3.092922270298004e-05,,4.016465391032398e-05,,0.33190420269966125,,0.2527180314064026,,0.07156172394752502,,0.015154417604207993,0.03976402431726456,,,,,,,,,,,,,,
2,,2369,,,,,,,,,,3.2531097531318665e-05,,8.459350647171959e-05,,0.30693319439888,,0.2587261497974396,,0.06653205305337906,,0.01480612251907587,0.03998013585805893,,,,,,,,,,,,,,
2,,2379,,,,,,,,,,3.2028183341026306e-05,,8.66129994392395e-05,,0.2700255215167999,,0.2227347046136856,,0.06592932343482971,,0.011622640304267406,0.034705325961112976,,,,,,,,,,,,,,
2,,2389,,,,,,,,,,4.194676876068115e-05,,4.60394294350408e-05,,0.2698598802089691,,0.24455204606056213,,0.07723282277584076,,0.014194108545780182,0.039382901042699814,,,,,,,,,,,,,,
2,,2399,,,,,,,,,,8.409284055233002e-05,,0.00012143560161348432,,0.3127954304218292,,0.26255863904953003,,0.09142414480447769,,0.014324795454740524,0.04313953220844269,,,,,,,,,,,,,,
2,,2409,,,,,,,,,,7.873214781284332e-05,,5.6637658417457715e-05,,0.30672958493232727,,0.24107152223587036,,0.08219114691019058,,0.01141887903213501,0.03728658705949783,,,,,,,,,,,,,,
2,,2419,,,,,,,,,,0.00010169856250286102,,7.061859651003033e-05,,0.3116302788257599,,0.21149253845214844,,0.07275519520044327,,0.012314868159592152,0.03647017106413841,,,,,,,,,,,,,,
2,,2429,,,,,,,,,,0.00010440312325954437,,5.283151404000819e-05,,0.2654834985733032,,0.2261839210987091,,0.08522306382656097,,0.01330821868032217,0.039934683591127396,,,,,,,,,,,,,,
2,,2439,,,,,,,,,,3.415718674659729e-05,,3.8327711081365123e-05,,0.3037257492542267,,0.25578123331069946,,0.06694254279136658,,0.010860082693397999,0.03688427433371544,,,,,,,,,,,,,,
2,,2449,,,,,,,,,,7.781572639942169e-05,,4.221260314807296e-05,,0.2997856140136719,,0.23062855005264282,,0.07515662163496017,,0.011563140898942947,0.03700176253914833,,,,,,,,,,,,,,
2,,2459,,,,,,,,,,8.785910904407501e-05,,6.843959272373468e-05,,0.29723256826400757,,0.25226593017578125,,0.08092577010393143,,0.013339872471988201,0.040372662246227264,,,,,,,,,,,,,,
2,,2469,,,,,,,,,,5.147792398929596e-05,,8.927686576498672e-05,,0.31767746806144714,,0.2241346687078476,,0.07342585176229477,,0.012215969152748585,0.03639816492795944,,,,,,,,,,,,,,
2,,2479,,,,,,,,,,6.285682320594788e-05,,3.905713674612343e-05,,0.3368842303752899,,0.24176158010959625,,0.06746697425842285,,0.011626348830759525,0.0360100232064724,,,,,,,,,,,,,,
2,,2489,,,,,,,,,,3.8893893361091614e-05,,2.7027159376302734e-05,,0.2659088969230652,,0.2274981290102005,,0.07888758927583694,,0.012527299113571644,0.03703539818525314,,,,,,,,,,,,,,
2,,2499,,,,,,,,,,7.854774594306946e-05,,6.585159280803055e-05,,0.25113120675086975,,0.26841843128204346,,0.08522045612335205,,0.012059845961630344,0.03897260129451752,,,,,,,,,,,,,,
2,,2509,,,,,,,,,,9.227544069290161e-05,,4.019380867248401e-05,,0.2758617103099823,,0.2861780822277069,,0.07054347544908524,,0.012392827309668064,0.03897114843130112,,,,,,,,,,,,,,
2,,2519,,,,,,,,,,5.540810525417328e-05,,3.4881613828474656e-05,,0.32025042176246643,,0.2577044367790222,,0.07543065398931503,,0.012123188003897667,0.0397195965051651,,,,,,,,,,,,,,
2,,2529,,,,,,,,,,0.00010018050670623779,,6.9030822487548e-05,,0.3565581738948822,,0.21635639667510986,,0.07425665855407715,,0.010592310689389706,0.038459114730358124,,,,,,,,,,,,,,
2,,2539,,,,,,,,,,2.288632094860077e-05,,3.702615140355192e-05,,0.2553124725818634,,0.2526203989982605,,0.08063260465860367,,0.010862092487514019,0.03542138263583183,,,,,,,,,,,,,,
2,,2549,,,,,,,,,,8.149445056915283e-05,,5.3597857913700864e-05,,0.2657465636730194,,0.22427870333194733,,0.0672355368733406,,0.008115548640489578,0.03299534320831299,,,,,,,,,,,,,,
2,,2559,,,,,,,,,,0.0001393985003232956,,8.039501699386165e-05,,0.3030652105808258,,0.2194867730140686,,0.07392732053995132,,0.009509137831628323,0.03354860842227936,,,,,,,,,,,,,,
2,,2569,,,,,,,,,,9.956210851669312e-05,,5.442913607112132e-05,,0.29440364241600037,,0.22948826849460602,,0.06585585325956345,,0.00908556766808033,0.03141915053129196,,,,,,,,,,,,,,
2,,2579,,,,,,,,,,0.00013969466090202332,,2.908347232732922e-05,,0.2878246605396271,,0.2703697979450226,,0.06253540515899658,,0.012190437875688076,0.03805004432797432,,,,,,,,,,,,,,
2,,2589,,,,,,,,,,6.861612200737e-05,,4.81325805594679e-05,,0.2565653324127197,,0.23693698644638062,,0.07453595101833344,,0.012853187508881092,0.0411083921790123,,,,,,,,,,,,,,
2,,2599,,,,,,,,,,8.118525147438049e-05,,0.00013880508777219802,,0.272605836391449,,0.2663380801677704,,0.06821809709072113,,0.010489044710993767,0.03539338707923889,,,,,,,,,,,,,,
2,,2609,,,,,,,,,,7.153861224651337e-05,,7.318826828850433e-05,,0.2731902599334717,,0.26629164814949036,,0.07091914117336273,,0.01121936272829771,0.03808799758553505,,,,,,,,,,,,,,
2,,2619,,,,,,,,,,6.791763007640839e-05,,2.6801673811860383e-05,,0.22926734387874603,,0.26077014207839966,,0.06505852937698364,,0.009320039302110672,0.0351327583193779,,,,,,,,,,,,,,
2,,2629,,,,,,,,,,5.5441632866859436e-05,,2.75559323199559e-05,,0.2529757618904114,,0.24167494475841522,,0.07241599261760712,,0.009370716288685799,0.0338493175804615,,,,,,,,,,,,,,
2,,2639,,,,,,,,,,5.44227659702301e-05,,5.123336086398922e-05,,0.2857794165611267,,0.23687203228473663,,0.07994741201400757,,0.010319309309124947,0.03593222424387932,,,,,,,,,,,,,,
2,,2649,,,,,,,,,,5.454756319522858e-05,,2.8819480576203205e-05,,0.2568827271461487,,0.2632673978805542,,0.07169624418020248,,0.01056140847504139,0.036339063197374344,,,,,,,,,,,,,,
2,,2659,,,,,,,,,,3.776140511035919e-05,,2.9076456485199742e-05,,0.2878417670726776,,0.23473414778709412,,0.07535142451524734,,0.009378405287861824,0.03273149952292442,,,,,,,,,,,,,,
2,,2669,,,,,,,,,,5.54155558347702e-05,,3.2144856959348544e-05,,0.2529270648956299,,0.23368152976036072,,0.060290586203336716,,0.007963609881699085,0.031437937170267105,,,,,,,,,,,,,,
2,,2679,,,,,,,,,,1.928582787513733e-05,,2.6475638151168823e-05,,0.29939004778862,,0.23509328067302704,,0.07011022418737411,,0.009377846494317055,0.03547418490052223,,,,,,,,,,,,,,
2,,2689,,,,,,,,,,3.6578625440597534e-05,,2.8149161153123714e-05,,0.22825194895267487,,0.2634445130825043,,0.09034851938486099,,0.010732907801866531,0.04157070070505142,,,,,,,,,,,,,,
2,,2699,,,,,,,,,,3.554113209247589e-05,,3.996666782768443e-05,,0.29552125930786133,,0.2269999235868454,,0.07250580936670303,,0.01049965713173151,0.03633880615234375,,,,,,,,,,,,,,
2,,2709,,,,,,,,,,4.605390131473541e-05,,0.00015209175762720406,,0.3009946048259735,,0.240728959441185,,0.07991903275251389,,0.012420167215168476,0.038601234555244446,,,,,,,,,,,,,,
2,,2719,,,,,,,,,,3.6953017115592957e-05,,2.6000174329965375e-05,,0.2642543613910675,,0.2864367961883545,,0.06821539252996445,,0.011060831137001514,0.03541700169444084,,,,,,,,,,,,,,
2,,2729,,,,,,,,,,6.209872663021088e-05,,6.675659096799791e-05,,0.342187762260437,,0.2194608449935913,,0.07770884037017822,,0.00939602218568325,0.035518892109394073,,,,,,,,,,,,,,
2,,2739,,,,,,,,,,5.3942203521728516e-05,,4.535516200121492e-05,,0.29162147641181946,,0.24025219678878784,,0.05816744267940521,,0.009330459870398045,0.03256155550479889,,,,,,,,,,,,,,
2,,2749,,,,,,,,,,0.0001565646380186081,,4.1110699385171756e-05,,0.2867684066295624,,0.24947623908519745,,0.07185934484004974,,0.010343830101191998,0.036980025470256805,,,,,,,,,,,,,,
2,,2759,,,,,,,,,,2.3573637008666992e-05,,2.727017636061646e-05,,0.24402764439582825,,0.2451416403055191,,0.07058382779359818,,0.009322956204414368,0.03531012311577797,,,,,,,,,,,,,,
2,,2769,,,,,,,,,,6.002746522426605e-05,,5.2395917009562254e-05,,0.3454553186893463,,0.2293931543827057,,0.06575554609298706,,0.00864329095929861,0.033349525183439255,,,,,,,,,,,,,,
2,,2779,,,,,,,,,,3.231130540370941e-05,,0.00022972046281211078,,0.3040905296802521,,0.23896382749080658,,0.06973671168088913,,0.009475302882492542,0.03517111763358116,,,,,,,,,,,,,,
2,,2789,,,,,,,,,,3.664568066596985e-05,,2.0958064851583913e-05,,0.2802738547325134,,0.2307693362236023,,0.07196200639009476,,0.009013387374579906,0.033380165696144104,,,,,,,,,,,,,,
2,,2799,,,,,,,,,,5.8166682720184326e-05,,2.520465204725042e-05,,0.2501095235347748,,0.2339763194322586,,0.06981969624757767,,0.009625384584069252,0.033551860600709915,,,,,,,,,,,,,,
2,,2809,,,,,,,,,,3.333762288093567e-05,,4.811122562387027e-05,,0.29102736711502075,,0.2521243989467621,,0.06765253096818924,,0.009984031319618225,0.03527546301484108,,,,,,,,,,,,,,
2,,2819,,,,,,,,,,2.8731301426887512e-05,,4.696846008300781e-05,,0.28439536690711975,,0.25055891275405884,,0.06433890759944916,,0.009084789082407951,0.03420748561620712,,,,,,,,,,,,,,
2,,2829,,,,,,,,,,2.4273991584777832e-05,,4.4678145059151575e-05,,0.2853865623474121,,0.25337013602256775,,0.05915946140885353,,0.007852124981582165,0.03282691165804863,,,,,,,,,,,,,,
2,,2839,,,,,,,,,,2.870894968509674e-05,,4.833394996239804e-05,,0.3052203357219696,,0.24132980406284332,,0.08637218922376633,,0.008984804153442383,0.03644324839115143,,,,,,,,,,,,,,
2,,2849,,,,,,,,,,1.5828758478164673e-05,,1.6215948562603444e-05,,0.3205528259277344,,0.2312905341386795,,0.0588415190577507,,0.007572399452328682,0.030487943440675735,,,,,,,,,,,,,,
2,,2859,,,,,,,,,,2.4087727069854736e-05,,1.8137030565412715e-05,,0.28901296854019165,,0.2378648817539215,,0.07238006591796875,,0.008015583269298077,0.035039860755205154,,,,,,,,,,,,,,
2,,2869,,,,,,,,,,3.9599835872650146e-05,,4.360345337772742e-05,,0.2496630698442459,,0.28322720527648926,,0.0662950649857521,,0.007485680747777224,0.0357263945043087,,,,,,,,,,,,,,
2,,2879,,,,,,,,,,5.445629358291626e-05,,3.7317608075682074e-05,,0.24309328198432922,,0.2549402415752411,,0.06924034655094147,,0.007901751436293125,0.03598801791667938,,,,,,,,,,,,,,
2,,2889,,,,,,,,,,4.254281520843506e-05,,1.5798917956999503e-05,,0.27344244718551636,,0.25920408964157104,,0.06732094287872314,,0.010168325155973434,0.03620681166648865,,,,,,,,,,,,,,
2,,2899,,,,,,,,,,7.989257574081421e-05,,3.0045859602978453e-05,,0.2730324864387512,,0.24729251861572266,,0.06560731679201126,,0.008055351674556732,0.03290792927145958,,,,,,,,,,,,,,
2,,2909,,,,,,,,,,5.20218163728714e-05,,7.996966451173648e-05,,0.25906458497047424,,0.24925298988819122,,0.06709982454776764,,0.008271814323961735,0.03484718129038811,,,,,,,,,,,,,,
2,,2919,,,,,,,,,,5.702860653400421e-05,,6.833612860646099e-05,,0.2669479548931122,,0.23612521588802338,,0.062182966619729996,,0.007372965104877949,0.02929704822599888,,,,,,,,,,,,,,
2,,2929,,,,,,,,,,0.00011461228132247925,,6.330743053695187e-05,,0.2819620370864868,,0.22479860484600067,,0.06229580193758011,,0.010473365895450115,0.03266574814915657,,,,,,,,,,,,,,
2,,2939,,,,,,,,,,6.418116390705109e-05,,4.3392818042775616e-05,,0.29000139236450195,,0.2350645661354065,,0.05814012885093689,,0.008514557965099812,0.033665724098682404,,,,,,,,,,,,,,
2,,2949,,,,,,,,,,2.5752931833267212e-05,,5.0829101382987574e-05,,0.2716221213340759,,0.25438550114631653,,0.0666671097278595,,0.0071203806437551975,0.03474019095301628,,,,,,,,,,,,,,
2,,2959,,,,,,,,,,7.51744955778122e-05,,4.27413106081076e-05,,0.2694259583950043,,0.23344352841377258,,0.0674496665596962,,0.008743301965296268,0.03378809615969658,,,,,,,,,,,,,,
2,,2969,,,,,,,,,,2.0563602447509766e-05,,1.2995206816412974e-05,,0.2881197929382324,,0.21912330389022827,,0.06569965928792953,,0.007488886825740337,0.031118294224143028,,,,,,,,,,,,,,
2,,2979,,,,,,,,,,4.1853636503219604e-05,,2.8540691346279345e-05,,0.32386815547943115,,0.25147977471351624,,0.06912125647068024,,0.010343764908611774,0.03753408417105675,,,,,,,,,,,,,,
2,,2989,,,,,,,,,,2.432800829410553e-05,,1.5957208233885467e-05,,0.30256688594818115,,0.2375795990228653,,0.05910191684961319,,0.008331920020282269,0.03125433251261711,,,,,,,,,,,,,,
2,,2999,,,,,,,,,,0.00013788975775241852,,1.8623211872181855e-05,,0.27038922905921936,,0.24466535449028015,,0.06584842503070831,,0.009606137871742249,0.033483199775218964,,,,,,,,,,,,,,
2,,3009,,,,,,,,,,0.00016910023987293243,,5.381794471759349e-05,,0.23177579045295715,,0.24216924607753754,,0.06948874145746231,,0.007982670329511166,0.03312761336565018,,,,,,,,,,,,,,
2,,3019,,,,,,,,,,0.00010967068374156952,,0.0001619345130166039,,0.3102535009384155,,0.2400226891040802,,0.061652131378650665,,0.007623175159096718,0.032443076372146606,,,,,,,,,,,,,,
2,,3029,,,,,,,,,,8.643791079521179e-05,,4.4485957914730534e-05,,0.28140631318092346,,0.2356899529695511,,0.06729450821876526,,0.006820566486567259,0.03438359126448631,,,,,,,,,,,,,,
2,,3039,,,,,,,,,,7.799267768859863e-05,,2.4414310246356763e-05,,0.27340373396873474,,0.25516244769096375,,0.05491425096988678,,0.006640546955168247,0.029264161363244057,,,,,,,,,,,,,,
2,,3049,,,,,,,,,,5.468539893627167e-05,,4.932403680868447e-05,,0.3128608167171478,,0.2303813099861145,,0.05776957422494888,,0.007211015094071627,0.028698837384581566,,,,,,,,,,,,,,
2,,3059,,,,,,,,,,5.266442894935608e-05,,3.023346289410256e-05,,0.26432880759239197,,0.2521649897098541,,0.06515232473611832,,0.007400385569781065,0.030444269999861717,,,,,,,,,,,,,,
2,,3069,,,,,,,,,,2.308562397956848e-05,,3.90690729545895e-05,,0.307647168636322,,0.20590724050998688,,0.06094089522957802,,0.008148064836859703,0.030097106471657753,,,,,,,,,,,,,,
2,,3079,,,,,,,,,,8.705258369445801e-05,,6.364915316225961e-05,,0.2929144501686096,,0.23837624490261078,,0.0622270368039608,,0.008737687952816486,0.032103925943374634,,,,,,,,,,,,,,
2,,3089,,,,,,,,,,5.673430860042572e-05,,3.489360824460164e-05,,0.24161888659000397,,0.26361188292503357,,0.05933969467878342,,0.006792681757360697,0.031121298670768738,,,,,,,,,,,,,,
2,,3099,,,,,,,,,,0.0001402292400598526,,6.254686741158366e-05,,0.3271152079105377,,0.24234335124492645,,0.06960844993591309,,0.006931828334927559,0.03371796756982803,,,,,,,,,,,,,,
2,,3109,,,,,,,,,,9.684264659881592e-05,,3.173914592480287e-05,,0.26330170035362244,,0.2395957112312317,,0.07284000515937805,,0.007668125443160534,0.0333033949136734,,,,,,,,,,,,,,
2,,3119,,,,,,,,,,0.00013449974358081818,,5.495426739798859e-05,,0.3399714231491089,,0.25181078910827637,,0.06107452139258385,,0.006168861873447895,0.03289031237363815,,,,,,,,,,,,,,
2,,3129,,,,,,,,,,6.784312427043915e-05,,3.253854811191559e-05,,0.30344632267951965,,0.2459315061569214,,0.06599278002977371,,0.007101056631654501,0.03191272169351578,,,,,,,,,,,,,,
2,,3139,,,,,,,,,,0.00012389197945594788,,4.682103462982923e-05,,0.2794557213783264,,0.24670834839344025,,0.06719059497117996,,0.005812970455735922,0.02946646511554718,,,,,,,,,,,,,,
2,,3149,,,,,,,,,,4.8920512199401855e-05,,2.429708001727704e-05,,0.30018940567970276,,0.22955843806266785,,0.06006356701254845,,0.006519467569887638,0.03144649788737297,,,,,,,,,,,,,,
2,,3159,,,,,,,,,,0.00010551698505878448,,2.3583570509799756e-05,,0.30200934410095215,,0.22388719022274017,,0.06763815879821777,,0.009252631105482578,0.03383859246969223,,,,,,,,,,,,,,
2,,3169,,,,,,,,,,0.0001627802848815918,,3.40821425197646e-05,,0.2581276297569275,,0.24696993827819824,,0.06384752690792084,,0.00836335401982069,0.0335911363363266,,,,,,,,,,,,,,
2,,3179,,,,,,,,,,9.684823453426361e-05,,3.989967080997303e-05,,0.31552085280418396,,0.26356640458106995,,0.05634327977895737,,0.0060809156857430935,0.031181950122117996,,,,,,,,,,,,,,
2,,3189,,,,,,,,,,0.00011457130312919617,,7.167600415414199e-05,,0.2667299509048462,,0.22965885698795319,,0.06685297936201096,,0.008212943561375141,0.031569335609674454,,,,,,,,,,,,,,
2,,3199,,,,,,,,,,0.0001061614602804184,,3.585487502277829e-05,,0.3147711157798767,,0.27579447627067566,,0.04912453144788742,,0.007425385527312756,0.029247425496578217,,,,,,,,,,,,,,
2,,3209,,,,,,,,,,5.8906152844429016e-05,,2.3848233468015678e-05,,0.31944525241851807,,0.23634278774261475,,0.05479976534843445,,0.006252531427890062,0.0298147015273571,,,,,,,,,,,,,,
2,,3219,,,,,,,,,,4.8531219363212585e-05,,2.078643228742294e-05,,0.28904810547828674,,0.2578223943710327,,0.05447012558579445,,0.006093407515436411,0.03291702643036842,,,,,,,,,,,,,,
2,,3229,,,,,,,,,,4.740804433822632e-05,,4.7733945393702015e-05,,0.2858005166053772,,0.21918468177318573,,0.05502629280090332,,0.0075054410845041275,0.029459401965141296,,,,,,,,,,,,,,
2,,3239,,,,,,,,,,4.3876469135284424e-05,,3.0721304938197136e-05,,0.290561705827713,,0.24235554039478302,,0.06374785304069519,,0.006695101037621498,0.02891549840569496,,,,,,,,,,,,,,
2,,3249,,,,,,,,,,3.976188600063324e-05,,2.897923877753783e-05,,0.30556824803352356,,0.2558780908584595,,0.06847834587097168,,0.008476516231894493,0.03410865366458893,,,,,,,,,,,,,,
2,,3259,,,,,,,,,,7.510371506214142e-05,,2.1122694306541234e-05,,0.30857160687446594,,0.23216703534126282,,0.06289001554250717,,0.008080465719103813,0.03268817067146301,,,,,,,,,,,,,,
2,,3269,,,,,,,,,,5.4566189646720886e-05,,0.00010590012971078977,,0.2787524461746216,,0.236310675740242,,0.05297528952360153,,0.006663702428340912,0.029614349827170372,,,,,,,,,,,,,,
2,,3279,,,,,,,,,,0.00012156367301940918,,5.761533975601196e-05,,0.29912784695625305,,0.23293279111385345,,0.056468360126018524,,0.005624580662697554,0.0287888552993536,,,,,,,,,,,,,,
2,,3289,,,,,,,,,,5.8162957429885864e-05,,3.750482210307382e-05,,0.32643023133277893,,0.23548342287540436,,0.05186852067708969,,0.0063942125998437405,0.029374979436397552,,,,,,,,,,,,,,
2,,3299,,,,,,,,,,8.480064570903778e-05,,3.3821848774096e-05,,0.2862839996814728,,0.23847918212413788,,0.06645175814628601,,0.005381190218031406,0.031114080920815468,,,,,,,,,,,,,,
2,,3309,,,,,,,,,,0.00013494491577148438,,0.00012622267240658402,,0.2471303939819336,,0.22802188992500305,,0.057338520884513855,,0.005625172983855009,0.029441015794873238,,,,,,,,,,,,,,
2,,3319,,,,,,,,,,4.830397665500641e-05,,2.3043356122798286e-05,,0.2599717974662781,,0.2522212862968445,,0.05643593892455101,,0.004612908232957125,0.02943524532020092,,,,,,,,,,,,,,
2,,3329,,,,,,,,,,0.00014483369886875153,,4.950894071953371e-05,,0.26462092995643616,,0.24459241330623627,,0.06728506833314896,,0.006279014050960541,0.030679911375045776,,,,,,,,,,,,,,
2,,3339,,,,,,,,,,3.411993384361267e-05,,1.3672244676854461e-05,,0.3052453100681305,,0.25108611583709717,,0.07311487942934036,,0.0076869879849255085,0.03391208127140999,,,,,,,,,,,,,,
2,,3349,,,,,,,,,,2.1025538444519043e-05,,1.512149719928857e-05,,0.2555614113807678,,0.23892632126808167,,0.062273308634757996,,0.006363610737025738,0.0304646547883749,,,,,,,,,,,,,,
2,,3359,,,,,,,,,,3.8621947169303894e-05,,1.397680080117425e-05,,0.31638503074645996,,0.21801351010799408,,0.05726155638694763,,0.007168320938944817,0.030258161947131157,,,,,,,,,,,,,,
2,,3369,,,,,,,,,,2.783350646495819e-05,,1.3660452168551274e-05,,0.2778884768486023,,0.2586508095264435,,0.05253252759575844,,0.00662699481472373,0.03131391853094101,,,,,,,,,,,,,,
2,,3379,,,,,,,,,,2.4238601326942444e-05,,1.6803491234895773e-05,,0.27214133739471436,,0.25402122735977173,,0.05142681300640106,,0.006691955961287022,0.028542201966047287,,,,,,,,,,,,,,
2,,3389,,,,,,,,,,2.107955515384674e-05,,5.57013936486328e-06,,0.2893330156803131,,0.22426199913024902,,0.05918966978788376,,0.005149425007402897,0.028874080628156662,,,,,,,,,,,,,,
2,,3399,,,,,,,,,,2.022460103034973e-05,,9.530083843856119e-06,,0.32497918605804443,,0.21871636807918549,,0.057998768985271454,,0.0050788214430212975,0.029301879927515984,,,,,,,,,,,,,,
2,,3409,,,,,,,,,,1.772865653038025e-05,,1.943788811331615e-05,,0.31929779052734375,,0.23753291368484497,,0.05518235266208649,,0.005327732767909765,0.02871815301477909,,,,,,,,,,,,,,
2,,3419,,,,,,,,,,2.8420239686965942e-05,,1.462678028474329e-05,,0.24288204312324524,,0.24529972672462463,,0.06495404988527298,,0.0064095668494701385,0.03049933724105358,,,,,,,,,,,,,,
2,,3429,,,,,,,,,,2.0898878574371338e-05,,4.858406100538559e-05,,0.2734343409538269,,0.23979616165161133,,0.07082680612802505,,0.005974640138447285,0.03122097998857498,,,,,,,,,,,,,,
2,,3439,,,,,,,,,,1.4953315258026123e-05,,1.8891432773671113e-05,,0.2876778542995453,,0.2404879778623581,,0.05848802626132965,,0.006771165877580643,0.03244601562619209,,,,,,,,,,,,,,
2,,3449,,,,,,,,,,3.008916974067688e-05,,2.7845302611240186e-05,,0.2800631821155548,,0.25185585021972656,,0.05433717742562294,,0.005353863351047039,0.030823983252048492,,,,,,,,,,,,,,
2,,3459,,,,,,,,,,2.7321279048919678e-05,,1.8549222659203224e-05,,0.35185959935188293,,0.2368578463792801,,0.0551605261862278,,0.006652658339589834,0.030893130227923393,,,,,,,,,,,,,,
2,,3469,,,,,,,,,,3.3235177397727966e-05,,6.779012619517744e-05,,0.27613556385040283,,0.23135152459144592,,0.056001629680395126,,0.005184980574995279,0.02839459851384163,,,,,,,,,,,,,,
2,,3479,,,,,,,,,,1.864507794380188e-05,,0.00010508757259231061,,0.2342461794614792,,0.26421433687210083,,0.05294252559542656,,0.005314811132848263,0.029366541653871536,,,,,,,,,,,,,,
2,,3489,,,,,,,,,,2.3465603590011597e-05,,2.1833120626979508e-05,,0.30764710903167725,,0.2270672768354416,,0.052543941885232925,,0.0072513180784881115,0.028408583253622055,,,,,,,,,,,,,,
2,,3499,,,,,,,,,,2.8526410460472107e-05,,2.4943154130596668e-05,,0.28458738327026367,,0.24367043375968933,,0.0676015093922615,,0.007021254859864712,0.032468557357788086,,,,,,,,,,,,,,
2,,3500,,,,,,,,,,,,,,,,,,,,,,0.9902936220169067,1.0,1.0,0.9212272763252258,0.9044387936592102,0.9797747135162354,0.9993211030960083,0.02634427696466446,2.9802322387695312e-06,5.513429641723633e-06,0.29777616262435913,0.25981616973876953,0.04957371577620506,0.0018324143020436168
2,,3500,0.9879898428916931,1.0,1.0,0.9245772957801819,0.9126862287521362,0.9745437502861023,0.996981143951416,0.03390191122889519,6.005633986205794e-05,,4.781893585459329e-05,,0.28489795327186584,,0.24329602718353271,,0.06723332405090332,,0.008753185160458088,,,,,,,,,,,,,,,,
,0.00029265847744427303,3501,,,,,,,,,,,,,,,,,,,,,,,,,,,,,,,,,,,
3,,3509,,,,,,,,,,1.5379860997200012e-05,,9.632110595703125e-05,,0.2624513506889343,,0.2341526299715042,,0.057679515331983566,,0.007381432224065065,0.03168027475476265,,,,,,,,,,,,,,
3,,3519,,,,,,,,,,1.7352402210235596e-05,,9.850758033280727e-06,,0.3333132266998291,,0.2214318960905075,,0.05758154019713402,,0.005678996909409761,0.029901398345828056,,,,,,,,,,,,,,
3,,3529,,,,,,,,,,7.944926619529724e-05,,3.1119554478209466e-05,,0.2951984405517578,,0.22241085767745972,,0.05212615057826042,,0.005707822740077972,0.02772609516978264,,,,,,,,,,,,,,
3,,3539,,,,,,,,,,3.186240792274475e-05,,2.5157834897981957e-05,,0.30313217639923096,,0.22356626391410828,,0.06669998914003372,,0.0069208391942083836,0.031268056482076645,,,,,,,,,,,,,,
3,,3549,,,,,,,,,,2.012215554714203e-05,,1.5705982150393538e-05,,0.3136342763900757,,0.23169413208961487,,0.0740385577082634,,0.006314133759588003,0.03444618731737137,,,,,,,,,,,,,,
3,,3559,,,,,,,,,,5.423836410045624e-05,,8.488657476846129e-05,,0.3103279173374176,,0.24081094563007355,,0.06186063215136528,,0.005364913027733564,0.030736221000552177,,,,,,,,,,,,,,
3,,3569,,,,,,,,,,1.835078001022339e-05,,2.7075791876995936e-05,,0.2806764841079712,,0.21381138265132904,,0.0523100383579731,,0.005816265009343624,0.026461996138095856,,,,,,,,,,,,,,
3,,3579,,,,,,,,,,1.7337501049041748e-05,,4.7544421249767765e-05,,0.26501259207725525,,0.22945117950439453,,0.05288155749440193,,0.005532208364456892,0.027160605415701866,,,,,,,,,,,,,,
3,,3589,,,,,,,,,,5.151517689228058e-05,,4.561370224109851e-05,,0.2778897285461426,,0.23550945520401,,0.05109202489256859,,0.006345788482576609,0.02809358946979046,,,,,,,,,,,,,,
3,,3599,,,,,,,,,,4.573352634906769e-05,,3.304642814327963e-05,,0.25202178955078125,,0.2539108097553253,,0.05177372321486473,,0.0060845063999295235,0.028006305918097496,,,,,,,,,,,,,,
3,,3609,,,,,,,,,,1.2500211596488953e-05,,2.297066748724319e-05,,0.2892141044139862,,0.22915372252464294,,0.051872868090867996,,0.005537336692214012,0.027611777186393738,,,,,,,,,,,,,,
3,,3619,,,,,,,,,,2.99941748380661e-05,,5.286261875880882e-05,,0.2449064403772354,,0.24675849080085754,,0.050883661955595016,,0.006042903754860163,0.03077738545835018,,,,,,,,,,,,,,
3,,3629,,,,,,,,,,9.948760271072388e-05,,1.7748578102327883e-05,,0.25752246379852295,,0.2513883113861084,,0.06865822523832321,,0.006047446746379137,0.03184148669242859,,,,,,,,,,,,,,
3,,3639,,,,,,,,,,2.106092870235443e-05,,1.7023856344167143e-05,,0.3023449778556824,,0.21625620126724243,,0.05129076912999153,,0.004857175052165985,0.027575304731726646,,,,,,,,,,,,,,
3,,3649,,,,,,,,,,1.8673017621040344e-05,,4.3019561417168006e-05,,0.2402728945016861,,0.259214848279953,,0.049061719328165054,,0.005822432227432728,0.028457017615437508,,,,,,,,,,,,,,
3,,3659,,,,,,,,,,6.827525794506073e-05,,4.0588012780062854e-05,,0.3103192448616028,,0.24289445579051971,,0.046831145882606506,,0.0049624391831457615,0.027476361021399498,,,,,,,,,,,,,,
3,,3669,,,,,,,,,,3.546476364135742e-05,,2.983037120429799e-05,,0.2812963128089905,,0.24513672292232513,,0.06258987635374069,,0.004430886823683977,0.029628092423081398,,,,,,,,,,,,,,
3,,3679,,,,,,,,,,2.4849548935890198e-05,,2.9451919544953853e-05,,0.334311306476593,,0.22581364214420319,,0.0708577036857605,,0.00528959184885025,0.0307830311357975,,,,,,,,,,,,,,
3,,3689,,,,,,,,,,3.389827907085419e-05,,1.8273432942805812e-05,,0.290719598531723,,0.24835802614688873,,0.05984096974134445,,0.004418123513460159,0.029293298721313477,,,,,,,,,,,,,,
3,,3699,,,,,,,,,,4.112347960472107e-05,,5.146353942109272e-05,,0.32246118783950806,,0.23357358574867249,,0.04641013592481613,,0.004983899649232626,0.025945333763957024,,,,,,,,,,,,,,
3,,3709,,,,,,,,,,5.464628338813782e-05,,5.722638525185175e-05,,0.28785440325737,,0.235064297914505,,0.05862770229578018,,0.00512369628995657,0.028383752331137657,,,,,,,,,,,,,,
3,,3719,,,,,,,,,,2.5080516934394836e-05,,4.1762759792618454e-05,,0.3192329406738281,,0.2104705423116684,,0.051344990730285645,,0.005611790344119072,0.025148067623376846,,,,,,,,,,,,,,
3,,3729,,,,,,,,,,1.7238780856132507e-05,,1.2676824553636834e-05,,0.23201870918273926,,0.2436094731092453,,0.05253196135163307,,0.004013878758996725,0.027329593896865845,,,,,,,,,,,,,,
3,,3739,,,,,,,,,,6.240792572498322e-05,,4.94297819386702e-05,,0.2915608286857605,,0.23907962441444397,,0.05091506242752075,,0.005157748237252235,0.02731463685631752,,,,,,,,,,,,,,
3,,3749,,,,,,,,,,2.0062550902366638e-05,,2.9971522963023745e-05,,0.2655140161514282,,0.25374603271484375,,0.056827742606401443,,0.005023397039622068,0.029129119589924812,,,,,,,,,,,,,,
3,,3759,,,,,,,,,,2.5313347578048706e-05,,2.434419366181828e-05,,0.27294328808784485,,0.23527105152606964,,0.04760152846574783,,0.005219964310526848,0.027611155062913895,,,,,,,,,,,,,,
3,,3769,,,,,,,,,,3.3972784876823425e-05,,2.3592772777192295e-05,,0.2347356379032135,,0.23512722551822662,,0.045815907418727875,,0.004093642812222242,0.02645098976790905,,,,,,,,,,,,,,
3,,3779,,,,,,,,,,1.6476958990097046e-05,,4.48166647402104e-05,,0.2902693450450897,,0.22996267676353455,,0.04786635562777519,,0.004089043475687504,0.02470894530415535,,,,,,,,,,,,,,
3,,3789,,,,,,,,,,5.098618566989899e-05,,2.82946384686511e-05,,0.2905559241771698,,0.2558896243572235,,0.03946712240576744,,0.0057316916063427925,0.02681141532957554,,,,,,,,,,,,,,
3,,3799,,,,,,,,,,2.5974586606025696e-05,,3.820373967755586e-05,,0.2770540416240692,,0.2392691969871521,,0.056398842483758926,,0.005597386043518782,0.02897791936993599,,,,,,,,,,,,,,
3,,3809,,,,,,,,,,2.286583185195923e-05,,8.514901855960488e-05,,0.3253801763057709,,0.2608964741230011,,0.051315613090991974,,0.006485654041171074,0.02941610850393772,,,,,,,,,,,,,,
3,,3819,,,,,,,,,,4.311278462409973e-05,,5.0122776883654296e-05,,0.29378047585487366,,0.241522416472435,,0.042749885469675064,,0.004172025714069605,0.027127930894494057,,,,,,,,,,,,,,
3,,3829,,,,,,,,,,1.9509345293045044e-05,,6.751787441316992e-05,,0.33167168498039246,,0.22152870893478394,,0.05471668019890785,,0.00512479804456234,0.029473209753632545,,,,,,,,,,,,,,
3,,3839,,,,,,,,,,1.1604279279708862e-05,,2.9643988455063663e-05,,0.2944157123565674,,0.2637191414833069,,0.05920571833848953,,0.005814759060740471,0.03269549831748009,,,,,,,,,,,,,,
3,,3849,,,,,,,,,,1.971423625946045e-05,,2.277026214869693e-05,,0.2682225704193115,,0.24721932411193848,,0.05277625843882561,,0.005092379171401262,0.028960170224308968,,,,,,,,,,,,,,
3,,3859,,,,,,,,,,5.675479769706726e-06,,1.7104972357628867e-05,,0.25765958428382874,,0.24555860459804535,,0.048421215265989304,,0.00599354924634099,0.025958163663744926,,,,,,,,,,,,,,
3,,3869,,,,,,,,,,2.9150396585464478e-06,,1.3048621440248098e-05,,0.23285377025604248,,0.23869571089744568,,0.06779991835355759,,0.0074442969635128975,0.031410638242959976,,,,,,,,,,,,,,
3,,3879,,,,,,,,,,8.393079042434692e-06,,1.595318281033542e-05,,0.28969836235046387,,0.21930676698684692,,0.047736842185258865,,0.004996845033019781,0.0247797854244709,,,,,,,,,,,,,,
3,,3889,,,,,,,,,,9.933486580848694e-06,,1.5116630493139382e-05,,0.263967365026474,,0.24116596579551697,,0.06103677675127983,,0.006196596194058657,0.029650043696165085,,,,,,,,,,,,,,
3,,3899,,,,,,,,,,1.1200085282325745e-05,,1.3837397091265302e-05,,0.30107957124710083,,0.22849178314208984,,0.05114090442657471,,0.003927211277186871,0.025186581537127495,,,,,,,,,,,,,,
3,,3909,,,,,,,,,,2.9062852263450623e-05,,2.0652185412473045e-05,,0.2665851414203644,,0.2376563847064972,,0.055511489510536194,,0.003864087164402008,0.026796728372573853,,,,,,,,,,,,,,
3,,3919,,,,,,,,,,1.681596040725708e-05,,4.2572766687953845e-05,,0.27029162645339966,,0.23582328855991364,,0.049615249037742615,,0.005065480247139931,0.026257919147610664,,,,,,,,,,,,,,
3,,3929,,,,,,,,,,1.2673437595367432e-05,,2.657181721588131e-05,,0.24885927140712738,,0.26224347949028015,,0.06557851284742355,,0.0044085001572966576,0.034313976764678955,,,,,,,,,,,,,,
3,,3939,,,,,,,,,,7.288530468940735e-06,,1.1838496902782936e-05,,0.23461347818374634,,0.22591008245944977,,0.05644577741622925,,0.0035145741421729326,0.027105187997221947,,,,,,,,,,,,,,
3,,3949,,,,,,,,,,1.1496245861053467e-05,,1.5504219845752232e-05,,0.28709807991981506,,0.22885800898075104,,0.06306564062833786,,0.0069418856874108315,0.03194770961999893,,,,,,,,,,,,,,
3,,3959,,,,,,,,,,4.399940371513367e-05,,4.6245342673501e-05,,0.2537005543708801,,0.24363617599010468,,0.05259348824620247,,0.004666588734835386,0.027633696794509888,,,,,,,,,,,,,,
3,,3969,,,,,,,,,,5.586445331573486e-05,,3.6254441511118785e-05,,0.2559133768081665,,0.24562673270702362,,0.04753817245364189,,0.004427798092365265,0.027415486052632332,,,,,,,,,,,,,,
3,,3979,,,,,,,,,,3.5682693123817444e-05,,3.764745997614227e-05,,0.31300830841064453,,0.21224957704544067,,0.05018939450383186,,0.003400155110284686,0.025880828499794006,,,,,,,,,,,,,,
3,,3989,,,,,,,,,,3.360770642757416e-05,,4.175564390607178e-05,,0.27444249391555786,,0.22866782546043396,,0.053127486258745193,,0.005578360054641962,0.02932078018784523,,,,,,,,,,,,,,
3,,3999,,,,,,,,,,1.8734484910964966e-05,,2.240141293441411e-05,,0.29643702507019043,,0.22012341022491455,,0.05892184376716614,,0.004707863554358482,0.030918195843696594,,,,,,,,,,,,,,
3,,4009,,,,,,,,,,5.188770592212677e-05,,3.0770504963584244e-05,,0.2438357025384903,,0.22952963411808014,,0.06020844355225563,,0.004727751016616821,0.02810363471508026,,,,,,,,,,,,,,
3,,4019,,,,,,,,,,4.016980528831482e-05,,2.721534292504657e-05,,0.3297267258167267,,0.22685520350933075,,0.06839059293270111,,0.005839346442371607,0.030505361035466194,,,,,,,,,,,,,,
3,,4029,,,,,,,,,,2.6347115635871887e-05,,8.41841483634198e-06,,0.33034348487854004,,0.24192993342876434,,0.050773411989212036,,0.004809859674423933,0.03155997395515442,,,,,,,,,,,,,,
3,,4039,,,,,,,,,,1.3824552297592163e-05,,1.1980832823610399e-05,,0.2566002309322357,,0.23408284783363342,,0.04707479104399681,,0.004536376800388098,0.027646932750940323,,,,,,,,,,,,,,
3,,4049,,,,,,,,,,3.256648778915405e-05,,1.2960996173205785e-05,,0.2411765158176422,,0.21384644508361816,,0.051883768290281296,,0.00398692162707448,0.025890378281474113,,,,,,,,,,,,,,
3,,4059,,,,,,,,,,6.800144910812378e-05,,2.7423348001320846e-05,,0.2555446922779083,,0.2437681406736374,,0.044225189834833145,,0.0039253244176507,0.02559083327651024,,,,,,,,,,,,,,
3,,4069,,,,,,,,,,2.353079617023468e-05,,1.845128645072691e-05,,0.3053310215473175,,0.2696775794029236,,0.05279220640659332,,0.0048335762694478035,0.03057921677827835,,,,,,,,,,,,,,
3,,4079,,,,,,,,,,2.047233283519745e-05,,2.1223271687631495e-05,,0.23493526875972748,,0.23956872522830963,,0.05149834230542183,,0.00586344301700592,0.027478910982608795,,,,,,,,,,,,,,
3,,4089,,,,,,,,,,2.222321927547455e-05,,5.5753782362444326e-05,,0.36203134059906006,,0.2113054245710373,,0.04542955011129379,,0.0034169387072324753,0.024505160748958588,,,,,,,,,,,,,,
3,,4099,,,,,,,,,,3.808550536632538e-05,,2.4177488739951514e-05,,0.30154430866241455,,0.21369676291942596,,0.053132519125938416,,0.004947373177856207,0.027175169438123703,,,,,,,,,,,,,,
3,,4109,,,,,,,,,,2.9103830456733704e-05,,3.7504389183595777e-05,,0.27232468128204346,,0.251842737197876,,0.04977553337812424,,0.005230486858636141,0.028209520503878593,,,,,,,,,,,,,,
3,,4119,,,,,,,,,,6.055086851119995e-05,,2.734507324930746e-05,,0.2327278107404709,,0.27165618538856506,,0.04559697210788727,,0.00485461950302124,0.027592526748776436,,,,,,,,,,,,,,
3,,4129,,,,,,,,,,6.678327918052673e-05,,2.5228964659618214e-05,,0.3523047864437103,,0.2336353063583374,,0.048843443393707275,,0.005903696175664663,0.027556827291846275,,,,,,,,,,,,,,
3,,4139,,,,,,,,,,2.4061650037765503e-05,,1.6338331988663413e-05,,0.26458314061164856,,0.23340722918510437,,0.04740666225552559,,0.004746800288558006,0.026434024795889854,,,,,,,,,,,,,,
3,,4149,,,,,,,,,,5.304068326950073e-05,,5.554451490752399e-05,,0.325143426656723,,0.22243750095367432,,0.057171642780303955,,0.004851526580750942,0.028181634843349457,,,,,,,,,,,,,,
3,,4159,,,,,,,,,,1.9820407032966614e-05,,6.461848533945158e-05,,0.2889706492424011,,0.22885958850383759,,0.05871129781007767,,0.004455110989511013,0.028460225090384483,,,,,,,,,,,,,,
3,,4169,,,,,,,,,,1.944415271282196e-05,,3.08524067804683e-05,,0.2694838047027588,,0.24864442646503448,,0.04529053717851639,,0.003664890071377158,0.02619210258126259,,,,,,,,,,,,,,
3,,4179,,,,,,,,,,9.657815098762512e-06,,2.8735534215229563e-05,,0.31051015853881836,,0.23374858498573303,,0.043120771646499634,,0.004280982539057732,0.026075871661305428,,,,,,,,,,,,,,
3,,4189,,,,,,,,,,7.510185241699219e-06,,3.095467764069326e-05,,0.27737781405448914,,0.24835318326950073,,0.04939877241849899,,0.004163731820881367,0.026721453294157982,,,,,,,,,,,,,,
3,,4199,,,,,,,,,,3.18475067615509e-05,,2.980616773129441e-05,,0.2561848759651184,,0.22603262960910797,,0.0463528037071228,,0.0036727304104715586,0.022742027416825294,,,,,,,,,,,,,,
3,,4209,,,,,,,,,,4.1112303733825684e-05,,1.8789873138302937e-05,,0.2504558563232422,,0.22670023143291473,,0.051447030156850815,,0.004393030423671007,0.026965802535414696,,,,,,,,,,,,,,
3,,4219,,,,,,,,,,1.831725239753723e-05,,1.0401992767583579e-05,,0.2961563467979431,,0.2151051014661789,,0.04499423876404762,,0.0034991221036762,0.024783805012702942,,,,,,,,,,,,,,
3,,4229,,,,,,,,,,6.580911576747894e-05,,1.6995069017866626e-05,,0.24523824453353882,,0.257377564907074,,0.048859309405088425,,0.003199548227712512,0.02866337075829506,,,,,,,,,,,,,,
3,,4239,,,,,,,,,,5.165673792362213e-05,,9.029232751345262e-05,,0.32610633969306946,,0.2135585993528366,,0.05724017322063446,,0.0041614859364926815,0.025682030245661736,,,,,,,,,,,,,,
3,,4249,,,,,,,,,,0.00010169856250286102,,1.7945088984561153e-05,,0.26251649856567383,,0.2491060048341751,,0.046810898929834366,,0.003272307338193059,0.025751929730176926,,,,,,,,,,,,,,
3,,4259,,,,,,,,,,2.8425827622413635e-05,,2.3720138415228575e-05,,0.29651039838790894,,0.24317136406898499,,0.04968426749110222,,0.003755936399102211,0.026363758370280266,,,,,,,,,,,,,,
3,,4269,,,,,,,,,,1.0719522833824158e-05,,4.007502502645366e-05,,0.27526989579200745,,0.23502647876739502,,0.052355118095874786,,0.0031616678461432457,0.026116546243429184,,,,,,,,,,,,,,
3,,4279,,,,,,,,,,9.734183549880981e-06,,1.002830595098203e-05,,0.24563199281692505,,0.24416792392730713,,0.04769175872206688,,0.004067575093358755,0.02701057866215706,,,,,,,,,,,,,,
3,,4289,,,,,,,,,,4.850327968597412e-06,,2.2420201275963336e-05,,0.2787710726261139,,0.23719404637813568,,0.04873942583799362,,0.003208958776667714,0.026054691523313522,,,,,,,,,,,,,,
3,,4299,,,,,,,,,,2.6792287826538086e-05,,4.3515134166227654e-05,,0.27070683240890503,,0.2561376094818115,,0.05635356158018112,,0.003239750163629651,0.02782033570110798,,,,,,,,,,,,,,
3,,4309,,,,,,,,,,1.0229647159576416e-05,,0.0001303720782743767,,0.29635196924209595,,0.23651441931724548,,0.055517248809337616,,0.0045495545491576195,0.02967134304344654,,,,,,,,,,,,,,
3,,4319,,,,,,,,,,1.0328367352485657e-05,,2.1584592104773037e-05,,0.3153727948665619,,0.19806358218193054,,0.049136705696582794,,0.0032043468672782183,0.023729829117655754,,,,,,,,,,,,,,
3,,4329,,,,,,,,,,1.401454210281372e-05,,2.1980595192871988e-05,,0.3094256818294525,,0.2169201374053955,,0.054399523884058,,0.004070772789418697,0.02637738175690174,,,,,,,,,,,,,,
3,,4339,,,,,,,,,,6.5267086029052734e-06,,8.397353667533025e-06,,0.2816111147403717,,0.21956758201122284,,0.053861867636442184,,0.004368063993752003,0.026702359318733215,,,,,,,,,,,,,,
3,,4349,,,,,,,,,,2.123229205608368e-05,,2.1900819774600677e-05,,0.27046841382980347,,0.24807623028755188,,0.059616848826408386,,0.00261587998829782,0.028690442442893982,,,,,,,,,,,,,,
3,,4359,,,,,,,,,,1.2714415788650513e-05,,1.982998219318688e-05,,0.25930699706077576,,0.22699545323848724,,0.052566707134246826,,0.003452474484220147,0.02545599266886711,,,,,,,,,,,,,,
3,,4369,,,,,,,,,,1.6434118151664734e-05,,1.0906733223237097e-05,,0.28225332498550415,,0.2518308758735657,,0.04395071044564247,,0.005042707081884146,0.027616767212748528,,,,,,,,,,,,,,
3,,4379,,,,,,,,,,7.121264934539795e-05,,3.107916927547194e-05,,0.28666314482688904,,0.24369141459465027,,0.042180124670267105,,0.00397245679050684,0.02600724995136261,,,,,,,,,,,,,,
3,,4389,,,,,,,,,,2.0675361156463623e-05,,2.108472654072102e-05,,0.2846524715423584,,0.252765953540802,,0.051536787301301956,,0.004667334724217653,0.029795410111546516,,,,,,,,,,,,,,
3,,4399,,,,,,,,,,0.00010076723992824554,,1.763856016623322e-05,,0.28176477551460266,,0.23132093250751495,,0.0511116087436676,,0.003608451457694173,0.02588059939444065,,,,,,,,,,,,,,
3,,4409,,,,,,,,,,6.16069883108139e-05,,2.851228418876417e-05,,0.31319350004196167,,0.22742189466953278,,0.04891479015350342,,0.003538263263180852,0.02387414127588272,,,,,,,,,,,,,,
3,,4419,,,,,,,,,,1.806393265724182e-05,,2.207415491284337e-05,,0.2634805142879486,,0.2483254373073578,,0.045653216540813446,,0.003718951717019081,0.025417441502213478,,,,,,,,,,,,,,
3,,4429,,,,,,,,,,2.9947608709335327e-05,,2.4375631255679764e-05,,0.28385671973228455,,0.2458089292049408,,0.05045390501618385,,0.003907004836946726,0.027846654877066612,,,,,,,,,,,,,,
3,,4439,,,,,,,,,,2.8226524591445923e-05,,3.202467632945627e-05,,0.33583080768585205,,0.22483836114406586,,0.043744221329689026,,0.003887331113219261,0.023769281804561615,,,,,,,,,,,,,,
3,,4449,,,,,,,,,,1.2906268239021301e-05,,1.6293683074763976e-05,,0.28466731309890747,,0.2332800328731537,,0.05231183022260666,,0.003985869698226452,0.028794050216674805,,,,,,,,,,,,,,
3,,4459,,,,,,,,,,5.270726978778839e-05,,1.73166481545195e-05,,0.2586943805217743,,0.22655515372753143,,0.04430645331740379,,0.003916293382644653,0.024181736633181572,,,,,,,,,,,,,,
3,,4469,,,,,,,,,,3.7200748920440674e-05,,1.1640232514764648e-05,,0.23083853721618652,,0.23371925950050354,,0.04742833226919174,,0.004400318488478661,0.025432409718632698,,,,,,,,,,,,,,
3,,4479,,,,,,,,,,8.594058454036713e-05,,2.567632145655807e-05,,0.3009515702724457,,0.21216778457164764,,0.05253121629357338,,0.00349664525128901,0.023544510826468468,,,,,,,,,,,,,,
3,,4489,,,,,,,,,,4.682689905166626e-05,,2.8629781809286214e-05,,0.28384146094322205,,0.21266520023345947,,0.04680931940674782,,0.005891953129321337,0.02592306397855282,,,,,,,,,,,,,,
3,,4499,,,,,,,,,,1.1458992958068848e-05,,1.6943080481723882e-05,,0.2618657648563385,,0.24582605063915253,,0.0432879701256752,,0.003577659372240305,0.02836834453046322,,,,,,,,,,,,,,
3,,4509,,,,,,,,,,2.2821128368377686e-05,,8.087239984888583e-05,,0.2967804968357086,,0.2445991039276123,,0.04494759067893028,,0.004487970378249884,0.027082180604338646,,,,,,,,,,,,,,
3,,4519,,,,,,,,,,2.4763867259025574e-05,,3.017617746081669e-05,,0.2537420690059662,,0.23743361234664917,,0.05065547674894333,,0.004000119399279356,0.027707692235708237,,,,,,,,,,,,,,
3,,4529,,,,,,,,,,5.764327943325043e-05,,4.991580863134004e-05,,0.2837890386581421,,0.24695047736167908,,0.04347950220108032,,0.004465042147785425,0.026863669976592064,,,,,,,,,,,,,,
3,,4539,,,,,,,,,,0.00016022473573684692,,0.00018625572556629777,,0.2769262492656708,,0.2605697214603424,,0.05272461101412773,,0.004842766094952822,0.03009170852601528,,,,,,,,,,,,,,
3,,4549,,,,,,,,,,2.020411193370819e-05,,3.580711563699879e-05,,0.24740758538246155,,0.25467756390571594,,0.04571091756224632,,0.004429331049323082,0.026455480605363846,,,,,,,,,,,,,,
3,,4559,,,,,,,,,,2.0675361156463623e-05,,1.9237051674281247e-05,,0.25765830278396606,,0.2517782747745514,,0.04256293922662735,,0.0037290952168405056,0.02621319331228733,,,,,,,,,,,,,,
3,,4569,,,,,,,,,,1.572631299495697e-05,,2.380401383561548e-05,,0.32049351930618286,,0.2365064024925232,,0.04556955769658089,,0.004216009750962257,0.027579406276345253,,,,,,,,,,,,,,
3,,4579,,,,,,,,,,2.407841384410858e-05,,2.5017858206410892e-05,,0.3143608570098877,,0.24848197400569916,,0.031501080840826035,,0.0051421308889985085,0.02517934888601303,,,,,,,,,,,,,,
3,,4589,,,,,,,,,,2.3987144231796265e-05,,2.2784191969549283e-05,,0.2705903649330139,,0.23950989544391632,,0.040370430797338486,,0.003939593676477671,0.02356889098882675,,,,,,,,,,,,,,
3,,4599,,,,,,,,,,8.322298526763916e-06,,1.4654274309577886e-05,,0.21182645857334137,,0.2417619824409485,,0.039510708302259445,,0.004115170333534479,0.023953845724463463,,,,,,,,,,,,,,
3,,4609,,,,,,,,,,7.0016831159591675e-06,,1.03629654404358e-05,,0.3098626732826233,,0.20694385468959808,,0.04243382811546326,,0.0030064894817769527,0.02337493561208248,,,,,,,,,,,,,,
3,,4619,,,,,,,,,,8.87364149093628e-06,,4.51740124844946e-05,,0.2987947463989258,,0.23470112681388855,,0.060500577092170715,,0.005212915595620871,0.030802100896835327,,,,,,,,,,,,,,
3,,4629,,,,,,,,,,9.309686720371246e-05,,5.939879338257015e-05,,0.28759539127349854,,0.23218944668769836,,0.03760755807161331,,0.003970669116824865,0.024423498660326004,,,,,,,,,,,,,,
3,,4639,,,,,,,,,,2.446770668029785e-05,,3.305533391539939e-05,,0.2669117748737335,,0.24798141419887543,,0.04276074469089508,,0.003997340798377991,0.026494281366467476,,,,,,,,,,,,,,
3,,4649,,,,,,,,,,1.876242458820343e-05,,1.9914648873964325e-05,,0.24553869664669037,,0.2483244240283966,,0.05137273669242859,,0.0036245430819690228,0.02824939787387848,,,,,,,,,,,,,,
3,,4659,,,,,,,,,,4.418008029460907e-05,,3.861409277305938e-05,,0.30039435625076294,,0.22732804715633392,,0.04356211796402931,,0.0032033147290349007,0.02563326805830002,,,,,,,,,,,,,,
3,,4667,,,,,,,,,,,,,,,,,,,,,,0.9911587834358215,1.0,1.0,0.9212272763252258,0.9061548709869385,0.9832544326782227,0.9994969964027405,0.02415178343653679,3.0994415283203125e-06,9.000301361083984e-06,0.3013724386692047,0.2583736479282379,0.04060128703713417,0.0011868617730215192
3,,4667,0.9902159571647644,1.0,1.0,0.9246317148208618,0.9144554138183594,0.9803258180618286,0.9984367489814758,0.02737194113433361,3.323222335893661e-05,,3.2380565244238824e-05,,0.28288915753364563,,0.2357633262872696,,0.050638653337955475,,0.004566510673612356,,,,,,,,,,,,,,,,
,0.0002870318186463901,4668,,,,,,,,,,,,,,,,,,,,,,,,,,,,,,,,,,,
4,,4669,,,,,,,,,,6.591156125068665e-05,,0.00011208994692424312,,0.27938640117645264,,0.2294580340385437,,0.053619202226400375,,0.003200988285243511,0.026888830587267876,,,,,,,,,,,,,,
4,,4679,,,,,,,,,,2.2435560822486877e-05,,1.3998200302012265e-05,,0.3021478056907654,,0.2312416136264801,,0.042221758514642715,,0.0035923770628869534,0.02440943382680416,,,,,,,,,,,,,,
4,,4689,,,,,,,,,,1.662038266658783e-05,,2.138823583663907e-05,,0.2926430404186249,,0.23365508019924164,,0.0434897243976593,,0.0028740987181663513,0.024462562054395676,,,,,,,,,,,,,,
4,,4699,,,,,,,,,,7.247552275657654e-06,,1.572507062519435e-05,,0.2642853558063507,,0.2020862102508545,,0.039661332964897156,,0.0038224398158490658,0.023344600573182106,,,,,,,,,,,,,,
4,,4709,,,,,,,,,,1.7801299691200256e-05,,3.971399928559549e-05,,0.29562443494796753,,0.250773161649704,,0.03644011169672012,,0.004412703216075897,0.024020861834287643,,,,,,,,,,,,,,
4,,4719,,,,,,,,,,1.5225261449813843e-05,,1.931496080942452e-05,,0.2763887047767639,,0.23468126356601715,,0.044933173805475235,,0.0037304332945495844,0.023677898570895195,,,,,,,,,,,,,,
4,,4729,,,,,,,,,,1.0920688509941101e-05,,2.8630209271796048e-05,,0.29189327359199524,,0.22053393721580505,,0.04464305192232132,,0.003981885500252247,0.0262030977755785,,,,,,,,,,,,,,
4,,4739,,,,,,,,,,1.2191012501716614e-05,,2.6779471227200702e-05,,0.30072328448295593,,0.22832003235816956,,0.04766948148608208,,0.004709343425929546,0.028894338756799698,,,,,,,,,,,,,,
4,,4749,,,,,,,,,,2.8112903237342834e-05,,5.581125878961757e-05,,0.31174081563949585,,0.2438225895166397,,0.0345861054956913,,0.003855449613183737,0.024339066818356514,,,,,,,,,,,,,,
4,,4759,,,,,,,,,,5.2170827984809875e-05,,2.1172505512367934e-05,,0.2841852009296417,,0.23244071006774902,,0.041432447731494904,,0.0035824200604110956,0.02390422113239765,,,,,,,,,,,,,,
4,,4769,,,,,,,,,,8.154287934303284e-05,,1.290221007366199e-05,,0.2510841488838196,,0.23136191070079803,,0.05087914317846298,,0.0034557105973362923,0.02740449085831642,,,,,,,,,,,,,,
4,,4779,,,,,,,,,,1.6489997506141663e-05,,2.9333641577977687e-05,,0.26853376626968384,,0.24436888098716736,,0.03637572005391121,,0.002916864352300763,0.022950753569602966,,,,,,,,,,,,,,
4,,4789,,,,,,,,,,2.259574830532074e-05,,3.185789319104515e-05,,0.3106825351715088,,0.22616608440876007,,0.039685096591711044,,0.0025723965372890234,0.02095414698123932,,,,,,,,,,,,,,
4,,4799,,,,,,,,,,1.7035752534866333e-05,,1.210426944453502e-05,,0.248515784740448,,0.2693850100040436,,0.03897003456950188,,0.003203439060598612,0.026984600350260735,,,,,,,,,,,,,,
4,,4809,,,,,,,,,,4.595518112182617e-05,,2.0278466763556935e-05,,0.25725606083869934,,0.22868070006370544,,0.04105729982256889,,0.003628225764259696,0.024166962131857872,,,,,,,,,,,,,,
4,,4819,,,,,,,,,,6.151571869850159e-05,,2.566379407653585e-05,,0.2624152600765228,,0.23832286894321442,,0.045645568519830704,,0.003238343633711338,0.026469899341464043,,,,,,,,,,,,,,
4,,4829,,,,,,,,,,2.7449801564216614e-05,,2.435800888633821e-05,,0.2793269753456116,,0.23062117397785187,,0.04495058208703995,,0.004139609169214964,0.02641153335571289,,,,,,,,,,,,,,
4,,4839,,,,,,,,,,0.00011120550334453583,,4.219736729282886e-05,,0.27214086055755615,,0.23255778849124908,,0.048583511263132095,,0.0039045074954628944,0.02606043964624405,,,,,,,,,,,,,,
4,,4849,,,,,,,,,,9.106472134590149e-06,,1.6237352610914968e-05,,0.29181185364723206,,0.22755147516727448,,0.04639681428670883,,0.002873355057090521,0.02496427670121193,,,,,,,,,,,,,,
4,,4859,,,,,,,,,,6.92903995513916e-06,,2.023182787525002e-05,,0.2584405243396759,,0.2462528944015503,,0.041893068701028824,,0.0030941208824515343,0.025412878021597862,,,,,,,,,,,,,,
4,,4869,,,,,,,,,,1.2978911399841309e-05,,1.5389712643809617e-05,,0.28467079997062683,,0.20972482860088348,,0.040930453687906265,,0.0019131522858515382,0.021468890830874443,,,,,,,,,,,,,,
4,,4879,,,,,,,,,,2.0071864128112793e-05,,4.583441113936715e-05,,0.2827591896057129,,0.2226739376783371,,0.0401667058467865,,0.004234650172293186,0.024794356897473335,,,,,,,,,,,,,,
4,,4889,,,,,,,,,,1.506507396697998e-05,,2.4179505999200046e-05,,0.2671252489089966,,0.20793601870536804,,0.03979631885886192,,0.003416326828300953,0.02386852540075779,,,,,,,,,,,,,,
4,,4899,,,,,,,,,,1.45789235830307e-05,,1.8430497220833786e-05,,0.24850305914878845,,0.24472828209400177,,0.04052373021841049,,0.003975671716034412,0.024211427196860313,,,,,,,,,,,,,,
4,,4909,,,,,,,,,,1.6462057828903198e-05,,1.916827204695437e-05,,0.2572725713253021,,0.23062416911125183,,0.04587094113230705,,0.003527360735461116,0.024257775396108627,,,,,,,,,,,,,,
4,,4919,,,,,,,,,,2.1433457732200623e-05,,1.730670737742912e-05,,0.27638500928878784,,0.24941615760326385,,0.038021259009838104,,0.0038754993584007025,0.02656908892095089,,,,,,,,,,,,,,
4,,4929,,,,,,,,,,6.837770342826843e-06,,4.8063320718938485e-06,,0.2657657563686371,,0.22812741994857788,,0.04269146919250488,,0.0031825918704271317,0.02411682717502117,,,,,,,,,,,,,,
4,,4939,,,,,,,,,,7.428228855133057e-06,,1.0929472409770824e-05,,0.27679890394210815,,0.2114783078432083,,0.04516388848423958,,0.0031582172960042953,0.02375570498406887,,,,,,,,,,,,,,
4,,4949,,,,,,,,,,6.252899765968323e-06,,5.949170827079797e-06,,0.24699121713638306,,0.23531445860862732,,0.044309020042419434,,0.0031592529267072678,0.02434002235531807,,,,,,,,,,,,,,
4,,4959,,,,,,,,,,1.6495585441589355e-05,,1.0864173418667633e-05,,0.2887434661388397,,0.22908399999141693,,0.041255977004766464,,0.0027295055333524942,0.02362765558063984,,,,,,,,,,,,,,
4,,4969,,,,,,,,,,8.312985301017761e-06,,6.506659701699391e-06,,0.3326975107192993,,0.21832990646362305,,0.03623180091381073,,0.003690567333251238,0.024331409484148026,,,,,,,,,,,,,,
4,,4979,,,,,,,,,,1.5422701835632324e-05,,7.728735909040552e-06,,0.266109824180603,,0.2308870255947113,,0.039666663855314255,,0.004203929100185633,0.023852869868278503,,,,,,,,,,,,,,
4,,4989,,,,,,,,,,1.9760802388191223e-05,,5.905117177462671e-06,,0.35387513041496277,,0.21052324771881104,,0.03608613461256027,,0.0031932061538100243,0.022040322422981262,,,,,,,,,,,,,,
4,,4999,,,,,,,,,,7.02887773513794e-05,,1.1778013686125632e-05,,0.24702386558055878,,0.23788362741470337,,0.04065575823187828,,0.003164697904139757,0.025209574028849602,,,,,,,,,,,,,,
4,,5009,,,,,,,,,,3.09627503156662e-05,,2.89610634354176e-05,,0.28585585951805115,,0.2325410544872284,,0.03658900037407875,,0.0027930084615945816,0.021969277411699295,,,,,,,,,,,,,,
4,,5019,,,,,,,,,,2.7934089303016663e-05,,2.603269967949018e-05,,0.3174070417881012,,0.23003742098808289,,0.0403645895421505,,0.003744598478078842,0.024098506197333336,,,,,,,,,,,,,,
4,,5029,,,,,,,,,,1.1606141924858093e-05,,8.570636055083014e-06,,0.30379462242126465,,0.22688902914524078,,0.03554092347621918,,0.002493872307240963,0.0226903036236763,,,,,,,,,,,,,,
4,,5039,,,,,,,,,,1.3416633009910583e-05,,1.2250323379703332e-05,,0.28330525755882263,,0.25220605731010437,,0.046745628118515015,,0.003640065435320139,0.027050193399190903,,,,,,,,,,,,,,
4,,5049,,,,,,,,,,1.7853453755378723e-05,,1.3588562978839036e-05,,0.2792126536369324,,0.22596068680286407,,0.0378999337553978,,0.002459325361996889,0.023773975670337677,,,,,,,,,,,,,,
4,,5059,,,,,,,,,,2.284906804561615e-05,,1.4240148630051408e-05,,0.24063751101493835,,0.2421581745147705,,0.0477241575717926,,0.004163067787885666,0.02620275318622589,,,,,,,,,,,,,,
4,,5069,,,,,,,,,,1.7758458852767944e-05,,3.620258212322369e-05,,0.2874281704425812,,0.23641638457775116,,0.046889662742614746,,0.005039842799305916,0.02724691852927208,,,,,,,,,,,,,,
4,,5079,,,,,,,,,,5.1157549023628235e-05,,1.1310495210636873e-05,,0.33867308497428894,,0.2194080799818039,,0.040283236652612686,,0.0037632822059094906,0.02485608495771885,,,,,,,,,,,,,,
4,,5089,,,,,,,,,,1.9067898392677307e-05,,1.2805166988982819e-05,,0.2849576771259308,,0.23506490886211395,,0.03565141558647156,,0.002337365411221981,0.022291505709290504,,,,,,,,,,,,,,
4,,5099,,,,,,,,,,1.879781484603882e-05,,1.8922843082691543e-05,,0.23385398089885712,,0.25234198570251465,,0.040052853524684906,,0.0036892106290906668,0.026113150641322136,,,,,,,,,,,,,,
4,,5109,,,,,,,,,,4.006922245025635e-05,,1.381402398692444e-05,,0.2971239984035492,,0.22316516935825348,,0.037914201617240906,,0.003435378661379218,0.022137392312288284,,,,,,,,,,,,,,
4,,5119,,,,,,,,,,9.639188647270203e-06,,8.398158570344094e-06,,0.28404808044433594,,0.23546184599399567,,0.04194866493344307,,0.00407665129750967,0.025429310277104378,,,,,,,,,,,,,,
4,,5129,,,,,,,,,,2.70158052444458e-05,,2.2746355170966126e-05,,0.243030846118927,,0.24925117194652557,,0.04107767716050148,,0.0031691165640950203,0.024234777316451073,,,,,,,,,,,,,,
4,,5139,,,,,,,,,,2.639181911945343e-05,,5.8507666835794225e-06,,0.23671787977218628,,0.23462767899036407,,0.03983363136649132,,0.0023427181877195835,0.02256263606250286,,,,,,,,,,,,,,
4,,5149,,,,,,,,,,6.917864084243774e-05,,1.800499376258813e-05,,0.30092549324035645,,0.22112049162387848,,0.05122532323002815,,0.0027305628173053265,0.024258634075522423,,,,,,,,,,,,,,
4,,5159,,,,,,,,,,1.4573335647583008e-05,,1.1706605619110633e-05,,0.25243738293647766,,0.2387189120054245,,0.0503435917198658,,0.0031637565698474646,0.0266952496021986,,,,,,,,,,,,,,
4,,5169,,,,,,,,,,3.0327588319778442e-05,,2.599936124170199e-05,,0.29184889793395996,,0.23100091516971588,,0.041146423667669296,,0.003629386657848954,0.02304578758776188,,,,,,,,,,,,,,
4,,5179,,,,,,,,,,6.347149610519409e-05,,3.0547380447387695e-05,,0.32777953147888184,,0.2030014991760254,,0.0387781523168087,,0.0026859240606427193,0.023855555802583694,,,,,,,,,,,,,,
4,,5189,,,,,,,,,,0.00010096840560436249,,2.764330929494463e-05,,0.297226220369339,,0.24753667414188385,,0.039552751928567886,,0.003984542563557625,0.024917496368288994,,,,,,,,,,,,,,
4,,5199,,,,,,,,,,6.0794875025749207e-05,,1.974921178771183e-05,,0.25371354818344116,,0.22739139199256897,,0.055443234741687775,,0.0044596996158361435,0.02677290514111519,,,,,,,,,,,,,,
4,,5209,,,,,,,,,,1.5722587704658508e-05,,2.156085793103557e-05,,0.2592574656009674,,0.2166321873664856,,0.0546862930059433,,0.0036869680043309927,0.02519618161022663,,,,,,,,,,,,,,
4,,5219,,,,,,,,,,1.0559335350990295e-05,,7.0385881372203585e-06,,0.2824520468711853,,0.26268064975738525,,0.04342716187238693,,0.003536775941029191,0.02606833726167679,,,,,,,,,,,,,,
4,,5229,,,,,,,,,,1.2006610631942749e-05,,2.0290959582780488e-05,,0.24719034135341644,,0.25584596395492554,,0.04204075038433075,,0.004809384234249592,0.028799382969737053,,,,,,,,,,,,,,
4,,5239,,,,,,,,,,9.959563612937927e-06,,2.0389179553603753e-05,,0.32481276988983154,,0.22165663540363312,,0.04459761828184128,,0.0038729181978851557,0.026676785200834274,,,,,,,,,,,,,,
4,,5249,,,,,,,,,,3.08547168970108e-05,,1.0928482879535295e-05,,0.2796194851398468,,0.2438913732767105,,0.048685215413570404,,0.0027088848873972893,0.02673487551510334,,,,,,,,,,,,,,
4,,5259,,,,,,,,,,1.1747702956199646e-05,,8.72510554472683e-06,,0.2663298547267914,,0.22455963492393494,,0.04143749922513962,,0.0034227482974529266,0.021874820813536644,,,,,,,,,,,,,,
4,,5269,,,,,,,,,,1.5361234545707703e-05,,1.4127256690699141e-05,,0.31022462248802185,,0.24125529825687408,,0.043223023414611816,,0.0024331824388355017,0.025449834764003754,,,,,,,,,,,,,,
4,,5279,,,,,,,,,,3.5315752029418945e-06,,2.4413504888798343e-06,,0.2573017179965973,,0.27260836958885193,,0.03603158891201019,,0.003473748452961445,0.024971745908260345,,,,,,,,,,,,,,
4,,5289,,,,,,,,,,7.06501305103302e-06,,6.200261395861162e-06,,0.30185645818710327,,0.21711215376853943,,0.04312165454030037,,0.003093085018917918,0.023994814604520798,,,,,,,,,,,,,,
4,,5299,,,,,,,,,,3.417208790779114e-05,,8.542473551642615e-06,,0.21464376151561737,,0.24430827796459198,,0.035452742129564285,,0.0029550285544246435,0.020734447985887527,,,,,,,,,,,,,,
4,,5309,,,,,,,,,,4.294887185096741e-05,,1.8316157365916297e-05,,0.2700343728065491,,0.227305606007576,,0.04088761284947395,,0.0036775695625692606,0.022726530209183693,,,,,,,,,,,,,,
4,,5319,,,,,,,,,,1.222267746925354e-05,,4.1683513700263575e-05,,0.3520033359527588,,0.19716472923755646,,0.049411844462156296,,0.003582719014957547,0.02514427900314331,,,,,,,,,,,,,,
4,,5329,,,,,,,,,,7.923692464828491e-06,,3.2462972740177065e-05,,0.281136155128479,,0.25705161690711975,,0.04596106708049774,,0.003495805663987994,0.02495983988046646,,,,,,,,,,,,,,
4,,5339,,,,,,,,,,9.452924132347107e-06,,6.320112788671395e-06,,0.2733534276485443,,0.24821527302265167,,0.040985576808452606,,0.0031400129664689302,0.025174522772431374,,,,,,,,,,,,,,
4,,5349,,,,,,,,,,9.054318070411682e-06,,7.947285666887183e-06,,0.2645512521266937,,0.23685023188591003,,0.03709468990564346,,0.0023727023508399725,0.021804561838507652,,,,,,,,,,,,,,
4,,5359,,,,,,,,,,0.0001377146691083908,,5.5482953030150384e-05,,0.3197159469127655,,0.21997809410095215,,0.035986002534627914,,0.003233498428016901,0.02266676351428032,,,,,,,,,,,,,,
4,,5369,,,,,,,,,,2.154521644115448e-05,,2.8711727281915955e-05,,0.2594982385635376,,0.21385759115219116,,0.04283420369029045,,0.002985753584653139,0.023014897480607033,,,,,,,,,,,,,,
4,,5379,,,,,,,,,,1.8145889043807983e-05,,4.47316124336794e-05,,0.27929413318634033,,0.21345394849777222,,0.03814365342259407,,0.0024660038761794567,0.02115797996520996,,,,,,,,,,,,,,
4,,5389,,,,,,,,,,8.614733815193176e-06,,0.00012324225099291652,,0.2566078007221222,,0.25328052043914795,,0.045851822942495346,,0.003458634950220585,0.024927277117967606,,,,,,,,,,,,,,
4,,5399,,,,,,,,,,8.180737495422363e-06,,1.1403292774048168e-05,,0.34136077761650085,,0.23874858021736145,,0.03990503028035164,,0.002570571843534708,0.02557084709405899,,,,,,,,,,,,,,
4,,5409,,,,,,,,,,2.2845342755317688e-05,,8.709129360795487e-06,,0.2606053352355957,,0.24991492927074432,,0.04123319685459137,,0.0026832129806280136,0.024433378130197525,,,,,,,,,,,,,,
4,,5419,,,,,,,,,,2.1979212760925293e-05,,1.9977935153292492e-05,,0.26052576303482056,,0.21999290585517883,,0.03950096294283867,,0.002826160751283169,0.02293381653726101,,,,,,,,,,,,,,
4,,5429,,,,,,,,,,4.423409700393677e-05,,1.3071451576252002e-05,,0.3101898431777954,,0.2244471162557602,,0.044211555272340775,,0.002895183628425002,0.025036310777068138,,,,,,,,,,,,,,
4,,5439,,,,,,,,,,2.734363079071045e-05,,2.9593058570753783e-05,,0.24184174835681915,,0.24720315635204315,,0.03650827705860138,,0.0028126356191933155,0.023447979241609573,,,,,,,,,,,,,,
4,,5449,,,,,,,,,,1.313723623752594e-05,,1.3453061910695396e-05,,0.25297701358795166,,0.23864613473415375,,0.045382123440504074,,0.003499199403449893,0.026602257043123245,,,,,,,,,,,,,,
4,,5459,,,,,,,,,,2.8170645236968994e-05,,8.959691513155121e-06,,0.3043549656867981,,0.23328596353530884,,0.035334065556526184,,0.002518326509743929,0.023446060717105865,,,,,,,,,,,,,,
4,,5469,,,,,,,,,,7.64206051826477e-05,,3.360623668413609e-05,,0.27789807319641113,,0.23020339012145996,,0.03934551030397415,,0.0031263213604688644,0.02258838154375553,,,,,,,,,,,,,,
4,,5479,,,,,,,,,,2.749823033809662e-05,,8.448052540188655e-06,,0.2735968828201294,,0.2574836015701294,,0.03296728432178497,,0.0035078723449259996,0.022640593349933624,,,,,,,,,,,,,,
4,,5489,,,,,,,,,,4.178285598754883e-05,,8.874240847944748e-06,,0.3169547915458679,,0.20762239396572113,,0.04306652396917343,,0.0027315434999763966,0.022958556190133095,,,,,,,,,,,,,,
4,,5499,,,,,,,,,,2.5004148483276367e-05,,3.816900061792694e-05,,0.25273510813713074,,0.23932869732379913,,0.05658114328980446,,0.003706470364704728,0.02961861342191696,,,,,,,,,,,,,,
4,,5509,,,,,,,,,,4.560500383377075e-05,,1.8769802409224212e-05,,0.25683581829071045,,0.2165621966123581,,0.038523588329553604,,0.0024813441559672356,0.02015184797346592,,,,,,,,,,,,,,
4,,5519,,,,,,,,,,4.40794974565506e-05,,1.6370298908441328e-05,,0.30433163046836853,,0.22147947549819946,,0.04082641005516052,,0.004034480545669794,0.023347580805420876,,,,,,,,,,,,,,
4,,5529,,,,,,,,,,1.6923993825912476e-05,,8.005907147889957e-06,,0.23350758850574493,,0.2441089004278183,,0.04447634518146515,,0.0022858919110149145,0.025635700672864914,,,,,,,,,,,,,,
4,,5539,,,,,,,,,,4.2418017983436584e-05,,1.2551850886666216e-05,,0.3692358434200287,,0.18694180250167847,,0.04176356643438339,,0.0027583639603108168,0.022991782054305077,,,,,,,,,,,,,,
4,,5549,,,,,,,,,,1.4178454875946045e-05,,1.5483548850170337e-05,,0.2391347885131836,,0.24170488119125366,,0.042037222534418106,,0.0024325742851942778,0.024447843432426453,,,,,,,,,,,,,,
4,,5559,,,,,,,,,,1.9827857613563538e-05,,2.5336914404761046e-05,,0.28163111209869385,,0.22924230992794037,,0.03450896590948105,,0.0034803098533302546,0.02375587448477745,,,,,,,,,,,,,,
4,,5569,,,,,,,,,,8.061528205871582e-06,,1.0672737516870257e-05,,0.285703182220459,,0.21516217291355133,,0.03440999612212181,,0.002200998365879059,0.022019250318408012,,,,,,,,,,,,,,
4,,5579,,,,,,,,,,2.0636245608329773e-05,,3.076038774452172e-05,,0.2856689989566803,,0.22143341600894928,,0.038087956607341766,,0.002281087450683117,0.02293969690799713,,,,,,,,,,,,,,
4,,5589,,,,,,,,,,6.962567567825317e-06,,8.002956747077405e-06,,0.2516033351421356,,0.22945652902126312,,0.04207149147987366,,0.002777054673060775,0.02333979494869709,,,,,,,,,,,,,,
4,,5599,,,,,,,,,,1.1222437024116516e-05,,1.6821968529256992e-05,,0.196437805891037,,0.23314912617206573,,0.03694545477628708,,0.0029532751068472862,0.021937204524874687,,,,,,,,,,,,,,
4,,5609,,,,,,,,,,3.846362233161926e-05,,2.1330866729840636e-05,,0.31652283668518066,,0.21219676733016968,,0.03663508966565132,,0.003010973334312439,0.021604280918836594,,,,,,,,,,,,,,
4,,5619,,,,,,,,,,7.517635822296143e-06,,1.0644341273291502e-05,,0.2915838062763214,,0.23579981923103333,,0.04299234598875046,,0.0026904798578470945,0.023007774725556374,,,,,,,,,,,,,,
4,,5629,,,,,,,,,,7.577240467071533e-06,,1.2079075531801209e-05,,0.2726314663887024,,0.2080381214618683,,0.03501107916235924,,0.0021856441162526608,0.022364666685461998,,,,,,,,,,,,,,
4,,5639,,,,,,,,,,4.891306161880493e-06,,6.278996806940995e-06,,0.26875564455986023,,0.22007593512535095,,0.04617675766348839,,0.002572472207248211,0.023969806730747223,,,,,,,,,,,,,,
4,,5649,,,,,,,,,,9.335577487945557e-06,,7.529285085183801e-06,,0.27387183904647827,,0.22707504034042358,,0.04506168141961098,,0.00260946131311357,0.023138921707868576,,,,,,,,,,,,,,
4,,5659,,,,,,,,,,6.2212347984313965e-06,,8.775088645052165e-06,,0.2655329704284668,,0.22203657031059265,,0.03348081186413765,,0.003087554592639208,0.02270253375172615,,,,,,,,,,,,,,
4,,5669,,,,,,,,,,9.065493941307068e-06,,1.957469248736743e-05,,0.2979530394077301,,0.23748263716697693,,0.04047162085771561,,0.002531844424083829,0.023107804358005524,,,,,,,,,,,,,,
4,,5679,,,,,,,,,,1.574680209159851e-05,,1.9544491806300357e-05,,0.29377323389053345,,0.20696325600147247,,0.03818081319332123,,0.0022243105340749025,0.021476108580827713,,,,,,,,,,,,,,
4,,5689,,,,,,,,,,7.327646017074585e-06,,1.0520554496906698e-05,,0.3186388313770294,,0.20346032083034515,,0.05133534595370293,,0.002243163762614131,0.024389121681451797,,,,,,,,,,,,,,
4,,5699,,,,,,,,,,9.28528606891632e-06,,9.356605005450547e-06,,0.2907485365867615,,0.23900827765464783,,0.03793415054678917,,0.002302736509591341,0.02363332360982895,,,,,,,,,,,,,,
4,,5709,,,,,,,,,,9.397044777870178e-06,,7.973993888299447e-06,,0.2682800590991974,,0.24354714155197144,,0.0358111597597599,,0.0032313470728695393,0.02482854202389717,,,,,,,,,,,,,,
4,,5719,,,,,,,,,,8.068978786468506e-06,,6.578450847882777e-05,,0.3423551917076111,,0.2373981475830078,,0.03917977586388588,,0.0029967292211949825,0.024780655279755592,,,,,,,,,,,,,,
4,,5729,,,,,,,,,,2.580508589744568e-05,,5.827069981023669e-05,,0.26122984290122986,,0.25836706161499023,,0.03811689838767052,,0.00329401227645576,0.024693358689546585,,,,,,,,,,,,,,
4,,5739,,,,,,,,,,7.372349500656128e-06,,3.581616510928143e-06,,0.24035388231277466,,0.2488907426595688,,0.03929214924573898,,0.001848003943450749,0.02253539301455021,,,,,,,,,,,,,,
4,,5749,,,,,,,,,,8.09691846370697e-06,,9.13298936211504e-06,,0.2961621880531311,,0.2192024141550064,,0.03373551741242409,,0.002733709290623665,0.022229915484786034,,,,,,,,,,,,,,
4,,5759,,,,,,,,,,6.077811121940613e-06,,2.726197271840647e-05,,0.27622362971305847,,0.24072043597698212,,0.045226048678159714,,0.0026428343262523413,0.024426765739917755,,,,,,,,,,,,,,
4,,5769,,,,,,,,,,1.6285106539726257e-05,,2.5257939341827296e-05,,0.25538724660873413,,0.2496533840894699,,0.05244080722332001,,0.002833006205037236,0.027593057602643967,,,,,,,,,,,,,,
4,,5779,,,,,,,,,,5.4817646741867065e-06,,1.0178779120906256e-05,,0.3364271819591522,,0.20429643988609314,,0.03279637172818184,,0.002178785391151905,0.021431781351566315,,,,,,,,,,,,,,
4,,5789,,,,,,,,,,1.2179836630821228e-05,,4.622149390343111e-06,,0.23332004249095917,,0.21512584388256073,,0.05400868132710457,,0.0021709247957915068,0.02248149737715721,,,,,,,,,,,,,,
4,,5799,,,,,,,,,,1.691095530986786e-05,,4.644165528588928e-06,,0.2887304127216339,,0.24796812236309052,,0.038734082132577896,,0.003102722577750683,0.024360664188861847,,,,,,,,,,,,,,
4,,5809,,,,,,,,,,6.349757313728333e-05,,4.523262759903446e-06,,0.2188636064529419,,0.24236224591732025,,0.03386106342077255,,0.002944436389952898,0.023017438128590584,,,,,,,,,,,,,,
4,,5819,,,,,,,,,,2.4393200874328613e-05,,3.9996325540414546e-06,,0.2734430730342865,,0.22062253952026367,,0.029601696878671646,,0.002457156777381897,0.021573156118392944,,,,,,,,,,,,,,
4,,5829,,,,,,,,,,3.154389560222626e-05,,4.538080702332081e-06,,0.2978650629520416,,0.20331332087516785,,0.028327105566859245,,0.0016236936207860708,0.018547482788562775,,,,,,,,,,,,,,
4,,5834,,,,,,,,,,,,,,,,,,,,,,0.9913073182106018,1.0,1.0,0.9212272763252258,0.9051031470298767,0.984185516834259,0.9995282292366028,0.023310262709856033,2.384185791015625e-07,5.960464477539062e-07,0.2954125702381134,0.2562968134880066,0.03752715513110161,0.0010566064156591892
4,,5834,0.9913091063499451,1.0,1.0,0.9247205853462219,0.9160737991333008,0.9836109280586243,0.998940646648407,0.0241630207747221,2.4946652047219686e-05,,2.014321944443509e-05,,0.28149038553237915,,0.22988472878932953,,0.04146189242601395,,0.0030583138577640057,,,,,,,,,,,,,,,,
,0.0002799038105676658,5835,,,,,,,,,,,,,,,,,,,,,,,,,,,,,,,,,,,
5,,5839,,,,,,,,,,8.616596460342407e-06,,2.823539716700907e-06,,0.2960678040981293,,0.21149517595767975,,0.041397955268621445,,0.003405483905225992,0.025525685399770737,,,,,,,,,,,,,,
5,,5849,,,,,,,,,,9.154900908470154e-06,,5.860482360731112e-06,,0.2531573176383972,,0.254767507314682,,0.04341506585478783,,0.002986001316457987,0.026322538033127785,,,,,,,,,,,,,,
5,,5859,,,,,,,,,,9.786337614059448e-06,,9.990090802602936e-06,,0.2960328459739685,,0.22537103295326233,,0.04096673056483269,,0.002236027969047427,0.022213421761989594,,,,,,,,,,,,,,
5,,5869,,,,,,,,,,3.729015588760376e-06,,2.7347092327545397e-05,,0.26870957016944885,,0.22791776061058044,,0.04134394973516464,,0.00305092497728765,0.02429329603910446,,,,,,,,,,,,,,
5,,5879,,,,,,,,,,1.1442229151725769e-05,,9.976562978408765e-06,,0.22784505784511566,,0.2540431618690491,,0.03920494019985199,,0.002629946218803525,0.025869116187095642,,,,,,,,,,,,,,
5,,5889,,,,,,,,,,3.1869858503341675e-06,,2.0667193894041702e-06,,0.2093617022037506,,0.2619992196559906,,0.04385354369878769,,0.0018182469066232443,0.02667413093149662,,,,,,,,,,,,,,
5,,5899,,,,,,,,,,8.884817361831665e-06,,3.011438820976764e-06,,0.2435837984085083,,0.23765991628170013,,0.033863041549921036,,0.0019683237187564373,0.02334565669298172,,,,,,,,,,,,,,
5,,5909,,,,,,,,,,1.1341646313667297e-05,,5.590064120042371e-06,,0.3013538420200348,,0.2101592868566513,,0.04162118583917618,,0.0022440210450440645,0.024288348853588104,,,,,,,,,,,,,,
5,,5919,,,,,,,,,,3.032386302947998e-06,,4.587997409544187e-06,,0.2647237777709961,,0.21652470529079437,,0.039506979286670685,,0.0015864362940192223,0.021597908809781075,,,,,,,,,,,,,,
5,,5929,,,,,,,,,,6.9569796323776245e-06,,1.3129164472047705e-05,,0.28322839736938477,,0.21924491226673126,,0.02788308635354042,,0.0018693947931751609,0.021614760160446167,,,,,,,,,,,,,,
5,,5939,,,,,,,,,,1.2610107660293579e-05,,2.0970743207726628e-05,,0.2810087203979492,,0.20817627012729645,,0.049012891948223114,,0.0024081903975456953,0.023690110072493553,,,,,,,,,,,,,,
5,,5949,,,,,,,,,,3.779307007789612e-06,,1.1823453860415611e-05,,0.26506951451301575,,0.21470801532268524,,0.041640207171440125,,0.003145875409245491,0.023086529225111008,,,,,,,,,,,,,,
5,,5959,,,,,,,,,,3.643333911895752e-06,,8.117193829093594e-06,,0.28077438473701477,,0.23834316432476044,,0.045061562210321426,,0.001922214520163834,0.025459319353103638,,,,,,,,,,,,,,
5,,5969,,,,,,,,,,5.7034194469451904e-06,,1.0174971066589933e-05,,0.32540684938430786,,0.22949515283107758,,0.049241796135902405,,0.0014723044587299228,0.024825939908623695,,,,,,,,,,,,,,
5,,5979,,,,,,,,,,6.996095180511475e-06,,1.030123712553177e-05,,0.2624675929546356,,0.22583384811878204,,0.03692571073770523,,0.0021808405872434378,0.024023113772273064,,,,,,,,,,,,,,
5,,5989,,,,,,,,,,5.733221769332886e-06,,1.906611942104064e-05,,0.2617274522781372,,0.24500374495983124,,0.03479212895035744,,0.0020566389430314302,0.022251185029745102,,,,,,,,,,,,,,
5,,5999,,,,,,,,,,6.243586540222168e-06,,2.554390221121139e-06,,0.3051506280899048,,0.23240381479263306,,0.03843381628394127,,0.002196453744545579,0.02465911954641342,,,,,,,,,,,,,,
5,,6009,,,,,,,,,,9.426847100257874e-06,,9.75354305410292e-06,,0.31537407636642456,,0.21998851001262665,,0.03228318318724632,,0.002101531019434333,0.0219266414642334,,,,,,,,,,,,,,
5,,6019,,,,,,,,,,1.6683712601661682e-05,,4.577517029247247e-05,,0.3286837041378021,,0.20911256968975067,,0.03602360561490059,,0.0042859939858317375,0.02390599437057972,,,,,,,,,,,,,,
5,,6029,,,,,,,,,,2.2096559405326843e-05,,1.8805927538778633e-05,,0.2684469223022461,,0.23043416440486908,,0.03834451362490654,,0.002389914356172085,0.021877966821193695,,,,,,,,,,,,,,
5,,6039,,,,,,,,,,1.1939555406570435e-05,,7.923713383206632e-06,,0.29694846272468567,,0.21198292076587677,,0.05221789702773094,,0.0024240349885076284,0.02305319346487522,,,,,,,,,,,,,,
5,,6049,,,,,,,,,,1.9749626517295837e-05,,1.683943992247805e-05,,0.20780925452709198,,0.241513192653656,,0.03623228147625923,,0.0027283295057713985,0.02164330892264843,,,,,,,,,,,,,,
5,,6059,,,,,,,,,,1.0384246706962585e-05,,1.5662160876672715e-05,,0.32861196994781494,,0.242080420255661,,0.03043636493384838,,0.0022172725293785334,0.023052899166941643,,,,,,,,,,,,,,
5,,6069,,,,,,,,,,1.631118357181549e-05,,1.2039479770464823e-05,,0.2811703681945801,,0.2230527251958847,,0.030543440952897072,,0.0030759251676499844,0.020250344648957253,,,,,,,,,,,,,,
5,,6079,,,,,,,,,,6.198883056640625e-06,,9.906425475492142e-06,,0.2921575605869293,,0.21942180395126343,,0.04259274899959564,,0.0021960053127259016,0.024849580600857735,,,,,,,,,,,,,,
5,,6089,,,,,,,,,,3.057532012462616e-05,,2.7451043933979236e-05,,0.2464529424905777,,0.24499845504760742,,0.03555639088153839,,0.002653761301189661,0.023266611620783806,,,,,,,,,,,,,,
5,,6099,,,,,,,,,,2.109445631504059e-05,,9.699114343675319e-06,,0.26044031977653503,,0.2390548586845398,,0.04137493297457695,,0.0030478271655738354,0.024526145309209824,,,,,,,,,,,,,,
5,,6109,,,,,,,,,,8.920207619667053e-06,,7.02612305758521e-06,,0.2723694443702698,,0.23729299008846283,,0.04025793820619583,,0.00242046476341784,0.02279333770275116,,,,,,,,,,,,,,
5,,6119,,,,,,,,,,4.785135388374329e-06,,4.3290383473504335e-06,,0.24132923781871796,,0.25558382272720337,,0.05844145268201828,,0.003293283050879836,0.02929071895778179,,,,,,,,,,,,,,
5,,6129,,,,,,,,,,1.381896436214447e-05,,4.9643058446235955e-06,,0.26368945837020874,,0.22534240782260895,,0.03306550905108452,,0.001814463990740478,0.02091011218726635,,,,,,,,,,,,,,
5,,6139,,,,,,,,,,7.977709174156189e-06,,4.00543194700731e-06,,0.32399699091911316,,0.23577983677387238,,0.03342987224459648,,0.003043658332899213,0.022822147235274315,,,,,,,,,,,,,,
5,,6149,,,,,,,,,,3.957003355026245e-05,,1.9244038412580267e-05,,0.25876888632774353,,0.24907365441322327,,0.02326449565589428,,0.002508942736312747,0.02103576622903347,,,,,,,,,,,,,,
5,,6159,,,,,,,,,,3.314763307571411e-05,,1.3332092748896684e-05,,0.2261904925107956,,0.21281081438064575,,0.03247028961777687,,0.002020240295678377,0.020870763808488846,,,,,,,,,,,,,,
5,,6169,,,,,,,,,,0.00020239315927028656,,6.508515070891008e-05,,0.25219669938087463,,0.2307683825492859,,0.036300238221883774,,0.0026625723112374544,0.02321282960474491,,,,,,,,,,,,,,
5,,6179,,,,,,,,,,0.0004908908158540726,,8.353864359378349e-06,,0.24793864786624908,,0.2245776206254959,,0.03473978117108345,,0.00174812285695225,0.022446388378739357,,,,,,,,,,,,,,
5,,6189,,,,,,,,,,6.227940320968628e-05,,1.382962454954395e-05,,0.32697856426239014,,0.22597187757492065,,0.0340055488049984,,0.0023594030644744635,0.021806053817272186,,,,,,,,,,,,,,
5,,6199,,,,,,,,,,3.787130117416382e-05,,8.594482096668798e-06,,0.2765595316886902,,0.23788243532180786,,0.03520119562745094,,0.002667793072760105,0.022629281505942345,,,,,,,,,,,,,,
5,,6209,,,,,,,,,,2.3195520043373108e-05,,1.0699033737182617e-05,,0.25092849135398865,,0.20263753831386566,,0.038148727267980576,,0.002274550963193178,0.020692475140094757,,,,,,,,,,,,,,
5,,6219,,,,,,,,,,8.073635399341583e-05,,8.157078809745144e-06,,0.316353976726532,,0.22410808503627777,,0.04031528905034065,,0.0026562835555523634,0.023630963638424873,,,,,,,,,,,,,,
5,,6229,,,,,,,,,,2.3482367396354675e-05,,5.849632088938961e-06,,0.2560688555240631,,0.2374740093946457,,0.030520707368850708,,0.002727912040427327,0.024191230535507202,,,,,,,,,,,,,,
5,,6239,,,,,,,,,,7.941387593746185e-05,,1.8256871044286527e-05,,0.2904524505138397,,0.22269853949546814,,0.05134487524628639,,0.002813512459397316,0.02427532523870468,,,,,,,,,,,,,,
5,,6249,,,,,,,,,,1.6823410987854004e-05,,8.500442163494881e-06,,0.26780664920806885,,0.23054562509059906,,0.038330163806676865,,0.002218510489910841,0.022549042478203773,,,,,,,,,,,,,,
5,,6259,,,,,,,,,,9.698793292045593e-06,,1.5356383300968446e-05,,0.2709086835384369,,0.23932749032974243,,0.028834115713834763,,0.0015725626144558191,0.02251342125236988,,,,,,,,,,,,,,
5,,6269,,,,,,,,,,1.1458992958068848e-05,,1.029193663271144e-05,,0.3038754165172577,,0.21568550169467926,,0.04197617620229721,,0.0018024042947217822,0.02259809710085392,,,,,,,,,,,,,,
5,,6279,,,,,,,,,,1.43442302942276e-05,,9.08348556549754e-06,,0.2855140268802643,,0.23524324595928192,,0.02655491791665554,,0.0033485929016023874,0.020693378522992134,,,,,,,,,,,,,,
5,,6289,,,,,,,,,,1.9140541553497314e-05,,2.1375091819209047e-05,,0.273944616317749,,0.2573572099208832,,0.03291476145386696,,0.0026157821994274855,0.02251015603542328,,,,,,,,,,,,,,
5,,6299,,,,,,,,,,4.767067730426788e-05,,4.673061994253658e-05,,0.26267141103744507,,0.23438706994056702,,0.033234138041734695,,0.002100835321471095,0.021762987598776817,,,,,,,,,,,,,,
5,,6309,,,,,,,,,,6.861984729766846e-06,,3.884461875713896e-06,,0.2904587388038635,,0.2456880807876587,,0.04211131110787392,,0.0023632764350622892,0.02542492002248764,,,,,,,,,,,,,,
5,,6319,,,,,,,,,,1.461803913116455e-05,,4.424239250511164e-06,,0.3007304072380066,,0.2249060422182083,,0.04643232747912407,,0.0020559721160680056,0.02294326014816761,,,,,,,,,,,,,,
5,,6329,,,,,,,,,,2.1103769540786743e-05,,6.295508501352742e-05,,0.28452610969543457,,0.22200535237789154,,0.031350377947092056,,0.0019528561970219016,0.02282698079943657,,,,,,,,,,,,,,
5,,6339,,,,,,,,,,2.691708505153656e-05,,2.6919802621705458e-05,,0.2620944380760193,,0.22206227481365204,,0.043348535895347595,,0.0018641063943505287,0.02515798807144165,,,,,,,,,,,,,,
5,,6349,,,,,,,,,,1.6765668988227844e-05,,7.679223017476033e-06,,0.294066458940506,,0.23758278787136078,,0.041549257934093475,,0.002318271202966571,0.025592099875211716,,,,,,,,,,,,,,
5,,6359,,,,,,,,,,1.4316290616989136e-05,,1.4490203284367453e-05,,0.3203321397304535,,0.21454304456710815,,0.032362643629312515,,0.0015853558434173465,0.018924947828054428,,,,,,,,,,,,,,
5,,6369,,,,,,,,,,1.0155141353607178e-05,,4.7632809582864866e-05,,0.2956814169883728,,0.21419450640678406,,0.034508995711803436,,0.0020594254601746798,0.021063847467303276,,,,,,,,,,,,,,
5,,6379,,,,,,,,,,1.2094154953956604e-05,,1.017811428027926e-05,,0.21808041632175446,,0.2606170177459717,,0.03548906370997429,,0.0015346537111327052,0.023826895281672478,,,,,,,,,,,,,,
5,,6389,,,,,,,,,,2.016499638557434e-05,,8.500902367813978e-06,,0.28067490458488464,,0.2312079668045044,,0.0308927521109581,,0.0029581787530332804,0.02311006747186184,,,,,,,,,,,,,,
5,,6399,,,,,,,,,,1.1784955859184265e-05,,5.805031378258718e-06,,0.30328553915023804,,0.22797474265098572,,0.037990644574165344,,0.002233758568763733,0.022826755419373512,,,,,,,,,,,,,,
5,,6409,,,,,,,,,,1.5962868928909302e-05,,5.636241439788137e-06,,0.2551827132701874,,0.23857270181179047,,0.02971641719341278,,0.0033330386504530907,0.02122478000819683,,,,,,,,,,,,,,
5,,6419,,,,,,,,,,9.898096323013306e-06,,6.676354132650886e-06,,0.3167601227760315,,0.22220583260059357,,0.0377584733068943,,0.002075413940474391,0.02346218377351761,,,,,,,,,,,,,,
5,,6429,,,,,,,,,,8.014962077140808e-06,,5.175886144570541e-06,,0.3468211591243744,,0.2123272716999054,,0.03610629215836525,,0.002220493508502841,0.021281633526086807,,,,,,,,,,,,,,
5,,6439,,,,,,,,,,1.1134892702102661e-05,,9.276945093006361e-06,,0.2603658139705658,,0.22431907057762146,,0.02902080863714218,,0.0025234888307750225,0.02270401269197464,,,,,,,,,,,,,,
5,,6449,,,,,,,,,,3.180652856826782e-05,,1.728324241412338e-05,,0.29758599400520325,,0.20982202887535095,,0.034562431275844574,,0.0017306344816461205,0.0213560089468956,,,,,,,,,,,,,,
5,,6459,,,,,,,,,,1.699104905128479e-05,,8.474697096971795e-06,,0.2728230059146881,,0.21187736093997955,,0.034150585532188416,,0.0020803806837648153,0.020361939445137978,,,,,,,,,,,,,,
5,,6469,,,,,,,,,,2.438575029373169e-05,,1.269704443984665e-05,,0.26433202624320984,,0.2705446481704712,,0.0390399694442749,,0.0020306750666350126,0.02437899075448513,,,,,,,,,,,,,,
5,,6479,,,,,,,,,,2.232566475868225e-05,,6.735324859619141e-06,,0.2955642342567444,,0.22453470528125763,,0.03416023775935173,,0.0023094648495316505,0.02161366678774357,,,,,,,,,,,,,,
5,,6489,,,,,,,,,,5.4486095905303955e-05,,3.751560507225804e-05,,0.28047317266464233,,0.2437240481376648,,0.03963778540492058,,0.001984212314710021,0.024257853627204895,,,,,,,,,,,,,,
5,,6499,,,,,,,,,,1.580081880092621e-05,,2.240246976725757e-05,,0.2895800769329071,,0.22210215032100677,,0.03383622691035271,,0.0013901962665840983,0.019778558984398842,,,,,,,,,,,,,,
5,,6509,,,,,,,,,,2.5900080800056458e-05,,1.1929397260246333e-05,,0.24634911119937897,,0.23814797401428223,,0.036705173552036285,,0.0016835593851283193,0.020930156111717224,,,,,,,,,,,,,,
5,,6519,,,,,,,,,,6.616115570068359e-06,,4.5664737626793794e-06,,0.2552501857280731,,0.222294881939888,,0.04386131465435028,,0.00179086544085294,0.024327559396624565,,,,,,,,,,,,,,
5,,6529,,,,,,,,,,1.736171543598175e-05,,9.692183084553108e-06,,0.34149548411369324,,0.21299216151237488,,0.04342338442802429,,0.0014558901311829686,0.022723032161593437,,,,,,,,,,,,,,
5,,6539,,,,,,,,,,1.9254162907600403e-05,,4.992509730072925e-06,,0.28320595622062683,,0.19177119433879852,,0.03695404902100563,,0.0020134730730205774,0.020056944340467453,,,,,,,,,,,,,,
5,,6549,,,,,,,,,,1.1743977665901184e-05,,4.274329057807336e-06,,0.30085963010787964,,0.21254979074001312,,0.027615787461400032,,0.0015255226753652096,0.020176546648144722,,,,,,,,,,,,,,
5,,6559,,,,,,,,,,8.77678394317627e-06,,4.633089247363387e-06,,0.2651440501213074,,0.22439293563365936,,0.03733441233634949,,0.0026288044173270464,0.021712133660912514,,,,,,,,,,,,,,
5,,6569,,,,,,,,,,5.204230546951294e-06,,7.995094165380578e-06,,0.25681278109550476,,0.2587481737136841,,0.03883688896894455,,0.0021577912848442793,0.025288697332143784,,,,,,,,,,,,,,
5,,6579,,,,,,,,,,5.928985774517059e-05,,3.2218846172327176e-05,,0.25566768646240234,,0.2239345908164978,,0.037741005420684814,,0.002448545303195715,0.02357686311006546,,,,,,,,,,,,,,
5,,6589,,,,,,,,,,4.1987746953964233e-05,,1.5253339370246977e-05,,0.24480588734149933,,0.24449369311332703,,0.02897759899497032,,0.0020538957323879004,0.019691064953804016,,,,,,,,,,,,,,
5,,6599,,,,,,,,,,1.5480443835258484e-05,,4.17391856899485e-05,,0.29988211393356323,,0.19878476858139038,,0.033763717859983444,,0.002246263436973095,0.020628271624445915,,,,,,,,,,,,,,
5,,6609,,,,,,,,,,5.6724995374679565e-05,,5.3837742598261684e-05,,0.2908259630203247,,0.25961747765541077,,0.03311989828944206,,0.0018365299329161644,0.023344971239566803,,,,,,,,,,,,,,
5,,6619,,,,,,,,,,9.12696123123169e-06,,2.1888048649998382e-05,,0.3068101108074188,,0.20196668803691864,,0.033932749181985855,,0.002309130970388651,0.020856574177742004,,,,,,,,,,,,,,
5,,6629,,,,,,,,,,4.991888999938965e-06,,2.774062886601314e-05,,0.23294302821159363,,0.24508202075958252,,0.031136302277445793,,0.0017868714639917016,0.023508748039603233,,,,,,,,,,,,,,
5,,6639,,,,,,,,,,3.2689422369003296e-06,,7.860141522542108e-06,,0.2547188401222229,,0.22726744413375854,,0.029230963438749313,,0.0036936106625944376,0.02120859920978546,,,,,,,,,,,,,,
5,,6649,,,,,,,,,,1.730397343635559e-06,,3.073325569857843e-05,,0.2498348504304886,,0.2494896948337555,,0.037749022245407104,,0.0019357014680281281,0.023306725546717644,,,,,,,,,,,,,,
5,,6659,,,,,,,,,,3.3918768167495728e-06,,7.404883490380598e-06,,0.3096409738063812,,0.23132769763469696,,0.029467253014445305,,0.0025077685713768005,0.021649939939379692,,,,,,,,,,,,,,
5,,6669,,,,,,,,,,5.07943332195282e-06,,7.694360647292342e-06,,0.25108781456947327,,0.2440551519393921,,0.02986953966319561,,0.0016883618663996458,0.02230100706219673,,,,,,,,,,,,,,
5,,6679,,,,,,,,,,1.6629695892333984e-05,,1.7171183571917936e-05,,0.3019889295101166,,0.22214891016483307,,0.046394504606723785,,0.0010411357507109642,0.0253880824893713,,,,,,,,,,,,,,
5,,6689,,,,,,,,,,1.453980803489685e-05,,1.3767405107500963e-05,,0.3011814057826996,,0.23193195462226868,,0.043744899332523346,,0.0022723788861185312,0.02508283592760563,,,,,,,,,,,,,,
5,,6699,,,,,,,,,,2.413056790828705e-05,,2.0062261683051474e-05,,0.37164780497550964,,0.2188413292169571,,0.03822426125407219,,0.002055052202194929,0.022791940718889236,,,,,,,,,,,,,,
5,,6709,,,,,,,,,,4.9971044063568115e-05,,2.536839929234702e-05,,0.33901843428611755,,0.19612133502960205,,0.02915688417851925,,0.0019390367669984698,0.020034290850162506,,,,,,,,,,,,,,
5,,6719,,,,,,,,,,1.2654811143875122e-05,,1.9150551452185027e-05,,0.27889886498451233,,0.22265233099460602,,0.0432683564722538,,0.0020699556916952133,0.02381465956568718,,,,,,,,,,,,,,
5,,6729,,,,,,,,,,3.7476420402526855e-06,,1.1477281077532098e-05,,0.31769055128097534,,0.19625957310199738,,0.035848524421453476,,0.0027808253653347492,0.022602012380957603,,,,,,,,,,,,,,
5,,6739,,,,,,,,,,2.362579107284546e-05,,1.6951560610323213e-05,,0.2816201448440552,,0.2465154379606247,,0.032499123364686966,,0.0022863969206809998,0.021731309592723846,,,,,,,,,,,,,,
5,,6749,,,,,,,,,,2.5715678930282593e-05,,1.668994445935823e-05,,0.27784743905067444,,0.2235977202653885,,0.041232556104660034,,0.0035312992986291647,0.02424156293272972,,,,,,,,,,,,,,
5,,6759,,,,,,,,,,0.00012124143540859222,,2.2458545572590083e-05,,0.3187055289745331,,0.22587472200393677,,0.03176011145114899,,0.0026564388535916805,0.02250966615974903,,,,,,,,,,,,,,
5,,6769,,,,,,,,,,1.4085322618484497e-05,,1.2770542525686324e-05,,0.27047720551490784,,0.2455192655324936,,0.040776461362838745,,0.0026829931885004044,0.023380475118756294,,,,,,,,,,,,,,
5,,6779,,,,,,,,,,1.298263669013977e-05,,1.187571160699008e-05,,0.27679961919784546,,0.222138911485672,,0.03312179446220398,,0.001908808946609497,0.020885465666651726,,,,,,,,,,,,,,
5,,6789,,,,,,,,,,4.7577545046806335e-05,,1.884980156319216e-05,,0.21754923462867737,,0.20192138850688934,,0.03415585309267044,,0.0017501877155154943,0.0185250211507082,,,,,,,,,,,,,,
5,,6799,,,,,,,,,,6.6515058279037476e-06,,1.5509889635723084e-05,,0.22350724041461945,,0.26378506422042847,,0.02789441868662834,,0.0018847162136808038,0.021157165989279747,,,,,,,,,,,,,,
5,,6809,,,,,,,,,,3.62396240234375e-05,,2.635483724588994e-05,,0.3214009702205658,,0.2291061282157898,,0.03323114290833473,,0.001791481045074761,0.02313501574099064,,,,,,,,,,,,,,
5,,6819,,,,,,,,,,4.111975431442261e-05,,3.083631963818334e-05,,0.2789275646209717,,0.21637988090515137,,0.034480903297662735,,0.0017943846760317683,0.020582525059580803,,,,,,,,,,,,,,
5,,6829,,,,,,,,,,1.977197825908661e-05,,1.5831497876206413e-05,,0.23634956777095795,,0.2425900101661682,,0.03453647717833519,,0.0020959139801561832,0.02035357430577278,,,,,,,,,,,,,,
5,,6839,,,,,,,,,,7.15106725692749e-05,,2.9900571462349035e-05,,0.3081185817718506,,0.22060807049274445,,0.0393572561442852,,0.0014902477851137519,0.021817095577716827,,,,,,,,,,,,,,
5,,6849,,,,,,,,,,9.059906005859375e-06,,1.623881507839542e-05,,0.2744748592376709,,0.24553854763507843,,0.037145547568798065,,0.002474394394084811,0.023555688560009003,,,,,,,,,,,,,,
5,,6859,,,,,,,,,,1.8555670976638794e-05,,1.858134965004865e-05,,0.2912803590297699,,0.23155134916305542,,0.03228851407766342,,0.0022542430087924004,0.019346583634614944,,,,,,,,,,,,,,
5,,6869,,,,,,,,,,1.6065314412117004e-05,,3.636678229668178e-05,,0.2546028196811676,,0.2524642050266266,,0.034185316413640976,,0.002042897045612335,0.021583033725619316,,,,,,,,,,,,,,
5,,6879,,,,,,,,,,2.647191286087036e-05,,1.5112542314454913e-05,,0.2931023836135864,,0.2247789353132248,,0.034419458359479904,,0.0017500389367341995,0.022116869688034058,,,,,,,,,,,,,,
5,,6889,,,,,,,,,,2.7740374207496643e-05,,2.9713257390540093e-05,,0.2652677893638611,,0.2134735882282257,,0.03648967668414116,,0.0034614952746778727,0.0225598756223917,,,,,,,,,,,,,,
5,,6899,,,,,,,,,,1.8067657947540283e-05,,3.519902747939341e-05,,0.2974717915058136,,0.22712662816047668,,0.03491808474063873,,0.001078226836398244,0.022149574011564255,,,,,,,,,,,,,,
5,,6909,,,,,,,,,,1.0346993803977966e-05,,9.708934157970361e-06,,0.22946149110794067,,0.24795828759670258,,0.03514626994729042,,0.003116249106824398,0.024514665827155113,,,,,,,,,,,,,,
5,,6919,,,,,,,,,,9.534880518913269e-06,,1.4614813153457362e-05,,0.24495071172714233,,0.24549973011016846,,0.030697757378220558,,0.0014996783575043082,0.019619841128587723,,,,,,,,,,,,,,
5,,6929,,,,,,,,,,2.1437183022499084e-05,,1.8552238543634303e-05,,0.3110889494419098,,0.24960733950138092,,0.027984464541077614,,0.00259270123206079,0.023389507085084915,,,,,,,,,,,,,,
5,,6939,,,,,,,,,,1.800619065761566e-05,,1.2858580703323241e-05,,0.31098121404647827,,0.2242417335510254,,0.03754067048430443,,0.0012488147476688027,0.021076606586575508,,,,,,,,,,,,,,
5,,6949,,,,,,,,,,5.641952157020569e-06,,1.0007403943745885e-05,,0.28265681862831116,,0.22538496553897858,,0.03953268378973007,,0.001419548410922289,0.020625105127692223,,,,,,,,,,,,,,
5,,6959,,,,,,,,,,1.4506280422210693e-05,,6.779225259379018e-06,,0.3009553849697113,,0.19558106362819672,,0.030558625236153603,,0.0016837060684338212,0.01981189101934433,,,,,,,,,,,,,,
5,,6969,,,,,,,,,,1.5301629900932312e-05,,8.939474355429411e-06,,0.29735514521598816,,0.2122470736503601,,0.049431212246418,,0.0023222502786666155,0.023761199787259102,,,,,,,,,,,,,,
5,,6979,,,,,,,,,,8.614733815193176e-06,,1.1793039448093623e-05,,0.29813843965530396,,0.2141849845647812,,0.030301859602332115,,0.0021941186860203743,0.02076316438615322,,,,,,,,,,,,,,
5,,6989,,,,,,,,,,2.7894973754882812e-05,,2.2210604583960958e-05,,0.29677391052246094,,0.23189601302146912,,0.02519984357059002,,0.0034890365786850452,0.02029486559331417,,,,,,,,,,,,,,
5,,6999,,,,,,,,,,3.882311284542084e-05,,8.11400605016388e-06,,0.3404271602630615,,0.20682387053966522,,0.025161776691675186,,0.003054187633097172,0.020826999098062515,,,,,,,,,,,,,,
5,,7001,,,,,,,,,,,,,,,,,,,,,,0.9917046427726746,1.0,1.0,0.9212272763252258,0.9058660268783569,0.9859341382980347,0.9995726346969604,0.022190090268850327,2.384185791015625e-07,9.5367431640625e-07,0.2966114282608032,0.2554790675640106,0.03212829679250717,0.0009454897372052073
5,,7001,0.9918411374092102,1.0,1.0,0.9244011044502258,0.9164301753044128,0.9855385422706604,0.9991793632507324,0.022514643147587776,2.0320048861321993e-05,,1.4842257769487333e-05,,0.2813706696033478,,0.22734422981739044,,0.03597618639469147,,0.002317021833732724,,,,,,,,,,,,,,,,
,0.0002713525491562421,7002,,,,,,,,,,,,,,,,,,,,,,,,,,,,,,,,,,,
6,,7009,,,,,,,,,,7.187947630882263e-06,,9.891360605251975e-06,,0.29436400532722473,,0.22396139800548553,,0.04251162335276604,,0.0022898635361343622,0.024597233161330223,,,,,,,,,,,,,,
6,,7019,,,,,,,,,,1.666322350502014e-05,,5.7045665016630664e-05,,0.3370791971683502,,0.21901775896549225,,0.029522007331252098,,0.0021484720055013895,0.020146260038018227,,,,,,,,,,,,,,
6,,7029,,,,,,,,,,3.974884748458862e-06,,9.177798347081989e-06,,0.2643459737300873,,0.19756633043289185,,0.035007376223802567,,0.0018881350988522172,0.021603362634778023,,,,,,,,,,,,,,
6,,7039,,,,,,,,,,1.006387174129486e-05,,7.0299806793627795e-06,,0.26213937997817993,,0.24026022851467133,,0.031874801963567734,,0.0016114753670990467,0.022161930799484253,,,,,,,,,,,,,,
6,,7049,,,,,,,,,,6.027519702911377e-06,,1.1681869182211813e-05,,0.32818305492401123,,0.22746561467647552,,0.02999643050134182,,0.0025334523525089025,0.021783798933029175,,,,,,,,,,,,,,
6,,7059,,,,,,,,,,7.420778274536133e-06,,7.89024488767609e-06,,0.3178071975708008,,0.2151368260383606,,0.030596816912293434,,0.0015326443826779723,0.020593080669641495,,,,,,,,,,,,,,
6,,7069,,,,,,,,,,5.943700671195984e-06,,1.2582475392264314e-05,,0.3000720739364624,,0.20994511246681213,,0.03039691038429737,,0.002390522276982665,0.019177518784999847,,,,,,,,,,,,,,
6,,7079,,,,,,,,,,3.1441450119018555e-06,,5.082114512333646e-06,,0.2513769865036011,,0.2265271097421646,,0.031333502382040024,,0.001958478707820177,0.02227526344358921,,,,,,,,,,,,,,
6,,7089,,,,,,,,,,4.284083843231201e-06,,2.8667496735579334e-05,,0.24186934530735016,,0.2347988486289978,,0.029825527220964432,,0.00205224915407598,0.021764514967799187,,,,,,,,,,,,,,
6,,7099,,,,,,,,,,1.3709068298339844e-06,,1.2648933989112265e-05,,0.28870847821235657,,0.20300857722759247,,0.03784570097923279,,0.001487433328293264,0.020827272906899452,,,,,,,,,,,,,,
6,,7109,,,,,,,,,,7.72811472415924e-06,,8.525407793058548e-06,,0.2898429036140442,,0.21421998739242554,,0.031716376543045044,,0.0025998905766755342,0.02189556136727333,,,,,,,,,,,,,,
6,,7119,,,,,,,,,,4.656054079532623e-05,,6.508231308544055e-06,,0.2505771517753601,,0.20989973843097687,,0.036338288336992264,,0.0015984493074938655,0.01990867406129837,,,,,,,,,,,,,,
6,,7129,,,,,,,,,,5.116686224937439e-06,,6.011730874888599e-06,,0.29325222969055176,,0.23213008046150208,,0.028531957417726517,,0.0017358885379508138,0.02025582082569599,,,,,,,,,,,,,,
6,,7139,,,,,,,,,,4.302710294723511e-06,,2.5676877157820854e-06,,0.25474730134010315,,0.2253631353378296,,0.026349961757659912,,0.0018052286468446255,0.019525527954101562,,,,,,,,,,,,,,
6,,7149,,,,,,,,,,3.043562173843384e-06,,5.7115657909889705e-06,,0.273739218711853,,0.20945073664188385,,0.027530156075954437,,0.0012915668776258826,0.020115064457058907,,,,,,,,,,,,,,
6,,7159,,,,,,,,,,7.748603820800781e-06,,6.366735306073679e-06,,0.2506086528301239,,0.22585146129131317,,0.033892713487148285,,0.0019329169299453497,0.02078212797641754,,,,,,,,,,,,,,
6,,7169,,,,,,,,,,2.820044755935669e-06,,1.281927961827023e-05,,0.2903263568878174,,0.204861581325531,,0.023444073274731636,,0.0022421826142817736,0.01854310929775238,,,,,,,,,,,,,,
6,,7179,,,,,,,,,,5.716457962989807e-06,,1.3854461940354668e-05,,0.22391091287136078,,0.23843009769916534,,0.028696535155177116,,0.002095060655847192,0.019938724115490913,,,,,,,,,,,,,,
6,,7189,,,,,,,,,,2.505257725715637e-06,,6.851396847196156e-06,,0.3377656042575836,,0.1845143437385559,,0.039315350353717804,,0.0015598395839333534,0.02135010063648224,,,,,,,,,,,,,,
6,,7199,,,,,,,,,,4.077330231666565e-06,,1.0694509001041297e-05,,0.2882918417453766,,0.20330144464969635,,0.04425067454576492,,0.0020989994518458843,0.02144947089254856,,,,,,,,,,,,,,
6,,7209,,,,,,,,,,2.941116690635681e-06,,3.5582994314609095e-05,,0.28334128856658936,,0.22758398950099945,,0.024876192212104797,,0.0010815063724294305,0.019397052004933357,,,,,,,,,,,,,,
6,,7219,,,,,,,,,,3.3229589462280273e-06,,9.257131750928238e-06,,0.25546133518218994,,0.26349738240242004,,0.036252643913030624,,0.001554524409584701,0.02365640550851822,,,,,,,,,,,,,,
6,,7229,,,,,,,,,,3.4458935260772705e-06,,1.0114844371855725e-05,,0.25544115900993347,,0.21816450357437134,,0.03902759030461311,,0.0022076612804085016,0.02267349511384964,,,,,,,,,,,,,,
6,,7239,,,,,,,,,,1.041404902935028e-05,,2.5977315090131015e-05,,0.26281893253326416,,0.23748891055583954,,0.02914033643901348,,0.0013126012636348605,0.020232396200299263,,,,,,,,,,,,,,
6,,7249,,,,,,,,,,3.390014171600342e-06,,3.460700099822134e-05,,0.2731386423110962,,0.21864953637123108,,0.03674481809139252,,0.0009776302613317966,0.021948207169771194,,,,,,,,,,,,,,
6,,7259,,,,,,,,,,1.9371509552001953e-06,,4.332595381129067e-06,,0.2699871361255646,,0.2126285880804062,,0.03969566151499748,,0.00205330946482718,0.023132391273975372,,,,,,,,,,,,,,
6,,7269,,,,,,,,,,3.390014171600342e-06,,2.974614972117706e-06,,0.3088238537311554,,0.21850334107875824,,0.036015961319208145,,0.0016727418405935168,0.019286131486296654,,,,,,,,,,,,,,
6,,7279,,,,,,,,,,9.248033165931702e-06,,2.9898237698944286e-06,,0.3356744050979614,,0.2341747283935547,,0.027563700452446938,,0.0028346485923975706,0.02405044250190258,,,,,,,,,,,,,,
6,,7289,,,,,,,,,,9.313225746154785e-06,,7.080632258293917e-06,,0.3097497522830963,,0.21454477310180664,,0.027662014588713646,,0.0013190977042540908,0.020318372175097466,,,,,,,,,,,,,,
6,,7299,,,,,,,,,,7.2587281465530396e-06,,7.119229849195108e-06,,0.24787117540836334,,0.2490718513727188,,0.024440202862024307,,0.001988676842302084,0.021252453327178955,,,,,,,,,,,,,,
6,,7309,,,,,,,,,,1.1844560503959656e-05,,4.170422926108586e-06,,0.3094870150089264,,0.2153128981590271,,0.031208829954266548,,0.0021632052958011627,0.020304018631577492,,,,,,,,,,,,,,
6,,7319,,,,,,,,,,1.2021511793136597e-05,,1.6386460629291832e-05,,0.34888598322868347,,0.2220226675271988,,0.023498687893152237,,0.0015154856955632567,0.020971449092030525,,,,,,,,,,,,,,
6,,7329,,,,,,,,,,8.620321750640869e-06,,6.495664365502307e-06,,0.25760969519615173,,0.22047285735607147,,0.025323467329144478,,0.0017431708984076977,0.017451776191592216,,,,,,,,,,,,,,
6,,7339,,,,,,,,,,6.841495633125305e-06,,1.1262653970334213e-05,,0.2478654980659485,,0.23168322443962097,,0.03278811275959015,,0.0012733549810945988,0.02167513035237789,,,,,,,,,,,,,,
6,,7349,,,,,,,,,,1.2958422303199768e-05,,6.528033281938406e-06,,0.29942989349365234,,0.23578645288944244,,0.034705474972724915,,0.0014845429686829448,0.02178896777331829,,,,,,,,,,,,,,
6,,7359,,,,,,,,,,5.416199564933777e-05,,2.4989330995595083e-05,,0.30198222398757935,,0.22155460715293884,,0.025693045929074287,,0.0018632861319929361,0.02064001001417637,,,,,,,,,,,,,,
6,,7369,,,,,,,,,,7.70576298236847e-06,,1.0544545148150064e-05,,0.30517861247062683,,0.24239499866962433,,0.03280678018927574,,0.002746033249422908,0.023488253355026245,,,,,,,,,,,,,,
6,,7379,,,,,,,,,,1.2829899787902832e-05,,2.0469227820285596e-05,,0.27698248624801636,,0.2317056953907013,,0.028483934700489044,,0.001608155551366508,0.020946545526385307,,,,,,,,,,,,,,
6,,7389,,,,,,,,,,1.2328848242759705e-05,,4.7728179197292775e-05,,0.28994718194007874,,0.22984197735786438,,0.030934711918234825,,0.0020312927663326263,0.020727477967739105,,,,,,,,,,,,,,
6,,7399,,,,,,,,,,2.9224902391433716e-06,,2.7388334274291992e-05,,0.2673867344856262,,0.213514044880867,,0.03881821781396866,,0.002203150885179639,0.02098533697426319,,,,,,,,,,,,,,
6,,7409,,,,,,,,,,3.242306411266327e-05,,1.330360919382656e-05,,0.26023048162460327,,0.24476854503154755,,0.029173439368605614,,0.001316890469752252,0.020356500521302223,,,,,,,,,,,,,,
6,,7419,,,,,,,,,,6.902962923049927e-06,,8.1392045103712e-06,,0.2757999300956726,,0.23695562779903412,,0.026789618656039238,,0.001978586195036769,0.02194257639348507,,,,,,,,,,,,,,
6,,7429,,,,,,,,,,4.684552550315857e-05,,2.0967079763067886e-05,,0.232907235622406,,0.2306838482618332,,0.0343148410320282,,0.0019690473563969135,0.02209331840276718,,,,,,,,,,,,,,
6,,7439,,,,,,,,,,1.1382624506950378e-05,,3.7670710298698395e-05,,0.26953667402267456,,0.2424059361219406,,0.029681377112865448,,0.0021169439423829317,0.02153836190700531,,,,,,,,,,,,,,
6,,7449,,,,,,,,,,1.4452263712882996e-05,,1.5198529581539333e-05,,0.2842640280723572,,0.234614759683609,,0.027544327080249786,,0.0017307726666331291,0.02008451148867607,,,,,,,,,,,,,,
6,,7459,,,,,,,,,,5.148351192474365e-06,,8.057615559664555e-06,,0.2927249073982239,,0.23060499131679535,,0.031131278723478317,,0.002365229884162545,0.022633442655205727,,,,,,,,,,,,,,
6,,7469,,,,,,,,,,6.768852472305298e-06,,9.369465260533616e-06,,0.2942006587982178,,0.22232568264007568,,0.03273121267557144,,0.00233574490994215,0.02064995840191841,,,,,,,,,,,,,,
6,,7479,,,,,,,,,,8.748844265937805e-06,,4.947185516357422e-06,,0.2970637381076813,,0.2379535436630249,,0.03514896333217621,,0.0017609256319701672,0.021356670185923576,,,,,,,,,,,,,,
6,,7489,,,,,,,,,,3.912299871444702e-05,,5.774891178589314e-06,,0.277087926864624,,0.22325639426708221,,0.027654001489281654,,0.0018697116756811738,0.02180458977818489,,,,,,,,,,,,,,
6,,7499,,,,,,,,,,2.0677223801612854e-05,,3.8190892155398615e-06,,0.2731136977672577,,0.22115039825439453,,0.0299888476729393,,0.0019051465205848217,0.02054421417415142,,,,,,,,,,,,,,
6,,7509,,,,,,,,,,4.573911428451538e-05,,6.706005933665438e-06,,0.245854452252388,,0.2345462143421173,,0.028820283710956573,,0.0013407699298113585,0.019183553755283356,,,,,,,,,,,,,,
6,,7519,,,,,,,,,,4.0046870708465576e-05,,1.2081286513421219e-05,,0.25346216559410095,,0.21398045122623444,,0.026926476508378983,,0.0023808516561985016,0.019939878955483437,,,,,,,,,,,,,,
6,,7529,,,,,,,,,,4.182569682598114e-05,,1.2165556654508691e-05,,0.28619423508644104,,0.2110651731491089,,0.02948666363954544,,0.0020811944268643856,0.019975189119577408,,,,,,,,,,,,,,
6,,7539,,,,,,,,,,3.553740680217743e-05,,3.674750405480154e-05,,0.29548269510269165,,0.23442427814006805,,0.030127130448818207,,0.0013729291968047619,0.02272060513496399,,,,,,,,,,,,,,
6,,7549,,,,,,,,,,7.51987099647522e-05,,1.7172911611851305e-05,,0.3149702250957489,,0.2341422140598297,,0.03396575152873993,,0.0012959885643795133,0.022996416315436363,,,,,,,,,,,,,,
6,,7559,,,,,,,,,,7.126294076442719e-05,,1.6295729437842965e-05,,0.267651230096817,,0.22003968060016632,,0.03204897791147232,,0.0018039460992440581,0.01988917589187622,,,,,,,,,,,,,,
6,,7569,,,,,,,,,,1.5098601579666138e-05,,1.098743814509362e-05,,0.22959047555923462,,0.2423662692308426,,0.03800661116838455,,0.002217869507148862,0.02291703224182129,,,,,,,,,,,,,,
6,,7579,,,,,,,,,,6.16610050201416e-05,,2.964179657283239e-05,,0.2935764193534851,,0.23030585050582886,,0.031948648393154144,,0.0015194081934168935,0.023194141685962677,,,,,,,,,,,,,,
6,,7589,,,,,,,,,,1.5813857316970825e-05,,1.0719170859374572e-05,,0.26754647493362427,,0.2242111712694168,,0.033617064356803894,,0.0016133307944983244,0.0224619098007679,,,,,,,,,,,,,,
6,,7599,,,,,,,,,,1.0384246706962585e-05,,1.5247006558638532e-05,,0.24551768600940704,,0.23244857788085938,,0.02827705815434456,,0.0025392603129148483,0.021404074504971504,,,,,,,,,,,,,,
6,,7609,,,,,,,,,,4.350580275058746e-05,,4.599040039465763e-06,,0.21143163740634918,,0.236227884888649,,0.03171383962035179,,0.0014361700741574168,0.02283261902630329,,,,,,,,,,,,,,
6,,7619,,,,,,,,,,1.8574297428131104e-05,,1.1025488674931694e-05,,0.2930864095687866,,0.2160659283399582,,0.02889210730791092,,0.0015582545893266797,0.019834941253066063,,,,,,,,,,,,,,
6,,7629,,,,,,,,,,2.9863789677619934e-05,,3.828260105365189e-06,,0.2633123993873596,,0.2278122901916504,,0.025724120438098907,,0.0017863176763057709,0.019331108778715134,,,,,,,,,,,,,,
6,,7639,,,,,,,,,,1.4834105968475342e-05,,8.234365850512404e-06,,0.2550824284553528,,0.20518717169761658,,0.035792138427495956,,0.0015714227920398116,0.020092874765396118,,,,,,,,,,,,,,
6,,7649,,,,,,,,,,1.1267140507698059e-05,,4.363059815659653e-06,,0.22978542745113373,,0.2187679409980774,,0.03008226677775383,,0.00252114562317729,0.021487273275852203,,,,,,,,,,,,,,
6,,7659,,,,,,,,,,6.324984133243561e-05,,2.6441908630658872e-05,,0.2722417116165161,,0.21374502778053284,,0.029857922345399857,,0.0018230288987979293,0.01953970268368721,,,,,,,,,,,,,,
6,,7669,,,,,,,,,,1.878105103969574e-05,,1.97482222574763e-05,,0.29158493876457214,,0.22701102495193481,,0.030517449602484703,,0.001949785277247429,0.021667277440428734,,,,,,,,,,,,,,
6,,7679,,,,,,,,,,1.9205734133720398e-05,,4.292851826903643e-06,,0.32566529512405396,,0.20962703227996826,,0.02526269480586052,,0.001642715185880661,0.02052256092429161,,,,,,,,,,,,,,
6,,7689,,,,,,,,,,4.4407323002815247e-05,,1.0446753549331333e-05,,0.2846274673938751,,0.20794571936130524,,0.028225531801581383,,0.001853572204709053,0.01902124471962452,,,,,,,,,,,,,,
6,,7699,,,,,,,,,,9.676441550254822e-06,,1.0949212082778104e-05,,0.2546091377735138,,0.2605387568473816,,0.03196011483669281,,0.00180193898268044,0.02269056625664234,,,,,,,,,,,,,,
6,,7709,,,,,,,,,,5.247630178928375e-05,,1.62548622029135e-05,,0.28280168771743774,,0.22960135340690613,,0.03236375376582146,,0.0015690483851358294,0.022071724757552147,,,,,,,,,,,,,,
6,,7719,,,,,,,,,,3.579258918762207e-05,,6.77733842167072e-05,,0.33709782361984253,,0.21435952186584473,,0.03141355514526367,,0.001648247824050486,0.021040556952357292,,,,,,,,,,,,,,
6,,7729,,,,,,,,,,8.862465620040894e-06,,9.854246854956727e-06,,0.25453341007232666,,0.24032767117023468,,0.034856654703617096,,0.0016376496059820056,0.021550443023443222,,,,,,,,,,,,,,
6,,7739,,,,,,,,,,1.4606863260269165e-05,,1.066254117176868e-05,,0.2911693751811981,,0.23544947803020477,,0.038002241402864456,,0.00108182686381042,0.023144641891121864,,,,,,,,,,,,,,
6,,7749,,,,,,,,,,1.749582588672638e-05,,0.00022844912018626928,,0.28805670142173767,,0.22691942751407623,,0.02720271423459053,,0.001753791468217969,0.021366598084568977,,,,,,,,,,,,,,
6,,7759,,,,,,,,,,6.515532732009888e-06,,2.888325798267033e-05,,0.2677026391029358,,0.22757558524608612,,0.03252415359020233,,0.001779973623342812,0.021191706880927086,,,,,,,,,,,,,,
6,,7769,,,,,,,,,,2.158805727958679e-06,,9.608268555894028e-06,,0.2835777997970581,,0.2146068513393402,,0.032197289168834686,,0.0015468376222997904,0.020769748836755753,,,,,,,,,,,,,,
6,,7779,,,,,,,,,,6.062909960746765e-06,,9.438494089408778e-06,,0.3132897615432739,,0.2378108650445938,,0.0310855433344841,,0.0018428575713187456,0.021623235195875168,,,,,,,,,,,,,,
6,,7789,,,,,,,,,,1.5623867511749268e-05,,1.1447245924500749e-05,,0.3130994439125061,,0.223719984292984,,0.02850959822535515,,0.0015557250007987022,0.021440938115119934,,,,,,,,,,,,,,
6,,7799,,,,,,,,,,3.569014370441437e-05,,1.7151236534118652e-05,,0.3172871768474579,,0.20021599531173706,,0.02910327911376953,,0.0015478456625714898,0.020510857924818993,,,,,,,,,,,,,,
6,,7809,,,,,,,,,,2.8017908334732056e-05,,5.208584298088681e-06,,0.2851680517196655,,0.2263687551021576,,0.026440801098942757,,0.0017379745841026306,0.019039157778024673,,,,,,,,,,,,,,
6,,7819,,,,,,,,,,9.663589298725128e-05,,2.331708492420148e-05,,0.32963380217552185,,0.22127580642700195,,0.025979364290833473,,0.001621888717636466,0.021133318543434143,,,,,,,,,,,,,,
6,,7829,,,,,,,,,,2.8176233172416687e-05,,3.405370807740837e-05,,0.3184368312358856,,0.21436123549938202,,0.030452106148004532,,0.0019900184124708176,0.020102867856621742,,,,,,,,,,,,,,
6,,7839,,,,,,,,,,1.4396384358406067e-05,,1.293578498007264e-05,,0.2628602385520935,,0.2354775369167328,,0.029556365683674812,,0.0018039291026070714,0.02174728363752365,,,,,,,,,,,,,,
6,,7849,,,,,,,,,,5.7220458984375e-06,,3.014301364601124e-05,,0.3403196632862091,,0.2195771038532257,,0.025123709812760353,,0.002575957914814353,0.02205677516758442,,,,,,,,,,,,,,
6,,7859,,,,,,,,,,6.586313247680664e-06,,1.2730794878734741e-05,,0.33600664138793945,,0.2167866975069046,,0.030298391357064247,,0.0018006236059591174,0.021100662648677826,,,,,,,,,,,,,,
6,,7869,,,,,,,,,,2.2722408175468445e-05,,2.7323525500833057e-05,,0.28992438316345215,,0.23158693313598633,,0.027570530772209167,,0.0015006178291514516,0.020666655153036118,,,,,,,,,,,,,,
6,,7879,,,,,,,,,,4.636123776435852e-06,,6.44454621578916e-06,,0.31132879853248596,,0.21309010684490204,,0.029692139476537704,,0.0016890603583306074,0.019439321011304855,,,,,,,,,,,,,,
6,,7889,,,,,,,,,,8.673965930938721e-05,,8.828854333842173e-06,,0.2776299715042114,,0.2203112244606018,,0.038518037647008896,,0.002732820576056838,0.023246413096785545,,,,,,,,,,,,,,
6,,7899,,,,,,,,,,7.018446922302246e-06,,1.411661105521489e-05,,0.2723610997200012,,0.2210102677345276,,0.036742791533470154,,0.0013754254905506968,0.02140195295214653,,,,,,,,,,,,,,
6,,7909,,,,,,,,,,8.385628461837769e-06,,6.476375801867107e-06,,0.2570919394493103,,0.21262980997562408,,0.026575682684779167,,0.0012581879273056984,0.01775575987994671,,,,,,,,,,,,,,
6,,7919,,,,,,,,,,2.7006492018699646e-05,,1.646716737013776e-05,,0.2619418799877167,,0.22096629440784454,,0.02852337248623371,,0.0025686605367809534,0.02046327106654644,,,,,,,,,,,,,,
6,,7929,,,,,,,,,,1.2062489986419678e-05,,1.7759362890501507e-05,,0.2705781161785126,,0.216374009847641,,0.03360799700021744,,0.001597919617779553,0.019797662273049355,,,,,,,,,,,,,,
6,,7939,,,,,,,,,,1.7648562788963318e-05,,7.04702779330546e-06,,0.33362242579460144,,0.2029018998146057,,0.028771016746759415,,0.0012727448483929038,0.020430555567145348,,,,,,,,,,,,,,
6,,7949,,,,,,,,,,1.2250617146492004e-05,,4.055638783029281e-06,,0.2573881447315216,,0.22902528941631317,,0.03149431571364403,,0.0019034502329304814,0.021467061713337898,,,,,,,,,,,,,,
6,,7959,,,,,,,,,,4.4168904423713684e-05,,2.3789911210769787e-05,,0.3056766092777252,,0.23692971467971802,,0.03349096328020096,,0.0015398453688248992,0.022812671959400177,,,,,,,,,,,,,,
6,,7969,,,,,,,,,,1.4176592230796814e-05,,1.7284723071497865e-05,,0.2664833664894104,,0.21355456113815308,,0.02556004747748375,,0.0017082055564969778,0.01922581158578396,,,,,,,,,,,,,,
6,,7979,,,,,,,,,,5.040690302848816e-05,,5.8811372582567856e-05,,0.3004875183105469,,0.23879142105579376,,0.042301882058382034,,0.001979036722332239,0.025443369522690773,,,,,,,,,,,,,,
6,,7989,,,,,,,,,,2.6619061827659607e-05,,9.362564924231265e-06,,0.2617102563381195,,0.20495203137397766,,0.026677370071411133,,0.002182699739933014,0.01875697635114193,,,,,,,,,,,,,,
6,,7999,,,,,,,,,,2.8721988201141357e-06,,7.108010777301388e-06,,0.20598873496055603,,0.22551578283309937,,0.03506077826023102,,0.0022920076735317707,0.019735872745513916,,,,,,,,,,,,,,
6,,8009,,,,,,,,,,3.3713877201080322e-06,,5.309581865731161e-06,,0.3128938376903534,,0.23584313690662384,,0.030034391209483147,,0.0015607064124196768,0.021554498001933098,,,,,,,,,,,,,,
6,,8019,,,,,,,,,,2.3754313588142395e-05,,1.9807786884484813e-05,,0.31302791833877563,,0.21683810651302338,,0.02737993188202381,,0.0018923969473689795,0.020107803866267204,,,,,,,,,,,,,,
6,,8029,,,,,,,,,,6.210058927536011e-06,,6.879941065562889e-05,,0.27381062507629395,,0.2321067750453949,,0.034899547696113586,,0.0015775433275848627,0.023157402873039246,,,,,,,,,,,,,,
6,,8039,,,,,,,,,,8.07642936706543e-06,,2.6812156647793017e-05,,0.22194525599479675,,0.2386622577905655,,0.03375886753201485,,0.001109717646613717,0.020742354914546013,,,,,,,,,,,,,,
6,,8049,,,,,,,,,,3.5669654607772827e-06,,3.3435069326515077e-06,,0.28617265820503235,,0.21491160988807678,,0.0309895109385252,,0.0023854770697653294,0.020816558972001076,,,,,,,,,,,,,,
6,,8059,,,,,,,,,,4.056841135025024e-06,,7.786852620483842e-06,,0.2820899784564972,,0.22539138793945312,,0.026192765682935715,,0.001813072944059968,0.02006210945546627,,,,,,,,,,,,,,
6,,8069,,,,,,,,,,3.647059202194214e-06,,6.2464400798489805e-06,,0.28947463631629944,,0.2321237325668335,,0.030939718708395958,,0.0017950270557776093,0.02077179215848446,,,,,,,,,,,,,,
6,,8079,,,,,,,,,,2.4158507585525513e-06,,4.132134563405998e-06,,0.31150704622268677,,0.22490453720092773,,0.029474332928657532,,0.0009335632203146815,0.02145742066204548,,,,,,,,,,,,,,
6,,8089,,,,,,,,,,2.0619481801986694e-06,,2.1767231373814866e-05,,0.23006820678710938,,0.24031870067119598,,0.03181368485093117,,0.0015830378979444504,0.021232066676020622,,,,,,,,,,,,,,
6,,8099,,,,,,,,,,1.3004988431930542e-05,,1.982828507607337e-05,,0.3309687376022339,,0.20872902870178223,,0.02434607408940792,,0.0010798429138958454,0.018536753952503204,,,,,,,,,,,,,,
6,,8109,,,,,,,,,,2.9690563678741455e-06,,1.3719322851102334e-05,,0.2741621732711792,,0.21402563154697418,,0.02729286253452301,,0.001383879454806447,0.020512016490101814,,,,,,,,,,,,,,
6,,8119,,,,,,,,,,6.271526217460632e-06,,2.0677871361840516e-05,,0.29168927669525146,,0.2141316831111908,,0.02258227951824665,,0.002826239913702011,0.018966814503073692,,,,,,,,,,,,,,
6,,8129,,,,,,,,,,9.255483746528625e-06,,1.5168609934335109e-05,,0.27712297439575195,,0.22611543536186218,,0.02770674228668213,,0.002166489139199257,0.02097253128886223,,,,,,,,,,,,,,
6,,8139,,,,,,,,,,7.076188921928406e-06,,4.09296371799428e-05,,0.28548967838287354,,0.20286430418491364,,0.026344668120145798,,0.0014551214408129454,0.019106898456811905,,,,,,,,,,,,,,
6,,8149,,,,,,,,,,4.800036549568176e-06,,3.7814075767528266e-05,,0.2706756293773651,,0.2033311426639557,,0.03123021125793457,,0.0024586424697190523,0.020282313227653503,,,,,,,,,,,,,,
6,,8159,,,,,,,,,,8.534640073776245e-06,,2.4127062715706415e-05,,0.27675366401672363,,0.22196969389915466,,0.036598868668079376,,0.0016939924098551273,0.019550375640392303,,,,,,,,,,,,,,
6,,8168,,,,,,,,,,,,,,,,,,,,,,0.9917524456977844,1.0,1.0,0.9212272763252258,0.9059779047966003,0.9859575033187866,0.9996237754821777,0.021843941882252693,1.1920928955078125e-07,7.450580596923828e-07,0.2947135269641876,0.2526065409183502,0.031733375042676926,0.0007919800118543208
6,,8168,0.9922822117805481,1.0,1.0,0.9250312447547913,0.9173535108566284,0.9869535565376282,0.9993337988853455,0.02123694121837616,1.6299234630423598e-05,,1.544168117106892e-05,,0.27944478392601013,,0.2241930365562439,,0.03206631913781166,,0.0018526680069044232,,,,,,,,,,,,,,,,
,0.00026147172382160914,8169,,,,,,,,,,,,,,,,,,,,,,,,,,,,,,,,,,,
7,,8169,,,,,,,,,,1.2015923857688904e-05,,3.6691510558739537e-06,,0.27319544553756714,,0.23602300882339478,,0.03567124530673027,,0.0014070634497329593,0.02338561601936817,,,,,,,,,,,,,,
7,,8179,,,,,,,,,,1.1740252375602722e-05,,9.230648174707312e-06,,0.3033221662044525,,0.23215197026729584,,0.028224410489201546,,0.0016980712534859776,0.021327542141079903,,,,,,,,,,,,,,
7,,8189,,,,,,,,,,9.713694453239441e-06,,1.1291840564808808e-05,,0.32132434844970703,,0.22128143906593323,,0.029382705688476562,,0.0020414465107023716,0.019756846129894257,,,,,,,,,,,,,,
7,,8199,,,,,,,,,,1.483038067817688e-05,,7.890906090324279e-06,,0.2690836787223816,,0.23192983865737915,,0.038382165133953094,,0.0024666860699653625,0.022994251921772957,,,,,,,,,,,,,,
7,,8209,,,,,,,,,,2.1204352378845215e-05,,1.786736902431585e-05,,0.2420196682214737,,0.2298300862312317,,0.03373485803604126,,0.00206362665630877,0.020616894587874413,,,,,,,,,,,,,,
7,,8219,,,,,,,,,,8.225440979003906e-06,,7.824045496818144e-06,,0.3207271695137024,,0.2206416130065918,,0.04289265349507332,,0.0018754194024950266,0.023592093959450722,,,,,,,,,,,,,,
7,,8229,,,,,,,,,,1.8259510397911072e-05,,2.5482489945716225e-05,,0.30730417370796204,,0.1928381472826004,,0.02920173481106758,,0.0018282828386873007,0.019235456362366676,,,,,,,,,,,,,,
7,,8239,,,,,,,,,,1.2060627341270447e-05,,8.116217941278592e-06,,0.28530237078666687,,0.21608690917491913,,0.03108317218720913,,0.0014856245834380388,0.020013870671391487,,,,,,,,,,,,,,
7,,8249,,,,,,,,,,7.769092917442322e-06,,1.727703056531027e-05,,0.28168168663978577,,0.23148493468761444,,0.03137665241956711,,0.0020885737612843513,0.020383011549711227,,,,,,,,,,,,,,
7,,8259,,,,,,,,,,1.9613653421401978e-06,,4.674970568885328e-06,,0.343533992767334,,0.21002301573753357,,0.024640798568725586,,0.0009389537153765559,0.01840287819504738,,,,,,,,,,,,,,
7,,8269,,,,,,,,,,5.677342414855957e-06,,4.595325663103722e-06,,0.30911538004875183,,0.21690016984939575,,0.03369123861193657,,0.0013213381171226501,0.02216418832540512,,,,,,,,,,,,,,
7,,8279,,,,,,,,,,9.34302806854248e-06,,1.0390355782874394e-05,,0.2622756063938141,,0.22568893432617188,,0.02877170220017433,,0.0017995033413171768,0.021351996809244156,,,,,,,,,,,,,,
7,,8289,,,,,,,,,,5.712732672691345e-06,,7.434620783897117e-06,,0.25810497999191284,,0.23953498899936676,,0.03293417766690254,,0.0009392715874128044,0.02034875936806202,,,,,,,,,,,,,,
7,,8299,,,,,,,,,,3.846362233161926e-06,,9.605039849702735e-06,,0.24825924634933472,,0.22354558110237122,,0.027618570253252983,,0.001065448741428554,0.01924441009759903,,,,,,,,,,,,,,
7,,8309,,,,,,,,,,2.820044755935669e-06,,8.057375453063287e-06,,0.2979484796524048,,0.21132640540599823,,0.033308714628219604,,0.0016774841351434588,0.02104051224887371,,,,,,,,,,,,,,
7,,8319,,,,,,,,,,2.3283064365386963e-06,,3.789038964896463e-05,,0.27666693925857544,,0.2175387293100357,,0.02711082436144352,,0.0011116325622424483,0.018174543976783752,,,,,,,,,,,,,,
7,,8329,,,,,,,,,,4.433095455169678e-06,,1.4908173397998326e-05,,0.2665519416332245,,0.251362144947052,,0.03650476410984993,,0.0008996060350909829,0.022818809375166893,,,,,,,,,,,,,,
7,,8339,,,,,,,,,,1.4426186680793762e-05,,1.4822576304140966e-05,,0.2070651650428772,,0.23589743673801422,,0.02290685847401619,,0.002000733045861125,0.019324779510498047,,,,,,,,,,,,,,
7,,8349,,,,,,,,,,3.5241246223449707e-06,,5.65392610951676e-06,,0.22629953920841217,,0.24380235373973846,,0.03585199639201164,,0.0018540365854278207,0.020796172320842743,,,,,,,,,,,,,,
7,,8359,,,,,,,,,,7.594004273414612e-06,,1.5768879165989347e-05,,0.2735595703125,,0.23189300298690796,,0.02491658553481102,,0.001406220719218254,0.019532203674316406,,,,,,,,,,,,,,
7,,8369,,,,,,,,,,1.8961727619171143e-06,,4.404008905112278e-06,,0.28688734769821167,,0.21240271627902985,,0.028680624440312386,,0.0014173450181260705,0.020056206732988358,,,,,,,,,,,,,,
7,,8379,,,,,,,,,,4.287809133529663e-06,,5.888311534363311e-06,,0.3111340403556824,,0.23895791172981262,,0.029188936576247215,,0.001757742720656097,0.022992614656686783,,,,,,,,,,,,,,
7,,8389,,,,,,,,,,1.264922320842743e-05,,1.8314123735763133e-05,,0.24894334375858307,,0.22618316113948822,,0.028957221657037735,,0.001479187048971653,0.018854157999157906,,,,,,,,,,,,,,
7,,8399,,,,,,,,,,4.230067133903503e-06,,4.0288914533448406e-06,,0.33734652400016785,,0.18461094796657562,,0.032607946544885635,,0.001280393684282899,0.021177975460886955,,,,,,,,,,,,,,
7,,8409,,,,,,,,,,1.5776604413986206e-06,,1.2001295317531913e-06,,0.33725395798683167,,0.21523292362689972,,0.028454823419451714,,0.0010226389858871698,0.019297858700156212,,,,,,,,,,,,,,
7,,8419,,,,,,,,,,2.8349459171295166e-06,,5.424630671768682e-06,,0.27296167612075806,,0.2537755072116852,,0.03176598995923996,,0.001644636387936771,0.022949686273932457,,,,,,,,,,,,,,
7,,8429,,,,,,,,,,6.873160600662231e-07,,3.7165921185078332e-06,,0.25369706749916077,,0.2426593154668808,,0.02471231110394001,,0.0032732682302594185,0.020660685375332832,,,,,,,,,,,,,,
7,,8439,,,,,,,,,,1.6838312149047852e-06,,5.329727628122782e-06,,0.32453811168670654,,0.21764300763607025,,0.03299148008227348,,0.0018882246222347021,0.020860426127910614,,,,,,,,,,,,,,
7,,8449,,,,,,,,,,1.3764947652816772e-06,,7.175704922701698e-06,,0.2846781611442566,,0.2412824034690857,,0.024740809574723244,,0.0014475800562649965,0.020631607621908188,,,,,,,,,,,,,,
7,,8459,,,,,,,,,,1.0952353477478027e-06,,2.9463585633493494e-06,,0.2509653568267822,,0.22709257900714874,,0.03649244084954262,,0.0013486657990142703,0.02366664633154869,,,,,,,,,,,,,,
7,,8469,,,,,,,,,,2.985820174217224e-06,,9.850849892245606e-06,,0.277662456035614,,0.20813867449760437,,0.03620254620909691,,0.002207435667514801,0.021270273253321648,,,,,,,,,,,,,,
7,,8479,,,,,,,,,,2.598389983177185e-06,,4.5391032472252846e-05,,0.28159958124160767,,0.22597959637641907,,0.027678819373250008,,0.0015224405797198415,0.021688440814614296,,,,,,,,,,,,,,
7,,8489,,,,,,,,,,6.67572021484375e-06,,8.317889296449721e-06,,0.24391891062259674,,0.24180233478546143,,0.0386275053024292,,0.0014962179120630026,0.02296195924282074,,,,,,,,,,,,,,
7,,8499,,,,,,,,,,1.1110678315162659e-05,,9.225972462445498e-06,,0.30177056789398193,,0.23535992205142975,,0.03413911536335945,,0.0013538312632590532,0.02158023789525032,,,,,,,,,,,,,,
7,,8509,,,,,,,,,,2.3312866687774658e-05,,1.480858372815419e-05,,0.29755648970603943,,0.19832566380500793,,0.03011222742497921,,0.002153686247766018,0.020610768347978592,,,,,,,,,,,,,,
7,,8519,,,,,,,,,,2.9217451810836792e-05,,9.328283340437338e-06,,0.2535172998905182,,0.21727637946605682,,0.02713281288743019,,0.0018261844525113702,0.018958212807774544,,,,,,,,,,,,,,
7,,8529,,,,,,,,,,1.9816681742668152e-05,,1.2640030035981908e-05,,0.2658959925174713,,0.228515625,,0.030114879831671715,,0.001721979002468288,0.02049824222922325,,,,,,,,,,,,,,
7,,8539,,,,,,,,,,2.074986696243286e-05,,1.7718835806590505e-05,,0.326447993516922,,0.19315999746322632,,0.02690749615430832,,0.0013897775206714869,0.019977666437625885,,,,,,,,,,,,,,
7,,8549,,,,,,,,,,6.1765313148498535e-06,,7.145488052628934e-05,,0.29955509305000305,,0.20692604780197144,,0.03809192776679993,,0.0017998628318309784,0.020913131535053253,,,,,,,,,,,,,,
7,,8559,,,,,,,,,,2.207234501838684e-06,,4.615181387634948e-05,,0.25410881638526917,,0.2201126515865326,,0.028390049934387207,,0.0014165478060021996,0.020459767431020737,,,,,,,,,,,,,,
7,,8569,,,,,,,,,,3.0975788831710815e-06,,9.057271199708339e-06,,0.26381954550743103,,0.23869100213050842,,0.033028874546289444,,0.0016973207239061594,0.02156061865389347,,,,,,,,,,,,,,
7,,8579,,,,,,,,,,1.0203570127487183e-05,,1.2453788258426357e-05,,0.29960569739341736,,0.19422724843025208,,0.03713257610797882,,0.0016808906802907586,0.020289983600378036,,,,,,,,,,,,,,
7,,8589,,,,,,,,,,4.688277840614319e-06,,4.984310635336442e-06,,0.24603722989559174,,0.2341221272945404,,0.02678009495139122,,0.0011592069640755653,0.020224811509251595,,,,,,,,,,,,,,
7,,8599,,,,,,,,,,1.0190531611442566e-05,,7.656954039703123e-06,,0.27187496423721313,,0.21233057975769043,,0.024593226611614227,,0.0011951930355280638,0.019320722669363022,,,,,,,,,,,,,,
7,,8609,,,,,,,,,,8.165836334228516e-06,,9.395369488629512e-06,,0.26392409205436707,,0.17668601870536804,,0.02755448967218399,,0.0022445323411375284,0.017644420266151428,,,,,,,,,,,,,,
7,,8619,,,,,,,,,,7.933005690574646e-06,,5.854142727912404e-06,,0.31247588992118835,,0.207390695810318,,0.020953195169568062,,0.0015932506648823619,0.01886410266160965,,,,,,,,,,,,,,
7,,8629,,,,,,,,,,7.49342143535614e-06,,5.2538662203005515e-06,,0.2821127772331238,,0.21440176665782928,,0.023483965545892715,,0.0016987192211672664,0.019341912120580673,,,,,,,,,,,,,,
7,,8639,,,,,,,,,,1.4659017324447632e-05,,9.908073479891755e-06,,0.3209244906902313,,0.2114432156085968,,0.02981334552168846,,0.00144457898568362,0.020212341099977493,,,,,,,,,,,,,,
7,,8649,,,,,,,,,,2.5019049644470215e-05,,1.2323881492193323e-05,,0.32488101720809937,,0.21224713325500488,,0.026303565129637718,,0.0016368855722248554,0.020289244130253792,,,,,,,,,,,,,,
7,,8659,,,,,,,,,,1.7605721950531006e-05,,1.0956952792184893e-05,,0.27854597568511963,,0.22084927558898926,,0.03226915001869202,,0.0013603736879304051,0.020100800320506096,,,,,,,,,,,,,,
7,,8669,,,,,,,,,,7.098540663719177e-06,,2.9470502340700477e-06,,0.27827709913253784,,0.26471972465515137,,0.037522315979003906,,0.0013380523305386305,0.024377726018428802,,,,,,,,,,,,,,
7,,8679,,,,,,,,,,2.5387853384017944e-05,,2.546513314882759e-06,,0.2710098326206207,,0.2022809535264969,,0.04366966709494591,,0.0017946792067959905,0.02154458500444889,,,,,,,,,,,,,,
7,,8689,,,,,,,,,,7.642433047294617e-06,,5.083657470095204e-06,,0.34961995482444763,,0.19259999692440033,,0.03430590406060219,,0.001344436313956976,0.02126757614314556,,,,,,,,,,,,,,
7,,8699,,,,,,,,,,1.7570331692695618e-05,,5.787357167719165e-06,,0.29267552495002747,,0.2037591189146042,,0.029384613037109375,,0.0013318529818207026,0.019157661125063896,,,,,,,,,,,,,,
7,,8709,,,,,,,,,,6.645917892456055e-06,,3.9918463698995765e-06,,0.2613471448421478,,0.20173925161361694,,0.031889211386442184,,0.0012575050350278616,0.019491730257868767,,,,,,,,,,,,,,
7,,8719,,,,,,,,,,1.2440606951713562e-05,,6.711215064569842e-06,,0.29545682668685913,,0.20119312405586243,,0.028365129604935646,,0.001254041213542223,0.02009689062833786,,,,,,,,,,,,,,
7,,8729,,,,,,,,,,7.601454854011536e-06,,6.199473318702076e-06,,0.2541380822658539,,0.2284666746854782,,0.02378087118268013,,0.0012352671474218369,0.0184404868632555,,,,,,,,,,,,,,
7,,8739,,,,,,,,,,2.4689361453056335e-05,,1.1162436749145854e-05,,0.2924036979675293,,0.20664416253566742,,0.029257265850901604,,0.0016561280936002731,0.01831347495317459,,,,,,,,,,,,,,
7,,8749,,,,,,,,,,1.7309561371803284e-05,,3.290545009804191e-06,,0.3069566786289215,,0.24726900458335876,,0.028261011466383934,,0.002216063439846039,0.022311193868517876,,,,,,,,,,,,,,
7,,8759,,,,,,,,,,3.6677345633506775e-05,,5.231603154243203e-06,,0.30822014808654785,,0.21863345801830292,,0.028887616470456123,,0.0016271847998723388,0.020802119746804237,,,,,,,,,,,,,,
7,,8769,,,,,,,,,,3.0355527997016907e-05,,8.757989235164132e-06,,0.31543469429016113,,0.20892199873924255,,0.023979976773262024,,0.0017589909257367253,0.020120523869991302,,,,,,,,,,,,,,
7,,8779,,,,,,,,,,5.468912422657013e-05,,7.531976280006347e-06,,0.2885359525680542,,0.20111186802387238,,0.029059462249279022,,0.0017523637507110834,0.018844330683350563,,,,,,,,,,,,,,
7,,8789,,,,,,,,,,2.1144747734069824e-05,,3.509223461151123e-06,,0.25517478585243225,,0.24485811591148376,,0.029195433482527733,,0.0014550202758982778,0.021219654008746147,,,,,,,,,,,,,,
7,,8799,,,,,,,,,,1.596100628376007e-05,,3.3737583180482034e-06,,0.25951460003852844,,0.22676362097263336,,0.028658026829361916,,0.0011907621519640088,0.02081749401986599,,,,,,,,,,,,,,
7,,8809,,,,,,,,,,7.264316082000732e-06,,4.277171683497727e-06,,0.24737930297851562,,0.2315308302640915,,0.02057541161775589,,0.0017125026788562536,0.01838093064725399,,,,,,,,,,,,,,
7,,8819,,,,,,,,,,2.4592503905296326e-05,,1.1834582437586505e-05,,0.2709817886352539,,0.22380532324314117,,0.0265465397387743,,0.0013482209760695696,0.020068595185875893,,,,,,,,,,,,,,
7,,8829,,,,,,,,,,1.1224299669265747e-05,,9.442132977710571e-06,,0.2931159734725952,,0.2374299019575119,,0.021740760654211044,,0.0015903738094493747,0.020533088594675064,,,,,,,,,,,,,,
7,,8839,,,,,,,,,,2.1619722247123718e-05,,1.6655863873893395e-05,,0.31456777453422546,,0.23136191070079803,,0.025233779102563858,,0.0009822858264669776,0.018674256280064583,,,,,,,,,,,,,,
7,,8849,,,,,,,,,,7.094815373420715e-06,,5.245208740234375e-06,,0.24620091915130615,,0.21454431116580963,,0.02801332250237465,,0.0013005720684304833,0.01906593330204487,,,,,,,,,,,,,,
7,,8859,,,,,,,,,,8.877366781234741e-06,,3.832381935353624e-06,,0.35000890493392944,,0.1875578910112381,,0.03494544327259064,,0.0020147040486335754,0.02025112323462963,,,,,,,,,,,,,,
7,,8869,,,,,,,,,,2.1085143089294434e-05,,6.909370313223917e-06,,0.302538126707077,,0.2182455062866211,,0.02789895236492157,,0.0014304590877145529,0.019365960732102394,,,,,,,,,,,,,,
7,,8879,,,,,,,,,,8.748844265937805e-06,,1.7345907963317586e-06,,0.24668999016284943,,0.22441405057907104,,0.023199718445539474,,0.001203439082019031,0.016892172396183014,,,,,,,,,,,,,,
7,,8889,,,,,,,,,,8.629634976387024e-06,,1.2049804354319349e-06,,0.2651779353618622,,0.20313791930675507,,0.024362755939364433,,0.0015327133005484939,0.01871313340961933,,,,,,,,,,,,,,
7,,8899,,,,,,,,,,9.003467857837677e-05,,1.7802793763621594e-06,,0.30407172441482544,,0.2124404013156891,,0.022046931087970734,,0.0013187548611313105,0.018789419904351234,,,,,,,,,,,,,,
7,,8909,,,,,,,,,,8.36886465549469e-06,,8.299543878820259e-07,,0.2823447585105896,,0.22168594598770142,,0.02436698228120804,,0.0010959433857351542,0.019016621634364128,,,,,,,,,,,,,,
7,,8919,,,,,,,,,,7.5194984674453735e-06,,1.1274155440332834e-06,,0.27643507719039917,,0.22968047857284546,,0.03291492909193039,,0.0012093359837308526,0.019847247749567032,,,,,,,,,,,,,,
7,,8929,,,,,,,,,,8.938834071159363e-06,,8.599643592788198e-07,,0.3345741927623749,,0.22954265773296356,,0.022893259301781654,,0.0010981597006320953,0.02265034057199955,,,,,,,,,,,,,,
7,,8939,,,,,,,,,,2.9416754841804504e-05,,2.6483794499654323e-06,,0.26887261867523193,,0.2560662031173706,,0.02694239281117916,,0.002847405383363366,0.022922776639461517,,,,,,,,,,,,,,
7,,8949,,,,,,,,,,3.585219383239746e-05,,1.4870116729071015e-06,,0.28955015540122986,,0.22873958945274353,,0.023468919098377228,,0.0017335027223452926,0.020210616290569305,,,,,,,,,,,,,,
7,,8959,,,,,,,,,,3.059953451156616e-05,,1.4106016351433937e-05,,0.24695858359336853,,0.23767311871051788,,0.027097081765532494,,0.0015222954098135233,0.020657483488321304,,,,,,,,,,,,,,
7,,8969,,,,,,,,,,7.584691047668457e-06,,1.7867998849396827e-06,,0.22780866920948029,,0.23804454505443573,,0.025218211114406586,,0.001601718133315444,0.02012527920305729,,,,,,,,,,,,,,
7,,8979,,,,,,,,,,6.705522537231445e-06,,2.226280230388511e-06,,0.27504727244377136,,0.2325238287448883,,0.02808655984699726,,0.0015101471217349172,0.021069586277008057,,,,,,,,,,,,,,
7,,8989,,,,,,,,,,2.1886080503463745e-06,,1.1311020671200822e-06,,0.29931876063346863,,0.2164091020822525,,0.028948398306965828,,0.0012969047529622912,0.02037629671394825,,,,,,,,,,,,,,
7,,8999,,,,,,,,,,1.8943101167678833e-06,,3.404294375286554e-06,,0.2704720199108124,,0.2590848505496979,,0.023992696776986122,,0.0016748522175475955,0.021280575543642044,,,,,,,,,,,,,,
7,,9009,,,,,,,,,,5.844980478286743e-06,,1.485531174694188e-05,,0.2873876690864563,,0.22292903065681458,,0.02396547421813011,,0.0021310527808964252,0.020019173622131348,,,,,,,,,,,,,,
7,,9019,,,,,,,,,,4.542991518974304e-06,,3.925150849681813e-06,,0.25466519594192505,,0.22108830511569977,,0.02936382219195366,,0.0015767290024086833,0.020051002502441406,,,,,,,,,,,,,,
7,,9029,,,,,,,,,,5.926936864852905e-06,,1.9858123778249137e-05,,0.29006049036979675,,0.2284480184316635,,0.027989983558654785,,0.001047284691594541,0.020124074071645737,,,,,,,,,,,,,,
7,,9039,,,,,,,,,,7.733702659606934e-06,,2.0340594346635044e-05,,0.22877062857151031,,0.23111827671527863,,0.02868112362921238,,0.0018073234241455793,0.019916897639632225,,,,,,,,,,,,,,
7,,9049,,,,,,,,,,5.412846803665161e-06,,2.738350667641498e-05,,0.32930612564086914,,0.2104102373123169,,0.045042745769023895,,0.0016192717012017965,0.023643000051379204,,,,,,,,,,,,,,
7,,9059,,,,,,,,,,5.692243576049805e-06,,4.232560604577884e-05,,0.28992560505867004,,0.19574858248233795,,0.03092358633875847,,0.001761281630024314,0.020948639139533043,,,,,,,,,,,,,,
7,,9069,,,,,,,,,,7.368624210357666e-06,,5.287608018988976e-06,,0.3069184720516205,,0.19560833275318146,,0.02104536071419716,,0.001453698961995542,0.017457854002714157,,,,,,,,,,,,,,
7,,9079,,,,,,,,,,4.215165972709656e-06,,3.849370841635391e-05,,0.31755051016807556,,0.22053243219852448,,0.028262130916118622,,0.0017572963843122125,0.020538751035928726,,,,,,,,,,,,,,
7,,9089,,,,,,,,,,3.8035213947296143e-06,,1.9189015802112408e-05,,0.2432922124862671,,0.24716530740261078,,0.02631233260035515,,0.002274272497743368,0.021512888371944427,,,,,,,,,,,,,,
7,,9099,,,,,,,,,,1.1883676052093506e-05,,1.6045152733568102e-05,,0.26991796493530273,,0.2018221914768219,,0.031036965548992157,,0.0014048733282834291,0.019286582246422768,,,,,,,,,,,,,,
7,,9109,,,,,,,,,,2.034008502960205e-06,,2.709249201870989e-06,,0.23192597925662994,,0.20525769889354706,,0.029818134382367134,,0.0014138242695480585,0.019501494243741035,,,,,,,,,,,,,,
7,,9119,,,,,,,,,,6.83218240737915e-06,,5.95380470258533e-06,,0.2221534103155136,,0.2073388695716858,,0.03684886172413826,,0.0015436116373166442,0.01810416206717491,,,,,,,,,,,,,,
7,,9129,,,,,,,,,,3.945082426071167e-06,,1.732549549160467e-06,,0.31860634684562683,,0.22831842303276062,,0.025521790608763695,,0.0015798644162714481,0.02088744565844536,,,,,,,,,,,,,,
7,,9139,,,,,,,,,,2.987682819366455e-06,,3.6017347611050354e-06,,0.32346615195274353,,0.20418263971805573,,0.030736306682229042,,0.0013381614116951823,0.0199130866676569,,,,,,,,,,,,,,
7,,9149,,,,,,,,,,7.828697562217712e-06,,2.8057270355930086e-06,,0.3263838589191437,,0.212469682097435,,0.026117438450455666,,0.001832475303672254,0.021271124482154846,,,,,,,,,,,,,,
7,,9159,,,,,,,,,,4.731118679046631e-06,,3.960326012020232e-06,,0.2677658200263977,,0.21620973944664001,,0.024445971474051476,,0.001582321710884571,0.019356977194547653,,,,,,,,,,,,,,
7,,9169,,,,,,,,,,4.5765191316604614e-06,,1.7164058590424247e-05,,0.3101896345615387,,0.19774554669857025,,0.031088268384337425,,0.0011791764991357923,0.020119018852710724,,,,,,,,,,,,,,
7,,9179,,,,,,,,,,4.770234227180481e-06,,1.0148558430955745e-05,,0.2995004951953888,,0.24808421730995178,,0.03657678887248039,,0.0013801442692056298,0.022005734965205193,,,,,,,,,,,,,,
7,,9189,,,,,,,,,,8.38935375213623e-06,,4.315509613661561e-06,,0.2528175711631775,,0.23113153874874115,,0.03374997898936272,,0.002180627314373851,0.02378213033080101,,,,,,,,,,,,,,
7,,9199,,,,,,,,,,2.29664146900177e-06,,7.774327968945727e-06,,0.26042860746383667,,0.21535399556159973,,0.033205725252628326,,0.0017921089893206954,0.02017613872885704,,,,,,,,,,,,,,
7,,9209,,,,,,,,,,8.381903171539307e-07,,1.35861716898944e-06,,0.3042706549167633,,0.21752393245697021,,0.021756110712885857,,0.0012604477815330029,0.01949075236916542,,,,,,,,,,,,,,
7,,9219,,,,,,,,,,2.7585774660110474e-06,,4.803621777682565e-06,,0.37243741750717163,,0.2225978970527649,,0.02766036055982113,,0.0007137731299735606,0.02042214199900627,,,,,,,,,,,,,,
7,,9229,,,,,,,,,,2.5779008865356445e-06,,1.1800497304648161e-05,,0.3181983530521393,,0.19836537539958954,,0.031420499086380005,,0.0016244370490312576,0.019016409292817116,,,,,,,,,,,,,,
7,,9239,,,,,,,,,,2.3096799850463867e-06,,4.243850526108872e-06,,0.28534209728240967,,0.24144794046878815,,0.024052713066339493,,0.0014439165825024247,0.020969314500689507,,,,,,,,,,,,,,
7,,9249,,,,,,,,,,1.8272548913955688e-06,,3.254675675634644e-06,,0.27081990242004395,,0.23873724043369293,,0.02631579525768757,,0.0016037198947742581,0.020090803503990173,,,,,,,,,,,,,,
7,,9259,,,,,,,,,,1.3802200555801392e-06,,3.7204074487817707e-06,,0.25934624671936035,,0.21514610946178436,,0.026013614609837532,,0.0017285875510424376,0.020882371813058853,,,,,,,,,,,,,,
7,,9269,,,,,,,,,,5.66430389881134e-06,,2.977695885419962e-06,,0.2148357778787613,,0.218692809343338,,0.031240860000252724,,0.0011392571032047272,0.01889646053314209,,,,,,,,,,,,,,
7,,9279,,,,,,,,,,2.250075340270996e-06,,4.857273324887501e-06,,0.3295379877090454,,0.2219943404197693,,0.02188890054821968,,0.001685763825662434,0.02243928052484989,,,,,,,,,,,,,,
7,,9289,,,,,,,,,,6.631016731262207e-07,,2.5102460767811863e-06,,0.30913734436035156,,0.23327133059501648,,0.02762036956846714,,0.0015293011674657464,0.021092040464282036,,,,,,,,,,,,,,
7,,9299,,,,,,,,,,2.1886080503463745e-06,,1.3311474504007492e-05,,0.28524577617645264,,0.20934434235095978,,0.03108505718410015,,0.0012373325880616903,0.019413314759731293,,,,,,,,,,,,,,
7,,9309,,,,,,,,,,4.1909515857696533e-07,,2.8312206268310547e-06,,0.2717917263507843,,0.22331999242305756,,0.024901220574975014,,0.0010689368937164545,0.019123923033475876,,,,,,,,,,,,,,
7,,9319,,,,,,,,,,6.239861249923706e-07,,4.376957349450095e-06,,0.27817681431770325,,0.2309512197971344,,0.030239451676607132,,0.0010214122012257576,0.021255431696772575,,,,,,,,,,,,,,
7,,9329,,,,,,,,,,2.3245811462402344e-06,,3.741574118976132e-06,,0.2899036109447479,,0.2240493893623352,,0.02378927357494831,,0.0008829583530314267,0.018705738708376884,,,,,,,,,,,,,,
7,,9335,,,,,,,,,,,,,,,,,,,,,,0.992042064666748,1.0,1.0,0.9212272763252258,0.906927764415741,0.9871715307235718,0.9996469616889954,0.021169224753975868,0.0,1.4901161193847656e-07,0.29821357131004333,0.25086262822151184,0.0286495890468359,0.0007178473751991987
7,,9335,0.9925420880317688,1.0,1.0,0.9246886372566223,0.9182368516921997,0.9878025650978088,0.999422013759613,0.0204203762114048,1.2899779903818853e-05,,9.68228869169252e-06,,0.2797946631908417,,0.2212529331445694,,0.029509160667657852,,0.0015716598136350513,,,,,,,,,,,,,,,,
,0.00025036959095382875,9336,,,,,,,,,,,,,,,,,,,,,,,,,,,,,,,,,,,
8,,9339,,,,,,,,,,2.261251211166382e-06,,3.075449740208569e-06,,0.2828609347343445,,0.21846382319927216,,0.02465723268687725,,0.001215822179801762,0.020238183438777924,,,,,,,,,,,,,,
8,,9349,,,,,,,,,,1.3578683137893677e-06,,1.6578559325353126e-06,,0.28360527753829956,,0.19778186082839966,,0.02583555318415165,,0.002053003292530775,0.019195090979337692,,,,,,,,,,,,,,
8,,9359,,,,,,,,,,4.198402166366577e-06,,4.055548743053805e-06,,0.30049991607666016,,0.24128155410289764,,0.027053996920585632,,0.001142260036431253,0.021979153156280518,,,,,,,,,,,,,,
8,,9369,,,,,,,,,,1.4025717973709106e-06,,1.6609004660494975e-06,,0.33844834566116333,,0.22734522819519043,,0.03671612590551376,,0.0016003320924937725,0.022408610209822655,,,,,,,,,,,,,,
8,,9379,,,,,,,,,,2.080574631690979e-06,,3.60891135642305e-06,,0.2810063660144806,,0.2113904505968094,,0.024516699835658073,,0.0014770810957998037,0.0192393995821476,,,,,,,,,,,,,,
8,,9389,,,,,,,,,,4.384666681289673e-06,,2.1771381852886407e-06,,0.24679046869277954,,0.22996237874031067,,0.02872510626912117,,0.0012404938461259007,0.02116604708135128,,,,,,,,,,,,,,
8,,9399,,,,,,,,,,3.900378942489624e-06,,3.3724907098076073e-06,,0.29654863476753235,,0.19985291361808777,,0.02938428521156311,,0.0017674295231699944,0.01924051344394684,,,,,,,,,,,,,,
8,,9409,,,,,,,,,,2.594664692878723e-06,,1.441177573724417e-06,,0.29072311520576477,,0.20087411999702454,,0.030888302251696587,,0.000727110484149307,0.021332787349820137,,,,,,,,,,,,,,
8,,9419,,,,,,,,,,2.9709190130233765e-06,,1.748646695887146e-06,,0.33591803908348083,,0.20454198122024536,,0.023707712069153786,,0.0014462978579103947,0.019866278395056725,,,,,,,,,,,,,,
8,,9429,,,,,,,,,,2.1792948246002197e-06,,2.197570211137645e-06,,0.2606651484966278,,0.2409137636423111,,0.022753193974494934,,0.0013024210929870605,0.020062580704689026,,,,,,,,,,,,,,
8,,9439,,,,,,,,,,8.167698979377747e-06,,2.9567811452579917e-06,,0.33880239725112915,,0.21934416890144348,,0.028292493894696236,,0.0009335930226370692,0.019703064113855362,,,,,,,,,,,,,,
8,,9449,,,,,,,,,,2.5480985641479492e-06,,5.599963969871169e-06,,0.22121162712574005,,0.21924003958702087,,0.023285863921046257,,0.0010700840502977371,0.017452973872423172,,,,,,,,,,,,,,
8,,9459,,,,,,,,,,1.3815239071846008e-05,,9.018866876431275e-06,,0.3339754045009613,,0.19335311651229858,,0.02357097528874874,,0.0014509223401546478,0.01845921389758587,,,,,,,,,,,,,,
8,,9469,,,,,,,,,,1.0579824447631836e-05,,5.6447693168593105e-06,,0.2968869209289551,,0.20469655096530914,,0.036571893841028214,,0.0015032851370051503,0.02243707701563835,,,,,,,,,,,,,,
8,,9479,,,,,,,,,,3.682449460029602e-06,,2.754982233454939e-06,,0.29312148690223694,,0.21568015217781067,,0.02365672029554844,,0.0011628236388787627,0.018894722685217857,,,,,,,,,,,,,,
8,,9489,,,,,,,,,,9.292736649513245e-06,,1.2423950465745293e-05,,0.30927249789237976,,0.1977492719888687,,0.02223975770175457,,0.0022240271791815758,0.017100147902965546,,,,,,,,,,,,,,
8,,9499,,,,,,,,,,7.996335625648499e-06,,9.962769581761677e-06,,0.3267674446105957,,0.19150479137897491,,0.02621365711092949,,0.0012077362043783069,0.01922737807035446,,,,,,,,,,,,,,
8,,9509,,,,,,,,,,2.711452543735504e-05,,6.709593890263932e-06,,0.3105008602142334,,0.21491177380084991,,0.02353672683238983,,0.0009813862852752209,0.018057599663734436,,,,,,,,,,,,,,
8,,9519,,,,,,,,,,1.2705102562904358e-05,,5.020449407311389e-06,,0.3175086975097656,,0.22173437476158142,,0.025891831144690514,,0.0018808062886819243,0.021237114444375038,,,,,,,,,,,,,,
8,,9529,,,,,,,,,,1.2757256627082825e-05,,5.8533901210466865e-06,,0.28133371472358704,,0.21346613764762878,,0.024503732100129128,,0.0019000339088961482,0.018045322969555855,,,,,,,,,,,,,,
8,,9539,,,,,,,,,,3.005005419254303e-05,,3.491129291433026e-06,,0.32598137855529785,,0.1971280872821808,,0.025349412113428116,,0.0015811334596946836,0.018400100991129875,,,,,,,,,,,,,,
8,,9549,,,,,,,,,,3.380700945854187e-06,,3.56020541403268e-06,,0.28555840253829956,,0.19807720184326172,,0.02443499118089676,,0.0009576308657415211,0.01755524054169655,,,,,,,,,,,,,,
8,,9559,,,,,,,,,,6.604939699172974e-06,,2.148989096895093e-06,,0.2219575196504593,,0.22845834493637085,,0.02434696815907955,,0.0017883088439702988,0.019594211131334305,,,,,,,,,,,,,,
8,,9569,,,,,,,,,,1.0229647159576416e-05,,1.0179902346862946e-05,,0.29961156845092773,,0.2258288413286209,,0.03810732439160347,,0.0014661079039797187,0.021396346390247345,,,,,,,,,,,,,,
8,,9579,,,,,,,,,,1.6691163182258606e-05,,1.8445292880642228e-05,,0.2701534032821655,,0.21711768209934235,,0.03940409794449806,,0.001109437900595367,0.021893728524446487,,,,,,,,,,,,,,
8,,9589,,,,,,,,,,5.150213837623596e-06,,9.262013918487355e-06,,0.2561095058917999,,0.20508186519145966,,0.02616414986550808,,0.0011251341784372926,0.017063872888684273,,,,,,,,,,,,,,
8,,9599,,,,,,,,,,2.358667552471161e-05,,7.624673344253097e-06,,0.30434080958366394,,0.2048601508140564,,0.019174642860889435,,0.0008284217328764498,0.017846839502453804,,,,,,,,,,,,,,
8,,9609,,,,,,,,,,3.686174750328064e-06,,2.8029623990732944e-06,,0.3138842284679413,,0.16947966814041138,,0.030802294611930847,,0.00131734530441463,0.018758250400424004,,,,,,,,,,,,,,
8,,9619,,,,,,,,,,5.5711716413497925e-06,,2.061432951450115e-06,,0.24567341804504395,,0.23935957252979279,,0.02216135896742344,,0.002287450945004821,0.01980321854352951,,,,,,,,,,,,,,
8,,9629,,,,,,,,,,7.243826985359192e-06,,3.195210865669651e-06,,0.2895216643810272,,0.22351011633872986,,0.02379019930958748,,0.0016970256110653281,0.020260876044631004,,,,,,,,,,,,,,
8,,9639,,,,,,,,,,1.2246891856193542e-05,,5.2498967306746636e-06,,0.24847504496574402,,0.23669476807117462,,0.026719357818365097,,0.001201294013299048,0.01987510174512863,,,,,,,,,,,,,,
8,,9649,,,,,,,,,,5.105510354042053e-06,,7.400205049634678e-06,,0.2928168475627899,,0.21152560412883759,,0.023583468049764633,,0.0014813977759331465,0.01915319263935089,,,,,,,,,,,,,,
8,,9659,,,,,,,,,,8.210539817810059e-06,,2.712534296733793e-06,,0.21680088341236115,,0.2217627912759781,,0.026500508189201355,,0.0011593821691349149,0.018720142543315887,,,,,,,,,,,,,,
8,,9669,,,,,,,,,,2.60770320892334e-06,,6.848296379757812e-06,,0.2984594702720642,,0.20771971344947815,,0.021910229697823524,,0.0009633654844947159,0.01790669374167919,,,,,,,,,,,,,,
8,,9679,,,,,,,,,,3.1106173992156982e-06,,4.072240244568093e-06,,0.3240753710269928,,0.20795294642448425,,0.024874690920114517,,0.0013961815275251865,0.018668729811906815,,,,,,,,,,,,,,
8,,9689,,,,,,,,,,3.687851130962372e-05,,4.8610825615469366e-05,,0.2532705068588257,,0.22503213584423065,,0.03433547168970108,,0.0023476583883166313,0.020813191309571266,,,,,,,,,,,,,,
8,,9699,,,,,,,,,,3.193877637386322e-05,,7.723741873633116e-06,,0.2993917167186737,,0.2034260332584381,,0.027653077617287636,,0.0011535878293216228,0.018190136179327965,,,,,,,,,,,,,,
8,,9709,,,,,,,,,,3.907829523086548e-06,,9.360737749375403e-06,,0.2938477098941803,,0.21923117339611053,,0.025610795244574547,,0.0013322057202458382,0.02158498391509056,,,,,,,,,,,,,,
8,,9719,,,,,,,,,,2.016127109527588e-05,,1.0710793503676541e-05,,0.2890361249446869,,0.2155867964029312,,0.022902103140950203,,0.003099888563156128,0.020122328773140907,,,,,,,,,,,,,,
8,,9729,,,,,,,,,,7.731840014457703e-06,,5.539043741009664e-06,,0.27336442470550537,,0.24709881842136383,,0.02706185355782509,,0.0007476703030988574,0.022497504949569702,,,,,,,,,,,,,,
8,,9739,,,,,,,,,,6.495043635368347e-06,,3.6500748592516175e-06,,0.3093845248222351,,0.23240770399570465,,0.028697526082396507,,0.0011112589854747057,0.020559189841151237,,,,,,,,,,,,,,
8,,9749,,,,,,,,,,3.8929283618927e-06,,3.4014383345493115e-06,,0.28583067655563354,,0.21929456293582916,,0.038143809884786606,,0.0008535069646313787,0.022425707429647446,,,,,,,,,,,,,,
8,,9759,,,,,,,,,,8.087605237960815e-06,,1.3785935152554885e-05,,0.3100477457046509,,0.2116394340991974,,0.028804859146475792,,0.001197237055748701,0.019985388964414597,,,,,,,,,,,,,,
8,,9769,,,,,,,,,,1.0095536708831787e-06,,2.6205607355223037e-06,,0.33987298607826233,,0.21544836461544037,,0.021867502480745316,,0.0015478769782930613,0.01928214356303215,,,,,,,,,,,,,,
8,,9779,,,,,,,,,,4.4889748096466064e-07,,1.237113451679761e-06,,0.27776968479156494,,0.21829482913017273,,0.032558877021074295,,0.0006497764261439443,0.019418513402342796,,,,,,,,,,,,,,
8,,9789,,,,,,,,,,2.123415470123291e-06,,2.0959876110282494e-06,,0.3002365231513977,,0.23157824575901031,,0.028301430866122246,,0.0018681453075259924,0.02040213905274868,,,,,,,,,,,,,,
8,,9799,,,,,,,,,,1.2833625078201294e-06,,1.7237389329238795e-06,,0.2758786976337433,,0.21091845631599426,,0.026701515540480614,,0.00237777316942811,0.020124129951000214,,,,,,,,,,,,,,
8,,9809,,,,,,,,,,1.432374119758606e-06,,6.470415428339038e-06,,0.24783971905708313,,0.22919675707817078,,0.03192070499062538,,0.001013680943287909,0.021222172304987907,,,,,,,,,,,,,,
8,,9819,,,,,,,,,,1.1550262570381165e-05,,7.369191735051572e-06,,0.2513597309589386,,0.220951110124588,,0.02891552448272705,,0.0017122516874223948,0.021512966603040695,,,,,,,,,,,,,,
8,,9829,,,,,,,,,,1.0455027222633362e-05,,1.0309974641131703e-05,,0.29092147946357727,,0.19851583242416382,,0.02642998844385147,,0.001545512001030147,0.020466472953557968,,,,,,,,,,,,,,
8,,9839,,,,,,,,,,1.6340985894203186e-05,,7.114511845429661e-06,,0.2746381461620331,,0.21145328879356384,,0.023731546476483345,,0.001039393013343215,0.019703302532434464,,,,,,,,,,,,,,
8,,9849,,,,,,,,,,1.082196831703186e-05,,1.3219813808973413e-05,,0.26021096110343933,,0.23141208291053772,,0.02451828308403492,,0.0011399697978049517,0.01975240930914879,,,,,,,,,,,,,,
8,,9859,,,,,,,,,,3.665313124656677e-05,,9.263103493140079e-06,,0.27996110916137695,,0.22017353773117065,,0.025790413841605186,,0.0017573349177837372,0.01910780929028988,,,,,,,,,,,,,,
8,,9869,,,,,,,,,,6.940215826034546e-06,,1.9720968339242972e-05,,0.25312164425849915,,0.22087730467319489,,0.027509214356541634,,0.0015111988177523017,0.02017432078719139,,,,,,,,,,,,,,
8,,9879,,,,,,,,,,9.585171937942505e-06,,1.62850774358958e-05,,0.2690410614013672,,0.23676307499408722,,0.029704470187425613,,0.0014493135968223214,0.020992998033761978,,,,,,,,,,,,,,
8,,9889,,,,,,,,,,3.706105053424835e-05,,1.5519051885348745e-05,,0.3328891098499298,,0.2309982031583786,,0.022895555943250656,,0.001084324438124895,0.019969291985034943,,,,,,,,,,,,,,
8,,9899,,,,,,,,,,1.31167471408844e-05,,8.755826456763316e-06,,0.335870623588562,,0.1972990483045578,,0.022131482139229774,,0.0013434449210762978,0.018227174878120422,,,,,,,,,,,,,,
8,,9909,,,,,,,,,,9.544193744659424e-06,,6.23413325229194e-06,,0.31808236241340637,,0.2042989730834961,,0.01846923492848873,,0.0013753838138654828,0.01834622584283352,,,,,,,,,,,,,,
8,,9919,,,,,,,,,,9.795650839805603e-06,,1.3444436262943782e-05,,0.2566809058189392,,0.1982405036687851,,0.02639356069266796,,0.0012054505059495568,0.018157796934247017,,,,,,,,,,,,,,
8,,9929,,,,,,,,,,1.0142102837562561e-05,,1.820955367293209e-05,,0.2964491844177246,,0.23157866299152374,,0.02911781519651413,,0.0011813757009804249,0.021125957369804382,,,,,,,,,,,,,,
8,,9939,,,,,,,,,,3.997236490249634e-06,,5.017689090891508e-06,,0.2430557757616043,,0.24454325437545776,,0.03535539656877518,,0.0010225517908111215,0.02154531702399254,,,,,,,,,,,,,,
8,,9949,,,,,,,,,,3.46209853887558e-05,,1.846827035478782e-05,,0.34303003549575806,,0.216199591755867,,0.026024287566542625,,0.001002151402644813,0.020078087225556374,,,,,,,,,,,,,,
8,,9959,,,,,,,,,,5.99399209022522e-06,,5.002719717595028e-06,,0.25887441635131836,,0.23831738531589508,,0.027082696557044983,,0.001020137220621109,0.020959941670298576,,,,,,,,,,,,,,
8,,9969,,,,,,,,,,1.5771016478538513e-05,,5.462813078338513e-06,,0.29466503858566284,,0.21041423082351685,,0.02460147626698017,,0.001469144714064896,0.01859932392835617,,,,,,,,,,,,,,
8,,9979,,,,,,,,,,1.1470168828964233e-05,,1.0561536328168586e-05,,0.26500165462493896,,0.21553809940814972,,0.025731993839144707,,0.0013186621945351362,0.01782892271876335,,,,,,,,,,,,,,
8,,9989,,,,,,,,,,7.795169949531555e-06,,6.33290937912534e-06,,0.2856907546520233,,0.22198839485645294,,0.020950395613908768,,0.0014941660920158029,0.01733069121837616,,,,,,,,,,,,,,
8,,9999,,,,,,,,,,1.9181519746780396e-05,,4.106760115973884e-06,,0.26391828060150146,,0.21544435620307922,,0.02625635266304016,,0.0014429886359721422,0.018993323668837547,,,,,,,,,,,,,,
8,,10009,,,,,,,,,,9.819865226745605e-06,,4.100260866835015e-06,,0.3067610263824463,,0.2053377330303192,,0.02994658052921295,,0.0017343140207231045,0.021686306223273277,,,,,,,,,,,,,,
8,,10019,,,,,,,,,,7.92182981967926e-06,,4.208209429634735e-05,,0.2621029317378998,,0.22415879368782043,,0.02874765358865261,,0.0016975202597677708,0.019293854013085365,,,,,,,,,,,,,,
8,,10029,,,,,,,,,,2.0870938897132874e-05,,2.7439050427346956e-06,,0.2615711987018585,,0.2120211273431778,,0.021102171391248703,,0.0010688790353015065,0.01805449277162552,,,,,,,,,,,,,,
8,,10039,,,,,,,,,,3.2316893339157104e-06,,5.639468781737378e-06,,0.28438034653663635,,0.22725115716457367,,0.02641960047185421,,0.0009438745910301805,0.019823580980300903,,,,,,,,,,,,,,
8,,10049,,,,,,,,,,8.52346420288086e-06,,6.839786510681733e-05,,0.3304041624069214,,0.2108689546585083,,0.023577097803354263,,0.0017004385590553284,0.018539804965257645,,,,,,,,,,,,,,
8,,10059,,,,,,,,,,2.7492642402648926e-06,,3.398098897378077e-06,,0.24599716067314148,,0.22823351621627808,,0.03384903073310852,,0.0007920450298115611,0.020853351801633835,,,,,,,,,,,,,,
8,,10069,,,,,,,,,,2.902001142501831e-06,,1.5245610711644986e-06,,0.28884536027908325,,0.20238898694515228,,0.025344911962747574,,0.0016446543158963323,0.01706889271736145,,,,,,,,,,,,,,
8,,10079,,,,,,,,,,7.2158873081207275e-06,,7.261248356371652e-06,,0.3210892677307129,,0.23073625564575195,,0.040105197578668594,,0.0020482917316257954,0.02349141426384449,,,,,,,,,,,,,,
8,,10089,,,,,,,,,,1.821666955947876e-06,,1.7630087540965178e-06,,0.2957354187965393,,0.22477386891841888,,0.01833639293909073,,0.0007094857282936573,0.018421998247504234,,,,,,,,,,,,,,
8,,10099,,,,,,,,,,4.624947905540466e-06,,3.0258479455369525e-06,,0.27218273282051086,,0.24454624950885773,,0.021781066432595253,,0.0013062151847407222,0.018820900470018387,,,,,,,,,,,,,,
8,,10109,,,,,,,,,,2.084299921989441e-06,,4.976294576408691e-07,,0.2970063388347626,,0.2156389206647873,,0.024610459804534912,,0.0012894402025267482,0.019177570939064026,,,,,,,,,,,,,,
8,,10119,,,,,,,,,,8.471310138702393e-06,,3.2878690490178997e-06,,0.27002593874931335,,0.21606317162513733,,0.020888719707727432,,0.001016514957882464,0.019610580056905746,,,,,,,,,,,,,,
8,,10129,,,,,,,,,,3.0472874641418457e-06,,8.64633602759568e-06,,0.2763613164424896,,0.21189309656620026,,0.024818185716867447,,0.0023760830517858267,0.01906581036746502,,,,,,,,,,,,,,
8,,10139,,,,,,,,,,3.93204391002655e-06,,2.6114694264833815e-06,,0.33680102229118347,,0.19804562628269196,,0.030008340254426003,,0.0007561745005659759,0.02022220566868782,,,,,,,,,,,,,,
8,,10149,,,,,,,,,,1.2814998626708984e-06,,2.07597099688428e-06,,0.3068413734436035,,0.19872669875621796,,0.036914996802806854,,0.001451451564207673,0.021899934858083725,,,,,,,,,,,,,,
8,,10159,,,,,,,,,,8.363276720046997e-06,,7.09199639459257e-06,,0.29596519470214844,,0.19938276708126068,,0.0215409267693758,,0.0014779242919757962,0.016253655776381493,,,,,,,,,,,,,,
8,,10169,,,,,,,,,,5.807727575302124e-06,,6.854534149169922e-06,,0.3019804358482361,,0.21156375110149384,,0.027272969484329224,,0.0011834853794425726,0.01972656324505806,,,,,,,,,,,,,,
8,,10179,,,,,,,,,,1.8713995814323425e-05,,7.02214747434482e-05,,0.30583271384239197,,0.2017691433429718,,0.02197130396962166,,0.0012192087015137076,0.018046066164970398,,,,,,,,,,,,,,
8,,10189,,,,,,,,,,1.582317054271698e-05,,1.8151425820178702e-06,,0.28680965304374695,,0.23091548681259155,,0.029169566929340363,,0.0019808411598205566,0.022323638200759888,,,,,,,,,,,,,,
8,,10199,,,,,,,,,,3.0081719160079956e-06,,2.1244350136839785e-06,,0.29347336292266846,,0.21733853220939636,,0.02645411528646946,,0.0009284077095799148,0.018679633736610413,,,,,,,,,,,,,,
8,,10209,,,,,,,,,,1.1764466762542725e-05,,4.052446001878707e-06,,0.27528664469718933,,0.22466102242469788,,0.022819068282842636,,0.0025054817087948322,0.02046048827469349,,,,,,,,,,,,,,
8,,10219,,,,,,,,,,2.942979335784912e-06,,1.7036994904628955e-05,,0.24564415216445923,,0.25095394253730774,,0.032435931265354156,,0.001335679437033832,0.02173636108636856,,,,,,,,,,,,,,
8,,10229,,,,,,,,,,3.6582350730895996e-06,,7.499705247937527e-07,,0.24030306935310364,,0.24084191024303436,,0.02945561893284321,,0.0007343866745941341,0.019699258729815483,,,,,,,,,,,,,,
8,,10239,,,,,,,,,,1.3824552297592163e-05,,1.2268077398402966e-06,,0.2484985589981079,,0.22282513976097107,,0.028739262372255325,,0.0011912704212591052,0.019465969875454903,,,,,,,,,,,,,,
8,,10249,,,,,,,,,,1.198984682559967e-05,,7.845461368560791e-06,,0.26789990067481995,,0.23884592950344086,,0.02700118161737919,,0.002434824127703905,0.02197118289768696,,,,,,,,,,,,,,
8,,10259,,,,,,,,,,6.951391696929932e-06,,2.1494731754501117e-06,,0.25752121210098267,,0.2263718545436859,,0.02508237585425377,,0.0016342231538146734,0.020493974909186363,,,,,,,,,,,,,,
8,,10269,,,,,,,,,,5.662441253662109e-06,,2.023068873313605e-06,,0.29474085569381714,,0.21222564578056335,,0.024196943268179893,,0.0007294040988199413,0.01817025989294052,,,,,,,,,,,,,,
8,,10279,,,,,,,,,,4.3977051973342896e-06,,3.706383495227783e-06,,0.28510698676109314,,0.22511567175388336,,0.02339121699333191,,0.0011002275859937072,0.019242435693740845,,,,,,,,,,,,,,
8,,10289,,,,,,,,,,7.137656211853027e-06,,2.5174197162414202e-06,,0.22666683793067932,,0.24157066643238068,,0.024511154741048813,,0.0011396455811336637,0.020275870338082314,,,,,,,,,,,,,,
8,,10299,,,,,,,,,,6.32554292678833e-06,,3.5743560147238895e-06,,0.2800368070602417,,0.23138108849525452,,0.03230828419327736,,0.0018833542708307505,0.02159469947218895,,,,,,,,,,,,,,
8,,10309,,,,,,,,,,3.66847962141037e-05,,3.5183388717996422e-06,,0.3163161873817444,,0.19296914339065552,,0.01970367506146431,,0.0009141680784523487,0.017846256494522095,,,,,,,,,,,,,,
8,,10319,,,,,,,,,,1.2658536434173584e-05,,3.1119898267206736e-06,,0.2974802255630493,,0.21393319964408875,,0.02060777321457863,,0.0019361162558197975,0.01942715235054493,,,,,,,,,,,,,,
8,,10329,,,,,,,,,,3.87243926525116e-06,,3.1267895792552736e-06,,0.2871299684047699,,0.22577571868896484,,0.032853249460458755,,0.0014858058420941234,0.019197745248675346,,,,,,,,,,,,,,
8,,10339,,,,,,,,,,1.8512830138206482e-05,,1.846521263360046e-05,,0.23398171365261078,,0.2182653248310089,,0.026791278272867203,,0.001238921657204628,0.018075011670589447,,,,,,,,,,,,,,
8,,10349,,,,,,,,,,1.887790858745575e-05,,1.269030872208532e-05,,0.3005170226097107,,0.24177473783493042,,0.021225955337285995,,0.0014651493402197957,0.02010200545191765,,,,,,,,,,,,,,
8,,10359,,,,,,,,,,1.0637566447257996e-05,,2.472670985298464e-06,,0.26102036237716675,,0.2285015732049942,,0.02184094302356243,,0.0013375038979575038,0.018232204020023346,,,,,,,,,,,,,,
8,,10369,,,,,,,,,,8.586794137954712e-06,,6.959400252526393e-06,,0.3393753468990326,,0.1938987523317337,,0.02788958139717579,,0.0014062003465369344,0.018790652975440025,,,,,,,,,,,,,,
8,,10379,,,,,,,,,,7.588416337966919e-06,,2.3466568563890178e-06,,0.2753318250179291,,0.19227448105812073,,0.02177564613521099,,0.0015264571411535144,0.017705542966723442,,,,,,,,,,,,,,
8,,10389,,,,,,,,,,1.7916783690452576e-05,,2.948861265394953e-06,,0.2614125907421112,,0.2146630585193634,,0.03811104595661163,,0.0016891728155314922,0.02046770602464676,,,,,,,,,,,,,,
8,,10399,,,,,,,,,,1.3953074812889099e-05,,5.043574674346019e-06,,0.25208067893981934,,0.21858108043670654,,0.027496060356497765,,0.0011991518549621105,0.01763102412223816,,,,,,,,,,,,,,
8,,10409,,,,,,,,,,8.361414074897766e-06,,4.915814770356519e-06,,0.2965385913848877,,0.1987714171409607,,0.033228691667318344,,0.001497673336416483,0.019411319866776466,,,,,,,,,,,,,,
8,,10419,,,,,,,,,,4.5299530029296875e-06,,2.5875428946164902e-06,,0.2568756937980652,,0.20003505051136017,,0.026680801063776016,,0.0009420158457942307,0.016531024128198624,,,,,,,,,,,,,,
8,,10429,,,,,,,,,,2.7455389499664307e-06,,6.809073056501802e-07,,0.32221317291259766,,0.2085256278514862,,0.03455894812941551,,0.001571964705362916,0.0233666580170393,,,,,,,,,,,,,,
8,,10439,,,,,,,,,,7.949769496917725e-06,,7.732494850642979e-06,,0.2611630856990814,,0.23326662182807922,,0.02518920600414276,,0.0009375099907629192,0.01974656619131565,,,,,,,,,,,,,,
8,,10449,,,,,,,,,,7.4766576290130615e-06,,7.241316325234948e-06,,0.3196083903312683,,0.17872075736522675,,0.02511589042842388,,0.001170540344901383,0.018224038183689117,,,,,,,,,,,,,,
8,,10459,,,,,,,,,,1.533515751361847e-05,,7.671468665648717e-06,,0.27957284450531006,,0.22400888800621033,,0.03411091864109039,,0.0017649667570367455,0.02041066624224186,,,,,,,,,,,,,,
8,,10469,,,,,,,,,,5.731359124183655e-06,,4.120379344385583e-06,,0.2639743685722351,,0.21578067541122437,,0.029361555352807045,,0.001418912666849792,0.021042730659246445,,,,,,,,,,,,,,
8,,10479,,,,,,,,,,5.127862095832825e-06,,1.3747385310125537e-05,,0.29844561219215393,,0.1913716197013855,,0.039644766598939896,,0.0013905641390010715,0.0190742127597332,,,,,,,,,,,,,,
8,,10489,,,,,,,,,,4.323199391365051e-06,,6.625106379942736e-06,,0.29567262530326843,,0.22389572858810425,,0.021763266995549202,,0.0010376988211646676,0.01872158981859684,,,,,,,,,,,,,,
8,,10499,,,,,,,,,,4.654750227928162e-06,,5.733904345106566e-06,,0.3379940092563629,,0.2190975397825241,,0.024594230577349663,,0.0013113194145262241,0.020299775525927544,,,,,,,,,,,,,,
8,,10502,,,,,,,,,,,,,,,,,,,,,,0.9920139908790588,1.0,1.0,0.9212272763252258,0.9058760404586792,0.987330973148346,0.9996355772018433,0.021013706922531128,2.384185791015625e-07,9.238719940185547e-07,0.2934860587120056,0.2526583969593048,0.02782152034342289,0.0006791815394535661
8,,10502,0.9927693605422974,1.0,1.0,0.9247416853904724,0.9187284111976624,0.9885402321815491,0.9994888305664062,0.019718961790204048,1.0322947673557792e-05,,7.35683261154918e-06,,0.2794000208377838,,0.21905533969402313,,0.027350327000021935,,0.0013686351012438536,,,,,,,,,,,,,,,,
,0.000238167787843871,10503,,,,,,,,,,,,,,,,,,,,,,,,,,,,,,,,,,,
9,,10509,,,,,,,,,,6.882473826408386e-06,,4.029543561046012e-06,,0.3184826076030731,,0.21499003469944,,0.020559614524245262,,0.0010755776893347502,0.018341924995183945,,,,,,,,,,,,,,
9,,10519,,,,,,,,,,3.1962990760803223e-06,,4.4943776629224885e-06,,0.30386486649513245,,0.22270964086055756,,0.027416283264756203,,0.0010038284817710519,0.019653158262372017,,,,,,,,,,,,,,
9,,10529,,,,,,,,,,2.479180693626404e-06,,3.997160547442036e-06,,0.27843958139419556,,0.21844246983528137,,0.021416746079921722,,0.0009425116004422307,0.018292302265763283,,,,,,,,,,,,,,
9,,10539,,,,,,,,,,6.148591637611389e-06,,4.079315658600535e-06,,0.2668021321296692,,0.23352929949760437,,0.028380824252963066,,0.0014826100086793303,0.02029598131775856,,,,,,,,,,,,,,
9,,10549,,,,,,,,,,1.2237578630447388e-06,,2.260958899569232e-05,,0.2824617028236389,,0.21342070400714874,,0.024868512526154518,,0.001447741175070405,0.019789312034845352,,,,,,,,,,,,,,
9,,10559,,,,,,,,,,8.307397365570068e-06,,1.4426112102228217e-05,,0.28104302287101746,,0.20825715363025665,,0.024477429687976837,,0.0012642861111089587,0.019911034032702446,,,,,,,,,,,,,,
9,,10569,,,,,,,,,,9.736046195030212e-06,,1.5070851986820344e-05,,0.2979772388935089,,0.22250327467918396,,0.027463985607028008,,0.0016190583119168878,0.019222404807806015,,,,,,,,,,,,,,
9,,10579,,,,,,,,,,2.7045607566833496e-06,,2.6837757104658522e-05,,0.28880488872528076,,0.22361710667610168,,0.024862170219421387,,0.0009420600836165249,0.018319927155971527,,,,,,,,,,,,,,
9,,10589,,,,,,,,,,9.151175618171692e-06,,1.3226812370703556e-05,,0.3058203160762787,,0.23070009052753448,,0.027914563193917274,,0.0008412049501203001,0.020612120628356934,,,,,,,,,,,,,,
9,,10599,,,,,,,,,,2.7026981115341187e-06,,4.525617896433687e-06,,0.2966573238372803,,0.21683338284492493,,0.029022224247455597,,0.001245511113665998,0.019456297159194946,,,,,,,,,,,,,,
9,,10609,,,,,,,,,,3.0584633350372314e-06,,8.022343536140397e-06,,0.2927970886230469,,0.21925829350948334,,0.03149731457233429,,0.0010171772446483374,0.02216731384396553,,,,,,,,,,,,,,
9,,10619,,,,,,,,,,5.48921525478363e-06,,3.4187969504273497e-06,,0.27702468633651733,,0.2346513420343399,,0.02288765273988247,,0.0013384666526690125,0.019793178886175156,,,,,,,,,,,,,,
9,,10629,,,,,,,,,,1.6558915376663208e-06,,2.4606483748357277e-06,,0.31280481815338135,,0.21757356822490692,,0.01911478117108345,,0.0022163689136505127,0.019123345613479614,,,,,,,,,,,,,,
9,,10639,,,,,,,,,,1.212581992149353e-06,,4.865149094257504e-06,,0.2641506493091583,,0.2194448560476303,,0.024841325357556343,,0.001422752276994288,0.018590273335576057,,,,,,,,,,,,,,
9,,10649,,,,,,,,,,1.7043203115463257e-06,,3.889279469149187e-06,,0.2686515748500824,,0.21703878045082092,,0.031503766775131226,,0.0012303089024499059,0.020541947335004807,,,,,,,,,,,,,,
9,,10659,,,,,,,,,,1.0281801223754883e-06,,6.0225788729439955e-06,,0.3137873411178589,,0.20977623760700226,,0.024211842566728592,,0.0013194652274250984,0.017331277951598167,,,,,,,,,,,,,,
9,,10669,,,,,,,,,,7.227063179016113e-07,,2.3157167561294045e-06,,0.26881152391433716,,0.21232487261295319,,0.03233775496482849,,0.0012379874242469668,0.018342066556215286,,,,,,,,,,,,,,
9,,10679,,,,,,,,,,2.2333115339279175e-06,,1.5672693507440272e-06,,0.2622488737106323,,0.2385507971048355,,0.025628577917814255,,0.0014107251772657037,0.020023899152874947,,,,,,,,,,,,,,
9,,10689,,,,,,,,,,1.3802200555801392e-06,,5.931623491051141e-06,,0.2516515851020813,,0.22901053726673126,,0.021971235051751137,,0.0007404130883514881,0.019085055217146873,,,,,,,,,,,,,,
9,,10699,,,,,,,,,,1.7601996660232544e-06,,8.064050234679598e-06,,0.2601883113384247,,0.2209983915090561,,0.038990311324596405,,0.000862050917930901,0.02275465801358223,,,,,,,,,,,,,,
9,,10709,,,,,,,,,,1.7713755369186401e-06,,5.434984359453665e-06,,0.22313541173934937,,0.2386901080608368,,0.030256124213337898,,0.0017916333163157105,0.02048923447728157,,,,,,,,,,,,,,
9,,10719,,,,,,,,,,5.39049506187439e-06,,9.867549124464858e-06,,0.26139792799949646,,0.20775893330574036,,0.02310640551149845,,0.00047201354755088687,0.017029007896780968,,,,,,,,,,,,,,
9,,10729,,,,,,,,,,5.837529897689819e-06,,3.385022864677012e-05,,0.26059839129447937,,0.2129669189453125,,0.022961320355534554,,0.0013141968520358205,0.017158692702651024,,,,,,,,,,,,,,
9,,10739,,,,,,,,,,3.505498170852661e-06,,2.3078411686583422e-05,,0.24332024157047272,,0.20576338469982147,,0.02461390011012554,,0.0013407181249931455,0.016566447913646698,,,,,,,,,,,,,,
9,,10749,,,,,,,,,,2.468004822731018e-06,,5.744514510297449e-06,,0.25731050968170166,,0.18725667893886566,,0.027139265090227127,,0.0012079514563083649,0.017868883907794952,,,,,,,,,,,,,,
9,,10759,,,,,,,,,,1.600012183189392e-06,,3.35731010636664e-06,,0.2662804126739502,,0.21917946636676788,,0.02928805723786354,,0.000991485663689673,0.01861223764717579,,,,,,,,,,,,,,
9,,10769,,,,,,,,,,2.8423964977264404e-06,,1.980121851374861e-06,,0.27607885003089905,,0.22449715435504913,,0.02521631307899952,,0.0006947086076252162,0.01999020390212536,,,,,,,,,,,,,,
9,,10779,,,,,,,,,,5.476176738739014e-06,,3.0769044769840548e-06,,0.25647589564323425,,0.22895728051662445,,0.030397644266486168,,0.001629076199606061,0.021893471479415894,,,,,,,,,,,,,,
9,,10789,,,,,,,,,,1.383945345878601e-06,,1.8923694824479753e-06,,0.29230502247810364,,0.21435876190662384,,0.02667395956814289,,0.0010532530723139644,0.019726920872926712,,,,,,,,,,,,,,
9,,10799,,,,,,,,,,1.2814998626708984e-06,,1.1816129017461208e-06,,0.28240713477134705,,0.20605440437793732,,0.028503412380814552,,0.0014337351312860847,0.018881136551499367,,,,,,,,,,,,,,
9,,10809,,,,,,,,,,8.996576070785522e-07,,1.3207134088588646e-06,,0.2686278522014618,,0.23797602951526642,,0.01975994184613228,,0.0021545595955103636,0.020254770293831825,,,,,,,,,,,,,,
9,,10819,,,,,,,,,,2.8517097234725952e-06,,1.0464679007782252e-06,,0.23975518345832825,,0.2164270132780075,,0.024830127134919167,,0.001480650156736374,0.02047273889183998,,,,,,,,,,,,,,
9,,10829,,,,,,,,,,5.19677996635437e-07,,1.3451603990688454e-06,,0.2605572044849396,,0.2292245477437973,,0.028858374804258347,,0.002803059993311763,0.02045775204896927,,,,,,,,,,,,,,
9,,10839,,,,,,,,,,1.1324882507324219e-06,,2.947831717392546e-06,,0.2919585406780243,,0.21238262951374054,,0.021236443892121315,,0.0013364512706175447,0.016987459734082222,,,,,,,,,,,,,,
9,,10849,,,,,,,,,,5.103647708892822e-07,,7.955080945976079e-06,,0.29319530725479126,,0.21842652559280396,,0.026900867000222206,,0.0009654576424509287,0.018865298479795456,,,,,,,,,,,,,,
9,,10859,,,,,,,,,,1.1790543794631958e-06,,1.597277673681674e-06,,0.2847418487071991,,0.2169676572084427,,0.01770363375544548,,0.001227252883836627,0.01911848783493042,,,,,,,,,,,,,,
9,,10869,,,,,,,,,,1.825392246246338e-07,,1.019299588733702e-06,,0.30836227536201477,,0.17233486473560333,,0.02461344003677368,,0.0010701650753617287,0.015709882602095604,,,,,,,,,,,,,,
9,,10879,,,,,,,,,,6.910413503646851e-07,,4.584138878271915e-06,,0.2851564288139343,,0.21701589226722717,,0.02301417849957943,,0.0009181590285152197,0.019206659868359566,,,,,,,,,,,,,,
9,,10889,,,,,,,,,,3.3676624298095703e-06,,1.4606682270823512e-05,,0.24857813119888306,,0.2126617729663849,,0.03870842605829239,,0.0011685247300192714,0.02118324115872383,,,,,,,,,,,,,,
9,,10899,,,,,,,,,,3.773719072341919e-06,,1.3330654837773181e-05,,0.28159865736961365,,0.19764092564582825,,0.027120476588606834,,0.0015509211225435138,0.019262639805674553,,,,,,,,,,,,,,
9,,10909,,,,,,,,,,1.646578311920166e-06,,4.220636128593469e-06,,0.32863447070121765,,0.2107655256986618,,0.02634122222661972,,0.0018274085596203804,0.020983770489692688,,,,,,,,,,,,,,
9,,10919,,,,,,,,,,8.288770914077759e-07,,8.119701305986382e-06,,0.27474501729011536,,0.21769095957279205,,0.03212842717766762,,0.0010921431239694357,0.02096247300505638,,,,,,,,,,,,,,
9,,10929,,,,,,,,,,3.129243850708008e-06,,5.304484147927724e-06,,0.2972234785556793,,0.19462516903877258,,0.02328934706747532,,0.0014417438069358468,0.017038363963365555,,,,,,,,,,,,,,
9,,10939,,,,,,,,,,8.225440979003906e-06,,2.919208327512024e-06,,0.28723087906837463,,0.20539595186710358,,0.027519725263118744,,0.0010137622011825442,0.019641056656837463,,,,,,,,,,,,,,
9,,10949,,,,,,,,,,6.552785634994507e-06,,3.8127213883853983e-06,,0.2596052885055542,,0.21467547118663788,,0.02357643097639084,,0.0015473426319658756,0.019673718139529228,,,,,,,,,,,,,,
9,,10959,,,,,,,,,,2.380460500717163e-06,,4.2229735299770255e-06,,0.285251647233963,,0.21314415335655212,,0.023344658315181732,,0.0015300643863156438,0.018194708973169327,,,,,,,,,,,,,,
9,,10969,,,,,,,,,,3.7383288145065308e-06,,3.1363963444164256e-06,,0.23050189018249512,,0.22128959000110626,,0.022969260811805725,,0.0015200264751911163,0.017467636615037918,,,,,,,,,,,,,,
9,,10979,,,,,,,,,,2.423301339149475e-06,,4.2978085730283055e-06,,0.2890937924385071,,0.2394259124994278,,0.03541453927755356,,0.001145795569755137,0.021362287923693657,,,,,,,,,,,,,,
9,,10989,,,,,,,,,,3.6796554923057556e-05,,9.95073605736252e-06,,0.2906561493873596,,0.20396460592746735,,0.03318547084927559,,0.0012601928319782019,0.01952371373772621,,,,,,,,,,,,,,
9,,10999,,,,,,,,,,3.636255860328674e-05,,2.5098042897298e-06,,0.2691279947757721,,0.21767084300518036,,0.026089094579219818,,0.0006569594843313098,0.01766355149447918,,,,,,,,,,,,,,
9,,11009,,,,,,,,,,9.538605809211731e-06,,1.2080337228326243e-06,,0.29295194149017334,,0.22828230261802673,,0.030516939237713814,,0.00145086576230824,0.022355221211910248,,,,,,,,,,,,,,
9,,11019,,,,,,,,,,1.0766088962554932e-06,,2.696962610571063e-06,,0.3192446529865265,,0.18870893120765686,,0.02699623629450798,,0.0019097785698249936,0.017570754513144493,,,,,,,,,,,,,,
9,,11029,,,,,,,,,,1.1995434761047363e-06,,1.7411000499123475e-06,,0.29394328594207764,,0.21757566928863525,,0.022483957931399345,,0.0009326166473329067,0.01824636198580265,,,,,,,,,,,,,,
9,,11039,,,,,,,,,,1.905485987663269e-06,,4.186310434306506e-06,,0.3137592673301697,,0.21310357749462128,,0.029464339837431908,,0.0010195454815402627,0.019674479961395264,,,,,,,,,,,,,,
9,,11049,,,,,,,,,,6.966292858123779e-07,,2.657880486367503e-06,,0.30404964089393616,,0.2277388721704483,,0.02536812797188759,,0.0012281066738069057,0.020824508741497993,,,,,,,,,,,,,,
9,,11059,,,,,,,,,,1.5534460544586182e-06,,1.772485575202154e-06,,0.29153892397880554,,0.20698954164981842,,0.01738654263317585,,0.0017491028411313891,0.017252013087272644,,,,,,,,,,,,,,
9,,11069,,,,,,,,,,4.7497451305389404e-07,,3.0420922030316433e-06,,0.2854228913784027,,0.19601231813430786,,0.022942986339330673,,0.00119517941493541,0.017784832045435905,,,,,,,,,,,,,,
9,,11079,,,,,,,,,,1.911073923110962e-06,,3.834360541077331e-06,,0.27503618597984314,,0.23077790439128876,,0.02306639589369297,,0.0014348523691296577,0.02112889476120472,,,,,,,,,,,,,,
9,,11089,,,,,,,,,,9.015202522277832e-07,,3.4771608170558466e-06,,0.26421013474464417,,0.22126811742782593,,0.03179943934082985,,0.0012386910384520888,0.022220540791749954,,,,,,,,,,,,,,
9,,11099,,,,,,,,,,2.212822437286377e-06,,4.930521754431538e-06,,0.2693032920360565,,0.24245306849479675,,0.021318811923265457,,0.0011654713889583945,0.019456952810287476,,,,,,,,,,,,,,
9,,11109,,,,,,,,,,2.6337802410125732e-06,,4.312130840844475e-06,,0.2704364061355591,,0.22427982091903687,,0.022108623757958412,,0.0008483759011141956,0.017375962808728218,,,,,,,,,,,,,,
9,,11119,,,,,,,,,,1.6726553440093994e-06,,4.909195922664367e-06,,0.22688886523246765,,0.20910777151584625,,0.022221121937036514,,0.0016706042224541306,0.016696186736226082,,,,,,,,,,,,,,
9,,11129,,,,,,,,,,2.4866312742233276e-06,,5.000707915314706e-06,,0.31089454889297485,,0.22634688019752502,,0.01999378763139248,,0.0009966973448172212,0.0174686461687088,,,,,,,,,,,,,,
9,,11139,,,,,,,,,,3.5222619771957397e-06,,3.368494844835368e-06,,0.3126141428947449,,0.19083790481090546,,0.027716992422938347,,0.0009943114127963781,0.017896611243486404,,,,,,,,,,,,,,
9,,11149,,,,,,,,,,1.4510005712509155e-06,,2.9307730073924176e-06,,0.3264739215373993,,0.19402602314949036,,0.029001137241721153,,0.0011236254358664155,0.019118277356028557,,,,,,,,,,,,,,
9,,11159,,,,,,,,,,5.388632416725159e-06,,7.62079162086593e-06,,0.294664591550827,,0.19459524750709534,,0.021873444318771362,,0.0007453083526343107,0.017945803701877594,,,,,,,,,,,,,,
9,,11169,,,,,,,,,,4.196539521217346e-06,,8.225440979003906e-06,,0.24774883687496185,,0.21782797574996948,,0.02638258785009384,,0.001325777848251164,0.018895423039793968,,,,,,,,,,,,,,
9,,11179,,,,,,,,,,1.4994293451309204e-06,,3.1277941161533818e-06,,0.26139748096466064,,0.21336790919303894,,0.02667984925210476,,0.0014048145385459065,0.018580343574285507,,,,,,,,,,,,,,
9,,11189,,,,,,,,,,3.1907111406326294e-06,,2.1451680822792696e-06,,0.261928915977478,,0.22552919387817383,,0.017615297809243202,,0.0016779850702732801,0.019359169527888298,,,,,,,,,,,,,,
9,,11199,,,,,,,,,,2.520158886909485e-06,,2.0771126401086804e-06,,0.27720916271209717,,0.21508143842220306,,0.02652357518672943,,0.0007895103190094233,0.01975937932729721,,,,,,,,,,,,,,
9,,11209,,,,,,,,,,1.426786184310913e-06,,3.498919568301062e-06,,0.2663800120353699,,0.2083137482404709,,0.023885060101747513,,0.0013317831326276064,0.018272774294018745,,,,,,,,,,,,,,
9,,11219,,,,,,,,,,4.4852495193481445e-06,,1.8248191508973832e-06,,0.2776852548122406,,0.22815918922424316,,0.018276533111929893,,0.0009229591232724488,0.01774861291050911,,,,,,,,,,,,,,
9,,11229,,,,,,,,,,1.3727694749832153e-06,,5.533086550713051e-06,,0.2654597759246826,,0.20660018920898438,,0.024153834208846092,,0.0010543480748310685,0.01830366998910904,,,,,,,,,,,,,,
9,,11239,,,,,,,,,,2.4121254682540894e-06,,6.2083654484013095e-06,,0.3010086119174957,,0.17766860127449036,,0.025890933349728584,,0.0008583898306824267,0.01746935024857521,,,,,,,,,,,,,,
9,,11249,,,,,,,,,,1.16787850856781e-06,,1.3462536117003765e-06,,0.2693517208099365,,0.24747227132320404,,0.029639270156621933,,0.0019127236446365714,0.02205747738480568,,,,,,,,,,,,,,
9,,11259,,,,,,,,,,1.6167759895324707e-06,,2.5227591322618537e-06,,0.2822652757167816,,0.19943085312843323,,0.024738004431128502,,0.0017134692752733827,0.01811770722270012,,,,,,,,,,,,,,
9,,11269,,,,,,,,,,2.0693987607955933e-06,,1.5455062793989782e-06,,0.2739390730857849,,0.21316470205783844,,0.024057164788246155,,0.0017000194638967514,0.01987851783633232,,,,,,,,,,,,,,
9,,11279,,,,,,,,,,2.1420419216156006e-06,,3.5931161619373597e-06,,0.23288629949092865,,0.20535998046398163,,0.024569755420088768,,0.0009116691071540117,0.018530946224927902,,,,,,,,,,,,,,
9,,11289,,,,,,,,,,2.0265579223632812e-06,,4.00865383198834e-06,,0.2831343412399292,,0.23467658460140228,,0.017471319064497948,,0.0013187399599701166,0.021679723635315895,,,,,,,,,,,,,,
9,,11299,,,,,,,,,,8.48621129989624e-06,,9.09985010366654e-06,,0.329986035823822,,0.20639829337596893,,0.039829108864068985,,0.0011524773435667157,0.022273816168308258,,,,,,,,,,,,,,
9,,11309,,,,,,,,,,6.3069164752960205e-06,,2.806506472552428e-06,,0.29776573181152344,,0.21633480489253998,,0.028268203139305115,,0.001002939767204225,0.019436145201325417,,,,,,,,,,,,,,
9,,11319,,,,,,,,,,1.4040619134902954e-05,,4.905706191493664e-06,,0.2899951636791229,,0.2258550375699997,,0.021274380385875702,,0.0011620252626016736,0.018871111795306206,,,,,,,,,,,,,,
9,,11329,,,,,,,,,,1.9650906324386597e-06,,2.480180683051003e-06,,0.26506590843200684,,0.22528192400932312,,0.028431052342057228,,0.0011889637680724263,0.02022901177406311,,,,,,,,,,,,,,
9,,11339,,,,,,,,,,6.444752216339111e-07,,2.0139432308496907e-06,,0.33996570110321045,,0.2075052410364151,,0.02163701504468918,,0.0007159326924011111,0.018538832664489746,,,,,,,,,,,,,,
9,,11349,,,,,,,,,,4.291534423828125e-06,,2.1039170405856567e-06,,0.29689672589302063,,0.20560702681541443,,0.0454123318195343,,0.001015123212710023,0.022541090846061707,,,,,,,,,,,,,,
9,,11359,,,,,,,,,,1.5832483768463135e-06,,2.4150058379746042e-06,,0.2762850821018219,,0.22534658014774323,,0.030072413384914398,,0.0012867578770965338,0.020114846527576447,,,,,,,,,,,,,,
9,,11369,,,,,,,,,,1.7657876014709473e-06,,1.6391277313232422e-06,,0.32680776715278625,,0.19110703468322754,,0.03037228435277939,,0.0007573062903247774,0.01984436623752117,,,,,,,,,,,,,,
9,,11379,,,,,,,,,,2.86102294921875e-06,,3.718949301401153e-06,,0.3010660707950592,,0.2210763543844223,,0.020980583503842354,,0.001524355378933251,0.018820948898792267,,,,,,,,,,,,,,
9,,11389,,,,,,,,,,8.862465620040894e-06,,1.901549239846645e-06,,0.279464453458786,,0.2211514562368393,,0.023225339129567146,,0.0008928804309107363,0.018359020352363586,,,,,,,,,,,,,,
9,,11399,,,,,,,,,,1.1567026376724243e-06,,8.1528496593819e-06,,0.23816847801208496,,0.22651547193527222,,0.024394530802965164,,0.0009507057256996632,0.01839161291718483,,,,,,,,,,,,,,
9,,11409,,,,,,,,,,1.004338264465332e-05,,2.138542413376854e-06,,0.2792399525642395,,0.21414275467395782,,0.03694184869527817,,0.0008340909262187779,0.01926841400563717,,,,,,,,,,,,,,
9,,11419,,,,,,,,,,4.7031790018081665e-06,,2.7137241431773873e-06,,0.2623232305049896,,0.19604888558387756,,0.021316129714250565,,0.001223913044668734,0.016313957050442696,,,,,,,,,,,,,,
9,,11429,,,,,,,,,,4.474073648452759e-06,,3.7022125525254523e-06,,0.26835495233535767,,0.21918272972106934,,0.02064741775393486,,0.0008968787733465433,0.017840858548879623,,,,,,,,,,,,,,
9,,11439,,,,,,,,,,9.55536961555481e-07,,1.8337193523620954e-06,,0.2896575629711151,,0.20626777410507202,,0.026722386479377747,,0.0010657659731805325,0.01909504272043705,,,,,,,,,,,,,,
9,,11449,,,,,,,,,,2.430751919746399e-06,,2.2353387976181693e-06,,0.2887914478778839,,0.23744918406009674,,0.024021349847316742,,0.0012981172185391188,0.020745698362588882,,,,,,,,,,,,,,
9,,11459,,,,,,,,,,3.974884748458862e-06,,3.4641575439309236e-06,,0.3134412467479706,,0.2271832376718521,,0.024631954729557037,,0.0011111872736364603,0.017942316830158234,,,,,,,,,,,,,,
9,,11469,,,,,,,,,,7.860362529754639e-07,,2.1335240489861462e-06,,0.23495842516422272,,0.21197263896465302,,0.020214660093188286,,0.001125768176279962,0.01703743450343609,,,,,,,,,,,,,,
9,,11479,,,,,,,,,,4.082918167114258e-06,,3.0861287996231113e-06,,0.25094059109687805,,0.1980447620153427,,0.017080700024962425,,0.0015108732040971518,0.015184245072305202,,,,,,,,,,,,,,
9,,11489,,,,,,,,,,1.037493348121643e-06,,8.60816555814381e-07,,0.2614351511001587,,0.2468736618757248,,0.027027372270822525,,0.0009602790814824402,0.02023589238524437,,,,,,,,,,,,,,
9,,11499,,,,,,,,,,2.6617199182510376e-06,,1.2151656392234145e-06,,0.29733946919441223,,0.22406765818595886,,0.027180436998605728,,0.0011725850636139512,0.02141549624502659,,,,,,,,,,,,,,
9,,11509,,,,,,,,,,2.7958303689956665e-06,,3.0948056064517004e-06,,0.2877698242664337,,0.2183796912431717,,0.024173060432076454,,0.0012793060159310699,0.019471902400255203,,,,,,,,,,,,,,
9,,11519,,,,,,,,,,3.7401914596557617e-06,,5.181460437597707e-06,,0.26580730080604553,,0.23101188242435455,,0.022379405796527863,,0.001559836440719664,0.019410347566008568,,,,,,,,,,,,,,
9,,11529,,,,,,,,,,4.9173831939697266e-06,,2.1017115159338573e-06,,0.2724282443523407,,0.19259729981422424,,0.01939369924366474,,0.0014408270362764597,0.017406847327947617,,,,,,,,,,,,,,
9,,11539,,,,,,,,,,1.7117708921432495e-06,,1.3287948377183056e-06,,0.2922224700450897,,0.2311069220304489,,0.02493097446858883,,0.0009033814421854913,0.019696129485964775,,,,,,,,,,,,,,
9,,11549,,,,,,,,,,2.4177134037017822e-06,,4.185500984021928e-06,,0.28959277272224426,,0.2412278950214386,,0.022101134061813354,,0.0011057157535105944,0.020690809935331345,,,,,,,,,,,,,,
9,,11559,,,,,,,,,,3.5651028156280518e-06,,1.8453110897098668e-06,,0.2874773144721985,,0.20678089559078217,,0.02349930629134178,,0.001086111762560904,0.018189840018749237,,,,,,,,,,,,,,
9,,11569,,,,,,,,,,1.2237578630447388e-06,,1.501529823144665e-06,,0.2608559727668762,,0.2281741350889206,,0.021601591259241104,,0.001479729195125401,0.019090166315436363,,,,,,,,,,,,,,
9,,11579,,,,,,,,,,4.149973392486572e-06,,5.7576789913582616e-06,,0.2602827847003937,,0.2218528687953949,,0.02706782892346382,,0.0016343069728463888,0.020125549286603928,,,,,,,,,,,,,,
9,,11589,,,,,,,,,,4.330649971961975e-06,,5.148100171936676e-06,,0.2898785173892975,,0.19848929345607758,,0.02203924022614956,,0.0014926150906831026,0.018080495297908783,,,,,,,,,,,,,,
9,,11599,,,,,,,,,,3.4123659133911133e-06,,5.508517006092006e-06,,0.23907311260700226,,0.2414257973432541,,0.01908727176487446,,0.001113537815399468,0.019543366506695747,,,,,,,,,,,,,,
9,,11609,,,,,,,,,,2.7045607566833496e-06,,6.819894679210847e-06,,0.26986414194107056,,0.2175649255514145,,0.028831345960497856,,0.001157738734036684,0.019464688375592232,,,,,,,,,,,,,,
9,,11619,,,,,,,,,,4.021450877189636e-06,,1.8925522454082966e-05,,0.25793078541755676,,0.21978294849395752,,0.01859816536307335,,0.0008731519337743521,0.015766499564051628,,,,,,,,,,,,,,
9,,11629,,,,,,,,,,2.045184373855591e-06,,4.258048647898249e-06,,0.29479941725730896,,0.23005816340446472,,0.02766328863799572,,0.0012119245948269963,0.0204811692237854,,,,,,,,,,,,,,
9,,11639,,,,,,,,,,2.7939677238464355e-06,,4.0144363993022125e-06,,0.2506808638572693,,0.23618899285793304,,0.01638978347182274,,0.0010925279930233955,0.018000178039073944,,,,,,,,,,,,,,
9,,11649,,,,,,,,,,2.425163984298706e-06,,6.413584742404055e-06,,0.30243217945098877,,0.20133192837238312,,0.028847813606262207,,0.0012067622737959027,0.019023790955543518,,,,,,,,,,,,,,
9,,11659,,,,,,,,,,2.387911081314087e-06,,1.7823595044319518e-06,,0.27184534072875977,,0.21880826354026794,,0.022678008303046227,,0.0005939031834714115,0.017146965488791466,,,,,,,,,,,,,,
9,,11669,,,,,,,,,,1.6897917021196918e-06,,1.939443336596014e-06,,0.26478680968284607,,0.25676000118255615,,0.020303456112742424,,0.0013876385055482388,0.020806962624192238,,,,,,,,,,,,,,
9,,11669,,,,,,,,,,,,,,,,,,,,,,0.9920462369918823,1.0,1.0,0.9212272763252258,0.9068259000778198,0.9872854948043823,0.9996301531791687,0.020934933796525,0.0,4.470348358154297e-07,0.29475459456443787,0.2508560121059418,0.027758896350860596,0.0006826665485277772
9,,11669,0.9929271936416626,1.0,1.0,0.9247292280197144,0.919138491153717,0.9890902042388916,0.9995499849319458,0.01921081729233265,3.7257630083331605e-06,,5.649457307299599e-06,,0.27873656153678894,,0.2174302488565445,,0.025653446093201637,,0.0011893139453604817,,,,,,,,,,,,,,,,
,0.00022500000000000002,11670,,,,,,,,,,,,,,,,,,,,,,,,,,,,,,,,,,,
10,,11679,,,,,,,,,,6.92903995513916e-07,,2.0766869965882506e-06,,0.2343113273382187,,0.21714574098587036,,0.02272077463567257,,0.001199056627228856,0.018355319276452065,,,,,,,,,,,,,,
10,,11689,,,,,,,,,,3.0212104320526123e-06,,2.1579589883913286e-06,,0.29331010580062866,,0.19742728769779205,,0.03991830348968506,,0.0005058234673924744,0.022400066256523132,,,,,,,,,,,,,,
10,,11699,,,,,,,,,,5.8282166719436646e-06,,4.646057732315967e-06,,0.2814597487449646,,0.19822201132774353,,0.024923313409090042,,0.0015515567502006888,0.018479034304618835,,,,,,,,,,,,,,
10,,11709,,,,,,,,,,9.480863809585571e-07,,1.403532564836496e-06,,0.29415905475616455,,0.22714094817638397,,0.02498648874461651,,0.0009249222930520773,0.01939966343343258,,,,,,,,,,,,,,
10,,11719,,,,,,,,,,1.0155141353607178e-05,,6.491487511084415e-06,,0.2825591266155243,,0.20914676785469055,,0.02510989084839821,,0.0006637958576902747,0.018753057345747948,,,,,,,,,,,,,,
10,,11729,,,,,,,,,,2.2258609533309937e-06,,1.8510349946154747e-06,,0.27952122688293457,,0.23146048188209534,,0.02436361089348793,,0.0007844443316571414,0.020248837769031525,,,,,,,,,,,,,,
10,,11739,,,,,,,,,,4.367902874946594e-06,,2.2655551674688468e-06,,0.3052920699119568,,0.18339721858501434,,0.019788170233368874,,0.0011255128774791956,0.01567823253571987,,,,,,,,,,,,,,
10,,11749,,,,,,,,,,9.164214134216309e-07,,1.4944622535040253e-06,,0.26984789967536926,,0.23690025508403778,,0.022739509120583534,,0.0006382096908055246,0.019925003871321678,,,,,,,,,,,,,,
10,,11759,,,,,,,,,,2.0172446966171265e-06,,4.46529702458065e-06,,0.26317641139030457,,0.23648357391357422,,0.02318456582725048,,0.0010831669205799699,0.018659725785255432,,,,,,,,,,,,,,
10,,11769,,,,,,,,,,6.906688213348389e-06,,2.3023501398711232e-06,,0.2706279754638672,,0.20023192465305328,,0.021736187860369682,,0.0005135294632054865,0.016864607110619545,,,,,,,,,,,,,,
10,,11779,,,,,,,,,,1.9408762454986572e-06,,1.5648585076633026e-06,,0.31660962104797363,,0.21494147181510925,,0.022274676710367203,,0.0008416472701355815,0.01950165443122387,,,,,,,,,,,,,,
10,,11789,,,,,,,,,,3.2316893339157104e-06,,3.4597185276652453e-06,,0.2846952974796295,,0.2164285033941269,,0.02670898474752903,,0.0008094264194369316,0.02030395157635212,,,,,,,,,,,,,,
10,,11799,,,,,,,,,,1.909211277961731e-06,,2.4535218017263105e-06,,0.3067523241043091,,0.1954660415649414,,0.02684350498020649,,0.0018789804307743907,0.017606841400265694,,,,,,,,,,,,,,
10,,11809,,,,,,,,,,3.876164555549622e-06,,2.1732255390816135e-06,,0.2926887571811676,,0.21695730090141296,,0.020977580919861794,,0.001345212571322918,0.019543210044503212,,,,,,,,,,,,,,
10,,11819,,,,,,,,,,8.113682270050049e-06,,1.5719906514277682e-06,,0.27018147706985474,,0.20296278595924377,,0.025949759408831596,,0.0011916077928617597,0.017565973103046417,,,,,,,,,,,,,,
10,,11829,,,,,,,,,,5.709007382392883e-06,,4.0264767449116334e-06,,0.2920475900173187,,0.22548037767410278,,0.02938992530107498,,0.001701840665191412,0.022250955924391747,,,,,,,,,,,,,,
10,,11839,,,,,,,,,,1.8812716007232666e-06,,1.4862288253425504e-06,,0.24333210289478302,,0.2237204909324646,,0.025596527382731438,,0.001073575927875936,0.019237633794546127,,,,,,,,,,,,,,
10,,11849,,,,,,,,,,7.171183824539185e-07,,9.42837118600437e-07,,0.3320377469062805,,0.20266905426979065,,0.032524336129426956,,0.0008872505277395248,0.01987149566411972,,,,,,,,,,,,,,
10,,11859,,,,,,,,,,1.344829797744751e-06,,4.665271546855365e-07,,0.268588125705719,,0.22296439111232758,,0.021373240277171135,,0.0013940691715106368,0.01844923011958599,,,,,,,,,,,,,,
10,,11869,,,,,,,,,,1.0346993803977966e-05,,1.94646418094635e-06,,0.3186527192592621,,0.2016160935163498,,0.02773195505142212,,0.000991507200524211,0.020041286945343018,,,,,,,,,,,,,,
10,,11879,,,,,,,,,,4.624947905540466e-06,,2.055118557109381e-06,,0.22336764633655548,,0.20817260444164276,,0.027443448081612587,,0.0008993002702482045,0.018751835450530052,,,,,,,,,,,,,,
10,,11889,,,,,,,,,,3.4123659133911133e-06,,3.8221091926970985e-06,,0.27870431542396545,,0.21383309364318848,,0.0268577691167593,,0.0012314263731241226,0.020521976053714752,,,,,,,,,,,,,,
10,,11899,,,,,,,,,,1.7758458852767944e-05,,1.6563817553105764e-06,,0.29198309779167175,,0.20347073674201965,,0.023381324484944344,,0.0013466342352330685,0.019532712176442146,,,,,,,,,,,,,,
10,,11909,,,,,,,,,,1.8086284399032593e-06,,2.5014514903887175e-06,,0.32551124691963196,,0.20064932107925415,,0.03339865803718567,,0.0012401853455230594,0.018712332472205162,,,,,,,,,,,,,,
10,,11919,,,,,,,,,,3.876164555549622e-06,,3.024856141564669e-06,,0.326194167137146,,0.20731385052204132,,0.025946836918592453,,0.0007273724186234176,0.019870242103934288,,,,,,,,,,,,,,
10,,11929,,,,,,,,,,6.26780092716217e-06,,4.323580014897743e-06,,0.26284587383270264,,0.22015634179115295,,0.03372194617986679,,0.0012608527904376388,0.021253244951367378,,,,,,,,,,,,,,
10,,11939,,,,,,,,,,8.217990398406982e-06,,5.028844043408753e-06,,0.32949939370155334,,0.2215985357761383,,0.02480728179216385,,0.0009889553766697645,0.021067917346954346,,,,,,,,,,,,,,
10,,11949,,,,,,,,,,2.3990869522094727e-06,,1.8297383803655975e-06,,0.29388758540153503,,0.21944831311702728,,0.026575200259685516,,0.0010882621863856912,0.019614845514297485,,,,,,,,,,,,,,
10,,11959,,,,,,,,,,2.4400651454925537e-06,,7.431954145431519e-07,,0.2553305923938751,,0.21221020817756653,,0.03157694265246391,,0.0009379388066008687,0.019779231399297714,,,,,,,,,,,,,,
10,,11969,,,,,,,,,,1.9937753677368164e-05,,3.725753458638792e-06,,0.30229708552360535,,0.21400344371795654,,0.024474330246448517,,0.0012180848279967904,0.017863783985376358,,,,,,,,,,,,,,
10,,11979,,,,,,,,,,4.783272743225098e-06,,3.5561945423978614e-06,,0.3098677396774292,,0.19619868695735931,,0.02111382782459259,,0.0007082747179083526,0.017999473959207535,,,,,,,,,,,,,,
10,,11989,,,,,,,,,,1.0812655091285706e-05,,1.2316265838308027e-06,,0.2504633963108063,,0.22647185623645782,,0.0308472141623497,,0.0014616241678595543,0.021057315170764923,,,,,,,,,,,,,,
10,,11999,,,,,,,,,,1.2477859854698181e-05,,1.882949050013849e-06,,0.22350607812404633,,0.2347731590270996,,0.04263962805271149,,0.0015480268048122525,0.024231353774666786,,,,,,,,,,,,,,
10,,12009,,,,,,,,,,6.156042218208313e-06,,1.1970599871347076e-06,,0.239084854722023,,0.23698775470256805,,0.017226822674274445,,0.000875885016284883,0.01949266903102398,,,,,,,,,,,,,,
10,,12019,,,,,,,,,,9.454786777496338e-06,,1.4708992921441677e-06,,0.29422205686569214,,0.24107594788074493,,0.01980433240532875,,0.000895205361302942,0.019760476425290108,,,,,,,,,,,,,,
10,,12029,,,,,,,,,,9.257346391677856e-06,,3.8654106901958585e-06,,0.23499813675880432,,0.21347644925117493,,0.022571196779608727,,0.00047995723434723914,0.018711848184466362,,,,,,,,,,,,,,
10,,12039,,,,,,,,,,5.925074219703674e-06,,4.080910912307445e-06,,0.2527325451374054,,0.22170644998550415,,0.022350775077939034,,0.001504315179772675,0.01763072982430458,,,,,,,,,,,,,,
10,,12049,,,,,,,,,,2.4629756808280945e-05,,3.025338401130284e-06,,0.26745808124542236,,0.2153918296098709,,0.022059807553887367,,0.0016990965232253075,0.01847214810550213,,,,,,,,,,,,,,
10,,12059,,,,,,,,,,9.760260581970215e-06,,1.0924261459877016e-06,,0.2514561414718628,,0.19597230851650238,,0.0211278535425663,,0.0009187047253362834,0.01735321804881096,,,,,,,,,,,,,,
10,,12069,,,,,,,,,,1.6203150153160095e-05,,1.172429506368644e-06,,0.26003819704055786,,0.2252664715051651,,0.03253593295812607,,0.0006852947408333421,0.02086832746863365,,,,,,,,,,,,,,
10,,12079,,,,,,,,,,3.0230730772018433e-06,,2.157285052817315e-06,,0.3627641201019287,,0.1918615698814392,,0.01937497779726982,,0.0015690657310187817,0.018133074045181274,,,,,,,,,,,,,,
10,,12089,,,,,,,,,,2.730637788772583e-06,,2.1376533823058708e-06,,0.278634637594223,,0.21882739663124084,,0.023394567891955376,,0.0015913244569674134,0.019051071256399155,,,,,,,,,,,,,,
10,,12099,,,,,,,,,,2.983957529067993e-06,,1.8301763020645012e-06,,0.2900153696537018,,0.22168037295341492,,0.02203102596104145,,0.0009980114409700036,0.019623903557658195,,,,,,,,,,,,,,
10,,12109,,,,,,,,,,3.041699528694153e-06,,1.8470960867489339e-06,,0.2744554281234741,,0.22930872440338135,,0.021889038383960724,,0.0009288915316574275,0.019402146339416504,,,,,,,,,,,,,,
10,,12119,,,,,,,,,,1.3198703527450562e-05,,2.2669523787044454e-06,,0.2617965638637543,,0.22301536798477173,,0.026934785768389702,,0.0011503711575642228,0.01880764029920101,,,,,,,,,,,,,,
10,,12129,,,,,,,,,,7.463619112968445e-06,,3.2432301395601826e-06,,0.263541579246521,,0.21540822088718414,,0.017542680725455284,,0.0008684126660227776,0.015583086758852005,,,,,,,,,,,,,,
10,,12139,,,,,,,,,,9.279698133468628e-06,,2.106030706272577e-06,,0.30087122321128845,,0.18552251160144806,,0.028035620227456093,,0.0009768262971192598,0.01950647123157978,,,,,,,,,,,,,,
10,,12149,,,,,,,,,,6.295740604400635e-06,,1.4825070593360579e-06,,0.2351246327161789,,0.21862809360027313,,0.024698786437511444,,0.0013743051094934344,0.018957432359457016,,,,,,,,,,,,,,
10,,12159,,,,,,,,,,4.7888606786727905e-06,,3.802585069934139e-06,,0.25442320108413696,,0.23258857429027557,,0.019307812675833702,,0.0009755718056112528,0.018090886995196342,,,,,,,,,,,,,,
10,,12169,,,,,,,,,,1.697242259979248e-05,,4.0512336454412434e-06,,0.27541351318359375,,0.21540039777755737,,0.028621980920433998,,0.0009523798362351954,0.01853947341442108,,,,,,,,,,,,,,
10,,12179,,,,,,,,,,6.776303052902222e-06,,4.0956001612357795e-06,,0.23612350225448608,,0.1965859830379486,,0.025413503870368004,,0.0010599280940368772,0.017395125702023506,,,,,,,,,,,,,,
10,,12189,,,,,,,,,,1.1531636118888855e-05,,1.938939021783881e-06,,0.25161248445510864,,0.2099928855895996,,0.024081815034151077,,0.00127425289247185,0.01706729456782341,,,,,,,,,,,,,,
10,,12199,,,,,,,,,,1.5731900930404663e-05,,3.2180721518670907e-06,,0.2519172132015228,,0.21076051890850067,,0.027908679097890854,,0.001364751486107707,0.01932471990585327,,,,,,,,,,,,,,
10,,12209,,,,,,,,,,4.058703780174255e-06,,6.6478614826337434e-06,,0.21190021932125092,,0.24822469055652618,,0.02014460787177086,,0.0008328313124366105,0.01968569867312908,,,,,,,,,,,,,,
10,,12219,,,,,,,,,,7.78399407863617e-06,,1.0587842552922666e-05,,0.32610204815864563,,0.2070240080356598,,0.024351954460144043,,0.0006710481247864664,0.017236677929759026,,,,,,,,,,,,,,
10,,12229,,,,,,,,,,1.7173588275909424e-06,,8.10687561170198e-06,,0.27075713872909546,,0.2228490561246872,,0.020796630531549454,,0.0010255558881908655,0.018064862117171288,,,,,,,,,,,,,,
10,,12239,,,,,,,,,,5.347654223442078e-06,,5.817548753839219e-06,,0.27951282262802124,,0.22217996418476105,,0.02427464723587036,,0.0013396955328062177,0.018878303468227386,,,,,,,,,,,,,,
10,,12249,,,,,,,,,,9.67271625995636e-06,,6.271868187468499e-06,,0.31822484731674194,,0.1961240917444229,,0.02137458138167858,,0.0012973252451047301,0.018202265724539757,,,,,,,,,,,,,,
10,,12259,,,,,,,,,,1.0207295417785645e-06,,2.5931224172381917e-06,,0.2775609493255615,,0.2159956842660904,,0.0183001346886158,,0.0006947442889213562,0.01708546094596386,,,,,,,,,,,,,,
10,,12269,,,,,,,,,,1.9390136003494263e-06,,2.100347774103284e-05,,0.3290303349494934,,0.21286748349666595,,0.026095882058143616,,0.0009327664156444371,0.019568555057048798,,,,,,,,,,,,,,
10,,12279,,,,,,,,,,1.432374119758606e-06,,2.5739882403286174e-06,,0.1989254504442215,,0.2065150886774063,,0.031548067927360535,,0.0006353134522214532,0.01945110782980919,,,,,,,,,,,,,,
10,,12289,,,,,,,,,,9.257346391677856e-07,,3.1468991892324993e-06,,0.2757968604564667,,0.19483816623687744,,0.016354458406567574,,0.001843534060753882,0.01722618006169796,,,,,,,,,,,,,,
10,,12299,,,,,,,,,,3.380700945854187e-06,,5.150101969775278e-06,,0.2688071131706238,,0.2244364321231842,,0.023551499471068382,,0.0009811263298615813,0.01667782850563526,,,,,,,,,,,,,,
10,,12309,,,,,,,,,,4.244968295097351e-06,,4.874110800301423e-06,,0.251565545797348,,0.20264042913913727,,0.02867826633155346,,0.0014108119066804647,0.018851881846785545,,,,,,,,,,,,,,
10,,12319,,,,,,,,,,2.8796494007110596e-06,,8.12256766948849e-05,,0.2902469038963318,,0.20278078317642212,,0.025454094633460045,,0.0013991723535582423,0.01912258379161358,,,,,,,,,,,,,,
10,,12329,,,,,,,,,,3.889203071594238e-06,,4.195095243630931e-06,,0.28369054198265076,,0.19495244324207306,,0.028232872486114502,,0.0013586762361228466,0.018373927101492882,,,,,,,,,,,,,,
10,,12339,,,,,,,,,,1.4416873455047607e-06,,7.201101198006654e-06,,0.28386828303337097,,0.23455582559108734,,0.029237551614642143,,0.0011453701881691813,0.022589445114135742,,,,,,,,,,,,,,
10,,12349,,,,,,,,,,1.2051314115524292e-06,,4.891019671049435e-06,,0.23303969204425812,,0.21863767504692078,,0.020157787948846817,,0.0010043649235740304,0.017462225630879402,,,,,,,,,,,,,,
10,,12359,,,,,,,,,,2.3115426301956177e-06,,8.877028449205682e-06,,0.26863259077072144,,0.20101340115070343,,0.0253966823220253,,0.0009205321548506618,0.016668451949954033,,,,,,,,,,,,,,
10,,12369,,,,,,,,,,9.55536961555481e-07,,2.6690817321650684e-05,,0.29012277722358704,,0.21226246654987335,,0.022327322512865067,,0.00043083156924694777,0.017622986808419228,,,,,,,,,,,,,,
10,,12379,,,,,,,,,,8.605420589447021e-07,,5.5812847676861566e-06,,0.29142963886260986,,0.19951479136943817,,0.014890355989336967,,0.0004854928993154317,0.01622711308300495,,,,,,,,,,,,,,
10,,12389,,,,,,,,,,1.0784715414047241e-06,,1.0606646355881821e-05,,0.2731616199016571,,0.21941182017326355,,0.02819400280714035,,0.0004752694221679121,0.019803302362561226,,,,,,,,,,,,,,
10,,12399,,,,,,,,,,6.835907697677612e-07,,1.1729825018846896e-05,,0.29534658789634705,,0.20783156156539917,,0.024076584726572037,,0.0008974052616395056,0.01840008795261383,,,,,,,,,,,,,,
10,,12409,,,,,,,,,,5.587935447692871e-07,,3.1976908303477103e-06,,0.30653470754623413,,0.2125750631093979,,0.02763766422867775,,0.0011603378225117922,0.018902409821748734,,,,,,,,,,,,,,
10,,12419,,,,,,,,,,8.139759302139282e-07,,3.9026999729685485e-06,,0.3153649866580963,,0.20422488451004028,,0.01987873576581478,,0.0005178090650588274,0.017897184938192368,,,,,,,,,,,,,,
10,,12429,,,,,,,,,,8.419156074523926e-07,,9.749084711074829e-05,,0.28405600786209106,,0.19726361334323883,,0.02362131141126156,,0.0007550210575573146,0.017452508211135864,,,,,,,,,,,,,,
10,,12439,,,,,,,,,,9.629875421524048e-07,,7.991814527485985e-06,,0.286770224571228,,0.20281776785850525,,0.023441093042492867,,0.0009660507785156369,0.017901072278618813,,,,,,,,,,,,,,
10,,12449,,,,,,,,,,5.327165126800537e-07,,3.93454729419318e-06,,0.22542889416217804,,0.23185554146766663,,0.025223789736628532,,0.0007102965610101819,0.01994825154542923,,,,,,,,,,,,,,
10,,12459,,,,,,,,,,3.7439167499542236e-07,,1.1223700312257279e-05,,0.2675856053829193,,0.21993041038513184,,0.024528246372938156,,0.000873355835210532,0.019134558737277985,,,,,,,,,,,,,,
10,,12469,,,,,,,,,,8.717179298400879e-07,,5.265191703074379e-06,,0.32683998346328735,,0.20547960698604584,,0.018743043765425682,,0.001522915088571608,0.017430391162633896,,,,,,,,,,,,,,
10,,12479,,,,,,,,,,5.140900611877441e-07,,7.3712139965209644e-06,,0.263898640871048,,0.2581888735294342,,0.026576321572065353,,0.001377259148284793,0.02311953529715538,,,,,,,,,,,,,,
10,,12489,,,,,,,,,,4.43682074546814e-06,,4.598398390953662e-06,,0.2610238194465637,,0.20357096195220947,,0.023243792355060577,,0.0009361415286548436,0.01661118119955063,,,,,,,,,,,,,,
10,,12499,,,,,,,,,,2.0954757928848267e-06,,9.71149347606115e-06,,0.2719449996948242,,0.2190590351819992,,0.03015434555709362,,0.0009445174364373088,0.01931430585682392,,,,,,,,,,,,,,
10,,12509,,,,,,,,,,3.958120942115784e-06,,6.954096988920355e-06,,0.23624253273010254,,0.21584562957286835,,0.021461306139826775,,0.0008581596775911748,0.017261577770113945,,,,,,,,,,,,,,
10,,12519,,,,,,,,,,2.7604401111602783e-06,,3.6777594232262345e-06,,0.24892863631248474,,0.23865166306495667,,0.01832459308207035,,0.0010780822485685349,0.020308850333094597,,,,,,,,,,,,,,
10,,12529,,,,,,,,,,2.7138739824295044e-06,,1.6406096392529435e-06,,0.2621017396450043,,0.2227921336889267,,0.0251364354044199,,0.0008757146424613893,0.018674258142709732,,,,,,,,,,,,,,
10,,12539,,,,,,,,,,8.996576070785522e-07,,4.134253231313778e-06,,0.27612951397895813,,0.22294309735298157,,0.02112320251762867,,0.0008193617686629295,0.01866336539387703,,,,,,,,,,,,,,
10,,12549,,,,,,,,,,8.316710591316223e-06,,1.3053083876002347e-06,,0.23947879672050476,,0.20435145497322083,,0.031822968274354935,,0.0015714701730757952,0.020087143406271935,,,,,,,,,,,,,,
10,,12559,,,,,,,,,,5.206093192100525e-06,,3.4924780720757553e-06,,0.30713292956352234,,0.19908979535102844,,0.01913348212838173,,0.000997073482722044,0.016219334676861763,,,,,,,,,,,,,,
10,,12569,,,,,,,,,,2.3655593395233154e-06,,2.8284482596063754e-06,,0.2953556180000305,,0.2097349613904953,,0.017397236078977585,,0.0009660824434831738,0.017948739230632782,,,,,,,,,,,,,,
10,,12579,,,,,,,,,,5.694106221199036e-06,,2.8788358577003237e-06,,0.20113971829414368,,0.20506922900676727,,0.026712119579315186,,0.0012740642996504903,0.017909809947013855,,,,,,,,,,,,,,
10,,12589,,,,,,,,,,1.948326826095581e-06,,8.682072802912444e-06,,0.27846333384513855,,0.21282020211219788,,0.019287461414933205,,0.0005591092631220818,0.016578106209635735,,,,,,,,,,,,,,
10,,12599,,,,,,,,,,1.1855736374855042e-05,,4.23285609940649e-06,,0.27306100726127625,,0.21299931406974792,,0.027206961065530777,,0.0010713564697653055,0.019556857645511627,,,,,,,,,,,,,,
10,,12609,,,,,,,,,,2.259388566017151e-06,,5.01656131746131e-06,,0.23494648933410645,,0.207138329744339,,0.026691727340221405,,0.0010293525410816073,0.01794644072651863,,,,,,,,,,,,,,
10,,12619,,,,,,,,,,1.218169927597046e-06,,4.7853118303464726e-06,,0.29022660851478577,,0.221635103225708,,0.023375947028398514,,0.0012283046962693334,0.018345151096582413,,,,,,,,,,,,,,
10,,12629,,,,,,,,,,3.1534582376480103e-06,,4.60256796941394e-06,,0.35285329818725586,,0.21272875368595123,,0.017748404294252396,,0.0011227465001866221,0.01802908442914486,,,,,,,,,,,,,,
10,,12639,,,,,,,,,,1.0915100574493408e-06,,6.616115570068359e-06,,0.3191469609737396,,0.22867648303508759,,0.020008381456136703,,0.0008115753880701959,0.017884554341435432,,,,,,,,,,,,,,
10,,12649,,,,,,,,,,1.4435499906539917e-06,,9.26293432712555e-06,,0.28024449944496155,,0.21556992828845978,,0.031252894550561905,,0.0011982159921899438,0.020366238430142403,,,,,,,,,,,,,,
10,,12659,,,,,,,,,,3.6600977182388306e-06,,2.510092144802911e-06,,0.2640402019023895,,0.21422216296195984,,0.02266155555844307,,0.0009427019977010787,0.016953030601143837,,,,,,,,,,,,,,
10,,12669,,,,,,,,,,8.791685104370117e-07,,2.2909966901352163e-06,,0.2716330885887146,,0.20626288652420044,,0.024761801585555077,,0.0009541959734633565,0.017961671575903893,,,,,,,,,,,,,,
10,,12679,,,,,,,,,,2.7623027563095093e-06,,5.873373538634041e-06,,0.29433777928352356,,0.20651327073574066,,0.02463323064148426,,0.0012784100836142898,0.018785955384373665,,,,,,,,,,,,,,
10,,12689,,,,,,,,,,7.841736078262329e-07,,3.865518010570668e-06,,0.25120866298675537,,0.19503386318683624,,0.026456616818904877,,0.0013593444600701332,0.018059227615594864,,,,,,,,,,,,,,
10,,12699,,,,,,,,,,5.010515451431274e-07,,3.0723160762136104e-06,,0.25400885939598083,,0.21352529525756836,,0.020788859575986862,,0.0008354592719115317,0.017557362094521523,,,,,,,,,,,,,,
10,,12709,,,,,,,,,,6.351619958877563e-07,,3.2174025363929104e-06,,0.25826263427734375,,0.2401910424232483,,0.031096763908863068,,0.0008807662525214255,0.02049444615840912,,,,,,,,,,,,,,
10,,12719,,,,,,,,,,1.5720725059509277e-06,,2.2563669972441858e-06,,0.3438769578933716,,0.1896388828754425,,0.023633789271116257,,0.001176202204078436,0.018707307055592537,,,,,,,,,,,,,,
10,,12729,,,,,,,,,,2.2165477275848389e-07,,2.5937051759683527e-06,,0.2559853494167328,,0.22657519578933716,,0.02783774770796299,,0.0010753619717434049,0.019532371312379837,,,,,,,,,,,,,,
10,,12739,,,,,,,,,,7.171183824539185e-07,,1.9439805782894837e-06,,0.28550705313682556,,0.20952822268009186,,0.022314418107271194,,0.0011982995783910155,0.018510811030864716,,,,,,,,,,,,,,
10,,12749,,,,,,,,,,3.46451997756958e-07,,1.0495600690774154e-06,,0.2578156292438507,,0.23731835186481476,,0.034318871796131134,,0.0004887634422630072,0.020420469343662262,,,,,,,,,,,,,,
10,,12759,,,,,,,,,,5.103647708892822e-07,,2.0763309294125065e-06,,0.27568408846855164,,0.21290573477745056,,0.031807273626327515,,0.0006189450505189598,0.021393684670329094,,,,,,,,,,,,,,
10,,12769,,,,,,,,,,1.6093254089355469e-06,,4.141103545407532e-06,,0.2501501142978668,,0.19869039952754974,,0.022150542587041855,,0.0010555603075772524,0.016362352296710014,,,,,,,,,,,,,,
10,,12779,,,,,,,,,,6.94766640663147e-07,,2.543131586207892e-06,,0.2867666482925415,,0.20797203481197357,,0.027360619977116585,,0.0009921606397256255,0.02030584216117859,,,,,,,,,,,,,,
10,,12789,,,,,,,,,,3.4794211387634277e-06,,3.051757857974735e-06,,0.29384005069732666,,0.22707584500312805,,0.02800733409821987,,0.000561350432690233,0.018799494951963425,,,,,,,,,,,,,,
10,,12799,,,,,,,,,,5.0477683544158936e-06,,4.758084287459496e-06,,0.25578802824020386,,0.19578364491462708,,0.018649226054549217,,0.0015445438912138343,0.016367794945836067,,,,,,,,,,,,,,
10,,12809,,,,,,,,,,4.0046870708465576e-07,,1.6362533870051266e-06,,0.2747255265712738,,0.21036411821842194,,0.027778906747698784,,0.0015307323774322867,0.019490759819746017,,,,,,,,,,,,,,
10,,12819,,,,,,,,,,2.039596438407898e-06,,8.76775084179826e-06,,0.2119406759738922,,0.1986311972141266,,0.027729477733373642,,0.0008454830385744572,0.01902061328291893,,,,,,,,,,,,,,
10,,12829,,,,,,,,,,1.0691583156585693e-06,,2.199476966779912e-06,,0.2734401524066925,,0.20845282077789307,,0.02756255678832531,,0.0014929741155356169,0.01985231600701809,,,,,,,,,,,,,,
10,,12836,,,,,,,,,,,,,,,,,,,,,,0.9920526742935181,1.0,1.0,0.9212272763252258,0.906151533126831,0.9874566197395325,0.9996382594108582,0.02077324688434601,0.0,1.7881393432617188e-07,0.2961454391479492,0.2507811486721039,0.027119407430291176,0.0006099503370933235
10,,12836,0.993072509765625,1.0,1.0,0.9247240424156189,0.919802188873291,0.9895367622375488,0.999594509601593,0.01877223700284958,5.291711659083376e-06,,6.076541922084289e-06,,0.2781711220741272,,0.2156601995229721,,0.024302393198013306,,0.0010531621519476175,,,,,,,,,,,,,,,,
,0.0002110104964613701,12837,,,,,,,,,,,,,,,,,,,,,,,,,,,,,,,,,,,
11,,12839,,,,,,,,,,1.993030309677124e-06,,1.9242950202169595e-06,,0.2896961271762848,,0.2215726226568222,,0.020554926246404648,,0.0017623142339289188,0.017708836123347282,,,,,,,,,,,,,,
11,,12849,,,,,,,,,,4.824250936508179e-06,,5.114202849654248e-06,,0.2600606679916382,,0.22917258739471436,,0.024604475125670433,,0.0004883235669694841,0.01823379285633564,,,,,,,,,,,,,,
11,,12859,,,,,,,,,,4.855915904045105e-06,,3.0571413844882045e-06,,0.3162165880203247,,0.2054930031299591,,0.02002926915884018,,0.0010154549963772297,0.017372291535139084,,,,,,,,,,,,,,
11,,12869,,,,,,,,,,6.079673767089844e-06,,4.324102064856561e-06,,0.27436357736587524,,0.19825731217861176,,0.02129458636045456,,0.0005457922234199941,0.01610386371612549,,,,,,,,,,,,,,
11,,12879,,,,,,,,,,1.4789402484893799e-06,,6.872553967696149e-06,,0.2611559331417084,,0.208841934800148,,0.026562778279185295,,0.0005809072754345834,0.019352631643414497,,,,,,,,,,,,,,
11,,12889,,,,,,,,,,1.126900315284729e-06,,2.4510256935172947e-06,,0.23469007015228271,,0.2232075035572052,,0.019957320764660835,,0.001565907383337617,0.018160685896873474,,,,,,,,,,,,,,
11,,12899,,,,,,,,,,6.034970283508301e-07,,1.698763844615314e-05,,0.23796360194683075,,0.23697885870933533,,0.02675597183406353,,0.0014890716411173344,0.020971717312932014,,,,,,,,,,,,,,
11,,12909,,,,,,,,,,9.760260581970215e-07,,3.5471105093165534e-06,,0.2504816949367523,,0.2550041377544403,,0.022911448031663895,,0.0023156944662332535,0.021111465990543365,,,,,,,,,,,,,,
11,,12919,,,,,,,,,,5.885958671569824e-07,,5.806193712487584e-06,,0.2663955092430115,,0.21080738306045532,,0.014777730219066143,,0.0007839787285774946,0.01628979481756687,,,,,,,,,,,,,,
11,,12929,,,,,,,,,,4.544854164123535e-07,,1.1121973102490301e-06,,0.2750793397426605,,0.21612705290317535,,0.021342778578400612,,0.0008496902300976217,0.018430322408676147,,,,,,,,,,,,,,
11,,12939,,,,,,,,,,1.346692442893982e-06,,1.0537005437072366e-06,,0.2816270589828491,,0.2230749875307083,,0.03331490978598595,,0.0009470180957578123,0.02186068333685398,,,,,,,,,,,,,,
11,,12949,,,,,,,,,,1.399219036102295e-05,,2.350963541175588e-06,,0.28663042187690735,,0.2340497374534607,,0.020710350945591927,,0.0007268684566952288,0.018883686512708664,,,,,,,,,,,,,,
11,,12959,,,,,,,,,,2.4456530809402466e-06,,7.488261530852469e-07,,0.24102166295051575,,0.19977505505084991,,0.020721353590488434,,0.001445914269424975,0.017463000491261482,,,,,,,,,,,,,,
11,,12969,,,,,,,,,,1.2312084436416626e-06,,1.1212116532988148e-06,,0.28359606862068176,,0.21878446638584137,,0.026615498587489128,,0.0008201663149520755,0.018194060772657394,,,,,,,,,,,,,,
11,,12979,,,,,,,,,,1.1995434761047363e-06,,7.692505278100725e-06,,0.24241159856319427,,0.2204996794462204,,0.021482614800333977,,0.001053307205438614,0.017618071287870407,,,,,,,,,,,,,,
11,,12989,,,,,,,,,,1.0523945093154907e-06,,1.0845708402484888e-06,,0.28070324659347534,,0.19257880747318268,,0.01909404993057251,,0.0007453253492712975,0.015707077458500862,,,,,,,,,,,,,,
11,,12999,,,,,,,,,,2.5425106287002563e-06,,2.8028207452734932e-06,,0.3065659999847412,,0.2213565558195114,,0.025047698989510536,,0.0015117585426196456,0.021296611055731773,,,,,,,,,,,,,,
11,,13009,,,,,,,,,,2.816319465637207e-06,,1.4634842955274507e-06,,0.23213982582092285,,0.20782802999019623,,0.023543326184153557,,0.0006918910657986999,0.017970789223909378,,,,,,,,,,,,,,
11,,13019,,,,,,,,,,1.7173588275909424e-06,,1.8982254914590158e-06,,0.32673171162605286,,0.21535004675388336,,0.026645271107554436,,0.0010344224283471704,0.022042149677872658,,,,,,,,,,,,,,
11,,13029,,,,,,,,,,1.7950311303138733e-05,,2.760961251624394e-06,,0.28711581230163574,,0.2053195983171463,,0.02977987378835678,,0.0008001493406482041,0.01986597292125225,,,,,,,,,,,,,,
11,,13039,,,,,,,,,,7.0426613092422485e-06,,4.340884515841026e-06,,0.263092964887619,,0.23868748545646667,,0.01772662252187729,,0.0010104540269821882,0.018810709938406944,,,,,,,,,,,,,,
11,,13049,,,,,,,,,,4.187971353530884e-05,,1.8030405044555664e-06,,0.27785736322402954,,0.2037293016910553,,0.02371210604906082,,0.0012705394765362144,0.018469098955392838,,,,,,,,,,,,,,
11,,13059,,,,,,,,,,4.906579852104187e-05,,4.6132713578117546e-06,,0.2861219048500061,,0.20161142945289612,,0.025195658206939697,,0.0009541282779537141,0.01819242164492607,,,,,,,,,,,,,,
11,,13069,,,,,,,,,,5.116686224937439e-05,,5.725118171540089e-06,,0.2799292802810669,,0.19529509544372559,,0.03144671395421028,,0.001144783920608461,0.0182100310921669,,,,,,,,,,,,,,
11,,13079,,,,,,,,,,5.904771387577057e-05,,1.0641745575412642e-05,,0.3084827959537506,,0.18994738161563873,,0.015356519259512424,,0.00043280250974930823,0.014978769235312939,,,,,,,,,,,,,,
11,,13089,,,,,,,,,,3.086775541305542e-05,,8.140105819620658e-06,,0.24519260227680206,,0.2355457842350006,,0.025978831574320793,,0.0014925756258890033,0.019172953441739082,,,,,,,,,,,,,,
11,,13099,,,,,,,,,,3.3427029848098755e-05,,5.8359273680252954e-06,,0.28988516330718994,,0.2005327343940735,,0.03007657080888748,,0.0015649618580937386,0.019252490252256393,,,,,,,,,,,,,,
11,,13109,,,,,,,,,,5.4817646741867065e-06,,4.5928086365165655e-06,,0.2619951665401459,,0.23602603375911713,,0.023912357166409492,,0.0005951096536591649,0.01920188032090664,,,,,,,,,,,,,,
11,,13119,,,,,,,,,,5.5674463510513306e-06,,2.3096799850463867e-06,,0.2462315559387207,,0.22939401865005493,,0.024321356788277626,,0.0008370153373107314,0.01940544880926609,,,,,,,,,,,,,,
11,,13129,,,,,,,,,,6.677582859992981e-06,,5.334456545824651e-06,,0.29463011026382446,,0.22140471637248993,,0.016412023454904556,,0.000687512569129467,0.018172889947891235,,,,,,,,,,,,,,
11,,13139,,,,,,,,,,2.5872141122817993e-06,,2.731931090238504e-06,,0.2654334604740143,,0.2123439460992813,,0.02074490301311016,,0.0008220816380344331,0.019967522472143173,,,,,,,,,,,,,,
11,,13149,,,,,,,,,,2.6673078536987305e-06,,1.8976019191541127e-06,,0.275494247674942,,0.22540001571178436,,0.026069166138768196,,0.000655235315207392,0.019039813429117203,,,,,,,,,,,,,,
11,,13159,,,,,,,,,,1.2423843145370483e-06,,2.2076271761761745e-06,,0.2638048529624939,,0.2184070348739624,,0.01592893712222576,,0.0013524050591513515,0.017604079097509384,,,,,,,,,,,,,,
11,,13169,,,,,,,,,,2.4382025003433228e-06,,2.7298926852381555e-06,,0.24698029458522797,,0.21248285472393036,,0.02220851182937622,,0.0005348724080249667,0.017973914742469788,,,,,,,,,,,,,,
11,,13179,,,,,,,,,,1.8402934074401855e-06,,3.6251544770493638e-06,,0.2620745599269867,,0.2423972636461258,,0.024453360587358475,,0.0009426195756532252,0.020720744505524635,,,,,,,,,,,,,,
11,,13189,,,,,,,,,,9.683892130851746e-06,,7.84484018367948e-06,,0.30405735969543457,,0.21086518466472626,,0.0264056958258152,,0.0003850563080050051,0.019535822793841362,,,,,,,,,,,,,,
11,,13199,,,,,,,,,,2.2780150175094604e-06,,7.286121672223089e-06,,0.3010726273059845,,0.20057542622089386,,0.01864524558186531,,0.0008550190250389278,0.01683146506547928,,,,,,,,,,,,,,
11,,13209,,,,,,,,,,8.475035429000854e-07,,2.110652349074371e-05,,0.29729941487312317,,0.20457851886749268,,0.022741276770830154,,0.0008202578173950315,0.01918565295636654,,,,,,,,,,,,,,
11,,13219,,,,,,,,,,1.4957040548324585e-06,,3.152053523081122e-06,,0.2766907215118408,,0.19574569165706635,,0.02067769505083561,,0.0009051786037161946,0.01736348681151867,,,,,,,,,,,,,,
11,,13229,,,,,,,,,,2.173706889152527e-06,,2.617531663418049e-06,,0.31079503893852234,,0.2127920687198639,,0.024801993742585182,,0.0009114060085266829,0.017996730282902718,,,,,,,,,,,,,,
11,,13239,,,,,,,,,,2.553686499595642e-06,,1.9381334368517855e-06,,0.27525144815444946,,0.21316573023796082,,0.020407769829034805,,0.0007500019855797291,0.017541682347655296,,,,,,,,,,,,,,
11,,13249,,,,,,,,,,3.2242387533187866e-06,,6.723160822730279e-06,,0.26470470428466797,,0.22850409150123596,,0.022232746705412865,,0.0006957826553843915,0.016417257487773895,,,,,,,,,,,,,,
11,,13259,,,,,,,,,,3.727152943611145e-06,,2.5558222205290804e-06,,0.2921088933944702,,0.18755364418029785,,0.024887526407837868,,0.0008393367170356214,0.01700667105615139,,,,,,,,,,,,,,
11,,13269,,,,,,,,,,9.10833477973938e-07,,5.358999260351993e-05,,0.33027926087379456,,0.23022706806659698,,0.024676065891981125,,0.0005029714084230363,0.018879026174545288,,,,,,,,,,,,,,
11,,13279,,,,,,,,,,2.8759241104125977e-06,,7.420610018016305e-06,,0.26660847663879395,,0.2119034081697464,,0.028347333893179893,,0.0009553037816658616,0.017857322469353676,,,,,,,,,,,,,,
11,,13289,,,,,,,,,,1.778826117515564e-06,,3.7210327263892395e-06,,0.3008823096752167,,0.22294677793979645,,0.015295786783099174,,0.0006207125261425972,0.018378915265202522,,,,,,,,,,,,,,
11,,13299,,,,,,,,,,8.288770914077759e-07,,2.3891270757303573e-06,,0.2322164922952652,,0.21991591155529022,,0.025435343384742737,,0.0006278174696490169,0.019259486347436905,,,,,,,,,,,,,,
11,,13309,,,,,,,,,,9.55536961555481e-07,,9.313144801126327e-06,,0.31719714403152466,,0.22442719340324402,,0.023564569652080536,,0.0010931240394711494,0.01873168908059597,,,,,,,,,,,,,,
11,,13319,,,,,,,,,,4.6156346797943115e-06,,8.747691026655957e-06,,0.2874992787837982,,0.21062569320201874,,0.020217522978782654,,0.0008905893773771822,0.017443999648094177,,,,,,,,,,,,,,
11,,13329,,,,,,,,,,1.0691583156585693e-06,,8.292850907309912e-06,,0.23566994071006775,,0.22583012282848358,,0.027807623147964478,,0.000869627867359668,0.02053181268274784,,,,,,,,,,,,,,
11,,13339,,,,,,,,,,4.4517219066619873e-07,,4.423989139468176e-06,,0.28234580159187317,,0.21646802127361298,,0.016505524516105652,,0.000884378096088767,0.01756376028060913,,,,,,,,,,,,,,
11,,13349,,,,,,,,,,1.8868595361709595e-06,,3.7237398373690667e-06,,0.28256601095199585,,0.2187166064977646,,0.024264033883810043,,0.0006068471120670438,0.018234631046652794,,,,,,,,,,,,,,
11,,13359,,,,,,,,,,1.0151416063308716e-06,,3.231963546568295e-06,,0.21653614938259125,,0.2222115397453308,,0.030820438638329506,,0.0013974430039525032,0.019443705677986145,,,,,,,,,,,,,,
11,,13369,,,,,,,,,,3.160908818244934e-06,,1.888275164674269e-06,,0.3325710594654083,,0.21771201491355896,,0.023695824667811394,,0.0018335804343223572,0.018884481862187386,,,,,,,,,,,,,,
11,,13379,,,,,,,,,,1.123175024986267e-06,,1.392866465721454e-06,,0.27444183826446533,,0.19262577593326569,,0.020143743604421616,,0.000748327758628875,0.01662657968699932,,,,,,,,,,,,,,
11,,13389,,,,,,,,,,3.112480044364929e-06,,1.4051062180442386e-06,,0.24517680704593658,,0.22614429891109467,,0.0191373098641634,,0.0006623149965889752,0.01844937354326248,,,,,,,,,,,,,,
11,,13399,,,,,,,,,,6.258487701416016e-07,,1.0588196346361656e-06,,0.20937716960906982,,0.2245788723230362,,0.023076526820659637,,0.0008295521838590503,0.01831190101802349,,,,,,,,,,,,,,
11,,13409,,,,,,,,,,6.984919309616089e-07,,1.1597446700761793e-06,,0.2050551176071167,,0.2599506080150604,,0.02268363907933235,,0.0007863782811909914,0.018838565796613693,,,,,,,,,,,,,,
11,,13419,,,,,,,,,,1.8104910850524902e-06,,1.4910523304934031e-06,,0.26089879870414734,,0.19911178946495056,,0.01957962103188038,,0.0007748583448119462,0.01560576818883419,,,,,,,,,,,,,,
11,,13429,,,,,,,,,,1.1604279279708862e-06,,3.4640816011233255e-06,,0.2837645411491394,,0.22860528528690338,,0.02797774039208889,,0.0009054823312908411,0.019763991236686707,,,,,,,,,,,,,,
11,,13439,,,,,,,,,,2.820044755935669e-06,,4.594754045683658e-06,,0.2777547836303711,,0.2302751988172531,,0.03115391544997692,,0.0010856804437935352,0.019527390599250793,,,,,,,,,,,,,,
11,,13449,,,,,,,,,,2.862885594367981e-06,,5.409958703239681e-06,,0.29779523611068726,,0.23006632924079895,,0.023530449718236923,,0.0006820592097938061,0.0192982479929924,,,,,,,,,,,,,,
11,,13459,,,,,,,,,,7.655471563339233e-07,,3.232884864701191e-06,,0.3051014542579651,,0.21103130280971527,,0.020177165046334267,,0.0005834827898070216,0.018705474212765694,,,,,,,,,,,,,,
11,,13469,,,,,,,,,,1.5348196029663086e-06,,1.8730599549598992e-05,,0.22174255549907684,,0.24146032333374023,,0.025819193571805954,,0.0008665538625791669,0.019616585224866867,,,,,,,,,,,,,,
11,,13479,,,,,,,,,,2.434477210044861e-06,,1.7733153072185814e-05,,0.21989016234874725,,0.23865851759910583,,0.0233830027282238,,0.0006996534066274762,0.019237518310546875,,,,,,,,,,,,,,
11,,13489,,,,,,,,,,2.8461217880249023e-06,,7.0865435191080905e-06,,0.32123255729675293,,0.21639707684516907,,0.019987083971500397,,0.000679129152558744,0.0171664971858263,,,,,,,,,,,,,,
11,,13499,,,,,,,,,,4.302710294723511e-06,,2.519247345844633e-06,,0.2864016592502594,,0.21766634285449982,,0.016269318759441376,,0.0005381683586165309,0.017185889184474945,,,,,,,,,,,,,,
11,,13509,,,,,,,,,,4.958361387252808e-06,,4.361225819593528e-06,,0.31412264704704285,,0.20990607142448425,,0.021712666377425194,,0.0003727383154910058,0.0163594800978899,,,,,,,,,,,,,,
11,,13519,,,,,,,,,,4.3977051973342896e-06,,4.8838746806723066e-06,,0.27075842022895813,,0.2263411432504654,,0.01742580346763134,,0.0005999834975227714,0.016661809757351875,,,,,,,,,,,,,,
11,,13529,,,,,,,,,,8.996576070785522e-07,,2.4407493128819624e-06,,0.2738235592842102,,0.2183273732662201,,0.021100979298353195,,0.0007897608447819948,0.01888972893357277,,,,,,,,,,,,,,
11,,13539,,,,,,,,,,5.010515451431274e-07,,2.5576260668458417e-05,,0.3076184391975403,,0.23030485212802887,,0.01564030349254608,,0.0008219629526138306,0.018058668822050095,,,,,,,,,,,,,,
11,,13549,,,,,,,,,,9.834766387939453e-07,,1.9061384364249534e-06,,0.29073938727378845,,0.20331843197345734,,0.0385218970477581,,0.0008177938289009035,0.020514704287052155,,,,,,,,,,,,,,
11,,13559,,,,,,,,,,6.277114152908325e-07,,1.596119545865804e-06,,0.24535788595676422,,0.22903317213058472,,0.018984131515026093,,0.0016948410775512457,0.019731950014829636,,,,,,,,,,,,,,
11,,13569,,,,,,,,,,9.723007678985596e-07,,2.4261523776658578e-06,,0.27117037773132324,,0.21933019161224365,,0.020530052483081818,,0.0010874392464756966,0.0192900151014328,,,,,,,,,,,,,,
11,,13579,,,,,,,,,,3.371387720108032e-07,,2.3675520424149e-06,,0.29936841130256653,,0.2113322615623474,,0.018464287742972374,,0.0007959747454151511,0.01659846119582653,,,,,,,,,,,,,,
11,,13589,,,,,,,,,,3.6135315895080566e-07,,1.9727842754946323e-06,,0.2965526878833771,,0.22515882551670074,,0.01916360855102539,,0.0009306180872954428,0.017514722421765327,,,,,,,,,,,,,,
11,,13599,,,,,,,,,,9.480863809585571e-07,,1.1726430102498853e-06,,0.2579540014266968,,0.20941457152366638,,0.0197838693857193,,0.0007670957711525261,0.017728745937347412,,,,,,,,,,,,,,
11,,13609,,,,,,,,,,4.3585896492004395e-07,,2.987841298818239e-06,,0.28844788670539856,,0.21974405646324158,,0.02083420753479004,,0.0007670173072256148,0.017822617664933205,,,,,,,,,,,,,,
11,,13619,,,,,,,,,,8.773058652877808e-07,,2.0682812191807898e-06,,0.27936556935310364,,0.18859650194644928,,0.018554769456386566,,0.0008238026639446616,0.01530489418655634,,,,,,,,,,,,,,
11,,13629,,,,,,,,,,1.1906027793884277e-05,,6.537437457154738e-06,,0.28636372089385986,,0.23514321446418762,,0.022830655798316002,,0.0007273691589944065,0.020548349246382713,,,,,,,,,,,,,,
11,,13639,,,,,,,,,,6.295740604400635e-07,,1.5182627976173535e-05,,0.24332574009895325,,0.22849349677562714,,0.022984305396676064,,0.00044600621913559735,0.017374781891703606,,,,,,,,,,,,,,
11,,13649,,,,,,,,,,1.0281801223754883e-06,,6.529673100885702e-06,,0.25622808933258057,,0.2611607611179352,,0.019264835864305496,,0.0009831757051870227,0.0211523175239563,,,,,,,,,,,,,,
11,,13659,,,,,,,,,,1.0114163160324097e-06,,4.996235020371387e-06,,0.29380863904953003,,0.2124878615140915,,0.023146364837884903,,0.0012292369501665235,0.017437594011425972,,,,,,,,,,,,,,
11,,13669,,,,,,,,,,5.252659320831299e-07,,1.956469986907905e-06,,0.265764445066452,,0.24331754446029663,,0.01820005103945732,,0.001121495384722948,0.019737280905246735,,,,,,,,,,,,,,
11,,13679,,,,,,,,,,1.8440186977386475e-07,,1.4120245168669499e-06,,0.2891097962856293,,0.2177717238664627,,0.027387350797653198,,0.0010306737385690212,0.019773315638303757,,,,,,,,,,,,,,
11,,13689,,,,,,,,,,3.077089786529541e-06,,1.8202856608695583e-06,,0.3074791133403778,,0.21555635333061218,,0.023991230875253677,,0.0007563814288005233,0.01926816999912262,,,,,,,,,,,,,,
11,,13699,,,,,,,,,,5.6996941566467285e-06,,3.1324832434620475e-06,,0.24456003308296204,,0.2244756668806076,,0.04649617522954941,,0.001018374226987362,0.022725287824869156,,,,,,,,,,,,,,
11,,13709,,,,,,,,,,1.3597309589385986e-06,,6.375160410243552e-06,,0.2690787613391876,,0.22841894626617432,,0.02854955941438675,,0.0009305720450356603,0.018805241212248802,,,,,,,,,,,,,,
11,,13719,,,,,,,,,,4.205852746963501e-06,,6.276922249526251e-06,,0.2694830596446991,,0.22522994875907898,,0.02817440778017044,,0.0007313459645956755,0.0216301828622818,,,,,,,,,,,,,,
11,,13729,,,,,,,,,,9.499490261077881e-07,,1.6740573300921824e-06,,0.2902321219444275,,0.22366543114185333,,0.01901419088244438,,0.0006250492297112942,0.018652288243174553,,,,,,,,,,,,,,
11,,13739,,,,,,,,,,2.4493783712387085e-06,,3.9473557080782484e-06,,0.2587836980819702,,0.20120568573474884,,0.032271020114421844,,0.0007455890299752355,0.01871166005730629,,,,,,,,,,,,,,
11,,13749,,,,,,,,,,5.438923835754395e-07,,2.759226163107087e-06,,0.3117741644382477,,0.21363839507102966,,0.030576158314943314,,0.0009890495566651225,0.019941676408052444,,,,,,,,,,,,,,
11,,13759,,,,,,,,,,6.407499313354492e-07,,4.799095449925517e-07,,0.3236619830131531,,0.22042998671531677,,0.01634792611002922,,0.0013645297149196267,0.018170729279518127,,,,,,,,,,,,,,
11,,13769,,,,,,,,,,6.761401891708374e-07,,3.5485418266034685e-06,,0.2973356246948242,,0.20402196049690247,,0.021578900516033173,,0.0009475809638388455,0.018603302538394928,,,,,,,,,,,,,,
11,,13779,,,,,,,,,,5.401670932769775e-07,,7.82896961482038e-07,,0.3030078113079071,,0.20376694202423096,,0.022525455802679062,,0.0005804169923067093,0.016804194077849388,,,,,,,,,,,,,,
11,,13789,,,,,,,,,,1.5553086996078491e-06,,6.997907462391595e-07,,0.24174168705940247,,0.239083394408226,,0.027765639126300812,,0.0007163254776969552,0.01972631923854351,,,,,,,,,,,,,,
11,,13799,,,,,,,,,,1.1939555406570435e-06,,1.990605824175873e-06,,0.2087298333644867,,0.22586023807525635,,0.024012748152017593,,0.0008002720423974097,0.01904662325978279,,,,,,,,,,,,,,
11,,13809,,,,,,,,,,1.8067657947540283e-06,,2.0031068288517417e-06,,0.3124881982803345,,0.19573800265789032,,0.02586665190756321,,0.0006492435350082815,0.01878022961318493,,,,,,,,,,,,,,
11,,13819,,,,,,,,,,1.6614794731140137e-06,,1.5792220438015647e-06,,0.23565980792045593,,0.20864298939704895,,0.030980287119746208,,0.000956199481151998,0.019998831674456596,,,,,,,,,,,,,,
11,,13829,,,,,,,,,,1.0784715414047241e-06,,9.341428608422575e-07,,0.25187742710113525,,0.2163175493478775,,0.025005020201206207,,0.0009525620844215155,0.020564205944538116,,,,,,,,,,,,,,
11,,13839,,,,,,,,,,6.1783939599990845e-06,,1.5169845255513792e-06,,0.30934515595436096,,0.2187710404396057,,0.01927187107503414,,0.000657121476251632,0.017236022278666496,,,,,,,,,,,,,,
11,,13849,,,,,,,,,,6.48200511932373e-07,,4.822251753466844e-07,,0.3172423541545868,,0.20682621002197266,,0.028671707957983017,,0.0006646117544732988,0.01921166107058525,,,,,,,,,,,,,,
11,,13859,,,,,,,,,,1.1883676052093506e-06,,2.487872961864923e-06,,0.309041827917099,,0.22907373309135437,,0.024791821837425232,,0.001221087179146707,0.02019328624010086,,,,,,,,,,,,,,
11,,13869,,,,,,,,,,1.7136335372924805e-06,,5.31556167970848e-07,,0.2825359106063843,,0.20970934629440308,,0.02140221931040287,,0.0007969515863806009,0.01753448322415352,,,,,,,,,,,,,,
11,,13879,,,,,,,,,,7.972121238708496e-07,,2.5189171992678894e-06,,0.2880730926990509,,0.23328903317451477,,0.02315065823495388,,0.0011131290812045336,0.019519859924912453,,,,,,,,,,,,,,
11,,13889,,,,,,,,,,5.885958671569824e-07,,1.3082611758363782e-06,,0.2912028729915619,,0.2273615300655365,,0.025766782462596893,,0.0014789639972150326,0.02107607014477253,,,,,,,,,,,,,,
11,,13899,,,,,,,,,,1.4174729585647583e-06,,8.548644814254658e-07,,0.26819300651550293,,0.2308446615934372,,0.02060290239751339,,0.0006585759692825377,0.018991420045495033,,,,,,,,,,,,,,
11,,13909,,,,,,,,,,8.21426510810852e-07,,1.3400347143033287e-06,,0.26725471019744873,,0.20428872108459473,,0.01651633344590664,,0.001144689624197781,0.01573137380182743,,,,,,,,,,,,,,
11,,13919,,,,,,,,,,1.1790543794631958e-06,,6.020391083438881e-06,,0.3091929256916046,,0.2354835718870163,,0.021052764728665352,,0.0009702070965431631,0.020240239799022675,,,,,,,,,,,,,,
11,,13929,,,,,,,,,,3.688037395477295e-07,,7.378644113487098e-07,,0.3099120259284973,,0.1922740936279297,,0.02435549534857273,,0.0012196556199342012,0.01935493014752865,,,,,,,,,,,,,,
11,,13939,,,,,,,,,,1.1511147022247314e-06,,2.1387550077633932e-06,,0.2846372127532959,,0.2122352123260498,,0.02185017243027687,,0.0007177448133006692,0.018581373617053032,,,,,,,,,,,,,,
11,,13949,,,,,,,,,,1.087784767150879e-06,,2.0544975996017456e-06,,0.29552173614501953,,0.21692636609077454,,0.021914860233664513,,0.0016795785631984472,0.017430739477276802,,,,,,,,,,,,,,
11,,13959,,,,,,,,,,1.6745179891586304e-06,,4.71568228022079e-06,,0.30710238218307495,,0.21784190833568573,,0.027100486680865288,,0.0008652200922369957,0.019865602254867554,,,,,,,,,,,,,,
11,,13969,,,,,,,,,,4.14624810218811e-06,,3.073805146414088e-06,,0.2651994824409485,,0.2237173467874527,,0.021038159728050232,,0.0009672953747212887,0.017906662076711655,,,,,,,,,,,,,,
11,,13979,,,,,,,,,,8.458271622657776e-06,,2.8636286515393294e-06,,0.33275166153907776,,0.2241823524236679,,0.016966575756669044,,0.0010513275628909469,0.01877789944410324,,,,,,,,,,,,,,
11,,13989,,,,,,,,,,2.8479844331741333e-06,,2.1879118321521673e-06,,0.30450189113616943,,0.2239127904176712,,0.02319108135998249,,0.0006423157174140215,0.01881709322333336,,,,,,,,,,,,,,
11,,13999,,,,,,,,,,9.836629033088684e-06,,2.2758138129574945e-06,,0.2910118103027344,,0.2504413425922394,,0.022651635110378265,,0.0011068254243582487,0.02063564956188202,,,,,,,,,,,,,,
11,,14003,,,,,,,,,,,,,,,,,,,,,,0.9922008514404297,1.0,1.0,0.9212272763252258,0.9070946574211121,0.9879361391067505,0.9996567368507385,0.020462265238165855,0.0,5.960464477539063e-08,0.29372653365135193,0.24984858930110931,0.025752592831850052,0.0006331991171464324
11,,14003,0.9931533932685852,1.0,1.0,0.9245908260345459,0.9197958111763,0.9898731708526611,0.9996201992034912,0.01844034530222416,4.7225726120814215e-06,,4.862929017690476e-06,,0.2784244120121002,,0.21469305455684662,,0.023206345736980438,,0.0009505844209343195,,,,,,,,,,,,,,,,
,0.00019635254915624216,14004,,,,,,,,,,,,,,,,,,,,,,,,,,,,,,,,,,,
12,,14009,,,,,,,,,,1.000240445137024e-06,,1.6626858041490777e-06,,0.24603407084941864,,0.19830957055091858,,0.024286868050694466,,0.0007062037475407124,0.01616585999727249,,,,,,,,,,,,,,
12,,14019,,,,,,,,,,4.461035132408142e-06,,1.931573024194222e-06,,0.2536888122558594,,0.21872328221797943,,0.016622712835669518,,0.0008404276450164616,0.015943361446261406,,,,,,,,,,,,,,
12,,14029,,,,,,,,,,1.607462763786316e-06,,6.914683763170615e-05,,0.3331320583820343,,0.23966607451438904,,0.019786329939961433,,0.0006816232926212251,0.019522657617926598,,,,,,,,,,,,,,
12,,14039,,,,,,,,,,2.853572368621826e-06,,5.4836272056491e-07,,0.30624833703041077,,0.2305796593427658,,0.024070633575320244,,0.0013207426527515054,0.019806480035185814,,,,,,,,,,,,,,
12,,14049,,,,,,,,,,5.671754479408264e-06,,2.0327026959421346e-06,,0.3238564729690552,,0.21838606894016266,,0.021002525463700294,,0.0005238246521912515,0.019160926342010498,,,,,,,,,,,,,,
12,,14059,,,,,,,,,,5.438923835754395e-07,,3.214115622540703e-06,,0.288562148809433,,0.20846986770629883,,0.024705907329916954,,0.0006316708168014884,0.01943107321858406,,,,,,,,,,,,,,
12,,14069,,,,,,,,,,6.966292858123779e-07,,1.786753159649379e-06,,0.2390008121728897,,0.2227637618780136,,0.018437208607792854,,0.0003975408908445388,0.017203811556100845,,,,,,,,,,,,,,
12,,14079,,,,,,,,,,1.2349337339401245e-06,,6.628285973420134e-07,,0.3052326440811157,,0.21396538615226746,,0.03469064459204674,,0.0007353796390816569,0.021349331364035606,,,,,,,,,,,,,,
12,,14089,,,,,,,,,,1.600012183189392e-06,,7.139669833122753e-07,,0.2890647351741791,,0.1926630735397339,,0.026180898770689964,,0.0011583745945245028,0.01735280640423298,,,,,,,,,,,,,,
12,,14099,,,,,,,,,,2.076849341392517e-06,,6.693035743410292e-07,,0.2745512127876282,,0.18903785943984985,,0.017146186903119087,,0.0006610004929825664,0.015280265361070633,,,,,,,,,,,,,,
12,,14109,,,,,,,,,,1.1138617992401123e-06,,1.042159510689089e-06,,0.2722589373588562,,0.20665845274925232,,0.023391349241137505,,0.000811689649708569,0.01702401414513588,,,,,,,,,,,,,,
12,,14119,,,,,,,,,,1.9855797290802e-06,,4.238552548940788e-07,,0.271290123462677,,0.20578846335411072,,0.022480489686131477,,0.0013935924507677555,0.01925426721572876,,,,,,,,,,,,,,
12,,14129,,,,,,,,,,4.760921001434326e-06,,6.135574039944913e-07,,0.25662699341773987,,0.21874381601810455,,0.028767285868525505,,0.000920501013752073,0.018835753202438354,,,,,,,,,,,,,,
12,,14139,,,,,,,,,,1.4938414096832275e-06,,5.01341276049061e-07,,0.29666846990585327,,0.20869114995002747,,0.02204442396759987,,0.0011290949769318104,0.018575025722384453,,,,,,,,,,,,,,
12,,14149,,,,,,,,,,1.4416873455047607e-06,,1.067381617758656e-06,,0.25271207094192505,,0.1966647505760193,,0.021497603505849838,,0.0009762047557160258,0.01787310093641281,,,,,,,,,,,,,,
12,,14159,,,,,,,,,,5.822628736495972e-06,,3.7415591123135528e-06,,0.2582935094833374,,0.1998741179704666,,0.02362794801592827,,0.0007172399200499058,0.01820906437933445,,,,,,,,,,,,,,
12,,14169,,,,,,,,,,1.650303602218628e-06,,1.192723630083492e-06,,0.2288808822631836,,0.22411979734897614,,0.028103040531277657,,0.0005766769754700363,0.019431574270129204,,,,,,,,,,,,,,
12,,14179,,,,,,,,,,2.0507723093032837e-06,,1.2658890682359925e-06,,0.31369149684906006,,0.19207876920700073,,0.021819014102220535,,0.0011130530619993806,0.017980379983782768,,,,,,,,,,,,,,
12,,14189,,,,,,,,,,2.182088792324066e-05,,1.433175384590868e-06,,0.26484063267707825,,0.2484036535024643,,0.02382749132812023,,0.00044660750427283347,0.01924361102283001,,,,,,,,,,,,,,
12,,14199,,,,,,,,,,4.218891263008118e-06,,3.0175267511367565e-06,,0.309118390083313,,0.20935136079788208,,0.01745288446545601,,0.0012731769820675254,0.01827061176300049,,,,,,,,,,,,,,
12,,14209,,,,,,,,,,3.4831464290618896e-06,,1.7294612462137593e-06,,0.2653927803039551,,0.23496878147125244,,0.02249343879520893,,0.000913142750505358,0.018527504056692123,,,,,,,,,,,,,,
12,,14219,,,,,,,,,,3.5800039768218994e-06,,1.7248718222617754e-06,,0.276795893907547,,0.19615201652050018,,0.01879875920712948,,0.0007137777865864336,0.01646004058420658,,,,,,,,,,,,,,
12,,14229,,,,,,,,,,5.5301934480667114e-06,,2.1265398117975565e-06,,0.29961851239204407,,0.23823197185993195,,0.018106991425156593,,0.0007359624723903835,0.01913229376077652,,,,,,,,,,,,,,
12,,14239,,,,,,,,,,3.7830322980880737e-06,,9.543593932903605e-07,,0.25646182894706726,,0.20366770029067993,,0.027661466971039772,,0.0003957365406677127,0.01827455312013626,,,,,,,,,,,,,,
12,,14249,,,,,,,,,,1.6205012798309326e-06,,7.849141638871515e-07,,0.25079336762428284,,0.2307647466659546,,0.016238557174801826,,0.00044261719449423254,0.018453530967235565,,,,,,,,,,,,,,
12,,14259,,,,,,,,,,1.3522803783416748e-06,,1.6713023569536745e-06,,0.2625903785228729,,0.20792940258979797,,0.02313818596303463,,0.0003828499757219106,0.01794162578880787,,,,,,,,,,,,,,
12,,14269,,,,,,,,,,1.3746321201324463e-06,,1.7773597846826306e-06,,0.2892993092536926,,0.20522315800189972,,0.024014737457036972,,0.000506246869917959,0.017370525747537613,,,,,,,,,,,,,,
12,,14279,,,,,,,,,,1.775100827217102e-06,,1.9655985852296e-06,,0.2720644176006317,,0.2124527394771576,,0.01867317408323288,,0.0010459768818691373,0.016357677057385445,,,,,,,,,,,,,,
12,,14289,,,,,,,,,,3.8351863622665405e-06,,9.439923474019452e-07,,0.28580978512763977,,0.1833622306585312,,0.024409094825387,,0.0009305917774327099,0.017828593030571938,,,,,,,,,,,,,,
12,,14299,,,,,,,,,,1.4416873455047607e-06,,9.518403203401249e-07,,0.2970985472202301,,0.1955593228340149,,0.021650061011314392,,0.00037603723467327654,0.015087218023836613,,,,,,,,,,,,,,
12,,14309,,,,,,,,,,1.8831342458724976e-06,,1.1299786137897172e-06,,0.20994071662425995,,0.2251259833574295,,0.025729913264513016,,0.0017162658041343093,0.01909835822880268,,,,,,,,,,,,,,
12,,14319,,,,,,,,,,5.755573511123657e-06,,7.839306590540218e-07,,0.24199703335762024,,0.20288299024105072,,0.026129595935344696,,0.0018951685633510351,0.019504688680171967,,,,,,,,,,,,,,
12,,14329,,,,,,,,,,2.074986696243286e-06,,2.198245283580036e-06,,0.2953168451786041,,0.19678325951099396,,0.024479415267705917,,0.0005223701591603458,0.016403809189796448,,,,,,,,,,,,,,
12,,14339,,,,,,,,,,7.76536762714386e-06,,1.0536776926528546e-06,,0.32152485847473145,,0.20677608251571655,,0.013443666510283947,,0.0010950115974992514,0.0162490401417017,,,,,,,,,,,,,,
12,,14349,,,,,,,,,,6.206333637237549e-06,,1.1966035344812553e-06,,0.2880201041698456,,0.19609610736370087,,0.02359812706708908,,0.0008870098390616477,0.018750721588730812,,,,,,,,,,,,,,
12,,14359,,,,,,,,,,3.078952431678772e-06,,2.292335921083577e-06,,0.2719162404537201,,0.19181668758392334,,0.021318649873137474,,0.001020579133182764,0.0167239960283041,,,,,,,,,,,,,,
12,,14369,,,,,,,,,,5.895271897315979e-06,,1.6317166000590078e-06,,0.2547244131565094,,0.22830523550510406,,0.020487356930971146,,0.0014392213197425008,0.01838826760649681,,,,,,,,,,,,,,
12,,14379,,,,,,,,,,1.3049691915512085e-05,,1.6140003253894974e-06,,0.2824859023094177,,0.21896588802337646,,0.022712020203471184,,0.0006835660897195339,0.01899176649749279,,,,,,,,,,,,,,
12,,14389,,,,,,,,,,6.485730409622192e-06,,3.763099130082992e-06,,0.24064938724040985,,0.23595000803470612,,0.01871594786643982,,0.0006753867492079735,0.017072489485144615,,,,,,,,,,,,,,
12,,14399,,,,,,,,,,1.9688159227371216e-06,,1.5578344800815103e-06,,0.2982001006603241,,0.211014062166214,,0.01998303271830082,,0.0010137384524568915,0.016657482832670212,,,,,,,,,,,,,,
12,,14409,,,,,,,,,,1.210719347000122e-06,,1.6747609379308415e-06,,0.2977125942707062,,0.1925194263458252,,0.0203141737729311,,0.0006539439782500267,0.01769254356622696,,,,,,,,,,,,,,
12,,14419,,,,,,,,,,2.29664146900177e-06,,2.4022479010454845e-06,,0.30738720297813416,,0.22103703022003174,,0.022803783416748047,,0.0007272468646988273,0.02031598798930645,,,,,,,,,,,,,,
12,,14429,,,,,,,,,,9.220093488693237e-07,,3.405887127883034e-06,,0.2944154143333435,,0.22206108272075653,,0.02674250863492489,,0.00038421747740358114,0.019654041156172752,,,,,,,,,,,,,,
12,,14439,,,,,,,,,,1.9185245037078857e-06,,3.978129370807437e-06,,0.2586505711078644,,0.21031996607780457,,0.020082401111721992,,0.0008212696993723512,0.017192967236042023,,,,,,,,,,,,,,
12,,14449,,,,,,,,,,2.2780150175094604e-06,,1.9014211147805327e-06,,0.2973901629447937,,0.22004374861717224,,0.019724903628230095,,0.0008534571970812976,0.01778339594602585,,,,,,,,,,,,,,
12,,14459,,,,,,,,,,2.3525208234786987e-06,,1.6701653748896206e-06,,0.279779851436615,,0.2084077000617981,,0.0320570208132267,,0.0005083411233499646,0.019490154460072517,,,,,,,,,,,,,,
12,,14469,,,,,,,,,,2.8945505619049072e-06,,3.633346977949259e-06,,0.24257619678974152,,0.2155434787273407,,0.029407834634184837,,0.0018300003139302135,0.021057790145277977,,,,,,,,,,,,,,
12,,14479,,,,,,,,,,2.6188790798187256e-06,,2.1575028767983895e-06,,0.3252875506877899,,0.18335378170013428,,0.020650342106819153,,0.0009382746648043394,0.016488531604409218,,,,,,,,,,,,,,
12,,14489,,,,,,,,,,4.084780812263489e-06,,2.942038918263279e-06,,0.30745729804039,,0.21583262085914612,,0.024781493470072746,,0.0009488720097579062,0.019783534109592438,,,,,,,,,,,,,,
12,,14499,,,,,,,,,,4.092231392860413e-06,,2.7624100766843185e-06,,0.2966979146003723,,0.2137313187122345,,0.023778414353728294,,0.0014446228742599487,0.01812174916267395,,,,,,,,,,,,,,
12,,14509,,,,,,,,,,4.6603381633758545e-06,,4.023154360766057e-06,,0.24607375264167786,,0.1970810443162918,,0.01464414969086647,,0.0004949955618940294,0.014580666087567806,,,,,,,,,,,,,,
12,,14519,,,,,,,,,,2.4886801838874817e-05,,3.6942715269105975e-06,,0.28611424565315247,,0.2087760865688324,,0.02238842286169529,,0.0004872922436334193,0.018027523532509804,,,,,,,,,,,,,,
12,,14529,,,,,,,,,,4.6137720346450806e-06,,4.181109034107067e-06,,0.33204174041748047,,0.20198561251163483,,0.01878431998193264,,0.0009396630339324474,0.016404995694756508,,,,,,,,,,,,,,
12,,14539,,,,,,,,,,7.597729563713074e-06,,1.8894672393798828e-05,,0.3398020565509796,,0.20599544048309326,,0.02344868704676628,,0.0011980532435700297,0.018994422629475594,,,,,,,,,,,,,,
12,,14549,,,,,,,,,,2.084299921989441e-06,,2.886549918912351e-05,,0.2537592351436615,,0.2232479304075241,,0.022342903539538383,,0.0011292124399915338,0.0184704028069973,,,,,,,,,,,,,,
12,,14559,,,,,,,,,,2.726912498474121e-06,,7.22380900697317e-06,,0.250112384557724,,0.20010969042778015,,0.020176805555820465,,0.0007142662070691586,0.017800983041524887,,,,,,,,,,,,,,
12,,14569,,,,,,,,,,2.6542693376541138e-06,,4.423320660862373e-06,,0.24992071092128754,,0.21213729679584503,,0.019606363028287888,,0.0004483720113057643,0.015661394223570824,,,,,,,,,,,,,,
12,,14579,,,,,,,,,,8.072704076766968e-06,,8.49509615363786e-06,,0.28353530168533325,,0.18771298229694366,,0.026974836364388466,,0.000698088901117444,0.017367342486977577,,,,,,,,,,,,,,
12,,14589,,,,,,,,,,5.895271897315979e-06,,3.299001718914951e-06,,0.28250470757484436,,0.19671028852462769,,0.02458816207945347,,0.0004646575544029474,0.01820695959031582,,,,,,,,,,,,,,
12,,14599,,,,,,,,,,1.4007091522216797e-06,,2.9973600703669945e-06,,0.2395196557044983,,0.23629386723041534,,0.020932886749505997,,0.0012226564576849341,0.01865379326045513,,,,,,,,,,,,,,
12,,14609,,,,,,,,,,3.25031578540802e-06,,2.9776547307847068e-06,,0.24241980910301208,,0.21815913915634155,,0.0253025870770216,,0.001020496478304267,0.018647274002432823,,,,,,,,,,,,,,
12,,14619,,,,,,,,,,6.468966603279114e-06,,3.436109409449273e-06,,0.22705964744091034,,0.22058948874473572,,0.019457366317510605,,0.0003638087073341012,0.01721755787730217,,,,,,,,,,,,,,
12,,14629,,,,,,,,,,2.6281923055648804e-06,,2.9186626306909602e-06,,0.26145991683006287,,0.2170388102531433,,0.02109307236969471,,0.0006537450826726854,0.01794995367527008,,,,,,,,,,,,,,
12,,14639,,,,,,,,,,5.662441253662109e-07,,3.930752882297384e-06,,0.27604299783706665,,0.20900145173072815,,0.020379461348056793,,0.0004386195505503565,0.017444320023059845,,,,,,,,,,,,,,
12,,14649,,,,,,,,,,2.2972002625465393e-05,,8.747782885620836e-06,,0.2808625400066376,,0.19604946672916412,,0.02063092216849327,,0.0009603603975847363,0.016681555658578873,,,,,,,,,,,,,,
12,,14659,,,,,,,,,,7.878988981246948e-07,,3.516674041748047e-06,,0.31190621852874756,,0.21084123849868774,,0.017439978197216988,,0.0011103760916739702,0.017450083047151566,,,,,,,,,,,,,,
12,,14669,,,,,,,,,,1.9762665033340454e-06,,7.3448304647172336e-06,,0.3067648410797119,,0.21866218745708466,,0.018895737826824188,,0.0010362715693190694,0.019663186743855476,,,,,,,,,,,,,,
12,,14679,,,,,,,,,,2.253800630569458e-06,,1.223426079377532e-05,,0.27875739336013794,,0.2405160367488861,,0.024176837876439095,,0.0010154059855267406,0.021006911993026733,,,,,,,,,,,,,,
12,,14689,,,,,,,,,,1.4826655387878418e-06,,8.433135917584877e-06,,0.298711895942688,,0.20320633053779602,,0.03289923071861267,,0.0007049268460832536,0.019329389557242393,,,,,,,,,,,,,,
12,,14699,,,,,,,,,,8.786097168922424e-06,,2.2052463464206085e-05,,0.2777349352836609,,0.20653818547725677,,0.02963327243924141,,0.0005391765735112131,0.020053762942552567,,,,,,,,,,,,,,
12,,14709,,,,,,,,,,5.634501576423645e-06,,1.4414881661650725e-05,,0.2928715646266937,,0.20376551151275635,,0.02147073671221733,,0.00046974766883067787,0.01796255074441433,,,,,,,,,,,,,,
12,,14719,,,,,,,,,,2.084299921989441e-06,,7.928353625175077e-06,,0.30855369567871094,,0.2249671369791031,,0.024259233847260475,,0.0006593743455596268,0.019045613706111908,,,,,,,,,,,,,,
12,,14729,,,,,,,,,,3.0163675546646118e-05,,3.886719696311047e-06,,0.2934826910495758,,0.21774820983409882,,0.03479168191552162,,0.0008762977086007595,0.019199641421437263,,,,,,,,,,,,,,
12,,14739,,,,,,,,,,2.8368085622787476e-06,,1.2851864084950648e-05,,0.29301443696022034,,0.2055569291114807,,0.01739666238427162,,0.0007382846088148654,0.016673125326633453,,,,,,,,,,,,,,
12,,14749,,,,,,,,,,2.115964889526367e-06,,2.0542529455269687e-06,,0.25768905878067017,,0.23219557106494904,,0.02611863613128662,,0.0011562489671632648,0.021288735792040825,,,,,,,,,,,,,,
12,,14759,,,,,,,,,,2.605840563774109e-06,,2.170002062484855e-06,,0.3105911910533905,,0.22489553689956665,,0.02404845878481865,,0.0009064745390787721,0.021472927182912827,,,,,,,,,,,,,,
12,,14769,,,,,,,,,,1.3299286365509033e-06,,1.1778690804931102e-06,,0.2786400616168976,,0.20566383004188538,,0.016253333538770676,,0.0014628125354647636,0.017508650198578835,,,,,,,,,,,,,,
12,,14779,,,,,,,,,,3.5744160413742065e-06,,3.195210865669651e-06,,0.3086584806442261,,0.19120407104492188,,0.022984618321061134,,0.0005053590284660459,0.01632286235690117,,,,,,,,,,,,,,
12,,14789,,,,,,,,,,1.0672956705093384e-06,,5.552401944441954e-06,,0.2971875071525574,,0.2084164023399353,,0.022908328101038933,,0.0012594870058819652,0.01905672997236252,,,,,,,,,,,,,,
12,,14799,,,,,,,,,,3.2782554626464844e-07,,1.7492958477305365e-06,,0.28567227721214294,,0.2111196666955948,,0.02536614239215851,,0.0006360395345836878,0.018140597268939018,,,,,,,,,,,,,,
12,,14809,,,,,,,,,,6.537884473800659e-07,,1.5795230865478516e-06,,0.27174660563468933,,0.22832220792770386,,0.016439052298665047,,0.0011542238062247634,0.017536893486976624,,,,,,,,,,,,,,
12,,14819,,,,,,,,,,3.6135315895080566e-07,,1.1705490123858908e-06,,0.260100781917572,,0.22522257268428802,,0.02074110135436058,,0.0010757283307611942,0.018125681206583977,,,,,,,,,,,,,,
12,,14829,,,,,,,,,,1.0766088962554932e-06,,3.890154403052293e-06,,0.2989254593849182,,0.2342892587184906,,0.015332309529185295,,0.0008622615714557469,0.0182644035667181,,,,,,,,,,,,,,
12,,14839,,,,,,,,,,1.6521662473678589e-06,,4.217129389871843e-05,,0.26342466473579407,,0.23551608622074127,,0.017559094354510307,,0.0003921065363101661,0.0181485116481781,,,,,,,,,,,,,,
12,,14849,,,,,,,,,,4.5280903577804565e-06,,3.1979459436115576e-06,,0.29499512910842896,,0.21297253668308258,,0.020603060722351074,,0.0010287374025210738,0.018925469368696213,,,,,,,,,,,,,,
12,,14859,,,,,,,,,,2.7120113372802734e-06,,7.358405127888545e-06,,0.31117314100265503,,0.20727193355560303,,0.019082432612776756,,0.0005959298578090966,0.0168025903403759,,,,,,,,,,,,,,
12,,14869,,,,,,,,,,1.300126314163208e-06,,6.63728678773623e-06,,0.2975260317325592,,0.20419399440288544,,0.020214224234223366,,0.0007381197647191584,0.018239470198750496,,,,,,,,,,,,,,
12,,14879,,,,,,,,,,1.911073923110962e-06,,3.7076001717650797e-06,,0.28581422567367554,,0.2112913429737091,,0.02440742217004299,,0.0005079950205981731,0.017243482172489166,,,,,,,,,,,,,,
12,,14889,,,,,,,,,,1.216307282447815e-06,,8.611079465481453e-06,,0.29036346077919006,,0.19992364943027496,,0.021308772265911102,,0.0005404761177487671,0.01808670163154602,,,,,,,,,,,,,,
12,,14899,,,,,,,,,,1.9241124391555786e-06,,6.588556402675749e-07,,0.27439117431640625,,0.2168148159980774,,0.0198208075016737,,0.0006101845065131783,0.01757661998271942,,,,,,,,,,,,,,
12,,14909,,,,,,,,,,9.55536961555481e-07,,1.7597561736693024e-06,,0.31626880168914795,,0.19416069984436035,,0.017735915258526802,,0.0005621537566184998,0.017603876069188118,,,,,,,,,,,,,,
12,,14919,,,,,,,,,,2.6728957891464233e-06,,2.204155407525832e-06,,0.3024523854255676,,0.20100878179073334,,0.022134508937597275,,0.0008285988005809486,0.018568705767393112,,,,,,,,,,,,,,
12,,14929,,,,,,,,,,3.4458935260772705e-07,,2.419576048851013e-06,,0.29674214124679565,,0.20123867690563202,,0.024389147758483887,,0.0005785075481981039,0.016862111166119576,,,,,,,,,,,,,,
12,,14939,,,,,,,,,,1.8309801816940308e-06,,3.661881009975332e-06,,0.27802979946136475,,0.22080254554748535,,0.021767765283584595,,0.00048212221008725464,0.018457934260368347,,,,,,,,,,,,,,
12,,14949,,,,,,,,,,2.0265579223632812e-06,,4.098746103409212e-06,,0.2813284397125244,,0.21921885013580322,,0.017009681090712547,,0.000606581277679652,0.016477646306157112,,,,,,,,,,,,,,
12,,14959,,,,,,,,,,4.241243004798889e-06,,3.8211760511330795e-06,,0.2658592164516449,,0.22826233506202698,,0.02482474595308304,,0.0007297170232050121,0.019408971071243286,,,,,,,,,,,,,,
12,,14969,,,,,,,,,,4.634261131286621e-06,,1.3327834494702984e-05,,0.26642730832099915,,0.21639008820056915,,0.013050582259893417,,0.0013699749251827598,0.017714252695441246,,,,,,,,,,,,,,
12,,14979,,,,,,,,,,1.389533281326294e-06,,4.903130047750892e-06,,0.32077455520629883,,0.2121528685092926,,0.02057071402668953,,0.00031710293842479587,0.018098134547472,,,,,,,,,,,,,,
12,,14989,,,,,,,,,,3.5371631383895874e-06,,3.6256287785363384e-06,,0.2698870599269867,,0.20114795863628387,,0.019913610070943832,,0.0006317919469438493,0.01800275593996048,,,,,,,,,,,,,,
12,,14999,,,,,,,,,,1.346692442893982e-06,,1.8501522163205664e-06,,0.28354600071907043,,0.21942138671875,,0.02509498782455921,,0.0004741102457046509,0.018322056159377098,,,,,,,,,,,,,,
12,,15009,,,,,,,,,,1.7154961824417114e-06,,8.193273401957413e-07,,0.271009236574173,,0.21486404538154602,,0.01646985299885273,,0.0010146205313503742,0.015773547813296318,,,,,,,,,,,,,,
12,,15019,,,,,,,,,,2.7455389499664307e-06,,1.7084605588024715e-06,,0.3296954929828644,,0.19642406702041626,,0.02249060943722725,,0.0007411270635202527,0.016541769728064537,,,,,,,,,,,,,,
12,,15029,,,,,,,,,,1.8980354070663452e-06,,2.4111041057039984e-06,,0.3679295778274536,,0.20527517795562744,,0.019242048263549805,,0.0008853243198245764,0.019147103652358055,,,,,,,,,,,,,,
12,,15039,,,,,,,,,,1.9650906324386597e-06,,2.018610530285514e-06,,0.3386208415031433,,0.2260735034942627,,0.026918916031718254,,0.0006259044748730958,0.021960966289043427,,,,,,,,,,,,,,
12,,15049,,,,,,,,,,1.7119571566581726e-05,,1.8942419046652503e-06,,0.3133791387081146,,0.19738659262657166,,0.017710303887724876,,0.0008047789451666176,0.016643792390823364,,,,,,,,,,,,,,
12,,15059,,,,,,,,,,2.171844244003296e-06,,1.557329824208864e-06,,0.24703894555568695,,0.21412013471126556,,0.024438539519906044,,0.0005483595887199044,0.01837014965713024,,,,,,,,,,,,,,
12,,15069,,,,,,,,,,2.084299921989441e-06,,1.3939359178039012e-06,,0.2707698345184326,,0.2143062949180603,,0.021690482273697853,,0.0007791569805704057,0.017940852791070938,,,,,,,,,,,,,,
12,,15079,,,,,,,,,,1.3951212167739868e-06,,8.654837984067854e-07,,0.28598567843437195,,0.19595584273338318,,0.01681511662900448,,0.00032440832001157105,0.014704269357025623,,,,,,,,,,,,,,
12,,15089,,,,,,,,,,3.0118972063064575e-06,,3.309660087325028e-06,,0.2450813204050064,,0.21560117602348328,,0.019855834543704987,,0.0006524256314150989,0.018884368240833282,,,,,,,,,,,,,,
12,,15099,,,,,,,,,,4.857778549194336e-06,,5.441393113869708e-06,,0.27392080426216125,,0.201646089553833,,0.017867056652903557,,0.0011027228320017457,0.016836386173963547,,,,,,,,,,,,,,
12,,15109,,,,,,,,,,3.295019268989563e-06,,4.98076997246244e-06,,0.3285062909126282,,0.1944187730550766,,0.0174764022231102,,0.0004112835449632257,0.016766732558608055,,,,,,,,,,,,,,
12,,15119,,,,,,,,,,3.4067779779434204e-06,,2.8448589546314906e-06,,0.2644535005092621,,0.18702472746372223,,0.01607346720993519,,0.0005173957324586809,0.014474927447736263,,,,,,,,,,,,,,
12,,15129,,,,,,,,,,2.650544047355652e-06,,7.254156116687227e-06,,0.23935885727405548,,0.18868936598300934,,0.021481186151504517,,0.0006234535248950124,0.015457232482731342,,,,,,,,,,,,,,
12,,15139,,,,,,,,,,9.443610906600952e-07,,2.446248345222557e-06,,0.26347580552101135,,0.22484874725341797,,0.029674720019102097,,0.0015077281277626753,0.019747188314795494,,,,,,,,,,,,,,
12,,15149,,,,,,,,,,1.30385160446167e-06,,5.778619652119232e-06,,0.3080044984817505,,0.18781381845474243,,0.022890323773026466,,0.0008180234581232071,0.016790995374321938,,,,,,,,,,,,,,
12,,15159,,,,,,,,,,6.426125764846802e-07,,2.151078433598741e-06,,0.2507823705673218,,0.20864488184452057,,0.01879468560218811,,0.0016466232482343912,0.01842639036476612,,,,,,,,,,,,,,
12,,15169,,,,,,,,,,3.254041075706482e-06,,1.553978222545993e-06,,0.3031529486179352,,0.19865481555461884,,0.02601025439798832,,0.0008923248387873173,0.018301384523510933,,,,,,,,,,,,,,
12,,15170,,,,,,,,,,,,,,,,,,,,,,0.992239773273468,1.0,1.0,0.9212272763252258,0.9072566032409668,0.9880809187889099,0.9996626973152161,0.020261123776435852,0.0,3.2782554626464844e-07,0.2955712080001831,0.24967539310455322,0.024788888171315193,0.0005880030803382397
12,,15170,0.993256151676178,1.0,1.0,0.9244434833526611,0.9204176664352417,0.9902339577674866,0.999655544757843,0.01815212517976761,4.515529326454271e-06,,4.086948138137814e-06,,0.2784963846206665,,0.2131676971912384,,0.022133689373731613,,0.0008553792722523212,,,,,,,,,,,,,,,,
,0.00018118675362266393,15171,,,,,,,,,,,,,,,,,,,,,,,,,,,,,,,,,,,
13,,15179,,,,,,,,,,2.9671937227249146e-06,,7.653236025362276e-06,,0.2063053995370865,,0.24034065008163452,,0.028994031250476837,,0.000549182528629899,0.020099066197872162,,,,,,,,,,,,,,
13,,15189,,,,,,,,,,2.5331974029541016e-06,,4.857305611949414e-06,,0.29492151737213135,,0.20305868983268738,,0.023039432242512703,,0.0005597448907792568,0.016925884410738945,,,,,,,,,,,,,,
13,,15199,,,,,,,,,,5.705282092094421e-06,,9.871191650745459e-06,,0.23336482048034668,,0.23681983351707458,,0.023142408579587936,,0.0004230418708175421,0.018414735794067383,,,,,,,,,,,,,,
13,,15209,,,,,,,,,,3.4905970096588135e-06,,1.8122404071618803e-05,,0.29770222306251526,,0.21794098615646362,,0.030179813504219055,,0.0011324501829221845,0.021316712722182274,,,,,,,,,,,,,,
13,,15219,,,,,,,,,,4.425644874572754e-06,,4.247277047397802e-06,,0.23361773788928986,,0.19133025407791138,,0.03050539270043373,,0.0010946046095341444,0.017756544053554535,,,,,,,,,,,,,,
13,,15229,,,,,,,,,,2.777203917503357e-06,,4.3192294469918124e-06,,0.3258275091648102,,0.17440001666545868,,0.018913595005869865,,0.0009656751644797623,0.01694864220917225,,,,,,,,,,,,,,
13,,15239,,,,,,,,,,4.237517714500427e-06,,1.1474502571218181e-05,,0.26286232471466064,,0.19774214923381805,,0.014842601493000984,,0.000895873352419585,0.01590050384402275,,,,,,,,,,,,,,
13,,15249,,,,,,,,,,4.796311259269714e-06,,1.2621036148630083e-05,,0.27449342608451843,,0.20940382778644562,,0.022978678345680237,,0.0008354414021596313,0.01849351078271866,,,,,,,,,,,,,,
13,,15259,,,,,,,,,,1.4975666999816895e-06,,3.788360345424735e-06,,0.22535757720470428,,0.2174416482448578,,0.023486269637942314,,0.0004480488714762032,0.019119078293442726,,,,,,,,,,,,,,
13,,15269,,,,,,,,,,4.0996819734573364e-06,,3.1555771329294657e-06,,0.25447210669517517,,0.21601347625255585,,0.01804601587355137,,0.0013712520012632012,0.017941191792488098,,,,,,,,,,,,,,
13,,15279,,,,,,,,,,1.8980354070663452e-06,,2.9861630537197925e-06,,0.2890068292617798,,0.20762750506401062,,0.013033117167651653,,0.000970743247307837,0.01573822647333145,,,,,,,,,,,,,,
13,,15289,,,,,,,,,,1.0561197996139526e-06,,3.1498761927650776e-06,,0.26337316632270813,,0.23452484607696533,,0.015519330278038979,,0.00045600536395795643,0.018529655411839485,,,,,,,,,,,,,,
13,,15299,,,,,,,,,,2.808868885040283e-06,,2.7186340503249085e-06,,0.27987346053123474,,0.18927989900112152,,0.011227089911699295,,0.0007340885349549353,0.014332656748592854,,,,,,,,,,,,,,
13,,15309,,,,,,,,,,3.4980475902557373e-06,,3.228689593015588e-06,,0.31196168065071106,,0.1978558748960495,,0.034623660147190094,,0.0009861993603408337,0.02006683498620987,,,,,,,,,,,,,,
13,,15319,,,,,,,,,,1.8823891878128052e-05,,1.8346823708270676e-05,,0.2429661601781845,,0.229948028922081,,0.02347179315984249,,0.000325440225424245,0.018226537853479385,,,,,,,,,,,,,,
13,,15329,,,,,,,,,,6.6105276346206665e-06,,7.847728738852311e-06,,0.2836408019065857,,0.21354815363883972,,0.026846980676054955,,0.0010146480053663254,0.018193861469626427,,,,,,,,,,,,,,
13,,15339,,,,,,,,,,2.89231538772583e-05,,2.5000716050271876e-05,,0.2619001269340515,,0.1891024112701416,,0.03448904678225517,,0.0008378859492950141,0.019829336553812027,,,,,,,,,,,,,,
13,,15349,,,,,,,,,,6.245449185371399e-06,,2.1292103156156372e-06,,0.2600477933883667,,0.24302147328853607,,0.01602334901690483,,0.00042128516361117363,0.018396198749542236,,,,,,,,,,,,,,
13,,15359,,,,,,,,,,1.2191012501716614e-05,,4.310847543820273e-06,,0.31747564673423767,,0.20697616040706635,,0.01441284455358982,,0.00047409452963620424,0.016932662576436996,,,,,,,,,,,,,,
13,,15369,,,,,,,,,,1.589953899383545e-05,,6.486460279120365e-06,,0.2771032452583313,,0.20380544662475586,,0.02388138324022293,,0.00086867471691221,0.017880897969007492,,,,,,,,,,,,,,
13,,15379,,,,,,,,,,4.416331648826599e-06,,1.5114035250007873e-06,,0.2843911647796631,,0.2326844334602356,,0.02366727404296398,,0.0011695539578795433,0.01932780258357525,,,,,,,,,,,,,,
13,,15389,,,,,,,,,,9.3802809715271e-06,,1.612004325579619e-06,,0.2342231124639511,,0.22756843268871307,,0.01980637200176716,,0.00034325645538046956,0.01789693348109722,,,,,,,,,,,,,,
13,,15399,,,,,,,,,,1.4826655387878418e-06,,2.6231859919789713e-06,,0.2588653266429901,,0.23977431654930115,,0.016639040783047676,,0.0005890068132430315,0.019510118290781975,,,,,,,,,,,,,,
13,,15409,,,,,,,,,,1.734122633934021e-06,,1.2078613735866384e-06,,0.3328067660331726,,0.2042706310749054,,0.021359825506806374,,0.0006964825442992151,0.018214503303170204,,,,,,,,,,,,,,
13,,15419,,,,,,,,,,2.4553388357162476e-05,,4.187304512015544e-06,,0.2721582055091858,,0.217048779129982,,0.020947711542248726,,0.001073062769137323,0.01851220801472664,,,,,,,,,,,,,,
13,,15429,,,,,,,,,,4.6156346797943115e-06,,3.3435367186029907e-06,,0.24854351580142975,,0.22450163960456848,,0.02409476414322853,,0.0005552207003347576,0.01769310049712658,,,,,,,,,,,,,,
13,,15439,,,,,,,,,,3.4887343645095825e-06,,2.8514862151496345e-06,,0.30977270007133484,,0.22420507669448853,,0.01849561184644699,,0.000908288755454123,0.018210195004940033,,,,,,,,,,,,,,
13,,15449,,,,,,,,,,2.8172507882118225e-05,,5.927728125243448e-06,,0.2541857063770294,,0.20652464032173157,,0.018023554235696793,,0.00045226429938338697,0.015529418364167213,,,,,,,,,,,,,,
13,,15459,,,,,,,,,,9.387731552124023e-07,,2.609504463180201e-06,,0.27457189559936523,,0.21288207173347473,,0.016830867156386375,,0.0009174162405543029,0.018332144245505333,,,,,,,,,,,,,,
13,,15469,,,,,,,,,,7.953494787216187e-07,,1.9322385469422443e-06,,0.31449952721595764,,0.2074301391839981,,0.024884143844246864,,0.0006827426259405911,0.017699798569083214,,,,,,,,,,,,,,
13,,15479,,,,,,,,,,2.205371856689453e-06,,7.3982373578473926e-06,,0.3115740418434143,,0.20889605581760406,,0.014688145369291306,,0.0008295431034639478,0.01867859810590744,,,,,,,,,,,,,,
13,,15489,,,,,,,,,,1.0188668966293335e-06,,5.277191576169571e-06,,0.2703928053379059,,0.21580016613006592,,0.020137865096330643,,0.0006547090597450733,0.01912500523030758,,,,,,,,,,,,,,
13,,15499,,,,,,,,,,2.4456530809402466e-06,,6.817354915256146e-06,,0.2893136143684387,,0.2070578932762146,,0.021915223449468613,,0.0009159467881545424,0.01856623776257038,,,,,,,,,,,,,,
13,,15509,,,,,,,,,,9.033828973770142e-07,,2.353468880755827e-05,,0.2855503559112549,,0.2240551859140396,,0.02415645495057106,,0.0008086960879154503,0.0186204444617033,,,,,,,,,,,,,,
13,,15519,,,,,,,,,,2.129003405570984e-06,,1.0745410691015422e-05,,0.2958998680114746,,0.2260885089635849,,0.024895574897527695,,0.0004995705676265061,0.019919371232390404,,,,,,,,,,,,,,
13,,15529,,,,,,,,,,5.114823579788208e-06,,4.122497102798661e-06,,0.27737540006637573,,0.22689169645309448,,0.016271362081170082,,0.0005666067008860409,0.017795421183109283,,,,,,,,,,,,,,
13,,15539,,,,,,,,,,3.1832605600357056e-06,,1.9727842754946323e-06,,0.2830536365509033,,0.227095365524292,,0.021315710619091988,,0.0005829979199916124,0.0184086374938488,,,,,,,,,,,,,,
13,,15549,,,,,,,,,,0.00014667585492134094,,2.094946466968395e-06,,0.3014872670173645,,0.1755836308002472,,0.03462858870625496,,0.0007166429422795773,0.019845664501190186,,,,,,,,,,,,,,
13,,15559,,,,,,,,,,3.3117830753326416e-06,,2.754926754278131e-06,,0.2806096374988556,,0.20871488749980927,,0.02131008356809616,,0.0010211956687271595,0.01891292817890644,,,,,,,,,,,,,,
13,,15569,,,,,,,,,,2.3050233721733093e-05,,3.88032913178904e-06,,0.2629294693470001,,0.22270099818706512,,0.03323083370923996,,0.0005703367642126977,0.020978622138500214,,,,,,,,,,,,,,
13,,15579,,,,,,,,,,2.9616057872772217e-06,,1.6506386373293935e-06,,0.28271108865737915,,0.22361768782138824,,0.021140052005648613,,0.0007564705447293818,0.01837259903550148,,,,,,,,,,,,,,
13,,15589,,,,,,,,,,1.0207295417785645e-06,,1.3541639418690465e-06,,0.3141182065010071,,0.1995008885860443,,0.020235354080796242,,0.001051848055794835,0.01947159320116043,,,,,,,,,,,,,,
13,,15599,,,,,,,,,,8.065253496170044e-07,,5.301307055560756e-07,,0.2723470628261566,,0.20962294936180115,,0.02045491710305214,,0.0011007420253008604,0.01902421936392784,,,,,,,,,,,,,,
13,,15609,,,,,,,,,,1.7309561371803284e-05,,9.610103006707504e-07,,0.24509117007255554,,0.19727134704589844,,0.019446812570095062,,0.0011618282878771424,0.0160375889390707,,,,,,,,,,,,,,
13,,15619,,,,,,,,,,1.0170042514801025e-06,,2.058094878520933e-06,,0.27633342146873474,,0.2221023589372635,,0.021319041028618813,,0.0006482774042524397,0.01814909093081951,,,,,,,,,,,,,,
13,,15629,,,,,,,,,,5.649402737617493e-06,,6.402476628863951e-07,,0.2538035213947296,,0.20777414739131927,,0.021162813529372215,,0.0005103123257867992,0.01721372827887535,,,,,,,,,,,,,,
13,,15639,,,,,,,,,,1.9105151295661926e-05,,9.701607268652879e-07,,0.2858312726020813,,0.21240293979644775,,0.020072605460882187,,0.0005473645287565887,0.01732649840414524,,,,,,,,,,,,,,
13,,15649,,,,,,,,,,1.4677643775939941e-05,,2.0489833332248963e-06,,0.29871758818626404,,0.19467023015022278,,0.017196867614984512,,0.0008492409833706915,0.0163941141217947,,,,,,,,,,,,,,
13,,15659,,,,,,,,,,9.018927812576294e-06,,1.8611383438837947e-06,,0.3020440936088562,,0.19073840975761414,,0.024138256907463074,,0.0013276124373078346,0.017161408439278603,,,,,,,,,,,,,,
13,,15669,,,,,,,,,,2.6226043701171875e-06,,4.870368570664141e-07,,0.252710223197937,,0.2464495301246643,,0.015004596672952175,,0.00041796910227276385,0.018384680151939392,,,,,,,,,,,,,,
13,,15679,,,,,,,,,,8.288770914077759e-07,,9.840247003012337e-06,,0.2920653522014618,,0.22052277624607086,,0.01544311922043562,,0.00047258540871553123,0.016763264313340187,,,,,,,,,,,,,,
13,,15689,,,,,,,,,,4.079192876815796e-07,,1.748612021401641e-06,,0.25032368302345276,,0.23378689587116241,,0.0166606567800045,,0.001034000888466835,0.018444087356328964,,,,,,,,,,,,,,
13,,15699,,,,,,,,,,3.8929283618927e-07,,1.0779563126561698e-06,,0.27805349230766296,,0.21270176768302917,,0.024500902742147446,,0.001164041692391038,0.019470276311039925,,,,,,,,,,,,,,
13,,15709,,,,,,,,,,2.3409724235534668e-05,,1.0458464885232388e-06,,0.2815854549407959,,0.19480551779270172,,0.023247960954904556,,0.0014309476828202605,0.02113720402121544,,,,,,,,,,,,,,
13,,15719,,,,,,,,,,1.7937272787094116e-06,,8.943883926804119e-07,,0.28236958384513855,,0.22339791059494019,,0.016946787014603615,,0.0006986205698922276,0.017110126093029976,,,,,,,,,,,,,,
13,,15729,,,,,,,,,,1.7620623111724854e-06,,1.995563479795237e-06,,0.2971932291984558,,0.19947564601898193,,0.01597895473241806,,0.0005433508777059615,0.015273548662662506,,,,,,,,,,,,,,
13,,15739,,,,,,,,,,1.6745179891586304e-06,,1.4311737004391034e-06,,0.22664488852024078,,0.22526732087135315,,0.020050248131155968,,0.0008964252774603665,0.018077006563544273,,,,,,,,,,,,,,
13,,15749,,,,,,,,,,7.171183824539185e-07,,7.648688438166573e-07,,0.30246078968048096,,0.1806936264038086,,0.02585207112133503,,0.0008904157439246774,0.015748411417007446,,,,,,,,,,,,,,
13,,15759,,,,,,,,,,4.639849066734314e-06,,7.992720929905772e-05,,0.26766258478164673,,0.22192984819412231,,0.028301142156124115,,0.00044653229997493327,0.019657252356410027,,,,,,,,,,,,,,
13,,15769,,,,,,,,,,1.825392246246338e-07,,1.4532818113366375e-06,,0.2070671170949936,,0.2279452085494995,,0.02476447820663452,,0.0012599456822499633,0.01838565059006214,,,,,,,,,,,,,,
13,,15779,,,,,,,,,,1.4137476682662964e-06,,1.4002598618390039e-05,,0.26712289452552795,,0.24052591621875763,,0.01958656869828701,,0.0005317794857546687,0.019830554723739624,,,,,,,,,,,,,,
13,,15789,,,,,,,,,,4.3585896492004395e-07,,2.3702357339061564e-06,,0.25039181113243103,,0.23212814331054688,,0.01492894347757101,,0.001160855288617313,0.01820291206240654,,,,,,,,,,,,,,
13,,15799,,,,,,,,,,7.990747690200806e-07,,7.339029934883001e-07,,0.2970326840877533,,0.19650161266326904,,0.016434630379080772,,0.0003745040448848158,0.015985270962119102,,,,,,,,,,,,,,
13,,15809,,,,,,,,,,1.432374119758606e-06,,3.0956166483520065e-06,,0.28898322582244873,,0.21135804057121277,,0.025067858397960663,,0.0008780465577729046,0.01754074916243553,,,,,,,,,,,,,,
13,,15819,,,,,,,,,,3.378838300704956e-06,,1.2052652209604275e-06,,0.2972427308559418,,0.22003574669361115,,0.02366361953318119,,0.0003843911981675774,0.019736645743250847,,,,,,,,,,,,,,
13,,15829,,,,,,,,,,6.407499313354492e-07,,1.8483989379092236e-06,,0.2781151533126831,,0.22889328002929688,,0.019312409684062004,,0.0005783673259429634,0.017652602866292,,,,,,,,,,,,,,
13,,15839,,,,,,,,,,2.078711986541748e-06,,6.012294875290536e-07,,0.2637007534503937,,0.22975869476795197,,0.017108511179685593,,0.0010392852127552032,0.017960553988814354,,,,,,,,,,,,,,
13,,15849,,,,,,,,,,4.511326551437378e-06,,1.8154053122998448e-06,,0.29218703508377075,,0.2034716159105301,,0.01534233521670103,,0.0004836856387555599,0.016271982342004776,,,,,,,,,,,,,,
13,,15859,,,,,,,,,,8.642673492431641e-07,,3.477468908386072e-06,,0.2913815975189209,,0.22365225851535797,,0.021576089784502983,,0.000402760662836954,0.01803320273756981,,,,,,,,,,,,,,
13,,15869,,,,,,,,,,5.792826414108276e-07,,5.96361824136693e-05,,0.2803451120853424,,0.20742514729499817,,0.015526729635894299,,0.0010646694572642446,0.01761747896671295,,,,,,,,,,,,,,
13,,15879,,,,,,,,,,6.910413503646851e-07,,1.020052195599419e-06,,0.31342586874961853,,0.208875834941864,,0.018125301226973534,,0.0016322792507708073,0.016618112102150917,,,,,,,,,,,,,,
13,,15889,,,,,,,,,,6.3087791204452515e-06,,1.4706533875141758e-06,,0.26268860697746277,,0.20187345147132874,,0.018097249791026115,,0.0007872523856349289,0.01729479432106018,,,,,,,,,,,,,,
13,,15899,,,,,,,,,,2.8967857360839844e-05,,3.0863284337101504e-06,,0.3640923798084259,,0.18506497144699097,,0.019248634576797485,,0.0004096549528185278,0.016356417909264565,,,,,,,,,,,,,,
13,,15909,,,,,,,,,,1.2869015336036682e-05,,3.5586442663770868e-06,,0.23854272067546844,,0.2194644808769226,,0.0318826287984848,,0.0004896283498965204,0.021556710824370384,,,,,,,,,,,,,,
13,,15919,,,,,,,,,,1.9259750843048096e-06,,1.3885103271604748e-06,,0.25396621227264404,,0.22181715071201324,,0.0162996593862772,,0.0004916453617624938,0.01746193878352642,,,,,,,,,,,,,,
13,,15929,,,,,,,,,,2.516433596611023e-06,,1.4298528867584537e-06,,0.30478909611701965,,0.21645386517047882,,0.021175900474190712,,0.001425356836989522,0.020354272797703743,,,,,,,,,,,,,,
13,,15939,,,,,,,,,,2.989545464515686e-06,,1.8074055105898879e-06,,0.25490686297416687,,0.22212807834148407,,0.019076315686106682,,0.0010758319403976202,0.019443118944764137,,,,,,,,,,,,,,
13,,15949,,,,,,,,,,1.0561197996139526e-06,,8.897408179109334e-07,,0.2604433596134186,,0.20571579039096832,,0.02017769031226635,,0.0008546104654669762,0.016767024993896484,,,,,,,,,,,,,,
13,,15959,,,,,,,,,,6.705522537231445e-07,,1.5187907820291002e-06,,0.2552263140678406,,0.231485977768898,,0.01954098604619503,,0.0004376523138489574,0.01782035455107689,,,,,,,,,,,,,,
13,,15969,,,,,,,,,,8.141249418258667e-05,,7.858743060751294e-07,,0.28929388523101807,,0.24560098350048065,,0.012775608338415623,,0.0007024536025710404,0.017562665045261383,,,,,,,,,,,,,,
13,,15979,,,,,,,,,,6.319954991340637e-06,,1.3249616131361108e-05,,0.22787603735923767,,0.212410569190979,,0.030114710330963135,,0.0006915469421073794,0.019263071939349174,,,,,,,,,,,,,,
13,,15989,,,,,,,,,,4.3548643589019775e-06,,1.8375675381321344e-06,,0.27326130867004395,,0.2013877034187317,,0.015943285077810287,,0.000630804686807096,0.016780219972133636,,,,,,,,,,,,,,
13,,15999,,,,,,,,,,2.3692846298217773e-06,,2.0072815459570847e-05,,0.24954617023468018,,0.23219852149486542,,0.015784122049808502,,0.0014964152360334992,0.018203888088464737,,,,,,,,,,,,,,
13,,16009,,,,,,,,,,8.847564458847046e-07,,7.435529028043675e-07,,0.2987585663795471,,0.19609613716602325,,0.021387692540884018,,0.0005186139023862779,0.01808180660009384,,,,,,,,,,,,,,
13,,16019,,,,,,,,,,1.5404075384140015e-06,,5.727039024350233e-06,,0.2552211880683899,,0.22191214561462402,,0.019207578152418137,,0.0004038418410345912,0.016954073682427406,,,,,,,,,,,,,,
13,,16029,,,,,,,,,,3.166496753692627e-07,,8.937403777053987e-07,,0.27354907989501953,,0.2106373906135559,,0.01806093007326126,,0.0011607453925535083,0.016865141689777374,,,,,,,,,,,,,,
13,,16039,,,,,,,,,,1.0188668966293335e-06,,3.3931360121641774e-06,,0.29288628697395325,,0.21763209998607635,,0.02035501040518284,,0.0003407631884329021,0.01800953783094883,,,,,,,,,,,,,,
13,,16049,,,,,,,,,,4.254281520843506e-06,,2.3051311472954694e-06,,0.289509117603302,,0.21664085984230042,,0.0184938982129097,,0.001195560209453106,0.01866196095943451,,,,,,,,,,,,,,
13,,16059,,,,,,,,,,1.1045485734939575e-06,,2.5379031285410747e-06,,0.24839287996292114,,0.2328220009803772,,0.023757826536893845,,0.0013163045514374971,0.01812485046684742,,,,,,,,,,,,,,
13,,16069,,,,,,,,,,2.9783695936203003e-06,,9.259218813895131e-07,,0.21124154329299927,,0.23539161682128906,,0.02910017780959606,,0.000666739942971617,0.019527602940797806,,,,,,,,,,,,,,
13,,16079,,,,,,,,,,2.1867454051971436e-06,,3.7304394027160015e-06,,0.3218163251876831,,0.1855839639902115,,0.02244671992957592,,0.0005549133638851345,0.016518864780664444,,,,,,,,,,,,,,
13,,16089,,,,,,,,,,4.584901034832001e-05,,2.4651460535096703e-06,,0.2797003388404846,,0.22355207800865173,,0.021633628755807877,,0.0004172668559476733,0.01900612749159336,,,,,,,,,,,,,,
13,,16099,,,,,,,,,,2.1550804376602173e-06,,9.119173682847759e-07,,0.2512272596359253,,0.23314693570137024,,0.016853632405400276,,0.0009914567926898599,0.01909908466041088,,,,,,,,,,,,,,
13,,16109,,,,,,,,,,2.0656734704971313e-06,,4.661297339225712e-07,,0.33170872926712036,,0.2010931670665741,,0.020113568753004074,,0.0008147364715114236,0.017687413841485977,,,,,,,,,,,,,,
13,,16119,,,,,,,,,,1.0617077350616455e-06,,9.834766387939453e-07,,0.27454033493995667,,0.2193652242422104,,0.018077759072184563,,0.0006691659218631685,0.017563924193382263,,,,,,,,,,,,,,
13,,16129,,,,,,,,,,2.738088369369507e-06,,6.759353823326819e-07,,0.3379036486148834,,0.2064528465270996,,0.019144723191857338,,0.0008464350248686969,0.01737181283533573,,,,,,,,,,,,,,
13,,16139,,,,,,,,,,8.141621947288513e-06,,1.3818546449329006e-06,,0.2618582248687744,,0.22329053282737732,,0.021200263872742653,,0.0006710649468004704,0.018971242010593414,,,,,,,,,,,,,,
13,,16149,,,,,,,,,,1.3640150427818298e-05,,7.592714723614336e-07,,0.2859821617603302,,0.20888417959213257,,0.021236227825284004,,0.000803693663328886,0.01797415129840374,,,,,,,,,,,,,,
13,,16159,,,,,,,,,,6.734579801559448e-05,,1.3420490176940802e-05,,0.30524685978889465,,0.18773260712623596,,0.02037777006626129,,0.0011097707320004702,0.01782267354428768,,,,,,,,,,,,,,
13,,16169,,,,,,,,,,2.644956111907959e-06,,1.2499781405495014e-06,,0.2241193652153015,,0.227580264210701,,0.024681229144334793,,0.0012674496974796057,0.01898595131933689,,,,,,,,,,,,,,
13,,16179,,,,,,,,,,3.2410025596618652e-06,,1.2582595445564948e-06,,0.3014722168445587,,0.22810493409633636,,0.01817953959107399,,0.0007631516782566905,0.01778208464384079,,,,,,,,,,,,,,
13,,16189,,,,,,,,,,6.712973117828369e-06,,8.90895478278253e-07,,0.31331831216812134,,0.18470999598503113,,0.03982924297451973,,0.0008469895110465586,0.020413486286997795,,,,,,,,,,,,,,
13,,16199,,,,,,,,,,7.636845111846924e-06,,1.8431589978717966e-06,,0.30520498752593994,,0.21635806560516357,,0.013442029245197773,,0.0004426816012710333,0.016741981729865074,,,,,,,,,,,,,,
13,,16209,,,,,,,,,,3.6694109439849854e-06,,2.7968831091129687e-06,,0.2764837443828583,,0.23154447972774506,,0.02298598363995552,,0.0005692053819075227,0.019511066377162933,,,,,,,,,,,,,,
13,,16219,,,,,,,,,,2.4158507585525513e-06,,1.5386315226351144e-06,,0.326331228017807,,0.20112136006355286,,0.02169092372059822,,0.000889605435077101,0.01854427345097065,,,,,,,,,,,,,,
13,,16229,,,,,,,,,,2.0042061805725098e-06,,8.420277481491212e-06,,0.24967753887176514,,0.21677513420581818,,0.02342473343014717,,0.0008842748939059675,0.018343137577176094,,,,,,,,,,,,,,
13,,16239,,,,,,,,,,1.2833625078201294e-06,,1.0771665301945177e-06,,0.25730955600738525,,0.19949017465114594,,0.01887308806180954,,0.0007096031331457198,0.017896458506584167,,,,,,,,,,,,,,
13,,16249,,,,,,,,,,2.1010637283325195e-06,,1.871349809334788e-06,,0.2576066553592682,,0.21453025937080383,,0.02593831531703472,,0.0007752132369205356,0.01986590027809143,,,,,,,,,,,,,,
13,,16259,,,,,,,,,,1.6372650861740112e-06,,1.6546249526072643e-06,,0.2658770680427551,,0.2228946089744568,,0.021944187581539154,,0.0013263659784570336,0.020192064344882965,,,,,,,,,,,,,,
13,,16269,,,,,,,,,,1.1865049600601196e-06,,2.643418611114612e-06,,0.25809186697006226,,0.19963787496089935,,0.02260947972536087,,0.0011584400199353695,0.016918469220399857,,,,,,,,,,,,,,
13,,16279,,,,,,,,,,2.1532177925109863e-06,,2.7848452646139776e-06,,0.2691473066806793,,0.18600669503211975,,0.024235354736447334,,0.0014802677324041724,0.018464643508195877,,,,,,,,,,,,,,
13,,16289,,,,,,,,,,5.047768354415894e-07,,6.795602871534356e-07,,0.3298390805721283,,0.18954898416996002,,0.015029956586658955,,0.0010382540058344603,0.01615581102669239,,,,,,,,,,,,,,
13,,16299,,,,,,,,,,2.766028046607971e-06,,3.045766106879455e-06,,0.2418820708990097,,0.20956361293792725,,0.023750606924295425,,0.0005818016943521798,0.01678110472857952,,,,,,,,,,,,,,
13,,16309,,,,,,,,,,1.6734004020690918e-05,,4.776231435243972e-06,,0.293732613325119,,0.19638338685035706,,0.02070320025086403,,0.00046252875472418964,0.017567386850714684,,,,,,,,,,,,,,
13,,16319,,,,,,,,,,2.3581087589263916e-06,,1.1540207651705714e-06,,0.25704148411750793,,0.2100057303905487,,0.023011045530438423,,0.0006469586514867842,0.017284393310546875,,,,,,,,,,,,,,
13,,16329,,,,,,,,,,5.513429641723633e-07,,3.0328619686770253e-06,,0.2763817608356476,,0.2358175814151764,,0.017311325296759605,,0.0009785479633137584,0.018839804455637932,,,,,,,,,,,,,,
13,,16337,,,,,,,,,,,,,,,,,,,,,,0.9921587109565735,1.0,1.0,0.9212272763252258,0.9062767028808594,0.9879311323165894,0.9996528625488281,0.020245950669050217,0.0,5.960464477539063e-08,0.2954710125923157,0.250013142824173,0.0245463028550148,0.0006088728550821543
13,,16337,0.9933355450630188,1.0,1.0,0.9250292181968689,0.9204604625701904,0.9904951453208923,0.9996771216392517,0.01785009540617466,5.727780717279529e-06,,4.319404524721904e-06,,0.2767583429813385,,0.21220508217811584,,0.021245982497930527,,0.0007832550327293575,,,,,,,,,,,,,,,,
