epoch,lr-AdamW,step,train/acc,train/acc_s0_1,train/acc_s1_2,train/acc_s2_4,train/acc_s3_8,train/acc_s4_16,train/acc_s5_32,train/loss_epoch,train/loss_s0_1_epoch,train/loss_s0_1_step,train/loss_s1_2_epoch,train/loss_s1_2_step,train/loss_s2_4_epoch,train/loss_s2_4_step,train/loss_s3_8_epoch,train/loss_s3_8_step,train/loss_s4_16_epoch,train/loss_s4_16_step,train/loss_s5_32_epoch,train/loss_s5_32_step,train/loss_step,val/acc,val/acc_s0_1,val/acc_s1_2,val/acc_s2_4,val/acc_s3_8,val/acc_s4_16,val/acc_s5_32,val/loss,val/loss_s0_1,val/loss_s1_2,val/loss_s2_4,val/loss_s3_8,val/loss_s4_16,val/loss_s5_32
,0.0003,0,,,,,,,,,,,,,,,,,,,,,,,,,,,,,,,,,,,
0,,9,,,,,,,,,,0.3021087646484375,,0.18521881103515625,,0.4676694869995117,,0.9073415994644165,,0.9776870012283325,,1.1312823295593262,1.0808179378509521,,,,,,,,,,,,,,
0,,19,,,,,,,,,,0.25830078125,,0.2145538330078125,,0.49731922149658203,,0.8847556114196777,,0.967645525932312,,1.1190357208251953,1.0690900087356567,,,,,,,,,,,,,,
0,,29,,,,,,,,,,0.2249603271484375,,0.15946006774902344,,0.47212910652160645,,0.8389749526977539,,0.91054368019104,,1.079416275024414,1.026031255722046,,,,,,,,,,,,,,
0,,39,,,,,,,,,,0.16152191162109375,,0.05937671661376953,,0.49284008145332336,,0.6708134412765503,,0.7472922801971436,,1.0121079683303833,0.9369391202926636,,,,,,,,,,,,,,
0,,49,,,,,,,,,,0.142669677734375,,0.03982973098754883,,0.3798164129257202,,0.499386191368103,,0.6326245665550232,,0.8948888778686523,0.8180643916130066,,,,,,,,,,,,,,
0,,59,,,,,,,,,,0.0947113037109375,,0.02387261390686035,,0.4588727653026581,,0.5110278129577637,,0.6131537556648254,,0.776418924331665,0.7269291877746582,,,,,,,,,,,,,,
0,,69,,,,,,,,,,0.06589508056640625,,0.02003622055053711,,0.4198225140571594,,0.48137569427490234,,0.5900009870529175,,0.7106145620346069,0.6713412404060364,,,,,,,,,,,,,,
0,,79,,,,,,,,,,0.054523468017578125,,0.018800020217895508,,0.3961919844150543,,0.456767737865448,,0.5484092235565186,,0.6529808640480042,0.6188623309135437,,,,,,,,,,,,,,
0,,89,,,,,,,,,,0.04370307922363281,,0.01228320598602295,,0.3656480610370636,,0.4461369812488556,,0.5472977161407471,,0.6353195905685425,0.6045212149620056,,,,,,,,,,,,,,
0,,99,,,,,,,,,,0.04955101013183594,,0.012304306030273438,,0.34042203426361084,,0.44829070568084717,,0.5464065074920654,,0.6308202147483826,0.6007883548736572,,,,,,,,,,,,,,
0,,109,,,,,,,,,,0.04473114013671875,,0.008931577205657959,,0.3566132187843323,,0.4335472881793976,,0.5368173122406006,,0.6211307644844055,0.5912061929702759,,,,,,,,,,,,,,
0,,119,,,,,,,,,,0.03809356689453125,,0.007316708564758301,,0.3434144854545593,,0.43583133816719055,,0.5313992500305176,,0.6131846308708191,0.5841717720031738,,,,,,,,,,,,,,
0,,129,,,,,,,,,,0.025687217712402344,,0.004800736904144287,,0.3332881033420563,,0.405744343996048,,0.5174390077590942,,0.5992383360862732,0.5695455074310303,,,,,,,,,,,,,,
0,,139,,,,,,,,,,0.02184009552001953,,0.004077404737472534,,0.3048767149448395,,0.4041370153427124,,0.5143277645111084,,0.5844312906265259,0.5574406385421753,,,,,,,,,,,,,,
0,,149,,,,,,,,,,0.016491413116455078,,0.004087299108505249,,0.3061060309410095,,0.4111267328262329,,0.4798400104045868,,0.5457814931869507,0.5223164558410645,,,,,,,,,,,,,,
0,,159,,,,,,,,,,0.014489173889160156,,0.003969252109527588,,0.34951353073120117,,0.38953906297683716,,0.5000166296958923,,0.5464963912963867,0.5261316299438477,,,,,,,,,,,,,,
0,,169,,,,,,,,,,0.015398979187011719,,0.0036354362964630127,,0.3108046054840088,,0.3809964060783386,,0.45393431186676025,,0.5013059377670288,0.4827333688735962,,,,,,,,,,,,,,
0,,179,,,,,,,,,,0.011617660522460938,,0.003095090389251709,,0.2994266748428345,,0.3830481171607971,,0.4458577632904053,,0.4991629123687744,0.4795694649219513,,,,,,,,,,,,,,
0,,189,,,,,,,,,,0.013538360595703125,,0.003184974193572998,,0.3101065456867218,,0.3715279698371887,,0.42889994382858276,,0.48420894145965576,0.4647575914859772,,,,,,,,,,,,,,
0,,199,,,,,,,,,,0.009111404418945312,,0.0026440024375915527,,0.3610481023788452,,0.365049809217453,,0.41819068789482117,,0.47790735960006714,0.4583103656768799,,,,,,,,,,,,,,
0,,209,,,,,,,,,,0.007269144058227539,,0.0023331791162490845,,0.294420063495636,,0.37544143199920654,,0.4053671360015869,,0.4725627601146698,0.4515998959541321,,,,,,,,,,,,,,
0,,219,,,,,,,,,,0.006775617599487305,,0.0018560290336608887,,0.27820104360580444,,0.37025126814842224,,0.3835299015045166,,0.4463925361633301,0.4274367094039917,,,,,,,,,,,,,,
0,,229,,,,,,,,,,0.006346464157104492,,0.001688539981842041,,0.27591174840927124,,0.3458487391471863,,0.3599887490272522,,0.4291699528694153,0.4089297950267792,,,,,,,,,,,,,,
0,,239,,,,,,,,,,0.0068988800048828125,,0.0016341805458068848,,0.3347986340522766,,0.34840285778045654,,0.366942435503006,,0.42632970213890076,0.4089134633541107,,,,,,,,,,,,,,
0,,249,,,,,,,,,,0.006531715393066406,,0.0019167810678482056,,0.35145103931427,,0.33929482102394104,,0.3650110960006714,,0.4401189088821411,0.4186643660068512,,,,,,,,,,,,,,
0,,259,,,,,,,,,,0.006663799285888672,,0.0018266290426254272,,0.32152917981147766,,0.3341657221317291,,0.34332597255706787,,0.4157307744026184,0.39571046829223633,,,,,,,,,,,,,,
0,,269,,,,,,,,,,0.006434917449951172,,0.0017716139554977417,,0.2879905700683594,,0.35442811250686646,,0.3448941111564636,,0.4170773923397064,0.3975713849067688,,,,,,,,,,,,,,
0,,279,,,,,,,,,,0.0059773921966552734,,0.00177861750125885,,0.29553037881851196,,0.34035763144493103,,0.3584021329879761,,0.4178227186203003,0.400092214345932,,,,,,,,,,,,,,
0,,289,,,,,,,,,,0.0054950714111328125,,0.0013975203037261963,,0.34826213121414185,,0.3388429880142212,,0.34313225746154785,,0.398021936416626,0.3829198181629181,,,,,,,,,,,,,,
0,,299,,,,,,,,,,0.005223274230957031,,0.0013237595558166504,,0.2680613100528717,,0.3303653597831726,,0.3333708643913269,,0.3883386254310608,0.3724868893623352,,,,,,,,,,,,,,
0,,309,,,,,,,,,,0.004981517791748047,,0.0010638907551765442,,0.24789053201675415,,0.3429676294326782,,0.32795605063438416,,0.3756162226200104,0.3622807264328003,,,,,,,,,,,,,,
0,,319,,,,,,,,,,0.004000186920166016,,0.0007365792989730835,,0.31938308477401733,,0.33391138911247253,,0.32216987013816833,,0.36806371808052063,0.355941504240036,,,,,,,,,,,,,,
0,,329,,,,,,,,,,0.003812074661254883,,0.0007035583257675171,,0.2838810980319977,,0.3299065828323364,,0.30246686935424805,,0.35410189628601074,0.34116822481155396,,,,,,,,,,,,,,
0,,339,,,,,,,,,,0.003868699073791504,,0.0006492473185062408,,0.2876434326171875,,0.3427577614784241,,0.3270587623119354,,0.3779805302619934,0.364340215921402,,,,,,,,,,,,,,
0,,349,,,,,,,,,,0.004258155822753906,,0.0005846619606018066,,0.37932872772216797,,0.33909308910369873,,0.33035439252853394,,0.36752164363861084,0.35801517963409424,,,,,,,,,,,,,,
0,,359,,,,,,,,,,0.004419803619384766,,0.0005547143518924713,,0.2703476548194885,,0.34237733483314514,,0.30594637989997864,,0.34754645824432373,0.33732908964157104,,,,,,,,,,,,,,
0,,369,,,,,,,,,,0.0045261383056640625,,0.0005337558686733246,,0.28731483221054077,,0.3051987886428833,,0.2969273626804352,,0.32935386896133423,0.32044556736946106,,,,,,,,,,,,,,
0,,379,,,,,,,,,,0.0056400299072265625,,0.0006504878401756287,,0.283048540353775,,0.35563206672668457,,0.3159950375556946,,0.3392269015312195,0.33374398946762085,,,,,,,,,,,,,,
0,,389,,,,,,,,,,0.004561662673950195,,0.00043487921357154846,,0.27235856652259827,,0.33410972356796265,,0.28047677874565125,,0.30562472343444824,0.3007390797138214,,,,,,,,,,,,,,
0,,399,,,,,,,,,,0.0041866302490234375,,0.00037050992250442505,,0.3654615581035614,,0.31109392642974854,,0.2859581708908081,,0.29930880665779114,0.297040730714798,,,,,,,,,,,,,,
0,,409,,,,,,,,,,0.0039272308349609375,,0.00035480596125125885,,0.3198128044605255,,0.32983145117759705,,0.30249282717704773,,0.3024448752403259,0.3028375804424286,,,,,,,,,,,,,,
0,,419,,,,,,,,,,0.004255056381225586,,0.00043705664575099945,,0.27984410524368286,,0.3017774820327759,,0.27610936760902405,,0.2792331576347351,0.2786930501461029,,,,,,,,,,,,,,
0,,429,,,,,,,,,,0.003720998764038086,,0.0003850124776363373,,0.33819299936294556,,0.31028127670288086,,0.2861632704734802,,0.27121424674987793,0.27564510703086853,,,,,,,,,,,,,,
0,,439,,,,,,,,,,0.005217492580413818,,0.0003653038293123245,,0.34917688369750977,,0.3256184160709381,,0.2756021022796631,,0.26831403374671936,0.27233758568763733,,,,,,,,,,,,,,
0,,449,,,,,,,,,,0.003880918025970459,,0.000336717814207077,,0.27539753913879395,,0.3043068051338196,,0.2635207176208496,,0.24893823266029358,0.2536712884902954,,,,,,,,,,,,,,
0,,459,,,,,,,,,,0.003292560577392578,,0.0003359885886311531,,0.31985926628112793,,0.3101227581501007,,0.25099408626556396,,0.2310297191143036,0.23868070542812347,,,,,,,,,,,,,,
0,,469,,,,,,,,,,0.0023012757301330566,,0.0002695182338356972,,0.27938932180404663,,0.3354329466819763,,0.2656760811805725,,0.25647515058517456,0.2612344026565552,,,,,,,,,,,,,,
0,,479,,,,,,,,,,0.003842473030090332,,0.00038836803287267685,,0.27079468965530396,,0.31209367513656616,,0.25258737802505493,,0.22866179049015045,0.2367209941148758,,,,,,,,,,,,,,
0,,489,,,,,,,,,,0.003383636474609375,,0.0006055030971765518,,0.34597939252853394,,0.30627623200416565,,0.2649356722831726,,0.2402876913547516,0.24836726486682892,,,,,,,,,,,,,,
0,,499,,,,,,,,,,0.0027825236320495605,,0.0002934131771326065,,0.2601190507411957,,0.33670568466186523,,0.24866034090518951,,0.19948719441890717,0.21512599289417267,,,,,,,,,,,,,,
0,,509,,,,,,,,,,0.002461552619934082,,0.0002789245918393135,,0.32217472791671753,,0.33031126856803894,,0.26483893394470215,,0.22631271183490753,0.23871156573295593,,,,,,,,,,,,,,
0,,519,,,,,,,,,,0.0023678243160247803,,0.00041165854781866074,,0.2964380979537964,,0.32648998498916626,,0.25228092074394226,,0.20627018809318542,0.22084027528762817,,,,,,,,,,,,,,
0,,529,,,,,,,,,,0.0022086501121520996,,0.00044529372826218605,,0.29502061009407043,,0.3014310300350189,,0.24218983948230743,,0.18935252726078033,0.2050648331642151,,,,,,,,,,,,,,
0,,539,,,,,,,,,,0.001836329698562622,,0.00023035798221826553,,0.3102930784225464,,0.319898784160614,,0.2430965155363083,,0.20076461136341095,0.21484003961086273,,,,,,,,,,,,,,
0,,549,,,,,,,,,,0.0016411244869232178,,0.00021874113008379936,,0.3478311598300934,,0.30864840745925903,,0.2533969283103943,,0.20938074588775635,0.22314783930778503,,,,,,,,,,,,,,
0,,559,,,,,,,,,,0.001661539077758789,,0.00026463624089956284,,0.30549728870391846,,0.3073245882987976,,0.23803828656673431,,0.17630788683891296,0.1948985606431961,,,,,,,,,,,,,,
0,,569,,,,,,,,,,0.0011607706546783447,,0.00015956582501530647,,0.30709606409072876,,0.3128319978713989,,0.2420138716697693,,0.18497982621192932,0.2024259865283966,,,,,,,,,,,,,,
0,,579,,,,,,,,,,0.0013882219791412354,,0.00018800143152475357,,0.3339509069919586,,0.31510230898857117,,0.21504594385623932,,0.16521072387695312,0.18295930325984955,,,,,,,,,,,,,,
0,,589,,,,,,,,,,0.0015234947204589844,,0.0001945318654179573,,0.3078029155731201,,0.331209659576416,,0.2390078902244568,,0.17632174491882324,0.19623740017414093,,,,,,,,,,,,,,
0,,599,,,,,,,,,,0.0011317133903503418,,0.00017727259546518326,,0.3072972297668457,,0.3007071018218994,,0.21114888787269592,,0.1358623206615448,0.15922415256500244,,,,,,,,,,,,,,
0,,609,,,,,,,,,,0.0012376755475997925,,0.00010458333417773247,,0.2872198820114136,,0.2949416935443878,,0.24031546711921692,,0.15801289677619934,0.18080542981624603,,,,,,,,,,,,,,
0,,619,,,,,,,,,,0.0009798705577850342,,0.00014010537415742874,,0.30716776847839355,,0.3091321885585785,,0.21362251043319702,,0.14298760890960693,0.16542664170265198,,,,,,,,,,,,,,
0,,629,,,,,,,,,,0.0009877979755401611,,0.00017574988305568695,,0.3134472370147705,,0.31490445137023926,,0.20560002326965332,,0.1441068947315216,0.16510608792304993,,,,,,,,,,,,,,
0,,639,,,,,,,,,,0.0008464157581329346,,8.49883072078228e-05,,0.27376389503479004,,0.31401923298835754,,0.20958486199378967,,0.1382751762866974,0.160971537232399,,,,,,,,,,,,,,
0,,649,,,,,,,,,,0.0009976327419281006,,0.00011259084567427635,,0.3143782913684845,,0.3059525489807129,,0.21628163754940033,,0.1413295567035675,0.16461686789989471,,,,,,,,,,,,,,
0,,659,,,,,,,,,,0.0008245408535003662,,0.00010952446609735489,,0.28837916254997253,,0.29584842920303345,,0.21555961668491364,,0.13772360980510712,0.16099771857261658,,,,,,,,,,,,,,
0,,669,,,,,,,,,,0.0008121579885482788,,7.899105548858643e-05,,0.25319498777389526,,0.31256434321403503,,0.1971316635608673,,0.11921101063489914,0.1440250128507614,,,,,,,,,,,,,,
0,,679,,,,,,,,,,0.0008571892976760864,,9.226519614458084e-05,,0.3191227316856384,,0.2839771509170532,,0.20899777114391327,,0.12946999073028564,0.15337906777858734,,,,,,,,,,,,,,
0,,689,,,,,,,,,,0.001116529107093811,,0.000127510167658329,,0.30911415815353394,,0.31566405296325684,,0.2148715704679489,,0.12835466861724854,0.15501263737678528,,,,,,,,,,,,,,
0,,699,,,,,,,,,,0.0007558166980743408,,0.00010910863056778908,,0.26509830355644226,,0.3183084726333618,,0.207053542137146,,0.11380717903375626,0.14224085211753845,,,,,,,,,,,,,,
0,,709,,,,,,,,,,0.0008149817585945129,,6.906269118189812e-05,,0.2814914584159851,,0.30061954259872437,,0.19032475352287292,,0.10284923017024994,0.13024568557739258,,,,,,,,,,,,,,
0,,719,,,,,,,,,,0.0007480233907699585,,5.8694276958703995e-05,,0.2903769612312317,,0.30562591552734375,,0.20621424913406372,,0.12154558300971985,0.14759019017219543,,,,,,,,,,,,,,
0,,729,,,,,,,,,,0.0006419867277145386,,9.999191388487816e-05,,0.3186224102973938,,0.2980220317840576,,0.18955786526203156,,0.1087363064289093,0.13483165204524994,,,,,,,,,,,,,,
0,,739,,,,,,,,,,0.0005919784307479858,,6.765592843294144e-05,,0.31895238161087036,,0.2946922779083252,,0.18564167618751526,,0.10079023241996765,0.12798379361629486,,,,,,,,,,,,,,
0,,749,,,,,,,,,,0.0004780702292919159,,5.639065057039261e-05,,0.2749118208885193,,0.3111368417739868,,0.19642582535743713,,0.11059051752090454,0.13761301338672638,,,,,,,,,,,,,,
0,,759,,,,,,,,,,0.0004176199436187744,,7.75214284658432e-05,,0.2882692217826843,,0.28493794798851013,,0.1865217387676239,,0.09825563430786133,0.12543033063411713,,,,,,,,,,,,,,
0,,769,,,,,,,,,,0.0004647746682167053,,5.295732989907265e-05,,0.28116828203201294,,0.28576165437698364,,0.19045302271842957,,0.09210497885942459,0.12150885909795761,,,,,,,,,,,,,,
0,,779,,,,,,,,,,0.0005436763167381287,,6.141467019915581e-05,,0.33558475971221924,,0.2890160083770752,,0.1907869279384613,,0.1034732460975647,0.13089028000831604,,,,,,,,,,,,,,
0,,789,,,,,,,,,,0.00040238723158836365,,4.182569682598114e-05,,0.29955631494522095,,0.31256312131881714,,0.18478448688983917,,0.09860000759363174,0.12679030001163483,,,,,,,,,,,,,,
0,,799,,,,,,,,,,0.0004691220819950104,,5.6791119277477264e-05,,0.3203827738761902,,0.3096179962158203,,0.18108797073364258,,0.09552495926618576,0.1238962933421135,,,,,,,,,,,,,,
0,,809,,,,,,,,,,0.00039252638816833496,,3.0186492949724197e-05,,0.2824235260486603,,0.3043197989463806,,0.18660098314285278,,0.1071038544178009,0.13292305171489716,,,,,,,,,,,,,,
0,,819,,,,,,,,,,0.000490877777338028,,8.882908150553703e-05,,0.2882046401500702,,0.293171226978302,,0.18388356268405914,,0.0945931077003479,0.1225733533501625,,,,,,,,,,,,,,
0,,829,,,,,,,,,,0.00033772923052310944,,5.1649753004312515e-05,,0.3331791162490845,,0.2969440221786499,,0.1832343339920044,,0.10180893540382385,0.1285686194896698,,,,,,,,,,,,,,
0,,839,,,,,,,,,,0.00040002912282943726,,4.444317892193794e-05,,0.3258644938468933,,0.28807055950164795,,0.17032751441001892,,0.0813165009021759,0.11027316004037857,,,,,,,,,,,,,,
0,,849,,,,,,,,,,0.00027446821331977844,,3.139115869998932e-05,,0.26707130670547485,,0.3109186291694641,,0.18016305565834045,,0.09040410071611404,0.11931712925434113,,,,,,,,,,,,,,
0,,859,,,,,,,,,,0.0002901516854763031,,3.345264121890068e-05,,0.267475426197052,,0.3139550983905792,,0.17365694046020508,,0.08292792737483978,0.1126355528831482,,,,,,,,,,,,,,
0,,869,,,,,,,,,,0.00026830658316612244,,6.823800504207611e-05,,0.2949610948562622,,0.2982448935508728,,0.18237313628196716,,0.09859868884086609,0.12561185657978058,,,,,,,,,,,,,,
0,,879,,,,,,,,,,0.00027000531554222107,,2.3985281586647034e-05,,0.3536381125450134,,0.2875240743160248,,0.18201351165771484,,0.09583885967731476,0.12365902960300446,,,,,,,,,,,,,,
0,,889,,,,,,,,,,0.00024214759469032288,,3.089476376771927e-05,,0.2524470090866089,,0.318026602268219,,0.16345034539699554,,0.07763630151748657,0.10676636546850204,,,,,,,,,,,,,,
0,,899,,,,,,,,,,0.00019161216914653778,,5.764467641711235e-05,,0.36188140511512756,,0.2856384515762329,,0.17138803005218506,,0.08508676290512085,0.1136084720492363,,,,,,,,,,,,,,
0,,909,,,,,,,,,,0.0001621190458536148,,3.301212564110756e-05,,0.34355923533439636,,0.29184138774871826,,0.1729511022567749,,0.0731174647808075,0.10499843209981918,,,,,,,,,,,,,,
0,,919,,,,,,,,,,0.00015723146498203278,,2.7153175324201584e-05,,0.25373101234436035,,0.3108598589897156,,0.1616469919681549,,0.07281903922557831,0.1024932786822319,,,,,,,,,,,,,,
0,,929,,,,,,,,,,0.0001881178468465805,,2.7298927307128906e-05,,0.3139083683490753,,0.29502996802330017,,0.16653285920619965,,0.08370813727378845,0.11154161393642426,,,,,,,,,,,,,,
0,,939,,,,,,,,,,0.0001823287457227707,,5.383975803852081e-05,,0.3092408776283264,,0.2874695062637329,,0.15134142339229584,,0.06977513432502747,0.09783109277486801,,,,,,,,,,,,,,
0,,949,,,,,,,,,,0.00019647926092147827,,2.9791612178087234e-05,,0.26500487327575684,,0.2962348461151123,,0.16557170450687408,,0.0672706663608551,0.09851351380348206,,,,,,,,,,,,,,
0,,959,,,,,,,,,,0.00016092322766780853,,2.346886321902275e-05,,0.3084852695465088,,0.3097406327724457,,0.1560601145029068,,0.06520379334688187,0.09632197767496109,,,,,,,,,,,,,,
0,,969,,,,,,,,,,0.000195428729057312,,4.5289285480976105e-05,,0.31614136695861816,,0.2875739634037018,,0.15512199699878693,,0.06298394501209259,0.09353125840425491,,,,,,,,,,,,,,
0,,979,,,,,,,,,,0.00030245445668697357,,3.125891089439392e-05,,0.2989756464958191,,0.2960560917854309,,0.15936371684074402,,0.06423848122358322,0.09546443074941635,,,,,,,,,,,,,,
0,,989,,,,,,,,,,0.00016381777822971344,,1.5466473996639252e-05,,0.30524584650993347,,0.290932834148407,,0.16586238145828247,,0.06784771382808685,0.09922394901514053,,,,,,,,,,,,,,
0,,999,,,,,,,,,,0.00013541057705879211,,2.4450477212667465e-05,,0.3193691074848175,,0.2907848358154297,,0.15044862031936646,,0.06071072816848755,0.09113772958517075,,,,,,,,,,,,,,
0,,1009,,,,,,,,,,0.00017023831605911255,,1.2157484889030457e-05,,0.32977116107940674,,0.2853378653526306,,0.15448075532913208,,0.06019742414355278,0.09137539565563202,,,,,,,,,,,,,,
0,,1019,,,,,,,,,,0.00011820532381534576,,1.0501127690076828e-05,,0.31990349292755127,,0.28444963693618774,,0.1548508107662201,,0.05671532452106476,0.08867523819208145,,,,,,,,,,,,,,
0,,1029,,,,,,,,,,0.00018695369362831116,,2.8434675186872482e-05,,0.30074530839920044,,0.2994201183319092,,0.17331263422966003,,0.06790018081665039,0.10100580751895905,,,,,,,,,,,,,,
0,,1039,,,,,,,,,,0.00011689402163028717,,1.2019183486700058e-05,,0.28704485297203064,,0.27876225113868713,,0.15912571549415588,,0.05940987914800644,0.09084657579660416,,,,,,,,,,,,,,
0,,1049,,,,,,,,,,0.00012861751019954681,,1.1219177395105362e-05,,0.28535640239715576,,0.2957971692085266,,0.13190609216690063,,0.05282475799322128,0.0815805196762085,,,,,,,,,,,,,,
0,,1059,,,,,,,,,,7.832050323486328e-05,,1.2586824595928192e-05,,0.2987993061542511,,0.2940495014190674,,0.14069847762584686,,0.0486874133348465,0.08020132780075073,,,,,,,,,,,,,,
0,,1069,,,,,,,,,,0.00011866912245750427,,2.0592939108610153e-05,,0.31631579995155334,,0.2843572497367859,,0.12675324082374573,,0.04932054877281189,0.07781185954809189,,,,,,,,,,,,,,
0,,1079,,,,,,,,,,0.00018714182078838348,,5.363021045923233e-05,,0.2570871114730835,,0.3102274537086487,,0.14420382678508759,,0.04296422749757767,0.07683508843183517,,,,,,,,,,,,,,
0,,1089,,,,,,,,,,0.00011997297406196594,,1.6683246940374374e-05,,0.3164823055267334,,0.29278364777565,,0.1371217966079712,,0.046932514756917953,0.07836199551820755,,,,,,,,,,,,,,
0,,1099,,,,,,,,,,0.00012834928929805756,,2.7583446353673935e-05,,0.3100568950176239,,0.27617013454437256,,0.13406780362129211,,0.04969795048236847,0.07900959998369217,,,,,,,,,,,,,,
0,,1109,,,,,,,,,,9.008869528770447e-05,,1.340918242931366e-05,,0.28344959020614624,,0.2791009545326233,,0.14116929471492767,,0.044720474630594254,0.07643289864063263,,,,,,,,,,,,,,
0,,1119,,,,,,,,,,0.00018082186579704285,,3.343634307384491e-05,,0.26981982588768005,,0.30569255352020264,,0.1524255871772766,,0.04875580966472626,0.08265835791826248,,,,,,,,,,,,,,
0,,1129,,,,,,,,,,0.00011610239744186401,,1.5890225768089294e-05,,0.33378544449806213,,0.26789912581443787,,0.13220760226249695,,0.04687751829624176,0.07643517851829529,,,,,,,,,,,,,,
0,,1139,,,,,,,,,,0.00013037025928497314,,1.3772863894701004e-05,,0.27681294083595276,,0.3066248893737793,,0.14862769842147827,,0.044557731598615646,0.078922338783741,,,,,,,,,,,,,,
0,,1149,,,,,,,,,,0.0001090075820684433,,3.1954143196344376e-05,,0.31328386068344116,,0.29369890689849854,,0.1421900987625122,,0.047138459980487823,0.07947249710559845,,,,,,,,,,,,,,
0,,1159,,,,,,,,,,0.00010104477405548096,,9.845010936260223e-06,,0.2865957021713257,,0.30916714668273926,,0.12723533809185028,,0.04632692039012909,0.07647134363651276,,,,,,,,,,,,,,
0,,1166,,,,,,,,,,,,,,,,,,,,,,0.9797523021697998,1.0,1.0,0.9212272763252258,0.9030532240867615,0.9586338400840759,0.9906409382820129,0.05785113573074341,2.9206275939941406e-05,2.9206275939941406e-06,0.2974606454372406,0.2736765146255493,0.11401441693305969,0.02685975655913353
0,,1166,0.912702739238739,0.9988213777542114,0.9992533326148987,0.9223287105560303,0.8872498869895935,0.9067773818969727,0.9152023792266846,0.27945226430892944,0.022523172199726105,,0.011307979002594948,,0.3191942274570465,,0.3493780791759491,,0.2926541864871979,,0.27245867252349854,,,,,,,,,,,,,,,,
,0.00029917828430524096,1167,,,,,,,,,,,,,,,,,,,,,,,,,,,,,,,,,,,
1,,1169,,,,,,,,,,0.00012201815843582153,,1.5469733625650406e-05,,0.2801488935947418,,0.29227498173713684,,0.1453939527273178,,0.04921329766511917,0.08117467910051346,,,,,,,,,,,,,,
1,,1179,,,,,,,,,,7.667392492294312e-05,,8.718110620975494e-06,,0.3143724799156189,,0.28953003883361816,,0.1313892900943756,,0.04404253512620926,0.07494154572486877,,,,,,,,,,,,,,
1,,1189,,,,,,,,,,7.597170770168304e-05,,1.0565854609012604e-05,,0.32308506965637207,,0.27938312292099,,0.14438268542289734,,0.04396829754114151,0.0769490897655487,,,,,,,,,,,,,,
1,,1199,,,,,,,,,,0.00010420195758342743,,1.623900607228279e-05,,0.3000126779079437,,0.27700042724609375,,0.1306174248456955,,0.04142820090055466,0.07207980751991272,,,,,,,,,,,,,,
1,,1209,,,,,,,,,,0.00010258331894874573,,1.1591240763664246e-05,,0.2769889831542969,,0.3034243881702423,,0.12485300004482269,,0.04456661641597748,0.07432213425636292,,,,,,,,,,,,,,
1,,1219,,,,,,,,,,0.00011776387691497803,,1.5237834304571152e-05,,0.3150334358215332,,0.28936195373535156,,0.13377174735069275,,0.04045911505818367,0.07270006090402603,,,,,,,,,,,,,,
1,,1229,,,,,,,,,,8.52290540933609e-05,,1.881830394268036e-05,,0.3127018213272095,,0.2755126357078552,,0.12729868292808533,,0.0380403995513916,0.06899489462375641,,,,,,,,,,,,,,
1,,1239,,,,,,,,,,0.00012048706412315369,,1.9020400941371918e-05,,0.27809375524520874,,0.2860674560070038,,0.12775486707687378,,0.0399027094244957,0.07056677341461182,,,,,,,,,,,,,,
1,,1249,,,,,,,,,,8.03489238023758e-05,,1.0044313967227936e-05,,0.28113383054733276,,0.29950499534606934,,0.11989068239927292,,0.03524577617645264,0.06626393646001816,,,,,,,,,,,,,,
1,,1259,,,,,,,,,,8.863769471645355e-05,,7.470604032278061e-06,,0.2896863520145416,,0.28965914249420166,,0.11794529110193253,,0.03738979250192642,0.06714610010385513,,,,,,,,,,,,,,
1,,1269,,,,,,,,,,6.0461461544036865e-05,,9.746290743350983e-06,,0.31417611241340637,,0.29358524084091187,,0.13107435405254364,,0.043282072991132736,0.07449981570243835,,,,,,,,,,,,,,
1,,1279,,,,,,,,,,0.00011354498565196991,,1.4373566955327988e-05,,0.3055837154388428,,0.30020177364349365,,0.11166772991418839,,0.03220995515584946,0.06276363134384155,,,,,,,,,,,,,,
1,,1289,,,,,,,,,,4.221871495246887e-05,,3.356020897626877e-05,,0.25843921303749084,,0.2989659905433655,,0.11469826102256775,,0.036328453570604324,0.06581108272075653,,,,,,,,,,,,,,
1,,1299,,,,,,,,,,8.543767035007477e-05,,1.8415972590446472e-05,,0.3290969729423523,,0.2830958962440491,,0.11970607936382294,,0.03547394648194313,0.0661933571100235,,,,,,,,,,,,,,
1,,1309,,,,,,,,,,6.119534373283386e-05,,1.8452294170856476e-05,,0.30733954906463623,,0.28838682174682617,,0.12027295678853989,,0.029994558542966843,0.06218215078115463,,,,,,,,,,,,,,
1,,1319,,,,,,,,,,7.090158760547638e-05,,2.3287255316972733e-05,,0.26819589734077454,,0.2955816388130188,,0.13505695760250092,,0.035656943917274475,0.06908118724822998,,,,,,,,,,,,,,
1,,1329,,,,,,,,,,7.790140807628632e-05,,1.8191058188676834e-05,,0.29458925127983093,,0.2852380573749542,,0.1273656189441681,,0.03471464663743973,0.06675619632005692,,,,,,,,,,,,,,
1,,1339,,,,,,,,,,5.625374615192413e-05,,1.3538170605897903e-05,,0.2912910580635071,,0.2780853807926178,,0.11224159598350525,,0.027501661330461502,0.058134641498327255,,,,,,,,,,,,,,
1,,1349,,,,,,,,,,9.122304618358612e-05,,1.920107752084732e-05,,0.30102401971817017,,0.2857900857925415,,0.11534249782562256,,0.029734153300523758,0.0608663484454155,,,,,,,,,,,,,,
1,,1359,,,,,,,,,,8.285045623779297e-05,,1.3898126780986786e-05,,0.2878965735435486,,0.28252673149108887,,0.11479467153549194,,0.03191952407360077,0.06209613382816315,,,,,,,,,,,,,,
1,,1369,,,,,,,,,,8.777529001235962e-05,,1.3762153685092926e-05,,0.29564911127090454,,0.2891584038734436,,0.10389591008424759,,0.029788941144943237,0.058855604380369186,,,,,,,,,,,,,,
1,,1379,,,,,,,,,,4.717521369457245e-05,,1.005781814455986e-05,,0.3295910358428955,,0.2617546319961548,,0.09985750913619995,,0.024975374341011047,0.05360011011362076,,,,,,,,,,,,,,
1,,1389,,,,,,,,,,7.664971053600311e-05,,1.4347489923238754e-05,,0.3097195327281952,,0.2768039107322693,,0.10595054179430008,,0.024566136300563812,0.05490854009985924,,,,,,,,,,,,,,
1,,1399,,,,,,,,,,6.297044456005096e-05,,9.912066161632538e-06,,0.25131577253341675,,0.3020264208316803,,0.11553604900836945,,0.030949661508202553,0.0619930624961853,,,,,,,,,,,,,,
1,,1409,,,,,,,,,,7.064454257488251e-05,,1.2481585144996643e-05,,0.32072967290878296,,0.2569516599178314,,0.09850944578647614,,0.023985031992197037,0.05227530375123024,,,,,,,,,,,,,,
1,,1419,,,,,,,,,,6.997212767601013e-05,,1.080753281712532e-05,,0.31376564502716064,,0.26516959071159363,,0.11125272512435913,,0.022834572941064835,0.05410587787628174,,,,,,,,,,,,,,
1,,1429,,,,,,,,,,8.20644199848175e-05,,1.3759825378656387e-05,,0.2985718846321106,,0.2771540582180023,,0.11663448065519333,,0.029674816876649857,0.060630470514297485,,,,,,,,,,,,,,
1,,1439,,,,,,,,,,6.62878155708313e-05,,2.2685620933771133e-05,,0.30578044056892395,,0.2815675139427185,,0.10587093234062195,,0.02417887933552265,0.05478028953075409,,,,,,,,,,,,,,
1,,1449,,,,,,,,,,9.137764573097229e-05,,6.446614861488342e-06,,0.34356585144996643,,0.29060855507850647,,0.1169077455997467,,0.03211377561092377,0.0636696070432663,,,,,,,,,,,,,,
1,,1459,,,,,,,,,,3.6092475056648254e-05,,7.0142559707164764e-06,,0.2964819669723511,,0.28879478573799133,,0.11219210922718048,,0.027529213577508926,0.05870896950364113,,,,,,,,,,,,,,
1,,1469,,,,,,,,,,3.952533006668091e-05,,3.295065835118294e-05,,0.3354185223579407,,0.2735311985015869,,0.10340344905853271,,0.022756798192858696,0.05322132632136345,,,,,,,,,,,,,,
1,,1479,,,,,,,,,,2.9537826776504517e-05,,1.002708449959755e-05,,0.2617267370223999,,0.2858613133430481,,0.10712027549743652,,0.019809920340776443,0.051421958953142166,,,,,,,,,,,,,,
1,,1489,,,,,,,,,,2.458319067955017e-05,,4.007481038570404e-06,,0.2910149097442627,,0.2764267921447754,,0.11201178282499313,,0.026125606149435043,0.056978192180395126,,,,,,,,,,,,,,
1,,1499,,,,,,,,,,3.213062882423401e-05,,1.9296538084745407e-05,,0.30636003613471985,,0.27682292461395264,,0.10650719702243805,,0.01892898790538311,0.050745539367198944,,,,,,,,,,,,,,
1,,1509,,,,,,,,,,4.1540712118148804e-05,,8.058734238147736e-06,,0.28594154119491577,,0.2767258286476135,,0.10918556898832321,,0.025073902681469917,0.05561375245451927,,,,,,,,,,,,,,
1,,1519,,,,,,,,,,5.46574592590332e-05,,1.6544479876756668e-05,,0.3115662932395935,,0.27481144666671753,,0.10171850025653839,,0.023384323343634605,0.05315648391842842,,,,,,,,,,,,,,
1,,1529,,,,,,,,,,4.682503640651703e-05,,2.1931715309619904e-05,,0.26839232444763184,,0.28502821922302246,,0.10679221153259277,,0.021325629204511642,0.052536603063344955,,,,,,,,,,,,,,
1,,1539,,,,,,,,,,2.8930604457855225e-05,,5.3942203521728516e-06,,0.31510958075523376,,0.27775251865386963,,0.10557074844837189,,0.021337945014238358,0.0525231771171093,,,,,,,,,,,,,,
1,,1549,,,,,,,,,,5.2211806178092957e-05,,8.293427526950836e-06,,0.2596643269062042,,0.2909786105155945,,0.09125228226184845,,0.020746992900967598,0.04936472699046135,,,,,,,,,,,,,,
1,,1559,,,,,,,,,,3.7923455238342285e-05,,3.0472874641418457e-05,,0.3137812614440918,,0.2698724865913391,,0.10590767115354538,,0.018960826098918915,0.05041813105344772,,,,,,,,,,,,,,
1,,1569,,,,,,,,,,3.3428892493247986e-05,,5.534850060939789e-06,,0.28861838579177856,,0.26074713468551636,,0.09775488078594208,,0.018905755132436752,0.04812491312623024,,,,,,,,,,,,,,
1,,1579,,,,,,,,,,4.6251341700553894e-05,,8.797738701105118e-06,,0.3142971098423004,,0.27166974544525146,,0.09786389768123627,,0.015734046697616577,0.046579137444496155,,,,,,,,,,,,,,
1,,1589,,,,,,,,,,4.296749830245972e-05,,6.2980689108371735e-06,,0.31673282384872437,,0.2689128518104553,,0.11010166257619858,,0.023045361042022705,0.05425838381052017,,,,,,,,,,,,,,
1,,1599,,,,,,,,,,6.619095802307129e-05,,2.987496554851532e-05,,0.31188976764678955,,0.27281075716018677,,0.10506699234247208,,0.02208956703543663,0.05272321030497551,,,,,,,,,,,,,,
1,,1609,,,,,,,,,,4.789792001247406e-05,,5.918554961681366e-06,,0.2857134938240051,,0.29525768756866455,,0.09536397457122803,,0.022203173488378525,0.05173421651124954,,,,,,,,,,,,,,
1,,1619,,,,,,,,,,3.351643681526184e-05,,8.267350494861603e-06,,0.307531476020813,,0.27301347255706787,,0.09887075424194336,,0.01903214491903782,0.049225833266973495,,,,,,,,,,,,,,
1,,1629,,,,,,,,,,3.7219375371932983e-05,,7.827766239643097e-06,,0.29966461658477783,,0.2696404755115509,,0.09610560536384583,,0.019450921565294266,0.04877104237675667,,,,,,,,,,,,,,
1,,1639,,,,,,,,,,2.7224421501159668e-05,,4.2906031012535095e-06,,0.3024548888206482,,0.26607751846313477,,0.09558233618736267,,0.0180865116417408,0.047514986246824265,,,,,,,,,,,,,,
1,,1649,,,,,,,,,,3.902427852153778e-05,,7.961411029100418e-06,,0.3023933172225952,,0.27010366320610046,,0.09171736240386963,,0.01738762855529785,0.04645390436053276,,,,,,,,,,,,,,
1,,1659,,,,,,,,,,3.1361356377601624e-05,,5.144160240888596e-06,,0.2921779155731201,,0.28631889820098877,,0.09358399361371994,,0.018721016123890877,0.04844478517770767,,,,,,,,,,,,,,
1,,1669,,,,,,,,,,3.197602927684784e-05,,3.3015385270118713e-06,,0.2850860357284546,,0.2757611870765686,,0.09661245346069336,,0.018635546788573265,0.048370495438575745,,,,,,,,,,,,,,
1,,1679,,,,,,,,,,2.113915979862213e-05,,3.4300610423088074e-06,,0.3256615102291107,,0.259822279214859,,0.09100870788097382,,0.01992984116077423,0.04801877960562706,,,,,,,,,,,,,,
1,,1689,,,,,,,,,,3.769993782043457e-05,,7.738824933767319e-06,,0.3210488557815552,,0.2775830030441284,,0.09186307340860367,,0.01708485744893551,0.046823445707559586,,,,,,,,,,,,,,
1,,1699,,,,,,,,,,2.9090791940689087e-05,,2.413848415017128e-05,,0.284706711769104,,0.2721153199672699,,0.0881161093711853,,0.01809694617986679,0.046197663992643356,,,,,,,,,,,,,,
1,,1709,,,,,,,,,,2.3404136300086975e-05,,1.0540708899497986e-05,,0.28663358092308044,,0.2820660471916199,,0.09855286777019501,,0.01927022635936737,0.04952430725097656,,,,,,,,,,,,,,
1,,1719,,,,,,,,,,2.7224421501159668e-05,,9.074341505765915e-06,,0.25113940238952637,,0.28243136405944824,,0.09506277740001678,,0.016985269263386726,0.04675669223070145,,,,,,,,,,,,,,
1,,1729,,,,,,,,,,3.661029040813446e-05,,1.0279938578605652e-05,,0.32392966747283936,,0.26206567883491516,,0.08783179521560669,,0.013821875676512718,0.04292578622698784,,,,,,,,,,,,,,
1,,1739,,,,,,,,,,5.062483251094818e-05,,1.2084376066923141e-05,,0.29013606905937195,,0.29042530059814453,,0.09410002827644348,,0.016740115359425545,0.04722416400909424,,,,,,,,,,,,,,
1,,1749,,,,,,,,,,3.3155083656311035e-05,,1.6631092876195908e-05,,0.3195332884788513,,0.2754329442977905,,0.08145691454410553,,0.013054259121418,0.041729576885700226,,,,,,,,,,,,,,
1,,1759,,,,,,,,,,3.16128134727478e-05,,6.048474460840225e-06,,0.2892189025878906,,0.29383206367492676,,0.09196515381336212,,0.01989348977804184,0.04933833330869675,,,,,,,,,,,,,,
1,,1769,,,,,,,,,,3.750808537006378e-05,,1.800619065761566e-05,,0.2944713234901428,,0.26873141527175903,,0.0889851301908493,,0.016825463622808456,0.04536258801817894,,,,,,,,,,,,,,
1,,1779,,,,,,,,,,2.228468656539917e-05,,4.194676876068115e-06,,0.2926577925682068,,0.28435271978378296,,0.09148738533258438,,0.015679318457841873,0.04568317532539368,,,,,,,,,,,,,,
1,,1789,,,,,,,,,,3.1711533665657043e-05,,4.761386662721634e-06,,0.31358522176742554,,0.2777596116065979,,0.09716485440731049,,0.017143771052360535,0.04778274893760681,,,,,,,,,,,,,,
1,,1799,,,,,,,,,,5.5829063057899475e-05,,1.3736542314291e-05,,0.28829848766326904,,0.2819749712944031,,0.09544983506202698,,0.016647951677441597,0.04699043557047844,,,,,,,,,,,,,,
1,,1809,,,,,,,,,,3.8232654333114624e-05,,9.004957973957062e-06,,0.28451037406921387,,0.28053903579711914,,0.08553940057754517,,0.013459521345794201,0.04262811318039894,,,,,,,,,,,,,,
1,,1819,,,,,,,,,,2.9535964131355286e-05,,6.610061973333359e-06,,0.28690987825393677,,0.2662099003791809,,0.08487193286418915,,0.01315643172711134,0.04163183271884918,,,,,,,,,,,,,,
1,,1829,,,,,,,,,,3.6599114537239075e-05,,1.5424564480781555e-05,,0.3132665753364563,,0.2685999870300293,,0.08289793133735657,,0.013986090198159218,0.04230504855513573,,,,,,,,,,,,,,
1,,1839,,,,,,,,,,3.781355917453766e-05,,1.4997553080320358e-05,,0.28728026151657104,,0.28593480587005615,,0.09474724531173706,,0.014986366033554077,0.04578589275479317,,,,,,,,,,,,,,
1,,1849,,,,,,,,,,2.2860243916511536e-05,,1.0716728866100311e-05,,0.3262979984283447,,0.27580925822257996,,0.08279125392436981,,0.014329537749290466,0.043033432215452194,,,,,,,,,,,,,,
1,,1859,,,,,,,,,,3.5570934414863586e-05,,1.2315809726715088e-05,,0.30113786458969116,,0.2785310745239258,,0.09142860025167465,,0.014153778553009033,0.04435419291257858,,,,,,,,,,,,,,
1,,1869,,,,,,,,,,2.8463080525398254e-05,,7.062545046210289e-05,,0.30957382917404175,,0.28530943393707275,,0.08126746118068695,,0.014607350341975689,0.043205637484788895,,,,,,,,,,,,,,
1,,1879,,,,,,,,,,1.5445053577423096e-05,,3.414694219827652e-06,,0.29974794387817383,,0.2673739492893219,,0.09697225689888,,0.013297485187649727,0.04421205073595047,,,,,,,,,,,,,,
1,,1889,,,,,,,,,,4.9836933612823486e-05,,1.275632530450821e-05,,0.3335268199443817,,0.24347510933876038,,0.0833592340350151,,0.012364635244011879,0.04023464396595955,,,,,,,,,,,,,,
1,,1899,,,,,,,,,,3.561563789844513e-05,,5.832407623529434e-06,,0.30483442544937134,,0.26050543785095215,,0.09284408390522003,,0.014853700995445251,0.04434288293123245,,,,,,,,,,,,,,
1,,1909,,,,,,,,,,3.880448639392853e-05,,3.287568688392639e-06,,0.31176844239234924,,0.2558436989784241,,0.07871991395950317,,0.011556007899343967,0.03908278048038483,,,,,,,,,,,,,,
1,,1919,,,,,,,,,,6.632693111896515e-05,,1.0711140930652618e-05,,0.2744940221309662,,0.2704397737979889,,0.08897559344768524,,0.014918132685124874,0.04377588629722595,,,,,,,,,,,,,,
1,,1929,,,,,,,,,,5.7522207498550415e-05,,7.457565516233444e-06,,0.28748875856399536,,0.2773752212524414,,0.07617135345935822,,0.01076808013021946,0.0387386828660965,,,,,,,,,,,,,,
1,,1939,,,,,,,,,,2.8736889362335205e-05,,6.087124347686768e-06,,0.31115037202835083,,0.27814096212387085,,0.07543753832578659,,0.013677284121513367,0.041096728295087814,,,,,,,,,,,,,,
1,,1949,,,,,,,,,,5.327165126800537e-05,,5.999580025672913e-06,,0.3321824073791504,,0.2675800323486328,,0.08959152549505234,,0.015221643261611462,0.044661182910203934,,,,,,,,,,,,,,
1,,1959,,,,,,,,,,3.5453587770462036e-05,,2.1265819668769836e-05,,0.25678184628486633,,0.2961592674255371,,0.09148228168487549,,0.0152057483792305,0.0454600565135479,,,,,,,,,,,,,,
1,,1969,,,,,,,,,,3.787316381931305e-05,,4.712492227554321e-06,,0.29935604333877563,,0.2834239602088928,,0.08251024037599564,,0.012961169704794884,0.041995417326688766,,,,,,,,,,,,,,
1,,1979,,,,,,,,,,2.545677125453949e-05,,1.220637932419777e-05,,0.3138635754585266,,0.25855159759521484,,0.08282497525215149,,0.012324193492531776,0.04058048874139786,,,,,,,,,,,,,,
1,,1989,,,,,,,,,,1.1041760444641113e-05,,3.139954060316086e-06,,0.29991596937179565,,0.2759042978286743,,0.07947339117527008,,0.01303357444703579,0.04113415628671646,,,,,,,,,,,,,,
1,,1999,,,,,,,,,,1.6422942280769348e-05,,7.74255022406578e-06,,0.32161641120910645,,0.27001529932022095,,0.07873865962028503,,0.011484898626804352,0.0398128367960453,,,,,,,,,,,,,,
1,,2009,,,,,,,,,,1.2334436178207397e-05,,7.336027920246124e-06,,0.36149996519088745,,0.2502981424331665,,0.07816718518733978,,0.012957718223333359,0.04035357013344765,,,,,,,,,,,,,,
1,,2019,,,,,,,,,,1.7939135432243347e-05,,8.809845894575119e-06,,0.270284503698349,,0.28694474697113037,,0.0772843062877655,,0.01304919458925724,0.04090566188097,,,,,,,,,,,,,,
1,,2029,,,,,,,,,,2.812407910823822e-05,,1.0804273188114166e-05,,0.25324636697769165,,0.286268949508667,,0.08109398186206818,,0.011177119798958302,0.039984364062547684,,,,,,,,,,,,,,
1,,2039,,,,,,,,,,1.8155202269554138e-05,,1.0804738849401474e-05,,0.2764408588409424,,0.27623581886291504,,0.08504271507263184,,0.011261429637670517,0.04058963060379028,,,,,,,,,,,,,,
1,,2049,,,,,,,,,,1.3792887330055237e-05,,5.5138953030109406e-06,,0.30214667320251465,,0.26292067766189575,,0.08030425012111664,,0.0122845359146595,0.04014546424150467,,,,,,,,,,,,,,
1,,2059,,,,,,,,,,1.4001503586769104e-05,,1.6515608876943588e-05,,0.3002721667289734,,0.26986074447631836,,0.07506218552589417,,0.01010984368622303,0.037834376096725464,,,,,,,,,,,,,,
1,,2069,,,,,,,,,,1.4875084161758423e-05,,4.925765097141266e-06,,0.28781187534332275,,0.27233579754829407,,0.08552785217761993,,0.011795061640441418,0.04103134945034981,,,,,,,,,,,,,,
1,,2079,,,,,,,,,,1.7374753952026367e-05,,5.56139275431633e-06,,0.3281517028808594,,0.28298890590667725,,0.06445876508951187,,0.010711518116295338,0.03723940998315811,,,,,,,,,,,,,,
1,,2089,,,,,,,,,,1.2326985597610474e-05,,1.542363315820694e-05,,0.27290254831314087,,0.27661797404289246,,0.08650949597358704,,0.011094707064330578,0.04071610048413277,,,,,,,,,,,,,,
1,,2099,,,,,,,,,,1.12093985080719e-05,,9.606592357158661e-06,,0.29229921102523804,,0.2717125713825226,,0.0742887407541275,,0.009481006301939487,0.03721092268824577,,,,,,,,,,,,,,
1,,2109,,,,,,,,,,1.0767951607704163e-05,,1.2198928743600845e-05,,0.2418302297592163,,0.280548095703125,,0.08532804250717163,,0.01111553143709898,0.0403301864862442,,,,,,,,,,,,,,
1,,2119,,,,,,,,,,1.4185905456542969e-05,,1.3090204447507858e-05,,0.2587137818336487,,0.28989750146865845,,0.08360369503498077,,0.01070351991802454,0.040333978831768036,,,,,,,,,,,,,,
1,,2129,,,,,,,,,,1.798383891582489e-05,,2.3807398974895477e-05,,0.2836986184120178,,0.2837924063205719,,0.0798419639468193,,0.01079835370182991,0.0397062748670578,,,,,,,,,,,,,,
1,,2139,,,,,,,,,,1.1850148439407349e-05,,1.0093208402395248e-05,,0.2948879599571228,,0.28577107191085815,,0.06884202361106873,,0.010163694620132446,0.0373910553753376,,,,,,,,,,,,,,
1,,2149,,,,,,,,,,1.1933967471122742e-05,,8.064322173595428e-06,,0.28771132230758667,,0.2674940824508667,,0.0717700719833374,,0.009227200411260128,0.03629658371210098,,,,,,,,,,,,,,
1,,2159,,,,,,,,,,2.9165297746658325e-05,,5.507376044988632e-06,,0.30429625511169434,,0.27884671092033386,,0.07410620152950287,,0.009790421463549137,0.037883926182985306,,,,,,,,,,,,,,
1,,2169,,,,,,,,,,1.179426908493042e-05,,3.9567239582538605e-06,,0.3032311201095581,,0.2606274485588074,,0.0861101821064949,,0.009828553535044193,0.039297088980674744,,,,,,,,,,,,,,
1,,2179,,,,,,,,,,1.7121434211730957e-05,,6.86105340719223e-06,,0.27313730120658875,,0.2776346206665039,,0.08056564629077911,,0.010270833969116211,0.03903369978070259,,,,,,,,,,,,,,
1,,2189,,,,,,,,,,3.639236092567444e-05,,1.2540258467197418e-05,,0.32940536737442017,,0.26259392499923706,,0.07527664303779602,,0.011508485302329063,0.03892461210489273,,,,,,,,,,,,,,
1,,2199,,,,,,,,,,3.4356489777565e-05,,1.6018282622098923e-05,,0.3128823935985565,,0.2661208212375641,,0.07366583496332169,,0.010310782119631767,0.037695709615945816,,,,,,,,,,,,,,
1,,2209,,,,,,,,,,1.8322840332984924e-05,,7.700175046920776e-06,,0.30461978912353516,,0.270607054233551,,0.07258465141057968,,0.009177299216389656,0.03675607591867447,,,,,,,,,,,,,,
1,,2219,,,,,,,,,,2.4104490876197815e-05,,1.4166347682476044e-05,,0.2852112054824829,,0.27525073289871216,,0.07874727249145508,,0.008048172108829021,0.03705504536628723,,,,,,,,,,,,,,
1,,2229,,,,,,,,,,9.706243872642517e-06,,8.940696716308594e-06,,0.26899978518486023,,0.2764032781124115,,0.08769911527633667,,0.01234014704823494,0.04181768372654915,,,,,,,,,,,,,,
1,,2239,,,,,,,,,,1.1615455150604248e-05,,6.026122719049454e-06,,0.2875571846961975,,0.2754097580909729,,0.08605465292930603,,0.010794045403599739,0.04052034020423889,,,,,,,,,,,,,,
1,,2249,,,,,,,,,,2.3309141397476196e-05,,1.4060176908969879e-05,,0.2806512415409088,,0.28246596455574036,,0.08826489001512527,,0.012066054157912731,0.04213902726769447,,,,,,,,,,,,,,
1,,2259,,,,,,,,,,1.1550262570381165e-05,,1.9894447177648544e-05,,0.3050575852394104,,0.28329208493232727,,0.06656971573829651,,0.00990651361644268,0.03677496314048767,,,,,,,,,,,,,,
1,,2269,,,,,,,,,,1.3044103980064392e-05,,3.1497329473495483e-06,,0.27817168831825256,,0.2757290005683899,,0.0804477334022522,,0.01118194404989481,0.03966473042964935,,,,,,,,,,,,,,
1,,2279,,,,,,,,,,1.1568889021873474e-05,,1.0849442332983017e-05,,0.302989661693573,,0.2645697593688965,,0.07690783590078354,,0.009358864277601242,0.037400905042886734,,,,,,,,,,,,,,
1,,2289,,,,,,,,,,1.348741352558136e-05,,1.1118128895759583e-05,,0.22317267954349518,,0.2853902578353882,,0.07280559092760086,,0.008405691012740135,0.03595711290836334,,,,,,,,,,,,,,
1,,2299,,,,,,,,,,1.4957040548324585e-05,,5.781184881925583e-06,,0.297118604183197,,0.2698622941970825,,0.06541063636541367,,0.00874319951981306,0.034962113946676254,,,,,,,,,,,,,,
1,,2309,,,,,,,,,,1.1667609214782715e-05,,3.0943192541599274e-06,,0.26595401763916016,,0.2849363088607788,,0.08217937499284744,,0.010707573965191841,0.039922114461660385,,,,,,,,,,,,,,
1,,2319,,,,,,,,,,1.0987743735313416e-05,,3.453809767961502e-06,,0.30648767948150635,,0.26034533977508545,,0.07260780781507492,,0.00897999107837677,0.03615314140915871,,,,,,,,,,,,,,
1,,2329,,,,,,,,,,4.751607775688171e-06,,2.7297064661979675e-06,,0.32466834783554077,,0.2594839930534363,,0.07027816772460938,,0.009047560393810272,0.03593963384628296,,,,,,,,,,,,,,
1,,2333,,,,,,,,,,,,,,,,,,,,,,0.9895745515823364,1.0,1.0,0.9212272763252258,0.9051448702812195,0.9776396155357361,0.9988521337509155,0.028695857152342796,1.6689300537109375e-06,5.960464477539062e-07,0.29933837056159973,0.26213735342025757,0.05627511069178581,0.003122273599728942
1,,2333,0.9826892018318176,1.0,1.0,0.9231616258621216,0.9008635878562927,0.9646809101104736,0.9931510090827942,0.04895045980811119,4.275470564607531e-05,,1.3486461284628604e-05,,0.29749470949172974,,0.2770833373069763,,0.09575632214546204,,0.019346076995134354,,,,,,,,,,,,,,,,
,0.0002967221401100708,2334,,,,,,,,,,,,,,,,,,,,,,,,,,,,,,,,,,,
2,,2339,,,,,,,,,,2.499297261238098e-05,,3.6819837987422943e-06,,0.2880362272262573,,0.27660322189331055,,0.06158701702952385,,0.008132338523864746,0.033996351063251495,,,,,,,,,,,,,,
2,,2349,,,,,,,,,,8.171424269676208e-06,,4.2994506657123566e-06,,0.30196696519851685,,0.26201868057250977,,0.08306741714477539,,0.009814303368330002,0.038766153156757355,,,,,,,,,,,,,,
2,,2359,,,,,,,,,,7.968395948410034e-06,,4.7390349209308624e-06,,0.2749629020690918,,0.27900466322898865,,0.06763029098510742,,0.00825221836566925,0.0351790152490139,,,,,,,,,,,,,,
2,,2369,,,,,,,,,,1.2528151273727417e-05,,5.542300641536713e-06,,0.29390063881874084,,0.27996402978897095,,0.06576487421989441,,0.00821940042078495,0.035071518272161484,,,,,,,,,,,,,,
2,,2379,,,,,,,,,,8.888542652130127e-06,,1.0262243449687958e-05,,0.33596307039260864,,0.2626250982284546,,0.07183919847011566,,0.009199203923344612,0.036625850945711136,,,,,,,,,,,,,,
2,,2389,,,,,,,,,,6.992369890213013e-06,,9.324401617050171e-06,,0.29679521918296814,,0.27258071303367615,,0.07229197770357132,,0.008638042956590652,0.03629746288061142,,,,,,,,,,,,,,
2,,2399,,,,,,,,,,8.691102266311646e-06,,1.3437587767839432e-05,,0.27448999881744385,,0.27803200483322144,,0.06899604201316833,,0.007162854075431824,0.034566815942525864,,,,,,,,,,,,,,
2,,2409,,,,,,,,,,5.5264681577682495e-06,,1.2861564755439758e-05,,0.29473745822906494,,0.25236356258392334,,0.0661848857998848,,0.006460626609623432,0.032546620815992355,,,,,,,,,,,,,,
2,,2419,,,,,,,,,,7.489696145057678e-06,,6.011221557855606e-06,,0.3222401738166809,,0.25227758288383484,,0.06382586061954498,,0.008790990337729454,0.0341707244515419,,,,,,,,,,,,,,
2,,2429,,,,,,,,,,9.236857295036316e-06,,1.4902092516422272e-05,,0.266210675239563,,0.2775861918926239,,0.07233273983001709,,0.007192309945821762,0.035096749663352966,,,,,,,,,,,,,,
2,,2439,,,,,,,,,,1.0969117283821106e-05,,8.705444633960724e-05,,0.2849312722682953,,0.2608962655067444,,0.06692290306091309,,0.008267286233603954,0.03432570770382881,,,,,,,,,,,,,,
2,,2449,,,,,,,,,,4.326924681663513e-06,,8.875969797372818e-06,,0.29115167260169983,,0.2754403054714203,,0.06173695623874664,,0.008395185694098473,0.03420364856719971,,,,,,,,,,,,,,
2,,2459,,,,,,,,,,9.162351489067078e-06,,6.495509296655655e-06,,0.32075759768486023,,0.25685012340545654,,0.06852619349956512,,0.00752984918653965,0.034303177148103714,,,,,,,,,,,,,,
2,,2469,,,,,,,,,,3.9735808968544006e-05,,1.0334420949220657e-05,,0.2981456518173218,,0.26840510964393616,,0.06619435548782349,,0.007677341811358929,0.034253254532814026,,,,,,,,,,,,,,
2,,2479,,,,,,,,,,9.221956133842468e-06,,4.663132131099701e-06,,0.34626665711402893,,0.2445191591978073,,0.05950576439499855,,0.007020934950560331,0.03195050358772278,,,,,,,,,,,,,,
2,,2489,,,,,,,,,,4.6510249376297e-06,,3.868713974952698e-06,,0.3028285801410675,,0.24918223917484283,,0.06909879297018051,,0.006050126627087593,0.032730814069509506,,,,,,,,,,,,,,
2,,2499,,,,,,,,,,1.0671094059944153e-05,,3.112945705652237e-06,,0.3181697130203247,,0.2593490779399872,,0.06658868491649628,,0.008114391937851906,0.03446514531970024,,,,,,,,,,,,,,
2,,2509,,,,,,,,,,9.991228580474854e-06,,4.684552550315857e-06,,0.3156592845916748,,0.266719251871109,,0.06237752363085747,,0.006750461645424366,0.03296830132603645,,,,,,,,,,,,,,
2,,2519,,,,,,,,,,1.5577301383018494e-05,,5.661975592374802e-06,,0.30176877975463867,,0.2773516774177551,,0.06276534497737885,,0.006843728944659233,0.03344670683145523,,,,,,,,,,,,,,
2,,2529,,,,,,,,,,6.401911377906799e-06,,3.0300579965114594e-06,,0.302145779132843,,0.26661399006843567,,0.06780758500099182,,0.006653163116425276,0.033750347793102264,,,,,,,,,,,,,,
2,,2539,,,,,,,,,,1.2986361980438232e-05,,5.7620927691459656e-06,,0.26369282603263855,,0.2698096036911011,,0.08202780038118362,,0.008413449861109257,0.037436943501234055,,,,,,,,,,,,,,
2,,2549,,,,,,,,,,1.1121854186058044e-05,,1.1533033102750778e-05,,0.32897526025772095,,0.2609369456768036,,0.06168471276760101,,0.009523081593215466,0.03480333462357521,,,,,,,,,,,,,,
2,,2559,,,,,,,,,,1.5389174222946167e-05,,2.8746668249368668e-05,,0.2936199903488159,,0.27651703357696533,,0.0630309134721756,,0.006443680729717016,0.03306181728839874,,,,,,,,,,,,,,
2,,2569,,,,,,,,,,1.2433156371116638e-05,,4.206318408250809e-06,,0.2940504550933838,,0.27051877975463867,,0.06915818154811859,,0.007147841155529022,0.03446294739842415,,,,,,,,,,,,,,
2,,2579,,,,,,,,,,9.275972843170166e-06,,5.4067932069301605e-06,,0.31170305609703064,,0.2776308059692383,,0.06255995482206345,,0.007051799446344376,0.03369380533695221,,,,,,,,,,,,,,
2,,2589,,,,,,,,,,1.1106953024864197e-05,,6.304588168859482e-06,,0.28724730014801025,,0.26277071237564087,,0.06344401836395264,,0.006913360673934221,0.032772358506917953,,,,,,,,,,,,,,
2,,2599,,,,,,,,,,1.687183976173401e-05,,7.0445239543914795e-06,,0.2917473018169403,,0.26074957847595215,,0.06866193562746048,,0.006727905943989754,0.0335698239505291,,,,,,,,,,,,,,
2,,2609,,,,,,,,,,1.6609206795692444e-05,,9.733717888593674e-06,,0.30676135420799255,,0.2523699700832367,,0.05855269730091095,,0.00635607959702611,0.031178046017885208,,,,,,,,,,,,,,
2,,2619,,,,,,,,,,1.817755401134491e-05,,1.9659288227558136e-05,,0.2615516781806946,,0.28151342272758484,,0.07448864728212357,,0.007763643283396959,0.03605922684073448,,,,,,,,,,,,,,
2,,2629,,,,,,,,,,1.424737274646759e-05,,2.2556167095899582e-05,,0.281144917011261,,0.26970773935317993,,0.06323420256376266,,0.007374891079962254,0.03333301097154617,,,,,,,,,,,,,,
2,,2639,,,,,,,,,,1.936778426170349e-05,,4.801899194717407e-06,,0.2941160500049591,,0.275768518447876,,0.07380373775959015,,0.00736042857170105,0.035740599036216736,,,,,,,,,,,,,,
2,,2649,,,,,,,,,,1.4871358871459961e-05,,3.407709300518036e-06,,0.3312046527862549,,0.2551049590110779,,0.05990149825811386,,0.005910578183829784,0.03151153028011322,,,,,,,,,,,,,,
2,,2659,,,,,,,,,,1.971796154975891e-05,,1.071067526936531e-05,,0.3048047721385956,,0.2675728499889374,,0.06320028752088547,,0.006073566619306803,0.032527629286050797,,,,,,,,,,,,,,
2,,2669,,,,,,,,,,1.948513090610504e-05,,7.401220500469208e-06,,0.3186742067337036,,0.25744229555130005,,0.06743323057889938,,0.007317297160625458,0.033942099660634995,,,,,,,,,,,,,,
2,,2679,,,,,,,,,,3.1810253858566284e-05,,3.659212961792946e-05,,0.33820289373397827,,0.2617781460285187,,0.05833309143781662,,0.008072914555668831,0.033234547823667526,,,,,,,,,,,,,,
2,,2689,,,,,,,,,,3.221072256565094e-05,,7.962808012962341e-06,,0.28467634320259094,,0.2714870572090149,,0.05834125354886055,,0.0065729208290576935,0.03193852677941322,,,,,,,,,,,,,,
2,,2699,,,,,,,,,,3.257952630519867e-05,,4.773493856191635e-06,,0.28404712677001953,,0.26630765199661255,,0.06026143580675125,,0.006002024747431278,0.031620144844055176,,,,,,,,,,,,,,
2,,2709,,,,,,,,,,5.893222987651825e-05,,1.5794765204191208e-05,,0.32215869426727295,,0.26502084732055664,,0.06167085841298103,,0.007006708532571793,0.0330246202647686,,,,,,,,,,,,,,
2,,2719,,,,,,,,,,2.127140760421753e-05,,4.1476450860500336e-06,,0.2533208131790161,,0.2731187343597412,,0.06647346913814545,,0.0072148763574659824,0.03365422412753105,,,,,,,,,,,,,,
2,,2729,,,,,,,,,,2.2761523723602295e-05,,1.473957672715187e-05,,0.29270249605178833,,0.26801246404647827,,0.05789146572351456,,0.006570355501025915,0.03178342804312706,,,,,,,,,,,,,,
2,,2739,,,,,,,,,,2.023950219154358e-05,,5.345325917005539e-06,,0.2752898931503296,,0.25777608156204224,,0.07408741116523743,,0.006652647629380226,0.034198563545942307,,,,,,,,,,,,,,
2,,2749,,,,,,,,,,2.3774802684783936e-05,,3.855675458908081e-06,,0.29649895429611206,,0.26400327682495117,,0.06149184703826904,,0.006969435140490532,0.03261454030871391,,,,,,,,,,,,,,
2,,2759,,,,,,,,,,1.2464821338653564e-05,,1.9888393580913544e-06,,0.3162194490432739,,0.26195183396339417,,0.05920291692018509,,0.007510543800890446,0.03272615000605583,,,,,,,,,,,,,,
2,,2769,,,,,,,,,,1.601874828338623e-05,,1.5824101865291595e-05,,0.3067673444747925,,0.24701175093650818,,0.07446697354316711,,0.007248277775943279,0.03458087518811226,,,,,,,,,,,,,,
2,,2779,,,,,,,,,,2.0051375031471252e-05,,4.932284355163574e-06,,0.26679491996765137,,0.2696062922477722,,0.062125883996486664,,0.00740020303055644,0.032971132546663284,,,,,,,,,,,,,,
2,,2789,,,,,,,,,,1.397356390953064e-05,,3.4142285585403442e-06,,0.28004807233810425,,0.26658645272254944,,0.06390674412250519,,0.007808452006429434,0.03362513706088066,,,,,,,,,,,,,,
2,,2799,,,,,,,,,,2.5151297450065613e-05,,1.2619886547327042e-05,,0.27183595299720764,,0.2785084545612335,,0.05467444658279419,,0.00447678379714489,0.029857052490115166,,,,,,,,,,,,,,
2,,2809,,,,,,,,,,2.7507543563842773e-05,,4.807021468877792e-06,,0.30072176456451416,,0.2647130489349365,,0.06062829867005348,,0.006247036624699831,0.03199343755841255,,,,,,,,,,,,,,
2,,2819,,,,,,,,,,1.177377998828888e-05,,2.655666321516037e-06,,0.28713977336883545,,0.2756648361682892,,0.058649398386478424,,0.008274968713521957,0.0334978923201561,,,,,,,,,,,,,,
2,,2829,,,,,,,,,,1.4767050743103027e-05,,2.6132911443710327e-06,,0.299605131149292,,0.26872578263282776,,0.05542825907468796,,0.006119188386946917,0.031097320839762688,,,,,,,,,,,,,,
2,,2839,,,,,,,,,,2.0697712898254395e-05,,2.994667738676071e-06,,0.2582034766674042,,0.27800342440605164,,0.07072797417640686,,0.007630126550793648,0.03504990413784981,,,,,,,,,,,,,,
2,,2849,,,,,,,,,,1.2932345271110535e-05,,3.3103860914707184e-06,,0.3094669580459595,,0.27357423305511475,,0.06229780241847038,,0.007114936597645283,0.033475589007139206,,,,,,,,,,,,,,
2,,2859,,,,,,,,,,8.456408977508545e-06,,4.2370520532131195e-06,,0.23701471090316772,,0.2961592376232147,,0.0758952796459198,,0.006647954229265451,0.03588509187102318,,,,,,,,,,,,,,
2,,2869,,,,,,,,,,1.019984483718872e-05,,8.624512702226639e-06,,0.25445830821990967,,0.2802281677722931,,0.06133333593606949,,0.006002854555845261,0.03212764486670494,,,,,,,,,,,,,,
2,,2879,,,,,,,,,,6.027519702911377e-06,,3.857538104057312e-06,,0.32708171010017395,,0.2563953101634979,,0.05669513717293739,,0.00649211835116148,0.031358618289232254,,,,,,,,,,,,,,
2,,2889,,,,,,,,,,5.709007382392883e-06,,3.3639371395111084e-06,,0.3397250175476074,,0.26920512318611145,,0.057764314115047455,,0.004865014925599098,0.031087318435311317,,,,,,,,,,,,,,
2,,2899,,,,,,,,,,1.364387571811676e-05,,2.8046779334545135e-06,,0.31123870611190796,,0.2754991948604584,,0.07433387637138367,,0.005569446831941605,0.03468452766537666,,,,,,,,,,,,,,
2,,2909,,,,,,,,,,1.0037794709205627e-05,,3.152061253786087e-06,,0.3122480809688568,,0.2563173174858093,,0.056633785367012024,,0.005114076659083366,0.03013579547405243,,,,,,,,,,,,,,
2,,2919,,,,,,,,,,1.1783093214035034e-05,,3.5599805414676666e-06,,0.34590476751327515,,0.24273952841758728,,0.06273213773965836,,0.006456539500504732,0.032044507563114166,,,,,,,,,,,,,,
2,,2929,,,,,,,,,,1.8969178199768066e-05,,5.790963768959045e-06,,0.26106902956962585,,0.27846407890319824,,0.06150893121957779,,0.004396235570311546,0.030950095504522324,,,,,,,,,,,,,,
2,,2939,,,,,,,,,,7.225200533866882e-06,,2.203509211540222e-06,,0.3013235330581665,,0.2701132893562317,,0.04977492243051529,,0.0046361107379198074,0.02900967001914978,,,,,,,,,,,,,,
2,,2949,,,,,,,,,,9.24617052078247e-06,,3.550201654434204e-06,,0.30343300104141235,,0.26226937770843506,,0.05610005185008049,,0.005042349919676781,0.030157633125782013,,,,,,,,,,,,,,
2,,2959,,,,,,,,,,9.82917845249176e-06,,3.8887374103069305e-06,,0.3517436981201172,,0.2505861818790436,,0.05760340392589569,,0.006081524770706892,0.0312376506626606,,,,,,,,,,,,,,
2,,2969,,,,,,,,,,8.717179298400879e-06,,6.792135536670685e-06,,0.30096861720085144,,0.2542833685874939,,0.06336098909378052,,0.005419391673058271,0.03139892965555191,,,,,,,,,,,,,,
2,,2979,,,,,,,,,,6.342306733131409e-06,,6.5248459577560425e-06,,0.2858670949935913,,0.2676635980606079,,0.05616854503750801,,0.0067033544182777405,0.031463559716939926,,,,,,,,,,,,,,
2,,2989,,,,,,,,,,7.888302206993103e-06,,3.545079380273819e-06,,0.31964483857154846,,0.25831013917922974,,0.05798061192035675,,0.005357959307730198,0.030751485377550125,,,,,,,,,,,,,,
2,,2999,,,,,,,,,,6.334856152534485e-06,,4.145316779613495e-06,,0.3204701244831085,,0.26218312978744507,,0.0509268082678318,,0.004338187165558338,0.028854820877313614,,,,,,,,,,,,,,
2,,3009,,,,,,,,,,4.336237907409668e-06,,3.0263327062129974e-06,,0.26904529333114624,,0.2762489318847656,,0.057961829006671906,,0.0058258092030882835,0.03134690970182419,,,,,,,,,,,,,,
2,,3019,,,,,,,,,,2.533942461013794e-05,,1.2756790965795517e-05,,0.2613661587238312,,0.2755137085914612,,0.05239909514784813,,0.004528482910245657,0.029205968603491783,,,,,,,,,,,,,,
2,,3029,,,,,,,,,,9.912997484207153e-06,,7.28946179151535e-06,,0.3110125660896301,,0.2586609721183777,,0.05538194999098778,,0.005043392535299063,0.02994341030716896,,,,,,,,,,,,,,
2,,3039,,,,,,,,,,8.177012205123901e-06,,2.772081643342972e-06,,0.3198775351047516,,0.256959468126297,,0.06158161908388138,,0.006174932233989239,0.031979117542505264,,,,,,,,,,,,,,
2,,3049,,,,,,,,,,2.9280781745910645e-05,,8.584465831518173e-06,,0.3112652599811554,,0.250734806060791,,0.054537080228328705,,0.004910572431981564,0.029316673055291176,,,,,,,,,,,,,,
2,,3059,,,,,,,,,,6.973743438720703e-06,,2.2817403078079224e-06,,0.33737847208976746,,0.24612538516521454,,0.048553772270679474,,0.0041513266041874886,0.027714887633919716,,,,,,,,,,,,,,
2,,3069,,,,,,,,,,8.028000593185425e-06,,4.363246262073517e-06,,0.33323466777801514,,0.25800108909606934,,0.05386846885085106,,0.005257263779640198,0.030049536377191544,,,,,,,,,,,,,,
2,,3079,,,,,,,,,,5.21540641784668e-06,,2.5192275643348694e-06,,0.33637529611587524,,0.2569255530834198,,0.048068735748529434,,0.004966125823557377,0.028729790821671486,,,,,,,,,,,,,,
2,,3089,,,,,,,,,,4.990026354789734e-06,,2.48616561293602e-06,,0.32603439688682556,,0.25214287638664246,,0.05634063482284546,,0.005318423733115196,0.030199984088540077,,,,,,,,,,,,,,
2,,3099,,,,,,,,,,3.553926944732666e-06,,1.6796402633190155e-06,,0.26758241653442383,,0.2774229049682617,,0.05436762422323227,,0.005326651968061924,0.03033626265823841,,,,,,,,,,,,,,
2,,3109,,,,,,,,,,6.278976798057556e-06,,2.5420449674129486e-06,,0.3088814914226532,,0.23870176076889038,,0.06224067136645317,,0.004851967561990023,0.030125318095088005,,,,,,,,,,,,,,
2,,3119,,,,,,,,,,6.51925802230835e-06,,1.2498348951339722e-06,,0.29203248023986816,,0.2603793144226074,,0.052108973264694214,,0.006058633793145418,0.029949264600872993,,,,,,,,,,,,,,
2,,3129,,,,,,,,,,4.155561327934265e-06,,7.01146200299263e-06,,0.30892878770828247,,0.241765558719635,,0.052027322351932526,,0.004259880632162094,0.027909893542528152,,,,,,,,,,,,,,
2,,3139,,,,,,,,,,5.7406723499298096e-06,,5.933456122875214e-06,,0.3223360776901245,,0.2405383288860321,,0.05437369644641876,,0.004962031729519367,0.02897629886865616,,,,,,,,,,,,,,
2,,3149,,,,,,,,,,4.114583134651184e-06,,4.088040441274643e-06,,0.2971913814544678,,0.27586522698402405,,0.05944947153329849,,0.0049835145473480225,0.03130596503615379,,,,,,,,,,,,,,
2,,3159,,,,,,,,,,3.2335519790649414e-06,,2.2491440176963806e-06,,0.2754671573638916,,0.2720101475715637,,0.051805950701236725,,0.0048424056731164455,0.02933119609951973,,,,,,,,,,,,,,
2,,3169,,,,,,,,,,6.157904863357544e-06,,2.84658744931221e-06,,0.2668910622596741,,0.27147531509399414,,0.05424155667424202,,0.004792741499841213,0.02962512895464897,,,,,,,,,,,,,,
2,,3179,,,,,,,,,,7.7076256275177e-06,,1.1676456779241562e-05,,0.2989969849586487,,0.25693532824516296,,0.05432439595460892,,0.005374003667384386,0.02977134846150875,,,,,,,,,,,,,,
2,,3189,,,,,,,,,,6.744638085365295e-06,,3.430992364883423e-06,,0.27330106496810913,,0.27527421712875366,,0.053304921835660934,,0.004351363517343998,0.029371608048677444,,,,,,,,,,,,,,
2,,3199,,,,,,,,,,3.7048012018203735e-06,,2.7921050786972046e-06,,0.2980060577392578,,0.2557058334350586,,0.05436599999666214,,0.0055086989887058735,0.029810907319188118,,,,,,,,,,,,,,
2,,3209,,,,,,,,,,3.378838300704956e-06,,4.71482053399086e-06,,0.29551491141319275,,0.26761478185653687,,0.04871740564703941,,0.005475082900375128,0.029255492612719536,,,,,,,,,,,,,,
2,,3219,,,,,,,,,,2.8721988201141357e-06,,4.37488779425621e-06,,0.34376856684684753,,0.25063836574554443,,0.05282185971736908,,0.004591967910528183,0.029132412746548653,,,,,,,,,,,,,,
2,,3229,,,,,,,,,,2.812594175338745e-06,,1.8049031496047974e-06,,0.27888721227645874,,0.26481813192367554,,0.05288899689912796,,0.003771181683987379,0.028433583676815033,,,,,,,,,,,,,,
2,,3239,,,,,,,,,,3.3657997846603394e-06,,8.97655263543129e-06,,0.32892364263534546,,0.2536865174770355,,0.05580270290374756,,0.005856629926711321,0.030609112232923508,,,,,,,,,,,,,,
2,,3249,,,,,,,,,,3.9245933294296265e-06,,5.983281880617142e-06,,0.3149486184120178,,0.255044162273407,,0.05414021760225296,,0.00432306993752718,0.02904670499265194,,,,,,,,,,,,,,
2,,3259,,,,,,,,,,3.0603259801864624e-06,,3.2423995435237885e-06,,0.3239840865135193,,0.26726409792900085,,0.04900828003883362,,0.004118192475289106,0.028609389439225197,,,,,,,,,,,,,,
2,,3269,,,,,,,,,,5.248934030532837e-06,,9.017065167427063e-06,,0.2930212616920471,,0.25436151027679443,,0.056210607290267944,,0.00391212897375226,0.028837695717811584,,,,,,,,,,,,,,
2,,3279,,,,,,,,,,4.859641194343567e-06,,3.6694109439849854e-06,,0.26415765285491943,,0.26041632890701294,,0.05905210226774216,,0.003801649436354637,0.02923326939344406,,,,,,,,,,,,,,
2,,3289,,,,,,,,,,3.637745976448059e-06,,2.255896106362343e-05,,0.29729750752449036,,0.2581806778907776,,0.05763409286737442,,0.005103597417473793,0.03022771142423153,,,,,,,,,,,,,,
2,,3299,,,,,,,,,,1.7959624528884888e-05,,8.43871384859085e-06,,0.2669677734375,,0.2681032419204712,,0.052633289247751236,,0.004336731508374214,0.028824232518672943,,,,,,,,,,,,,,
2,,3309,,,,,,,,,,3.078952431678772e-06,,1.3606622815132141e-06,,0.33966904878616333,,0.2426169216632843,,0.04873394966125488,,0.00339740258641541,0.027045441791415215,,,,,,,,,,,,,,
2,,3319,,,,,,,,,,1.780688762664795e-06,,3.865454345941544e-06,,0.3182555139064789,,0.25099700689315796,,0.050848424434661865,,0.004880184307694435,0.028696278110146523,,,,,,,,,,,,,,
2,,3329,,,,,,,,,,2.469867467880249e-06,,2.16066837310791e-06,,0.2705075144767761,,0.2760258615016937,,0.05731454864144325,,0.0049471077509224415,0.030573002994060516,,,,,,,,,,,,,,
2,,3339,,,,,,,,,,2.3301690816879272e-06,,3.2866373658180237e-06,,0.27155154943466187,,0.2700316905975342,,0.06177289038896561,,0.0055682240054011345,0.031606294214725494,,,,,,,,,,,,,,
2,,3349,,,,,,,,,,4.559755325317383e-06,,3.285706043243408e-06,,0.26680687069892883,,0.2688073515892029,,0.05869719386100769,,0.003950531594455242,0.02970287762582302,,,,,,,,,,,,,,
2,,3359,,,,,,,,,,6.904825568199158e-06,,7.135793566703796e-06,,0.2563110589981079,,0.2686461806297302,,0.06608964502811432,,0.005922375712543726,0.032437972724437714,,,,,,,,,,,,,,
2,,3369,,,,,,,,,,6.055459380149841e-06,,1.0743271559476852e-05,,0.3057268261909485,,0.25529640913009644,,0.045692164450883865,,0.003639017231762409,0.026852888986468315,,,,,,,,,,,,,,
2,,3379,,,,,,,,,,2.481602132320404e-05,,2.233218401670456e-05,,0.26651355624198914,,0.2778395414352417,,0.053206879645586014,,0.004552662838250399,0.029545018449425697,,,,,,,,,,,,,,
2,,3389,,,,,,,,,,4.395842552185059e-06,,3.725755959749222e-06,,0.2724946141242981,,0.27180540561676025,,0.05258635804057121,,0.0044930726289749146,0.029171057045459747,,,,,,,,,,,,,,
2,,3399,,,,,,,,,,4.4852495193481445e-06,,9.906478226184845e-06,,0.2775707542896271,,0.259491503238678,,0.05046682059764862,,0.0043610441498458385,0.028156666085124016,,,,,,,,,,,,,,
2,,3409,,,,,,,,,,4.077330231666565e-06,,8.217524737119675e-06,,0.2590809166431427,,0.2784334719181061,,0.05435507744550705,,0.004656039644032717,0.029778577387332916,,,,,,,,,,,,,,
2,,3419,,,,,,,,,,3.6954879760742188e-06,,9.499024599790573e-06,,0.2999270260334015,,0.27183252573013306,,0.046542469412088394,,0.003304692916572094,0.027468889951705933,,,,,,,,,,,,,,
2,,3429,,,,,,,,,,9.123235940933228e-06,,2.347957342863083e-05,,0.28531622886657715,,0.2619113028049469,,0.04930540546774864,,0.004553595092147589,0.028287582099437714,,,,,,,,,,,,,,
2,,3439,,,,,,,,,,1.4346092939376831e-05,,2.9481016099452972e-05,,0.31003379821777344,,0.2784566283226013,,0.04801506921648979,,0.003928137943148613,0.02864188142120838,,,,,,,,,,,,,,
2,,3449,,,,,,,,,,3.578886389732361e-05,,4.288880154490471e-05,,0.2898404002189636,,0.29050618410110474,,0.04372435435652733,,0.004385646432638168,0.028508707880973816,,,,,,,,,,,,,,
2,,3459,,,,,,,,,,9.976327419281006e-06,,7.032416760921478e-06,,0.3165997266769409,,0.252718448638916,,0.04424484819173813,,0.003626575693488121,0.026578687131404877,,,,,,,,,,,,,,
2,,3469,,,,,,,,,,6.424263119697571e-06,,6.572343409061432e-06,,0.2594607472419739,,0.27419066429138184,,0.06119125336408615,,0.004313461482524872,0.030609197914600372,,,,,,,,,,,,,,
2,,3479,,,,,,,,,,9.894371032714844e-06,,2.4889595806598663e-06,,0.27468180656433105,,0.2573144733905792,,0.051553476601839066,,0.003855179063975811,0.027845017611980438,,,,,,,,,,,,,,
2,,3489,,,,,,,,,,2.3301690816879272e-06,,3.234017640352249e-06,,0.2846791744232178,,0.2662404179573059,,0.05034720525145531,,0.00395154720172286,0.028226768597960472,,,,,,,,,,,,,,
2,,3499,,,,,,,,,,4.384666681289673e-06,,5.395617336034775e-06,,0.2475498616695404,,0.27822187542915344,,0.05092627927660942,,0.004641521256417036,0.02897953800857067,,,,,,,,,,,,,,
2,,3500,,,,,,,,,,,,,,,,,,,,,,0.991004467010498,1.0,1.0,0.9212272763252258,0.905371904373169,0.983061671257019,0.9993888139724731,0.024116653949022293,4.76837158203125e-07,3.8743019104003906e-07,0.2944859564304352,0.2570147216320038,0.039721809327602386,0.0015524638583883643
2,,3500,0.9886351227760315,1.0,1.0,0.9231616258621216,0.9029543995857239,0.9767303466796875,0.997932493686676,0.03148467838764191,1.2068892829120159e-05,,7.570112302346388e-06,,0.2959594428539276,,0.2664628326892853,,0.059235408902168274,,0.005882160738110542,,,,,,,,,,,,,,,,
,0.00029265847744427303,3501,,,,,,,,,,,,,,,,,,,,,,,,,,,,,,,,,,,
3,,3509,,,,,,,,,,3.285706043243408e-06,,2.299901098012924e-06,,0.23142382502555847,,0.2747293710708618,,0.06226947531104088,,0.005705561954528093,0.03155234828591347,,,,,,,,,,,,,,
3,,3519,,,,,,,,,,4.595145583152771e-06,,6.20400533080101e-06,,0.3301120400428772,,0.24707737565040588,,0.05166275054216385,,0.004979535937309265,0.028878742828965187,,,,,,,,,,,,,,
3,,3529,,,,,,,,,,3.904104232788086e-06,,4.881527274847031e-06,,0.28351065516471863,,0.25518202781677246,,0.05387575924396515,,0.003521433798596263,0.02803369052708149,,,,,,,,,,,,,,
3,,3539,,,,,,,,,,3.978610038757324e-06,,7.77142122387886e-06,,0.3549651503562927,,0.24890506267547607,,0.04958288371562958,,0.0031612981110811234,0.027501676231622696,,,,,,,,,,,,,,
3,,3549,,,,,,,,,,3.030523657798767e-06,,3.287568688392639e-06,,0.2975344955921173,,0.2602570652961731,,0.055534783750772476,,0.004389069974422455,0.029398048296570778,,,,,,,,,,,,,,
3,,3559,,,,,,,,,,2.2407621145248413e-06,,2.3972243070602417e-06,,0.3361520767211914,,0.263335645198822,,0.04317578673362732,,0.003994754049926996,0.02738136053085327,,,,,,,,,,,,,,
3,,3569,,,,,,,,,,2.820044755935669e-06,,1.1227093636989594e-06,,0.30091071128845215,,0.24539664387702942,,0.04966694116592407,,0.00412715645506978,0.027443891391158104,,,,,,,,,,,,,,
3,,3579,,,,,,,,,,2.8274953365325928e-06,,1.984182745218277e-06,,0.26523739099502563,,0.2728445529937744,,0.05431440845131874,,0.0035744053311645985,0.02876962535083294,,,,,,,,,,,,,,
3,,3589,,,,,,,,,,7.841736078262329e-06,,1.2061093002557755e-05,,0.2790880501270294,,0.2782725691795349,,0.04893069714307785,,0.0050206296145915985,0.02926175482571125,,,,,,,,,,,,,,
3,,3599,,,,,,,,,,6.2230974435806274e-06,,2.046208828687668e-05,,0.2549423575401306,,0.2811658978462219,,0.052064668387174606,,0.0046288734301924706,0.029408283531665802,,,,,,,,,,,,,,
3,,3609,,,,,,,,,,4.643574357032776e-06,,1.910049468278885e-05,,0.31893301010131836,,0.26213979721069336,,0.05141296982765198,,0.004807168152183294,0.02927781268954277,,,,,,,,,,,,,,
3,,3619,,,,,,,,,,3.941357135772705e-06,,7.472001016139984e-06,,0.28913843631744385,,0.27302485704421997,,0.044619664549827576,,0.0032233884558081627,0.026976723223924637,,,,,,,,,,,,,,
3,,3629,,,,,,,,,,7.508322596549988e-06,,7.98795372247696e-06,,0.23113641142845154,,0.2792634665966034,,0.04638619348406792,,0.0039335619658231735,0.02745341882109642,,,,,,,,,,,,,,
3,,3639,,,,,,,,,,4.408881068229675e-06,,9.792856872081757e-06,,0.3372560143470764,,0.24431858956813812,,0.057802774012088776,,0.004397728480398655,0.029548214748501778,,,,,,,,,,,,,,
3,,3649,,,,,,,,,,4.420056939125061e-06,,1.4189165085554123e-05,,0.30538421869277954,,0.2539418339729309,,0.05316001549363136,,0.004995007999241352,0.029203176498413086,,,,,,,,,,,,,,
3,,3659,,,,,,,,,,7.91996717453003e-06,,6.062444299459457e-06,,0.2877054214477539,,0.25776243209838867,,0.04835735261440277,,0.0033513985108584166,0.027041342109441757,,,,,,,,,,,,,,
3,,3669,,,,,,,,,,9.972602128982544e-06,,9.419862180948257e-06,,0.2564447820186615,,0.27669811248779297,,0.0447758324444294,,0.0029613906517624855,0.026598475873470306,,,,,,,,,,,,,,
3,,3679,,,,,,,,,,1.1313706636428833e-05,,1.0807067155838013e-05,,0.24082273244857788,,0.2948974668979645,,0.04325529932975769,,0.0034121039789170027,0.02732161618769169,,,,,,,,,,,,,,
3,,3689,,,,,,,,,,1.816079020500183e-06,,4.25754114985466e-06,,0.2541887164115906,,0.2727699875831604,,0.04380308836698532,,0.0037085656076669693,0.026765918359160423,,,,,,,,,,,,,,
3,,3699,,,,,,,,,,1.775100827217102e-06,,2.6836059987545013e-06,,0.2975866198539734,,0.2582576274871826,,0.04520634561777115,,0.004345593973994255,0.027335237711668015,,,,,,,,,,,,,,
3,,3709,,,,,,,,,,4.751607775688171e-06,,3.6745332181453705e-06,,0.2849251627922058,,0.2897392511367798,,0.0449359267950058,,0.00399895291775465,0.028352132067084312,,,,,,,,,,,,,,
3,,3719,,,,,,,,,,4.597008228302002e-06,,4.556961357593536e-06,,0.2820127606391907,,0.2677380442619324,,0.049916695803403854,,0.003389654913917184,0.027763476595282555,,,,,,,,,,,,,,
3,,3729,,,,,,,,,,5.422160029411316e-06,,4.741828888654709e-06,,0.284734308719635,,0.2748572528362274,,0.05049791559576988,,0.0037517473101615906,0.02850981242954731,,,,,,,,,,,,,,
3,,3739,,,,,,,,,,4.468485713005066e-06,,4.1280873119831085e-06,,0.32970136404037476,,0.24141144752502441,,0.041400231420993805,,0.002485495526343584,0.024812588468194008,,,,,,,,,,,,,,
3,,3749,,,,,,,,,,6.843358278274536e-06,,5.573499947786331e-06,,0.2834922969341278,,0.268086314201355,,0.043293870985507965,,0.003912119194865227,0.026947010308504105,,,,,,,,,,,,,,
3,,3759,,,,,,,,,,9.978190064430237e-06,,9.75513830780983e-06,,0.3085099458694458,,0.24244514107704163,,0.05149056017398834,,0.002794520929455757,0.026736903935670853,,,,,,,,,,,,,,
3,,3769,,,,,,,,,,7.338821887969971e-06,,2.619810402393341e-06,,0.26769596338272095,,0.2818026840686798,,0.048199281096458435,,0.0031782856676727533,0.02777443639934063,,,,,,,,,,,,,,
3,,3779,,,,,,,,,,6.927177309989929e-06,,3.355555236339569e-06,,0.28881922364234924,,0.2638842463493347,,0.04905695840716362,,0.0032158461399376392,0.027370937168598175,,,,,,,,,,,,,,
3,,3789,,,,,,,,,,1.4871358871459961e-05,,1.130206510424614e-05,,0.28319817781448364,,0.25996553897857666,,0.04373719543218613,,0.004046081565320492,0.026746472343802452,,,,,,,,,,,,,,
3,,3799,,,,,,,,,,5.986541509628296e-06,,2.691056579351425e-06,,0.3474159836769104,,0.24007099866867065,,0.043261684477329254,,0.003868140745908022,0.026343723759055138,,,,,,,,,,,,,,
3,,3809,,,,,,,,,,5.014240741729736e-06,,2.0917505025863647e-06,,0.3440895080566406,,0.24950845539569855,,0.05158647522330284,,0.0038677125703543425,0.02830817922949791,,,,,,,,,,,,,,
3,,3819,,,,,,,,,,3.4440308809280396e-06,,1.7099082469940186e-06,,0.3009392321109772,,0.24899497628211975,,0.04384404048323631,,0.004298538900911808,0.02664944715797901,,,,,,,,,,,,,,
3,,3829,,,,,,,,,,3.505498170852661e-06,,2.3441389203071594e-06,,0.28576433658599854,,0.2617366909980774,,0.04917997121810913,,0.004495405592024326,0.028217405080795288,,,,,,,,,,,,,,
3,,3839,,,,,,,,,,5.0514936447143555e-06,,7.054116576910019e-05,,0.28828752040863037,,0.2563852369785309,,0.0542173869907856,,0.00308068934828043,0.02787972055375576,,,,,,,,,,,,,,
3,,3849,,,,,,,,,,4.526227712631226e-06,,3.810971975326538e-06,,0.28382277488708496,,0.27931326627731323,,0.04631444811820984,,0.0033483535517007113,0.027620840817689896,,,,,,,,,,,,,,
3,,3859,,,,,,,,,,4.049390554428101e-06,,3.8906000554561615e-06,,0.24808195233345032,,0.27121269702911377,,0.046919628977775574,,0.0035070176236331463,0.027054619044065475,,,,,,,,,,,,,,
3,,3869,,,,,,,,,,9.534880518913269e-06,,4.159752279520035e-06,,0.2924622893333435,,0.2701083719730377,,0.04402652382850647,,0.002970515051856637,0.026577990502119064,,,,,,,,,,,,,,
3,,3879,,,,,,,,,,4.151836037635803e-06,,1.3459473848342896e-05,,0.3061314821243286,,0.26873528957366943,,0.046224240213632584,,0.0034863073378801346,0.02747296914458275,,,,,,,,,,,,,,
3,,3889,,,,,,,,,,4.064291715621948e-06,,5.739275366067886e-06,,0.2794358432292938,,0.27879130840301514,,0.047646619379520416,,0.004362098407000303,0.028555287048220634,,,,,,,,,,,,,,
3,,3899,,,,,,,,,,3.7960708141326904e-06,,2.6007182896137238e-06,,0.30827993154525757,,0.2673611342906952,,0.044762372970581055,,0.0034824302420020103,0.027156617492437363,,,,,,,,,,,,,,
3,,3909,,,,,,,,,,5.3122639656066895e-06,,1.2814998626708984e-06,,0.3235997259616852,,0.255545049905777,,0.04485031217336655,,0.003749072551727295,0.026998694986104965,,,,,,,,,,,,,,
3,,3919,,,,,,,,,,2.5760382413864136e-06,,3.382563591003418e-06,,0.25286853313446045,,0.29033225774765015,,0.04964950308203697,,0.004106583073735237,0.0289689339697361,,,,,,,,,,,,,,
3,,3929,,,,,,,,,,2.158805727958679e-06,,1.0975636541843414e-06,,0.28564152121543884,,0.24880662560462952,,0.04302588850259781,,0.0031155338510870934,0.02542038820683956,,,,,,,,,,,,,,
3,,3939,,,,,,,,,,5.306676030158997e-06,,2.9010698199272156e-06,,0.28265175223350525,,0.2556610703468323,,0.047226645052433014,,0.004327545873820782,0.027403799816966057,,,,,,,,,,,,,,
3,,3949,,,,,,,,,,2.203509211540222e-06,,4.036352038383484e-06,,0.2671554982662201,,0.2777096629142761,,0.045040395110845566,,0.002856259699910879,0.026742178946733475,,,,,,,,,,,,,,
3,,3959,,,,,,,,,,1.1064112186431885e-06,,3.768596798181534e-06,,0.29231393337249756,,0.24907366931438446,,0.04256783798336983,,0.003073633648455143,0.025393789634108543,,,,,,,,,,,,,,
3,,3969,,,,,,,,,,2.86102294921875e-06,,3.2582320272922516e-06,,0.30704015493392944,,0.2570379376411438,,0.052811525762081146,,0.0038931078743189573,0.02847573533654213,,,,,,,,,,,,,,
3,,3979,,,,,,,,,,2.559274435043335e-06,,1.0017771273851395e-05,,0.3036419749259949,,0.2544638514518738,,0.048050545156002045,,0.002645578235387802,0.026486454531550407,,,,,,,,,,,,,,
3,,3989,,,,,,,,,,6.2640756368637085e-06,,6.44708052277565e-06,,0.3108372092247009,,0.25073185563087463,,0.043202124536037445,,0.00266373623162508,0.02550012804567814,,,,,,,,,,,,,,
3,,3999,,,,,,,,,,1.0728836059570312e-06,,3.5543926060199738e-06,,0.2902642488479614,,0.26275792717933655,,0.04656948149204254,,0.0033953709062188864,0.027003223076462746,,,,,,,,,,,,,,
3,,4009,,,,,,,,,,4.084780812263489e-06,,3.092922270298004e-06,,0.27668631076812744,,0.26839327812194824,,0.04579202085733414,,0.00315067358314991,0.02677891217172146,,,,,,,,,,,,,,
3,,4019,,,,,,,,,,4.263594746589661e-06,,1.3618730008602142e-05,,0.2632712721824646,,0.2631804347038269,,0.05421190336346626,,0.003961588256061077,0.028564732521772385,,,,,,,,,,,,,,
3,,4029,,,,,,,,,,1.5906989574432373e-06,,1.5214085578918457e-05,,0.29716381430625916,,0.2538633644580841,,0.05943137779831886,,0.0039529502391815186,0.029497576877474785,,,,,,,,,,,,,,
3,,4039,,,,,,,,,,1.942738890647888e-06,,8.882023394107819e-06,,0.29217851161956787,,0.2648136019706726,,0.05221061035990715,,0.0030917376279830933,0.027952250093221664,,,,,,,,,,,,,,
3,,4049,,,,,,,,,,6.8694353103637695e-06,,4.768837243318558e-06,,0.32053202390670776,,0.25261202454566956,,0.04400523751974106,,0.003319408744573593,0.026344414800405502,,,,,,,,,,,,,,
3,,4059,,,,,,,,,,1.2032687664031982e-06,,2.9685907065868378e-06,,0.2690962553024292,,0.2664336562156677,,0.04154913127422333,,0.004249935038387775,0.02662697248160839,,,,,,,,,,,,,,
3,,4069,,,,,,,,,,1.7900019884109497e-06,,4.198867827653885e-06,,0.29658985137939453,,0.24017368257045746,,0.050637271255254745,,0.002447637729346752,0.026070399209856987,,,,,,,,,,,,,,
3,,4079,,,,,,,,,,1.2256205081939697e-06,,2.3939646780490875e-06,,0.2700273096561432,,0.26412785053253174,,0.040301382541656494,,0.003137679072096944,0.02546137012541294,,,,,,,,,,,,,,
3,,4089,,,,,,,,,,1.8347054719924927e-06,,5.988869816064835e-06,,0.27961307764053345,,0.27458426356315613,,0.04508017748594284,,0.003507984569296241,0.027238043025135994,,,,,,,,,,,,,,
3,,4099,,,,,,,,,,1.115351915359497e-05,,1.0557938367128372e-05,,0.32404983043670654,,0.2456548511981964,,0.04156891629099846,,0.0029763418715447187,0.02534518763422966,,,,,,,,,,,,,,
3,,4109,,,,,,,,,,2.3674219846725464e-06,,5.4319389164447784e-06,,0.2926492691040039,,0.274123877286911,,0.03822292387485504,,0.0023435214534401894,0.02520965225994587,,,,,,,,,,,,,,
3,,4119,,,,,,,,,,1.3131648302078247e-06,,1.759221777319908e-05,,0.25463372468948364,,0.2710205316543579,,0.05031684786081314,,0.0038808872923254967,0.028040049597620964,,,,,,,,,,,,,,
3,,4129,,,,,,,,,,1.6409903764724731e-06,,1.2719538062810898e-05,,0.2841092348098755,,0.2608477473258972,,0.04931404069066048,,0.002753813983872533,0.026874983683228493,,,,,,,,,,,,,,
3,,4139,,,,,,,,,,1.4491379261016846e-06,,2.7499161660671234e-05,,0.27843356132507324,,0.2725136876106262,,0.04249414801597595,,0.004180035553872585,0.027146361768245697,,,,,,,,,,,,,,
3,,4149,,,,,,,,,,6.647780537605286e-06,,1.1074356734752655e-05,,0.2977275252342224,,0.26226359605789185,,0.039937905967235565,,0.004498813301324844,0.026651611551642418,,,,,,,,,,,,,,
3,,4159,,,,,,,,,,1.8067657947540283e-06,,1.4481134712696075e-05,,0.30810296535491943,,0.25688639283180237,,0.04565805569291115,,0.002715666312724352,0.026256220415234566,,,,,,,,,,,,,,
3,,4169,,,,,,,,,,2.726912498474121e-06,,2.7895905077457428e-05,,0.27799805998802185,,0.26895666122436523,,0.04301122575998306,,0.002994647715240717,0.026182202622294426,,,,,,,,,,,,,,
3,,4179,,,,,,,,,,1.9203871488571167e-06,,3.5208649933338165e-06,,0.2655465006828308,,0.2877604365348816,,0.03612706810235977,,0.003984813578426838,0.026369530707597733,,,,,,,,,,,,,,
3,,4189,,,,,,,,,,2.207234501838684e-06,,7.340218871831894e-06,,0.34136706590652466,,0.23440256714820862,,0.04712925851345062,,0.0031350732315331697,0.026182472705841064,,,,,,,,,,,,,,
3,,4199,,,,,,,,,,1.7862766981124878e-06,,3.5227276384830475e-06,,0.33226513862609863,,0.23956894874572754,,0.045948609709739685,,0.00339217996224761,0.026289455592632294,,,,,,,,,,,,,,
3,,4209,,,,,,,,,,7.394701242446899e-07,,2.0205043256282806e-06,,0.34518808126449585,,0.2315308153629303,,0.043242789804935455,,0.00243988330475986,0.024842185899615288,,,,,,,,,,,,,,
3,,4219,,,,,,,,,,1.6260892152786255e-06,,2.1507497876882553e-05,,0.27940434217453003,,0.2600548267364502,,0.04836985096335411,,0.0026575271040201187,0.026533374562859535,,,,,,,,,,,,,,
3,,4229,,,,,,,,,,2.3525208234786987e-06,,2.2452790290117264e-05,,0.3032737374305725,,0.25382983684539795,,0.04456697404384613,,0.003136822022497654,0.026167644187808037,,,,,,,,,,,,,,
3,,4239,,,,,,,,,,2.7026981115341187e-06,,4.711560904979706e-06,,0.3083154559135437,,0.2595456540584564,,0.04313644766807556,,0.004116083960980177,0.02696102112531662,,,,,,,,,,,,,,
3,,4249,,,,,,,,,,1.3262033462524414e-06,,1.887790858745575e-05,,0.25793471932411194,,0.2785280644893646,,0.04592375457286835,,0.002685192506760359,0.026709850877523422,,,,,,,,,,,,,,
3,,4259,,,,,,,,,,1.9203871488571167e-06,,5.974434316158295e-06,,0.29894211888313293,,0.2519764304161072,,0.04512079432606697,,0.0033650214318186045,0.026304978877305984,,,,,,,,,,,,,,
3,,4269,,,,,,,,,,1.564621925354004e-06,,2.7203932404518127e-06,,0.29157590866088867,,0.2693139612674713,,0.03889252617955208,,0.003251968417316675,0.025778627023100853,,,,,,,,,,,,,,
3,,4279,,,,,,,,,,1.3187527656555176e-06,,3.511086106300354e-06,,0.2886987328529358,,0.25459223985671997,,0.03976847976446152,,0.0031839492730796337,0.025167906656861305,,,,,,,,,,,,,,
3,,4289,,,,,,,,,,1.125037670135498e-06,,2.139713615179062e-06,,0.3328103721141815,,0.2575230002403259,,0.03928859531879425,,0.0031510256230831146,0.025707678869366646,,,,,,,,,,,,,,
3,,4299,,,,,,,,,,2.8908252716064453e-06,,4.373956471681595e-06,,0.2900027334690094,,0.24167278409004211,,0.047689907252788544,,0.0032580820843577385,0.026118693873286247,,,,,,,,,,,,,,
3,,4309,,,,,,,,,,4.859641194343567e-06,,1.5441328287124634e-06,,0.32575538754463196,,0.2468043565750122,,0.044899605214595795,,0.003248400054872036,0.026247795671224594,,,,,,,,,,,,,,
3,,4319,,,,,,,,,,1.6689300537109375e-06,,4.827976226806641e-06,,0.23751014471054077,,0.2608652710914612,,0.04982469603419304,,0.002908302005380392,0.02654123306274414,,,,,,,,,,,,,,
3,,4329,,,,,,,,,,1.607462763786316e-06,,3.7550926208496094e-06,,0.2786990702152252,,0.2636353671550751,,0.057574231177568436,,0.0027573425322771072,0.028494056314229965,,,,,,,,,,,,,,
3,,4339,,,,,,,,,,2.425163984298706e-06,,9.349081665277481e-06,,0.26327022910118103,,0.25914883613586426,,0.033636800944805145,,0.0022648065350949764,0.023244010284543037,,,,,,,,,,,,,,
3,,4349,,,,,,,,,,2.3748725652694702e-06,,2.8889626264572144e-06,,0.2859872281551361,,0.2491024136543274,,0.04864407330751419,,0.0032407015096396208,0.026585876941680908,,,,,,,,,,,,,,
3,,4359,,,,,,,,,,1.2218952178955078e-06,,5.09386882185936e-06,,0.27825942635536194,,0.2612007260322571,,0.03664924204349518,,0.002882662694901228,0.024544375017285347,,,,,,,,,,,,,,
3,,4369,,,,,,,,,,9.499490261077881e-07,,2.110842615365982e-06,,0.3097240626811981,,0.2727716267108917,,0.04402649402618408,,0.0024517555721104145,0.026516014710068703,,,,,,,,,,,,,,
3,,4379,,,,,,,,,,2.0079314708709717e-06,,2.764631062746048e-06,,0.347578763961792,,0.23368209600448608,,0.046936310827732086,,0.0028993713203817606,0.0260084830224514,,,,,,,,,,,,,,
3,,4389,,,,,,,,,,3.7811696529388428e-06,,2.1853484213352203e-06,,0.23974117636680603,,0.28635847568511963,,0.04553963616490364,,0.003116152249276638,0.027114946395158768,,,,,,,,,,,,,,
3,,4399,,,,,,,,,,1.5068799257278442e-06,,4.108995199203491e-06,,0.29495227336883545,,0.2767255902290344,,0.041656605899333954,,0.0030830013565719128,0.02655734494328499,,,,,,,,,,,,,,
3,,4409,,,,,,,,,,1.130625605583191e-06,,5.7192519307136536e-06,,0.28105098009109497,,0.2515107989311218,,0.04122178256511688,,0.003059528535231948,0.02511301264166832,,,,,,,,,,,,,,
3,,4419,,,,,,,,,,1.123175024986267e-06,,6.532296538352966e-06,,0.3063967227935791,,0.2536340355873108,,0.04353698715567589,,0.0021004886366426945,0.025224413722753525,,,,,,,,,,,,,,
3,,4429,,,,,,,,,,1.3671815395355225e-06,,7.691793143749237e-06,,0.2729930281639099,,0.26350903511047363,,0.047102924436330795,,0.003131619654595852,0.026738189160823822,,,,,,,,,,,,,,
3,,4439,,,,,,,,,,1.3932585716247559e-06,,6.353901699185371e-05,,0.29478803277015686,,0.2665256857872009,,0.03506939485669136,,0.0028449087403714657,0.02466334030032158,,,,,,,,,,,,,,
3,,4449,,,,,,,,,,3.416091203689575e-06,,1.655425876379013e-05,,0.3073011040687561,,0.2538072466850281,,0.03555504232645035,,0.002416984410956502,0.023983614519238472,,,,,,,,,,,,,,
3,,4459,,,,,,,,,,1.3522803783416748e-06,,7.261987775564194e-06,,0.2510072588920593,,0.26744407415390015,,0.045824386179447174,,0.002794941421598196,0.026172621175646782,,,,,,,,,,,,,,
3,,4469,,,,,,,,,,1.0896474123001099e-06,,1.773471012711525e-05,,0.24752601981163025,,0.27590227127075195,,0.04712821543216705,,0.0028872834518551826,0.02684222348034382,,,,,,,,,,,,,,
3,,4479,,,,,,,,,,3.995373845100403e-06,,2.173054963350296e-05,,0.25969380140304565,,0.2553635835647583,,0.04040437936782837,,0.0023864295799285173,0.0243851188570261,,,,,,,,,,,,,,
3,,4489,,,,,,,,,,2.171844244003296e-06,,2.0042993128299713e-05,,0.28955620527267456,,0.26004135608673096,,0.038164809346199036,,0.002245035720989108,0.02442838065326214,,,,,,,,,,,,,,
3,,4499,,,,,,,,,,1.1790543794631958e-06,,1.6493722796440125e-06,,0.32510119676589966,,0.2569071054458618,,0.03993943706154823,,0.0018579161260277033,0.02474042773246765,,,,,,,,,,,,,,
3,,4509,,,,,,,,,,2.4512410163879395e-06,,6.51925802230835e-06,,0.280353307723999,,0.2589777112007141,,0.038692884147167206,,0.0030620566103607416,0.024982551112771034,,,,,,,,,,,,,,
3,,4519,,,,,,,,,,1.2684613466262817e-06,,8.809845894575119e-06,,0.3168300986289978,,0.24647855758666992,,0.041077904403209686,,0.003442421555519104,0.02555672638118267,,,,,,,,,,,,,,
3,,4529,,,,,,,,,,2.1550804376602173e-06,,2.866145223379135e-06,,0.28078871965408325,,0.2607799768447876,,0.036310479044914246,,0.002036505611613393,0.02385598234832287,,,,,,,,,,,,,,
3,,4539,,,,,,,,,,3.5315752029418945e-06,,5.575362592935562e-06,,0.32326334714889526,,0.2651011645793915,,0.035097748041152954,,0.003624031553044915,0.02551996149122715,,,,,,,,,,,,,,
3,,4549,,,,,,,,,,2.034008502960205e-06,,4.352070391178131e-06,,0.3309835195541382,,0.25346535444259644,,0.03727142512798309,,0.0021413355134427547,0.024360258132219315,,,,,,,,,,,,,,
3,,4559,,,,,,,,,,1.3131648302078247e-06,,4.414469003677368e-06,,0.2925243675708771,,0.2588719129562378,,0.043453723192214966,,0.0034363646991550922,0.026293920353055,,,,,,,,,,,,,,
3,,4569,,,,,,,,,,1.6596168279647827e-06,,1.1795200407505035e-06,,0.30237966775894165,,0.26537683606147766,,0.037019651383161545,,0.0026689660735428333,0.024932051077485085,,,,,,,,,,,,,,
3,,4579,,,,,,,,,,1.0188668966293335e-06,,8.642673492431641e-07,,0.3428688645362854,,0.24685072898864746,,0.042034655809402466,,0.0027178782038390636,0.02551526390016079,,,,,,,,,,,,,,
3,,4589,,,,,,,,,,1.7676502466201782e-06,,1.3648532330989838e-06,,0.2720452845096588,,0.27216795086860657,,0.03864157572388649,,0.0028456186410039663,0.02533160336315632,,,,,,,,,,,,,,
3,,4599,,,,,,,,,,2.468004822731018e-06,,6.165355443954468e-06,,0.25951629877090454,,0.2710579037666321,,0.04913477227091789,,0.003216420067474246,0.027378834784030914,,,,,,,,,,,,,,
3,,4609,,,,,,,,,,7.152557373046875e-07,,1.735985279083252e-05,,0.27448976039886475,,0.2670750916004181,,0.041108183562755585,,0.002569588366895914,0.025377046316862106,,,,,,,,,,,,,,
3,,4619,,,,,,,,,,6.990507245063782e-06,,2.9248185455799103e-06,,0.33427348732948303,,0.25592344999313354,,0.040637098252773285,,0.0031213245820254087,0.02588045969605446,,,,,,,,,,,,,,
3,,4629,,,,,,,,,,2.0265579223632812e-06,,8.438248187303543e-06,,0.33160555362701416,,0.2505342364311218,,0.03570474311709404,,0.0030660592019557953,0.024630019441246986,,,,,,,,,,,,,,
3,,4639,,,,,,,,,,5.580484867095947e-06,,6.2533654272556305e-06,,0.31370896100997925,,0.26501941680908203,,0.04217543452978134,,0.0025047273375093937,0.025891846045851707,,,,,,,,,,,,,,
3,,4649,,,,,,,,,,3.7997961044311523e-06,,1.2516975402832031e-06,,0.3252907395362854,,0.2418554723262787,,0.04521922022104263,,0.0024801031686365604,0.025493888184428215,,,,,,,,,,,,,,
3,,4659,,,,,,,,,,7.715076208114624e-06,,1.3457611203193665e-06,,0.2999626100063324,,0.2644973397254944,,0.034635622054338455,,0.002682668622583151,0.024425651878118515,,,,,,,,,,,,,,
3,,4667,,,,,,,,,,,,,,,,,,,,,,0.9915860295295715,1.0,1.0,0.9212272763252258,0.9060212969779968,0.9855126738548279,0.9995102286338806,0.022490624338388443,4.76837158203125e-07,1.4901161193847656e-07,0.29499387741088867,0.2546529471874237,0.033257678151130676,0.0011406670091673732
3,,4667,0.9902694225311279,1.0,1.0,0.9231616258621216,0.9038892388343811,0.9817292094230652,0.9988051652908325,0.02663618139922619,3.908145117748063e-06,,7.622360044479137e-06,,0.2950620949268341,,0.26145151257514954,,0.04492533951997757,,0.0033238078467547894,,,,,,,,,,,,,,,,
,0.0002870318186463901,4668,,,,,,,,,,,,,,,,,,,,,,,,,,,,,,,,,,,
4,,4669,,,,,,,,,,4.880130290985107e-06,,4.746951162815094e-06,,0.299899697303772,,0.24482791125774384,,0.03859788551926613,,0.002214416628703475,0.023894526064395905,,,,,,,,,,,,,,
4,,4679,,,,,,,,,,1.4796853065490723e-05,,9.056180715560913e-06,,0.2687776982784271,,0.27130645513534546,,0.03826512396335602,,0.0027669607661664486,0.02512333169579506,,,,,,,,,,,,,,
4,,4689,,,,,,,,,,5.798414349555969e-06,,3.2563693821430206e-05,,0.2757449448108673,,0.26895421743392944,,0.03817780315876007,,0.0022447947412729263,0.024686675518751144,,,,,,,,,,,,,,
4,,4699,,,,,,,,,,2.2295862436294556e-06,,1.6388017684221268e-05,,0.29944220185279846,,0.26061543822288513,,0.04064754396677017,,0.002491097431629896,0.025221381336450577,,,,,,,,,,,,,,
4,,4709,,,,,,,,,,6.331130862236023e-06,,3.002118319272995e-06,,0.2823708653450012,,0.2753315567970276,,0.045210160315036774,,0.0028723394498229027,0.026852931827306747,,,,,,,,,,,,,,
4,,4719,,,,,,,,,,4.353001713752747e-06,,8.477363735437393e-06,,0.3221215605735779,,0.25201064348220825,,0.03346596658229828,,0.0023516840301454067,0.023632289841771126,,,,,,,,,,,,,,
4,,4729,,,,,,,,,,4.155561327934265e-06,,2.509448677301407e-06,,0.28048110008239746,,0.25559958815574646,,0.04647208750247955,,0.002524110721424222,0.025881048291921616,,,,,,,,,,,,,,
4,,4739,,,,,,,,,,1.8123537302017212e-06,,1.3238750398159027e-06,,0.2970570921897888,,0.26900702714920044,,0.04037017375230789,,0.0033351988531649113,0.02616804465651512,,,,,,,,,,,,,,
4,,4749,,,,,,,,,,3.2205134630203247e-06,,8.62637534737587e-06,,0.31226372718811035,,0.2502102255821228,,0.035993367433547974,,0.002698956523090601,0.02416684851050377,,,,,,,,,,,,,,
4,,4759,,,,,,,,,,2.866610884666443e-06,,2.312939614057541e-06,,0.2838660478591919,,0.2580481767654419,,0.04171163588762283,,0.0028311137575656176,0.025373032316565514,,,,,,,,,,,,,,
4,,4769,,,,,,,,,,2.332031726837158e-06,,3.1837262213230133e-06,,0.2885900139808655,,0.27034273743629456,,0.03871806710958481,,0.002045006025582552,0.024853702634572983,,,,,,,,,,,,,,
4,,4779,,,,,,,,,,6.254762411117554e-06,,3.7124380469322205e-05,,0.32590293884277344,,0.26054203510284424,,0.044252827763557434,,0.0019987141713500023,0.02583494782447815,,,,,,,,,,,,,,
4,,4789,,,,,,,,,,4.377216100692749e-06,,2.221670001745224e-06,,0.28437185287475586,,0.2676698565483093,,0.03656467795372009,,0.002562954556196928,0.02466363087296486,,,,,,,,,,,,,,
4,,4799,,,,,,,,,,3.123655915260315e-06,,3.0528753995895386e-06,,0.3149569034576416,,0.2429814636707306,,0.03960426151752472,,0.0023075032513588667,0.024243013933300972,,,,,,,,,,,,,,
4,,4809,,,,,,,,,,6.388872861862183e-06,,4.132743924856186e-06,,0.3084491491317749,,0.2555105686187744,,0.035647012293338776,,0.002805104246363044,0.02438530884683132,,,,,,,,,,,,,,
4,,4819,,,,,,,,,,2.33575701713562e-06,,2.7869828045368195e-06,,0.25600114464759827,,0.2850167453289032,,0.03547528386116028,,0.0027784304693341255,0.02510175108909607,,,,,,,,,,,,,,
4,,4829,,,,,,,,,,8.065253496170044e-07,,1.5441328287124634e-06,,0.28741979598999023,,0.262861967086792,,0.03777690231800079,,0.002207226352766156,0.024434415623545647,,,,,,,,,,,,,,
4,,4839,,,,,,,,,,1.6409903764724731e-06,,4.847534000873566e-06,,0.29110777378082275,,0.2434999942779541,,0.03661273419857025,,0.002883748384192586,0.023859020322561264,,,,,,,,,,,,,,
4,,4849,,,,,,,,,,5.237758159637451e-06,,7.055699825286865e-06,,0.3398297429084778,,0.25932031869888306,,0.03767475485801697,,0.0025053012650460005,0.025087162852287292,,,,,,,,,,,,,,
4,,4859,,,,,,,,,,6.511807441711426e-06,,6.305985152721405e-06,,0.32912153005599976,,0.24741211533546448,,0.0299869142472744,,0.0026001243386417627,0.023032620549201965,,,,,,,,,,,,,,
4,,4869,,,,,,,,,,7.351860404014587e-06,,1.2507662177085876e-06,,0.36189818382263184,,0.22861644625663757,,0.03922639042139053,,0.0018014587694779038,0.023669222369790077,,,,,,,,,,,,,,
4,,4879,,,,,,,,,,4.3548643589019775e-06,,3.073364496231079e-06,,0.28087782859802246,,0.2548636496067047,,0.03995325416326523,,0.003092594677582383,0.025055082514882088,,,,,,,,,,,,,,
4,,4889,,,,,,,,,,3.820285201072693e-06,,5.8901961892843246e-05,,0.29233330488204956,,0.2610357403755188,,0.033095985651016235,,0.0021364702843129635,0.023475589230656624,,,,,,,,,,,,,,
4,,4899,,,,,,,,,,1.2740492820739746e-06,,9.783543646335602e-07,,0.28029221296310425,,0.277605801820755,,0.03853808343410492,,0.0029186883475631475,0.02571863681077957,,,,,,,,,,,,,,
4,,4909,,,,,,,,,,3.157183527946472e-06,,3.432855010032654e-06,,0.3105289041996002,,0.23855885863304138,,0.03941000998020172,,0.0019354410469532013,0.023668203502893448,,,,,,,,,,,,,,
4,,4919,,,,,,,,,,1.8514692783355713e-06,,4.035420715808868e-06,,0.29902034997940063,,0.2592045068740845,,0.04256618767976761,,0.00225449469871819,0.025332586839795113,,,,,,,,,,,,,,
4,,4929,,,,,,,,,,1.5310943126678467e-06,,1.514330506324768e-06,,0.33520251512527466,,0.23880188167095184,,0.031219327822327614,,0.0027233536820858717,0.023023758083581924,,,,,,,,,,,,,,
4,,4939,,,,,,,,,,1.0058283805847168e-06,,1.0798685252666473e-06,,0.30189049243927,,0.2561694383621216,,0.03689742833375931,,0.00218540383502841,0.02410893142223358,,,,,,,,,,,,,,
4,,4949,,,,,,,,,,8.028000593185425e-07,,4.159752279520035e-06,,0.33058202266693115,,0.26239174604415894,,0.0316263809800148,,0.0020200915168970823,0.023624418303370476,,,,,,,,,,,,,,
4,,4959,,,,,,,,,,8.568167686462402e-07,,1.1916272342205048e-06,,0.30636268854141235,,0.2584649324417114,,0.032023027539253235,,0.0025458629243075848,0.023625219240784645,,,,,,,,,,,,,,
4,,4969,,,,,,,,,,1.5310943126678467e-06,,4.2156316339969635e-06,,0.274708092212677,,0.2568148970603943,,0.040083251893520355,,0.0021868706680834293,0.02441917173564434,,,,,,,,,,,,,,
4,,4979,,,,,,,,,,9.760260581970215e-07,,1.53249129652977e-06,,0.2997419238090515,,0.24441596865653992,,0.044207941740751266,,0.002514909952878952,0.02515091747045517,,,,,,,,,,,,,,
4,,4989,,,,,,,,,,7.80448317527771e-07,,1.74669548869133e-06,,0.27925771474838257,,0.2575635313987732,,0.038415998220443726,,0.0022707164753228426,0.024257808923721313,,,,,,,,,,,,,,
4,,4999,,,,,,,,,,8.437782526016235e-07,,1.596752554178238e-06,,0.27020061016082764,,0.2548109292984009,,0.03605954721570015,,0.00256077921949327,0.023798242211341858,,,,,,,,,,,,,,
4,,5009,,,,,,,,,,6.798654794692993e-07,,8.451752364635468e-07,,0.292772114276886,,0.2615535259246826,,0.037346482276916504,,0.002256975742056966,0.024392401799559593,,,,,,,,,,,,,,
4,,5019,,,,,,,,,,2.5257468223571777e-06,,6.19795173406601e-07,,0.3133309781551361,,0.24935932457447052,,0.039658986032009125,,0.0022025704383850098,0.024454530328512192,,,,,,,,,,,,,,
4,,5029,,,,,,,,,,8.884817361831665e-07,,4.552770406007767e-06,,0.2956322431564331,,0.2454119473695755,,0.039259232580661774,,0.0024426388554275036,0.024167124181985855,,,,,,,,,,,,,,
4,,5039,,,,,,,,,,1.2032687664031982e-06,,2.3888424038887024e-06,,0.2927737236022949,,0.25718700885772705,,0.0360836386680603,,0.001832072390243411,0.023632097989320755,,,,,,,,,,,,,,
4,,5049,,,,,,,,,,1.1064112186431885e-06,,2.4382025003433228e-06,,0.3188810646533966,,0.24098390340805054,,0.036669421941041946,,0.002233119448646903,0.023589130491018295,,,,,,,,,,,,,,
4,,5059,,,,,,,,,,2.3972243070602417e-06,,1.160893589258194e-06,,0.28280866146087646,,0.2633064389228821,,0.03587624803185463,,0.002632575109601021,0.024363838136196136,,,,,,,,,,,,,,
4,,5069,,,,,,,,,,1.0356307029724121e-06,,9.173527359962463e-07,,0.2890455722808838,,0.25464344024658203,,0.04100579768419266,,0.0028964970260858536,0.025190778076648712,,,,,,,,,,,,,,
4,,5079,,,,,,,,,,5.19677996635437e-07,,6.901100277900696e-07,,0.2979537844657898,,0.26550930738449097,,0.036089055240154266,,0.0023721649777144194,0.02448919788002968,,,,,,,,,,,,,,
4,,5089,,,,,,,,,,8.940696716308594e-07,,1.925509423017502e-06,,0.32175296545028687,,0.24157944321632385,,0.038570888340473175,,0.002377468394115567,0.02411561645567417,,,,,,,,,,,,,,
4,,5099,,,,,,,,,,6.09084963798523e-07,,6.407499313354492e-07,,0.24616356194019318,,0.2629585266113281,,0.042751628905534744,,0.002948303706943989,0.025444282218813896,,,,,,,,,,,,,,
4,,5109,,,,,,,,,,1.9352883100509644e-06,,2.743210643529892e-06,,0.333771675825119,,0.233234703540802,,0.05080121383070946,,0.002539701759815216,0.02628069370985031,,,,,,,,,,,,,,
4,,5119,,,,,,,,,,5.885958671569824e-07,,2.6598572731018066e-06,,0.2933993935585022,,0.2582048177719116,,0.041872382164001465,,0.0025725262239575386,0.02532828226685524,,,,,,,,,,,,,,
4,,5129,,,,,,,,,,4.2282044887542725e-07,,6.443355232477188e-06,,0.29695290327072144,,0.2628713846206665,,0.03819726034998894,,0.002922788728028536,0.02516225166618824,,,,,,,,,,,,,,
4,,5139,,,,,,,,,,3.9301812648773193e-07,,2.3525208234786987e-06,,0.25876370072364807,,0.27093878388404846,,0.03435054421424866,,0.002574656158685684,0.024110255762934685,,,,,,,,,,,,,,
4,,5149,,,,,,,,,,7.245689630508423e-07,,8.642673492431641e-07,,0.2633018493652344,,0.269440621137619,,0.036486439406871796,,0.0019969376735389233,0.024060385301709175,,,,,,,,,,,,,,
4,,5159,,,,,,,,,,4.302710294723511e-07,,1.2243632227182388e-05,,0.2972364127635956,,0.24148164689540863,,0.040481287986040115,,0.002778751077130437,0.024483010172843933,,,,,,,,,,,,,,
4,,5169,,,,,,,,,,1.341104507446289e-07,,2.9266811907291412e-06,,0.33387458324432373,,0.2271946370601654,,0.03776192665100098,,0.00181362044531852,0.023008543998003006,,,,,,,,,,,,,,
4,,5179,,,,,,,,,,1.1883676052093506e-06,,1.3758894056081772e-05,,0.26606571674346924,,0.2706528306007385,,0.0408155620098114,,0.002109442837536335,0.025045964866876602,,,,,,,,,,,,,,
4,,5189,,,,,,,,,,2.2910535335540771e-07,,2.5704503059387207e-06,,0.2899147868156433,,0.26171809434890747,,0.04303701967000961,,0.002096673473715782,0.025313610211014748,,,,,,,,,,,,,,
4,,5199,,,,,,,,,,6.109476089477539e-07,,1.2456439435482025e-06,,0.3135199546813965,,0.24715009331703186,,0.03612601011991501,,0.0019961136858910322,0.02353568561375141,,,,,,,,,,,,,,
4,,5209,,,,,,,,,,6.92903995513916e-07,,2.201646566390991e-06,,0.26140862703323364,,0.26707249879837036,,0.0335034616291523,,0.002472534077242017,0.023724505677819252,,,,,,,,,,,,,,
4,,5219,,,,,,,,,,5.420297384262085e-07,,1.525040715932846e-06,,0.3341052532196045,,0.2447449117898941,,0.038755521178245544,,0.0028843737673014402,0.024823719635605812,,,,,,,,,,,,,,
4,,5229,,,,,,,,,,5.178153514862061e-07,,1.141335815191269e-06,,0.2811955213546753,,0.26722386479377747,,0.036386579275131226,,0.002829059259966016,0.024771708995103836,,,,,,,,,,,,,,
4,,5239,,,,,,,,,,8.475035429000854e-07,,1.094769686460495e-06,,0.3121558725833893,,0.25685977935791016,,0.037322964519262314,,0.002979852491989732,0.02493741735816002,,,,,,,,,,,,,,
4,,5249,,,,,,,,,,1.3187527656555176e-06,,1.0682269930839539e-06,,0.29801681637763977,,0.25651997327804565,,0.047635339200496674,,0.0023259087465703487,0.0261992160230875,,,,,,,,,,,,,,
4,,5259,,,,,,,,,,9.611248970031738e-07,,1.530628651380539e-06,,0.30567097663879395,,0.25884154438972473,,0.03588392585515976,,0.0027806912548840046,0.024535030126571655,,,,,,,,,,,,,,
4,,5269,,,,,,,,,,1.695007085800171e-06,,3.124447539448738e-05,,0.30670472979545593,,0.25572046637535095,,0.04031716287136078,,0.0021232047583907843,0.0247390978038311,,,,,,,,,,,,,,
4,,5279,,,,,,,,,,7.897615432739258e-07,,1.0463409125804901e-06,,0.29412347078323364,,0.2656218409538269,,0.030943211168050766,,0.0013724926393479109,0.02273455820977688,,,,,,,,,,,,,,
4,,5289,,,,,,,,,,1.2814998626708984e-06,,2.3883767426013947e-06,,0.309268057346344,,0.2800384759902954,,0.03499966487288475,,0.002825430827215314,0.025438768789172173,,,,,,,,,,,,,,
4,,5299,,,,,,,,,,7.674098014831543e-07,,9.671784937381744e-07,,0.3331553041934967,,0.25635093450546265,,0.04288826882839203,,0.0021743401885032654,0.025599174201488495,,,,,,,,,,,,,,
4,,5309,,,,,,,,,,2.808868885040283e-06,,2.0097941160202026e-06,,0.3143528401851654,,0.24733571708202362,,0.03842338174581528,,0.0026503915432840586,0.02447584643959999,,,,,,,,,,,,,,
4,,5319,,,,,,,,,,1.1902302503585815e-06,,9.499490261077881e-07,,0.32049477100372314,,0.25001826882362366,,0.03677252680063248,,0.0028990162536501884,0.024550512433052063,,,,,,,,,,,,,,
4,,5329,,,,,,,,,,1.0188668966293335e-06,,9.993091225624084e-07,,0.28019803762435913,,0.2606547474861145,,0.03649122267961502,,0.0027561860624700785,0.0244169719517231,,,,,,,,,,,,,,
4,,5339,,,,,,,,,,8.512288331985474e-07,,7.152557373046875e-07,,0.25166893005371094,,0.2692732810974121,,0.04028737545013428,,0.002007109811529517,0.024636661633849144,,,,,,,,,,,,,,
4,,5349,,,,,,,,,,1.0561197996139526e-06,,7.227063179016113e-07,,0.31409260630607605,,0.23702369630336761,,0.03859686106443405,,0.00221640313975513,0.023696260526776314,,,,,,,,,,,,,,
4,,5359,,,,,,,,,,1.2312084436416626e-06,,1.8868595361709595e-06,,0.2867322862148285,,0.2608441710472107,,0.029714034870266914,,0.0021633929572999477,0.022786710411310196,,,,,,,,,,,,,,
4,,5369,,,,,,,,,,1.0058283805847168e-06,,4.0335580706596375e-06,,0.3123030960559845,,0.2538231909275055,,0.03164762258529663,,0.002081348095089197,0.023058345541357994,,,,,,,,,,,,,,
4,,5379,,,,,,,,,,8.940696716308594e-07,,6.550922989845276e-06,,0.32393866777420044,,0.25239357352256775,,0.03215951472520828,,0.0024319980293512344,0.02348676696419716,,,,,,,,,,,,,,
4,,5389,,,,,,,,,,9.387731552124023e-07,,7.497146725654602e-07,,0.25923120975494385,,0.2699509859085083,,0.04552600160241127,,0.0018102896865457296,0.025591913610696793,,,,,,,,,,,,,,
4,,5399,,,,,,,,,,6.202608346939087e-07,,7.292255759239197e-07,,0.26311665773391724,,0.2609160840511322,,0.04028533771634102,,0.0014419893268495798,0.023954683914780617,,,,,,,,,,,,,,
4,,5409,,,,,,,,,,1.6577541828155518e-06,,1.144828274846077e-05,,0.2879343628883362,,0.26619184017181396,,0.03574126213788986,,0.0028091236017644405,0.02466636151075363,,,,,,,,,,,,,,
4,,5419,,,,,,,,,,9.126961231231689e-07,,2.634245902299881e-06,,0.268052875995636,,0.2776820659637451,,0.03716664016246796,,0.0023365819361060858,0.02488485537469387,,,,,,,,,,,,,,
4,,5429,,,,,,,,,,6.649643182754517e-07,,1.0235235095024109e-06,,0.297186017036438,,0.2747221291065216,,0.03623814880847931,,0.0017637035343796015,0.024483660236001015,,,,,,,,,,,,,,
4,,5439,,,,,,,,,,6.761401891708374e-07,,9.252689778804779e-07,,0.2980883717536926,,0.2541089653968811,,0.04379558563232422,,0.002404137048870325,0.025425570085644722,,,,,,,,,,,,,,
4,,5449,,,,,,,,,,4.5821070671081543e-07,,1.5855766832828522e-06,,0.2877298593521118,,0.2582707405090332,,0.038652025163173676,,0.002085609594359994,0.02429567277431488,,,,,,,,,,,,,,
4,,5459,,,,,,,,,,6.873160600662231e-07,,3.11434268951416e-06,,0.280007541179657,,0.26456746459007263,,0.030656173825263977,,0.0030042463913559914,0.02368994988501072,,,,,,,,,,,,,,
4,,5469,,,,,,,,,,9.331852197647095e-07,,2.2723805159330368e-05,,0.29530787467956543,,0.25296664237976074,,0.0413404181599617,,0.002076744567602873,0.024633418768644333,,,,,,,,,,,,,,
4,,5479,,,,,,,,,,6.332993507385254e-07,,3.730878233909607e-06,,0.29474085569381714,,0.2485276460647583,,0.04025416821241379,,0.0030854761134833097,0.024971600621938705,,,,,,,,,,,,,,
4,,5489,,,,,,,,,,7.338821887969971e-07,,2.5443732738494873e-06,,0.28867989778518677,,0.2569660544395447,,0.03729460760951042,,0.001927983365021646,0.02387281507253647,,,,,,,,,,,,,,
4,,5499,,,,,,,,,,7.7858567237854e-07,,7.79004767537117e-06,,0.264376163482666,,0.2705436646938324,,0.03537425398826599,,0.0023407957050949335,0.02417408861219883,,,,,,,,,,,,,,
4,,5509,,,,,,,,,,1.5255063772201538e-06,,1.0104849934577942e-06,,0.2764710783958435,,0.255583256483078,,0.039679475128650665,,0.0016668853349983692,0.023916272446513176,,,,,,,,,,,,,,
4,,5519,,,,,,,,,,1.8887221813201904e-06,,1.9366852939128876e-06,,0.3255883753299713,,0.2326001226902008,,0.041616447269916534,,0.0015212229918688536,0.023668406531214714,,,,,,,,,,,,,,
4,,5529,,,,,,,,,,8.624047040939331e-07,,4.375819116830826e-06,,0.29940110445022583,,0.26261794567108154,,0.04274573549628258,,0.0031461049802601337,0.026199636980891228,,,,,,,,,,,,,,
4,,5539,,,,,,,,,,3.2782554626464844e-07,,6.570480763912201e-07,,0.30597639083862305,,0.2518395781517029,,0.038655273616313934,,0.001937743043527007,0.02409769780933857,,,,,,,,,,,,,,
4,,5549,,,,,,,,,,3.129243850708008e-07,,7.045455276966095e-07,,0.29508453607559204,,0.25638532638549805,,0.033036958426237106,,0.0024110879749059677,0.023484567180275917,,,,,,,,,,,,,,
4,,5559,,,,,,,,,,5.476176738739014e-07,,4.7124922275543213e-07,,0.30317389965057373,,0.2618103623390198,,0.036436185240745544,,0.0025460331235080957,0.02457249164581299,,,,,,,,,,,,,,
4,,5569,,,,,,,,,,4.5634806156158447e-07,,7.89295881986618e-07,,0.28530794382095337,,0.26728567481040955,,0.033986371010541916,,0.0019648708403110504,0.02372436225414276,,,,,,,,,,,,,,
4,,5579,,,,,,,,,,9.98377799987793e-07,,2.2007152438163757e-06,,0.30228185653686523,,0.25907906889915466,,0.034764498472213745,,0.0020080802496522665,0.023716898635029793,,,,,,,,,,,,,,
4,,5589,,,,,,,,,,1.3057142496109009e-06,,4.6659260988235474e-07,,0.28377825021743774,,0.26947322487831116,,0.030896391719579697,,0.002006709109991789,0.023260870948433876,,,,,,,,,,,,,,
4,,5599,,,,,,,,,,1.0244548320770264e-06,,1.0547228157520294e-06,,0.29571229219436646,,0.2560730576515198,,0.037471964955329895,,0.0022042712662369013,0.024153901264071465,,,,,,,,,,,,,,
4,,5609,,,,,,,,,,1.55717134475708e-06,,7.846392691135406e-07,,0.2684689164161682,,0.27310946583747864,,0.03945499658584595,,0.002544631250202656,0.02526058256626129,,,,,,,,,,,,,,
4,,5619,,,,,,,,,,7.096678018569946e-07,,9.592622518539429e-07,,0.2861010432243347,,0.24908167123794556,,0.030521534383296967,,0.0035608825273811817,0.023427622392773628,,,,,,,,,,,,,,
4,,5629,,,,,,,,,,4.293397068977356e-06,,8.17328691482544e-06,,0.2807888388633728,,0.27154284715652466,,0.03591420128941536,,0.00221365038305521,0.024419205263257027,,,,,,,,,,,,,,
4,,5639,,,,,,,,,,8.083879947662354e-07,,7.506459951400757e-07,,0.26872533559799194,,0.26319289207458496,,0.031952954828739166,,0.0017506217118352652,0.022796006873250008,,,,,,,,,,,,,,
4,,5649,,,,,,,,,,1.171603798866272e-06,,2.9061920940876007e-06,,0.2890108525753021,,0.2664962708950043,,0.03661452978849411,,0.0013140486553311348,0.023735424503684044,,,,,,,,,,,,,,
4,,5659,,,,,,,,,,1.3671815395355225e-06,,1.0356307029724121e-06,,0.29962700605392456,,0.2465168833732605,,0.03905842453241348,,0.002404560800641775,0.02419952116906643,,,,,,,,,,,,,,
4,,5669,,,,,,,,,,6.426125764846802e-07,,3.46451997756958e-07,,0.32216477394104004,,0.23221689462661743,,0.03373963385820389,,0.0018311027670279145,0.0223655067384243,,,,,,,,,,,,,,
4,,5679,,,,,,,,,,6.48200511932373e-07,,1.7842277884483337e-05,,0.31160321831703186,,0.25784921646118164,,0.03320354223251343,,0.0019470811821520329,0.023430030792951584,,,,,,,,,,,,,,
4,,5689,,,,,,,,,,1.4510005712509155e-06,,8.605420589447021e-07,,0.2501676082611084,,0.2691478729248047,,0.034836314618587494,,0.0020768726244568825,0.023643197491765022,,,,,,,,,,,,,,
4,,5699,,,,,,,,,,4.0978193283081055e-07,,4.1350722312927246e-07,,0.28931286931037903,,0.2474730759859085,,0.040948159992694855,,0.003065857570618391,0.024973956868052483,,,,,,,,,,,,,,
4,,5709,,,,,,,,,,3.557652235031128e-07,,1.3709068298339844e-06,,0.33582574129104614,,0.23769621551036835,,0.03095848485827446,,0.0023172153159976006,0.022625623270869255,,,,,,,,,,,,,,
4,,5719,,,,,,,,,,4.4889748096466064e-07,,1.8831342458724976e-06,,0.30462267994880676,,0.24172580242156982,,0.034445133060216904,,0.0016629883321002126,0.02261192537844181,,,,,,,,,,,,,,
4,,5729,,,,,,,,,,2.4586915969848633e-06,,2.6920344680547714e-05,,0.28199106454849243,,0.2625562846660614,,0.025767790153622627,,0.002203254494816065,0.02210128679871559,,,,,,,,,,,,,,
4,,5739,,,,,,,,,,4.569068551063538e-06,,9.725801646709442e-06,,0.30289843678474426,,0.2596648335456848,,0.030222710222005844,,0.0020603621378540993,0.022939041256904602,,,,,,,,,,,,,,
4,,5749,,,,,,,,,,8.512288331985474e-07,,1.6209669411182404e-06,,0.2561973035335541,,0.2584717273712158,,0.03924238309264183,,0.0016583290416747332,0.023725666105747223,,,,,,,,,,,,,,
4,,5759,,,,,,,,,,7.80448317527771e-07,,1.048203557729721e-06,,0.3010156750679016,,0.25096046924591064,,0.04143261909484863,,0.002127331681549549,0.024661440402269363,,,,,,,,,,,,,,
4,,5769,,,,,,,,,,9.685754776000977e-07,,7.869675755500793e-07,,0.29712897539138794,,0.2599843144416809,,0.033782780170440674,,0.0019866162911057472,0.023498719558119774,,,,,,,,,,,,,,
4,,5779,,,,,,,,,,1.1920928955078125e-06,,2.5685876607894897e-06,,0.2983935475349426,,0.252018004655838,,0.031497444957494736,,0.0022098489571362734,0.022878898307681084,,,,,,,,,,,,,,
4,,5789,,,,,,,,,,2.291053533554077e-06,,1.0705552995204926e-06,,0.336856484413147,,0.24724268913269043,,0.03982160612940788,,0.001551571418531239,0.024173175916075706,,,,,,,,,,,,,,
4,,5799,,,,,,,,,,1.7471611499786377e-06,,1.365644857287407e-05,,0.3125188946723938,,0.24483025074005127,,0.04423253610730171,,0.0022226949222385883,0.025105539709329605,,,,,,,,,,,,,,
4,,5809,,,,,,,,,,5.494803190231323e-07,,2.678949385881424e-06,,0.26681578159332275,,0.2662086486816406,,0.042180150747299194,,0.002553496975451708,0.025435399264097214,,,,,,,,,,,,,,
4,,5819,,,,,,,,,,2.337619662284851e-06,,1.3243407011032104e-06,,0.30861741304397583,,0.2554316520690918,,0.03627739101648331,,0.0018079632427543402,0.023753756657242775,,,,,,,,,,,,,,
4,,5829,,,,,,,,,,9.369105100631714e-07,,6.1793252825737e-07,,0.2764551341533661,,0.2684161961078644,,0.037637095898389816,,0.002513616345822811,0.024769935756921768,,,,,,,,,,,,,,
4,,5834,,,,,,,,,,,,,,,,,,,,,,0.9918482899665833,1.0,1.0,0.9212272763252258,0.907313346862793,0.9862342476844788,0.9995988607406616,0.021701674908399582,0.0,2.9802322387695312e-08,0.2955999970436096,0.25281694531440735,0.03068961389362812,0.0008362948428839445
4,,5834,0.9910005927085876,1.0,1.0,0.9231616258621216,0.9044268131256104,0.984159529209137,0.9991379380226135,0.024426626041531563,1.7931574802787509e-06,,4.203329808660783e-06,,0.29458943009376526,,0.2584752142429352,,0.037806276232004166,,0.0023516295477747917,,,,,,,,,,,,,,,,
,0.0002799038105676658,5835,,,,,,,,,,,,,,,,,,,,,,,,,,,,,,,,,,,
5,,5839,,,,,,,,,,7.636845111846924e-07,,1.4915131032466888e-06,,0.27786538004875183,,0.2553974986076355,,0.046554017812013626,,0.0018707452109083533,0.025366127490997314,,,,,,,,,,,,,,
5,,5849,,,,,,,,,,3.557652235031128e-07,,1.58604234457016e-06,,0.240834578871727,,0.27818524837493896,,0.034714747220277786,,0.0022211542818695307,0.024042969569563866,,,,,,,,,,,,,,
5,,5859,,,,,,,,,,3.8929283618927e-07,,1.092907041311264e-06,,0.2699943482875824,,0.2508704960346222,,0.036964401602745056,,0.0015233990270644426,0.023002544417977333,,,,,,,,,,,,,,
5,,5869,,,,,,,,,,7.487833499908447e-07,,1.5869736671447754e-06,,0.3010198473930359,,0.26692065596580505,,0.040524788200855255,,0.0024586482904851437,0.02548809163272381,,,,,,,,,,,,,,
5,,5879,,,,,,,,,,2.5331974029541016e-07,,1.267995685338974e-06,,0.2910364866256714,,0.2393713742494583,,0.039705999195575714,,0.0019362291786819696,0.023533912375569344,,,,,,,,,,,,,,
5,,5889,,,,,,,,,,2.3283064365386963e-07,,9.853392839431763e-07,,0.3566727042198181,,0.25059226155281067,,0.036367643624544144,,0.0021783369593322277,0.024384913966059685,,,,,,,,,,,,,,
5,,5899,,,,,,,,,,8.195638656616211e-07,,8.726492524147034e-07,,0.2588539719581604,,0.28447240591049194,,0.03246653825044632,,0.0025269966572523117,0.024356761947274208,,,,,,,,,,,,,,
5,,5909,,,,,,,,,,2.1606683731079102e-07,,6.919726729393005e-07,,0.26994454860687256,,0.27008211612701416,,0.02934175916016102,,0.002198871923610568,0.0229798574000597,,,,,,,,,,,,,,
5,,5919,,,,,,,,,,7.487833499908447e-07,,1.5283003449440002e-06,,0.3301463723182678,,0.23889577388763428,,0.03570517897605896,,0.002052553230896592,0.02330697327852249,,,,,,,,,,,,,,
5,,5929,,,,,,,,,,6.05359673500061e-07,,4.723202437162399e-06,,0.26028764247894287,,0.2561532258987427,,0.037935733795166016,,0.0015572842676192522,0.02334405668079853,,,,,,,,,,,,,,
5,,5939,,,,,,,,,,2.421438694000244e-07,,1.228880137205124e-06,,0.2817966043949127,,0.2614666819572449,,0.039528295397758484,,0.002103249542415142,0.02455354668200016,,,,,,,,,,,,,,
5,,5949,,,,,,,,,,1.9688159227371216e-06,,6.604474037885666e-06,,0.28742092847824097,,0.2491067349910736,,0.03485653176903725,,0.00197749026119709,0.023069463670253754,,,,,,,,,,,,,,
5,,5959,,,,,,,,,,3.501772880554199e-07,,2.5331974029541016e-06,,0.2728694677352905,,0.26569220423698425,,0.0318518802523613,,0.0024590289685875177,0.023474249988794327,,,,,,,,,,,,,,
5,,5969,,,,,,,,,,6.649643182754517e-07,,5.601905286312103e-07,,0.32257744669914246,,0.24892479181289673,,0.0479605570435524,,0.0022372601088136435,0.026125485077500343,,,,,,,,,,,,,,
5,,5979,,,,,,,,,,1.3597309589385986e-06,,8.4657222032547e-07,,0.3297884464263916,,0.242062509059906,,0.03351100534200668,,0.0021090046502649784,0.02308209426701069,,,,,,,,,,,,,,
5,,5989,,,,,,,,,,5.476176738739014e-07,,6.449408829212189e-07,,0.2765345871448517,,0.26752960681915283,,0.028565451502799988,,0.001986593473702669,0.02263258583843708,,,,,,,,,,,,,,
5,,5999,,,,,,,,,,8.866190910339355e-07,,7.284805178642273e-06,,0.27367761731147766,,0.2622602581977844,,0.035623081028461456,,0.0023468241561204195,0.023945922031998634,,,,,,,,,,,,,,
5,,6009,,,,,,,,,,4.023313522338867e-07,,9.099021553993225e-07,,0.30382558703422546,,0.251385897397995,,0.03395745903253555,,0.002024994697421789,0.023235617205500603,,,,,,,,,,,,,,
5,,6019,,,,,,,,,,1.4398247003555298e-06,,1.2367963790893555e-06,,0.3044193387031555,,0.2685258984565735,,0.029999565333127975,,0.0014077743981033564,0.022840896621346474,,,,,,,,,,,,,,
5,,6029,,,,,,,,,,2.6635825634002686e-07,,1.5110708773136139e-06,,0.29205194115638733,,0.25741642713546753,,0.03512200713157654,,0.002246307209134102,0.02376479282975197,,,,,,,,,,,,,,
5,,6039,,,,,,,,,,2.6114284992218018e-06,,2.468004822731018e-06,,0.2876240015029907,,0.25777411460876465,,0.026370398700237274,,0.0019330235663801432,0.021853318437933922,,,,,,,,,,,,,,
5,,6049,,,,,,,,,,7.096678018569946e-07,,6.882473826408386e-07,,0.3185785114765167,,0.24922096729278564,,0.031021658331155777,,0.0024890254717320204,0.02310454659163952,,,,,,,,,,,,,,
5,,6059,,,,,,,,,,2.25752592086792e-06,,4.254747182130814e-06,,0.2880532443523407,,0.23878613114356995,,0.042240723967552185,,0.0017655931878834963,0.023818884044885635,,,,,,,,,,,,,,
5,,6069,,,,,,,,,,9.834766387939453e-07,,2.934131771326065e-06,,0.30477726459503174,,0.24743995070457458,,0.03232148662209511,,0.0013539649080485106,0.0222515519708395,,,,,,,,,,,,,,
5,,6079,,,,,,,,,,2.4419277906417847e-06,,2.896878868341446e-06,,0.3058141767978668,,0.24319638311862946,,0.032958149909973145,,0.0024742265231907368,0.0230245441198349,,,,,,,,,,,,,,
5,,6089,,,,,,,,,,7.6051801443099976e-06,,6.145332008600235e-06,,0.27393418550491333,,0.2834972143173218,,0.0301208533346653,,0.0020648865029215813,0.02370123378932476,,,,,,,,,,,,,,
5,,6099,,,,,,,,,,9.778887033462524e-07,,7.706694304943085e-07,,0.30524224042892456,,0.2604324221611023,,0.03446447476744652,,0.001568614854477346,0.023429103195667267,,,,,,,,,,,,,,
5,,6109,,,,,,,,,,2.7157366275787354e-06,,1.998152583837509e-06,,0.30509331822395325,,0.2594431936740875,,0.0416102260351181,,0.0016247598687186837,0.024763252586126328,,,,,,,,,,,,,,
5,,6119,,,,,,,,,,1.4975666999816895e-06,,1.1352822184562683e-06,,0.3007082939147949,,0.2617596983909607,,0.03041815757751465,,0.0013833243865519762,0.022540317848324776,,,,,,,,,,,,,,
5,,6129,,,,,,,,,,9.106472134590149e-06,,1.5124678611755371e-06,,0.2990022301673889,,0.2614023685455322,,0.03821904957294464,,0.0022381749004125595,0.024607889354228973,,,,,,,,,,,,,,
5,,6139,,,,,,,,,,5.5730342864990234e-06,,6.799120455980301e-06,,0.2833447754383087,,0.2611713409423828,,0.03746854513883591,,0.00197746604681015,0.02407720685005188,,,,,,,,,,,,,,
5,,6149,,,,,,,,,,2.86102294921875e-06,,3.97535040974617e-06,,0.32667937874794006,,0.25626668334007263,,0.026569165289402008,,0.0016436285804957151,0.022060614079236984,,,,,,,,,,,,,,
5,,6159,,,,,,,,,,8.568167686462402e-07,,9.140931069850922e-07,,0.24691474437713623,,0.27572008967399597,,0.03102622739970684,,0.001943553565070033,0.02309863641858101,,,,,,,,,,,,,,
5,,6169,,,,,,,,,,3.25031578540802e-06,,1.9762665033340454e-06,,0.2863442003726959,,0.2641254663467407,,0.02968818135559559,,0.0017447986174374819,0.022617140784859657,,,,,,,,,,,,,,
5,,6179,,,,,,,,,,3.3713877201080322e-06,,2.673827111721039e-06,,0.28383946418762207,,0.2786298394203186,,0.031015412881970406,,0.0017658289289101958,0.023532535880804062,,,,,,,,,,,,,,
5,,6189,,,,,,,,,,3.468245267868042e-06,,2.3851171135902405e-06,,0.29837194085121155,,0.2363588958978653,,0.035631731152534485,,0.0016021879855543375,0.022463953122496605,,,,,,,,,,,,,,
5,,6199,,,,,,,,,,2.3109838366508484e-05,,7.233815267682076e-05,,0.3172665238380432,,0.2483820915222168,,0.035836294293403625,,0.0012750329915434122,0.023042311891913414,,,,,,,,,,,,,,
5,,6209,,,,,,,,,,2.1923333406448364e-06,,6.023328751325607e-06,,0.25168460607528687,,0.278932124376297,,0.03772196173667908,,0.0018336698412895203,0.0244784876704216,,,,,,,,,,,,,,
5,,6219,,,,,,,,,,1.1604279279708862e-06,,5.830079317092896e-07,,0.3309726119041443,,0.23665101826190948,,0.03386639431118965,,0.0020836940966546535,0.022889912128448486,,,,,,,,,,,,,,
5,,6229,,,,,,,,,,3.3155083656311035e-07,,1.1795200407505035e-06,,0.30379384756088257,,0.24616624414920807,,0.042469143867492676,,0.001701927394606173,0.024344485253095627,,,,,,,,,,,,,,
5,,6239,,,,,,,,,,8.977949619293213e-07,,3.791414201259613e-06,,0.3287411332130432,,0.24116820096969604,,0.038179438561201096,,0.0015790893230587244,0.023505907505750656,,,,,,,,,,,,,,
5,,6249,,,,,,,,,,1.998618245124817e-06,,5.643349140882492e-06,,0.26321887969970703,,0.27863335609436035,,0.034420840442180634,,0.0018992805853486061,0.024029787629842758,,,,,,,,,,,,,,
5,,6259,,,,,,,,,,7.282942533493042e-07,,1.7327256500720978e-06,,0.30176621675491333,,0.24834772944450378,,0.03245438262820244,,0.0017226028721779585,0.02256028726696968,,,,,,,,,,,,,,
5,,6269,,,,,,,,,,7.841736078262329e-07,,1.6191042959690094e-06,,0.2968659996986389,,0.2517160475254059,,0.034577399492263794,,0.0016455849399790168,0.023001160472631454,,,,,,,,,,,,,,
5,,6279,,,,,,,,,,3.0919909477233887e-07,,1.0249204933643341e-06,,0.2918998599052429,,0.26626092195510864,,0.033826276659965515,,0.0019444753415882587,0.02370825782418251,,,,,,,,,,,,,,
5,,6289,,,,,,,,,,7.580965757369995e-07,,1.1958181858062744e-06,,0.30133092403411865,,0.2525213360786438,,0.03474355489015579,,0.00215397821739316,0.023503802716732025,,,,,,,,,,,,,,
5,,6299,,,,,,,,,,7.133930921554565e-07,,2.1727755665779114e-06,,0.2751798629760742,,0.26571714878082275,,0.03363470360636711,,0.0023525021970272064,0.02375694550573826,,,,,,,,,,,,,,
5,,6309,,,,,,,,,,1.1920928955078125e-06,,7.781200110912323e-07,,0.29288002848625183,,0.2780417799949646,,0.03238276392221451,,0.0016793134855106473,0.023802464827895164,,,,,,,,,,,,,,
5,,6319,,,,,,,,,,3.986060619354248e-07,,4.85684722661972e-07,,0.2985154390335083,,0.26245394349098206,,0.03874363750219345,,0.0019037702586501837,0.024498997256159782,,,,,,,,,,,,,,
5,,6329,,,,,,,,,,4.6566128730773926e-07,,2.500135451555252e-06,,0.26612988114356995,,0.2580561637878418,,0.03751283884048462,,0.0015157738234847784,0.023391298949718475,,,,,,,,,,,,,,
5,,6339,,,,,,,,,,1.8943101167678833e-06,,6.421469151973724e-07,,0.2814010977745056,,0.25877127051353455,,0.03196199983358383,,0.0017740309704095125,0.022756529971957207,,,,,,,,,,,,,,
5,,6349,,,,,,,,,,6.128102540969849e-07,,6.897374987602234e-06,,0.2989162802696228,,0.26484405994415283,,0.02908668853342533,,0.0014732698909938335,0.022481705993413925,,,,,,,,,,,,,,
5,,6359,,,,,,,,,,1.5925616025924683e-06,,3.7122517824172974e-06,,0.2825949490070343,,0.26618462800979614,,0.032068558037281036,,0.002192220650613308,0.023451823741197586,,,,,,,,,,,,,,
5,,6369,,,,,,,,,,1.0151416063308716e-06,,7.976777851581573e-07,,0.26356232166290283,,0.25978782773017883,,0.03344327211380005,,0.0024041554424911737,0.02334560826420784,,,,,,,,,,,,,,
5,,6379,,,,,,,,,,8.847564458847046e-07,,3.1618401408195496e-06,,0.3056129813194275,,0.25301939249038696,,0.034558914601802826,,0.0020675016567111015,0.02347785048186779,,,,,,,,,,,,,,
5,,6389,,,,,,,,,,1.7210841178894043e-06,,2.7152709662914276e-06,,0.2573455274105072,,0.265964537858963,,0.03336393088102341,,0.001777242636308074,0.023077167570590973,,,,,,,,,,,,,,
5,,6399,,,,,,,,,,5.103647708892822e-07,,9.456649422645569e-06,,0.30760493874549866,,0.26332762837409973,,0.0353374220430851,,0.0022364789620041847,0.024257302284240723,,,,,,,,,,,,,,
5,,6409,,,,,,,,,,1.4249235391616821e-06,,4.509463906288147e-06,,0.3018556833267212,,0.2501489520072937,,0.03418554738163948,,0.001953780185431242,0.023143894970417023,,,,,,,,,,,,,,
5,,6419,,,,,,,,,,1.3802200555801392e-06,,1.0363757610321045e-05,,0.27559471130371094,,0.26835840940475464,,0.03117167204618454,,0.0016851166728883982,0.022923080250620842,,,,,,,,,,,,,,
5,,6429,,,,,,,,,,3.781169652938843e-07,,3.366731107234955e-07,,0.29039835929870605,,0.24346855282783508,,0.039734624326229095,,0.0026156622916460037,0.024233601987361908,,,,,,,,,,,,,,
5,,6439,,,,,,,,,,4.507601261138916e-07,,1.7704442143440247e-06,,0.2942157983779907,,0.2517639696598053,,0.030210889875888824,,0.0019369672518223524,0.022372012957930565,,,,,,,,,,,,,,
5,,6449,,,,,,,,,,2.3171305656433105e-06,,2.1224841475486755e-06,,0.3183819651603699,,0.2294117510318756,,0.03640102595090866,,0.0015690544387325644,0.022492198273539543,,,,,,,,,,,,,,
5,,6459,,,,,,,,,,4.116445779800415e-07,,2.834480255842209e-06,,0.26004141569137573,,0.2804611921310425,,0.03884460777044296,,0.0015177270397543907,0.024621659889817238,,,,,,,,,,,,,,
5,,6469,,,,,,,,,,1.8738210201263428e-06,,6.528571248054504e-07,,0.25856131315231323,,0.26674148440361023,,0.037123993039131165,,0.00143603072501719,0.02357705496251583,,,,,,,,,,,,,,
5,,6479,,,,,,,,,,2.7567148208618164e-06,,1.695007085800171e-06,,0.2951919734477997,,0.2592177391052246,,0.029010456055402756,,0.0013093609595671296,0.022036980837583542,,,,,,,,,,,,,,
5,,6489,,,,,,,,,,2.8070062398910522e-06,,2.105720341205597e-06,,0.273375928401947,,0.2559710741043091,,0.039301760494709015,,0.00137260090559721,0.023606570437550545,,,,,,,,,,,,,,
5,,6499,,,,,,,,,,1.991167664527893e-06,,2.149958163499832e-06,,0.287409245967865,,0.25620079040527344,,0.03193889558315277,,0.0014163668965920806,0.022433791309595108,,,,,,,,,,,,,,
5,,6509,,,,,,,,,,6.042420864105225e-06,,1.1529307812452316e-05,,0.3095906972885132,,0.2612452507019043,,0.02770049497485161,,0.0013686672318726778,0.02209966443479061,,,,,,,,,,,,,,
5,,6519,,,,,,,,,,7.394701242446899e-07,,1.085922122001648e-06,,0.3048800528049469,,0.2439655065536499,,0.03942672908306122,,0.0018217670731246471,0.02377334237098694,,,,,,,,,,,,,,
5,,6529,,,,,,,,,,7.171183824539185e-07,,7.189810276031494e-07,,0.29241034388542175,,0.2675396203994751,,0.029458224773406982,,0.001444538589566946,0.022579941898584366,,,,,,,,,,,,,,
5,,6539,,,,,,,,,,1.4472752809524536e-06,,1.2880191206932068e-06,,0.3013755679130554,,0.2590174078941345,,0.03812439739704132,,0.0019034389406442642,0.024255016818642616,,,,,,,,,,,,,,
5,,6549,,,,,,,,,,2.0060688257217407e-06,,1.351814717054367e-06,,0.3100512623786926,,0.2580605149269104,,0.03449800983071327,,0.0016428595408797264,0.023436248302459717,,,,,,,,,,,,,,
