epoch,lr-AdamW,step,train/acc,train/acc_s0_1,train/acc_s1_2,train/acc_s2_4,train/acc_s3_8,train/acc_s4_16,train/acc_s5_32,train/loss_epoch,train/loss_s0_1_epoch,train/loss_s0_1_step,train/loss_s1_2_epoch,train/loss_s1_2_step,train/loss_s2_4_epoch,train/loss_s2_4_step,train/loss_s3_8_epoch,train/loss_s3_8_step,train/loss_s4_16_epoch,train/loss_s4_16_step,train/loss_s5_32_epoch,train/loss_s5_32_step,train/loss_step,val/acc,val/acc_s0_1,val/acc_s1_2,val/acc_s2_4,val/acc_s3_8,val/acc_s4_16,val/acc_s5_32,val/loss,val/loss_s0_1,val/loss_s1_2,val/loss_s2_4,val/loss_s3_8,val/loss_s4_16,val/loss_s5_32
,0.0001036474508437579,38880,,,,,,,,,,,,,,,,,,,,,,,,,,,,,,,,,,,
12,,38889,,,,,,,,,,8.557364344596863e-05,,0.0002586902119219303,,0.24724078178405762,,0.27150624990463257,,0.07935413718223572,,0.022553429007530212,0.04743058234453201,,,,,,,,,,,,,,
12,,38899,,,,,,,,,,0.00010274536907672882,,0.0002484503202140331,,0.25741028785705566,,0.2587263584136963,,0.09180819243192673,,0.02839893475174904,0.053671468049287796,,,,,,,,,,,,,,
12,,38909,,,,,,,,,,8.177757263183594e-05,,0.00022112485021352768,,0.23426133394241333,,0.2592200040817261,,0.08277100324630737,,0.025334686040878296,0.04942953959107399,,,,,,,,,,,,,,
12,,38919,,,,,,,,,,0.15437160432338715,,0.015998337417840958,,0.2793724536895752,,0.256148099899292,,0.09619610011577606,,0.04478563368320465,0.06708315014839172,,,,,,,,,,,,,,
12,,38929,,,,,,,,,,0.17006322741508484,,0.008461934514343739,,0.20257386565208435,,0.2909832298755646,,0.08522967994213104,,0.02945374697446823,0.05424721911549568,,,,,,,,,,,,,,
12,,38939,,,,,,,,,,8.80751758813858e-05,,0.0002327687107026577,,0.24468430876731873,,0.25238025188446045,,0.07624009251594543,,0.025683855637907982,0.048268161714076996,,,,,,,,,,,,,,
12,,38949,,,,,,,,,,9.193830192089081e-05,,0.00021644867956638336,,0.24217039346694946,,0.26947370171546936,,0.08188491314649582,,0.02720942720770836,0.051243219524621964,,,,,,,,,,,,,,
12,,38959,,,,,,,,,,0.0001463238149881363,,0.00027303630486130714,,0.233578622341156,,0.24133765697479248,,0.07755182683467865,,0.027788929641246796,0.04944559931755066,,,,,,,,,,,,,,
12,,38969,,,,,,,,,,9.384937584400177e-05,,0.0002752128057181835,,0.24627164006233215,,0.24810069799423218,,0.0991048738360405,,0.033040475100278854,0.05789324268698692,,,,,,,,,,,,,,
12,,38979,,,,,,,,,,0.00011360272765159607,,0.00030640093609690666,,0.2738228440284729,,0.2609808146953583,,0.07264461368322372,,0.02552441880106926,0.04821927100419998,,,,,,,,,,,,,,
12,,38989,,,,,,,,,,0.0001435931771993637,,0.0002985876053571701,,0.25721338391304016,,0.2589658796787262,,0.0702861100435257,,0.021055050194263458,0.04413493722677231,,,,,,,,,,,,,,
12,,38999,,,,,,,,,,0.00010299496352672577,,0.0003940328024327755,,0.22500889003276825,,0.2526742219924927,,0.0874042958021164,,0.025688624009490013,0.05014917254447937,,,,,,,,,,,,,,
12,,39009,,,,,,,,,,0.00016827508807182312,,0.00045267725363373756,,0.25896766781806946,,0.24960683286190033,,0.091289222240448,,0.03210098296403885,0.05594267323613167,,,,,,,,,,,,,,
12,,39019,,,,,,,,,,0.0001309029757976532,,0.0004067942500114441,,0.26571205258369446,,0.25197339057922363,,0.08929397165775299,,0.03273288905620575,0.05623237416148186,,,,,,,,,,,,,,
12,,39029,,,,,,,,,,8.486397564411163e-05,,0.04142391309142113,,0.2218453586101532,,0.2614728808403015,,0.0785408467054367,,0.022988252341747284,0.04695677384734154,,,,,,,,,,,,,,
12,,39039,,,,,,,,,,0.00013896450400352478,,0.0005710883997380733,,0.2586982846260071,,0.2650885581970215,,0.08493247628211975,,0.02721274457871914,0.05180646851658821,,,,,,,,,,,,,,
12,,39049,,,,,,,,,,0.0001439359039068222,,0.0006048837676644325,,0.22546464204788208,,0.2653520703315735,,0.08768307417631149,,0.026541177183389664,0.051441438496112823,,,,,,,,,,,,,,
12,,39059,,,,,,,,,,0.00013887137174606323,,0.0006658425554633141,,0.2654840648174286,,0.2555198073387146,,0.08131666481494904,,0.02398313768208027,0.04833671450614929,,,,,,,,,,,,,,
12,,39069,,,,,,,,,,0.00017097778618335724,,0.0004728473722934723,,0.24294136464595795,,0.2595425248146057,,0.07258670032024384,,0.02071981132030487,0.04417518526315689,,,,,,,,,,,,,,
12,,39079,,,,,,,,,,0.0001877862960100174,,0.00048513663932681084,,0.2547350525856018,,0.2624334692955017,,0.06330577284097672,,0.02165558561682701,0.04341042414307594,,,,,,,,,,,,,,
12,,39089,,,,,,,,,,0.00017790496349334717,,0.00034874631091952324,,0.2501397132873535,,0.271403431892395,,0.07685830444097519,,0.029905255883932114,0.052507203072309494,,,,,,,,,,,,,,
12,,39099,,,,,,,,,,0.00010398216545581818,,0.06135496869683266,,0.2665954530239105,,0.27766725420951843,,0.11681927740573883,,0.038830216974020004,0.06736236810684204,,,,,,,,,,,,,,
12,,39109,,,,,,,,,,0.00010529719293117523,,0.0003225472755730152,,0.24544517695903778,,0.25501346588134766,,0.09836272895336151,,0.03392265737056732,0.05873043090105057,,,,,,,,,,,,,,
12,,39119,,,,,,,,,,0.00015052594244480133,,0.05861270800232887,,0.2413775622844696,,0.25454413890838623,,0.08197969198226929,,0.03060144931077957,0.05326751247048378,,,,,,,,,,,,,,
12,,39129,,,,,,,,,,0.00012305565178394318,,0.0003367038443684578,,0.2202860414981842,,0.25415483117103577,,0.07672905921936035,,0.022645853459835052,0.04587835073471069,,,,,,,,,,,,,,
12,,39139,,,,,,,,,,0.00012381933629512787,,0.0002961135469377041,,0.24153678119182587,,0.2597227692604065,,0.0960025042295456,,0.034255631268024445,0.05871250107884407,,,,,,,,,,,,,,
12,,39149,,,,,,,,,,0.00010298751294612885,,0.00036630779504776,,0.24988999962806702,,0.26973164081573486,,0.08371379971504211,,0.0316082239151001,0.054989151656627655,,,,,,,,,,,,,,
12,,39159,,,,,,,,,,0.00014401599764823914,,0.0004011928103864193,,0.22437824308872223,,0.285556823015213,,0.09839238226413727,,0.030110720545053482,0.05706173554062843,,,,,,,,,,,,,,
12,,39169,,,,,,,,,,0.00018389709293842316,,0.0004229322075843811,,0.23342324793338776,,0.2673102915287018,,0.0634147897362709,,0.01647801697254181,0.039525408297777176,,,,,,,,,,,,,,
12,,39179,,,,,,,,,,0.00016286037862300873,,0.0003576795570552349,,0.2737511396408081,,0.2774530053138733,,0.09264940023422241,,0.03346393257379532,0.05869884043931961,,,,,,,,,,,,,,
12,,39189,,,,,,,,,,0.00012168660759925842,,0.00029980624094605446,,0.22906902432441711,,0.2569184899330139,,0.080025315284729,,0.02522467076778412,0.04866355285048485,,,,,,,,,,,,,,
12,,39199,,,,,,,,,,0.00014039315283298492,,0.00026057474315166473,,0.24349187314510345,,0.2567148506641388,,0.06669459491968155,,0.019513897597789764,0.04203872010111809,,,,,,,,,,,,,,
12,,39209,,,,,,,,,,0.00013836100697517395,,0.0002495506778359413,,0.2221527099609375,,0.2669094204902649,,0.09514596313238144,,0.025050556287169456,0.051755987107753754,,,,,,,,,,,,,,
12,,39219,,,,,,,,,,0.00012956559658050537,,0.00029378989711403847,,0.2853826880455017,,0.23298436403274536,,0.09364651143550873,,0.027714548632502556,0.05262390896677971,,,,,,,,,,,,,,
12,,39229,,,,,,,,,,8.100084960460663e-05,,0.0002583814784884453,,0.2485622614622116,,0.2833910286426544,,0.06707069277763367,,0.022611260414123535,0.045742977410554886,,,,,,,,,,,,,,
12,,39239,,,,,,,,,,0.00013492070138454437,,0.03981848806142807,,0.2263883352279663,,0.26224932074546814,,0.0840849056839943,,0.030034465715289116,0.053367480635643005,,,,,,,,,,,,,,
12,,39249,,,,,,,,,,0.0001025516539812088,,0.00037294114008545876,,0.23860740661621094,,0.2556939721107483,,0.09144462645053864,,0.029042677953839302,0.05372399464249611,,,,,,,,,,,,,,
12,,39259,,,,,,,,,,0.00010896101593971252,,0.00034367945045232773,,0.23639139533042908,,0.2706505060195923,,0.08031440526247025,,0.024261994287371635,0.04872538521885872,,,,,,,,,,,,,,
12,,39269,,,,,,,,,,0.00011756457388401031,,0.00036331312730908394,,0.2635367214679718,,0.26441073417663574,,0.09264785051345825,,0.029526475816965103,0.05501348525285721,,,,,,,,,,,,,,
12,,39279,,,,,,,,,,0.00015614554286003113,,0.000346609391272068,,0.23558053374290466,,0.2624175548553467,,0.06554201245307922,,0.022546611726284027,0.04427255690097809,,,,,,,,,,,,,,
12,,39289,,,,,,,,,,0.00017550773918628693,,0.00028012506663799286,,0.3049103915691376,,0.2647295296192169,,0.07793824374675751,,0.02630395069718361,0.050336990505456924,,,,,,,,,,,,,,
12,,39299,,,,,,,,,,0.00014437921345233917,,0.00032696453854441643,,0.24988773465156555,,0.2563568949699402,,0.0866200178861618,,0.02741936221718788,0.05176457762718201,,,,,,,,,,,,,,
12,,39309,,,,,,,,,,0.00010762549936771393,,0.00031444570049643517,,0.2741813361644745,,0.24424895644187927,,0.07325174659490585,,0.018669448792934418,0.04241037368774414,,,,,,,,,,,,,,
12,,39319,,,,,,,,,,0.00010216422379016876,,0.00030525634065270424,,0.25111305713653564,,0.2582772374153137,,0.0855511799454689,,0.02877996861934662,0.05268913507461548,,,,,,,,,,,,,,
12,,39329,,,,,,,,,,9.392388164997101e-05,,0.00025268737226724625,,0.2147705852985382,,0.26612693071365356,,0.0903901755809784,,0.029714319854974747,0.05423949658870697,,,,,,,,,,,,,,
12,,39339,,,,,,,,,,0.00010200776159763336,,0.00031436560675501823,,0.22463223338127136,,0.30805504322052,,0.09018334746360779,,0.02999887615442276,0.05649581179022789,,,,,,,,,,,,,,
12,,39349,,,,,,,,,,0.00011524558067321777,,0.00030145514756441116,,0.21086353063583374,,0.27743563055992126,,0.08093699812889099,,0.03098684549331665,0.053905803710222244,,,,,,,,,,,,,,
12,,39359,,,,,,,,,,0.00013577193021774292,,0.00031155766919255257,,0.2761605679988861,,0.24488899111747742,,0.07597711682319641,,0.02283341810107231,0.04609846696257591,,,,,,,,,,,,,,
12,,39369,,,,,,,,,,0.00014538690447807312,,0.00029381830245256424,,0.28748077154159546,,0.2664387822151184,,0.07788559794425964,,0.02378689870238304,0.04831472039222717,,,,,,,,,,,,,,
12,,39379,,,,,,,,,,0.00021786615252494812,,0.0003219079226255417,,0.30070406198501587,,0.25400155782699585,,0.08854033052921295,,0.027049018070101738,0.05233215168118477,,,,,,,,,,,,,,
12,,39389,,,,,,,,,,0.00018090195953845978,,0.0002643950283527374,,0.24657435715198517,,0.25441139936447144,,0.07276655733585358,,0.025600366294384003,0.04767162725329399,,,,,,,,,,,,,,
12,,39399,,,,,,,,,,0.0002009943127632141,,0.00033873505890369415,,0.25322890281677246,,0.2715423107147217,,0.07435150444507599,,0.027536528185009956,0.05030279606580734,,,,,,,,,,,,,,
12,,39409,,,,,,,,,,0.00015184655785560608,,0.00031105102971196175,,0.3601037859916687,,0.24772952497005463,,0.08551628887653351,,0.02679552137851715,0.051976948976516724,,,,,,,,,,,,,,
12,,39419,,,,,,,,,,0.00013374164700508118,,0.00028383219614624977,,0.23790359497070312,,0.2582704424858093,,0.07607996463775635,,0.023911867290735245,0.04710568115115166,,,,,,,,,,,,,,
12,,39429,,,,,,,,,,0.00018286705017089844,,0.00026673777028918266,,0.23387834429740906,,0.2553310990333557,,0.07778406143188477,,0.025382541120052338,0.04834354668855667,,,,,,,,,,,,,,
12,,39439,,,,,,,,,,0.00015476718544960022,,0.00030135875567793846,,0.22914910316467285,,0.25703009963035583,,0.09935865551233292,,0.02835657075047493,0.054645147174596786,,,,,,,,,,,,,,
12,,39449,,,,,,,,,,0.0001658368855714798,,0.0002895444631576538,,0.2548622786998749,,0.2459845095872879,,0.09244048595428467,,0.03229404240846634,0.056084975600242615,,,,,,,,,,,,,,
12,,39459,,,,,,,,,,0.00018549151718616486,,0.0002933586947619915,,0.2726164162158966,,0.25327157974243164,,0.0767413079738617,,0.02255498617887497,0.046384382992982864,,,,,,,,,,,,,,
12,,39469,,,,,,,,,,0.00022121146321296692,,0.00033824844285845757,,0.22087964415550232,,0.26953834295272827,,0.08635899424552917,,0.028796669095754623,0.0530269518494606,,,,,,,,,,,,,,
12,,39479,,,,,,,,,,0.0001482255756855011,,0.0003790813498198986,,0.24020898342132568,,0.26849365234375,,0.08997055888175964,,0.02790256403386593,0.05321120470762253,,,,,,,,,,,,,,
12,,39489,,,,,,,,,,0.00022217631340026855,,0.00044877035543322563,,0.27213868498802185,,0.2680968642234802,,0.06482772529125214,,0.025079064071178436,0.0467335507273674,,,,,,,,,,,,,,
12,,39499,,,,,,,,,,0.00021097809076309204,,0.00038603832945227623,,0.1844998598098755,,0.2768908739089966,,0.0752532035112381,,0.0239423681050539,0.04722093418240547,,,,,,,,,,,,,,
12,,39509,,,,,,,,,,0.00015180744230747223,,0.0003600781783461571,,0.22790303826332092,,0.2631615400314331,,0.08416080474853516,,0.030320048332214355,0.05354086309671402,,,,,,,,,,,,,,
12,,39519,,,,,,,,,,0.00011988356709480286,,0.00038472050800919533,,0.2615513503551483,,0.24617518484592438,,0.08228027820587158,,0.027019472792744637,0.0503101721405983,,,,,,,,,,,,,,
12,,39529,,,,,,,,,,0.00014031678438186646,,0.0002932632341980934,,0.2648158669471741,,0.2577945590019226,,0.08178620040416718,,0.028947092592716217,0.05224638059735298,,,,,,,,,,,,,,
12,,39539,,,,,,,,,,0.0001504942774772644,,0.00030735787004232407,,0.22231945395469666,,0.25624799728393555,,0.09551508724689484,,0.02914983406662941,0.054402682930231094,,,,,,,,,,,,,,
12,,39549,,,,,,,,,,0.00015657208859920502,,0.0002993405796587467,,0.26834723353385925,,0.26104241609573364,,0.09970653057098389,,0.03296557068824768,0.05881556123495102,,,,,,,,,,,,,,
12,,39559,,,,,,,,,,0.0001419857144355774,,0.00025750184431672096,,0.24881570041179657,,0.282484233379364,,0.08310836553573608,,0.026241548359394073,0.051434651017189026,,,,,,,,,,,,,,
12,,39569,,,,,,,,,,0.00020211748778820038,,0.00038394704461097717,,0.2517385482788086,,0.25318968296051025,,0.08834883570671082,,0.031438108533620834,0.054977014660835266,,,,,,,,,,,,,,
12,,39579,,,,,,,,,,0.00022185780107975006,,0.0003230744041502476,,0.22790151834487915,,0.264593243598938,,0.07244524359703064,,0.024178214371204376,0.04680320993065834,,,,,,,,,,,,,,
12,,39589,,,,,,,,,,0.00015565566718578339,,0.0002724616788327694,,0.2332165539264679,,0.2804873585700989,,0.08043507486581802,,0.02505285106599331,0.04976512864232063,,,,,,,,,,,,,,
12,,39599,,,,,,,,,,0.00015122070908546448,,0.00027291616424918175,,0.2394734025001526,,0.26894956827163696,,0.08676397800445557,,0.02989063411951065,0.054113682359457016,,,,,,,,,,,,,,
12,,39609,,,,,,,,,,0.00011425092816352844,,0.00024854112416505814,,0.27997371554374695,,0.24164442718029022,,0.07506361603736877,,0.022499587386846542,0.045569080859422684,,,,,,,,,,,,,,
12,,39619,,,,,,,,,,0.00013893283903598785,,0.00022011902183294296,,0.28895819187164307,,0.24697159230709076,,0.07454439997673035,,0.026774590834975243,0.0490337610244751,,,,,,,,,,,,,,
12,,39629,,,,,,,,,,0.0002197418361902237,,0.0002389177680015564,,0.24711653590202332,,0.25353848934173584,,0.07964614033699036,,0.027104515582323074,0.05005563795566559,,,,,,,,,,,,,,
12,,39639,,,,,,,,,,0.0001933407038450241,,0.00025913212448358536,,0.2547072470188141,,0.2782500982284546,,0.06437743455171585,,0.018560348078608513,0.04203001782298088,,,,,,,,,,,,,,
12,,39649,,,,,,,,,,0.00015239976346492767,,0.00034523382782936096,,0.22837108373641968,,0.28608131408691406,,0.0717053934931755,,0.021736029535531998,0.045845385640859604,,,,,,,,,,,,,,
12,,39659,,,,,,,,,,0.000160902738571167,,0.03766481205821037,,0.22553128004074097,,0.2615276575088501,,0.08909505605697632,,0.030652878805994987,0.054720863699913025,,,,,,,,,,,,,,
12,,39669,,,,,,,,,,0.00015290454030036926,,0.00037990277633070946,,0.23785270750522614,,0.26982933282852173,,0.07287716120481491,,0.024541525170207024,0.047519028186798096,,,,,,,,,,,,,,
12,,39679,,,,,,,,,,0.0002547483891248703,,0.0005365591496229172,,0.22367379069328308,,0.2686121463775635,,0.07604490220546722,,0.026949923485517502,0.04969712719321251,,,,,,,,,,,,,,
12,,39689,,,,,,,,,,0.00017666630446910858,,0.0005025593563914299,,0.24158048629760742,,0.24812334775924683,,0.09131036698818207,,0.025446906685829163,0.05068165436387062,,,,,,,,,,,,,,
12,,39699,,,,,,,,,,0.00017345324158668518,,0.00047469139099121094,,0.3029516935348511,,0.25399065017700195,,0.08255694061517715,,0.028748780488967896,0.05251137912273407,,,,,,,,,,,,,,
12,,39709,,,,,,,,,,0.00015895068645477295,,0.0003444729372859001,,0.2457248866558075,,0.2517508566379547,,0.0811268538236618,,0.023538943380117416,0.04755863919854164,,,,,,,,,,,,,,
12,,39719,,,,,,,,,,0.00015667080879211426,,0.00034040259197354317,,0.2773508131504059,,0.26005929708480835,,0.07768488675355911,,0.023688428103923798,0.047785498201847076,,,,,,,,,,,,,,
12,,39729,,,,,,,,,,0.00016553513705730438,,0.000329331960529089,,0.30012190341949463,,0.27844804525375366,,0.07586758583784103,,0.023003045469522476,0.04805958643555641,,,,,,,,,,,,,,
12,,39739,,,,,,,,,,0.00019050389528274536,,0.0003771684132516384,,0.2723933458328247,,0.24657344818115234,,0.06400962173938751,,0.017664816230535507,0.04001167044043541,,,,,,,,,,,,,,
12,,39749,,,,,,,,,,0.0002087317407131195,,0.0003303457051515579,,0.2488933652639389,,0.29470863938331604,,0.08680015057325363,,0.031798526644706726,0.05687011778354645,,,,,,,,,,,,,,
12,,39759,,,,,,,,,,0.000234333798289299,,0.00034514768049120903,,0.2256883680820465,,0.24536734819412231,,0.09031474590301514,,0.026028631255030632,0.05061541125178337,,,,,,,,,,,,,,
12,,39769,,,,,,,,,,0.00018578767776489258,,0.00031066499650478363,,0.23265013098716736,,0.2557353675365448,,0.09023015201091766,,0.02884349413216114,0.053278788924217224,,,,,,,,,,,,,,
12,,39779,,,,,,,,,,0.0002137608826160431,,0.0003934181295335293,,0.2590633034706116,,0.2579450011253357,,0.07205409556627274,,0.022920910269021988,0.04584039747714996,,,,,,,,,,,,,,
12,,39789,,,,,,,,,,0.0002351999282836914,,0.0004112003371119499,,0.23948170244693756,,0.2712904214859009,,0.09804937243461609,,0.03094394877552986,0.05713070556521416,,,,,,,,,,,,,,
12,,39799,,,,,,,,,,0.0002876855432987213,,0.00047946861013770103,,0.2979590892791748,,0.25006556510925293,,0.06374660134315491,,0.022436510771512985,0.04400576278567314,,,,,,,,,,,,,,
12,,39809,,,,,,,,,,0.00017796270549297333,,0.00043801404535770416,,0.29492661356925964,,0.2566784620285034,,0.08574987947940826,,0.03080393746495247,0.05468379706144333,,,,,,,,,,,,,,
12,,39819,,,,,,,,,,0.00017619319260120392,,0.0004703155718743801,,0.2402079552412033,,0.2794978618621826,,0.08606761693954468,,0.025774313136935234,0.0513988696038723,,,,,,,,,,,,,,
12,,39829,,,,,,,,,,0.00017692334949970245,,0.00038388557732105255,,0.2397163361310959,,0.2624710202217102,,0.08336783200502396,,0.030372310429811478,0.05353753641247749,,,,,,,,,,,,,,
12,,39839,,,,,,,,,,0.00014895014464855194,,0.1312250792980194,,0.2729344666004181,,0.25196272134780884,,0.07705265283584595,,0.025912266224622726,0.04928736388683319,,,,,,,,,,,,,,
12,,39849,,,,,,,,,,0.00011943653225898743,,0.00042852386832237244,,0.2681591212749481,,0.25048062205314636,,0.08031712472438812,,0.02348174713551998,0.047567497938871384,,,,,,,,,,,,,,
12,,39859,,,,,,,,,,0.00016013532876968384,,0.0004350258968770504,,0.22109249234199524,,0.2842540740966797,,0.0742376446723938,,0.02232479676604271,0.04659125953912735,,,,,,,,,,,,,,
12,,39869,,,,,,,,,,0.00018559396266937256,,0.000415959395468235,,0.24315598607063293,,0.2670113444328308,,0.0734880194067955,,0.02367161214351654,0.04691116511821747,,,,,,,,,,,,,,
12,,39879,,,,,,,,,,0.0001915954053401947,,0.00037484243512153625,,0.19870737195014954,,0.2733842134475708,,0.07666538655757904,,0.022036483511328697,0.04605809599161148,,,,,,,,,,,,,,
12,,39889,,,,,,,,,,0.0001696757972240448,,0.00045031681656837463,,0.26612764596939087,,0.2668502628803253,,0.07063648104667664,,0.021634265780448914,0.045109789818525314,,,,,,,,,,,,,,
12,,39899,,,,,,,,,,0.00012997351586818695,,0.0004640561528503895,,0.22701238095760345,,0.28075313568115234,,0.0845741480588913,,0.025127870962023735,0.05053795501589775,,,,,,,,,,,,,,
12,,39909,,,,,,,,,,0.0001783762127161026,,0.033688366413116455,,0.2843819856643677,,0.25051528215408325,,0.0747804045677185,,0.024719662964344025,0.047747064381837845,,,,,,,,,,,,,,
12,,39919,,,,,,,,,,0.00016030482947826385,,0.0005224333144724369,,0.2487991452217102,,0.26942741870880127,,0.0895097404718399,,0.026545647531747818,0.05225174129009247,,,,,,,,,,,,,,
12,,39929,,,,,,,,,,0.00014907121658325195,,0.0005169454962015152,,0.23731964826583862,,0.2609301805496216,,0.07675591856241226,,0.028821341693401337,0.05103401467204094,,,,,,,,,,,,,,
12,,39939,,,,,,,,,,0.0001680869609117508,,0.00041730795055627823,,0.23485472798347473,,0.2640112340450287,,0.08057055622339249,,0.024596840143203735,0.04869557544589043,,,,,,,,,,,,,,
12,,39949,,,,,,,,,,0.0001431778073310852,,0.0004392387345433235,,0.2569117248058319,,0.2608145475387573,,0.0785331130027771,,0.025244656950235367,0.04890815541148186,,,,,,,,,,,,,,
12,,39959,,,,,,,,,,0.00015904195606708527,,0.0003950628452003002,,0.21893557906150818,,0.26279252767562866,,0.09614408016204834,,0.027972551062703133,0.05390491336584091,,,,,,,,,,,,,,
12,,39969,,,,,,,,,,0.00011530518531799316,,0.0003513968549668789,,0.24862173199653625,,0.2661905884742737,,0.08564335107803345,,0.022392211481928825,0.04825640097260475,,,,,,,,,,,,,,
12,,39979,,,,,,,,,,0.00013655610382556915,,0.00045325513929128647,,0.25547710061073303,,0.2737838625907898,,0.07715117931365967,,0.025051698088645935,0.049095530062913895,,,,,,,,,,,,,,
12,,39989,,,,,,,,,,9.598210453987122e-05,,0.00045021018013358116,,0.26119276881217957,,0.2680759131908417,,0.06284241378307343,,0.023943744599819183,0.04538014158606529,,,,,,,,,,,,,,
12,,39999,,,,,,,,,,0.00023872032761573792,,0.0005604978650808334,,0.23912076652050018,,0.2628036141395569,,0.09907389432191849,,0.03305657207965851,0.05850600078701973,,,,,,,,,,,,,,
12,,40009,,,,,,,,,,0.00023677945137023926,,0.0004935991019010544,,0.2775196433067322,,0.25278139114379883,,0.0705491304397583,,0.0246040690690279,0.04679537191987038,,,,,,,,,,,,,,
12,,40019,,,,,,,,,,0.00019138865172863007,,0.0003714109770953655,,0.23335111141204834,,0.26680999994277954,,0.07244449108839035,,0.02489229291677475,0.04750669375061989,,,,,,,,,,,,,,
12,,40029,,,,,,,,,,0.00022233091294765472,,0.0003499598242342472,,0.24525094032287598,,0.27091553807258606,,0.0803242027759552,,0.027454156428575516,0.05123830586671829,,,,,,,,,,,,,,
12,,40039,,,,,,,,,,0.00020656362175941467,,0.00047708768397569656,,0.24138040840625763,,0.2582941949367523,,0.07488550245761871,,0.02126816287636757,0.04494089260697365,,,,,,,,,,,,,,
12,,40049,,,,,,,,,,0.00017356127500534058,,0.00039436109364032745,,0.2773415744304657,,0.27563148736953735,,0.09355729818344116,,0.029408760368824005,0.05578378587961197,,,,,,,,,,,,,,
12,,40059,,,,,,,,,,0.00018987059593200684,,0.0004783468320965767,,0.23160582780838013,,0.26949673891067505,,0.08557833731174469,,0.03012802079319954,0.05400346964597702,,,,,,,,,,,,,,
12,,40069,,,,,,,,,,0.00015618838369846344,,0.00039247097447514534,,0.23558205366134644,,0.2635854482650757,,0.07424892485141754,,0.023135870695114136,0.0464024655520916,,,,,,,,,,,,,,
12,,40079,,,,,,,,,,0.00016204267740249634,,0.0003962544724345207,,0.27727997303009033,,0.25393667817115784,,0.10457008332014084,,0.03727363795042038,0.06273137032985687,,,,,,,,,,,,,,
12,,40089,,,,,,,,,,0.00018464773893356323,,0.00034016557037830353,,0.21582671999931335,,0.25815755128860474,,0.08388286828994751,,0.026989389210939407,0.050613924860954285,,,,,,,,,,,,,,
12,,40099,,,,,,,,,,0.0001985393464565277,,0.00038788141682744026,,0.21071845293045044,,0.28852522373199463,,0.09067957103252411,,0.03572508692741394,0.05980609357357025,,,,,,,,,,,,,,
12,,40109,,,,,,,,,,0.00014023855328559875,,0.00030913855880498886,,0.2996637225151062,,0.27251124382019043,,0.07649175822734833,,0.028549596667289734,0.05205376818776131,,,,,,,,,,,,,,
12,,40119,,,,,,,,,,0.00015435181558132172,,0.0003261733800172806,,0.23216891288757324,,0.2842615246772766,,0.0803443193435669,,0.023385684937238693,0.04866225644946098,,,,,,,,,,,,,,
12,,40129,,,,,,,,,,0.00015768036246299744,,0.0002630329690873623,,0.2682304084300995,,0.2554427683353424,,0.07371830940246582,,0.0210465919226408,0.044736143201589584,,,,,,,,,,,,,,
12,,40139,,,,,,,,,,9.485706686973572e-05,,0.00025177793577313423,,0.2568393051624298,,0.27717041969299316,,0.09070992469787598,,0.0307253859937191,0.056068845093250275,,,,,,,,,,,,,,
12,,40149,,,,,,,,,,0.00010206550359725952,,0.00029161805287003517,,0.2977369427680969,,0.26317694783210754,,0.08371572196483612,,0.026395011693239212,0.05133194103837013,,,,,,,,,,,,,,
12,,40159,,,,,,,,,,0.0001878347247838974,,0.000289231538772583,,0.270946204662323,,0.26704519987106323,,0.07609928399324417,,0.025789055973291397,0.04931632801890373,,,,,,,,,,,,,,
12,,40169,,,,,,,,,,0.00017611123621463776,,0.00029814010486006737,,0.20801877975463867,,0.2714216113090515,,0.08149347454309464,,0.02306198887526989,0.04774978756904602,,,,,,,,,,,,,,
12,,40179,,,,,,,,,,0.0001380573958158493,,0.00026185205206274986,,0.245622456073761,,0.27047407627105713,,0.07913298904895782,,0.02815582975745201,0.05152461677789688,,,,,,,,,,,,,,
12,,40189,,,,,,,,,,0.00016226060688495636,,0.0002914196811616421,,0.2586721181869507,,0.25972795486450195,,0.08050209283828735,,0.023111829534173012,0.04764668270945549,,,,,,,,,,,,,,
12,,40199,,,,,,,,,,0.00026038289070129395,,0.0003277137875556946,,0.27203625440597534,,0.2551403045654297,,0.07058851420879364,,0.02139069139957428,0.044437993317842484,,,,,,,,,,,,,,
12,,40209,,,,,,,,,,0.00016264431178569794,,0.0003028479404747486,,0.2276013195514679,,0.2654207944869995,,0.08562861382961273,,0.027287503704428673,0.05164341256022453,,,,,,,,,,,,,,
12,,40219,,,,,,,,,,0.00021282024681568146,,0.0002570720389485359,,0.23277823626995087,,0.27636510133743286,,0.08939250558614731,,0.032165881246328354,0.05658271163702011,,,,,,,,,,,,,,
12,,40229,,,,,,,,,,0.00015331245958805084,,0.00025000376626849174,,0.23041638731956482,,0.2799353301525116,,0.09778501093387604,,0.030291367322206497,0.05689011141657829,,,,,,,,,,,,,,
12,,40239,,,,,,,,,,0.00011859461665153503,,0.0002635987475514412,,0.19756636023521423,,0.2764838635921478,,0.09082120656967163,,0.03397505730390549,0.05780065059661865,,,,,,,,,,,,,,
12,,40249,,,,,,,,,,0.0001475643366575241,,0.0002729976549744606,,0.28444531559944153,,0.27013319730758667,,0.07867822051048279,,0.02766449563205242,0.05150986090302467,,,,,,,,,,,,,,
12,,40259,,,,,,,,,,0.00015919841825962067,,0.0002459273673593998,,0.2735903263092041,,0.25255125761032104,,0.08459468185901642,,0.028417672961950302,0.05223282426595688,,,,,,,,,,,,,,
12,,40269,,,,,,,,,,0.00015312619507312775,,0.0003326735459268093,,0.26065778732299805,,0.2629133462905884,,0.0832226574420929,,0.02045503817498684,0.046336572617292404,,,,,,,,,,,,,,
12,,40279,,,,,,,,,,0.00020443275570869446,,0.00028133857995271683,,0.2059740126132965,,0.26271307468414307,,0.07700784504413605,,0.02259943075478077,0.04612921550869942,,,,,,,,,,,,,,
12,,40289,,,,,,,,,,0.0001989714801311493,,0.0002771597355604172,,0.24976636469364166,,0.25811439752578735,,0.09149990975856781,,0.028751961886882782,0.0537603497505188,,,,,,,,,,,,,,
12,,40299,,,,,,,,,,0.1847480833530426,,0.010998155921697617,,0.24849966168403625,,0.28081196546554565,,0.0855160728096962,,0.03450934961438179,0.058173179626464844,,,,,,,,,,,,,,
12,,40309,,,,,,,,,,0.00011739321053028107,,0.0002590394578874111,,0.23868617415428162,,0.2644160985946655,,0.07877761870622635,,0.024830948561429977,0.048598337918519974,,,,,,,,,,,,,,
12,,40319,,,,,,,,,,0.00014983117580413818,,0.0002765418030321598,,0.25632378458976746,,0.274624764919281,,0.07377006858587265,,0.02262052148580551,0.046686429530382156,,,,,,,,,,,,,,
12,,40329,,,,,,,,,,0.0001520756632089615,,0.0002946937456727028,,0.22275365889072418,,0.2546652555465698,,0.06868010759353638,,0.022632330656051636,0.044411417096853256,,,,,,,,,,,,,,
12,,40339,,,,,,,,,,0.000168556347489357,,0.00028301775455474854,,0.2052564024925232,,0.2856334447860718,,0.08608226478099823,,0.03290354087948799,0.05662727728486061,,,,,,,,,,,,,,
12,,40349,,,,,,,,,,0.00018229149281978607,,0.07917968928813934,,0.29544782638549805,,0.26621514558792114,,0.08358774334192276,,0.03352470323443413,0.05700337141752243,,,,,,,,,,,,,,
12,,40359,,,,,,,,,,0.00020105578005313873,,0.0003601931966841221,,0.2650543451309204,,0.2424319088459015,,0.072045236825943,,0.020592430606484413,0.043434713035821915,,,,,,,,,,,,,,
12,,40369,,,,,,,,,,0.00018626265227794647,,0.00030866125598549843,,0.23575159907341003,,0.26436033844947815,,0.07721647620201111,,0.020513111725449562,0.04502956569194794,,,,,,,,,,,,,,
12,,40379,,,,,,,,,,0.0001515410840511322,,0.00025276094675064087,,0.25058072805404663,,0.2540214955806732,,0.08072439581155777,,0.02143850177526474,0.04607054963707924,,,,,,,,,,,,,,
12,,40389,,,,,,,,,,0.00013918988406658173,,0.00024466635659337044,,0.2789894640445709,,0.25476446747779846,,0.06657201051712036,,0.019487861543893814,0.04232079163193703,,,,,,,,,,,,,,
12,,40399,,,,,,,,,,0.00016250833868980408,,0.00019996892660856247,,0.19093824923038483,,0.29063713550567627,,0.07238109409809113,,0.024992726743221283,0.048189643770456314,,,,,,,,,,,,,,
12,,40409,,,,,,,,,,0.00023607350885868073,,0.00020012864843010902,,0.2397281527519226,,0.2634715437889099,,0.07794738560914993,,0.024751391261816025,0.04835078865289688,,,,,,,,,,,,,,
12,,40419,,,,,,,,,,0.00014473311603069305,,0.00021856743842363358,,0.2443501055240631,,0.2561824917793274,,0.08171504735946655,,0.029500804841518402,0.05233272910118103,,,,,,,,,,,,,,
12,,40429,,,,,,,,,,0.0001950245350599289,,0.00029116682708263397,,0.2549525797367096,,0.2473999261856079,,0.09030357003211975,,0.025581369176506996,0.05071592330932617,,,,,,,,,,,,,,
12,,40439,,,,,,,,,,0.00019912049174308777,,0.0003045392222702503,,0.21753567457199097,,0.26333755254745483,,0.09353949129581451,,0.02817590907216072,0.05357790365815163,,,,,,,,,,,,,,
12,,40449,,,,,,,,,,0.00022157467901706696,,0.0003813551738858223,,0.24180656671524048,,0.26617148518562317,,0.07557106018066406,,0.02654533088207245,0.04940237104892731,,,,,,,,,,,,,,
12,,40459,,,,,,,,,,0.00012565217912197113,,0.0003583468496799469,,0.25325533747673035,,0.2581731081008911,,0.07945572584867477,,0.024833330884575844,0.04860565438866615,,,,,,,,,,,,,,
12,,40469,,,,,,,,,,0.00018379837274551392,,0.00034413300454616547,,0.22786438465118408,,0.24792665243148804,,0.09350518882274628,,0.0256073959171772,0.05104321986436844,,,,,,,,,,,,,,
12,,40479,,,,,,,,,,0.00010200031101703644,,0.00032984325662255287,,0.2730881869792938,,0.2770102918148041,,0.06545339524745941,,0.02270979806780815,0.04550212249159813,,,,,,,,,,,,,,
12,,40489,,,,,,,,,,0.00012892857193946838,,0.00030833762139081955,,0.21133938431739807,,0.2726926803588867,,0.07198786735534668,,0.022804971784353256,0.045872755348682404,,,,,,,,,,,,,,
12,,40499,,,,,,,,,,0.00018058530986309052,,0.00035504717379808426,,0.21806786954402924,,0.26152491569519043,,0.07422663271427155,,0.017851339653134346,0.04213191941380501,,,,,,,,,,,,,,
12,,40509,,,,,,,,,,0.00017421133816242218,,0.00035388534888625145,,0.27809298038482666,,0.26375070214271545,,0.08061729371547699,,0.02868228405714035,0.05226359888911247,,,,,,,,,,,,,,
12,,40519,,,,,,,,,,0.00018476508557796478,,0.00042040692642331123,,0.232542023062706,,0.27183324098587036,,0.07305105030536652,,0.02195538580417633,0.045643407851457596,,,,,,,,,,,,,,
12,,40529,,,,,,,,,,0.00016561895608901978,,0.06202160567045212,,0.2779621481895447,,0.25873392820358276,,0.07228648662567139,,0.02518271654844284,0.04801982268691063,,,,,,,,,,,,,,
12,,40539,,,,,,,,,,0.00012248381972312927,,0.00037495559081435204,,0.31365078687667847,,0.27866077423095703,,0.08543960750102997,,0.027342235669493675,0.053278617560863495,,,,,,,,,,,,,,
12,,40549,,,,,,,,,,0.00018454529345035553,,0.029690774157643318,,0.22669270634651184,,0.2607433795928955,,0.07383221387863159,,0.0242350772023201,0.046997345983982086,,,,,,,,,,,,,,
12,,40559,,,,,,,,,,0.00016494467854499817,,0.00046082213521003723,,0.2245185375213623,,0.2698051929473877,,0.08467333018779755,,0.023065097630023956,0.04846657067537308,,,,,,,,,,,,,,
12,,40569,,,,,,,,,,0.00017322972416877747,,0.0003934078849852085,,0.2555142343044281,,0.26500046253204346,,0.07142792642116547,,0.02232227846980095,0.04556305333971977,,,,,,,,,,,,,,
12,,40579,,,,,,,,,,0.00018991529941558838,,0.0004662005230784416,,0.2615267038345337,,0.2753283381462097,,0.07066024839878082,,0.027966652065515518,0.050208330154418945,,,,,,,,,,,,,,
12,,40589,,,,,,,,,,0.00016746670007705688,,0.0004627751186490059,,0.2610122859477997,,0.2404235154390335,,0.08522304892539978,,0.03203647956252098,0.05435001850128174,,,,,,,,,,,,,,
12,,40599,,,,,,,,,,0.0001475755125284195,,0.00041742855682969093,,0.24647702276706696,,0.267913818359375,,0.06960159540176392,,0.02253558859229088,0.04541127383708954,,,,,,,,,,,,,,
12,,40609,,,,,,,,,,0.00011693872511386871,,0.0003594653680920601,,0.23177789151668549,,0.2675033211708069,,0.06286066770553589,,0.01971905492246151,0.04184238985180855,,,,,,,,,,,,,,
12,,40619,,,,,,,,,,0.000131312757730484,,0.000326626468449831,,0.28629982471466064,,0.2772614061832428,,0.07065063714981079,,0.024075163528323174,0.047667764127254486,,,,,,,,,,,,,,
12,,40629,,,,,,,,,,0.00013409927487373352,,0.00034611625596880913,,0.23208917677402496,,0.2548271417617798,,0.07247504591941833,,0.019564824178814888,0.04293910041451454,,,,,,,,,,,,,,
12,,40639,,,,,,,,,,0.00014257431030273438,,0.0003097923472523689,,0.317385196685791,,0.2660958170890808,,0.08649062365293503,,0.03482155129313469,0.058541055768728256,,,,,,,,,,,,,,
12,,40649,,,,,,,,,,0.00014067627489566803,,0.0003927205689251423,,0.25178515911102295,,0.2625110149383545,,0.07772033661603928,,0.028777124360203743,0.0514250248670578,,,,,,,,,,,,,,
12,,40659,,,,,,,,,,0.00012001022696495056,,0.00032830610871315,,0.23110750317573547,,0.2669484615325928,,0.07920104265213013,,0.02273068018257618,0.04713226482272148,,,,,,,,,,,,,,
12,,40669,,,,,,,,,,0.00015495158731937408,,0.000302228145301342,,0.23907510936260223,,0.2620297074317932,,0.08158697187900543,,0.02489549107849598,0.0490664578974247,,,,,,,,,,,,,,
12,,40679,,,,,,,,,,0.00013332441449165344,,0.0002981075085699558,,0.23142486810684204,,0.25572097301483154,,0.09097664058208466,,0.026646316051483154,0.0517553985118866,,,,,,,,,,,,,,
12,,40689,,,,,,,,,,0.00016847625374794006,,0.00027346890419721603,,0.26165205240249634,,0.2635388672351837,,0.08512888848781586,,0.024498792365193367,0.04976845160126686,,,,,,,,,,,,,,
12,,40699,,,,,,,,,,0.21505030989646912,,0.007955159060657024,,0.2790747582912445,,0.2574131488800049,,0.07681703567504883,,0.027913661673665047,0.05086832121014595,,,,,,,,,,,,,,
12,,40709,,,,,,,,,,0.00017037056386470795,,0.00025840988382697105,,0.2708328068256378,,0.2630627751350403,,0.08093605935573578,,0.022496722638607025,0.047565437853336334,,,,,,,,,,,,,,
12,,40719,,,,,,,,,,0.0001963600516319275,,0.0002605053596198559,,0.21948878467082977,,0.26438748836517334,,0.09129151701927185,,0.025423157960176468,0.05116322264075279,,,,,,,,,,,,,,
12,,40729,,,,,,,,,,0.00016613677144050598,,0.00023853499442338943,,0.2967580258846283,,0.27964815497398376,,0.08161608874797821,,0.03406558185815811,0.05745319277048111,,,,,,,,,,,,,,
12,,40739,,,,,,,,,,0.00018881447613239288,,0.0002651442773640156,,0.27847254276275635,,0.2605589032173157,,0.08043762296438217,,0.019603433087468147,0.04527364298701286,,,,,,,,,,,,,,
12,,40749,,,,,,,,,,0.00017769262194633484,,0.00025896960869431496,,0.19414831697940826,,0.2833961248397827,,0.08277741074562073,,0.0271943099796772,0.05148932710289955,,,,,,,,,,,,,,
12,,40759,,,,,,,,,,0.0002363976091146469,,0.00028470857068896294,,0.2096635401248932,,0.2776604890823364,,0.08516967296600342,,0.030049271881580353,0.05399278551340103,,,,,,,,,,,,,,
12,,40769,,,,,,,,,,0.00018805451691150665,,0.00027037085965275764,,0.2642213702201843,,0.26689276099205017,,0.08334347605705261,,0.027665317058563232,0.05199645459651947,,,,,,,,,,,,,,
12,,40779,,,,,,,,,,0.00018193386495113373,,0.0002947179600596428,,0.23329059779644012,,0.25018414855003357,,0.07122019678354263,,0.02274586260318756,0.04488639533519745,,,,,,,,,,,,,,
12,,40789,,,,,,,,,,0.0002693105489015579,,0.00028416840359568596,,0.23155128955841064,,0.2629947066307068,,0.10208340734243393,,0.03305918723344803,0.05899183079600334,,,,,,,,,,,,,,
12,,40799,,,,,,,,,,0.000173104926943779,,0.0003263959661126137,,0.23814789950847626,,0.26263150572776794,,0.06554166972637177,,0.020646870136260986,0.04288741946220398,,,,,,,,,,,,,,
12,,40809,,,,,,,,,,0.00020638108253479004,,0.00031101517379283905,,0.23070599138736725,,0.2679479122161865,,0.07971860468387604,,0.02748953178524971,0.05084150284528732,,,,,,,,,,,,,,
12,,40819,,,,,,,,,,0.00016332976520061493,,0.0003373613581061363,,0.20814892649650574,,0.2744893431663513,,0.07925690710544586,,0.02331102453172207,0.04766261577606201,,,,,,,,,,,,,,
12,,40829,,,,,,,,,,0.00017068348824977875,,0.0003131604753434658,,0.24813967943191528,,0.28104686737060547,,0.07656435668468475,,0.02578435093164444,0.04978923872113228,,,,,,,,,,,,,,
12,,40839,,,,,,,,,,0.00014395825564861298,,0.0003353492356836796,,0.2591136693954468,,0.25119447708129883,,0.08388139307498932,,0.026677969843149185,0.05056089907884598,,,,,,,,,,,,,,
12,,40849,,,,,,,,,,0.0001146811991930008,,0.00029316777363419533,,0.25521016120910645,,0.267062246799469,,0.07065125554800034,,0.022937195375561714,0.04597146436572075,,,,,,,,,,,,,,
12,,40859,,,,,,,,,,0.00022557005286216736,,0.0003103218041360378,,0.26232337951660156,,0.26455405354499817,,0.06558647006750107,,0.021777965128421783,0.04411785677075386,,,,,,,,,,,,,,
12,,40869,,,,,,,,,,0.00015128031373023987,,0.0003244462423026562,,0.22584332525730133,,0.26521018147468567,,0.08585415780544281,,0.024874629452824593,0.04984518885612488,,,,,,,,,,,,,,
12,,40879,,,,,,,,,,0.0001334063708782196,,0.0002691899426281452,,0.27257633209228516,,0.24818092584609985,,0.10095309466123581,,0.03598746657371521,0.060762763023376465,,,,,,,,,,,,,,
12,,40889,,,,,,,,,,0.00015041790902614594,,0.00023171305656433105,,0.2347412407398224,,0.27128884196281433,,0.07418264448642731,,0.020309869199991226,0.04462087154388428,,,,,,,,,,,,,,
12,,40899,,,,,,,,,,0.00011270865797996521,,0.000254723709076643,,0.22884687781333923,,0.3075583577156067,,0.08540013432502747,,0.022016730159521103,0.04963661730289459,,,,,,,,,,,,,,
12,,40909,,,,,,,,,,0.0001166313886642456,,0.0002704164944589138,,0.24968263506889343,,0.26008540391921997,,0.08068329095840454,,0.026600608602166176,0.050209179520606995,,,,,,,,,,,,,,
12,,40919,,,,,,,,,,0.00019440799951553345,,0.00023350538685917854,,0.2543073296546936,,0.2554841637611389,,0.06512589752674103,,0.018195657059550285,0.04082462936639786,,,,,,,,,,,,,,
12,,40929,,,,,,,,,,0.0001215711236000061,,0.0002602282911539078,,0.24858704209327698,,0.28554847836494446,,0.0806330069899559,,0.02376749739050865,0.049255404621362686,,,,,,,,,,,,,,
12,,40939,,,,,,,,,,0.00016739219427108765,,0.0002884478308260441,,0.3109302520751953,,0.26310473680496216,,0.07909068465232849,,0.0259456355124712,0.05027872323989868,,,,,,,,,,,,,,
12,,40949,,,,,,,,,,0.0001794528216123581,,0.0002652169205248356,,0.22486698627471924,,0.25465768575668335,,0.06418545544147491,,0.019543077796697617,0.04127530753612518,,,,,,,,,,,,,,
12,,40959,,,,,,,,,,0.00010766275227069855,,0.0002693571150302887,,0.23794513940811157,,0.28471827507019043,,0.07774889469146729,,0.026216890662908554,0.05038834735751152,,,,,,,,,,,,,,
12,,40969,,,,,,,,,,0.0001255609095096588,,0.0002348208799958229,,0.22930827736854553,,0.2691726088523865,,0.08991795778274536,,0.030112003907561302,0.05476244166493416,,,,,,,,,,,,,,
12,,40979,,,,,,,,,,8.140504360198975e-05,,0.0002456014044582844,,0.2877783179283142,,0.25180554389953613,,0.0749611109495163,,0.022555433213710785,0.04615962132811546,,,,,,,,,,,,,,
12,,40989,,,,,,,,,,0.00012095272541046143,,0.0002489835023880005,,0.23805490136146545,,0.2836386263370514,,0.07112597674131393,,0.020598266273736954,0.04488186538219452,,,,,,,,,,,,,,
12,,40999,,,,,,,,,,6.968341767787933e-05,,0.00022869184613227844,,0.2721134424209595,,0.2588825225830078,,0.08504724502563477,,0.0325472429394722,0.0556950569152832,,,,,,,,,,,,,,
12,,41009,,,,,,,,,,9.746290743350983e-05,,0.00025450577959418297,,0.2523112893104553,,0.23965482413768768,,0.07402478158473969,,0.019381994381546974,0.042617954313755035,,,,,,,,,,,,,,
12,,41019,,,,,,,,,,0.00011672824621200562,,0.00022328412160277367,,0.251155287027359,,0.2648206353187561,,0.08913876116275787,,0.027402110397815704,0.05263538286089897,,,,,,,,,,,,,,
12,,41029,,,,,,,,,,0.00015614740550518036,,0.000258689746260643,,0.22890210151672363,,0.2505958378314972,,0.05970301479101181,,0.019131716340780258,0.039982862770557404,,,,,,,,,,,,,,
12,,41039,,,,,,,,,,0.0001257043331861496,,0.00026820646598935127,,0.21339604258537292,,0.26318949460983276,,0.06384122371673584,,0.01774432696402073,0.04012689366936684,,,,,,,,,,,,,,
12,,41049,,,,,,,,,,0.0001264084130525589,,0.0002789841964840889,,0.2661966383457184,,0.2577555775642395,,0.08775810897350311,,0.030800307169556618,0.05477094277739525,,,,,,,,,,,,,,
12,,41059,,,,,,,,,,0.00010126456618309021,,0.0002651880495250225,,0.20674949884414673,,0.2718408703804016,,0.0938238799571991,,0.0313904769718647,0.056314826011657715,,,,,,,,,,,,,,
12,,41069,,,,,,,,,,0.0001046694815158844,,0.00026789773255586624,,0.2032773494720459,,0.26726335287094116,,0.08261478692293167,,0.024915799498558044,0.04910010099411011,,,,,,,,,,,,,,
12,,41079,,,,,,,,,,0.00014360621571540833,,0.0002603870816528797,,0.24118727445602417,,0.26522311568260193,,0.08086419105529785,,0.028248345479369164,0.05162051320075989,,,,,,,,,,,,,,
12,,41089,,,,,,,,,,0.00011931173503398895,,0.0002461792901158333,,0.19428595900535583,,0.25913774967193604,,0.07179921120405197,,0.025820057839155197,0.04726361483335495,,,,,,,,,,,,,,
12,,41099,,,,,,,,,,0.00010297074913978577,,0.00023831194266676903,,0.22515039145946503,,0.2574006915092468,,0.09693189710378647,,0.027491673827171326,0.05351146310567856,,,,,,,,,,,,,,
12,,41109,,,,,,,,,,7.887743413448334e-05,,0.0002194708213210106,,0.2087172269821167,,0.27507513761520386,,0.09663756191730499,,0.027252431958913803,0.05391278117895126,,,,,,,,,,,,,,
12,,41119,,,,,,,,,,9.77199524641037e-05,,0.0002558855339884758,,0.2607243061065674,,0.25469791889190674,,0.06031445413827896,,0.01579093374311924,0.038156624883413315,,,,,,,,,,,,,,
12,,41129,,,,,,,,,,0.00013750232756137848,,0.00031703291460871696,,0.2909431457519531,,0.2549910545349121,,0.07925157994031906,,0.027082011103630066,0.05054674670100212,,,,,,,,,,,,,,
12,,41139,,,,,,,,,,7.861293852329254e-05,,0.00025233300402760506,,0.23872137069702148,,0.2519407272338867,,0.08733990788459778,,0.028098484501242638,0.05207084119319916,,,,,,,,,,,,,,
12,,41149,,,,,,,,,,0.00010285153985023499,,0.0002450956963002682,,0.26540154218673706,,0.2574535310268402,,0.08647862076759338,,0.03370983898639679,0.05669006332755089,,,,,,,,,,,,,,
12,,41159,,,,,,,,,,0.00011695548892021179,,0.0002990025095641613,,0.2601248025894165,,0.26193803548812866,,0.07373406738042831,,0.02019946090877056,0.04431319609284401,,,,,,,,,,,,,,
12,,41169,,,,,,,,,,0.00011193566024303436,,0.0003435504622757435,,0.2240770161151886,,0.2713325023651123,,0.09294429421424866,,0.031630050390958786,0.05650908872485161,,,,,,,,,,,,,,
12,,41179,,,,,,,,,,0.00010032393038272858,,0.00031950976699590683,,0.2534015476703644,,0.24037359654903412,,0.0957232117652893,,0.02788206934928894,0.05311069265007973,,,,,,,,,,,,,,
12,,41189,,,,,,,,,,0.0001043081283569336,,0.00034488458186388016,,0.26911139488220215,,0.2695082426071167,,0.07830940186977386,,0.026537004858255386,0.05038600414991379,,,,,,,,,,,,,,
12,,41199,,,,,,,,,,0.00011079199612140656,,0.00045326678082346916,,0.2724737524986267,,0.2573155164718628,,0.07921038568019867,,0.02733564004302025,0.050622161477804184,,,,,,,,,,,,,,
12,,41209,,,,,,,,,,0.00011215545237064362,,0.0003773127682507038,,0.2666778564453125,,0.27530428767204285,,0.07404176145792007,,0.02019166760146618,0.04506878927350044,,,,,,,,,,,,,,
12,,41219,,,,,,,,,,0.00012546218931674957,,0.0004071085713803768,,0.20453092455863953,,0.2651028037071228,,0.07972010970115662,,0.02294199727475643,0.04699032008647919,,,,,,,,,,,,,,
12,,41229,,,,,,,,,,0.0001244582235813141,,0.000402956735342741,,0.25237348675727844,,0.2709686756134033,,0.08445673435926437,,0.025944383814930916,0.05096679925918579,,,,,,,,,,,,,,
12,,41239,,,,,,,,,,0.00010399520397186279,,0.0004100091755390167,,0.2959286570549011,,0.2741435766220093,,0.0827038362622261,,0.026693670079112053,0.05185955390334129,,,,,,,,,,,,,,
12,,41249,,,,,,,,,,0.0001368001103401184,,0.00039735855534672737,,0.29645320773124695,,0.26799681782722473,,0.0900905579328537,,0.03166518732905388,0.05669238790869713,,,,,,,,,,,,,,
12,,41259,,,,,,,,,,8.865818381309509e-05,,0.00035982346162199974,,0.2470221072435379,,0.25232845544815063,,0.08240443468093872,,0.02464156039059162,0.04866769164800644,,,,,,,,,,,,,,
12,,41269,,,,,,,,,,0.00011618994176387787,,0.00032662274315953255,,0.21978184580802917,,0.2825327515602112,,0.08383341133594513,,0.026410961523652077,0.051359862089157104,,,,,,,,,,,,,,
12,,41279,,,,,,,,,,0.0001126956194639206,,0.0003541582264006138,,0.2706407308578491,,0.2692124843597412,,0.07527902722358704,,0.022617081180214882,0.04688109830021858,,,,,,,,,,,,,,
12,,41289,,,,,,,,,,0.00010507181286811829,,0.0003687134012579918,,0.23454980552196503,,0.27888113260269165,,0.07011726498603821,,0.021698521450161934,0.04525426775217056,,,,,,,,,,,,,,
12,,41299,,,,,,,,,,0.00010567717254161835,,0.0003432012163102627,,0.25366315245628357,,0.24110466241836548,,0.09227879345417023,,0.029845088720321655,0.05397474765777588,,,,,,,,,,,,,,
12,,41309,,,,,,,,,,0.00010847114026546478,,0.0003002248704433441,,0.2493184208869934,,0.2643824815750122,,0.07472900301218033,,0.020856961607933044,0.0449809804558754,,,,,,,,,,,,,,
12,,41319,,,,,,,,,,0.0001246873289346695,,0.00031887320801615715,,0.23407888412475586,,0.2631964683532715,,0.07287728786468506,,0.025418663397431374,0.047821637243032455,,,,,,,,,,,,,,
12,,41329,,,,,,,,,,9.826570749282837e-05,,0.0002962769940495491,,0.24379397928714752,,0.27103880047798157,,0.0757499486207962,,0.026650093495845795,0.049765679985284805,,,,,,,,,,,,,,
12,,41339,,,,,,,,,,0.00012115761637687683,,0.0646616742014885,,0.21891199052333832,,0.26224684715270996,,0.09320291876792908,,0.029730437323451042,0.05483448877930641,,,,,,,,,,,,,,
12,,41349,,,,,,,,,,0.00011601299047470093,,0.00032286951318383217,,0.2780621647834778,,0.26792195439338684,,0.09104891121387482,,0.030205512419342995,0.05555778369307518,,,,,,,,,,,,,,
12,,41359,,,,,,,,,,0.0001412574201822281,,0.06843617558479309,,0.2351284921169281,,0.27873849868774414,,0.08913785219192505,,0.038651060312986374,0.06173859164118767,,,,,,,,,,,,,,
12,,41369,,,,,,,,,,0.00017689727246761322,,0.00032911915332078934,,0.24354030191898346,,0.2594228684902191,,0.0807182714343071,,0.02561953477561474,0.04937691241502762,,,,,,,,,,,,,,
12,,41379,,,,,,,,,,0.000157233327627182,,0.0003515114076435566,,0.25733405351638794,,0.2903216481208801,,0.0812748447060585,,0.02583700604736805,0.05125490576028824,,,,,,,,,,,,,,
12,,41389,,,,,,,,,,0.00014602206647396088,,0.00033681420609354973,,0.26561683416366577,,0.25891220569610596,,0.051931340247392654,,0.01619177684187889,0.03714032471179962,,,,,,,,,,,,,,
12,,41399,,,,,,,,,,0.00012170150876045227,,0.00034524500370025635,,0.28675177693367004,,0.2560068368911743,,0.0746937096118927,,0.02172785997390747,0.0456739105284214,,,,,,,,,,,,,,
12,,41409,,,,,,,,,,0.0001276172697544098,,0.00030425237491726875,,0.23932474851608276,,0.26736825704574585,,0.06323558837175369,,0.01809884048998356,0.04077921435236931,,,,,,,,,,,,,,
12,,41419,,,,,,,,,,0.00010362453758716583,,0.00030070962384343147,,0.26305916905403137,,0.26554709672927856,,0.07447278499603271,,0.022974206134676933,0.04673691838979721,,,,,,,,,,,,,,
12,,41429,,,,,,,,,,0.00010442733764648438,,0.00035581644624471664,,0.22302445769309998,,0.26431363821029663,,0.09473288804292679,,0.03004281595349312,0.055312417447566986,,,,,,,,,,,,,,
12,,41439,,,,,,,,,,9.51867550611496e-05,,0.0002995743416249752,,0.29102200269699097,,0.24675001204013824,,0.07943270355463028,,0.027854537591338158,0.050774700939655304,,,,,,,,,,,,,,
12,,41449,,,,,,,,,,9.67029482126236e-05,,0.0003281780518591404,,0.25612398982048035,,0.26147523522377014,,0.06956207752227783,,0.02220114693045616,0.04496386647224426,,,,,,,,,,,,,,
12,,41459,,,,,,,,,,0.00011635757982730865,,0.00026128580793738365,,0.3002494275569916,,0.2598744034767151,,0.07538080960512161,,0.024824772030115128,0.04846532270312309,,,,,,,,,,,,,,
12,,41469,,,,,,,,,,0.00010184384882450104,,0.0003304821439087391,,0.2876088619232178,,0.25643908977508545,,0.07407748699188232,,0.0237865149974823,0.04713296517729759,,,,,,,,,,,,,,
12,,41479,,,,,,,,,,0.00011230073869228363,,0.00029189465567469597,,0.2317306101322174,,0.26665955781936646,,0.09574247896671295,,0.03314642980694771,0.05804190784692764,,,,,,,,,,,,,,
12,,41489,,,,,,,,,,0.00011662393808364868,,0.0003319866955280304,,0.2175956666469574,,0.270390123128891,,0.09263104200363159,,0.030492011457681656,0.05547641962766647,,,,,,,,,,,,,,
12,,41499,,,,,,,,,,0.00013614259660243988,,0.0003484371118247509,,0.24642473459243774,,0.2703467607498169,,0.09203704446554184,,0.033899545669555664,0.05825724080204964,,,,,,,,,,,,,,
12,,41509,,,,,,,,,,0.00012186914682388306,,0.0004726503975689411,,0.24229100346565247,,0.26320093870162964,,0.08450940996408463,,0.027325626462697983,0.05153068155050278,,,,,,,,,,,,,,
12,,41519,,,,,,,,,,0.0001412946730852127,,0.000507233664393425,,0.20422302186489105,,0.2836512625217438,,0.07178817689418793,,0.02038048580288887,0.044447481632232666,,,,,,,,,,,,,,
12,,41529,,,,,,,,,,0.00012036971747875214,,0.0004798807203769684,,0.2593448758125305,,0.26431506872177124,,0.09517282992601395,,0.03238329663872719,0.05757690221071243,,,,,,,,,,,,,,
12,,41539,,,,,,,,,,0.00016202032566070557,,0.00041059916839003563,,0.25434184074401855,,0.27476340532302856,,0.07780718803405762,,0.021273575723171234,0.046416785567998886,,,,,,,,,,,,,,
12,,41549,,,,,,,,,,0.00014602020382881165,,0.0003544539213180542,,0.25952431559562683,,0.27252626419067383,,0.09064531326293945,,0.028730813413858414,0.05437450110912323,,,,,,,,,,,,,,
12,,41559,,,,,,,,,,0.00012558884918689728,,0.0004261024296283722,,0.2693241238594055,,0.2505311965942383,,0.06979382783174515,,0.02068004570901394,0.0435081347823143,,,,,,,,,,,,,,
12,,41569,,,,,,,,,,0.00011073611676692963,,0.00039795320481061935,,0.2525888681411743,,0.29253947734832764,,0.08251342177391052,,0.027747459709644318,0.05296885967254639,,,,,,,,,,,,,,
12,,41579,,,,,,,,,,0.0001203492283821106,,0.0003872695378959179,,0.26400989294052124,,0.251552939414978,,0.07299192249774933,,0.02399444207549095,0.04657982289791107,,,,,,,,,,,,,,
12,,41589,,,,,,,,,,0.00013388320803642273,,0.00034694187343120575,,0.227657750248909,,0.278867244720459,,0.08182736486196518,,0.027986839413642883,0.05208635702729225,,,,,,,,,,,,,,
12,,41599,,,,,,,,,,0.000121336430311203,,0.07017668336629868,,0.24283266067504883,,0.2585853934288025,,0.10983940958976746,,0.037935517728328705,0.06423477828502655,,,,,,,,,,,,,,
12,,41609,,,,,,,,,,0.00023918040096759796,,0.0003938409499824047,,0.26809707283973694,,0.25115805864334106,,0.08652743697166443,,0.02836952917277813,0.05242996662855148,,,,,,,,,,,,,,
12,,41619,,,,,,,,,,0.00018086284399032593,,0.0005602845922112465,,0.21655136346817017,,0.2547750174999237,,0.08995245397090912,,0.027255380526185036,0.05180233344435692,,,,,,,,,,,,,,
12,,41629,,,,,,,,,,0.0001490078866481781,,0.00047002872452139854,,0.21651485562324524,,0.2592141628265381,,0.09014269709587097,,0.027318652719259262,0.05209289863705635,,,,,,,,,,,,,,
12,,41639,,,,,,,,,,0.00015628710389137268,,0.00035515427589416504,,0.2930693030357361,,0.2552516460418701,,0.07462336122989655,,0.019741728901863098,0.04420945420861244,,,,,,,,,,,,,,
12,,41649,,,,,,,,,,0.00012248754501342773,,0.00032138265669345856,,0.24133332073688507,,0.27302253246307373,,0.09627822786569595,,0.032082561403512955,0.057755276560783386,,,,,,,,,,,,,,
12,,41659,,,,,,,,,,0.0001591406762599945,,0.00036481721326708794,,0.23027077317237854,,0.26513999700546265,,0.06443864107131958,,0.02062712050974369,0.04269111901521683,,,,,,,,,,,,,,
12,,41669,,,,,,,,,,0.000151757150888443,,0.046108681708574295,,0.26698851585388184,,0.26567918062210083,,0.07729700207710266,,0.03008764050900936,0.052789486944675446,,,,,,,,,,,,,,
12,,41679,,,,,,,,,,0.12905530631542206,,0.021905770525336266,,0.2568719983100891,,0.2825610637664795,,0.09150807559490204,,0.03588506579399109,0.06050030514597893,,,,,,,,,,,,,,
12,,41689,,,,,,,,,,0.0002087075263261795,,0.0004107062704861164,,0.22329142689704895,,0.26953253149986267,,0.06584063172340393,,0.02004728838801384,0.042643386870622635,,,,,,,,,,,,,,
12,,41699,,,,,,,,,,0.00015676207840442657,,0.0003664027899503708,,0.22496111690998077,,0.27310311794281006,,0.10232486575841904,,0.03721225634217262,0.06254953145980835,,,,,,,,,,,,,,
12,,41709,,,,,,,,,,0.00021152198314666748,,0.000438071321696043,,0.23440086841583252,,0.2710738778114319,,0.08714433014392853,,0.02812587469816208,0.052901796996593475,,,,,,,,,,,,,,
12,,41719,,,,,,,,,,0.00014880672097206116,,0.0002867397852241993,,0.23724199831485748,,0.2816910743713379,,0.09473051130771637,,0.03195996955037117,0.057731445878744125,,,,,,,,,,,,,,
12,,41729,,,,,,,,,,0.00015108101069927216,,0.0002995869144797325,,0.25594639778137207,,0.2680214047431946,,0.06557605415582657,,0.02195736952126026,0.04433822259306908,,,,,,,,,,,,,,
12,,41739,,,,,,,,,,0.00015459395945072174,,0.00030249496921896935,,0.25564631819725037,,0.2934713363647461,,0.0964801087975502,,0.033571675419807434,0.060036756098270416,,,,,,,,,,,,,,
12,,41749,,,,,,,,,,0.00017981790006160736,,0.0003642193041741848,,0.2571457326412201,,0.260506808757782,,0.09452754259109497,,0.03320961073040962,0.05787113308906555,,,,,,,,,,,,,,
12,,41759,,,,,,,,,,0.00017308257520198822,,0.0002560913562774658,,0.2665117084980011,,0.28551238775253296,,0.08291450142860413,,0.02905961498618126,0.05386178195476532,,,,,,,,,,,,,,
12,,41769,,,,,,,,,,0.00021464191377162933,,0.0003083152696490288,,0.29200664162635803,,0.25549009442329407,,0.08809316158294678,,0.032832078635692596,0.05655444413423538,,,,,,,,,,,,,,
12,,41779,,,,,,,,,,0.00018964707851409912,,0.0003528599627315998,,0.27386194467544556,,0.2526323199272156,,0.08554131537675858,,0.024427756667137146,0.049424514174461365,,,,,,,,,,,,,,
12,,41789,,,,,,,,,,0.00015224702656269073,,0.000336711760610342,,0.3037886321544647,,0.2615622878074646,,0.09000616520643234,,0.030553622171282768,0.05562680959701538,,,,,,,,,,,,,,
12,,41799,,,,,,,,,,0.00019254349172115326,,0.0004049227572977543,,0.25428199768066406,,0.2643241882324219,,0.10204868018627167,,0.033810459077358246,0.05987798050045967,,,,,,,,,,,,,,
12,,41809,,,,,,,,,,0.00014136917889118195,,0.000423189252614975,,0.17839854955673218,,0.2997429370880127,,0.09838836640119553,,0.02963091805577278,0.05682728812098503,,,,,,,,,,,,,,
12,,41819,,,,,,,,,,0.00012429803609848022,,0.0003466070629656315,,0.2555057406425476,,0.2666666507720947,,0.09120751917362213,,0.02997310645878315,0.055090002715587616,,,,,,,,,,,,,,
12,,41829,,,,,,,,,,0.00012739934027194977,,0.0004781545139849186,,0.2308691293001175,,0.2694445848464966,,0.09825188666582108,,0.02788754552602768,0.05468844622373581,,,,,,,,,,,,,,
12,,41839,,,,,,,,,,0.00020981207489967346,,0.0004718382842838764,,0.2696327269077301,,0.2606918215751648,,0.08248320966959,,0.02614961937069893,0.050471361726522446,,,,,,,,,,,,,,
12,,41849,,,,,,,,,,0.00018594413995742798,,0.00045013101771473885,,0.20618455111980438,,0.26251763105392456,,0.08474582433700562,,0.028346963226795197,0.051885925233364105,,,,,,,,,,,,,,
12,,41859,,,,,,,,,,0.00023034587502479553,,0.0003839260898530483,,0.3123108744621277,,0.2504681646823883,,0.08417225629091263,,0.0277404747903347,0.052002232521772385,,,,,,,,,,,,,,
12,,41869,,,,,,,,,,0.00018939748406410217,,0.00033905403688549995,,0.20569704473018646,,0.2767237424850464,,0.08566901087760925,,0.026886146515607834,0.05162322148680687,,,,,,,,,,,,,,
12,,41879,,,,,,,,,,0.00021358393132686615,,0.000387679785490036,,0.2271776795387268,,0.2569698095321655,,0.07230950146913528,,0.01986801251769066,0.04317857697606087,,,,,,,,,,,,,,
12,,41889,,,,,,,,,,0.00018928386270999908,,0.000319906510412693,,0.22325490415096283,,0.27460116147994995,,0.08195197582244873,,0.026449669152498245,0.05070490017533302,,,,,,,,,,,,,,
12,,41899,,,,,,,,,,0.00018570944666862488,,0.0003202063962817192,,0.25667864084243774,,0.25317859649658203,,0.06556054949760437,,0.02268059179186821,0.04419061169028282,,,,,,,,,,,,,,
12,,41909,,,,,,,,,,0.0001764446496963501,,0.00036818860098719597,,0.2211589515209198,,0.27716851234436035,,0.06691110134124756,,0.020369665697216988,0.043418869376182556,,,,,,,,,,,,,,
12,,41919,,,,,,,,,,0.00016552768647670746,,0.0003092600964009762,,0.2284407764673233,,0.280455619096756,,0.08952878415584564,,0.02992459386587143,0.055067963898181915,,,,,,,,,,,,,,
12,,41929,,,,,,,,,,0.00014853104948997498,,0.00030830828472971916,,0.23905834555625916,,0.2642902135848999,,0.09238125383853912,,0.03190013766288757,0.056451451033353806,,,,,,,,,,,,,,
12,,41939,,,,,,,,,,0.0001516547054052353,,0.0002403315156698227,,0.21470381319522858,,0.2739086449146271,,0.07835067808628082,,0.02732911892235279,0.05055627599358559,,,,,,,,,,,,,,
12,,41949,,,,,,,,,,8.537620306015015e-05,,0.00020486628636717796,,0.21162602305412292,,0.2546064257621765,,0.09066005796194077,,0.02524109184741974,0.05035720765590668,,,,,,,,,,,,,,
12,,41959,,,,,,,,,,8.142553269863129e-05,,0.00020570773631334305,,0.23495793342590332,,0.24836698174476624,,0.07654892653226852,,0.021119503304362297,0.04459971934556961,,,,,,,,,,,,,,
12,,41969,,,,,,,,,,9.55481082201004e-05,,0.00014642812311649323,,0.27047038078308105,,0.2711917757987976,,0.07279674708843231,,0.024032054468989372,0.04756723716855049,,,,,,,,,,,,,,
12,,41979,,,,,,,,,,9.565800428390503e-05,,0.0001737857237458229,,0.2827055752277374,,0.24771453440189362,,0.09049680829048157,,0.026254279538989067,0.051596611738204956,,,,,,,,,,,,,,
12,,41989,,,,,,,,,,0.00012403354048728943,,0.0002091703936457634,,0.2370397448539734,,0.26687899231910706,,0.10639266669750214,,0.04051126539707184,0.06563656777143478,,,,,,,,,,,,,,
12,,41999,,,,,,,,,,0.00011151283979415894,,0.00020924443379044533,,0.23752422630786896,,0.25631651282310486,,0.05824431777000427,,0.01885112375020981,0.03986790403723717,,,,,,,,,,,,,,
12,,42009,,,,,,,,,,0.00011233985424041748,,0.0002133101224899292,,0.27482470870018005,,0.2507077753543854,,0.08466079086065292,,0.02997444197535515,0.05334099382162094,,,,,,,,,,,,,,
12,,42019,,,,,,,,,,0.00012730248272418976,,0.00022532977163791656,,0.23136088252067566,,0.26342782378196716,,0.07222949713468552,,0.026790007948875427,0.048707619309425354,,,,,,,,,,,,,,
12,,42029,,,,,,,,,,0.00011494942009449005,,0.05859600007534027,,0.2760615944862366,,0.25699561834335327,,0.08714164793491364,,0.03469684347510338,0.05782933160662651,,,,,,,,,,,,,,
12,,42039,,,,,,,,,,0.00011040829122066498,,0.00023867841809988022,,0.18454700708389282,,0.27650970220565796,,0.08603782951831818,,0.02493909001350403,0.04997344687581062,,,,,,,,,,,,,,
12,,42049,,,,,,,,,,8.957460522651672e-05,,0.03707922250032425,,0.2511179447174072,,0.2649593651294708,,0.06811824440956116,,0.019388042390346527,0.04279510676860809,,,,,,,,,,,,,,
12,,42059,,,,,,,,,,0.00010734051465988159,,0.00023337546736001968,,0.2613922357559204,,0.2480812966823578,,0.06159212440252304,,0.014080491848289967,0.03681064024567604,,,,,,,,,,,,,,
12,,42069,,,,,,,,,,0.0001476835459470749,,0.0002580401487648487,,0.34907224774360657,,0.24936912953853607,,0.07848595082759857,,0.027262652292847633,0.050956279039382935,,,,,,,,,,,,,,
12,,42079,,,,,,,,,,0.00014974549412727356,,0.0002992856316268444,,0.2953527271747589,,0.24874968826770782,,0.09115517139434814,,0.026133574545383453,0.05182672291994095,,,,,,,,,,,,,,
12,,42089,,,,,,,,,,0.0001114625483751297,,0.00029215821996331215,,0.24330659210681915,,0.2459992915391922,,0.07597638666629791,,0.02597091719508171,0.04811891168355942,,,,,,,,,,,,,,
12,,42099,,,,,,,,,,0.00013495609164237976,,0.000370183028280735,,0.23148837685585022,,0.26455098390579224,,0.09451396763324738,,0.02934572659432888,0.05485882610082626,,,,,,,,,,,,,,
12,,42109,,,,,,,,,,0.00010683201253414154,,0.00030434317886829376,,0.2843795120716095,,0.24800097942352295,,0.08764204382896423,,0.027216637507081032,0.05181660130620003,,,,,,,,,,,,,,
12,,42119,,,,,,,,,,0.00012929060903843492,,0.00033926626201719046,,0.2805405855178833,,0.26942741870880127,,0.06252782046794891,,0.017985010519623756,0.0411408469080925,,,,,,,,,,,,,,
12,,42119,,,,,,,,,,,,,,,,,,,,,,0.9828252792358398,0.9992310404777527,0.9993944764137268,0.9378868937492371,0.9057736396789551,0.9716501832008362,0.9910562038421631,0.054173730313777924,0.007669944316148758,0.0051730903796851635,0.25110024213790894,0.26641497015953064,0.08860025554895401,0.029461845755577087
12,,42119,0.9831148386001587,0.9997926354408264,0.9995815753936768,0.9390047788619995,0.9062029719352722,0.9722665548324585,0.9912408590316772,0.05047818273305893,0.0023807911202311516,,0.003742900211364031,,0.24891915917396545,,0.26429247856140137,,0.08153243362903595,,0.026480143889784813,,,,,,,,,,,,,,,,
,8.190142503906799e-05,42120,,,,,,,,,,,,,,,,,,,,,,,,,,,,,,,,,,,
13,,42129,,,,,,,,,,0.0001319199800491333,,0.0003464454784989357,,0.22348278760910034,,0.26203253865242004,,0.08846820145845413,,0.025014445185661316,0.050263721495866776,,,,,,,,,,,,,,
13,,42139,,,,,,,,,,0.0001215711236000061,,0.00032149162143468857,,0.2651732265949249,,0.24422825872898102,,0.07422564178705215,,0.020988399162888527,0.044226136058568954,,,,,,,,,,,,,,
13,,42149,,,,,,,,,,9.767524898052216e-05,,0.0003266371786594391,,0.2647435665130615,,0.2615464925765991,,0.06455351412296295,,0.019354725256562233,0.04199356213212013,,,,,,,,,,,,,,
13,,42159,,,,,,,,,,0.00011451542377471924,,0.0003016064874827862,,0.22646941244602203,,0.2779456377029419,,0.08652050048112869,,0.029434870928525925,0.053995534777641296,,,,,,,,,,,,,,
13,,42169,,,,,,,,,,0.00011963397264480591,,0.08943657577037811,,0.25686925649642944,,0.2938566207885742,,0.10508771240711212,,0.04278039187192917,0.06885287910699844,,,,,,,,,,,,,,
13,,42179,,,,,,,,,,0.00011429563164710999,,0.00038732821121811867,,0.2611386477947235,,0.2585347294807434,,0.058663107454776764,,0.01658737100660801,0.03862954303622246,,,,,,,,,,,,,,
13,,42189,,,,,,,,,,0.00016659125685691833,,0.0003699427470564842,,0.23502278327941895,,0.2523396909236908,,0.10221919417381287,,0.037161972373723984,0.06163643300533295,,,,,,,,,,,,,,
13,,42199,,,,,,,,,,0.00011965073645114899,,0.0003177798353135586,,0.2485245168209076,,0.26519399881362915,,0.0692676454782486,,0.020735304802656174,0.043894264847040176,,,,,,,,,,,,,,
13,,42209,,,,,,,,,,0.00010734051465988159,,0.0003118556924164295,,0.3202838599681854,,0.24259230494499207,,0.08409799635410309,,0.028775185346603394,0.05248841270804405,,,,,,,,,,,,,,
13,,42219,,,,,,,,,,0.00014388374984264374,,0.05604790151119232,,0.24427708983421326,,0.27512121200561523,,0.0978943333029747,,0.0377717986702919,0.0626225620508194,,,,,,,,,,,,,,
13,,42229,,,,,,,,,,0.00014073587954044342,,0.0004115719348192215,,0.23965179920196533,,0.26357927918434143,,0.08823414146900177,,0.028026361018419266,0.052741553634405136,,,,,,,,,,,,,,
13,,42239,,,,,,,,,,0.0001401696354150772,,0.00043265894055366516,,0.22147436439990997,,0.26114577054977417,,0.0791972279548645,,0.02054305374622345,0.04510576277971268,,,,,,,,,,,,,,
13,,42249,,,,,,,,,,0.0001154635101556778,,0.00043860264122486115,,0.22708895802497864,,0.26134932041168213,,0.07327187061309814,,0.018695440143346786,0.04268379509449005,,,,,,,,,,,,,,
13,,42259,,,,,,,,,,0.00016595050692558289,,0.0004292787052690983,,0.25945767760276794,,0.24944457411766052,,0.07398217916488647,,0.02580043487250805,0.047968313097953796,,,,,,,,,,,,,,
13,,42269,,,,,,,,,,8.042901754379272e-05,,0.0003796094097197056,,0.21511602401733398,,0.2694753408432007,,0.08050738275051117,,0.02576734498143196,0.049586471170186996,,,,,,,,,,,,,,
13,,42279,,,,,,,,,,0.00012827850878238678,,0.0003699958324432373,,0.2264532446861267,,0.2663794755935669,,0.10333020240068436,,0.030632128939032555,0.057504016906023026,,,,,,,,,,,,,,
13,,42289,,,,,,,,,,9.375065565109253e-05,,0.00039298413321375847,,0.25395411252975464,,0.27673763036727905,,0.06281368434429169,,0.015628069639205933,0.03945757448673248,,,,,,,,,,,,,,
13,,42299,,,,,,,,,,0.00011854991316795349,,0.0004390818066895008,,0.21932904422283173,,0.26478311419487,,0.10380080342292786,,0.035114433616399765,0.06079666316509247,,,,,,,,,,,,,,
13,,42309,,,,,,,,,,9.946152567863464e-05,,0.0003815731033682823,,0.28600141406059265,,0.2529093027114868,,0.0734192430973053,,0.02394220605492592,0.04694211855530739,,,,,,,,,,,,,,
13,,42319,,,,,,,,,,0.00011430680751800537,,0.00042667845264077187,,0.2994435131549835,,0.2573246955871582,,0.0905308946967125,,0.03476734086871147,0.058636900037527084,,,,,,,,,,,,,,
13,,42329,,,,,,,,,,0.00013999640941619873,,0.0004046531394124031,,0.25625795125961304,,0.2625267207622528,,0.08388490974903107,,0.026160776615142822,0.05067162215709686,,,,,,,,,,,,,,
13,,42339,,,,,,,,,,0.00015307404100894928,,0.00037472881376743317,,0.22789889574050903,,0.25323209166526794,,0.07790492475032806,,0.021298255771398544,0.0451340414583683,,,,,,,,,,,,,,
13,,42349,,,,,,,,,,0.00012489035725593567,,0.00033404864370822906,,0.265916109085083,,0.25380179286003113,,0.07533992826938629,,0.028237834572792053,0.05033113434910774,,,,,,,,,,,,,,
13,,42359,,,,,,,,,,0.00014175288379192352,,0.0003239801153540611,,0.24944981932640076,,0.26387619972229004,,0.07531475275754929,,0.024970730766654015,0.048154812306165695,,,,,,,,,,,,,,
13,,42369,,,,,,,,,,0.00012381374835968018,,0.06456972658634186,,0.2667716443538666,,0.25056755542755127,,0.07140029966831207,,0.02508215606212616,0.04727156087756157,,,,,,,,,,,,,,
13,,42379,,,,,,,,,,0.00012523122131824493,,0.00034992629662156105,,0.20186147093772888,,0.27820801734924316,,0.07697191834449768,,0.025526227429509163,0.04899654909968376,,,,,,,,,,,,,,
13,,42389,,,,,,,,,,0.00013838335871696472,,0.00039378926157951355,,0.2700243592262268,,0.2693076431751251,,0.08328776061534882,,0.028768597170710564,0.052995238453149796,,,,,,,,,,,,,,
13,,42399,,,,,,,,,,0.000245898962020874,,0.0004422278143465519,,0.2466023564338684,,0.25326675176620483,,0.08991990983486176,,0.02256936952471733,0.048562098294496536,,,,,,,,,,,,,,
13,,42409,,,,,,,,,,0.00017614103853702545,,0.0004022698849439621,,0.2656027674674988,,0.2625159025192261,,0.0815434604883194,,0.025352843105793,0.04973544925451279,,,,,,,,,,,,,,
13,,42419,,,,,,,,,,0.00022548995912075043,,0.00044172443449497223,,0.25830888748168945,,0.2439366579055786,,0.07885172963142395,,0.025162577629089355,0.04813143238425255,,,,,,,,,,,,,,
13,,42429,,,,,,,,,,0.0001356136053800583,,0.0005609458312392235,,0.24698972702026367,,0.2508121728897095,,0.08484708517789841,,0.026224356144666672,0.0502423420548439,,,,,,,,,,,,,,
13,,42439,,,,,,,,,,0.00020546093583106995,,0.00037929927930235863,,0.23277482390403748,,0.26483631134033203,,0.0809609591960907,,0.022773155942559242,0.04741491749882698,,,,,,,,,,,,,,
13,,42449,,,,,,,,,,0.00018293783068656921,,0.000429550651460886,,0.234730526804924,,0.2556278109550476,,0.09599681198596954,,0.029156135395169258,0.054614532738924026,,,,,,,,,,,,,,
13,,42459,,,,,,,,,,0.00016049668192863464,,0.0005480777472257614,,0.28019940853118896,,0.28394025564193726,,0.09880542755126953,,0.031059972941875458,0.058430276811122894,,,,,,,,,,,,,,
13,,42469,,,,,,,,,,0.0001598615199327469,,0.0005688038654625416,,0.24027016758918762,,0.258561909198761,,0.08262252807617188,,0.0260913223028183,0.050009965896606445,,,,,,,,,,,,,,
13,,42479,,,,,,,,,,0.0001608617603778839,,0.00041471049189567566,,0.21341292560100555,,0.28589940071105957,,0.08406957983970642,,0.02683248370885849,0.05180385708808899,,,,,,,,,,,,,,
13,,42489,,,,,,,,,,0.00016328506171703339,,0.00035718921571969986,,0.28166455030441284,,0.25109392404556274,,0.07533266395330429,,0.024626392871141434,0.04767826199531555,,,,,,,,,,,,,,
13,,42499,,,,,,,,,,0.1427355408668518,,0.014711933210492134,,0.2993585169315338,,0.24543729424476624,,0.06405584514141083,,0.019754238426685333,0.041997030377388,,,,,,,,,,,,,,
13,,42509,,,,,,,,,,0.00017887912690639496,,0.00038363272324204445,,0.2913972735404968,,0.2510144114494324,,0.08363748341798782,,0.025417156517505646,0.04993945732712746,,,,,,,,,,,,,,
13,,42519,,,,,,,,,,0.00012045912444591522,,0.00030034175142645836,,0.21871037781238556,,0.24740347266197205,,0.08771946281194687,,0.02621646225452423,0.0502830445766449,,,,,,,,,,,,,,
13,,42529,,,,,,,,,,0.0002537146210670471,,0.0003154468722641468,,0.22813297808170319,,0.25645819306373596,,0.07115944474935532,,0.023824112489819527,0.04591771215200424,,,,,,,,,,,,,,
13,,42539,,,,,,,,,,0.00018895789980888367,,0.03599653020501137,,0.2439756691455841,,0.2769168019294739,,0.07494522631168365,,0.02711341716349125,0.05034475028514862,,,,,,,,,,,,,,
13,,42549,,,,,,,,,,0.00019563362002372742,,0.0002867388539016247,,0.21627674996852875,,0.2735714912414551,,0.0782264769077301,,0.024678371846675873,0.04854723438620567,,,,,,,,,,,,,,
13,,42559,,,,,,,,,,0.00017279572784900665,,0.0003395373933017254,,0.228435218334198,,0.26577311754226685,,0.08819492906332016,,0.026507152244448662,0.05156571418046951,,,,,,,,,,,,,,
13,,42569,,,,,,,,,,0.0002513919025659561,,0.00036204932257533073,,0.2155039757490158,,0.2611205577850342,,0.08084580302238464,,0.025781402364373207,0.049273379147052765,,,,,,,,,,,,,,
13,,42579,,,,,,,,,,0.00010676495730876923,,0.00035607675090432167,,0.2122991979122162,,0.2894989848136902,,0.0827922448515892,,0.027573082596063614,0.0522753931581974,,,,,,,,,,,,,,
13,,42589,,,,,,,,,,0.00011798180639743805,,0.00038366811349987984,,0.23553618788719177,,0.24473324418067932,,0.07962939888238907,,0.023093800991773605,0.04649548605084419,,,,,,,,,,,,,,
13,,42599,,,,,,,,,,0.00011960230767726898,,0.0003165402449667454,,0.22299550473690033,,0.2591187059879303,,0.06748921424150467,,0.01963137462735176,0.04214848205447197,,,,,,,,,,,,,,
13,,42609,,,,,,,,,,0.00010585971176624298,,0.10260052978992462,,0.25956636667251587,,0.2719477117061615,,0.0742655098438263,,0.024401534348726273,0.04832773655653,,,,,,,,,,,,,,
13,,42619,,,,,,,,,,0.00018727779388427734,,0.00032140500843524933,,0.2542188763618469,,0.2772067189216614,,0.08532015979290009,,0.033039405941963196,0.05676521733403206,,,,,,,,,,,,,,
13,,42629,,,,,,,,,,0.00011265277862548828,,0.06281972676515579,,0.24996697902679443,,0.266975462436676,,0.07223640382289886,,0.024314939975738525,0.04742000624537468,,,,,,,,,,,,,,
13,,42639,,,,,,,,,,0.00015174783766269684,,0.0002993452362716198,,0.2899804711341858,,0.25787588953971863,,0.08873313665390015,,0.034456927329301834,0.05798144266009331,,,,,,,,,,,,,,
13,,42649,,,,,,,,,,0.00017387792468070984,,0.0003465968184173107,,0.251400887966156,,0.2478574514389038,,0.0667603388428688,,0.02044098824262619,0.04242423176765442,,,,,,,,,,,,,,
13,,42659,,,,,,,,,,0.00012353993952274323,,0.00031545059755444527,,0.2404671311378479,,0.263444721698761,,0.07749214768409729,,0.021375548094511032,0.04574056714773178,,,,,,,,,,,,,,
13,,42669,,,,,,,,,,0.00017670169472694397,,0.0003489735536277294,,0.21935969591140747,,0.26532548666000366,,0.07760384678840637,,0.02754070609807968,0.050227418541908264,,,,,,,,,,,,,,
13,,42679,,,,,,,,,,0.00015477091073989868,,0.0003988710232079029,,0.23316434025764465,,0.2547050714492798,,0.10709313303232193,,0.033460833132267,0.05986318364739418,,,,,,,,,,,,,,
13,,42689,,,,,,,,,,0.00012455880641937256,,0.0004431838169693947,,0.2728462815284729,,0.2903729975223541,,0.07449921220541,,0.020736031234264374,0.04634198173880577,,,,,,,,,,,,,,
13,,42699,,,,,,,,,,0.00015214085578918457,,0.00048427702859044075,,0.24545122683048248,,0.2489393651485443,,0.08586516976356506,,0.027209199965000153,0.05106602981686592,,,,,,,,,,,,,,
13,,42709,,,,,,,,,,0.00018207356333732605,,0.0005126912146806717,,0.292071670293808,,0.23452115058898926,,0.07276555895805359,,0.024386577308177948,0.04636232554912567,,,,,,,,,,,,,,
13,,42719,,,,,,,,,,0.00016082078218460083,,0.0004215422086417675,,0.25338098406791687,,0.2534255385398865,,0.06191769614815712,,0.01920795626938343,0.040875498205423355,,,,,,,,,,,,,,
13,,42729,,,,,,,,,,0.00010291114449501038,,0.0003734743222594261,,0.23892462253570557,,0.25446486473083496,,0.07889555394649506,,0.022042671218514442,0.04606527462601662,,,,,,,,,,,,,,
13,,42739,,,,,,,,,,0.00012547336518764496,,0.0003931540995836258,,0.26652616262435913,,0.2387269139289856,,0.0650952011346817,,0.01732558384537697,0.03952410817146301,,,,,,,,,,,,,,
13,,42749,,,,,,,,,,0.00011080130934715271,,0.00033082393929362297,,0.2477763295173645,,0.25271445512771606,,0.09635090827941895,,0.02991248108446598,0.055264316499233246,,,,,,,,,,,,,,
13,,42759,,,,,,,,,,0.0001204274594783783,,0.00032643089070916176,,0.22177810966968536,,0.260831743478775,,0.07411721348762512,,0.02265382744371891,0.045725006610155106,,,,,,,,,,,,,,
13,,42769,,,,,,,,,,0.00016087107360363007,,0.00039373012259602547,,0.2540021240711212,,0.26631927490234375,,0.09144756197929382,,0.032848600298166275,0.057258423417806625,,,,,,,,,,,,,,
13,,42779,,,,,,,,,,0.0001510530710220337,,0.0004121377132833004,,0.2716168761253357,,0.27323055267333984,,0.08435843884944916,,0.026404228061437607,0.05162499099969864,,,,,,,,,,,,,,
13,,42789,,,,,,,,,,0.000148652121424675,,0.00040930043905973434,,0.29917946457862854,,0.25032657384872437,,0.08016741275787354,,0.027092477306723595,0.050604477524757385,,,,,,,,,,,,,,
13,,42799,,,,,,,,,,0.00014631450176239014,,0.00036876508966088295,,0.24598073959350586,,0.2518961727619171,,0.07933150231838226,,0.021676983684301376,0.045834992080926895,,,,,,,,,,,,,,
13,,42809,,,,,,,,,,0.0001432802528142929,,0.0003529130481183529,,0.21838602423667908,,0.25425803661346436,,0.09183958917856216,,0.027980852872133255,0.05269712954759598,,,,,,,,,,,,,,
13,,42819,,,,,,,,,,0.00019470416009426117,,0.0003875349648296833,,0.2533890902996063,,0.2587904930114746,,0.08675940334796906,,0.029440460726618767,0.05346227064728737,,,,,,,,,,,,,,
13,,42829,,,,,,,,,,0.00017260201275348663,,0.00038916757330298424,,0.21724355220794678,,0.2644469439983368,,0.08179983496665955,,0.02793237380683422,0.05124229937791824,,,,,,,,,,,,,,
13,,42839,,,,,,,,,,0.00014098919928073883,,0.00041257357224822044,,0.262675017118454,,0.27505671977996826,,0.07252785563468933,,0.024091588333249092,0.04765211418271065,,,,,,,,,,,,,,
13,,42849,,,,,,,,,,0.0001523718237876892,,0.00037554139271378517,,0.25963476300239563,,0.2501574754714966,,0.07097853720188141,,0.026932448148727417,0.04828954115509987,,,,,,,,,,,,,,
13,,42859,,,,,,,,,,0.00018395856022834778,,0.00039556343108415604,,0.2648668885231018,,0.2700895667076111,,0.09708099067211151,,0.03161223977804184,0.057691603899002075,,,,,,,,,,,,,,
13,,42869,,,,,,,,,,0.00016994215548038483,,0.0003826897591352463,,0.24491503834724426,,0.2607508897781372,,0.07262963801622391,,0.026340119540691376,0.048479024320840836,,,,,,,,,,,,,,
13,,42879,,,,,,,,,,0.0001679733395576477,,0.00031608203426003456,,0.21547669172286987,,0.26645350456237793,,0.08392944931983948,,0.029011577367782593,0.05252445489168167,,,,,,,,,,,,,,
13,,42889,,,,,,,,,,0.000154200941324234,,0.00032823532819747925,,0.2345958948135376,,0.2638000249862671,,0.07399525493383408,,0.024187974631786346,0.04714247211813927,,,,,,,,,,,,,,
13,,42899,,,,,,,,,,0.00016489624977111816,,0.0003445027396082878,,0.2642368674278259,,0.2871251702308655,,0.08273158222436905,,0.028070466592907906,0.05313464254140854,,,,,,,,,,,,,,
13,,42909,,,,,,,,,,0.00018744729459285736,,0.0003690803423523903,,0.3041643798351288,,0.23155531287193298,,0.07231364399194717,,0.02276383526623249,0.045062486082315445,,,,,,,,,,,,,,
13,,42919,,,,,,,,,,0.0002794712781906128,,0.00035427697002887726,,0.2540152966976166,,0.24527381360530853,,0.07591462135314941,,0.022987615317106247,0.04596111923456192,,,,,,,,,,,,,,
13,,42929,,,,,,,,,,0.0001491103321313858,,0.00037590600550174713,,0.24072101712226868,,0.2811509370803833,,0.058822616934776306,,0.01991630345582962,0.04197783023118973,,,,,,,,,,,,,,
13,,42939,,,,,,,,,,0.00015629269182682037,,0.0003537489101290703,,0.31948572397232056,,0.24827134609222412,,0.07663346827030182,,0.025085750967264175,0.048577792942523956,,,,,,,,,,,,,,
13,,42949,,,,,,,,,,0.000202815979719162,,0.00046271318569779396,,0.2579999566078186,,0.25629353523254395,,0.07237866520881653,,0.018327586352825165,0.04236573353409767,,,,,,,,,,,,,,
13,,42959,,,,,,,,,,0.00015387684106826782,,0.00029892008751630783,,0.2471427321434021,,0.26533982157707214,,0.11028656363487244,,0.038607772439718246,0.06498542428016663,,,,,,,,,,,,,,
13,,42969,,,,,,,,,,9.996630251407623e-05,,0.00027052219957113266,,0.18656951189041138,,0.2877771854400635,,0.08913331478834152,,0.025153161957859993,0.05126666650176048,,,,,,,,,,,,,,
13,,42979,,,,,,,,,,0.0001171007752418518,,0.0003199954517185688,,0.23470348119735718,,0.2766663432121277,,0.06861206889152527,,0.02279728651046753,0.045694075524806976,,,,,,,,,,,,,,
13,,42989,,,,,,,,,,0.00013396702706813812,,0.0003902483731508255,,0.2580837607383728,,0.2706882953643799,,0.09067441523075104,,0.023538868874311447,0.05038208141922951,,,,,,,,,,,,,,
13,,42999,,,,,,,,,,0.00010786391794681549,,0.0003652949817478657,,0.2256639003753662,,0.26751232147216797,,0.09155331552028656,,0.030963480472564697,0.05558772012591362,,,,,,,,,,,,,,
13,,43009,,,,,,,,,,0.00013268738985061646,,0.00037604523822665215,,0.24130940437316895,,0.2821619510650635,,0.07632113993167877,,0.028751425445079803,0.05194184556603432,,,,,,,,,,,,,,
13,,43019,,,,,,,,,,0.0001196693629026413,,0.00034073274582624435,,0.2386351227760315,,0.25585389137268066,,0.07422211766242981,,0.02306726574897766,0.04601907357573509,,,,,,,,,,,,,,
13,,43029,,,,,,,,,,0.0001115109771490097,,0.00032980507239699364,,0.23150087893009186,,0.24908988177776337,,0.07795021682977676,,0.027955729514360428,0.049984708428382874,,,,,,,,,,,,,,
13,,43039,,,,,,,,,,0.000137966126203537,,0.000368491280823946,,0.25307393074035645,,0.2541440725326538,,0.0699365884065628,,0.01730506494641304,0.04098180681467056,,,,,,,,,,,,,,
13,,43049,,,,,,,,,,8.32919031381607e-05,,0.00029931217432022095,,0.20471733808517456,,0.261482298374176,,0.09978081285953522,,0.03336565941572189,0.058404356241226196,,,,,,,,,,,,,,
13,,43059,,,,,,,,,,0.00011211447417736053,,0.00024425750598311424,,0.19088159501552582,,0.27734053134918213,,0.07211149483919144,,0.02134661003947258,0.04477982595562935,,,,,,,,,,,,,,
13,,43069,,,,,,,,,,0.00015821866691112518,,0.000315698329359293,,0.22517210245132446,,0.284010648727417,,0.07127498835325241,,0.02475852146744728,0.04789741709828377,,,,,,,,,,,,,,
13,,43079,,,,,,,,,,8.479505777359009e-05,,0.00026888633146882057,,0.23068366944789886,,0.25721225142478943,,0.07720007002353668,,0.020185766741633415,0.04438617452979088,,,,,,,,,,,,,,
13,,43089,,,,,,,,,,0.00010934658348560333,,0.0002607721835374832,,0.24097585678100586,,0.2475879192352295,,0.08715172111988068,,0.026042848825454712,0.05031583085656166,,,,,,,,,,,,,,
13,,43099,,,,,,,,,,9.276159107685089e-05,,0.0002869735471904278,,0.24216122925281525,,0.2569977045059204,,0.07880395650863647,,0.028072793036699295,0.05072822421789169,,,,,,,,,,,,,,
13,,43109,,,,,,,,,,8.541159331798553e-05,,0.00024573784321546555,,0.24450050294399261,,0.2582273781299591,,0.07810446619987488,,0.023172270506620407,0.047005701810121536,,,,,,,,,,,,,,
13,,43119,,,,,,,,,,0.00011178292334079742,,0.00030510174110531807,,0.2376701831817627,,0.2670288681983948,,0.09466675668954849,,0.028709515929222107,0.05459863692522049,,,,,,,,,,,,,,
13,,43129,,,,,,,,,,0.00010295957326889038,,0.0003503570333123207,,0.23205426335334778,,0.2712857127189636,,0.07338409125804901,,0.02305394783616066,0.046498335897922516,,,,,,,,,,,,,,
13,,43139,,,,,,,,,,9.963475167751312e-05,,0.0003389590419828892,,0.24676761031150818,,0.26202091574668884,,0.07219827175140381,,0.027683399617671967,0.0494869127869606,,,,,,,,,,,,,,
13,,43149,,,,,,,,,,7.915496826171875e-05,,0.00030227284878492355,,0.26501262187957764,,0.24491509795188904,,0.07297900319099426,,0.02231501415371895,0.04501777142286301,,,,,,,,,,,,,,
13,,43159,,,,,,,,,,0.00013841316103935242,,0.0003363206051290035,,0.24930107593536377,,0.2635536193847656,,0.06644261628389359,,0.02097821794450283,0.04347893223166466,,,,,,,,,,,,,,
13,,43169,,,,,,,,,,0.00011001713573932648,,0.0002908497117459774,,0.2591773569583893,,0.24542474746704102,,0.08627325296401978,,0.028602808713912964,0.05218353495001793,,,,,,,,,,,,,,
13,,43179,,,,,,,,,,0.00010095909237861633,,0.0002808254212141037,,0.2513503134250641,,0.2542760968208313,,0.07321799546480179,,0.02080979198217392,0.044212114065885544,,,,,,,,,,,,,,
13,,43189,,,,,,,,,,0.00011435709893703461,,0.0002635195851325989,,0.2894054055213928,,0.2530193030834198,,0.05146778002381325,,0.013080212287604809,0.03472144901752472,,,,,,,,,,,,,,
13,,43199,,,,,,,,,,0.00011406093835830688,,0.00031170016154646873,,0.27167943120002747,,0.2772335410118103,,0.07422010600566864,,0.020995765924453735,0.045854352414608,,,,,,,,,,,,,,
13,,43209,,,,,,,,,,0.00010355934500694275,,0.0003015967085957527,,0.2608342170715332,,0.25806763768196106,,0.07053051888942719,,0.02595304511487484,0.04785547032952309,,,,,,,,,,,,,,
13,,43219,,,,,,,,,,7.103942334651947e-05,,0.0002859942615032196,,0.24009451270103455,,0.2579098343849182,,0.08090731501579285,,0.024428430944681168,0.048407286405563354,,,,,,,,,,,,,,
13,,43229,,,,,,,,,,0.00010700896382331848,,0.0002514938823878765,,0.28933483362197876,,0.26051825284957886,,0.08663815259933472,,0.0287878829985857,0.05345186963677406,,,,,,,,,,,,,,
13,,43239,,,,,,,,,,0.00010454468429088593,,0.00026637641713023186,,0.256186306476593,,0.25754326581954956,,0.06746742129325867,,0.02208930253982544,0.04430331662297249,,,,,,,,,,,,,,
13,,43249,,,,,,,,,,9.01632010936737e-05,,0.000238737091422081,,0.2880893349647522,,0.27907854318618774,,0.09180980920791626,,0.032628029584884644,0.05815817788243294,,,,,,,,,,,,,,
13,,43259,,,,,,,,,,0.0001049283891916275,,0.00022386107593774796,,0.25436604022979736,,0.25555598735809326,,0.0739230364561081,,0.024098454043269157,0.04690663516521454,,,,,,,,,,,,,,
13,,43269,,,,,,,,,,9.023770689964294e-05,,0.0002060174010694027,,0.2542792856693268,,0.25626859068870544,,0.07582564651966095,,0.024199452251195908,0.04737155884504318,,,,,,,,,,,,,,
13,,43279,,,,,,,,,,6.593205034732819e-05,,0.0002063312567770481,,0.26353228092193604,,0.2468440681695938,,0.06898507475852966,,0.022685497999191284,0.04461945593357086,,,,,,,,,,,,,,
13,,43289,,,,,,,,,,9.294785559177399e-05,,0.00019636284559965134,,0.2513813376426697,,0.27027925848960876,,0.07508710026741028,,0.0245886892080307,0.04814796522259712,,,,,,,,,,,,,,
13,,43299,,,,,,,,,,9.792298078536987e-05,,0.0002561137080192566,,0.28651660680770874,,0.23025435209274292,,0.07371477782726288,,0.024525891989469528,0.04637887328863144,,,,,,,,,,,,,,
13,,43309,,,,,,,,,,0.0001215226948261261,,0.00025488343089818954,,0.22591444849967957,,0.28470146656036377,,0.08262249827384949,,0.03145059198141098,0.05508676543831825,,,,,,,,,,,,,,
13,,43319,,,,,,,,,,0.0001026354730129242,,0.0002839905209839344,,0.25533944368362427,,0.26511573791503906,,0.07495829463005066,,0.021609343588352203,0.04569331184029579,,,,,,,,,,,,,,
13,,43329,,,,,,,,,,0.00013107061386108398,,0.00023071980103850365,,0.26097822189331055,,0.25717198848724365,,0.08221258223056793,,0.0292108915746212,0.05244988203048706,,,,,,,,,,,,,,
13,,43339,,,,,,,,,,0.00012310780584812164,,0.0002387319691479206,,0.23964491486549377,,0.2535351514816284,,0.06047177314758301,,0.014556755311787128,0.03695863485336304,,,,,,,,,,,,,,
13,,43349,,,,,,,,,,0.00010478869080543518,,0.0002136346884071827,,0.2144646793603897,,0.25546082854270935,,0.09575248509645462,,0.03230520337820053,0.05668502300977707,,,,,,,,,,,,,,
13,,43359,,,,,,,,,,0.00010530464351177216,,0.00023025739938020706,,0.22842952609062195,,0.2606486976146698,,0.08603488653898239,,0.025131333619356155,0.04988779127597809,,,,,,,,,,,,,,
13,,43369,,,,,,,,,,0.00010535493493080139,,0.00019348179921507835,,0.23085513710975647,,0.26960957050323486,,0.09013122320175171,,0.028493035584688187,0.053626399487257004,,,,,,,,,,,,,,
13,,43379,,,,,,,,,,0.1641448736190796,,0.021779056638479233,,0.231596440076828,,0.2841275632381439,,0.08949355781078339,,0.035742729902267456,0.05981822311878204,,,,,,,,,,,,,,
13,,43389,,,,,,,,,,0.00010231323540210724,,0.00020604394376277924,,0.2378080189228058,,0.26564058661460876,,0.06551195681095123,,0.02374238707125187,0.04534074291586876,,,,,,,,,,,,,,
13,,43399,,,,,,,,,,0.00013902783393859863,,0.00023114075884222984,,0.2529948055744171,,0.2505428194999695,,0.07355447113513947,,0.02640744298696518,0.04831859841942787,,,,,,,,,,,,,,
13,,43409,,,,,,,,,,0.00012973695993423462,,0.00024575553834438324,,0.22732765972614288,,0.2779492139816284,,0.08477240800857544,,0.02496977150440216,0.050328128039836884,,,,,,,,,,,,,,
13,,43419,,,,,,,,,,0.00014749355614185333,,0.00030010752379894257,,0.26716524362564087,,0.2551822364330292,,0.0736951157450676,,0.02496105432510376,0.0476437546312809,,,,,,,,,,,,,,
13,,43429,,,,,,,,,,0.00015087611973285675,,0.0001988271251320839,,0.23321063816547394,,0.29627230763435364,,0.09833977371454239,,0.035020437091588974,0.06134041026234627,,,,,,,,,,,,,,
13,,43439,,,,,,,,,,0.00010866113007068634,,0.00021791644394397736,,0.28416258096694946,,0.27079808712005615,,0.08170237392187119,,0.029298368841409683,0.05333039537072182,,,,,,,,,,,,,,
13,,43449,,,,,,,,,,0.00011770986020565033,,0.0002662776969373226,,0.2403051108121872,,0.2668665051460266,,0.07124339044094086,,0.019722355529665947,0.0434868298470974,,,,,,,,,,,,,,
13,,43459,,,,,,,,,,0.0001487787812948227,,0.0002478291280567646,,0.25381407141685486,,0.2547512650489807,,0.08412669599056244,,0.02487778663635254,0.04936083033680916,,,,,,,,,,,,,,
13,,43469,,,,,,,,,,9.387172758579254e-05,,0.00026940880343317986,,0.22282558679580688,,0.28395402431488037,,0.08270091563463211,,0.02525712549686432,0.05038400739431381,,,,,,,,,,,,,,
13,,43479,,,,,,,,,,8.229352533817291e-05,,0.0002727513201534748,,0.2595978379249573,,0.2583720088005066,,0.07079105079174042,,0.02253771387040615,0.045341890305280685,,,,,,,,,,,,,,
13,,43489,,,,,,,,,,0.00012498348951339722,,0.00028122542425990105,,0.261901319026947,,0.25447893142700195,,0.08481418341398239,,0.026296574622392654,0.05063622444868088,,,,,,,,,,,,,,
13,,43499,,,,,,,,,,0.00012474693357944489,,0.043988388031721115,,0.2849082350730896,,0.2607368230819702,,0.0813695415854454,,0.02535407990217209,0.04997432231903076,,,,,,,,,,,,,,
13,,43509,,,,,,,,,,0.00013417936861515045,,0.00030363956466317177,,0.23359838128089905,,0.26735052466392517,,0.0776691734790802,,0.02464214339852333,0.048326898366212845,,,,,,,,,,,,,,
13,,43519,,,,,,,,,,0.00012605451047420502,,0.00026107020676136017,,0.2491617500782013,,0.28408345580101013,,0.07770023494958878,,0.022362034767866135,0.047589074820280075,,,,,,,,,,,,,,
13,,43529,,,,,,,,,,0.00012268684804439545,,0.000295332632958889,,0.27840369939804077,,0.26279735565185547,,0.06428250670433044,,0.01744087040424347,0.040725693106651306,,,,,,,,,,,,,,
13,,43539,,,,,,,,,,0.00011561624705791473,,0.0002704989165067673,,0.2373998761177063,,0.2675389051437378,,0.09843321144580841,,0.03594844415783882,0.06075618416070938,,,,,,,,,,,,,,
13,,43549,,,,,,,,,,0.0001075398176908493,,0.00027442676946520805,,0.2347417175769806,,0.28355902433395386,,0.09366599470376968,,0.026959558948874474,0.053838782012462616,,,,,,,,,,,,,,
13,,43559,,,,,,,,,,0.00011117197573184967,,0.0002833823673427105,,0.25422534346580505,,0.25735941529273987,,0.08568970113992691,,0.02452828735113144,0.04951896518468857,,,,,,,,,,,,,,
13,,43569,,,,,,,,,,0.00017191842198371887,,0.0002860412932932377,,0.22796297073364258,,0.2634686827659607,,0.0761074423789978,,0.024107441306114197,0.04738479480147362,,,,,,,,,,,,,,
13,,43579,,,,,,,,,,0.00011116266250610352,,0.00027838628739118576,,0.25353294610977173,,0.25197094678878784,,0.09016794711351395,,0.030598707497119904,0.05465198680758476,,,,,,,,,,,,,,
13,,43589,,,,,,,,,,0.00010663829743862152,,0.0002480512484908104,,0.26110517978668213,,0.2510263919830322,,0.07427579164505005,,0.024497656151652336,0.04713895544409752,,,,,,,,,,,,,,
13,,43599,,,,,,,,,,0.00014082342386245728,,0.00022517004981637,,0.21103152632713318,,0.2575855255126953,,0.08781880885362625,,0.025678690522909164,0.05028543621301651,,,,,,,,,,,,,,
13,,43609,,,,,,,,,,0.00010074302554130554,,0.0002143988385796547,,0.28341567516326904,,0.2611408829689026,,0.07247230410575867,,0.02326103486120701,0.04660867154598236,,,,,,,,,,,,,,
13,,43619,,,,,,,,,,0.0001257043331861496,,0.0327727384865284,,0.25727683305740356,,0.2626275420188904,,0.05898233503103256,,0.01917293854057789,0.040870606899261475,,,,,,,,,,,,,,
13,,43629,,,,,,,,,,0.00014352984726428986,,0.0003052949905395508,,0.29354459047317505,,0.2676883339881897,,0.07516282796859741,,0.026169829070568085,0.049721408635377884,,,,,,,,,,,,,,
13,,43639,,,,,,,,,,0.19741946458816528,,0.019850168377161026,,0.24892529845237732,,0.27253398299217224,,0.09954455494880676,,0.032539255917072296,0.05897831916809082,,,,,,,,,,,,,,
13,,43649,,,,,,,,,,0.00013880617916584015,,0.00039860187098383904,,0.2492140382528305,,0.27791398763656616,,0.06526923179626465,,0.017636947333812714,0.041424769908189774,,,,,,,,,,,,,,
13,,43659,,,,,,,,,,0.00015386007726192474,,0.0003924388438463211,,0.26886945962905884,,0.28020989894866943,,0.07753201574087143,,0.026287127286195755,0.05055185407400131,,,,,,,,,,,,,,
13,,43669,,,,,,,,,,0.00016853585839271545,,0.00045436015352606773,,0.2728053331375122,,0.2633087635040283,,0.0790184885263443,,0.022068634629249573,0.046919889748096466,,,,,,,,,,,,,,
13,,43679,,,,,,,,,,0.00018185190856456757,,0.0006254320032894611,,0.2603847086429596,,0.2662782669067383,,0.08744393289089203,,0.026146791875362396,0.05155355855822563,,,,,,,,,,,,,,
13,,43689,,,,,,,,,,0.00021131709218025208,,0.0004888828843832016,,0.23719589412212372,,0.2702619433403015,,0.0665535256266594,,0.02124977856874466,0.043876588344573975,,,,,,,,,,,,,,
13,,43699,,,,,,,,,,0.0001853853464126587,,0.0005308683030307293,,0.27041271328926086,,0.2632099986076355,,0.09798479080200195,,0.031101973727345467,0.05722115933895111,,,,,,,,,,,,,,
13,,43709,,,,,,,,,,0.00019869022071361542,,0.00047647813335061073,,0.24020856618881226,,0.24946734309196472,,0.08556707203388214,,0.027520911768078804,0.0512072779238224,,,,,,,,,,,,,,
13,,43719,,,,,,,,,,0.00020203925669193268,,0.00045778974890708923,,0.26411259174346924,,0.2621605098247528,,0.09455636888742447,,0.029966259375214577,0.05560292303562164,,,,,,,,,,,,,,
13,,43729,,,,,,,,,,0.0002284068614244461,,0.0004200246185064316,,0.2376486212015152,,0.2546144723892212,,0.08404459059238434,,0.028043393045663834,0.05152488499879837,,,,,,,,,,,,,,
13,,43739,,,,,,,,,,0.00015095621347427368,,0.00038109952583909035,,0.2754618525505066,,0.2485506236553192,,0.0842151865363121,,0.02593274787068367,0.050132256001234055,,,,,,,,,,,,,,
13,,43749,,,,,,,,,,0.00015470944344997406,,0.00036146584898233414,,0.2711218595504761,,0.27461153268814087,,0.08061108738183975,,0.027970097959041595,0.05215568095445633,,,,,,,,,,,,,,
13,,43759,,,,,,,,,,0.00012772902846336365,,0.0003369990736246109,,0.25800907611846924,,0.2796041667461395,,0.08638894557952881,,0.032285645604133606,0.05655704438686371,,,,,,,,,,,,,,
13,,43769,,,,,,,,,,0.00013486668467521667,,0.00034928834065794945,,0.2666543126106262,,0.25380033254623413,,0.0965319350361824,,0.02777189202606678,0.05396469682455063,,,,,,,,,,,,,,
13,,43779,,,,,,,,,,0.00015893206000328064,,0.00032975291833281517,,0.2412833422422409,,0.2672056257724762,,0.06057937070727348,,0.01595645770430565,0.038689304143190384,,,,,,,,,,,,,,
13,,43789,,,,,,,,,,0.00012269429862499237,,0.0003093560226261616,,0.2637881636619568,,0.25297921895980835,,0.08731590211391449,,0.028312575072050095,0.05256965756416321,,,,,,,,,,,,,,
13,,43799,,,,,,,,,,0.0001282971352338791,,0.00028393883258104324,,0.2503311038017273,,0.2716360092163086,,0.09355027973651886,,0.034689828753471375,0.0592399425804615,,,,,,,,,,,,,,
13,,43809,,,,,,,,,,0.0001229308545589447,,0.0003832145594060421,,0.22559195756912231,,0.27463364601135254,,0.08602739870548248,,0.027694566175341606,0.05243218317627907,,,,,,,,,,,,,,
13,,43819,,,,,,,,,,0.00014613382518291473,,0.00038216449320316315,,0.2634550929069519,,0.25509729981422424,,0.07398374378681183,,0.020383477210998535,0.04421663284301758,,,,,,,,,,,,,,
13,,43829,,,,,,,,,,0.00013901293277740479,,0.031532589346170425,,0.28058260679244995,,0.25566282868385315,,0.08466266095638275,,0.025241801515221596,0.050182610750198364,,,,,,,,,,,,,,
13,,43839,,,,,,,,,,0.0001271180808544159,,0.0004817536100745201,,0.2537367343902588,,0.25881606340408325,,0.06793654710054398,,0.020921118557453156,0.04354655742645264,,,,,,,,,,,,,,
13,,43849,,,,,,,,,,0.0001490805298089981,,0.0003583338111639023,,0.2600867748260498,,0.2562519311904907,,0.07530858367681503,,0.02348053827881813,0.046803053468465805,,,,,,,,,,,,,,
13,,43859,,,,,,,,,,0.00014565326273441315,,0.00039198296144604683,,0.2259235978126526,,0.26656925678253174,,0.07448115944862366,,0.02451435662806034,0.04750681668519974,,,,,,,,,,,,,,
13,,43869,,,,,,,,,,0.00012015737593173981,,0.0003803861327469349,,0.24597418308258057,,0.27030491828918457,,0.086947001516819,,0.023594480007886887,0.04956478625535965,,,,,,,,,,,,,,
13,,43879,,,,,,,,,,0.00011073984205722809,,0.00044387858361005783,,0.24749737977981567,,0.26124829053878784,,0.07324118167161942,,0.02135498821735382,0.04490768536925316,,,,,,,,,,,,,,
13,,43889,,,,,,,,,,0.00011529773473739624,,0.0003368784673511982,,0.22619429230690002,,0.2722465693950653,,0.07563529908657074,,0.025200586766004562,0.048507243394851685,,,,,,,,,,,,,,
13,,43899,,,,,,,,,,0.0001067332923412323,,0.0003175749443471432,,0.22848358750343323,,0.2712121605873108,,0.07740992307662964,,0.021894335746765137,0.046338047832250595,,,,,,,,,,,,,,
13,,43909,,,,,,,,,,0.00014883466064929962,,0.0003412165679037571,,0.2519412040710449,,0.2542017102241516,,0.07139734923839569,,0.020379673689603806,0.04355164244771004,,,,,,,,,,,,,,
13,,43919,,,,,,,,,,0.00014434941112995148,,0.00032861344516277313,,0.2540889084339142,,0.26570308208465576,,0.07347089797258377,,0.023554831743240356,0.0468868725001812,,,,,,,,,,,,,,
13,,43929,,,,,,,,,,0.00015023723244667053,,0.0003031287342309952,,0.2328660935163498,,0.2630407214164734,,0.0813734382390976,,0.025105619803071022,0.04915866628289223,,,,,,,,,,,,,,
13,,43939,,,,,,,,,,0.00014507956802845,,0.0002998262643814087,,0.2487763911485672,,0.2608505189418793,,0.07622024416923523,,0.024879375472664833,0.048106271773576736,,,,,,,,,,,,,,
13,,43949,,,,,,,,,,0.00012495927512645721,,0.0003087068907916546,,0.19975972175598145,,0.283996045589447,,0.07268568873405457,,0.023185953497886658,0.046683672815561295,,,,,,,,,,,,,,
13,,43959,,,,,,,,,,0.00012972764670848846,,0.09987842291593552,,0.28791871666908264,,0.2739037275314331,,0.08194248378276825,,0.029499094933271408,0.054007720202207565,,,,,,,,,,,,,,
13,,43969,,,,,,,,,,0.0001044049859046936,,0.00034332461655139923,,0.2115321159362793,,0.2735207676887512,,0.09270317852497101,,0.033283159136772156,0.05765955522656441,,,,,,,,,,,,,,
13,,43979,,,,,,,,,,0.00011549890041351318,,0.00029767444357275963,,0.23185966908931732,,0.258478581905365,,0.06894416362047195,,0.0245098564773798,0.0461549386382103,,,,,,,,,,,,,,
13,,43989,,,,,,,,,,9.63360071182251e-05,,0.0002741999924182892,,0.26599764823913574,,0.24840429425239563,,0.0695599615573883,,0.020024023950099945,0.04283295199275017,,,,,,,,,,,,,,
13,,43999,,,,,,,,,,0.00012066587805747986,,0.0002919919788837433,,0.22134624421596527,,0.296267032623291,,0.06937482953071594,,0.021859530359506607,0.04589599743485451,,,,,,,,,,,,,,
13,,44009,,,,,,,,,,0.00010740570724010468,,0.0003308625891804695,,0.21529605984687805,,0.2868177592754364,,0.07297954708337784,,0.023836076259613037,0.04754095897078514,,,,,,,,,,,,,,
13,,44019,,,,,,,,,,0.00012195110321044922,,0.0002844491973519325,,0.26315656304359436,,0.2631978690624237,,0.085610032081604,,0.025795765221118927,0.05083330348134041,,,,,,,,,,,,,,
13,,44029,,,,,,,,,,0.0001383163034915924,,0.0003446396440267563,,0.2667075991630554,,0.24687963724136353,,0.0696285292506218,,0.022149229422211647,0.04437718167901039,,,,,,,,,,,,,,
13,,44039,,,,,,,,,,8.471496403217316e-05,,0.0003201225772500038,,0.2839999198913574,,0.25703465938568115,,0.0794050544500351,,0.025105804204940796,0.04910741373896599,,,,,,,,,,,,,,
13,,44049,,,,,,,,,,0.00011950545012950897,,0.0002929498441517353,,0.20750901103019714,,0.28723472356796265,,0.0728132426738739,,0.024155452847480774,0.04767753556370735,,,,,,,,,,,,,,
13,,44059,,,,,,,,,,0.0001522321254014969,,0.00033906521275639534,,0.30717334151268005,,0.26400336623191833,,0.09397081285715103,,0.02710746042430401,0.05393924564123154,,,,,,,,,,,,,,
13,,44069,,,,,,,,,,0.00012260861694812775,,0.0004116445779800415,,0.24083633720874786,,0.25264662504196167,,0.07879877090454102,,0.02370055392384529,0.047228120267391205,,,,,,,,,,,,,,
13,,44079,,,,,,,,,,0.00012280605733394623,,0.000354742631316185,,0.2358742356300354,,0.2572587728500366,,0.08127555251121521,,0.02105816639959812,0.045868273824453354,,,,,,,,,,,,,,
13,,44089,,,,,,,,,,0.00018157437443733215,,0.0004177871160209179,,0.23791995644569397,,0.2704363167285919,,0.07121399790048599,,0.022364309057593346,0.045603178441524506,,,,,,,,,,,,,,
13,,44099,,,,,,,,,,0.00012621842324733734,,0.00040769902989268303,,0.24299274384975433,,0.24571573734283447,,0.0782548040151596,,0.024914659559726715,0.047737207263708115,,,,,,,,,,,,,,
13,,44109,,,,,,,,,,0.00012684985995292664,,0.00030890386551618576,,0.29668882489204407,,0.2483668029308319,,0.0707787424325943,,0.021345660090446472,0.04441111907362938,,,,,,,,,,,,,,
13,,44119,,,,,,,,,,0.00015291757881641388,,0.0003335257060825825,,0.2527812123298645,,0.2566767930984497,,0.08990012109279633,,0.026936901733279228,0.05206675827503204,,,,,,,,,,,,,,
13,,44129,,,,,,,,,,0.0001563429832458496,,0.00032549118623137474,,0.24242867529392242,,0.27777034044265747,,0.07958521693944931,,0.024558722972869873,0.04921580106019974,,,,,,,,,,,,,,
13,,44139,,,,,,,,,,0.00016546621918678284,,0.0003578127361834049,,0.2591448426246643,,0.2522891163825989,,0.08930554986000061,,0.029901109635829926,0.05404789373278618,,,,,,,,,,,,,,
13,,44149,,,,,,,,,,0.00017423927783966064,,0.000382767990231514,,0.2331276834011078,,0.2694028913974762,,0.06965470314025879,,0.023082047700881958,0.04574443772435188,,,,,,,,,,,,,,
13,,44159,,,,,,,,,,0.0001733284443616867,,0.000357289332896471,,0.2479175627231598,,0.25360214710235596,,0.08750568330287933,,0.027644570916891098,0.05194748193025589,,,,,,,,,,,,,,
13,,44169,,,,,,,,,,0.00021384656429290771,,0.000337997917085886,,0.19877761602401733,,0.2716817855834961,,0.0903579369187355,,0.030144603922963142,0.05462955683469772,,,,,,,,,,,,,,
13,,44179,,,,,,,,,,0.00014120712876319885,,0.0002784542739391327,,0.2788621187210083,,0.2634875774383545,,0.07605360448360443,,0.024225912988185883,0.048061031848192215,,,,,,,,,,,,,,
13,,44189,,,,,,,,,,0.00017428211867809296,,0.0003117523156106472,,0.24096614122390747,,0.2523358166217804,,0.08326248824596405,,0.023699192330241203,0.04805095121264458,,,,,,,,,,,,,,
13,,44199,,,,,,,,,,0.00019017234444618225,,0.00031876564025878906,,0.29419875144958496,,0.2389184683561325,,0.07465201616287231,,0.02561219222843647,0.0478661023080349,,,,,,,,,,,,,,
13,,44209,,,,,,,,,,0.00014507584273815155,,0.0002808482386171818,,0.2899433970451355,,0.2506009340286255,,0.08084519952535629,,0.027867713943123817,0.05121738463640213,,,,,,,,,,,,,,
13,,44219,,,,,,,,,,0.00016659870743751526,,0.05496840924024582,,0.24201688170433044,,0.2621040344238281,,0.07673203945159912,,0.024599095806479454,0.048131756484508514,,,,,,,,,,,,,,
13,,44229,,,,,,,,,,0.00019986368715763092,,0.00036016106605529785,,0.21641768515110016,,0.2757190763950348,,0.07547783851623535,,0.025615599006414413,0.04883739352226257,,,,,,,,,,,,,,
13,,44239,,,,,,,,,,0.00018644705414772034,,0.0003632190637290478,,0.25464412569999695,,0.26182007789611816,,0.10180238634347916,,0.03032330796122551,0.057102497667074203,,,,,,,,,,,,,,
13,,44249,,,,,,,,,,0.0002169441431760788,,0.0003703986294567585,,0.31182703375816345,,0.24372929334640503,,0.06780129671096802,,0.025753237307071686,0.04711945354938507,,,,,,,,,,,,,,
13,,44259,,,,,,,,,,0.00016430765390396118,,0.0003007762134075165,,0.2152412235736847,,0.26867491006851196,,0.0996115580201149,,0.0317627415060997,0.05763079226016998,,,,,,,,,,,,,,
13,,44269,,,,,,,,,,0.00013024359941482544,,0.0002932134084403515,,0.2407453954219818,,0.3013538718223572,,0.0990578904747963,,0.0320584736764431,0.05957990512251854,,,,,,,,,,,,,,
13,,44279,,,,,,,,,,0.00015898607671260834,,0.00031049875542521477,,0.23900681734085083,,0.27540484070777893,,0.09039593487977982,,0.032236963510513306,0.05685233324766159,,,,,,,,,,,,,,
13,,44289,,,,,,,,,,0.00011111609637737274,,0.0002670176327228546,,0.20194047689437866,,0.2801907956600189,,0.08743898570537567,,0.029310565441846848,0.053892187774181366,,,,,,,,,,,,,,
13,,44299,,,,,,,,,,0.00013748370110988617,,0.0002706269733607769,,0.22632911801338196,,0.25732237100601196,,0.07530706375837326,,0.023905642330646515,0.046775903552770615,,,,,,,,,,,,,,
13,,44309,,,,,,,,,,0.0001616794615983963,,0.06474678963422775,,0.25173279643058777,,0.25954073667526245,,0.0897919088602066,,0.029925137758255005,0.054598938673734665,,,,,,,,,,,,,,
13,,44319,,,,,,,,,,0.00010696612298488617,,0.000276053324341774,,0.2640228271484375,,0.2557331323623657,,0.07596655189990997,,0.021262768656015396,0.04528425633907318,,,,,,,,,,,,,,
13,,44329,,,,,,,,,,0.00017709657549858093,,0.07306721061468124,,0.2342061996459961,,0.2749840021133423,,0.08274662494659424,,0.029919926077127457,0.05381675064563751,,,,,,,,,,,,,,
13,,44339,,,,,,,,,,0.00016282685101032257,,0.00038942741230130196,,0.2585557699203491,,0.25140535831451416,,0.09090202301740646,,0.03084450587630272,0.05500677227973938,,,,,,,,,,,,,,
13,,44349,,,,,,,,,,0.00016422756016254425,,0.00042990734800696373,,0.26192033290863037,,0.27146613597869873,,0.07984189689159393,,0.02657245099544525,0.05070780590176582,,,,,,,,,,,,,,
13,,44359,,,,,,,,,,0.00021947361528873444,,0.00044214585795998573,,0.26981812715530396,,0.25453752279281616,,0.07595063745975494,,0.025135856121778488,0.04819924011826515,,,,,,,,,,,,,,
13,,44369,,,,,,,,,,0.00020895712077617645,,0.0004240404814481735,,0.24737070500850677,,0.25690242648124695,,0.07997916638851166,,0.025265660136938095,0.04889984801411629,,,,,,,,,,,,,,
13,,44379,,,,,,,,,,0.1378989815711975,,0.006717657670378685,,0.23098957538604736,,0.27619603276252747,,0.08039666712284088,,0.025645170360803604,0.050094760954380035,,,,,,,,,,,,,,
13,,44389,,,,,,,,,,0.00017992407083511353,,0.0003877440467476845,,0.23420318961143494,,0.26083725690841675,,0.07913920283317566,,0.02774994820356369,0.05063600838184357,,,,,,,,,,,,,,
13,,44399,,,,,,,,,,0.00023278407752513885,,0.0004649129696190357,,0.25457024574279785,,0.2692033648490906,,0.07765756547451019,,0.023330774158239365,0.04767420515418053,,,,,,,,,,,,,,
13,,44409,,,,,,,,,,0.00017624720931053162,,0.000398347619920969,,0.24482202529907227,,0.24869559705257416,,0.07940179109573364,,0.027316424995660782,0.04991525784134865,,,,,,,,,,,,,,
13,,44419,,,,,,,,,,0.00023681111633777618,,0.00035198358818888664,,0.2947956621646881,,0.2605011761188507,,0.100883349776268,,0.030071580782532692,0.05715010315179825,,,,,,,,,,,,,,
13,,44429,,,,,,,,,,0.0002034064382314682,,0.0003166627138853073,,0.2373371124267578,,0.2483648955821991,,0.08038409799337387,,0.027865322306752205,0.05040778964757919,,,,,,,,,,,,,,
13,,44439,,,,,,,,,,0.00019568763673305511,,0.00031935377046465874,,0.27791109681129456,,0.26361677050590515,,0.08078731596469879,,0.024943489581346512,0.049482207745313644,,,,,,,,,,,,,,
13,,44449,,,,,,,,,,0.0001991167664527893,,0.00026490679010748863,,0.2569195330142975,,0.26093798875808716,,0.07835030555725098,,0.026001758873462677,0.04944724217057228,,,,,,,,,,,,,,
13,,44459,,,,,,,,,,0.00017311424016952515,,0.060622382909059525,,0.31297969818115234,,0.2558844983577728,,0.09280167520046234,,0.02926452085375786,0.05520223081111908,,,,,,,,,,,,,,
13,,44469,,,,,,,,,,0.00014852359890937805,,0.0002736486494541168,,0.294809490442276,,0.261821448802948,,0.08987577259540558,,0.03231295198202133,0.05682888627052307,,,,,,,,,,,,,,
13,,44479,,,,,,,,,,0.00015460699796676636,,0.0003092796541750431,,0.22751271724700928,,0.273284912109375,,0.08010278642177582,,0.02233821526169777,0.04726189374923706,,,,,,,,,,,,,,
13,,44489,,,,,,,,,,0.0002467632293701172,,0.00033070938661694527,,0.3091887831687927,,0.23055952787399292,,0.06338900327682495,,0.02140352502465248,0.04238036274909973,,,,,,,,,,,,,,
13,,44499,,,,,,,,,,0.00019562430679798126,,0.00033921143040060997,,0.2610829472541809,,0.2605677843093872,,0.07367844134569168,,0.025324996560811996,0.048095010221004486,,,,,,,,,,,,,,
13,,44509,,,,,,,,,,0.00021725893020629883,,0.0002716262824833393,,0.24276317656040192,,0.2637331485748291,,0.09696871042251587,,0.030508849769830704,0.05628533661365509,,,,,,,,,,,,,,
13,,44519,,,,,,,,,,0.00022812560200691223,,0.0003113672137260437,,0.2117292284965515,,0.2636135518550873,,0.09242609143257141,,0.026675231754779816,0.052188221365213394,,,,,,,,,,,,,,
13,,44529,,,,,,,,,,0.00023720040917396545,,0.0003185565583407879,,0.26635798811912537,,0.26135146617889404,,0.09048030525445938,,0.028968583792448044,0.05407803878188133,,,,,,,,,,,,,,
13,,44539,,,,,,,,,,0.00021046586334705353,,0.0003419755958020687,,0.2037467211484909,,0.2858249843120575,,0.09281350672245026,,0.026853226125240326,0.05334233492612839,,,,,,,,,,,,,,
13,,44549,,,,,,,,,,0.0001909751445055008,,0.00024998653680086136,,0.23245024681091309,,0.2653963267803192,,0.07368874549865723,,0.0250709168612957,0.04779684543609619,,,,,,,,,,,,,,
13,,44559,,,,,,,,,,0.00021926872432231903,,0.00026387162506580353,,0.3269369304180145,,0.28489577770233154,,0.09754092991352081,,0.033713825047016144,0.06077584624290466,,,,,,,,,,,,,,
13,,44569,,,,,,,,,,0.000243382528424263,,0.00022910768166184425,,0.2298334687948227,,0.2681429982185364,,0.0819866806268692,,0.026295151561498642,0.05036957561969757,,,,,,,,,,,,,,
13,,44579,,,,,,,,,,0.00023898854851722717,,0.000324285589158535,,0.2641586661338806,,0.2566879391670227,,0.0753740668296814,,0.020192498341202736,0.04441683739423752,,,,,,,,,,,,,,
13,,44589,,,,,,,,,,0.00024315528571605682,,0.00035269279032945633,,0.2488708794116974,,0.27787458896636963,,0.08391416817903519,,0.029827114194631577,0.05406048148870468,,,,,,,,,,,,,,
13,,44599,,,,,,,,,,0.00023362785577774048,,0.00035077566280961037,,0.21864287555217743,,0.2698552906513214,,0.07516700029373169,,0.027264520525932312,0.04976724088191986,,,,,,,,,,,,,,
13,,44609,,,,,,,,,,0.00025831349194049835,,0.0003495914861559868,,0.24699270725250244,,0.25079989433288574,,0.0660986453294754,,0.020941315218806267,0.04276182875037193,,,,,,,,,,,,,,
13,,44619,,,,,,,,,,0.0002545211464166641,,0.0003273189067840576,,0.2488286793231964,,0.2516298294067383,,0.0790657103061676,,0.02319500595331192,0.046944789588451385,,,,,,,,,,,,,,
13,,44629,,,,,,,,,,0.0003273431211709976,,0.0003099525347352028,,0.28573864698410034,,0.27480173110961914,,0.0834827870130539,,0.02896045707166195,0.053617436438798904,,,,,,,,,,,,,,
13,,44639,,,,,,,,,,0.00024222396314144135,,0.00032665301114320755,,0.2190880924463272,,0.2604518234729767,,0.07047485560178757,,0.02364453673362732,0.045735858380794525,,,,,,,,,,,,,,
13,,44649,,,,,,,,,,0.0003807526081800461,,0.00037166010588407516,,0.23001717031002045,,0.2634808421134949,,0.07348963618278503,,0.025399480015039444,0.04788815230131149,,,,,,,,,,,,,,
13,,44659,,,,,,,,,,0.0002829786390066147,,0.00033566029742360115,,0.21197257936000824,,0.2812780439853668,,0.09608332067728043,,0.027821704745292664,0.05456537380814552,,,,,,,,,,,,,,
13,,44669,,,,,,,,,,0.0002508368343114853,,0.00031952280551195145,,0.26683509349823,,0.25859910249710083,,0.08262155950069427,,0.02325364574790001,0.04819347336888313,,,,,,,,,,,,,,
13,,44679,,,,,,,,,,0.00024212151765823364,,0.0003358754329383373,,0.2566586136817932,,0.25196295976638794,,0.08280875533819199,,0.02925168350338936,0.052297819405794144,,,,,,,,,,,,,,
13,,44689,,,,,,,,,,0.00015507452189922333,,0.06383759528398514,,0.20705674588680267,,0.28789669275283813,,0.07658349722623825,,0.028673987835645676,0.05198632553219795,,,,,,,,,,,,,,
13,,44699,,,,,,,,,,0.0001483578234910965,,0.0002903426066040993,,0.2235097587108612,,0.27971428632736206,,0.08582690358161926,,0.03053213469684124,0.05473683401942253,,,,,,,,,,,,,,
13,,44709,,,,,,,,,,0.0001939963549375534,,0.00029623229056596756,,0.2873094081878662,,0.24456541240215302,,0.059462398290634155,,0.017412258312106133,0.039049845188856125,,,,,,,,,,,,,,
13,,44719,,,,,,,,,,0.00017492100596427917,,0.00034098001196980476,,0.24279868602752686,,0.27116018533706665,,0.07800346612930298,,0.026750722900032997,0.05025801807641983,,,,,,,,,,,,,,
13,,44729,,,,,,,,,,0.00018221884965896606,,0.00033089565113186836,,0.2348375916481018,,0.2613682150840759,,0.07998532056808472,,0.028223462402820587,0.051182083785533905,,,,,,,,,,,,,,
13,,44739,,,,,,,,,,0.0001326054334640503,,0.0003210725262761116,,0.25328099727630615,,0.25943875312805176,,0.07977207005023956,,0.021545134484767914,0.04625777527689934,,,,,,,,,,,,,,
13,,44749,,,,,,,,,,0.0001355726271867752,,0.00037356186658143997,,0.24214227497577667,,0.27630192041397095,,0.07658042758703232,,0.021748587489128113,0.04647206887602806,,,,,,,,,,,,,,
13,,44759,,,,,,,,,,0.00015325471758842468,,0.0003085322678089142,,0.2280263900756836,,0.2661088705062866,,0.08391737192869186,,0.02321729250252247,0.04830632731318474,,,,,,,,,,,,,,
13,,44769,,,,,,,,,,0.00016450509428977966,,0.00030239857733249664,,0.2466582953929901,,0.26115161180496216,,0.07928673923015594,,0.023662447929382324,0.04775777459144592,,,,,,,,,,,,,,
13,,44779,,,,,,,,,,0.00015936419367790222,,0.0002709412947297096,,0.27007877826690674,,0.2575429677963257,,0.0742373913526535,,0.022637860849499702,0.04614739865064621,,,,,,,,,,,,,,
13,,44789,,,,,,,,,,0.0001506209373474121,,0.000247275922447443,,0.1984466314315796,,0.2830342650413513,,0.08006763458251953,,0.026639161631464958,0.05059801787137985,,,,,,,,,,,,,,
13,,44799,,,,,,,,,,0.00014523416757583618,,0.0002678968012332916,,0.2416631281375885,,0.2790132164955139,,0.09189153462648392,,0.03760939836502075,0.06136331707239151,,,,,,,,,,,,,,
13,,44809,,,,,,,,,,0.00017260387539863586,,0.00026802485808730125,,0.22802357375621796,,0.2643577754497528,,0.0758194550871849,,0.02626977115869522,0.04899527505040169,,,,,,,,,,,,,,
13,,44819,,,,,,,,,,0.0001638568937778473,,0.0003081955946981907,,0.25357586145401,,0.26647359132766724,,0.09200754761695862,,0.03107689879834652,0.056036338210105896,,,,,,,,,,,,,,
13,,44829,,,,,,,,,,0.00016344338655471802,,0.0003039855509996414,,0.22576624155044556,,0.2805938720703125,,0.07664486765861511,,0.022322801873087883,0.04692401736974716,,,,,,,,,,,,,,
13,,44839,,,,,,,,,,0.00015033036470413208,,0.00027534132823348045,,0.23944157361984253,,0.26178306341171265,,0.08299854397773743,,0.02958853170275688,0.05284448340535164,,,,,,,,,,,,,,
13,,44849,,,,,,,,,,0.0001623593270778656,,0.0002512289211153984,,0.254031777381897,,0.24868786334991455,,0.08056952059268951,,0.024553373456001282,0.0481686107814312,,,,,,,,,,,,,,
13,,44859,,,,,,,,,,9.186007082462311e-05,,0.00026282574981451035,,0.22349727153778076,,0.2835566997528076,,0.08280584216117859,,0.03059786558151245,0.054399438202381134,,,,,,,,,,,,,,
13,,44869,,,,,,,,,,0.00014835968613624573,,0.00028221355751156807,,0.25911498069763184,,0.257835328578949,,0.0776304081082344,,0.028385967016220093,0.05098109692335129,,,,,,,,,,,,,,
13,,44879,,,,,,,,,,0.00014429353177547455,,0.0003106268122792244,,0.2615191340446472,,0.28161299228668213,,0.08878058195114136,,0.027084913104772568,0.05323934555053711,,,,,,,,,,,,,,
13,,44889,,,,,,,,,,0.00016051530838012695,,0.00029853079468011856,,0.2727939486503601,,0.2662288546562195,,0.08721476048231125,,0.0320313423871994,0.05606723576784134,,,,,,,,,,,,,,
13,,44899,,,,,,,,,,0.00018004700541496277,,0.0003224611282348633,,0.29185545444488525,,0.26300370693206787,,0.07356259226799011,,0.023608088493347168,0.04726014658808708,,,,,,,,,,,,,,
13,,44909,,,,,,,,,,0.00020811520516872406,,0.00029409490525722504,,0.2274812012910843,,0.25515908002853394,,0.0819227397441864,,0.025584887713193893,0.049188580363988876,,,,,,,,,,,,,,
13,,44919,,,,,,,,,,0.00018934160470962524,,0.000269387848675251,,0.23387432098388672,,0.2621117830276489,,0.09152829647064209,,0.03034009039402008,0.054958175867795944,,,,,,,,,,,,,,
13,,44929,,,,,,,,,,0.00011086463928222656,,0.00023046694695949554,,0.23974037170410156,,0.2668982744216919,,0.07321478426456451,,0.02309398725628853,0.0463806577026844,,,,,,,,,,,,,,
13,,44939,,,,,,,,,,0.00012908875942230225,,0.00022616330534219742,,0.2667462229728699,,0.27987587451934814,,0.09188547730445862,,0.03458629176020622,0.0594286248087883,,,,,,,,,,,,,,
13,,44949,,,,,,,,,,0.0001556500792503357,,0.0002553872764110565,,0.2397749423980713,,0.2591794729232788,,0.07156864553689957,,0.023832743987441063,0.04626473784446716,,,,,,,,,,,,,,
13,,44959,,,,,,,,,,0.0001435931771993637,,0.0002662152983248234,,0.2877724766731262,,0.2512018084526062,,0.05579674616456032,,0.017241282388567924,0.038550566881895065,,,,,,,,,,,,,,
13,,44969,,,,,,,,,,0.0002019442617893219,,0.00027350103482604027,,0.1983148157596588,,0.27669137716293335,,0.07594282925128937,,0.022704828530550003,0.04657413065433502,,,,,,,,,,,,,,
13,,44979,,,,,,,,,,0.00022403709590435028,,0.0003067650832235813,,0.24344304203987122,,0.2632923722267151,,0.08416393399238586,,0.02204929292201996,0.04752505198121071,,,,,,,,,,,,,,
13,,44989,,,,,,,,,,0.00021098926663398743,,0.000343086663633585,,0.31682395935058594,,0.24297451972961426,,0.07853808254003525,,0.02463570609688759,0.04831783473491669,,,,,,,,,,,,,,
13,,44999,,,,,,,,,,0.0002861861139535904,,0.0003842613659799099,,0.2119947373867035,,0.26470041275024414,,0.08813361823558807,,0.02327902615070343,0.04888974130153656,,,,,,,,,,,,,,
13,,45009,,,,,,,,,,0.00022919662296772003,,0.00037853140383958817,,0.24913440644741058,,0.26489007472991943,,0.08041790127754211,,0.02311094105243683,0.04776076599955559,,,,,,,,,,,,,,
13,,45019,,,,,,,,,,0.00017907842993736267,,0.00036238785833120346,,0.2684098482131958,,0.25730741024017334,,0.07032288610935211,,0.016695333644747734,0.04092494025826454,,,,,,,,,,,,,,
13,,45029,,,,,,,,,,0.000218978151679039,,0.00034531019628047943,,0.24592413008213043,,0.25381195545196533,,0.08182362467050552,,0.02558847889304161,0.049325864762067795,,,,,,,,,,,,,,
13,,45039,,,,,,,,,,0.0002560615539550781,,0.00035434775054454803,,0.20475655794143677,,0.30044299364089966,,0.07328291982412338,,0.02397521398961544,0.048217713832855225,,,,,,,,,,,,,,
13,,45049,,,,,,,,,,0.00017406046390533447,,0.000288231298327446,,0.2882944345474243,,0.2518395185470581,,0.059095583856105804,,0.018489964306354523,0.04014209657907486,,,,,,,,,,,,,,
13,,45059,,,,,,,,,,0.000174766406416893,,0.00035062292590737343,,0.23396912217140198,,0.27299028635025024,,0.08110730350017548,,0.028766192495822906,0.052334439009428024,,,,,,,,,,,,,,
13,,45069,,,,,,,,,,0.00018090568482875824,,0.00037968531250953674,,0.20123761892318726,,0.2946680188179016,,0.07750386744737625,,0.023468565195798874,0.048317257314920425,,,,,,,,,,,,,,
13,,45079,,,,,,,,,,0.00013772770762443542,,0.00030030496418476105,,0.2423400580883026,,0.24658457934856415,,0.08531598746776581,,0.027825281023979187,0.05127778276801109,,,,,,,,,,,,,,
13,,45089,,,,,,,,,,0.0001966618001461029,,0.12339504063129425,,0.2498009204864502,,0.2616981565952301,,0.08156082779169083,,0.03157665207982063,0.05454457178711891,,,,,,,,,,,,,,
13,,45099,,,,,,,,,,0.00020147673785686493,,0.000320246908813715,,0.27024903893470764,,0.27380913496017456,,0.08564305305480957,,0.026273995637893677,0.05177908018231392,,,,,,,,,,,,,,
13,,45109,,,,,,,,,,0.00016089342534542084,,0.0003532315604388714,,0.2789973020553589,,0.2615213394165039,,0.06186098977923393,,0.01943591982126236,0.04171552509069443,,,,,,,,,,,,,,
13,,45119,,,,,,,,,,0.00017955712974071503,,0.00031623290851712227,,0.2603304982185364,,0.28193360567092896,,0.08677448332309723,,0.02945038117468357,0.054638784378767014,,,,,,,,,,,,,,
13,,45129,,,,,,,,,,0.00014211982488632202,,0.00024140533059835434,,0.241545170545578,,0.26701080799102783,,0.07904158532619476,,0.027078161016106606,0.05048879608511925,,,,,,,,,,,,,,
13,,45139,,,,,,,,,,0.00018811598420143127,,0.00028492650017142296,,0.23634056746959686,,0.2985686659812927,,0.07577112317085266,,0.022500531747937202,0.04786016419529915,,,,,,,,,,,,,,
13,,45149,,,,,,,,,,0.00015506520867347717,,0.0002952287904918194,,0.24971401691436768,,0.2538421154022217,,0.08493193984031677,,0.02415575087070465,0.04887964949011803,,,,,,,,,,,,,,
13,,45159,,,,,,,,,,0.00013927556574344635,,0.07548217475414276,,0.21530789136886597,,0.2756677269935608,,0.09544612467288971,,0.032345034182071686,0.057835351675748825,,,,,,,,,,,,,,
13,,45169,,,,,,,,,,0.0001235920935869217,,0.00031068921089172363,,0.2661767601966858,,0.26279938220977783,,0.07994478195905685,,0.025706514716148376,0.049720652401447296,,,,,,,,,,,,,,
13,,45179,,,,,,,,,,0.00011663883924484253,,0.0002981969155371189,,0.22911790013313293,,0.2693851888179779,,0.07903115451335907,,0.023075832054018974,0.04745016619563103,,,,,,,,,,,,,,
13,,45189,,,,,,,,,,0.00011096522212028503,,0.00023876409977674484,,0.2583816647529602,,0.2633216381072998,,0.07067308574914932,,0.021400103345513344,0.04468408599495888,,,,,,,,,,,,,,
13,,45199,,,,,,,,,,0.00011668913066387177,,0.0003322213888168335,,0.23297956585884094,,0.26632142066955566,,0.07615020871162415,,0.023672718554735184,0.047259341925382614,,,,,,,,,,,,,,
13,,45209,,,,,,,,,,0.00015328824520111084,,0.0003980514593422413,,0.2548182010650635,,0.24453657865524292,,0.0759948194026947,,0.027173370122909546,0.049091123044490814,,,,,,,,,,,,,,
13,,45219,,,,,,,,,,0.00014316290616989136,,0.00038896314799785614,,0.25772956013679504,,0.26629558205604553,,0.0603923499584198,,0.016212310642004013,0.038996439427137375,,,,,,,,,,,,,,
13,,45229,,,,,,,,,,0.00016549043357372284,,0.00039569754153490067,,0.23493891954421997,,0.272335946559906,,0.09318424761295319,,0.0293190386146307,0.05499497428536415,,,,,,,,,,,,,,
13,,45239,,,,,,,,,,0.00018767081201076508,,0.0003762766718864441,,0.22996371984481812,,0.28521132469177246,,0.08815400302410126,,0.02956339158117771,0.054780200123786926,,,,,,,,,,,,,,
13,,45249,,,,,,,,,,0.00024427101016044617,,0.00042205583304166794,,0.21943452954292297,,0.27675938606262207,,0.0911501944065094,,0.034453507512807846,0.05849108844995499,,,,,,,,,,,,,,
13,,45259,,,,,,,,,,0.00023517385125160217,,0.00040582194924354553,,0.22158989310264587,,0.2618018388748169,,0.07156327366828918,,0.02514646202325821,0.047159552574157715,,,,,,,,,,,,,,
13,,45269,,,,,,,,,,0.00014526955783367157,,0.0004567829892039299,,0.20458972454071045,,0.27359700202941895,,0.08566123247146606,,0.02939384989440441,0.05334373190999031,,,,,,,,,,,,,,
13,,45279,,,,,,,,,,0.00016003847122192383,,0.0004073977470397949,,0.20515616238117218,,0.28186941146850586,,0.08531901240348816,,0.028446391224861145,0.05296315252780914,,,,,,,,,,,,,,
13,,45289,,,,,,,,,,0.00012206844985485077,,0.00037359027191996574,,0.22567391395568848,,0.25740742683410645,,0.06995386630296707,,0.018566034734249115,0.04176284745335579,,,,,,,,,,,,,,
13,,45299,,,,,,,,,,0.0001674257218837738,,0.00033894646912813187,,0.22408565878868103,,0.26900148391723633,,0.08028027415275574,,0.022449735552072525,0.047137919813394547,,,,,,,,,,,,,,
13,,45309,,,,,,,,,,0.00017588213086128235,,0.00032879551872611046,,0.2798579931259155,,0.25904324650764465,,0.07703012228012085,,0.027366649359464645,0.05040377378463745,,,,,,,,,,,,,,
13,,45319,,,,,,,,,,0.00017827004194259644,,0.0003349650651216507,,0.22159016132354736,,0.26681727170944214,,0.07638349384069443,,0.02147766761481762,0.04554620757699013,,,,,,,,,,,,,,
13,,45329,,,,,,,,,,0.0001734420657157898,,0.00029485253617167473,,0.25912973284721375,,0.26850125193595886,,0.07600758224725723,,0.028622282668948174,0.051354337483644485,,,,,,,,,,,,,,
13,,45339,,,,,,,,,,0.00015735812485218048,,0.00032681459560990334,,0.2683508098125458,,0.24991852045059204,,0.06754357367753983,,0.020405210554599762,0.04283952713012695,,,,,,,,,,,,,,
13,,45349,,,,,,,,,,0.00012860260903835297,,0.0003633224405348301,,0.23031193017959595,,0.2618538737297058,,0.08322339504957199,,0.027593839913606644,0.051286812871694565,,,,,,,,,,,,,,
13,,45359,,,,,,,,,,0.00018114935664925724,,0.000308111310005188,,0.2682661712169647,,0.25604844093322754,,0.08037907630205154,,0.024700922891497612,0.048755716532468796,,,,,,,,,,,,,,
13,,45359,,,,,,,,,,,,,,,,,,,,,,0.9829176068305969,0.9992310404777527,0.9991734027862549,0.9379132986068726,0.9059646725654602,0.9717918038368225,0.9911321401596069,0.05413725972175598,0.007673756685107946,0.005355046130716801,0.2502864599227905,0.26648280024528503,0.08959487825632095,0.029172323644161224
13,,45359,0.9832906723022461,0.9997926354408264,0.9995707273483276,0.9390002489089966,0.9062865972518921,0.9725615382194519,0.9913983941078186,0.04981387034058571,0.0023702618200331926,,0.0037812129594385624,,0.24879711866378784,,0.2639457881450653,,0.08036622405052185,,0.02590957097709179,,,,,,,,,,,,,,,,
,6.183221215612905e-05,45360,,,,,,,,,,,,,,,,,,,,,,,,,,,,,,,,,,,
14,,45369,,,,,,,,,,0.00019564293324947357,,0.00031811464577913284,,0.2513440251350403,,0.2615935206413269,,0.07815524935722351,,0.020710065960884094,0.04540645331144333,,,,,,,,,,,,,,
14,,45379,,,,,,,,,,0.00013493746519088745,,0.00034964829683303833,,0.25598934292793274,,0.25254786014556885,,0.0723777562379837,,0.02110227197408676,0.04424751549959183,,,,,,,,,,,,,,
14,,45389,,,,,,,,,,0.0002167336642742157,,0.00033018970862030983,,0.2469417154788971,,0.26725977659225464,,0.07184898853302002,,0.021795034408569336,0.04525178298354149,,,,,,,,,,,,,,
14,,45399,,,,,,,,,,0.00020606257021427155,,0.06871124356985092,,0.2753528356552124,,0.25623199343681335,,0.08894142508506775,,0.03378044068813324,0.057464998215436935,,,,,,,,,,,,,,
14,,45409,,,,,,,,,,0.00018759816884994507,,0.00043841591104865074,,0.2912513017654419,,0.2541394829750061,,0.06305614858865738,,0.018646996468305588,0.04114563390612602,,,,,,,,,,,,,,
14,,45419,,,,,,,,,,0.00016368180513381958,,0.0004424741491675377,,0.26365816593170166,,0.2636910080909729,,0.06836812198162079,,0.019098354503512383,0.04260487109422684,,,,,,,,,,,,,,
14,,45429,,,,,,,,,,0.00022839009761810303,,0.0004158127121627331,,0.2569074034690857,,0.26329559087753296,,0.07819709926843643,,0.025745192542672157,0.04933689907193184,,,,,,,,,,,,,,
14,,45439,,,,,,,,,,0.00019515305757522583,,0.00047027040272951126,,0.23875999450683594,,0.2576783001422882,,0.07647818326950073,,0.022756632417440414,0.04629659652709961,,,,,,,,,,,,,,
14,,45449,,,,,,,,,,0.0001477859914302826,,0.00039341719821095467,,0.26753392815589905,,0.24820740520954132,,0.06843750923871994,,0.01901973970234394,0.04187820479273796,,,,,,,,,,,,,,
14,,45459,,,,,,,,,,0.00014661438763141632,,0.0004426841624081135,,0.21842458844184875,,0.2822762429714203,,0.08688753843307495,,0.03224294260144234,0.05628012865781784,,,,,,,,,,,,,,
14,,45469,,,,,,,,,,0.0001884661614894867,,0.0004912558943033218,,0.25740280747413635,,0.2727128267288208,,0.08656658977270126,,0.03045666217803955,0.054888565093278885,,,,,,,,,,,,,,
14,,45479,,,,,,,,,,0.00021524354815483093,,0.00042768102139234543,,0.24548695981502533,,0.2594435214996338,,0.07751455903053284,,0.02158195897936821,0.04577125236392021,,,,,,,,,,,,,,
14,,45489,,,,,,,,,,0.00020522251725196838,,0.000460110604763031,,0.22930829226970673,,0.28428542613983154,,0.0936226099729538,,0.029629847034811974,0.05580483749508858,,,,,,,,,,,,,,
14,,45499,,,,,,,,,,9.057298302650452e-05,,0.00039770081639289856,,0.24634292721748352,,0.2791067957878113,,0.08401340991258621,,0.027641095221042633,0.05246734246611595,,,,,,,,,,,,,,
14,,45509,,,,,,,,,,0.00013696961104869843,,0.00038862694054841995,,0.2351711094379425,,0.2625952363014221,,0.09211994707584381,,0.03164619207382202,0.056087128818035126,,,,,,,,,,,,,,
14,,45519,,,,,,,,,,0.00014311261475086212,,0.0004174555651843548,,0.26592355966567993,,0.2702551484107971,,0.07999967783689499,,0.022672761231660843,0.04780200868844986,,,,,,,,,,,,,,
14,,45529,,,,,,,,,,0.0001453608274459839,,0.0003982163034379482,,0.2455599457025528,,0.2822376489639282,,0.08075925707817078,,0.02251318097114563,0.04814781993627548,,,,,,,,,,,,,,
14,,45539,,,,,,,,,,0.000174814835190773,,0.0004397192969918251,,0.28083503246307373,,0.29338788986206055,,0.08056940138339996,,0.027665477246046066,0.05291380360722542,,,,,,,,,,,,,,
14,,45549,,,,,,,,,,0.0001919809728860855,,0.0004915064200758934,,0.22843816876411438,,0.2596818208694458,,0.0802411437034607,,0.02540118619799614,0.04895923286676407,,,,,,,,,,,,,,
14,,45559,,,,,,,,,,0.00028633512556552887,,0.0004979898221790791,,0.2394239902496338,,0.27767813205718994,,0.08868755400180817,,0.026761166751384735,0.05253620073199272,,,,,,,,,,,,,,
14,,45569,,,,,,,,,,0.0003070961683988571,,0.0005094055086374283,,0.23454409837722778,,0.27047064900398254,,0.09429757297039032,,0.029560234397649765,0.055293068289756775,,,,,,,,,,,,,,
14,,45579,,,,,,,,,,0.00021669268608093262,,0.0005235681310296059,,0.2185661792755127,,0.2814899981021881,,0.07526426762342453,,0.025604620575904846,0.049085356295108795,,,,,,,,,,,,,,
14,,45589,,,,,,,,,,0.00021043792366981506,,0.00045878253877162933,,0.2603939175605774,,0.25216832756996155,,0.06640369445085526,,0.015040704980492592,0.038614027202129364,,,,,,,,,,,,,,
14,,45599,,,,,,,,,,0.00019445084035396576,,0.0003990931436419487,,0.2218342274427414,,0.27314332127571106,,0.08443239331245422,,0.025525525212287903,0.05039204657077789,,,,,,,,,,,,,,
14,,45609,,,,,,,,,,0.00018951669335365295,,0.00041215820237994194,,0.255862295627594,,0.2656020522117615,,0.0703611969947815,,0.02392500638961792,0.0465976856648922,,,,,,,,,,,,,,
14,,45619,,,,,,,,,,0.00019758008420467377,,0.000353226438164711,,0.27905282378196716,,0.24534907937049866,,0.0883435606956482,,0.025984467938542366,0.05083724856376648,,,,,,,,,,,,,,
14,,45629,,,,,,,,,,0.00016103684902191162,,0.0003829514607787132,,0.26941561698913574,,0.23611466586589813,,0.07183126360177994,,0.020405691117048264,0.04300945997238159,,,,,,,,,,,,,,
14,,45639,,,,,,,,,,0.00011449679732322693,,0.0003514755517244339,,0.22240695357322693,,0.25574222207069397,,0.07576270401477814,,0.023702867329120636,0.04658939316868782,,,,,,,,,,,,,,
14,,45649,,,,,,,,,,0.00010794214904308319,,0.00037862546741962433,,0.24642661213874817,,0.2520734667778015,,0.08967182040214539,,0.02786192111670971,0.05242765322327614,,,,,,,,,,,,,,
14,,45659,,,,,,,,,,0.00018224120140075684,,0.0003779693506658077,,0.2760963439941406,,0.25820842385292053,,0.08058366924524307,,0.023720504716038704,0.048251863569021225,,,,,,,,,,,,,,
14,,45669,,,,,,,,,,0.00015562772750854492,,0.000372342299669981,,0.2658988833427429,,0.24766892194747925,,0.06808241456747055,,0.01862693391740322,0.04147246852517128,,,,,,,,,,,,,,
14,,45679,,,,,,,,,,0.0002075638622045517,,0.0003771386109292507,,0.26461631059646606,,0.24444818496704102,,0.0828169584274292,,0.026310991495847702,0.04983432963490486,,,,,,,,,,,,,,
14,,45689,,,,,,,,,,0.00016214512288570404,,0.00031271856278181076,,0.2738494873046875,,0.25750499963760376,,0.06446339190006256,,0.019633278250694275,0.0421028770506382,,,,,,,,,,,,,,
14,,45699,,,,,,,,,,0.00015499256551265717,,0.0003493712283670902,,0.2617989778518677,,0.26671361923217773,,0.07186673581600189,,0.02238425426185131,0.04584569111466408,,,,,,,,,,,,,,
14,,45709,,,,,,,,,,0.0001482795923948288,,0.00041417405009269714,,0.23935754597187042,,0.25507456064224243,,0.07909167557954788,,0.02593216300010681,0.049053698778152466,,,,,,,,,,,,,,
14,,45719,,,,,,,,,,0.00016751885414123535,,0.0004030168056488037,,0.2181447297334671,,0.28311049938201904,,0.06838240474462509,,0.022592786699533463,0.045605920255184174,,,,,,,,,,,,,,
14,,45729,,,,,,,,,,0.00015949085354804993,,0.0004028785042464733,,0.22325477004051208,,0.29645994305610657,,0.08939369022846222,,0.02625793218612671,0.052981823682785034,,,,,,,,,,,,,,
14,,45739,,,,,,,,,,0.00024967826902866364,,0.0004280530847609043,,0.24382922053337097,,0.2668609917163849,,0.06969884037971497,,0.023499228060245514,0.04607212170958519,,,,,,,,,,,,,,
14,,45749,,,,,,,,,,0.00014561042189598083,,0.00040883803740143776,,0.2217363864183426,,0.2805499732494354,,0.08004589378833771,,0.025382954627275467,0.04980853945016861,,,,,,,,,,,,,,
14,,45759,,,,,,,,,,0.00014435499906539917,,0.00044285645708441734,,0.2826753556728363,,0.2560887932777405,,0.07268113642930984,,0.0224541537463665,0.0457976758480072,,,,,,,,,,,,,,
14,,45769,,,,,,,,,,0.00016789138317108154,,0.0005076611414551735,,0.2278088927268982,,0.25519031286239624,,0.08529412746429443,,0.026330839842557907,0.050386372953653336,,,,,,,,,,,,,,
14,,45779,,,,,,,,,,0.0001944657415151596,,0.0005999025888741016,,0.20781861245632172,,0.2737477421760559,,0.08285573124885559,,0.02664300985634327,0.05079931020736694,,,,,,,,,,,,,,
14,,45789,,,,,,,,,,0.00016934052109718323,,0.0005438155494630337,,0.2608216404914856,,0.26662546396255493,,0.06685531884431839,,0.019264331087470055,0.04255030304193497,,,,,,,,,,,,,,
14,,45799,,,,,,,,,,0.00015928223729133606,,0.0004750150255858898,,0.24842894077301025,,0.27791470289230347,,0.0741361454129219,,0.023664318025112152,0.04760042577981949,,,,,,,,,,,,,,
14,,45809,,,,,,,,,,0.0001545678824186325,,0.0006171348504722118,,0.23103682696819305,,0.25184160470962524,,0.08133493363857269,,0.022552620619535446,0.046690624207258224,,,,,,,,,,,,,,
14,,45819,,,,,,,,,,0.00022182054817676544,,0.0004978333599865437,,0.26353609561920166,,0.2656194567680359,,0.08045253902673721,,0.029352424666285515,0.05265287309885025,,,,,,,,,,,,,,
14,,45829,,,,,,,,,,0.00018142908811569214,,0.00046862196177244186,,0.25262871384620667,,0.2771484851837158,,0.07993926852941513,,0.02461104467511177,0.04941229894757271,,,,,,,,,,,,,,
14,,45839,,,,,,,,,,0.00017545372247695923,,0.0004148096777498722,,0.24689677357673645,,0.26529461145401,,0.059033170342445374,,0.02001727931201458,0.04142213985323906,,,,,,,,,,,,,,
14,,45849,,,,,,,,,,0.0001553669571876526,,0.0004098680801689625,,0.21952709555625916,,0.2986811399459839,,0.08232488483190536,,0.027729272842407227,0.052820343524217606,,,,,,,,,,,,,,
14,,45859,,,,,,,,,,0.00011773593723773956,,0.0003577270545065403,,0.20583222806453705,,0.28419244289398193,,0.0788392573595047,,0.023426547646522522,0.048098765313625336,,,,,,,,,,,,,,
14,,45869,,,,,,,,,,0.00010625272989273071,,0.0003127497620880604,,0.2777405381202698,,0.2565447986125946,,0.07797683775424957,,0.02503705769777298,0.04869164153933525,,,,,,,,,,,,,,
14,,45879,,,,,,,,,,0.00020888634026050568,,0.0003193952143192291,,0.22228063642978668,,0.2729172110557556,,0.07042358815670013,,0.02342761680483818,0.04618534445762634,,,,,,,,,,,,,,
14,,45889,,,,,,,,,,0.00017361529171466827,,0.00037670601159334183,,0.27464771270751953,,0.24509945511817932,,0.08061204105615616,,0.022841237485408783,0.04696594923734665,,,,,,,,,,,,,,
14,,45899,,,,,,,,,,0.00010721758008003235,,0.00038642343133687973,,0.2859865427017212,,0.26339566707611084,,0.0713246613740921,,0.02537764608860016,0.04811764881014824,,,,,,,,,,,,,,
14,,45909,,,,,,,,,,0.00018328800797462463,,0.0003319019451737404,,0.2739443778991699,,0.24069136381149292,,0.0834067091345787,,0.02676130086183548,0.050215791910886765,,,,,,,,,,,,,,
14,,45919,,,,,,,,,,0.00016008689999580383,,0.0003420165739953518,,0.27293258905410767,,0.2823895812034607,,0.08413506299257278,,0.023784665390849113,0.05006260797381401,,,,,,,,,,,,,,
14,,45929,,,,,,,,,,0.0001592542976140976,,0.0003358907997608185,,0.22555233538150787,,0.28571540117263794,,0.09881666302680969,,0.023943159729242325,0.0525355190038681,,,,,,,,,,,,,,
14,,45939,,,,,,,,,,0.0001535378396511078,,0.0003845496103167534,,0.28193286061286926,,0.24264073371887207,,0.0793638750910759,,0.022612296044826508,0.04653023183345795,,,,,,,,,,,,,,
14,,45949,,,,,,,,,,0.0001369677484035492,,0.00037021329626441,,0.2388884425163269,,0.26379963755607605,,0.08717557787895203,,0.02822750434279442,0.05269518494606018,,,,,,,,,,,,,,
14,,45959,,,,,,,,,,0.00014263391494750977,,0.00031120749190449715,,0.28460484743118286,,0.24626004695892334,,0.07344946265220642,,0.021980181336402893,0.0451476015150547,,,,,,,,,,,,,,
14,,45969,,,,,,,,,,0.0001470409333705902,,0.0650375485420227,,0.2564741373062134,,0.2513938546180725,,0.07645577192306519,,0.02262573502957821,0.04629635065793991,,,,,,,,,,,,,,
14,,45979,,,,,,,,,,0.00017402879893779755,,0.00036618439480662346,,0.22351746261119843,,0.2724760174751282,,0.0845755785703659,,0.020853493362665176,0.046902354806661606,,,,,,,,,,,,,,
14,,45989,,,,,,,,,,0.0001624319702386856,,0.0003583170473575592,,0.25809013843536377,,0.277124285697937,,0.08918292820453644,,0.029224857687950134,0.05466965585947037,,,,,,,,,,,,,,
14,,45999,,,,,,,,,,0.0001597292721271515,,0.000366805586963892,,0.25158295035362244,,0.26447105407714844,,0.085950568318367,,0.03224508464336395,0.05565964803099632,,,,,,,,,,,,,,
14,,46009,,,,,,,,,,0.00016341917216777802,,0.00034164777025580406,,0.2529221773147583,,0.2598124146461487,,0.07710990309715271,,0.023824084550142288,0.04748151823878288,,,,,,,,,,,,,,
14,,46019,,,,,,,,,,0.00019804760813713074,,0.00035571493208408356,,0.2459641396999359,,0.2688593864440918,,0.06005150452256203,,0.019025355577468872,0.04102505370974541,,,,,,,,,,,,,,
14,,46029,,,,,,,,,,0.0001527089625597,,0.06198396161198616,,0.23067975044250488,,0.2617153525352478,,0.07303830236196518,,0.02137446030974388,0.04488937556743622,,,,,,,,,,,,,,
14,,46039,,,,,,,,,,0.00016924552619457245,,0.00038418546319007874,,0.24405016005039215,,0.2734571099281311,,0.08697333931922913,,0.03378436714410782,0.05733928829431534,,,,,,,,,,,,,,
14,,46049,,,,,,,,,,0.00015567056834697723,,0.0003269691951572895,,0.2003939300775528,,0.2866087555885315,,0.08417365700006485,,0.030922334641218185,0.05477191135287285,,,,,,,,,,,,,,
14,,46059,,,,,,,,,,0.00017494149506092072,,0.0003444422036409378,,0.2619614899158478,,0.2622901499271393,,0.08011411130428314,,0.025915279984474182,0.049835871905088425,,,,,,,,,,,,,,
14,,46069,,,,,,,,,,0.0001622810959815979,,0.00032125040888786316,,0.2258116602897644,,0.27379512786865234,,0.07661488652229309,,0.02440747618675232,0.04816409572958946,,,,,,,,,,,,,,
14,,46079,,,,,,,,,,0.00011523440480232239,,0.00030111009255051613,,0.2537090480327606,,0.2961176037788391,,0.07049599289894104,,0.01882198080420494,0.04419991001486778,,,,,,,,,,,,,,
14,,46089,,,,,,,,,,0.00017497502267360687,,0.0002720407210290432,,0.2280522584915161,,0.2645623981952667,,0.08142963796854019,,0.02367296814918518,0.048109304159879684,,,,,,,,,,,,,,
14,,46099,,,,,,,,,,0.00027679093182086945,,0.0003205505199730396,,0.2999560236930847,,0.23884788155555725,,0.06279423832893372,,0.016266003251075745,0.038695115596055984,,,,,,,,,,,,,,
14,,46109,,,,,,,,,,0.00016763247549533844,,0.00032508186995983124,,0.25061458349227905,,0.2691911458969116,,0.07233111560344696,,0.025060098618268967,0.04792516306042671,,,,,,,,,,,,,,
14,,46119,,,,,,,,,,0.0001551751047372818,,0.0003689429722726345,,0.24722692370414734,,0.24909162521362305,,0.07856636494398117,,0.021862003952264786,0.04571341350674629,,,,,,,,,,,,,,
14,,46129,,,,,,,,,,0.0001466739922761917,,0.0293915793299675,,0.25475621223449707,,0.23611509799957275,,0.07817923277616501,,0.023167289793491364,0.04618488624691963,,,,,,,,,,,,,,
14,,46139,,,,,,,,,,0.00021962076425552368,,0.00032640062272548676,,0.22192126512527466,,0.2787201702594757,,0.07640190422534943,,0.0271367859095335,0.05035700649023056,,,,,,,,,,,,,,
14,,46149,,,,,,,,,,0.00019540637731552124,,0.00037401821464300156,,0.24413526058197021,,0.26270174980163574,,0.09836705774068832,,0.03436852619051933,0.05941106379032135,,,,,,,,,,,,,,
14,,46159,,,,,,,,,,0.00016352906823158264,,0.00037267617881298065,,0.21016690135002136,,0.2776048183441162,,0.077314093708992,,0.024943020194768906,0.04869237169623375,,,,,,,,,,,,,,
14,,46169,,,,,,,,,,0.00011348538100719452,,0.0003140144981443882,,0.2501915991306305,,0.2524992525577545,,0.0755700021982193,,0.021051937714219093,0.04473808780312538,,,,,,,,,,,,,,
14,,46179,,,,,,,,,,0.00011630170047283173,,0.0002440446987748146,,0.2466234564781189,,0.27434808015823364,,0.10230016708374023,,0.0313333161175251,0.05844652280211449,,,,,,,,,,,,,,
14,,46189,,,,,,,,,,0.0001118537038564682,,0.000279000960290432,,0.19760878384113312,,0.2700147032737732,,0.09077398478984833,,0.02689487114548683,0.05217758193612099,,,,,,,,,,,,,,
14,,46199,,,,,,,,,,9.94466245174408e-05,,0.00027082907035946846,,0.19577965140342712,,0.2675246596336365,,0.08328160643577576,,0.024898746982216835,0.04913673177361488,,,,,,,,,,,,,,
14,,46209,,,,,,,,,,8.469074964523315e-05,,0.0002504391595721245,,0.2016865313053131,,0.2629031538963318,,0.08804239332675934,,0.030068598687648773,0.05376042053103447,,,,,,,,,,,,,,
14,,46219,,,,,,,,,,8.275732398033142e-05,,0.0002424190752208233,,0.24574653804302216,,0.25181713700294495,,0.07136881351470947,,0.022550836205482483,0.04499030485749245,,,,,,,,,,,,,,
14,,46229,,,,,,,,,,0.00010913796722888947,,0.00023526232689619064,,0.2307218611240387,,0.2659926414489746,,0.08443228900432587,,0.023705339059233665,0.04879492148756981,,,,,,,,,,,,,,
14,,46239,,,,,,,,,,0.0001315101981163025,,0.00024587148800492287,,0.23211045563220978,,0.2854769825935364,,0.05816466733813286,,0.018580235540866852,0.04095364734530449,,,,,,,,,,,,,,
14,,46249,,,,,,,,,,8.111074566841125e-05,,0.00023156031966209412,,0.23634493350982666,,0.268020898103714,,0.08750764280557632,,0.03360205516219139,0.05695701390504837,,,,,,,,,,,,,,
14,,46259,,,,,,,,,,8.889660239219666e-05,,0.00023079803213477135,,0.24853645265102386,,0.2756747901439667,,0.07058684527873993,,0.026428349316120148,0.04890377074480057,,,,,,,,,,,,,,
14,,46269,,,,,,,,,,0.00010468438267707825,,0.000214478000998497,,0.2777726650238037,,0.26187992095947266,,0.07169608026742935,,0.022664275020360947,0.045983925461769104,,,,,,,,,,,,,,
14,,46279,,,,,,,,,,9.315088391304016e-05,,0.0002424204722046852,,0.1857394576072693,,0.2789572477340698,,0.08244261890649796,,0.026713617146015167,0.05075912922620773,,,,,,,,,,,,,,
14,,46289,,,,,,,,,,0.00017597712576389313,,0.00022538518533110619,,0.2617119550704956,,0.2500566244125366,,0.08634895831346512,,0.03218609094619751,0.055132586508989334,,,,,,,,,,,,,,
14,,46299,,,,,,,,,,0.00010425224900245667,,0.00024821003898978233,,0.28587907552719116,,0.24448874592781067,,0.05835070461034775,,0.011070473119616508,0.03406329080462456,,,,,,,,,,,,,,
14,,46309,,,,,,,,,,8.429586887359619e-05,,0.0002256212756037712,,0.2463340163230896,,0.27769196033477783,,0.07728695869445801,,0.028118446469306946,0.051496971398591995,,,,,,,,,,,,,,
14,,46319,,,,,,,,,,0.00011258944869041443,,0.0002248864620923996,,0.26209211349487305,,0.2535344958305359,,0.08292827010154724,,0.030319958925247192,0.053258586674928665,,,,,,,,,,,,,,
14,,46329,,,,,,,,,,0.00010796822607517242,,0.00019983621314167976,,0.2635093331336975,,0.24822410941123962,,0.07999703288078308,,0.022978538647294044,0.046968985348939896,,,,,,,,,,,,,,
14,,46339,,,,,,,,,,7.46212899684906e-05,,0.0002016923390328884,,0.22684207558631897,,0.2763632535934448,,0.07094773650169373,,0.02011137269437313,0.044010456651449203,,,,,,,,,,,,,,
14,,46349,,,,,,,,,,8.025951683521271e-05,,0.00019295373931527138,,0.20630225539207458,,0.2696686387062073,,0.10931683331727982,,0.03412199020385742,0.06116228178143501,,,,,,,,,,,,,,
14,,46359,,,,,,,,,,9.196437895298004e-05,,0.0001738523133099079,,0.215230792760849,,0.27304989099502563,,0.09103107452392578,,0.024927344173192978,0.05109833925962448,,,,,,,,,,,,,,
14,,46369,,,,,,,,,,0.0001079849898815155,,0.00019813282415270805,,0.23813995718955994,,0.2592100501060486,,0.08702368289232254,,0.025695666670799255,0.05054286867380142,,,,,,,,,,,,,,
14,,46379,,,,,,,,,,8.275918662548065e-05,,0.00021813716739416122,,0.23146826028823853,,0.25372418761253357,,0.08693572878837585,,0.0259877759963274,0.05041012540459633,,,,,,,,,,,,,,
14,,46389,,,,,,,,,,8.322857320308685e-05,,0.00019576912745833397,,0.211520716547966,,0.2638453245162964,,0.0845724493265152,,0.023995229974389076,0.04871279001235962,,,,,,,,,,,,,,
14,,46399,,,,,,,,,,0.00012890435755252838,,0.00026257801800966263,,0.23163579404354095,,0.3013724684715271,,0.07883013784885406,,0.03101775422692299,0.05489954724907875,,,,,,,,,,,,,,
14,,46409,,,,,,,,,,0.0001292191445827484,,0.00027352478355169296,,0.24193120002746582,,0.27459716796875,,0.06954045593738556,,0.019668608903884888,0.043508682399988174,,,,,,,,,,,,,,
14,,46419,,,,,,,,,,9.629689157009125e-05,,0.00025611231103539467,,0.23156559467315674,,0.28186163306236267,,0.07724820077419281,,0.02766210027039051,0.051169853657484055,,,,,,,,,,,,,,
14,,46429,,,,,,,,,,0.00012036226689815521,,0.09084747731685638,,0.2669767737388611,,0.25198835134506226,,0.06600574404001236,,0.018934134393930435,0.041793715208768845,,,,,,,,,,,,,,
14,,46439,,,,,,,,,,0.0001329556107521057,,0.0002827816642820835,,0.2509046196937561,,0.26117193698883057,,0.07915087044239044,,0.02655213698744774,0.0499507375061512,,,,,,,,,,,,,,
14,,46449,,,,,,,,,,0.00010366365313529968,,0.00023844698444008827,,0.2224467247724533,,0.2739831805229187,,0.07663460075855255,,0.020599691197276115,0.045280344784259796,,,,,,,,,,,,,,
14,,46459,,,,,,,,,,0.00012817420065402985,,0.00027132919058203697,,0.2563941478729248,,0.27590811252593994,,0.08921705186367035,,0.031265825033187866,0.05612996965646744,,,,,,,,,,,,,,
14,,46469,,,,,,,,,,0.0001309569925069809,,0.0002865842543542385,,0.25473788380622864,,0.2661169767379761,,0.09165316820144653,,0.03324735537171364,0.05759492516517639,,,,,,,,,,,,,,
14,,46479,,,,,,,,,,0.00011461414396762848,,0.00029121385887265205,,0.249045729637146,,0.25753358006477356,,0.06956028938293457,,0.01979607343673706,0.04289141297340393,,,,,,,,,,,,,,
14,,46489,,,,,,,,,,0.00016633234918117523,,0.00030865101143717766,,0.26974838972091675,,0.2566641569137573,,0.07326918840408325,,0.02097218856215477,0.04467129334807396,,,,,,,,,,,,,,
14,,46499,,,,,,,,,,0.0001295190304517746,,0.00029117055237293243,,0.24349072575569153,,0.26420462131500244,,0.07768070697784424,,0.024952467530965805,0.04853028431534767,,,,,,,,,,,,,,
14,,46509,,,,,,,,,,0.0001356136053800583,,0.00030434783548116684,,0.28363561630249023,,0.268132746219635,,0.07297740131616592,,0.02400466427206993,0.04759195074439049,,,,,,,,,,,,,,
14,,46519,,,,,,,,,,0.00012827850878238678,,0.00028591929003596306,,0.2319166362285614,,0.2612723708152771,,0.0817716121673584,,0.02405897155404091,0.04835406318306923,,,,,,,,,,,,,,
14,,46529,,,,,,,,,,0.00011393986642360687,,0.0002808859571814537,,0.2431335747241974,,0.2548999488353729,,0.0772986188530922,,0.024218354374170303,0.04746741056442261,,,,,,,,,,,,,,
14,,46539,,,,,,,,,,0.00014784373342990875,,0.00024981750175356865,,0.27187395095825195,,0.2650870084762573,,0.0824378952383995,,0.026458129286766052,0.050925951451063156,,,,,,,,,,,,,,
14,,46549,,,,,,,,,,0.00012577883899211884,,0.00029392680153250694,,0.26377034187316895,,0.25836485624313354,,0.07840165495872498,,0.027040373533964157,0.050195708870887756,,,,,,,,,,,,,,
14,,46559,,,,,,,,,,0.00012908130884170532,,0.00027266377583146095,,0.30918610095977783,,0.26415300369262695,,0.06872838735580444,,0.019990313798189163,0.04389636591076851,,,,,,,,,,,,,,
14,,46569,,,,,,,,,,0.00011173821985721588,,0.0002580145373940468,,0.2153404951095581,,0.2524525821208954,,0.07164258509874344,,0.02085135132074356,0.04344018176198006,,,,,,,,,,,,,,
14,,46579,,,,,,,,,,0.0001462455838918686,,0.0002596769481897354,,0.2897350788116455,,0.2742334306240082,,0.07534242421388626,,0.023709487169981003,0.04817147180438042,,,,,,,,,,,,,,
14,,46589,,,,,,,,,,0.00014061667025089264,,0.0002470212057232857,,0.2507876753807068,,0.2477942556142807,,0.07007431983947754,,0.022284386679530144,0.044418174773454666,,,,,,,,,,,,,,
14,,46599,,,,,,,,,,0.00015093199908733368,,0.00022841617465019226,,0.20045578479766846,,0.2748908996582031,,0.0816694051027298,,0.02751029096543789,0.051193613559007645,,,,,,,,,,,,,,
14,,46609,,,,,,,,,,0.00016761012375354767,,0.03200998157262802,,0.2810060977935791,,0.25369587540626526,,0.06763049960136414,,0.026777084916830063,0.048054199665784836,,,,,,,,,,,,,,
14,,46619,,,,,,,,,,0.0001270100474357605,,0.0002625593915581703,,0.25964292883872986,,0.2532864212989807,,0.07511089742183685,,0.025352690368890762,0.04802589491009712,,,,,,,,,,,,,,
14,,46629,,,,,,,,,,8.555687963962555e-05,,0.0002275044098496437,,0.25214654207229614,,0.2546735405921936,,0.08386611938476562,,0.031191188842058182,0.054024871438741684,,,,,,,,,,,,,,
14,,46639,,,,,,,,,,0.00011127814650535583,,0.00022872956469655037,,0.2664281129837036,,0.23844164609909058,,0.06378418207168579,,0.021211087703704834,0.04217805340886116,,,,,,,,,,,,,,
14,,46649,,,,,,,,,,0.00010906346142292023,,0.00023200362920761108,,0.26402634382247925,,0.26199474930763245,,0.08387596160173416,,0.02663198858499527,0.051089029759168625,,,,,,,,,,,,,,
14,,46659,,,,,,,,,,0.0001376420259475708,,0.00021882960572838783,,0.22940026223659515,,0.2742614150047302,,0.0854579508304596,,0.02432856149971485,0.049826983362436295,,,,,,,,,,,,,,
14,,46669,,,,,,,,,,0.0001232251524925232,,0.00022675050422549248,,0.19884908199310303,,0.27693971991539,,0.08984719216823578,,0.02696559578180313,0.052395906299352646,,,,,,,,,,,,,,
14,,46679,,,,,,,,,,8.919648826122284e-05,,0.00024804612621665,,0.23387670516967773,,0.27313101291656494,,0.08314956724643707,,0.03158026188611984,0.05483367666602135,,,,,,,,,,,,,,
14,,46689,,,,,,,,,,9.068101644515991e-05,,0.00019626878201961517,,0.26564040780067444,,0.2624625563621521,,0.07923710346221924,,0.024445915594697,0.04861981421709061,,,,,,,,,,,,,,
14,,46699,,,,,,,,,,0.00010813772678375244,,0.00016303826123476028,,0.2811669707298279,,0.2476232796907425,,0.08277305960655212,,0.031613148748874664,0.05414585396647453,,,,,,,,,,,,,,
14,,46709,,,,,,,,,,9.19140875339508e-05,,0.00019088760018348694,,0.2558668255805969,,0.2627338767051697,,0.07754749059677124,,0.026199519634246826,0.049516599625349045,,,,,,,,,,,,,,
14,,46719,,,,,,,,,,7.747486233711243e-05,,0.00017379363998770714,,0.22042110562324524,,0.2643980383872986,,0.08729822933673859,,0.02674752101302147,0.05141890048980713,,,,,,,,,,,,,,
14,,46729,,,,,,,,,,0.00010730884969234467,,0.000211415346711874,,0.2555043399333954,,0.25314807891845703,,0.08990460634231567,,0.02473537065088749,0.050282128155231476,,,,,,,,,,,,,,
14,,46739,,,,,,,,,,9.766779839992523e-05,,0.12984226644039154,,0.26382577419281006,,0.27513593435287476,,0.08774308860301971,,0.03250027447938919,0.057210177183151245,,,,,,,,,,,,,,
14,,46749,,,,,,,,,,7.228180766105652e-05,,0.0002522622235119343,,0.23262813687324524,,0.26958438754081726,,0.09618601202964783,,0.03541237860918045,0.059972476214170456,,,,,,,,,,,,,,
14,,46759,,,,,,,,,,0.00010167807340621948,,0.0002310546115040779,,0.24754709005355835,,0.25575998425483704,,0.08000379800796509,,0.023848753422498703,0.04778938740491867,,,,,,,,,,,,,,
14,,46769,,,,,,,,,,0.00010107457637786865,,0.00027745170518755913,,0.1954028159379959,,0.28180113434791565,,0.07647363841533661,,0.026955869048833847,0.05006812512874603,,,,,,,,,,,,,,
14,,46779,,,,,,,,,,8.545070886611938e-05,,0.0002444894053041935,,0.258653461933136,,0.2646167576313019,,0.09014660120010376,,0.03337538614869118,0.05738382413983345,,,,,,,,,,,,,,
14,,46789,,,,,,,,,,9.910576045513153e-05,,0.00026489002630114555,,0.2604784369468689,,0.24119460582733154,,0.07593964040279388,,0.02737431600689888,0.049140747636556625,,,,,,,,,,,,,,
14,,46799,,,,,,,,,,0.0001137852668762207,,0.0003268187865614891,,0.2625252306461334,,0.2662160396575928,,0.07636299729347229,,0.02612164057791233,0.04947775974869728,,,,,,,,,,,,,,
14,,46809,,,,,,,,,,0.00010155327618122101,,0.0003327098675072193,,0.26944395899772644,,0.2578762471675873,,0.07590469717979431,,0.02538975328207016,0.048532843589782715,,,,,,,,,,,,,,
14,,46819,,,,,,,,,,0.00010315142571926117,,0.06377725303173065,,0.264157235622406,,0.26474249362945557,,0.09508086740970612,,0.0335424467921257,0.058691151440143585,,,,,,,,,,,,,,
14,,46829,,,,,,,,,,0.00011736340820789337,,0.0003214157186448574,,0.22116459906101227,,0.268251895904541,,0.09031427651643753,,0.03272765502333641,0.05666061490774155,,,,,,,,,,,,,,
14,,46839,,,,,,,,,,0.00014154240489006042,,0.00035505229607224464,,0.23243892192840576,,0.2771148681640625,,0.08115649968385696,,0.024871518835425377,0.04959739372134209,,,,,,,,,,,,,,
14,,46849,,,,,,,,,,9.567849338054657e-05,,0.00030172429978847504,,0.2225421965122223,,0.27758610248565674,,0.09644617885351181,,0.03541581332683563,0.06028095260262489,,,,,,,,,,,,,,
14,,46859,,,,,,,,,,0.00016077235341072083,,0.0003772582858800888,,0.23006409406661987,,0.2714039385318756,,0.0698559433221817,,0.02180849015712738,0.044884663075208664,,,,,,,,,,,,,,
14,,46869,,,,,,,,,,0.00013392232358455658,,0.00039191916584968567,,0.23331014811992645,,0.2792215347290039,,0.0706128403544426,,0.018345817923545837,0.042833589017391205,,,,,,,,,,,,,,
14,,46879,,,,,,,,,,0.00013920292258262634,,0.00037418026477098465,,0.23671749234199524,,0.252144992351532,,0.09375287592411041,,0.029465168714523315,0.05428532138466835,,,,,,,,,,,,,,
14,,46889,,,,,,,,,,0.00010978244245052338,,0.00035834917798638344,,0.21358026564121246,,0.261788010597229,,0.0799972414970398,,0.02389756217598915,0.047709640115499496,,,,,,,,,,,,,,
14,,46899,,,,,,,,,,0.00010901317000389099,,0.00035634078085422516,,0.2884068489074707,,0.2559314966201782,,0.059199340641498566,,0.02250845730304718,0.043369486927986145,,,,,,,,,,,,,,
14,,46909,,,,,,,,,,0.00012081116437911987,,0.00025620264932513237,,0.2699921727180481,,0.2477388083934784,,0.08363233506679535,,0.024365460500121117,0.048744626343250275,,,,,,,,,,,,,,
14,,46919,,,,,,,,,,0.00011932291090488434,,0.00029489630833268166,,0.23637807369232178,,0.2543046176433563,,0.08098680526018143,,0.024162709712982178,0.048010315746068954,,,,,,,,,,,,,,
14,,46929,,,,,,,,,,7.138028740882874e-05,,0.000311367679387331,,0.20762312412261963,,0.2675498425960541,,0.07319547235965729,,0.02045247331261635,0.0440497063100338,,,,,,,,,,,,,,
14,,46939,,,,,,,,,,0.00010901503264904022,,0.00027562864124774933,,0.24674108624458313,,0.2583646774291992,,0.08614084869623184,,0.026295211166143417,0.05088847503066063,,,,,,,,,,,,,,
14,,46949,,,,,,,,,,0.00010620616376399994,,0.0003330572508275509,,0.31007856130599976,,0.23888802528381348,,0.0629187524318695,,0.02035529911518097,0.04190663620829582,,,,,,,,,,,,,,
14,,46959,,,,,,,,,,0.00012113712728023529,,0.00031346920877695084,,0.2163677215576172,,0.26413246989250183,,0.08090659230947495,,0.023886891081929207,0.048014651983976364,,,,,,,,,,,,,,
14,,46969,,,,,,,,,,0.0001105237752199173,,0.0003360430710017681,,0.24338281154632568,,0.285537987947464,,0.0761842280626297,,0.021629005670547485,0.046755511313676834,,,,,,,,,,,,,,
14,,46979,,,,,,,,,,0.00012282654643058777,,0.0002737753093242645,,0.26582714915275574,,0.26383185386657715,,0.07099495828151703,,0.023877274245023727,0.04671408608555794,,,,,,,,,,,,,,
14,,46989,,,,,,,,,,0.00012635812163352966,,0.00029494287446141243,,0.2657742202281952,,0.24365538358688354,,0.07184017449617386,,0.02468477562069893,0.04653182253241539,,,,,,,,,,,,,,
14,,46999,,,,,,,,,,7.65044242143631e-05,,0.000308238435536623,,0.23197536170482635,,0.2739821672439575,,0.08270300924777985,,0.02825329452753067,0.05227188393473625,,,,,,,,,,,,,,
14,,47009,,,,,,,,,,0.00010358542203903198,,0.0003001694567501545,,0.20599454641342163,,0.2797834873199463,,0.08745259791612625,,0.027248922735452652,0.052376650273799896,,,,,,,,,,,,,,
14,,47019,,,,,,,,,,0.00010867789387702942,,0.0003161863423883915,,0.30815309286117554,,0.2722393870353699,,0.07975725084543228,,0.03435877710580826,0.05711090937256813,,,,,,,,,,,,,,
14,,47029,,,,,,,,,,0.00010506808757781982,,0.00030459463596343994,,0.2775766849517822,,0.24061095714569092,,0.0903918594121933,,0.03259932994842529,0.055944088846445084,,,,,,,,,,,,,,
14,,47039,,,,,,,,,,9.660236537456512e-05,,0.00026843883097171783,,0.26068219542503357,,0.25760114192962646,,0.07212710380554199,,0.02200375124812126,0.045168451964855194,,,,,,,,,,,,,,
14,,47049,,,,,,,,,,9.032152593135834e-05,,0.00031947484239935875,,0.24130836129188538,,0.2616755962371826,,0.0778246596455574,,0.02325126901268959,0.04713695868849754,,,,,,,,,,,,,,
14,,47059,,,,,,,,,,0.00010112300515174866,,0.000350837130099535,,0.23183965682983398,,0.2679937183856964,,0.07006235420703888,,0.02339494228363037,0.04597430303692818,,,,,,,,,,,,,,
14,,47069,,,,,,,,,,0.00011241994798183441,,0.00035425135865807533,,0.27839481830596924,,0.2672739624977112,,0.06842906028032303,,0.023539692163467407,0.04628854617476463,,,,,,,,,,,,,,
14,,47079,,,,,,,,,,0.0001314077526330948,,0.00036468030884861946,,0.24577248096466064,,0.2473759651184082,,0.0874389261007309,,0.025372382253408432,0.04991333186626434,,,,,,,,,,,,,,
14,,47089,,,,,,,,,,0.00013647601008415222,,0.0004169801250100136,,0.2303972989320755,,0.267818808555603,,0.09307791292667389,,0.028606776148080826,0.054175712168216705,,,,,,,,,,,,,,
14,,47099,,,,,,,,,,0.00012118741869926453,,0.00033599603921175003,,0.25408533215522766,,0.27230900526046753,,0.09013625979423523,,0.03335484862327576,0.05767388641834259,,,,,,,,,,,,,,
14,,47109,,,,,,,,,,7.268227636814117e-05,,0.00031472742557525635,,0.2524476945400238,,0.2701966166496277,,0.0824328139424324,,0.02760324627161026,0.051796045154333115,,,,,,,,,,,,,,
14,,47119,,,,,,,,,,9.668059647083282e-05,,0.0002682991325855255,,0.2719244658946991,,0.2640213370323181,,0.07615160197019577,,0.024273985996842384,0.048059120774269104,,,,,,,,,,,,,,
14,,47129,,,,,,,,,,8.406303822994232e-05,,0.00028845854103565216,,0.2908546030521393,,0.23979103565216064,,0.07251395285129547,,0.022895952686667442,0.045428987592458725,,,,,,,,,,,,,,
14,,47139,,,,,,,,,,0.0001286529004573822,,0.00033116620033979416,,0.2719298005104065,,0.25285840034484863,,0.07543830573558807,,0.022892650216817856,0.04636596888303757,,,,,,,,,,,,,,
14,,47149,,,,,,,,,,9.141489863395691e-05,,0.0002995678223669529,,0.25606340169906616,,0.2812122702598572,,0.07975972443819046,,0.0251297727227211,0.049998000264167786,,,,,,,,,,,,,,
14,,47159,,,,,,,,,,7.77319073677063e-05,,0.0002560913562774658,,0.25449028611183167,,0.26531705260276794,,0.07424229383468628,,0.024882223457098007,0.04801367595791817,,,,,,,,,,,,,,
14,,47169,,,,,,,,,,7.66068696975708e-05,,0.0002691415138542652,,0.28993555903434753,,0.2643722891807556,,0.08248410373926163,,0.03105810284614563,0.054563648998737335,,,,,,,,,,,,,,
14,,47179,,,,,,,,,,8.207932114601135e-05,,0.00023304764181375504,,0.28394514322280884,,0.25596776604652405,,0.06627346575260162,,0.02577582746744156,0.047096360474824905,,,,,,,,,,,,,,
14,,47189,,,,,,,,,,5.912967026233673e-05,,0.0002447250299155712,,0.26783719658851624,,0.26641690731048584,,0.059260547161102295,,0.016886316239833832,0.03941348195075989,,,,,,,,,,,,,,
14,,47199,,,,,,,,,,9.727291762828827e-05,,0.0002512824721634388,,0.2555904984474182,,0.2649611830711365,,0.07447147369384766,,0.0191580131649971,0.043758660554885864,,,,,,,,,,,,,,
14,,47209,,,,,,,,,,6.674230098724365e-05,,0.00027466099709272385,,0.23344272375106812,,0.2546505331993103,,0.08706498891115189,,0.02353065460920334,0.04865780845284462,,,,,,,,,,,,,,
14,,47219,,,,,,,,,,8.578412234783173e-05,,0.08377615362405777,,0.27449601888656616,,0.27925625443458557,,0.07268626987934113,,0.02626730315387249,0.04989372566342354,,,,,,,,,,,,,,
14,,47229,,,,,,,,,,0.00011356547474861145,,0.0002711745910346508,,0.27725011110305786,,0.26086369156837463,,0.07266291975975037,,0.023368367925286293,0.04663984850049019,,,,,,,,,,,,,,
14,,47239,,,,,,,,,,8.695386350154877e-05,,0.00028031785041093826,,0.24348437786102295,,0.2745620608329773,,0.07382602989673615,,0.025742057710886,0.04888517037034035,,,,,,,,,,,,,,
14,,47249,,,,,,,,,,9.188055992126465e-05,,0.00031171785667538643,,0.26452046632766724,,0.2843981385231018,,0.10448718070983887,,0.03811260312795639,0.06462356448173523,,,,,,,,,,,,,,
14,,47259,,,,,,,,,,0.00011529400944709778,,0.00028896424919366837,,0.28899240493774414,,0.25417280197143555,,0.08255138993263245,,0.027654819190502167,0.05153399705886841,,,,,,,,,,,,,,
14,,47269,,,,,,,,,,9.7690150141716e-05,,0.00028768694028258324,,0.2531767189502716,,0.26801443099975586,,0.06587137281894684,,0.02060624398291111,0.043347153812646866,,,,,,,,,,,,,,
14,,47279,,,,,,,,,,7.926858961582184e-05,,0.0002970942296087742,,0.23874777555465698,,0.2886163592338562,,0.0876326635479927,,0.03493354469537735,0.05897332727909088,,,,,,,,,,,,,,
14,,47289,,,,,,,,,,8.56742262840271e-05,,0.00029902346432209015,,0.2281600683927536,,0.2656700015068054,,0.07920821011066437,,0.027991395443677902,0.05098550766706467,,,,,,,,,,,,,,
14,,47299,,,,,,,,,,7.22687691450119e-05,,0.00033311592414975166,,0.25157666206359863,,0.24906542897224426,,0.06144122779369354,,0.017791081219911575,0.03949731960892677,,,,,,,,,,,,,,
14,,47309,,,,,,,,,,8.445605635643005e-05,,0.00028237234801054,,0.2407844513654709,,0.26187682151794434,,0.06645317375659943,,0.01937185972929001,0.04209719970822334,,,,,,,,,,,,,,
14,,47319,,,,,,,,,,9.605847299098969e-05,,0.0003454992547631264,,0.27516108751296997,,0.2569811940193176,,0.08013200759887695,,0.028013257309794426,0.05131884664297104,,,,,,,,,,,,,,
14,,47329,,,,,,,,,,7.647648453712463e-05,,0.00032265111804008484,,0.2696415185928345,,0.2581976652145386,,0.06578448414802551,,0.023619964718818665,0.04532450810074806,,,,,,,,,,,,,,
14,,47339,,,,,,,,,,7.488951086997986e-05,,0.00034106988459825516,,0.24650125205516815,,0.25892409682273865,,0.0924212783575058,,0.029926978051662445,0.054814413189888,,,,,,,,,,,,,,
14,,47349,,,,,,,,,,6.738491356372833e-05,,0.00037754420191049576,,0.2943055033683777,,0.23004800081253052,,0.06320128589868546,,0.017556991428136826,0.039261117577552795,,,,,,,,,,,,,,
14,,47359,,,,,,,,,,7.374025881290436e-05,,0.00038670795038342476,,0.31328704953193665,,0.27304607629776,,0.1007622480392456,,0.04486917704343796,0.06903321295976639,,,,,,,,,,,,,,
14,,47369,,,,,,,,,,9.21785831451416e-05,,0.0004238896071910858,,0.2661750316619873,,0.24395234882831573,,0.07335925847291946,,0.022116633132100105,0.04490911588072777,,,,,,,,,,,,,,
14,,47379,,,,,,,,,,0.00010051392018795013,,0.00038063526153564453,,0.2762582302093506,,0.2696402072906494,,0.08413311839103699,,0.02217227779328823,0.048293933272361755,,,,,,,,,,,,,,
14,,47389,,,,,,,,,,0.00010015629231929779,,0.00034422194585204124,,0.259531706571579,,0.25377997756004333,,0.06378895044326782,,0.018124867230653763,0.04050237312912941,,,,,,,,,,,,,,
14,,47399,,,,,,,,,,9.930133819580078e-05,,0.00044735847041010857,,0.2859158515930176,,0.24535128474235535,,0.06555212289094925,,0.017256442457437515,0.040095943957567215,,,,,,,,,,,,,,
14,,47409,,,,,,,,,,9.731389582157135e-05,,0.0003344891592860222,,0.21780133247375488,,0.2712244391441345,,0.07543326914310455,,0.030144531279802322,0.05203189700841904,,,,,,,,,,,,,,
14,,47419,,,,,,,,,,0.00011887773871421814,,0.0003182031214237213,,0.2994380295276642,,0.2732286751270294,,0.07812447845935822,,0.03032880648970604,0.053725715726614,,,,,,,,,,,,,,
14,,47429,,,,,,,,,,9.324215352535248e-05,,0.00031988928094506264,,0.29164817929267883,,0.25136956572532654,,0.07131409645080566,,0.023166440427303314,0.045959148555994034,,,,,,,,,,,,,,
14,,47439,,,,,,,,,,9.962357580661774e-05,,0.00027736928313970566,,0.21633177995681763,,0.2542974352836609,,0.07136670500040054,,0.023761767894029617,0.04566995054483414,,,,,,,,,,,,,,
14,,47449,,,,,,,,,,0.00011107325553894043,,0.00032230373471975327,,0.25289249420166016,,0.2594683766365051,,0.06737019121646881,,0.020810378715395927,0.04337747395038605,,,,,,,,,,,,,,
14,,47459,,,,,,,,,,0.00022419355809688568,,0.00034441379830241203,,0.23519191145896912,,0.26583415269851685,,0.08838622272014618,,0.029920442029833794,0.05424429848790169,,,,,,,,,,,,,,
14,,47469,,,,,,,,,,0.00013916566967964172,,0.00041463179513812065,,0.24575555324554443,,0.2730655372142792,,0.07943932712078094,,0.026005063205957413,0.05009211227297783,,,,,,,,,,,,,,
14,,47479,,,,,,,,,,0.0001703016459941864,,0.00047340476885437965,,0.2304532527923584,,0.26981574296951294,,0.07705352455377579,,0.026426639407873154,0.04962938651442528,,,,,,,,,,,,,,
14,,47489,,,,,,,,,,0.00017363950610160828,,0.000405364204198122,,0.2201501727104187,,0.26449209451675415,,0.08129477500915527,,0.02689778245985508,0.05040767788887024,,,,,,,,,,,,,,
14,,47499,,,,,,,,,,0.00014744512736797333,,0.0003666491247713566,,0.2815229892730713,,0.24933591485023499,,0.07429935038089752,,0.021145321428775787,0.04478895664215088,,,,,,,,,,,,,,
14,,47509,,,,,,,,,,0.00014439597725868225,,0.00036297040060162544,,0.24841150641441345,,0.2590228319168091,,0.07995568215847015,,0.020539723336696625,0.04546152055263519,,,,,,,,,,,,,,
14,,47519,,,,,,,,,,0.00014065206050872803,,0.00040688272565603256,,0.2918875217437744,,0.25160446763038635,,0.08082754909992218,,0.02374577522277832,0.04819207638502121,,,,,,,,,,,,,,
14,,47529,,,,,,,,,,0.0002299714833498001,,0.0004132199101150036,,0.25026464462280273,,0.28192368149757385,,0.07649052888154984,,0.023718563839793205,0.04829202964901924,,,,,,,,,,,,,,
14,,47539,,,,,,,,,,0.0001972634345293045,,0.0003533842973411083,,0.27604490518569946,,0.26331087946891785,,0.07503955811262131,,0.02099262923002243,0.045404255390167236,,,,,,,,,,,,,,
14,,47549,,,,,,,,,,0.0001482553780078888,,0.00043682102113962173,,0.23118634521961212,,0.27738916873931885,,0.08484943211078644,,0.02469164878129959,0.050153471529483795,,,,,,,,,,,,,,
14,,47559,,,,,,,,,,0.0002080574631690979,,0.0004842905327677727,,0.31773513555526733,,0.2523185610771179,,0.0817599818110466,,0.023936619982123375,0.04884684830904007,,,,,,,,,,,,,,
14,,47569,,,,,,,,,,0.00016488321125507355,,0.00037867529317736626,,0.30088090896606445,,0.2570818066596985,,0.08713279664516449,,0.03146590292453766,0.055528271943330765,,,,,,,,,,,,,,
14,,47579,,,,,,,,,,0.00018999911844730377,,0.0004741521552205086,,0.25846755504608154,,0.2655782699584961,,0.06905975937843323,,0.01882874220609665,0.04256007820367813,,,,,,,,,,,,,,
14,,47589,,,,,,,,,,0.0002038218080997467,,0.0003922577016055584,,0.21621358394622803,,0.26264482736587524,,0.07461191713809967,,0.023654453456401825,0.0465884767472744,,,,,,,,,,,,,,
14,,47599,,,,,,,,,,0.00019429251551628113,,0.00046601006761193275,,0.22763270139694214,,0.2551145851612091,,0.08876515924930573,,0.0245542973279953,0.04969890043139458,,,,,,,,,,,,,,
14,,47609,,,,,,,,,,0.00014854781329631805,,0.0004240223206579685,,0.2419511079788208,,0.2554953098297119,,0.09204410016536713,,0.026473814621567726,0.05193937197327614,,,,,,,,,,,,,,
14,,47619,,,,,,,,,,0.00020766258239746094,,0.0004650247283279896,,0.27126187086105347,,0.24749110639095306,,0.0592842735350132,,0.017122510820627213,0.03874865546822548,,,,,,,,,,,,,,
14,,47629,,,,,,,,,,0.00016027875244617462,,0.0004545939154922962,,0.24173109233379364,,0.29768526554107666,,0.09392725676298141,,0.033273324370384216,0.05936908349394798,,,,,,,,,,,,,,
14,,47639,,,,,,,,,,0.00016975030303001404,,0.0004107430577278137,,0.2333846092224121,,0.26324355602264404,,0.07489573955535889,,0.023452289402484894,0.046719420701265335,,,,,,,,,,,,,,
14,,47649,,,,,,,,,,0.00012475810945034027,,0.00039064837619662285,,0.2061084806919098,,0.2645636796951294,,0.08879002928733826,,0.02429901249706745,0.049702517688274384,,,,,,,,,,,,,,
14,,47659,,,,,,,,,,0.0001587606966495514,,0.00041298195719718933,,0.22706547379493713,,0.2717161476612091,,0.07234989106655121,,0.02547350339591503,0.0480814166367054,,,,,,,,,,,,,,
14,,47669,,,,,,,,,,0.00013779662549495697,,0.00039870385080575943,,0.22765709459781647,,0.2680057883262634,,0.10023839771747589,,0.03368164971470833,0.05930231139063835,,,,,,,,,,,,,,
14,,47679,,,,,,,,,,0.00019746273756027222,,0.0003752484917640686,,0.2895609140396118,,0.2832231819629669,,0.07814615964889526,,0.024847690016031265,0.04997099190950394,,,,,,,,,,,,,,
14,,47689,,,,,,,,,,0.00014176219701766968,,0.00035569164901971817,,0.2397668957710266,,0.25285661220550537,,0.07873978465795517,,0.020960059016942978,0.045158348977565765,,,,,,,,,,,,,,
14,,47699,,,,,,,,,,0.00010624155402183533,,0.00032693101093173027,,0.22953009605407715,,0.24911490082740784,,0.0794287621974945,,0.02104705385863781,0.04505728930234909,,,,,,,,,,,,,,
14,,47709,,,,,,,,,,0.00011570751667022705,,0.0003597624599933624,,0.24927571415901184,,0.26672518253326416,,0.07451717555522919,,0.025447150692343712,0.04849425330758095,,,,,,,,,,,,,,
14,,47719,,,,,,,,,,0.19638893008232117,,0.006750370375812054,,0.281832218170166,,0.27313268184661865,,0.0880545824766159,,0.03414977341890335,0.05840625986456871,,,,,,,,,,,,,,
14,,47729,,,,,,,,,,0.00014518573880195618,,0.0003810250200331211,,0.240759015083313,,0.26509684324264526,,0.06526362150907516,,0.02047622576355934,0.04285359010100365,,,,,,,,,,,,,,
14,,47739,,,,,,,,,,0.0001727379858493805,,0.00032871123403310776,,0.20394957065582275,,0.26932647824287415,,0.0884815901517868,,0.027778439223766327,0.05245273560285568,,,,,,,,,,,,,,
14,,47749,,,,,,,,,,0.0001803189516067505,,0.00044297799468040466,,0.29738080501556396,,0.2410525381565094,,0.07887657731771469,,0.026191383600234985,0.04923061653971672,,,,,,,,,,,,,,
14,,47759,,,,,,,,,,0.0001242067664861679,,0.0003953203558921814,,0.2421450912952423,,0.25487983226776123,,0.07802420854568481,,0.022105328738689423,0.04600614681839943,,,,,,,,,,,,,,
14,,47769,,,,,,,,,,0.00016745924949645996,,0.0670473650097847,,0.18640518188476562,,0.3289834260940552,,0.08970176428556442,,0.03560294583439827,0.06133835390210152,,,,,,,,,,,,,,
14,,47779,,,,,,,,,,0.00018593855202198029,,0.00037896260619163513,,0.26597484946250916,,0.2725626826286316,,0.08628391474485397,,0.02401924878358841,0.05009941756725311,,,,,,,,,,,,,,
14,,47789,,,,,,,,,,0.00015955045819282532,,0.00040159979835152626,,0.2539970278739929,,0.2654372453689575,,0.06455997377634048,,0.017858579754829407,0.04092911630868912,,,,,,,,,,,,,,
14,,47799,,,,,,,,,,0.00018479302525520325,,0.0003804168663918972,,0.3020285964012146,,0.24560898542404175,,0.07458190619945526,,0.023671582341194153,0.046802788972854614,,,,,,,,,,,,,,
14,,47809,,,,,,,,,,0.00011340528726577759,,0.00039510568603873253,,0.2262410670518875,,0.284277081489563,,0.08055240660905838,,0.025306042283773422,0.05007332190871239,,,,,,,,,,,,,,
14,,47819,,,,,,,,,,0.0001117754727602005,,0.0003143283538520336,,0.25321707129478455,,0.2724226713180542,,0.06768286228179932,,0.018717501312494278,0.042477235198020935,,,,,,,,,,,,,,
14,,47829,,,,,,,,,,0.00011858716607093811,,0.00037794001400470734,,0.2554752826690674,,0.2626279592514038,,0.09620614349842072,,0.034520238637924194,0.05924902856349945,,,,,,,,,,,,,,
14,,47839,,,,,,,,,,0.00013522431254386902,,0.00029389513656497,,0.23869916796684265,,0.27603232860565186,,0.09812022000551224,,0.031226767227053642,0.057568904012441635,,,,,,,,,,,,,,
14,,47849,,,,,,,,,,0.0001784302294254303,,0.0003411984071135521,,0.2606315016746521,,0.2501301169395447,,0.08294704556465149,,0.02876468002796173,0.051919009536504745,,,,,,,,,,,,,,
14,,47859,,,,,,,,,,0.0001334361732006073,,0.0003016265109181404,,0.2189449965953827,,0.26647329330444336,,0.08461129665374756,,0.02835528738796711,0.05220150947570801,,,,,,,,,,,,,,
14,,47869,,,,,,,,,,0.00013819709420204163,,0.00030542071908712387,,0.22448372840881348,,0.27547740936279297,,0.0937962457537651,,0.03456898406147957,0.059072624891996384,,,,,,,,,,,,,,
14,,47879,,,,,,,,,,0.00014385581016540527,,0.00034414371475577354,,0.2454155683517456,,0.2611635625362396,,0.10193727910518646,,0.03368446230888367,0.059510234743356705,,,,,,,,,,,,,,
14,,47889,,,,,,,,,,0.00015714578330516815,,0.000308232381939888,,0.2985690236091614,,0.2788946032524109,,0.09055270254611969,,0.02686549723148346,0.053713928908109665,,,,,,,,,,,,,,
14,,47899,,,,,,,,,,0.00019528716802597046,,0.00037973979488015175,,0.23723700642585754,,0.2625086009502411,,0.0784192830324173,,0.024258043617010117,0.04799533262848854,,,,,,,,,,,,,,
14,,47909,,,,,,,,,,0.00020533055067062378,,0.0004027332179248333,,0.27674978971481323,,0.28105324506759644,,0.0964789167046547,,0.03519894927740097,0.06092274561524391,,,,,,,,,,,,,,
14,,47919,,,,,,,,,,0.0002097729593515396,,0.00039842771366238594,,0.24744495749473572,,0.2520219683647156,,0.07942807674407959,,0.023813936859369278,0.047479405999183655,,,,,,,,,,,,,,
14,,47929,,,,,,,,,,0.00026476942002773285,,0.00045366305857896805,,0.26750096678733826,,0.2616523504257202,,0.07941291481256485,,0.02957082912325859,0.052482109516859055,,,,,,,,,,,,,,
14,,47939,,,,,,,,,,0.00024924054741859436,,0.00045618508011102676,,0.24013537168502808,,0.27095693349838257,,0.06419943273067474,,0.022017337381839752,0.04407786950469017,,,,,,,,,,,,,,
14,,47949,,,,,,,,,,0.00026389583945274353,,0.00043069152161478996,,0.24973416328430176,,0.2586897313594818,,0.06273843348026276,,0.020115043967962265,0.04191407933831215,,,,,,,,,,,,,,
14,,47959,,,,,,,,,,0.00018482282757759094,,0.0003736540675163269,,0.2562115788459778,,0.24829259514808655,,0.077353835105896,,0.030110487714409828,0.051741767674684525,,,,,,,,,,,,,,
14,,47969,,,,,,,,,,0.00018429569900035858,,0.0004252777434885502,,0.22066102921962738,,0.25509732961654663,,0.07433083653450012,,0.023918386548757553,0.046432096511125565,,,,,,,,,,,,,,
14,,47979,,,,,,,,,,0.0002506151795387268,,0.0004361392930150032,,0.24777023494243622,,0.2628273665904999,,0.08303925395011902,,0.026892293244600296,0.050976574420928955,,,,,,,,,,,,,,
14,,47989,,,,,,,,,,0.00023480504751205444,,0.00042709801346063614,,0.23691615462303162,,0.26395654678344727,,0.0879954993724823,,0.025161687284708023,0.050533510744571686,,,,,,,,,,,,,,
14,,47999,,,,,,,,,,0.11937734484672546,,0.018866442143917084,,0.2879665195941925,,0.25380557775497437,,0.0708397850394249,,0.022452622652053833,0.045547496527433395,,,,,,,,,,,,,,
14,,48009,,,,,,,,,,0.00020239129662513733,,0.0004049600102007389,,0.26849544048309326,,0.26195546984672546,,0.07425826787948608,,0.02441921830177307,0.04767640680074692,,,,,,,,,,,,,,
14,,48019,,,,,,,,,,0.00024571269750595093,,0.00042128562927246094,,0.263213574886322,,0.24284249544143677,,0.0725540965795517,,0.01969667337834835,0.04285605251789093,,,,,,,,,,,,,,
14,,48029,,,,,,,,,,0.0004375409334897995,,0.000425863079726696,,0.276048481464386,,0.25690335035324097,,0.07204055786132812,,0.022126149386167526,0.04539215564727783,,,,,,,,,,,,,,
14,,48039,,,,,,,,,,0.0003022141754627228,,0.0004207422025501728,,0.3477568030357361,,0.25615939497947693,,0.08455018699169159,,0.025713663548231125,0.05123511329293251,,,,,,,,,,,,,,
14,,48049,,,,,,,,,,0.00028392672538757324,,0.0004900144413113594,,0.232146754860878,,0.2864305377006531,,0.07862742990255356,,0.028248783200979233,0.05209049582481384,,,,,,,,,,,,,,
14,,48059,,,,,,,,,,0.0002888143062591553,,0.0005317628383636475,,0.22516882419586182,,0.26756560802459717,,0.08220696449279785,,0.02644789218902588,0.050444647669792175,,,,,,,,,,,,,,
14,,48069,,,,,,,,,,0.00026016682386398315,,0.00041673285886645317,,0.2713867127895355,,0.27185869216918945,,0.07450282573699951,,0.023237422108650208,0.04733400419354439,,,,,,,,,,,,,,
14,,48079,,,,,,,,,,0.0002823788672685623,,0.0004910212010145187,,0.2504346966743469,,0.25708216428756714,,0.08096981048583984,,0.029281042516231537,0.05214250087738037,,,,,,,,,,,,,,
14,,48089,,,,,,,,,,0.0002648942172527313,,0.0003824983723461628,,0.2843623161315918,,0.2509423494338989,,0.0910450667142868,,0.030606098473072052,0.05513559654355049,,,,,,,,,,,,,,
14,,48099,,,,,,,,,,0.0002552606165409088,,0.0003362963907420635,,0.22780245542526245,,0.2558676302433014,,0.07384893298149109,,0.027050238102674484,0.048810798674821854,,,,,,,,,,,,,,
14,,48109,,,,,,,,,,0.00024227984249591827,,0.00034838682040572166,,0.24086816608905792,,0.2573609948158264,,0.06983689963817596,,0.020237691700458527,0.04317089542746544,,,,,,,,,,,,,,
14,,48119,,,,,,,,,,0.00025982409715652466,,0.0003546420484781265,,0.3136982321739197,,0.2445201575756073,,0.05939352512359619,,0.016173899173736572,0.03841535374522209,,,,,,,,,,,,,,
14,,48129,,,,,,,,,,0.00025789812207221985,,0.0003588148392736912,,0.22490182518959045,,0.26669323444366455,,0.08200561255216599,,0.027170442044734955,0.05090436711907387,,,,,,,,,,,,,,
14,,48139,,,,,,,,,,0.00026724860072135925,,0.0004063742235302925,,0.2639656364917755,,0.2563042938709259,,0.08343476057052612,,0.02490421012043953,0.04944324493408203,,,,,,,,,,,,,,
14,,48149,,,,,,,,,,0.00024535879492759705,,0.000310379546135664,,0.265247642993927,,0.25608623027801514,,0.09546129405498505,,0.03467016667127609,0.059029530733823776,,,,,,,,,,,,,,
14,,48159,,,,,,,,,,0.0002230461686849594,,0.0003593806177377701,,0.24530968070030212,,0.25231456756591797,,0.08435458689928055,,0.030370209366083145,0.0533103421330452,,,,,,,,,,,,,,
14,,48169,,,,,,,,,,0.00022073835134506226,,0.0003226245753467083,,0.26801005005836487,,0.2530665993690491,,0.07410745322704315,,0.02094104327261448,0.04461617022752762,,,,,,,,,,,,,,
14,,48179,,,,,,,,,,0.0002304576337337494,,0.0002824608236551285,,0.3052683472633362,,0.2781277298927307,,0.080845408141613,,0.030259467661380768,0.05448201671242714,,,,,,,,,,,,,,
14,,48189,,,,,,,,,,0.0002742968499660492,,0.0003003925085067749,,0.21314531564712524,,0.2671282887458801,,0.06933961808681488,,0.024465303868055344,0.04638199508190155,,,,,,,,,,,,,,
14,,48199,,,,,,,,,,0.00027280859649181366,,0.0003255843184888363,,0.2745341658592224,,0.2602544128894806,,0.07681220024824142,,0.03002091869711876,0.052348535507917404,,,,,,,,,,,,,,
14,,48209,,,,,,,,,,0.00023169256746768951,,0.000264008529484272,,0.22367078065872192,,0.256317138671875,,0.08158615231513977,,0.02387293241918087,0.04785073548555374,,,,,,,,,,,,,,
14,,48219,,,,,,,,,,0.00021070614457130432,,0.00028484268113970757,,0.2576964497566223,,0.26252275705337524,,0.078743577003479,,0.02882670983672142,0.05172370746731758,,,,,,,,,,,,,,
14,,48229,,,,,,,,,,0.000272408127784729,,0.00032596103847026825,,0.23168104887008667,,0.2663859724998474,,0.09447059035301208,,0.032492220401763916,0.057299401611089706,,,,,,,,,,,,,,
14,,48239,,,,,,,,,,0.0002254694700241089,,0.0003161504864692688,,0.2617541551589966,,0.26542869210243225,,0.07701954245567322,,0.023578163236379623,0.04764691740274429,,,,,,,,,,,,,,
14,,48249,,,,,,,,,,0.00025960803031921387,,0.000311494804918766,,0.23353175818920135,,0.2591681182384491,,0.06986075639724731,,0.018118951469659805,0.041584569960832596,,,,,,,,,,,,,,
14,,48259,,,,,,,,,,0.0002601649612188339,,0.00028464337810873985,,0.2484365999698639,,0.2610950469970703,,0.0734836757183075,,0.02596074715256691,0.048411790281534195,,,,,,,,,,,,,,
14,,48269,,,,,,,,,,0.0001739896833896637,,0.0003274758346378803,,0.20119965076446533,,0.2784222662448883,,0.07053925842046738,,0.02511843480169773,0.04748646914958954,,,,,,,,,,,,,,
14,,48279,,,,,,,,,,0.00018218345940113068,,0.00029201898723840714,,0.27354565262794495,,0.25779569149017334,,0.07656664401292801,,0.02323777973651886,0.04708685353398323,,,,,,,,,,,,,,
14,,48289,,,,,,,,,,0.00021124258637428284,,0.00029682088643312454,,0.24652746319770813,,0.2621745467185974,,0.08257579803466797,,0.02492304891347885,0.04936675727367401,,,,,,,,,,,,,,
14,,48299,,,,,,,,,,0.14668554067611694,,0.011311407200992107,,0.27561813592910767,,0.2500922679901123,,0.08468876034021378,,0.028581026941537857,0.052421264350414276,,,,,,,,,,,,,,
14,,48309,,,,,,,,,,0.00020045042037963867,,0.00030409591272473335,,0.2759841978549957,,0.25684499740600586,,0.0675630122423172,,0.017108019441366196,0.040783874690532684,,,,,,,,,,,,,,
14,,48319,,,,,,,,,,0.00018866918981075287,,0.00029992684721946716,,0.1940344125032425,,0.28230637311935425,,0.07114686071872711,,0.01941738650202751,0.04342164471745491,,,,,,,,,,,,,,
14,,48329,,,,,,,,,,0.0002114512026309967,,0.00034343171864748,,0.22717437148094177,,0.26668256521224976,,0.09648257493972778,,0.029156528413295746,0.05513545125722885,,,,,,,,,,,,,,
14,,48339,,,,,,,,,,0.00021304935216903687,,0.12311358749866486,,0.24816913902759552,,0.28144216537475586,,0.0721207857131958,,0.024073582142591476,0.04805123433470726,,,,,,,,,,,,,,
14,,48349,,,,,,,,,,0.00032115355134010315,,0.0003256811760365963,,0.2885117828845978,,0.2691231369972229,,0.0809909775853157,,0.028914783149957657,0.05288214609026909,,,,,,,,,,,,,,
14,,48359,,,,,,,,,,0.0002683885395526886,,0.00038597220554947853,,0.27662530541419983,,0.28688210248947144,,0.08318504691123962,,0.028734266757965088,0.05385167896747589,,,,,,,,,,,,,,
14,,48369,,,,,,,,,,0.00021156296133995056,,0.00036467844620347023,,0.25173601508140564,,0.2716755270957947,,0.0761600136756897,,0.023926790803670883,0.04792283847928047,,,,,,,,,,,,,,
14,,48379,,,,,,,,,,0.0002528037875890732,,0.0003398405387997627,,0.21275465190410614,,0.2793610692024231,,0.06927338242530823,,0.023512758314609528,0.046224065124988556,,,,,,,,,,,,,,
14,,48389,,,,,,,,,,0.00016067363321781158,,0.0003349306061863899,,0.23002290725708008,,0.2800311744213104,,0.07383626699447632,,0.02152348682284355,0.04582124575972557,,,,,,,,,,,,,,
14,,48399,,,,,,,,,,0.00029967352747917175,,0.000382185447961092,,0.28323984146118164,,0.25217801332473755,,0.07563361525535583,,0.026210859417915344,0.048992808908224106,,,,,,,,,,,,,,
14,,48409,,,,,,,,,,0.00025564245879650116,,0.00036657974123954773,,0.27271538972854614,,0.25814783573150635,,0.062949039041996,,0.01661565527319908,0.03957217186689377,,,,,,,,,,,,,,
14,,48419,,,,,,,,,,0.0003331955522298813,,0.0003690808080136776,,0.2477143406867981,,0.2554226517677307,,0.07257451117038727,,0.02401808463037014,0.04650980606675148,,,,,,,,,,,,,,
14,,48429,,,,,,,,,,0.00023139826953411102,,0.00031303707510232925,,0.2487802356481552,,0.2679399251937866,,0.0805339589715004,,0.019084276631474495,0.044900450855493546,,,,,,,,,,,,,,
14,,48439,,,,,,,,,,0.00032220780849456787,,0.0002985750325024128,,0.2607167661190033,,0.24602395296096802,,0.07335638999938965,,0.024274878203868866,0.046560607850551605,,,,,,,,,,,,,,
14,,48449,,,,,,,,,,0.0001863241195678711,,0.000353498850017786,,0.23016810417175293,,0.27424970269203186,,0.08392011374235153,,0.02954147383570671,0.053458090871572495,,,,,,,,,,,,,,
14,,48459,,,,,,,,,,0.000228002667427063,,0.00031428830698132515,,0.22666354477405548,,0.26339948177337646,,0.07868588715791702,,0.02997354418039322,0.05225067213177681,,,,,,,,,,,,,,
14,,48469,,,,,,,,,,0.00021376647055149078,,0.0003068712539970875,,0.2318556308746338,,0.2516966462135315,,0.09557397663593292,,0.034329984337091446,0.05819821357727051,,,,,,,,,,,,,,
14,,48479,,,,,,,,,,0.00025109387934207916,,0.0003511072136461735,,0.22749167680740356,,0.27855372428894043,,0.07901416718959808,,0.02451050467789173,0.048934318125247955,,,,,,,,,,,,,,
14,,48489,,,,,,,,,,0.00021904334425926208,,0.00031820544973015785,,0.3146224021911621,,0.23686283826828003,,0.06610145419836044,,0.01798388548195362,0.04068288952112198,,,,,,,,,,,,,,
14,,48499,,,,,,,,,,0.00017913058400154114,,0.03494309261441231,,0.23193883895874023,,0.2611226439476013,,0.06970541179180145,,0.025710035115480423,0.04742452874779701,,,,,,,,,,,,,,
14,,48509,,,,,,,,,,0.00021993368864059448,,0.00034356536343693733,,0.24027276039123535,,0.2612316608428955,,0.09289731830358505,,0.028158798813819885,0.05361253395676613,,,,,,,,,,,,,,
14,,48519,,,,,,,,,,0.00024395063519477844,,0.00034055113792419434,,0.21077029407024384,,0.2777980864048004,,0.09647731482982635,,0.028391972184181213,0.054889801889657974,,,,,,,,,,,,,,
14,,48529,,,,,,,,,,0.0001559033989906311,,0.0003284178674221039,,0.27475303411483765,,0.27642756700515747,,0.09098981320858002,,0.027929212898015976,0.05419911444187164,,,,,,,,,,,,,,
14,,48539,,,,,,,,,,0.00016716495156288147,,0.0002892264164984226,,0.2531234323978424,,0.2599659562110901,,0.09215107560157776,,0.032424196600914,0.05676349997520447,,,,,,,,,,,,,,
14,,48549,,,,,,,,,,0.0001598447561264038,,0.0002759229391813278,,0.21310216188430786,,0.26072555780410767,,0.10460291802883148,,0.029704364016652107,0.056624870747327805,,,,,,,,,,,,,,
14,,48559,,,,,,,,,,0.15831688046455383,,0.01962612010538578,,0.2428416907787323,,0.2767019271850586,,0.0742194876074791,,0.027216143906116486,0.050330206751823425,,,,,,,,,,,,,,
14,,48569,,,,,,,,,,0.00011874176561832428,,0.0002799541689455509,,0.21725520491600037,,0.2527974545955658,,0.08270163089036942,,0.027107898145914078,0.05024649575352669,,,,,,,,,,,,,,
14,,48579,,,,,,,,,,0.00016058608889579773,,0.029970966279506683,,0.24162498116493225,,0.2622143626213074,,0.09276141226291656,,0.03388386219739914,0.058030594140291214,,,,,,,,,,,,,,
14,,48589,,,,,,,,,,0.00014580786228179932,,0.00024476973339915276,,0.3415791392326355,,0.26153892278671265,,0.08557209372520447,,0.03284550458192825,0.05695614218711853,,,,,,,,,,,,,,
14,,48599,,,,,,,,,,0.00016714226512704045,,0.00035546786966733634,,0.2374647706747055,,0.24716299772262573,,0.07710979133844376,,0.02552531287074089,0.047983501106500626,,,,,,,,,,,,,,
14,,48599,,,,,,,,,,,,,,,,,,,,,,0.9829545021057129,0.9992310404777527,0.9992791414260864,0.9379084706306458,0.9059959053993225,0.9719576239585876,0.9911374449729919,0.05407650023698807,0.007458241656422615,0.005252502858638763,0.25021734833717346,0.26609596610069275,0.08876776695251465,0.029323996976017952
14,,48599,0.9834511876106262,0.9997926354408264,0.9995936751365662,0.9390050768852234,0.9063858985900879,0.9728362560272217,0.9915377497673035,0.04922770336270332,0.00232569663785398,,0.003723620902746916,,0.24873200058937073,,0.26363179087638855,,0.07934127002954483,,0.02540520392358303,,,,,,,,,,,,,,,,
,4.393398282201788e-05,48600,,,,,,,,,,,,,,,,,,,,,,,,,,,,,,,,,,,
15,,48609,,,,,,,,,,0.0001596342772245407,,0.0003096461296081543,,0.2405877411365509,,0.27606385946273804,,0.0776350200176239,,0.02575773373246193,0.049647897481918335,,,,,,,,,,,,,,
15,,48619,,,,,,,,,,0.00018511898815631866,,0.0003515072166919708,,0.20678403973579407,,0.2823985517024994,,0.10035993903875351,,0.033878766000270844,0.059903040528297424,,,,,,,,,,,,,,
15,,48629,,,,,,,,,,0.00015980936586856842,,0.0003612763248383999,,0.24883396923542023,,0.26641595363616943,,0.0731741338968277,,0.024514958262443542,0.047523416578769684,,,,,,,,,,,,,,
15,,48639,,,,,,,,,,0.00019705109298229218,,0.00036279018968343735,,0.2252383828163147,,0.26789432764053345,,0.0866663008928299,,0.026530884206295013,0.0513589009642601,,,,,,,,,,,,,,
15,,48649,,,,,,,,,,0.0002095494419336319,,0.00035971449688076973,,0.23547887802124023,,0.2529214024543762,,0.07577527314424515,,0.023513417690992355,0.04647069051861763,,,,,,,,,,,,,,
15,,48659,,,,,,,,,,0.00020223669707775116,,0.0003806585446000099,,0.20651353895664215,,0.2733287811279297,,0.06349506974220276,,0.0225972943007946,0.044097695499658585,,,,,,,,,,,,,,
15,,48669,,,,,,,,,,0.00019011273980140686,,0.0003860951401293278,,0.28030282258987427,,0.2544288635253906,,0.06976623833179474,,0.018483731895685196,0.04216668754816055,,,,,,,,,,,,,,
15,,48679,,,,,,,,,,0.00017852336168289185,,0.00040153274312615395,,0.24558092653751373,,0.24824324250221252,,0.07576063275337219,,0.023478280752897263,0.04634075611829758,,,,,,,,,,,,,,
15,,48689,,,,,,,,,,0.00013791583478450775,,0.0003841305151581764,,0.22722917795181274,,0.25119590759277344,,0.07539059966802597,,0.02159181237220764,0.04477940499782562,,,,,,,,,,,,,,
15,,48699,,,,,,,,,,0.00013862177729606628,,0.0004071993753314018,,0.24049460887908936,,0.26743173599243164,,0.09924308955669403,,0.031236499547958374,0.05740492418408394,,,,,,,,,,,,,,
15,,48709,,,,,,,,,,0.00015210174024105072,,0.0003202827647328377,,0.28503450751304626,,0.26477867364883423,,0.09249109029769897,,0.03169785439968109,0.05688215792179108,,,,,,,,,,,,,,
15,,48719,,,,,,,,,,0.00010183826088905334,,0.0003063054755330086,,0.2567894458770752,,0.24734973907470703,,0.06687836349010468,,0.016304820775985718,0.03938266634941101,,,,,,,,,,,,,,
15,,48729,,,,,,,,,,0.00017859600484371185,,0.00030294014140963554,,0.23685461282730103,,0.25861412286758423,,0.07341108471155167,,0.020344285294413567,0.0439327135682106,,,,,,,,,,,,,,
15,,48739,,,,,,,,,,0.00016065500676631927,,0.00037250062450766563,,0.2550223469734192,,0.2573346495628357,,0.07333915680646896,,0.027258411049842834,0.0492592416703701,,,,,,,,,,,,,,
15,,48749,,,,,,,,,,0.00017507188022136688,,0.00033536553382873535,,0.2908933758735657,,0.2797934412956238,,0.08155478537082672,,0.027402197942137718,0.05238129571080208,,,,,,,,,,,,,,
15,,48759,,,,,,,,,,0.00016367249190807343,,0.0003722044639289379,,0.24357813596725464,,0.25787678360939026,,0.0596451461315155,,0.01424524374306202,0.036820001900196075,,,,,,,,,,,,,,
15,,48769,,,,,,,,,,0.00015489570796489716,,0.00031422078609466553,,0.24244344234466553,,0.25813865661621094,,0.07560776174068451,,0.023356517776846886,0.04664764925837517,,,,,,,,,,,,,,
15,,48779,,,,,,,,,,0.0001617930829524994,,0.0003100964240729809,,0.2665371596813202,,0.26894551515579224,,0.07816003262996674,,0.02600516751408577,0.049902401864528656,,,,,,,,,,,,,,
15,,48789,,,,,,,,,,0.00013783946633338928,,0.00029324227944016457,,0.2240695059299469,,0.26112645864486694,,0.09410794824361801,,0.031342752277851105,0.05603306367993355,,,,,,,,,,,,,,
15,,48799,,,,,,,,,,0.00013290159404277802,,0.00033465586602687836,,0.2868429124355316,,0.24943220615386963,,0.06997687369585037,,0.02242407202720642,0.045004356652498245,,,,,,,,,,,,,,
15,,48809,,,,,,,,,,0.00012411735951900482,,0.000316765159368515,,0.23641148209571838,,0.2620394229888916,,0.08150908350944519,,0.023450057953596115,0.04793676733970642,,,,,,,,,,,,,,
15,,48819,,,,,,,,,,0.0001327265053987503,,0.00027337949723005295,,0.27988511323928833,,0.24089044332504272,,0.07105131447315216,,0.019487768411636353,0.04252087324857712,,,,,,,,,,,,,,
15,,48829,,,,,,,,,,0.00019115395843982697,,0.0003104638308286667,,0.20468424260616302,,0.27631574869155884,,0.08176273107528687,,0.020542070269584656,0.04610031098127365,,,,,,,,,,,,,,
15,,48839,,,,,,,,,,0.000169241800904274,,0.0003198673948645592,,0.24356643855571747,,0.2626783847808838,,0.08000078797340393,,0.021518921479582787,0.046319056302309036,,,,,,,,,,,,,,
15,,48849,,,,,,,,,,0.0002162288874387741,,0.0003337929956614971,,0.22180533409118652,,0.27351075410842896,,0.07431022822856903,,0.024778876453638077,0.047950271517038345,,,,,,,,,,,,,,
15,,48859,,,,,,,,,,0.00010970048606395721,,0.00023610563948750496,,0.267457515001297,,0.234853595495224,,0.07459904253482819,,0.022950854152441025,0.04535533860325813,,,,,,,,,,,,,,
15,,48869,,,,,,,,,,0.00012579932808876038,,0.00027653109282255173,,0.2179025113582611,,0.2602071166038513,,0.07262115180492401,,0.018791066482663155,0.042471788823604584,,,,,,,,,,,,,,
15,,48879,,,,,,,,,,0.00011816434562206268,,0.00027417391538619995,,0.21979114413261414,,0.2676909267902374,,0.07923618704080582,,0.025172792375087738,0.04887289181351662,,,,,,,,,,,,,,
15,,48889,,,,,,,,,,0.00011952966451644897,,0.0002979305572807789,,0.22666782140731812,,0.25522148609161377,,0.06854153424501419,,0.01932537369430065,0.04197654873132706,,,,,,,,,,,,,,
15,,48899,,,,,,,,,,0.00011790357530117035,,0.00026791729032993317,,0.2066805213689804,,0.26993420720100403,,0.08866263926029205,,0.026179784908890724,0.05134769156575203,,,,,,,,,,,,,,
15,,48909,,,,,,,,,,0.00011426396667957306,,0.00023656291887164116,,0.24452818930149078,,0.25249651074409485,,0.0719936266541481,,0.02690848708152771,0.0483940988779068,,,,,,,,,,,,,,
15,,48919,,,,,,,,,,0.0001407228410243988,,0.0003031766973435879,,0.23309975862503052,,0.26853081583976746,,0.07683488726615906,,0.025158841162919998,0.04860755056142807,,,,,,,,,,,,,,
15,,48929,,,,,,,,,,0.00015784427523612976,,0.00027657952159643173,,0.2551219165325165,,0.2587113678455353,,0.08144339919090271,,0.026544582098722458,0.050309088081121445,,,,,,,,,,,,,,
15,,48939,,,,,,,,,,0.00013031810522079468,,0.0002688225358724594,,0.2438574731349945,,0.2528948187828064,,0.06918808817863464,,0.022647462785243988,0.04468230903148651,,,,,,,,,,,,,,
15,,48949,,,,,,,,,,0.00015722773969173431,,0.00028679100796580315,,0.2587812542915344,,0.2655143141746521,,0.06574635207653046,,0.017225926741957664,0.0407363623380661,,,,,,,,,,,,,,
15,,48959,,,,,,,,,,0.00015394389629364014,,0.00034476444125175476,,0.2781803607940674,,0.2430974245071411,,0.0751064270734787,,0.028174957260489464,0.04988209530711174,,,,,,,,,,,,,,
15,,48969,,,,,,,,,,0.00014168955385684967,,0.0003465069457888603,,0.22815346717834473,,0.25661253929138184,,0.07379566133022308,,0.022854851558804512,0.04569248482584953,,,,,,,,,,,,,,
15,,48979,,,,,,,,,,0.00016135722398757935,,0.00036401301622390747,,0.20913350582122803,,0.2610987424850464,,0.08661197125911713,,0.02450570836663246,0.04932204261422157,,,,,,,,,,,,,,
15,,48989,,,,,,,,,,0.0001169014722108841,,0.045533619821071625,,0.2787737548351288,,0.25801971554756165,,0.07918175309896469,,0.022116567939519882,0.04694050922989845,,,,,,,,,,,,,,
15,,48999,,,,,,,,,,0.00020121969282627106,,0.00037651509046554565,,0.29296788573265076,,0.229788675904274,,0.07114429026842117,,0.01830125041306019,0.041281379759311676,,,,,,,,,,,,,,
15,,49009,,,,,,,,,,0.00012510642409324646,,0.0003667464479804039,,0.25281229615211487,,0.2800023555755615,,0.07172452658414841,,0.024318084120750427,0.04778749868273735,,,,,,,,,,,,,,
15,,49019,,,,,,,,,,0.00017292797565460205,,0.0003507598303258419,,0.26090556383132935,,0.2532576620578766,,0.07725296914577484,,0.024436652660369873,0.04775417596101761,,,,,,,,,,,,,,
15,,49029,,,,,,,,,,0.0001616496592760086,,0.0003429194912314415,,0.2766225337982178,,0.2574693262577057,,0.07388702034950256,,0.024632254615426064,0.04765130952000618,,,,,,,,,,,,,,
15,,49039,,,,,,,,,,0.000158822163939476,,0.00027842819690704346,,0.29407259821891785,,0.27370885014533997,,0.08623065799474716,,0.030385347083210945,0.055247947573661804,,,,,,,,,,,,,,
15,,49049,,,,,,,,,,0.00010526925325393677,,0.00027382606640458107,,0.2731814384460449,,0.2592352628707886,,0.07467333227396011,,0.025531969964504242,0.04851595312356949,,,,,,,,,,,,,,
15,,49059,,,,,,,,,,0.00021664611995220184,,0.0002570287324488163,,0.28639841079711914,,0.24430830776691437,,0.07717441022396088,,0.03097180277109146,0.05252097174525261,,,,,,,,,,,,,,
15,,49069,,,,,,,,,,0.00011493265628814697,,0.00029444554820656776,,0.26813435554504395,,0.25502991676330566,,0.08148233592510223,,0.02603796496987343,0.04991627484560013,,,,,,,,,,,,,,
15,,49079,,,,,,,,,,0.0001710355281829834,,0.0002795513719320297,,0.21413910388946533,,0.27700215578079224,,0.07604734599590302,,0.024250291287899017,0.04795316606760025,,,,,,,,,,,,,,
15,,49089,,,,,,,,,,0.00016617588698863983,,0.0002539907582104206,,0.29166191816329956,,0.250847190618515,,0.06670215725898743,,0.02222656086087227,0.04436464607715607,,,,,,,,,,,,,,
15,,49099,,,,,,,,,,0.00011581368744373322,,0.00026820413768291473,,0.2346065640449524,,0.25748521089553833,,0.07849086821079254,,0.022395553067326546,0.046344805508852005,,,,,,,,,,,,,,
15,,49109,,,,,,,,,,0.0001408252865076065,,0.00021959422156214714,,0.2817293405532837,,0.2496662437915802,,0.08924660086631775,,0.02877020090818405,0.05332977697253227,,,,,,,,,,,,,,
15,,49119,,,,,,,,,,0.0001216549426317215,,0.0002452428452670574,,0.2543916702270508,,0.25945883989334106,,0.09106174111366272,,0.026387173682451248,0.05202125012874603,,,,,,,,,,,,,,
15,,49129,,,,,,,,,,0.00011129491031169891,,0.00023948494344949722,,0.2880866527557373,,0.2392483353614807,,0.05924917757511139,,0.018755853176116943,0.03977738693356514,,,,,,,,,,,,,,
15,,49139,,,,,,,,,,0.00011977553367614746,,0.00024147704243659973,,0.24287322163581848,,0.2540506422519684,,0.07346061617136002,,0.02782849781215191,0.04941289499402046,,,,,,,,,,,,,,
15,,49149,,,,,,,,,,8.043460547924042e-05,,0.00023248698562383652,,0.3270910680294037,,0.26860225200653076,,0.08120214939117432,,0.02514307200908661,0.050519611686468124,,,,,,,,,,,,,,
15,,49159,,,,,,,,,,0.00010850094258785248,,0.00025411322712898254,,0.26580488681793213,,0.2761878967285156,,0.0752033144235611,,0.03138747066259384,0.053716372698545456,,,,,,,,,,,,,,
15,,49169,,,,,,,,,,0.00011738203465938568,,0.00025596003979444504,,0.2507633864879608,,0.2719816565513611,,0.07461736351251602,,0.02454506605863571,0.048099908977746964,,,,,,,,,,,,,,
15,,49179,,,,,,,,,,0.00013404525816440582,,0.0002535944804549217,,0.23934391140937805,,0.2579640746116638,,0.08025059849023819,,0.025518804788589478,0.049095798283815384,,,,,,,,,,,,,,
15,,49189,,,,,,,,,,0.00011830031871795654,,0.00024306261911988258,,0.24106839299201965,,0.25847429037094116,,0.08722624182701111,,0.0321669839322567,0.05543549358844757,,,,,,,,,,,,,,
15,,49199,,,,,,,,,,0.00013709068298339844,,0.000237148255109787,,0.2261938750743866,,0.264157772064209,,0.0867559015750885,,0.030315132811665535,0.054050177335739136,,,,,,,,,,,,,,
15,,49209,,,,,,,,,,0.00012183934450149536,,0.0002839053049683571,,0.2329646646976471,,0.2598310708999634,,0.06491231918334961,,0.02080495096743107,0.042695753276348114,,,,,,,,,,,,,,
15,,49219,,,,,,,,,,0.00010050833225250244,,0.00025909626856446266,,0.2813490331172943,,0.24471476674079895,,0.07340557873249054,,0.022512827068567276,0.04542815312743187,,,,,,,,,,,,,,
15,,49229,,,,,,,,,,0.00010881014168262482,,0.0002589775249361992,,0.24543830752372742,,0.2624998688697815,,0.06983891129493713,,0.022424202412366867,0.0451057106256485,,,,,,,,,,,,,,
15,,49239,,,,,,,,,,0.0001668725162744522,,0.0003009703941643238,,0.228741854429245,,0.2763422727584839,,0.07887385785579681,,0.022994983941316605,0.04768184572458267,,,,,,,,,,,,,,
15,,49249,,,,,,,,,,0.00013810209929943085,,0.05697540566325188,,0.23572641611099243,,0.27646854519844055,,0.08810199797153473,,0.033016350120306015,0.05718425288796425,,,,,,,,,,,,,,
15,,49259,,,,,,,,,,0.0001460779458284378,,0.0002860776148736477,,0.27181169390678406,,0.2512151002883911,,0.07401325553655624,,0.02575162798166275,0.048164911568164825,,,,,,,,,,,,,,
15,,49269,,,,,,,,,,0.00011141225695610046,,0.0002756272442638874,,0.24977219104766846,,0.25790882110595703,,0.07943514734506607,,0.024686437100172043,0.04843812808394432,,,,,,,,,,,,,,
15,,49279,,,,,,,,,,0.00011732801795005798,,0.06350084394216537,,0.2561589479446411,,0.2540047764778137,,0.08282078802585602,,0.029850315302610397,0.0530240423977375,,,,,,,,,,,,,,
15,,49289,,,,,,,,,,0.00011876039206981659,,0.00030349334701895714,,0.22622549533843994,,0.253863662481308,,0.07492808997631073,,0.025741614401340485,0.04791884124279022,,,,,,,,,,,,,,
15,,49299,,,,,,,,,,0.00012010708451271057,,0.00030402280390262604,,0.25284895300865173,,0.25584515929222107,,0.08214409649372101,,0.02859300747513771,0.051816221326589584,,,,,,,,,,,,,,
15,,49309,,,,,,,,,,0.00014356151223182678,,0.00029429420828819275,,0.23807570338249207,,0.2528124749660492,,0.07885238528251648,,0.02634480968117714,0.049196939915418625,,,,,,,,,,,,,,
15,,49319,,,,,,,,,,0.00014819763600826263,,0.00032436614856123924,,0.23828604817390442,,0.26581746339797974,,0.08145106583833694,,0.02636701613664627,0.05031328648328781,,,,,,,,,,,,,,
15,,49329,,,,,,,,,,0.00013073347508907318,,0.00030164187774062157,,0.2294226735830307,,0.2530256509780884,,0.07293246686458588,,0.024459626525640488,0.04658103361725807,,,,,,,,,,,,,,
15,,49339,,,,,,,,,,0.00013872981071472168,,0.00029256753623485565,,0.24871739745140076,,0.25409555435180664,,0.08660738170146942,,0.027753902599215508,0.05189332738518715,,,,,,,,,,,,,,
15,,49349,,,,,,,,,,0.00015207938849925995,,0.00029646512120962143,,0.2869504690170288,,0.24331794679164886,,0.08558550477027893,,0.02412041462957859,0.048918746411800385,,,,,,,,,,,,,,
15,,49359,,,,,,,,,,0.00011956878006458282,,0.00030328985303640366,,0.2678930163383484,,0.2575681209564209,,0.07540383189916611,,0.02276693657040596,0.046438612043857574,,,,,,,,,,,,,,
15,,49369,,,,,,,,,,0.00012927129864692688,,0.00026718899607658386,,0.23556971549987793,,0.2712053060531616,,0.0699940025806427,,0.01929309219121933,0.04307842254638672,,,,,,,,,,,,,,
15,,49379,,,,,,,,,,9.527057409286499e-05,,0.00027629267424345016,,0.2842058539390564,,0.2675453722476959,,0.09759427607059479,,0.03216211497783661,0.058307357132434845,,,,,,,,,,,,,,
15,,49389,,,,,,,,,,0.00010597705841064453,,0.0003028120845556259,,0.19000011682510376,,0.27766183018684387,,0.096266970038414,,0.0374588780105114,0.06140213459730148,,,,,,,,,,,,,,
15,,49399,,,,,,,,,,0.00014440901577472687,,0.00029571400955319405,,0.20437994599342346,,0.2813730239868164,,0.08830401301383972,,0.02712148055434227,0.05249634012579918,,,,,,,,,,,,,,
15,,49409,,,,,,,,,,0.0001761503517627716,,0.0002950676716864109,,0.29662907123565674,,0.26316240429878235,,0.07015275210142136,,0.02507534623146057,0.04778467118740082,,,,,,,,,,,,,,
15,,49419,,,,,,,,,,0.00010702945291996002,,0.00032241130247712135,,0.23740330338478088,,0.272320955991745,,0.0687011182308197,,0.018816178664565086,0.04255211725831032,,,,,,,,,,,,,,
15,,49429,,,,,,,,,,0.00011477060616016388,,0.0003316206857562065,,0.27468249201774597,,0.26019978523254395,,0.07008317112922668,,0.018465863540768623,0.04241720587015152,,,,,,,,,,,,,,
15,,49439,,,,,,,,,,0.00012742355465888977,,0.0003288215957581997,,0.30431699752807617,,0.24096497893333435,,0.08310183882713318,,0.02883760631084442,0.0520850233733654,,,,,,,,,,,,,,
15,,49449,,,,,,,,,,0.00014767609536647797,,0.0003719748929142952,,0.20845094323158264,,0.25808995962142944,,0.08351306617259979,,0.025776075199246407,0.0495448037981987,,,,,,,,,,,,,,
15,,49459,,,,,,,,,,0.00011519715189933777,,0.0003174794837832451,,0.2815083861351013,,0.2807784676551819,,0.08309398591518402,,0.026796450838446617,0.052151624113321304,,,,,,,,,,,,,,
15,,49469,,,,,,,,,,0.00010675936937332153,,0.00030730199068784714,,0.26023054122924805,,0.2736099362373352,,0.062088120728731155,,0.016828611493110657,0.04014880210161209,,,,,,,,,,,,,,
15,,49479,,,,,,,,,,0.00015641003847122192,,0.00040283938869833946,,0.21874526143074036,,0.2659987211227417,,0.07422194629907608,,0.024291494861245155,0.047180160880088806,,,,,,,,,,,,,,
15,,49489,,,,,,,,,,0.00013668276369571686,,0.06975986063480377,,0.3377595543861389,,0.23924630880355835,,0.06932713091373444,,0.024838853627443314,0.047016724944114685,,,,,,,,,,,,,,
15,,49499,,,,,,,,,,0.00013488344848155975,,0.0003862106241285801,,0.25436097383499146,,0.26460251212120056,,0.07601892203092575,,0.025865862146019936,0.04905018210411072,,,,,,,,,,,,,,
15,,49509,,,,,,,,,,0.00019330158829689026,,0.0003975816071033478,,0.2912207543849945,,0.23722034692764282,,0.050424303859472275,,0.014032991603016853,0.03452148661017418,,,,,,,,,,,,,,
15,,49519,,,,,,,,,,0.0001347847282886505,,0.029701124876737595,,0.22598610818386078,,0.2714064121246338,,0.0785459578037262,,0.024650685489177704,0.04868483170866966,,,,,,,,,,,,,,
15,,49529,,,,,,,,,,0.00012907199561595917,,0.0003993348218500614,,0.23566661775112152,,0.25657138228416443,,0.09164531528949738,,0.028301235288381577,0.053212184458971024,,,,,,,,,,,,,,
15,,49539,,,,,,,,,,0.00012570060789585114,,0.00034618377685546875,,0.24944500625133514,,0.2720038890838623,,0.06907498836517334,,0.01866191066801548,0.042632874101400375,,,,,,,,,,,,,,
15,,49549,,,,,,,,,,0.0001816917210817337,,0.06251665949821472,,0.26040101051330566,,0.24604517221450806,,0.073784738779068,,0.024375680834054947,0.0468960776925087,,,,,,,,,,,,,,
15,,49559,,,,,,,,,,0.00016701221466064453,,0.00041365716606378555,,0.24835559725761414,,0.24434489011764526,,0.07475180923938751,,0.020431214943528175,0.0437154658138752,,,,,,,,,,,,,,
15,,49569,,,,,,,,,,0.00018698163330554962,,0.0003586956299841404,,0.24175015091896057,,0.2707502841949463,,0.06542795896530151,,0.022133708000183105,0.04440448433160782,,,,,,,,,,,,,,
15,,49579,,,,,,,,,,0.00012573786079883575,,0.0003795325756072998,,0.21393583714962006,,0.27713608741760254,,0.08467502892017365,,0.028033379465341568,0.05241341516375542,,,,,,,,,,,,,,
15,,49589,,,,,,,,,,0.00017389841377735138,,0.0003871391527354717,,0.2561454772949219,,0.2369842827320099,,0.07163306325674057,,0.02355654537677765,0.04522125422954559,,,,,,,,,,,,,,
15,,49599,,,,,,,,,,0.0001622084528207779,,0.00041065970435738564,,0.23643729090690613,,0.2722378075122833,,0.09804771840572357,,0.03004143387079239,0.05646202713251114,,,,,,,,,,,,,,
15,,49609,,,,,,,,,,0.00014803558588027954,,0.00041634170338511467,,0.2508559823036194,,0.24094806611537933,,0.09038619697093964,,0.021461982280015945,0.04729093611240387,,,,,,,,,,,,,,
15,,49619,,,,,,,,,,0.00014037080109119415,,0.0003936118446290493,,0.2808808386325836,,0.28468185663223267,,0.08608975261449814,,0.03472818061709404,0.058839622884988785,,,,,,,,,,,,,,
15,,49629,,,,,,,,,,0.0001486353576183319,,0.0004107053391635418,,0.2526211738586426,,0.2519218325614929,,0.0922270268201828,,0.026956643909215927,0.05229336768388748,,,,,,,,,,,,,,
15,,49639,,,,,,,,,,0.00018135271966457367,,0.00042785750702023506,,0.2992675304412842,,0.26319819688796997,,0.09531387686729431,,0.03721196949481964,0.06164122372865677,,,,,,,,,,,,,,
15,,49649,,,,,,,,,,0.0001416727900505066,,0.030821431428194046,,0.25093844532966614,,0.26749783754348755,,0.09109450876712799,,0.03619964420795441,0.05981460586190224,,,,,,,,,,,,,,
15,,49659,,,,,,,,,,0.00013749673962593079,,0.00048743467777967453,,0.23297369480133057,,0.2730851173400879,,0.08114166557788849,,0.02751561626791954,0.051395874470472336,,,,,,,,,,,,,,
15,,49669,,,,,,,,,,0.00019725970923900604,,0.0004108212888240814,,0.2866414189338684,,0.24757032096385956,,0.07975345849990845,,0.02275104634463787,0.04699381813406944,,,,,,,,,,,,,,
15,,49679,,,,,,,,,,0.00017399899661540985,,0.0005165576003491879,,0.21850641071796417,,0.24832135438919067,,0.09463243186473846,,0.03139970451593399,0.05550923943519592,,,,,,,,,,,,,,
15,,49689,,,,,,,,,,0.00013279728591442108,,0.00047999341040849686,,0.2538887858390808,,0.269378125667572,,0.07622481137514114,,0.021489135921001434,0.046024102717638016,,,,,,,,,,,,,,
15,,49699,,,,,,,,,,0.0001694653183221817,,0.0005379603244364262,,0.28725695610046387,,0.27065354585647583,,0.10647664964199066,,0.03253990411758423,0.060438934713602066,,,,,,,,,,,,,,
15,,49709,,,,,,,,,,0.0001364927738904953,,0.00045122765004634857,,0.2176063358783722,,0.26862633228302,,0.07005029916763306,,0.018882310017943382,0.04244988411664963,,,,,,,,,,,,,,
15,,49719,,,,,,,,,,0.00012105517089366913,,0.00047346530482172966,,0.23661628365516663,,0.2800877094268799,,0.07418732345104218,,0.02229304239153862,0.04654470458626747,,,,,,,,,,,,,,
15,,49729,,,,,,,,,,0.00016834773123264313,,0.0004091127775609493,,0.27779656648635864,,0.2743745446205139,,0.08502711355686188,,0.03149022161960602,0.055691905319690704,,,,,,,,,,,,,,
15,,49739,,,,,,,,,,0.00015499629080295563,,0.00040408410131931305,,0.2322937548160553,,0.2674644887447357,,0.07962252199649811,,0.022446969524025917,0.04703682288527489,,,,,,,,,,,,,,
15,,49749,,,,,,,,,,0.00011032819747924805,,0.0003892974928021431,,0.2594096064567566,,0.2699093818664551,,0.08139324188232422,,0.027027510106563568,0.0512375570833683,,,,,,,,,,,,,,
15,,49759,,,,,,,,,,0.00012692995369434357,,0.0003468561917543411,,0.31536173820495605,,0.2614213824272156,,0.07981067895889282,,0.030656687915325165,0.053921062499284744,,,,,,,,,,,,,,
15,,49769,,,,,,,,,,0.00016132928431034088,,0.0003387676551938057,,0.24224135279655457,,0.2522878050804138,,0.06897559016942978,,0.019362710416316986,0.04213111102581024,,,,,,,,,,,,,,
15,,49779,,,,,,,,,,0.00012393668293952942,,0.00036922143772244453,,0.29810822010040283,,0.27840885519981384,,0.07926556468009949,,0.026242520660161972,0.05110170692205429,,,,,,,,,,,,,,
15,,49789,,,,,,,,,,0.00010802596807479858,,0.0003477456048130989,,0.2478165179491043,,0.256216824054718,,0.07979416102170944,,0.019211258739233017,0.0442960262298584,,,,,,,,,,,,,,
15,,49799,,,,,,,,,,0.00011307932436466217,,0.0002930508926510811,,0.25118523836135864,,0.25161468982696533,,0.09365478903055191,,0.029882408678531647,0.05472439527511597,,,,,,,,,,,,,,
15,,49809,,,,,,,,,,0.00012195296585559845,,0.0003465251065790653,,0.24224478006362915,,0.25252020359039307,,0.07264764606952667,,0.019277747720479965,0.042766980826854706,,,,,,,,,,,,,,
15,,49819,,,,,,,,,,0.00011188909411430359,,0.00034597888588905334,,0.22691185772418976,,0.25751543045043945,,0.0707266628742218,,0.022524990141391754,0.044897209852933884,,,,,,,,,,,,,,
15,,49829,,,,,,,,,,0.00011216476559638977,,0.00031421007588505745,,0.2930447459220886,,0.2856559753417969,,0.08275791257619858,,0.029988233000040054,0.05484692007303238,,,,,,,,,,,,,,
15,,49839,,,,,,,,,,0.00013056397438049316,,0.0003194422461092472,,0.28163421154022217,,0.24626190960407257,,0.06416349858045578,,0.015952952206134796,0.03884981572628021,,,,,,,,,,,,,,
15,,49849,,,,,,,,,,0.0001391582190990448,,0.00032124295830726624,,0.2652450501918793,,0.2776324152946472,,0.09533129632472992,,0.03436107188463211,0.05978342145681381,,,,,,,,,,,,,,
15,,49859,,,,,,,,,,0.00014489702880382538,,0.00040380097925662994,,0.27272725105285645,,0.25568145513534546,,0.08054323494434357,,0.03268468379974365,0.054811131209135056,,,,,,,,,,,,,,
15,,49869,,,,,,,,,,0.0001830756664276123,,0.00036685261875391006,,0.2476228028535843,,0.2598842978477478,,0.07911692559719086,,0.02446877583861351,0.048282913863658905,,,,,,,,,,,,,,
15,,49879,,,,,,,,,,0.00016123615205287933,,0.0003145425580441952,,0.2855715751647949,,0.25053951144218445,,0.0614592470228672,,0.01883373036980629,0.04075047746300697,,,,,,,,,,,,,,
15,,49889,,,,,,,,,,0.00015966594219207764,,0.0003033345565199852,,0.2937208116054535,,0.2568405270576477,,0.08663350343704224,,0.02813875675201416,0.05284319818019867,,,,,,,,,,,,,,
15,,49899,,,,,,,,,,0.00017293356359004974,,0.0002611875534057617,,0.2591075897216797,,0.24818110466003418,,0.06831999868154526,,0.019620146602392197,0.042206212878227234,,,,,,,,,,,,,,
15,,49909,,,,,,,,,,0.0001230333000421524,,0.0002905838191509247,,0.24242755770683289,,0.27189022302627563,,0.08463254570960999,,0.02498607337474823,0.05020716413855553,,,,,,,,,,,,,,
15,,49919,,,,,,,,,,8.271820843219757e-05,,0.0002615177072584629,,0.2129862904548645,,0.2672092914581299,,0.07182452082633972,,0.02394147217273712,0.04645673930644989,,,,,,,,,,,,,,
15,,49929,,,,,,,,,,0.00017696619033813477,,0.0002556932158768177,,0.2306102067232132,,0.2686733603477478,,0.07585684955120087,,0.026805449277162552,0.04963677376508713,,,,,,,,,,,,,,
15,,49939,,,,,,,,,,0.00010161474347114563,,0.00022603152319788933,,0.22934287786483765,,0.2599378228187561,,0.06898410618305206,,0.02168646827340126,0.04408307000994682,,,,,,,,,,,,,,
15,,49949,,,,,,,,,,0.00010972283780574799,,0.000259635504335165,,0.23581603169441223,,0.2627330422401428,,0.07603587210178375,,0.027622325345873833,0.05006561428308487,,,,,,,,,,,,,,
15,,49959,,,,,,,,,,0.00010274909436702728,,0.0002853074111044407,,0.26481854915618896,,0.24845005571842194,,0.06659318506717682,,0.02267281711101532,0.04425198957324028,,,,,,,,,,,,,,
15,,49969,,,,,,,,,,0.0001377314329147339,,0.0002463185228407383,,0.22173193097114563,,0.27863502502441406,,0.06719889491796494,,0.023656781762838364,0.04601387307047844,,,,,,,,,,,,,,
15,,49979,,,,,,,,,,0.00010625272989273071,,0.06520214676856995,,0.27407610416412354,,0.25011318922042847,,0.07442565262317657,,0.02422487735748291,0.04726199433207512,,,,,,,,,,,,,,
15,,49989,,,,,,,,,,0.00011449120938777924,,0.0003056698478758335,,0.22099658846855164,,0.2699972689151764,,0.09799791127443314,,0.03609833866357803,0.06071009114384651,,,,,,,,,,,,,,
15,,49999,,,,,,,,,,0.00011277012526988983,,0.0003147530369460583,,0.24761006236076355,,0.25767916440963745,,0.07811576873064041,,0.02196398191154003,0.04611234739422798,,,,,,,,,,,,,,
15,,50009,,,,,,,,,,9.818561375141144e-05,,0.0002862820401787758,,0.2418169528245926,,0.2660316228866577,,0.07729292660951614,,0.019707392901182175,0.04458878934383392,,,,,,,,,,,,,,
15,,50019,,,,,,,,,,0.00014158524572849274,,0.0003507165238261223,,0.25246191024780273,,0.24672812223434448,,0.07941906899213791,,0.025771936401724815,0.04875698685646057,,,,,,,,,,,,,,
15,,50029,,,,,,,,,,0.00011891871690750122,,0.0003440501168370247,,0.24659407138824463,,0.2598436772823334,,0.0730680301785469,,0.025266261771321297,0.0477326437830925,,,,,,,,,,,,,,
15,,50039,,,,,,,,,,0.00016264431178569794,,0.0003250562585890293,,0.23233595490455627,,0.2578575611114502,,0.08553646504878998,,0.02895047515630722,0.05257461220026016,,,,,,,,,,,,,,
15,,50049,,,,,,,,,,0.0001427922397851944,,0.00035206228494644165,,0.22418197989463806,,0.2639961540699005,,0.07972206175327301,,0.02966342680156231,0.05221129581332207,,,,,,,,,,,,,,
15,,50059,,,,,,,,,,0.00013098865747451782,,0.0003406214527785778,,0.22097980976104736,,0.28575336933135986,,0.08232421427965164,,0.025074563920497894,0.05023936927318573,,,,,,,,,,,,,,
15,,50069,,,,,,,,,,0.00012040138244628906,,0.0003109085373580456,,0.22862255573272705,,0.26859045028686523,,0.0757124274969101,,0.024512019008398056,0.04786212742328644,,,,,,,,,,,,,,
15,,50079,,,,,,,,,,0.0001222323626279831,,0.00032256869599223137,,0.27126866579055786,,0.2417970597743988,,0.07677958905696869,,0.023478692397475243,0.04653075709939003,,,,,,,,,,,,,,
15,,50089,,,,,,,,,,0.00012233667075634003,,0.00034252414479851723,,0.2511672079563141,,0.28359222412109375,,0.08761629462242126,,0.027132729068398476,0.053028397262096405,,,,,,,,,,,,,,
15,,50099,,,,,,,,,,0.00011216290295124054,,0.00035938993096351624,,0.23356802761554718,,0.26606428623199463,,0.06560681760311127,,0.01848800666630268,0.0413874089717865,,,,,,,,,,,,,,
15,,50109,,,,,,,,,,0.00011042691767215729,,0.00035204971209168434,,0.25949978828430176,,0.2461368441581726,,0.07359909266233444,,0.021721232682466507,0.04468145594000816,,,,,,,,,,,,,,
15,,50119,,,,,,,,,,0.00012051500380039215,,0.00029801949858665466,,0.27595752477645874,,0.2507593631744385,,0.07457730919122696,,0.02299227938055992,0.04622792452573776,,,,,,,,,,,,,,
15,,50129,,,,,,,,,,0.00011717528104782104,,0.0002912902273237705,,0.32982373237609863,,0.2568894624710083,,0.09709648787975311,,0.0338708721101284,0.05953103303909302,,,,,,,,,,,,,,
15,,50139,,,,,,,,,,0.00011428259313106537,,0.0003285096026957035,,0.24920475482940674,,0.2533581852912903,,0.0733148604631424,,0.021934065967798233,0.04500565305352211,,,,,,,,,,,,,,
15,,50149,,,,,,,,,,0.0001538991928100586,,0.0003535449504852295,,0.21876516938209534,,0.27888208627700806,,0.06448613852262497,,0.018820028752088547,0.04185379296541214,,,,,,,,,,,,,,
15,,50159,,,,,,,,,,0.00012075155973434448,,0.0004062238149344921,,0.245872363448143,,0.2482585310935974,,0.09368252754211426,,0.033006660640239716,0.056854065507650375,,,,,,,,,,,,,,
15,,50169,,,,,,,,,,0.0001084357500076294,,0.00034688878804445267,,0.2702578604221344,,0.2608247995376587,,0.06796583533287048,,0.021594151854515076,0.044344376772642136,,,,,,,,,,,,,,
15,,50179,,,,,,,,,,0.00012157298624515533,,0.0003003501333296299,,0.23283809423446655,,0.25915324687957764,,0.08629538118839264,,0.025609564036130905,0.05027718469500542,,,,,,,,,,,,,,
15,,50189,,,,,,,,,,0.0001024436205625534,,0.0002814820036292076,,0.25702983140945435,,0.2508576512336731,,0.08774395287036896,,0.021581953391432762,0.047421954572200775,,,,,,,,,,,,,,
15,,50199,,,,,,,,,,0.00013419240713119507,,0.0002935519441962242,,0.22807171940803528,,0.2582995593547821,,0.08482334017753601,,0.023351190611720085,0.048211004585027695,,,,,,,,,,,,,,
15,,50209,,,,,,,,,,0.00011506304144859314,,0.0002643465995788574,,0.2907930314540863,,0.24222484230995178,,0.05575759336352348,,0.01555563509464264,0.03689316287636757,,,,,,,,,,,,,,
15,,50219,,,,,,,,,,0.00011528655886650085,,0.0003313906490802765,,0.2210165560245514,,0.2625795304775238,,0.09208264946937561,,0.02402918040752411,0.05019914731383324,,,,,,,,,,,,,,
15,,50229,,,,,,,,,,0.00012276321649551392,,0.00035622529685497284,,0.21857160329818726,,0.2668429911136627,,0.07902075350284576,,0.022295206785202026,0.046619962900877,,,,,,,,,,,,,,
15,,50239,,,,,,,,,,0.00012323632836341858,,0.0003047059290111065,,0.22710534930229187,,0.286403089761734,,0.06298591941595078,,0.021521657705307007,0.044049374759197235,,,,,,,,,,,,,,
15,,50249,,,,,,,,,,0.00013606436550617218,,0.0003152890130877495,,0.24757015705108643,,0.24549248814582825,,0.07394339144229889,,0.02463323436677456,0.046760424971580505,,,,,,,,,,,,,,
15,,50259,,,,,,,,,,0.00011051446199417114,,0.0002851509489119053,,0.252610445022583,,0.2588978409767151,,0.07526786625385284,,0.026807375252246857,0.04932732880115509,,,,,,,,,,,,,,
15,,50269,,,,,,,,,,0.00012641958892345428,,0.0003021121956408024,,0.25141456723213196,,0.2795145809650421,,0.07801607251167297,,0.02626926824450493,0.05039175599813461,,,,,,,,,,,,,,
15,,50279,,,,,,,,,,0.00010271742939949036,,0.0002621742896735668,,0.2577954828739166,,0.23311126232147217,,0.07249866425991058,,0.016720620915293694,0.04009273275732994,,,,,,,,,,,,,,
15,,50289,,,,,,,,,,0.00013919547200202942,,0.0002791397273540497,,0.231074720621109,,0.2695083022117615,,0.0690779983997345,,0.023854035884141922,0.04619595780968666,,,,,,,,,,,,,,
15,,50299,,,,,,,,,,8.262880146503448e-05,,0.07399772107601166,,0.21971693634986877,,0.28918221592903137,,0.08657056093215942,,0.031180448830127716,0.05597805976867676,,,,,,,,,,,,,,
15,,50309,,,,,,,,,,0.00012429803609848022,,0.0003006802871823311,,0.2242729663848877,,0.2610708773136139,,0.08329929411411285,,0.026010869070887566,0.050005845725536346,,,,,,,,,,,,,,
15,,50319,,,,,,,,,,8.832663297653198e-05,,0.0003423718735575676,,0.2849753797054291,,0.25403347611427307,,0.07634302973747253,,0.027372609823942184,0.05010445415973663,,,,,,,,,,,,,,
15,,50329,,,,,,,,,,0.0001291278749704361,,0.00028815167024731636,,0.21208195388317108,,0.3069014549255371,,0.09656572341918945,,0.02871519699692726,0.05652854964137077,,,,,,,,,,,,,,
15,,50339,,,,,,,,,,0.00011604279279708862,,0.0003200327046215534,,0.29762303829193115,,0.2667061686515808,,0.07479280978441238,,0.023780301213264465,0.047861211001873016,,,,,,,,,,,,,,
15,,50349,,,,,,,,,,0.00011009909212589264,,0.0660906583070755,,0.22843903303146362,,0.26189282536506653,,0.07284851372241974,,0.027123821899294853,0.0491609200835228,,,,,,,,,,,,,,
15,,50359,,,,,,,,,,0.0001441817730665207,,0.00033434806391596794,,0.2873407006263733,,0.2534773647785187,,0.06660383194684982,,0.018896086141467094,0.041920628398656845,,,,,,,,,,,,,,
15,,50369,,,,,,,,,,0.00012224912643432617,,0.00032611750066280365,,0.2923656702041626,,0.2771040201187134,,0.09850473701953888,,0.032177843153476715,0.059033893048763275,,,,,,,,,,,,,,
15,,50379,,,,,,,,,,0.0001286584883928299,,0.0003288635052740574,,0.34395790100097656,,0.24338102340698242,,0.07703755795955658,,0.03139287605881691,0.05344255268573761,,,,,,,,,,,,,,
15,,50389,,,,,,,,,,0.0001177377998828888,,0.00037246476858854294,,0.23935957252979279,,0.24828290939331055,,0.06393994390964508,,0.02116146869957447,0.04231460765004158,,,,,,,,,,,,,,
15,,50399,,,,,,,,,,0.0001395139843225479,,0.00036100205034017563,,0.28002217411994934,,0.266909122467041,,0.07088816165924072,,0.02240263670682907,0.04589875042438507,,,,,,,,,,,,,,
15,,50409,,,,,,,,,,0.00016386248171329498,,0.00040071876719594,,0.25265854597091675,,0.24973861873149872,,0.0753842443227768,,0.021658390760421753,0.04505797475576401,,,,,,,,,,,,,,
15,,50419,,,,,,,,,,0.00015134923160076141,,0.06276407837867737,,0.26447156071662903,,0.2591410279273987,,0.09991733729839325,,0.0334332212805748,0.05925438553094864,,,,,,,,,,,,,,
15,,50429,,,,,,,,,,0.00013419613242149353,,0.0004905592650175095,,0.2644808292388916,,0.2622424066066742,,0.0743468701839447,,0.021016178652644157,0.04510672017931938,,,,,,,,,,,,,,
15,,50439,,,,,,,,,,0.00015748292207717896,,0.0003982372581958771,,0.2711380124092102,,0.24311724305152893,,0.0712929368019104,,0.018872497603297234,0.042106881737709045,,,,,,,,,,,,,,
15,,50449,,,,,,,,,,0.00015501491725444794,,0.0003808154724538326,,0.23230963945388794,,0.2746224105358124,,0.08556127548217773,,0.028332851827144623,0.05290182679891586,,,,,,,,,,,,,,
15,,50459,,,,,,,,,,0.0001909937709569931,,0.00035842275246977806,,0.2951381206512451,,0.24384750425815582,,0.0796482190489769,,0.02335255965590477,0.047350212931632996,,,,,,,,,,,,,,
15,,50469,,,,,,,,,,0.00016519427299499512,,0.0003143264912068844,,0.24551711976528168,,0.24883195757865906,,0.08127294480800629,,0.02228812873363495,0.04650832340121269,,,,,,,,,,,,,,
15,,50479,,,,,,,,,,0.0001417268067598343,,0.039457328617572784,,0.24975097179412842,,0.2856449484825134,,0.08358865976333618,,0.027844024822115898,0.05300091207027435,,,,,,,,,,,,,,
15,,50489,,,,,,,,,,0.0001432429999113083,,0.00043150363489985466,,0.27036339044570923,,0.2707521319389343,,0.07411840558052063,,0.029865050688385963,0.05216992273926735,,,,,,,,,,,,,,
15,,50499,,,,,,,,,,0.000135054811835289,,0.00035763299092650414,,0.22387012839317322,,0.2695949077606201,,0.06485176086425781,,0.019732605665922165,0.04223135858774185,,,,,,,,,,,,,,
15,,50509,,,,,,,,,,0.00011988356709480286,,0.000438460148870945,,0.261150062084198,,0.2677157521247864,,0.0812465101480484,,0.02698359824717045,0.051094792783260345,,,,,,,,,,,,,,
15,,50519,,,,,,,,,,0.0001386646181344986,,0.00044653331860899925,,0.22667299211025238,,0.2716260552406311,,0.08108960092067719,,0.021951526403427124,0.04706964269280434,,,,,,,,,,,,,,
15,,50529,,,,,,,,,,0.00015683099627494812,,0.0004025828093290329,,0.2902064919471741,,0.25017857551574707,,0.0788828432559967,,0.023149289190769196,0.047293320298194885,,,,,,,,,,,,,,
15,,50539,,,,,,,,,,0.00018632598221302032,,0.0004806322976946831,,0.2015477418899536,,0.26822522282600403,,0.07162317633628845,,0.0231400728225708,0.045732054859399796,,,,,,,,,,,,,,
15,,50549,,,,,,,,,,0.00015176646411418915,,0.08223258703947067,,0.24695327877998352,,0.2826928198337555,,0.08162160217761993,,0.028197558596730232,0.0528513602912426,,,,,,,,,,,,,,
15,,50559,,,,,,,,,,0.0001430995762348175,,0.000447781290858984,,0.23950600624084473,,0.2591164708137512,,0.06254250556230545,,0.018539942800998688,0.040595803409814835,,,,,,,,,,,,,,
15,,50569,,,,,,,,,,0.00016425177454948425,,0.00035094283521175385,,0.19547107815742493,,0.26775652170181274,,0.07105553150177002,,0.019545933231711388,0.04283573105931282,,,,,,,,,,,,,,
15,,50579,,,,,,,,,,0.00019296817481517792,,0.00040378328412771225,,0.23924356698989868,,0.2554374039173126,,0.07756832242012024,,0.022051285952329636,0.045872315764427185,,,,,,,,,,,,,,
15,,50589,,,,,,,,,,0.00020366348326206207,,0.00038658222183585167,,0.2636680603027344,,0.23444479703903198,,0.08823495358228683,,0.01929939165711403,0.04511035606265068,,,,,,,,,,,,,,
15,,50599,,,,,,,,,,0.00017651356756687164,,0.0004051569849252701,,0.21713247895240784,,0.27753371000289917,,0.09030520915985107,,0.029631681740283966,0.05472458153963089,,,,,,,,,,,,,,
15,,50609,,,,,,,,,,0.00014165416359901428,,0.00040353043004870415,,0.2888852059841156,,0.27459684014320374,,0.08602184802293777,,0.027669230476021767,0.053152382373809814,,,,,,,,,,,,,,
15,,50619,,,,,,,,,,0.0001730937510728836,,0.0004175398498773575,,0.263092577457428,,0.2670973539352417,,0.09515918791294098,,0.030952688306570053,0.05667535960674286,,,,,,,,,,,,,,
15,,50629,,,,,,,,,,0.00020050257444381714,,0.0004488215781748295,,0.21171903610229492,,0.2593250274658203,,0.08446970582008362,,0.032138947397470474,0.0545940138399601,,,,,,,,,,,,,,
15,,50639,,,,,,,,,,0.00021548941731452942,,0.0004329322837293148,,0.22958782315254211,,0.26677370071411133,,0.07059330493211746,,0.021723588928580284,0.04473678767681122,,,,,,,,,,,,,,
15,,50649,,,,,,,,,,0.00023161061108112335,,0.0004257243126630783,,0.24687016010284424,,0.28417837619781494,,0.07253235578536987,,0.020722322165966034,0.04536792263388634,,,,,,,,,,,,,,
15,,50659,,,,,,,,,,0.00016483105719089508,,0.0004106387495994568,,0.2419012486934662,,0.24822844564914703,,0.0782075971364975,,0.02151758223772049,0.04528497904539108,,,,,,,,,,,,,,
15,,50669,,,,,,,,,,0.00028313323855400085,,0.00039165979251265526,,0.2552725672721863,,0.2634987235069275,,0.09554675221443176,,0.027503380551934242,0.053900040686130524,,,,,,,,,,,,,,
15,,50679,,,,,,,,,,0.00023270398378372192,,0.0004182090051472187,,0.27018773555755615,,0.2580823302268982,,0.08069738745689392,,0.025016576051712036,0.049170464277267456,,,,,,,,,,,,,,
15,,50689,,,,,,,,,,0.00020416080951690674,,0.0004171202890574932,,0.2423097938299179,,0.271115779876709,,0.0762217789888382,,0.024815978482365608,0.04846489429473877,,,,,,,,,,,,,,
15,,50699,,,,,,,,,,0.00021035224199295044,,0.00041454844176769257,,0.24153101444244385,,0.26353347301483154,,0.08684491366147995,,0.02346125617623329,0.04907629266381264,,,,,,,,,,,,,,
15,,50709,,,,,,,,,,0.0003328584134578705,,0.0004698578268289566,,0.23933759331703186,,0.26333191990852356,,0.0833338052034378,,0.02572443149983883,0.05008068308234215,,,,,,,,,,,,,,
15,,50719,,,,,,,,,,0.00019295886158943176,,0.00042585236951708794,,0.22098028659820557,,0.24373918771743774,,0.06428539752960205,,0.01794871687889099,0.03954098001122475,,,,,,,,,,,,,,
15,,50729,,,,,,,,,,0.00017973221838474274,,0.0003849593922495842,,0.23588092625141144,,0.2565773129463196,,0.08447349816560745,,0.028790218755602837,0.05223675072193146,,,,,,,,,,,,,,
15,,50739,,,,,,,,,,0.00023135729134082794,,0.0003861216828227043,,0.19999860227108002,,0.28025996685028076,,0.07849858701229095,,0.022151023149490356,0.04682540521025658,,,,,,,,,,,,,,
15,,50749,,,,,,,,,,0.0001762155443429947,,0.0004152590408921242,,0.29282867908477783,,0.2525523006916046,,0.08279408514499664,,0.03283706307411194,0.05543654412031174,,,,,,,,,,,,,,
15,,50759,,,,,,,,,,0.00016535073518753052,,0.0004009162075817585,,0.2626553475856781,,0.25760048627853394,,0.06575463712215424,,0.019701432436704636,0.04226969927549362,,,,,,,,,,,,,,
15,,50769,,,,,,,,,,0.0001307893544435501,,0.00037463149055838585,,0.30580252408981323,,0.25743648409843445,,0.09137649834156036,,0.03608550876379013,0.05986399203538895,,,,,,,,,,,,,,
15,,50779,,,,,,,,,,0.00017964094877243042,,0.00036409543827176094,,0.22790288925170898,,0.26148927211761475,,0.07592491805553436,,0.021456196904182434,0.04526836797595024,,,,,,,,,,,,,,
15,,50789,,,,,,,,,,0.00013505667448043823,,0.00036522839218378067,,0.23509779572486877,,0.2564868927001953,,0.08406439423561096,,0.02558603323996067,0.04974278807640076,,,,,,,,,,,,,,
15,,50799,,,,,,,,,,0.0001390371471643448,,0.00034904060885310173,,0.25941795110702515,,0.24849927425384521,,0.08235769718885422,,0.029890339821577072,0.05256223678588867,,,,,,,,,,,,,,
15,,50809,,,,,,,,,,0.00015460141003131866,,0.0003370651975274086,,0.2362729012966156,,0.27647310495376587,,0.07691711187362671,,0.024276692420244217,0.04837088659405708,,,,,,,,,,,,,,
15,,50819,,,,,,,,,,0.0001404639333486557,,0.00037896446883678436,,0.2381395697593689,,0.2756793200969696,,0.07826873660087585,,0.026136871427297592,0.05000462755560875,,,,,,,,,,,,,,
15,,50829,,,,,,,,,,0.00015996955335140228,,0.00040242355316877365,,0.3142593801021576,,0.27378523349761963,,0.07445599138736725,,0.021296048536896706,0.04646158218383789,,,,,,,,,,,,,,
15,,50839,,,,,,,,,,0.00020210444927215576,,0.00038091372698545456,,0.25065237283706665,,0.25835704803466797,,0.08186877518892288,,0.023878831416368484,0.04832039773464203,,,,,,,,,,,,,,
15,,50849,,,,,,,,,,0.0001303981989622116,,0.00038862787187099457,,0.2557166814804077,,0.29732075333595276,,0.07802604138851166,,0.023197276517748833,0.048974622040987015,,,,,,,,,,,,,,
15,,50859,,,,,,,,,,0.00014802627265453339,,0.00039529474452137947,,0.23582527041435242,,0.24921369552612305,,0.08548584580421448,,0.024577997624874115,0.04892077296972275,,,,,,,,,,,,,,
15,,50869,,,,,,,,,,0.00017382577061653137,,0.0003438461571931839,,0.24791210889816284,,0.26291775703430176,,0.05895130708813667,,0.017300497740507126,0.03926895558834076,,,,,,,,,,,,,,
15,,50879,,,,,,,,,,0.00018230080604553223,,0.0003615794703364372,,0.2566520571708679,,0.25429219007492065,,0.07108771055936813,,0.02209283784031868,0.044838301837444305,,,,,,,,,,,,,,
15,,50889,,,,,,,,,,0.00019255280494689941,,0.00039454642683267593,,0.26621222496032715,,0.26783066987991333,,0.08830476552248001,,0.03321053832769394,0.05715453252196312,,,,,,,,,,,,,,
15,,50899,,,,,,,,,,0.00016843155026435852,,0.00041027599945664406,,0.23188777267932892,,0.2789871096611023,,0.07447269558906555,,0.025697819888591766,0.049045246094465256,,,,,,,,,,,,,,
15,,50909,,,,,,,,,,0.0002842806279659271,,0.0003895685076713562,,0.2772744297981262,,0.2362092286348343,,0.07567685842514038,,0.019463514909148216,0.04312054440379143,,,,,,,,,,,,,,
15,,50919,,,,,,,,,,0.00021099485456943512,,0.00043038465082645416,,0.2927718758583069,,0.25941258668899536,,0.07718554884195328,,0.024682454764842987,0.04858829453587532,,,,,,,,,,,,,,
15,,50929,,,,,,,,,,0.00017498619854450226,,0.0003941422328352928,,0.3196454644203186,,0.25874438881874084,,0.07907887548208237,,0.026288354769349098,0.050431638956069946,,,,,,,,,,,,,,
15,,50939,,,,,,,,,,0.0001421663910150528,,0.0002893800847232342,,0.2300388664007187,,0.29104116559028625,,0.08807704597711563,,0.030289247632026672,0.05558422580361366,,,,,,,,,,,,,,
15,,50949,,,,,,,,,,0.00015142187476158142,,0.00029088230803608894,,0.18178987503051758,,0.28661680221557617,,0.09067636728286743,,0.02714734710752964,0.05294172838330269,,,,,,,,,,,,,,
15,,50959,,,,,,,,,,0.00016544759273529053,,0.0002976730465888977,,0.27405720949172974,,0.2730555236339569,,0.09211805462837219,,0.031263317912817,0.056745558977127075,,,,,,,,,,,,,,
15,,50969,,,,,,,,,,0.0001337788999080658,,0.0002989917993545532,,0.2641732692718506,,0.27290743589401245,,0.08305063098669052,,0.02531788870692253,0.0504620224237442,,,,,,,,,,,,,,
15,,50979,,,,,,,,,,0.00011937133967876434,,0.0003123283386230469,,0.1981058418750763,,0.2543695271015167,,0.067742720246315,,0.01835501566529274,0.04072409123182297,,,,,,,,,,,,,,
15,,50989,,,,,,,,,,0.00014328770339488983,,0.0002722153440117836,,0.2453438937664032,,0.25474393367767334,,0.07620013505220413,,0.023704763501882553,0.04689469933509827,,,,,,,,,,,,,,
15,,50999,,,,,,,,,,0.00016194768249988556,,0.0003052479587495327,,0.32926177978515625,,0.25302454829216003,,0.07578354328870773,,0.026245534420013428,0.049625758081674576,,,,,,,,,,,,,,
15,,51009,,,,,,,,,,0.00020726583898067474,,0.0003276681527495384,,0.2243639975786209,,0.2718817889690399,,0.0835130363702774,,0.02955056168138981,0.053209442645311356,,,,,,,,,,,,,,
15,,51019,,,,,,,,,,0.00013529323041439056,,0.00035664578899741173,,0.26796820759773254,,0.2816403806209564,,0.08032725751399994,,0.030337408185005188,0.05417093262076378,,,,,,,,,,,,,,
15,,51029,,,,,,,,,,0.00018065981566905975,,0.00037484848871827126,,0.28164032101631165,,0.24153855443000793,,0.05089341476559639,,0.013912336900830269,0.03460904210805893,,,,,,,,,,,,,,
15,,51039,,,,,,,,,,0.0001870039850473404,,0.0004116264171898365,,0.27883926033973694,,0.2478441596031189,,0.07022777199745178,,0.017716817557811737,0.04135210067033768,,,,,,,,,,,,,,
15,,51049,,,,,,,,,,0.00016796588897705078,,0.00040793977677822113,,0.1991891711950302,,0.26570695638656616,,0.07472909241914749,,0.018889296799898148,0.042979754507541656,,,,,,,,,,,,,,
15,,51059,,,,,,,,,,0.00028312765061855316,,0.0003706710413098335,,0.27361103892326355,,0.24911460280418396,,0.06934869289398193,,0.019302546977996826,0.04237505421042442,,,,,,,,,,,,,,
15,,51069,,,,,,,,,,0.00017960742115974426,,0.0004291301593184471,,0.2342296987771988,,0.2519766688346863,,0.08094869554042816,,0.02277624048292637,0.04682916775345802,,,,,,,,,,,,,,
15,,51079,,,,,,,,,,0.00017212331295013428,,0.00039321836084127426,,0.3343510031700134,,0.24868035316467285,,0.08396376669406891,,0.027159713208675385,0.05170195922255516,,,,,,,,,,,,,,
15,,51089,,,,,,,,,,0.00017746910452842712,,0.0003371024504303932,,0.23507912456989288,,0.2595595121383667,,0.07777266949415207,,0.030095454305410385,0.05208948999643326,,,,,,,,,,,,,,
15,,51099,,,,,,,,,,0.00022627972066402435,,0.0003419257700443268,,0.2670413851737976,,0.23788022994995117,,0.07825461775064468,,0.02070324309170246,0.04449223354458809,,,,,,,,,,,,,,
15,,51109,,,,,,,,,,0.00014941580593585968,,0.0003024567849934101,,0.2501887381076813,,0.2574705481529236,,0.08825661242008209,,0.024260764941573143,0.049757666885852814,,,,,,,,,,,,,,
15,,51119,,,,,,,,,,0.0001291334629058838,,0.00027190521359443665,,0.2659294009208679,,0.25077566504478455,,0.09265822917222977,,0.029560724273324013,0.05442960932850838,,,,,,,,,,,,,,
15,,51129,,,,,,,,,,0.0001361072063446045,,0.00026571378111839294,,0.23425477743148804,,0.2502553462982178,,0.06552427262067795,,0.0183120034635067,0.04050646722316742,,,,,,,,,,,,,,
15,,51139,,,,,,,,,,0.00019550509750843048,,0.00030102767050266266,,0.2225838601589203,,0.27935782074928284,,0.0958922728896141,,0.03159371763467789,0.057393431663513184,,,,,,,,,,,,,,
15,,51149,,,,,,,,,,0.00017009302973747253,,0.000284477137029171,,0.2513478100299835,,0.26839810609817505,,0.07893205434083939,,0.027392202988266945,0.0508839376270771,,,,,,,,,,,,,,
15,,51159,,,,,,,,,,0.00015565566718578339,,0.0003141178749501705,,0.22277234494686127,,0.2596457600593567,,0.08166272193193436,,0.02407350018620491,0.04816119000315666,,,,,,,,,,,,,,
15,,51169,,,,,,,,,,0.0001270882785320282,,0.0002750856801867485,,0.23673409223556519,,0.268599271774292,,0.08081451803445816,,0.025502188131213188,0.04965720325708389,,,,,,,,,,,,,,
15,,51179,,,,,,,,,,0.00016292184591293335,,0.0002975952811539173,,0.22247368097305298,,0.2683101296424866,,0.07520844042301178,,0.0162353515625,0.04147336259484291,,,,,,,,,,,,,,
15,,51189,,,,,,,,,,0.00013604573905467987,,0.0002986169420182705,,0.24835947155952454,,0.2665923237800598,,0.0752706453204155,,0.023529455065727234,0.04717980697751045,,,,,,,,,,,,,,
15,,51199,,,,,,,,,,0.00013555027544498444,,0.000309821218252182,,0.2303517609834671,,0.27498602867126465,,0.0746118575334549,,0.024213183671236038,0.04775168374180794,,,,,,,,,,,,,,
15,,51209,,,,,,,,,,0.00013127364218235016,,0.0002781846560537815,,0.23838739097118378,,0.26043081283569336,,0.09316445887088776,,0.027457905933260918,0.053076934069395065,,,,,,,,,,,,,,
15,,51219,,,,,,,,,,0.00012968853116035461,,0.0002683592028915882,,0.2757832407951355,,0.2653158903121948,,0.08252821862697601,,0.021013395860791206,0.04691494256258011,,,,,,,,,,,,,,
15,,51229,,,,,,,,,,0.0002172626554965973,,0.00029999949038028717,,0.26783570647239685,,0.250698447227478,,0.08759380877017975,,0.02411416545510292,0.04941275715827942,,,,,,,,,,,,,,
15,,51239,,,,,,,,,,0.0001519434154033661,,0.0002727638930082321,,0.20887182652950287,,0.2615188956260681,,0.0801294595003128,,0.025804951786994934,0.049097299575805664,,,,,,,,,,,,,,
15,,51249,,,,,,,,,,0.00016439519822597504,,0.00037305615842342377,,0.28189024329185486,,0.25145959854125977,,0.07781795412302017,,0.02459581196308136,0.04814126342535019,,,,,,,,,,,,,,
15,,51259,,,,,,,,,,0.0001254100352525711,,0.0003758273087441921,,0.26938626170158386,,0.2667160630226135,,0.06915710866451263,,0.02356046438217163,0.04630899056792259,,,,,,,,,,,,,,
15,,51269,,,,,,,,,,0.00013760104775428772,,0.0003530392423272133,,0.2535240054130554,,0.265301913022995,,0.06485030055046082,,0.019943969324231148,0.0425359383225441,,,,,,,,,,,,,,
15,,51279,,,,,,,,,,0.0001492667943239212,,0.056451939046382904,,0.24455903470516205,,0.26331502199172974,,0.08050943911075592,,0.02992107719182968,0.05292356386780739,,,,,,,,,,,,,,
15,,51289,,,,,,,,,,0.0001732315868139267,,0.0002942322753369808,,0.2372439056634903,,0.2608969807624817,,0.07702553272247314,,0.022016296163201332,0.04597647115588188,,,,,,,,,,,,,,
15,,51299,,,,,,,,,,0.00014602579176425934,,0.0002752118743956089,,0.21654349565505981,,0.2796555757522583,,0.08597308397293091,,0.023485753685235977,0.04939371719956398,,,,,,,,,,,,,,
15,,51309,,,,,,,,,,0.00011255219578742981,,0.0003100922331213951,,0.22929736971855164,,0.2623157203197479,,0.08505286276340485,,0.0320143923163414,0.05495574325323105,,,,,,,,,,,,,,
15,,51319,,,,,,,,,,0.00015447475016117096,,0.0003147907555103302,,0.28306132555007935,,0.24969306588172913,,0.07341249287128448,,0.02438957616686821,0.0470910482108593,,,,,,,,,,,,,,
15,,51329,,,,,,,,,,0.00011246278882026672,,0.00031223054975271225,,0.26917070150375366,,0.2555006742477417,,0.07075748592615128,,0.02398500218987465,0.04639904573559761,,,,,,,,,,,,,,
15,,51339,,,,,,,,,,0.0002246163785457611,,0.00033159274607896805,,0.22979378700256348,,0.2555587887763977,,0.07360183447599411,,0.023173492401838303,0.0458650104701519,,,,,,,,,,,,,,
15,,51349,,,,,,,,,,9.883195161819458e-05,,0.0002992134541273117,,0.2380543053150177,,0.2733886241912842,,0.07605258375406265,,0.020500004291534424,0.045251648873090744,,,,,,,,,,,,,,
15,,51359,,,,,,,,,,0.0001387856900691986,,0.0003238390199840069,,0.21275006234645844,,0.27179402112960815,,0.09092231094837189,,0.025005940347909927,0.05104941502213478,,,,,,,,,,,,,,
15,,51369,,,,,,,,,,0.0001333095133304596,,0.0003313012421131134,,0.2273758351802826,,0.26874059438705444,,0.08040991425514221,,0.022881770506501198,0.04751262813806534,,,,,,,,,,,,,,
15,,51379,,,,,,,,,,0.00012259557843208313,,0.0002919388934969902,,0.23935261368751526,,0.26161614060401917,,0.0650511234998703,,0.019002968445420265,0.04152856767177582,,,,,,,,,,,,,,
15,,51389,,,,,,,,,,0.00011876784265041351,,0.00026089372113347054,,0.2102256417274475,,0.2711263597011566,,0.07232432067394257,,0.023613018915057182,0.04645540192723274,,,,,,,,,,,,,,
15,,51399,,,,,,,,,,0.00016551464796066284,,0.028445102274417877,,0.23265781998634338,,0.2693020701408386,,0.06450088322162628,,0.026221171021461487,0.047204770147800446,,,,,,,,,,,,,,
15,,51409,,,,,,,,,,0.00012110359966754913,,0.00026058079674839973,,0.24332189559936523,,0.2647896409034729,,0.08293303102254868,,0.030845817178487778,0.053961776196956635,,,,,,,,,,,,,,
15,,51419,,,,,,,,,,0.0001599583774805069,,0.0002902173437178135,,0.2304275929927826,,0.290380597114563,,0.09711887687444687,,0.03221861645579338,0.058700963854789734,,,,,,,,,,,,,,
15,,51429,,,,,,,,,,0.0001434367150068283,,0.00034419354051351547,,0.25999975204467773,,0.27318984270095825,,0.08262065052986145,,0.029332885518670082,0.05335782468318939,,,,,,,,,,,,,,
15,,51439,,,,,,,,,,0.0001926962286233902,,0.00038818642497062683,,0.2622218132019043,,0.2423219382762909,,0.05513133108615875,,0.014913268387317657,0.035963889211416245,,,,,,,,,,,,,,
15,,51449,,,,,,,,,,0.0001730751246213913,,0.0003350363112986088,,0.23434793949127197,,0.2482859492301941,,0.07939920574426651,,0.026747478172183037,0.04934578388929367,,,,,,,,,,,,,,
15,,51459,,,,,,,,,,0.0001819320023059845,,0.00032164761796593666,,0.3355368375778198,,0.24850690364837646,,0.0810251235961914,,0.020792905241250992,0.046380121260881424,,,,,,,,,,,,,,
15,,51469,,,,,,,,,,0.000164814293384552,,0.0003615524619817734,,0.23223400115966797,,0.2611533999443054,,0.08161088824272156,,0.023952826857566833,0.048242680728435516,,,,,,,,,,,,,,
15,,51479,,,,,,,,,,0.0001270826905965805,,0.0003704577684402466,,0.2575143277645111,,0.2674803137779236,,0.06983902305364609,,0.023794472217559814,0.046509090811014175,,,,,,,,,,,,,,
15,,51489,,,,,,,,,,0.0001305118203163147,,0.00030950456857681274,,0.24330537021160126,,0.2736894190311432,,0.0792752131819725,,0.027372799813747406,0.05108760669827461,,,,,,,,,,,,,,
15,,51499,,,,,,,,,,0.00012084841728210449,,0.0003361133858561516,,0.2640993297100067,,0.2433563470840454,,0.07827454805374146,,0.02269471436738968,0.04621211439371109,,,,,,,,,,,,,,
15,,51509,,,,,,,,,,0.00022420845925807953,,0.0003143460489809513,,0.25203222036361694,,0.267623633146286,,0.06772936880588531,,0.020859885960817337,0.04385432228446007,,,,,,,,,,,,,,
15,,51519,,,,,,,,,,0.00014496222138404846,,0.0003185514360666275,,0.2798756957054138,,0.2719959020614624,,0.09070588648319244,,0.04083473980426788,0.06367959827184677,,,,,,,,,,,,,,
15,,51529,,,,,,,,,,0.0001583453267812729,,0.00030691269785165787,,0.23703648149967194,,0.26489824056625366,,0.08794614672660828,,0.023383233696222305,0.04923523962497711,,,,,,,,,,,,,,
15,,51539,,,,,,,,,,0.00013903342187404633,,0.0003413441590964794,,0.19816696643829346,,0.26940101385116577,,0.08310989290475845,,0.026189379394054413,0.05018893629312515,,,,,,,,,,,,,,
15,,51549,,,,,,,,,,0.00014951825141906738,,0.0002963803708553314,,0.28377681970596313,,0.27733463048934937,,0.08025861531496048,,0.031024795025587082,0.054656982421875,,,,,,,,,,,,,,
15,,51559,,,,,,,,,,0.00015663541853427887,,0.07356125116348267,,0.29259589314460754,,0.24719782173633575,,0.08818765729665756,,0.02736009657382965,0.05229990929365158,,,,,,,,,,,,,,
15,,51569,,,,,,,,,,0.00012414902448654175,,0.046765394508838654,,0.2418847680091858,,0.2779126763343811,,0.09296485781669617,,0.028533795848488808,0.054843492805957794,,,,,,,,,,,,,,
15,,51579,,,,,,,,,,0.00017045624554157257,,0.00034873513504862785,,0.3073362708091736,,0.2742766737937927,,0.08906516432762146,,0.032283440232276917,0.05738576874136925,,,,,,,,,,,,,,
15,,51589,,,,,,,,,,0.00013386830687522888,,0.0003349040634930134,,0.24724605679512024,,0.25386694073677063,,0.065020352602005,,0.016396693885326385,0.039296939969062805,,,,,,,,,,,,,,
15,,51599,,,,,,,,,,0.00017216242849826813,,0.00036921538412570953,,0.23973645269870758,,0.257907509803772,,0.07155698537826538,,0.024744708091020584,0.046886950731277466,,,,,,,,,,,,,,
15,,51609,,,,,,,,,,0.0001194104552268982,,0.00027297157794237137,,0.25538313388824463,,0.2472485899925232,,0.07005012035369873,,0.021693821996450424,0.04399894177913666,,,,,,,,,,,,,,
15,,51619,,,,,,,,,,0.00013638846576213837,,0.0003220965154469013,,0.26802921295166016,,0.2521314024925232,,0.07184360176324844,,0.02430051751434803,0.04666813090443611,,,,,,,,,,,,,,
15,,51629,,,,,,,,,,0.00015799514949321747,,0.00035076914355158806,,0.25654491782188416,,0.2510186433792114,,0.07872095704078674,,0.026012783870100975,0.04905577376484871,,,,,,,,,,,,,,
15,,51639,,,,,,,,,,0.0001349281519651413,,0.0003541889600455761,,0.31335997581481934,,0.26253795623779297,,0.08698064088821411,,0.03781801089644432,0.06066697835922241,,,,,,,,,,,,,,
15,,51649,,,,,,,,,,0.00012813881039619446,,0.00035848189145326614,,0.3020578622817993,,0.2550160884857178,,0.06582580506801605,,0.018787872046232224,0.04193824529647827,,,,,,,,,,,,,,
15,,51659,,,,,,,,,,0.00013691186904907227,,0.0003152722492814064,,0.2430627942085266,,0.24285349249839783,,0.07454302906990051,,0.021445367485284805,0.04430483281612396,,,,,,,,,,,,,,
15,,51669,,,,,,,,,,0.00019281171262264252,,0.0003647659905254841,,0.2505314350128174,,0.2544432282447815,,0.08233445137739182,,0.02190238982439041,0.04674006253480911,,,,,,,,,,,,,,
15,,51679,,,,,,,,,,0.00015691109001636505,,0.0003069923259317875,,0.2637842893600464,,0.2567880153656006,,0.0870375707745552,,0.028056111186742783,0.05250362306833267,,,,,,,,,,,,,,
15,,51689,,,,,,,,,,0.0001602526754140854,,0.00031289318576455116,,0.25449085235595703,,0.25279873609542847,,0.07809702306985855,,0.02623368427157402,0.04916375130414963,,,,,,,,,,,,,,
15,,51699,,,,,,,,,,0.00018303096294403076,,0.00032228976488113403,,0.2639983296394348,,0.2671869397163391,,0.06054570525884628,,0.017078585922718048,0.03979017212986946,,,,,,,,,,,,,,
15,,51709,,,,,,,,,,0.00016641803085803986,,0.06150394678115845,,0.2371574342250824,,0.24866190552711487,,0.05871281027793884,,0.020399043336510658,0.04093345254659653,,,,,,,,,,,,,,
15,,51719,,,,,,,,,,0.00012061744928359985,,0.0002891817130148411,,0.23830795288085938,,0.27690964937210083,,0.07237951457500458,,0.020944396033883095,0.045064207166433334,,,,,,,,,,,,,,
15,,51729,,,,,,,,,,0.00018350966274738312,,0.0681881308555603,,0.2431459128856659,,0.2562147080898285,,0.09259016811847687,,0.0324043333530426,0.05673709884285927,,,,,,,,,,,,,,
15,,51739,,,,,,,,,,0.0001831240952014923,,0.0003365296870470047,,0.26575979590415955,,0.268942654132843,,0.07406497001647949,,0.024516776204109192,0.048008669167757034,,,,,,,,,,,,,,
15,,51749,,,,,,,,,,0.00015939399600028992,,0.0003161979839205742,,0.21145126223564148,,0.26477864384651184,,0.07878535985946655,,0.024617332965135574,0.04813748970627785,,,,,,,,,,,,,,
15,,51759,,,,,,,,,,0.00022336840629577637,,0.0004794481210410595,,0.20726844668388367,,0.25422003865242004,,0.07402817904949188,,0.022708725184202194,0.04526994004845619,,,,,,,,,,,,,,
15,,51769,,,,,,,,,,0.00017745047807693481,,0.0003076973371207714,,0.2718534469604492,,0.24405021965503693,,0.07371778041124344,,0.03215969726443291,0.052581362426280975,,,,,,,,,,,,,,
15,,51779,,,,,,,,,,0.00014802813529968262,,0.00032203691080212593,,0.23894980549812317,,0.26024481654167175,,0.09583044797182083,,0.029519999399781227,0.05512188374996185,,,,,,,,,,,,,,
15,,51789,,,,,,,,,,0.0001247357577085495,,0.0003106086514890194,,0.25542762875556946,,0.258772075176239,,0.07264100015163422,,0.020543430000543594,0.04416278004646301,,,,,,,,,,,,,,
15,,51799,,,,,,,,,,0.00018095597624778748,,0.0002896450459957123,,0.24079808592796326,,0.26962465047836304,,0.09150677174329758,,0.031154701486229897,0.055998705327510834,,,,,,,,,,,,,,
15,,51809,,,,,,,,,,0.0001882985234260559,,0.0003097290173172951,,0.3323763608932495,,0.2563222646713257,,0.08623848855495453,,0.031016794964671135,0.05535701662302017,,,,,,,,,,,,,,
15,,51819,,,,,,,,,,0.00018977560102939606,,0.0003047371283173561,,0.28019046783447266,,0.23685503005981445,,0.05871984362602234,,0.01527380757033825,0.03686141595244408,,,,,,,,,,,,,,
15,,51829,,,,,,,,,,0.00015777722001075745,,0.0002803392708301544,,0.26829683780670166,,0.26883870363235474,,0.08089827746152878,,0.027099698781967163,0.0512525700032711,,,,,,,,,,,,,,
15,,51839,,,,,,,,,,0.00016778978169895709,,0.00031069666147232056,,0.23233303427696228,,0.25251269340515137,,0.07103464007377625,,0.02149953879415989,0.04401461035013199,,,,,,,,,,,,,,
15,,51839,,,,,,,,,,,,,,,,,,,,,,0.9830102920532227,0.9992310404777527,0.9992791414260864,0.9378580451011658,0.9060271382331848,0.9719533920288086,0.9912134408950806,0.0542776957154274,0.007496294099837542,0.005333964712917805,0.2501068413257599,0.26622405648231506,0.08984758704900742,0.02931562252342701
15,,51839,0.9835889339447021,0.9997926354408264,0.9995840191841125,0.939001739025116,0.9064151644706726,0.9730690717697144,0.9916612505912781,0.0487246960401535,0.0023127717431634665,,0.0037447712384164333,,0.24865713715553284,,0.2633535861968994,,0.07849333435297012,,0.024965284392237663,,,,,,,,,,,,,,,,
,2.86474508437579e-05,51840,,,,,,,,,,,,,,,,,,,,,,,,,,,,,,,,,,,
16,,51849,,,,,,,,,,0.0001655425876379013,,0.0003339671529829502,,0.24743400514125824,,0.24840319156646729,,0.06825427711009979,,0.02167319506406784,0.043607838451862335,,,,,,,,,,,,,,
16,,51859,,,,,,,,,,0.0001767463982105255,,0.00027227122336626053,,0.21892225742340088,,0.2627851963043213,,0.07588721811771393,,0.023331020027399063,0.04662298038601875,,,,,,,,,,,,,,
16,,51869,,,,,,,,,,0.00014926865696907043,,0.00029240455478429794,,0.27644309401512146,,0.24913007020950317,,0.06684024631977081,,0.019114868715405464,0.04179740697145462,,,,,,,,,,,,,,
16,,51879,,,,,,,,,,0.00015637651085853577,,0.00027079228311777115,,0.2195565402507782,,0.2658471465110779,,0.07759788632392883,,0.02375902235507965,0.04741586744785309,,,,,,,,,,,,,,
16,,51889,,,,,,,,,,0.00014740414917469025,,0.00027492083609104156,,0.2467292845249176,,0.2548617720603943,,0.07568883895874023,,0.023618988692760468,0.046756234019994736,,,,,,,,,,,,,,
16,,51899,,,,,,,,,,0.000169483944773674,,0.0002487264573574066,,0.2601604759693146,,0.27634480595588684,,0.0698913186788559,,0.026072707027196884,0.04867430776357651,,,,,,,,,,,,,,
16,,51909,,,,,,,,,,0.00013209134340286255,,0.0003040139563381672,,0.2541083097457886,,0.24866580963134766,,0.07478287816047668,,0.02155212126672268,0.04483185335993767,,,,,,,,,,,,,,
16,,51919,,,,,,,,,,0.00013999827206134796,,0.00026550469920039177,,0.2284562587738037,,0.2598590850830078,,0.07623700797557831,,0.023534270003437996,0.04681557044386864,,,,,,,,,,,,,,
16,,51929,,,,,,,,,,0.00020117685198783875,,0.00021543679758906364,,0.23229555785655975,,0.2622493505477905,,0.08422397077083588,,0.024761341512203217,0.049390990287065506,,,,,,,,,,,,,,
16,,51939,,,,,,,,,,0.00014897063374519348,,0.00027128448709845543,,0.23595038056373596,,0.26938596367836,,0.0766625851392746,,0.02403680607676506,0.04780692607164383,,,,,,,,,,,,,,
16,,51949,,,,,,,,,,0.00023146532475948334,,0.00022671185433864594,,0.22752335667610168,,0.2879266142845154,,0.07583434134721756,,0.02686065062880516,0.05054045096039772,,,,,,,,,,,,,,
16,,51959,,,,,,,,,,0.00018658116459846497,,0.00030434364452958107,,0.2459983229637146,,0.26643282175064087,,0.0856667086482048,,0.025376299396157265,0.050479914993047714,,,,,,,,,,,,,,
16,,51969,,,,,,,,,,0.00020627863705158234,,0.0003026123158633709,,0.27090445160865784,,0.2525126338005066,,0.07624902576208115,,0.023881997913122177,0.04723195731639862,,,,,,,,,,,,,,
16,,51979,,,,,,,,,,0.00017038173973560333,,0.0003166371025145054,,0.2604859471321106,,0.2826043963432312,,0.07691819965839386,,0.03047425113618374,0.053591638803482056,,,,,,,,,,,,,,
16,,51989,,,,,,,,,,0.00015860982239246368,,0.00029784534126520157,,0.21870814263820648,,0.2800697088241577,,0.09179417788982391,,0.029533520340919495,0.055067237466573715,,,,,,,,,,,,,,
16,,51999,,,,,,,,,,0.0001693926751613617,,0.0003015897236764431,,0.32792606949806213,,0.2558033764362335,,0.07731550931930542,,0.026126300916075706,0.049938250333070755,,,,,,,,,,,,,,
16,,52009,,,,,,,,,,0.00013122893869876862,,0.00031334441155195236,,0.2792646288871765,,0.25649434328079224,,0.06721429526805878,,0.0203465074300766,0.04316991940140724,,,,,,,,,,,,,,
16,,52019,,,,,,,,,,0.00017149746417999268,,0.00031297607347369194,,0.22480317950248718,,0.25136497616767883,,0.06983375549316406,,0.02384493499994278,0.045406803488731384,,,,,,,,,,,,,,
16,,52029,,,,,,,,,,0.13589783012866974,,0.025470782071352005,,0.2561216950416565,,0.2727993130683899,,0.09357306361198425,,0.03221656382083893,0.057684507220983505,,,,,,,,,,,,,,
16,,52039,,,,,,,,,,0.00017541274428367615,,0.00030037760734558105,,0.23753175139427185,,0.25507301092147827,,0.07058564573526382,,0.022038329392671585,0.04451555758714676,,,,,,,,,,,,,,
16,,52049,,,,,,,,,,0.00018174946308135986,,0.00027552898973226547,,0.2213461995124817,,0.2569713592529297,,0.07285093516111374,,0.026503147557377815,0.04818905144929886,,,,,,,,,,,,,,
16,,52059,,,,,,,,,,0.00013655982911586761,,0.0003058300353586674,,0.2165725976228714,,0.29710155725479126,,0.08018341660499573,,0.025258827954530716,0.05045642331242561,,,,,,,,,,,,,,
16,,52069,,,,,,,,,,0.00016516819596290588,,0.00036397669464349747,,0.2703317403793335,,0.26440197229385376,,0.0819765031337738,,0.025796659290790558,0.05029334872961044,,,,,,,,,,,,,,
16,,52079,,,,,,,,,,0.000202985480427742,,0.0003388836048543453,,0.2126009315252304,,0.2611956000328064,,0.08712470531463623,,0.026521136984229088,0.05097528174519539,,,,,,,,,,,,,,
16,,52089,,,,,,,,,,0.000177798792719841,,0.00039987871423363686,,0.21734917163848877,,0.2632157802581787,,0.0745772272348404,,0.02196745201945305,0.045356497168540955,,,,,,,,,,,,,,
16,,52099,,,,,,,,,,0.00016774237155914307,,0.0003736182115972042,,0.21125686168670654,,0.2864096164703369,,0.07624410092830658,,0.026864903047680855,0.05035907402634621,,,,,,,,,,,,,,
16,,52109,,,,,,,,,,0.00022744759917259216,,0.0004007709212601185,,0.2957668900489807,,0.24892167747020721,,0.06661444157361984,,0.018282465636730194,0.04134771227836609,,,,,,,,,,,,,,
16,,52119,,,,,,,,,,0.000164911150932312,,0.00035720597952604294,,0.2406301647424698,,0.2541201710700989,,0.07615336030721664,,0.020554514601826668,0.044438425451517105,,,,,,,,,,,,,,
16,,52129,,,,,,,,,,0.000197485089302063,,0.0004072892479598522,,0.2975040078163147,,0.26311707496643066,,0.06098657101392746,,0.018023278564214706,0.04078372195363045,,,,,,,,,,,,,,
16,,52139,,,,,,,,,,0.0001741703599691391,,0.0004205009900033474,,0.25503039360046387,,0.25610196590423584,,0.08946831524372101,,0.028020597994327545,0.052798423916101456,,,,,,,,,,,,,,
16,,52149,,,,,,,,,,0.00014585070312023163,,0.00037771183997392654,,0.2135465145111084,,0.27965113520622253,,0.07986780256032944,,0.02553374506533146,0.04975002631545067,,,,,,,,,,,,,,
16,,52159,,,,,,,,,,0.00018467754125595093,,0.0004061027429997921,,0.2419799119234085,,0.2485516369342804,,0.08153048902750015,,0.02289765328168869,0.04695955663919449,,,,,,,,,,,,,,
16,,52169,,,,,,,,,,0.00019957497715950012,,0.0003896411508321762,,0.276790976524353,,0.24062389135360718,,0.07549650222063065,,0.028585027903318405,0.050130780786275864,,,,,,,,,,,,,,
16,,52179,,,,,,,,,,0.00015548616647720337,,0.0003368002362549305,,0.25119131803512573,,0.26227909326553345,,0.0655844658613205,,0.020214445888996124,0.042707428336143494,,,,,,,,,,,,,,
16,,52189,,,,,,,,,,0.0001609157770872116,,0.0003686733543872833,,0.2640942931175232,,0.24806758761405945,,0.06780043244361877,,0.016217108815908432,0.03960930556058884,,,,,,,,,,,,,,
16,,52199,,,,,,,,,,0.00022494979202747345,,0.00033697858452796936,,0.26442161202430725,,0.26249659061431885,,0.07471778988838196,,0.02373095229268074,0.04722370207309723,,,,,,,,,,,,,,
16,,52209,,,,,,,,,,0.00013980641961097717,,0.0003403802402317524,,0.2692103981971741,,0.27566424012184143,,0.09035499393939972,,0.02774675376713276,0.053842443972826004,,,,,,,,,,,,,,
16,,52219,,,,,,,,,,0.00017463229596614838,,0.00032764673233032227,,0.28489774465560913,,0.24390912055969238,,0.06770861148834229,,0.020432379096746445,0.042803071439266205,,,,,,,,,,,,,,
16,,52229,,,,,,,,,,0.00016627833247184753,,0.00039692269638180733,,0.2172490805387497,,0.27018770575523376,,0.07492595911026001,,0.022272419184446335,0.04597637802362442,,,,,,,,,,,,,,
16,,52239,,,,,,,,,,0.00014957040548324585,,0.00029804790392518044,,0.2498900592327118,,0.25294429063796997,,0.09010358154773712,,0.030074255540966988,0.05424950271844864,,,,,,,,,,,,,,
16,,52249,,,,,,,,,,0.0001757461577653885,,0.0003472710959613323,,0.25060030817985535,,0.2580609917640686,,0.08322663605213165,,0.026958031579852104,0.050870418548583984,,,,,,,,,,,,,,
16,,52259,,,,,,,,,,0.00021510571241378784,,0.00028534699231386185,,0.24376298487186432,,0.2575869560241699,,0.07029186189174652,,0.022517472505569458,0.045010797679424286,,,,,,,,,,,,,,
16,,52269,,,,,,,,,,0.00017703883349895477,,0.0002787732519209385,,0.2517775893211365,,0.25686874985694885,,0.09095340967178345,,0.028716525062918663,0.05359642952680588,,,,,,,,,,,,,,
16,,52279,,,,,,,,,,0.0002189241349697113,,0.0002597193233668804,,0.2210180163383484,,0.26661795377731323,,0.07884027063846588,,0.029660580679774284,0.05212940648198128,,,,,,,,,,,,,,
16,,52289,,,,,,,,,,0.00015631318092346191,,0.00032130349427461624,,0.23957189917564392,,0.24920427799224854,,0.0838552862405777,,0.022739175707101822,0.04727878421545029,,,,,,,,,,,,,,
16,,52299,,,,,,,,,,0.00019085407257080078,,0.0002938215620815754,,0.22740504145622253,,0.2658308148384094,,0.07688204199075699,,0.025944767519831657,0.049012649804353714,,,,,,,,,,,,,,
16,,52309,,,,,,,,,,0.00018380023539066315,,0.0002867593429982662,,0.27361220121383667,,0.26356565952301025,,0.07525348663330078,,0.02166203409433365,0.04592977836728096,,,,,,,,,,,,,,
16,,52319,,,,,,,,,,0.00016455352306365967,,0.0003166915848851204,,0.2503996193408966,,0.24675559997558594,,0.07286405563354492,,0.023296266794204712,0.04564744606614113,,,,,,,,,,,,,,
16,,52329,,,,,,,,,,0.00016014277935028076,,0.00031535280868411064,,0.2606249153614044,,0.25341933965682983,,0.06628388166427612,,0.01721060276031494,0.040280286222696304,,,,,,,,,,,,,,
16,,52339,,,,,,,,,,0.00017437152564525604,,0.0002918737009167671,,0.2423911839723587,,0.26948702335357666,,0.06045385077595711,,0.015564300119876862,0.03849142789840698,,,,,,,,,,,,,,
16,,52349,,,,,,,,,,0.00013799406588077545,,0.0003205128014087677,,0.2532571852207184,,0.24613898992538452,,0.07319247722625732,,0.022355817258358,0.0450081042945385,,,,,,,,,,,,,,
16,,52359,,,,,,,,,,0.00023324042558670044,,0.00030667660757899284,,0.28147226572036743,,0.23490431904792786,,0.06587424874305725,,0.016248948872089386,0.038858335465192795,,,,,,,,,,,,,,
16,,52369,,,,,,,,,,0.00018081627786159515,,0.00029756175354123116,,0.2551730275154114,,0.2557445764541626,,0.08977630734443665,,0.030751626938581467,0.05488952249288559,,,,,,,,,,,,,,
16,,52379,,,,,,,,,,0.0001674368977546692,,0.04446655139327049,,0.20959466695785522,,0.30124741792678833,,0.0828733742237091,,0.028844701126217842,0.05389299988746643,,,,,,,,,,,,,,
16,,52389,,,,,,,,,,0.00015417486429214478,,0.0003127702511847019,,0.30588477849960327,,0.257108598947525,,0.07621946185827255,,0.024078689515590668,0.04799946770071983,,,,,,,,,,,,,,
16,,52399,,,,,,,,,,0.0002058073878288269,,0.0003274306654930115,,0.26839882135391235,,0.27596616744995117,,0.07837428152561188,,0.024433791637420654,0.049114834517240524,,,,,,,,,,,,,,
16,,52409,,,,,,,,,,0.00014955736696720123,,0.00034767622128129005,,0.23565295338630676,,0.2662632465362549,,0.07013225555419922,,0.021926701068878174,0.04484954848885536,,,,,,,,,,,,,,
16,,52419,,,,,,,,,,0.00017962977290153503,,0.0003557964228093624,,0.2160489410161972,,0.2681936025619507,,0.07721448689699173,,0.023725667968392372,0.04738811030983925,,,,,,,,,,,,,,
16,,52429,,,,,,,,,,0.00020960718393325806,,0.0003603454679250717,,0.23369291424751282,,0.252958744764328,,0.08539621531963348,,0.030728405341506004,0.053668439388275146,,,,,,,,,,,,,,
16,,52439,,,,,,,,,,0.00020806863903999329,,0.0003119991160929203,,0.2739573121070862,,0.2286265790462494,,0.07712721824645996,,0.019567091017961502,0.0430755652487278,,,,,,,,,,,,,,
16,,52449,,,,,,,,,,0.00018483586609363556,,0.05954880267381668,,0.2822372615337372,,0.24684958159923553,,0.08103552460670471,,0.02476457506418228,0.04883265495300293,,,,,,,,,,,,,,
16,,52459,,,,,,,,,,0.00019251368939876556,,0.00037519121542572975,,0.2425168752670288,,0.28237831592559814,,0.07770112156867981,,0.02585860714316368,0.05005485564470291,,,,,,,,,,,,,,
16,,52469,,,,,,,,,,0.00014059245586395264,,0.00035861600190401077,,0.2735205888748169,,0.2575930655002594,,0.07251997292041779,,0.02279326133430004,0.045984815806150436,,,,,,,,,,,,,,
16,,52479,,,,,,,,,,0.00018403492867946625,,0.00036564795300364494,,0.23381304740905762,,0.27775973081588745,,0.07866912335157394,,0.027540188282728195,0.05117928609251976,,,,,,,,,,,,,,
16,,52489,,,,,,,,,,0.00011095777153968811,,0.0003433963283896446,,0.24300634860992432,,0.26635676622390747,,0.07364533841609955,,0.018244415521621704,0.042836565524339676,,,,,,,,,,,,,,
16,,52499,,,,,,,,,,0.0001921243965625763,,0.0002976972609758377,,0.23855191469192505,,0.2515076994895935,,0.07781121879816055,,0.026972409337759018,0.04941694810986519,,,,,,,,,,,,,,
16,,52509,,,,,,,,,,0.00012942776083946228,,0.00032998528331518173,,0.24651667475700378,,0.25413787364959717,,0.08037792891263962,,0.023793883621692657,0.047730572521686554,,,,,,,,,,,,,,
16,,52519,,,,,,,,,,0.00015079975128173828,,0.00030518556013703346,,0.25152289867401123,,0.2644667327404022,,0.06987527012825012,,0.023249275982379913,0.04589519277215004,,,,,,,,,,,,,,
16,,52529,,,,,,,,,,0.00012906081974506378,,0.00029135262593626976,,0.2567676305770874,,0.24896293878555298,,0.08933387696743011,,0.02652694284915924,0.05133792385458946,,,,,,,,,,,,,,
16,,52539,,,,,,,,,,0.00014670006930828094,,0.000304211862385273,,0.2316439151763916,,0.2560986280441284,,0.06785964220762253,,0.020793979987502098,0.043049879372119904,,,,,,,,,,,,,,
16,,52549,,,,,,,,,,0.0001412574201822281,,0.00034238584339618683,,0.2688751816749573,,0.2601529359817505,,0.0793919786810875,,0.019284548237919807,0.044706977903842926,,,,,,,,,,,,,,
16,,52559,,,,,,,,,,0.00022079423069953918,,0.0002926257438957691,,0.18958215415477753,,0.2762312591075897,,0.09512880444526672,,0.031495384871959686,0.056643046438694,,,,,,,,,,,,,,
16,,52569,,,,,,,,,,0.0001641698181629181,,0.00031225336715579033,,0.2666923999786377,,0.2596287131309509,,0.07584032416343689,,0.025622926652431488,0.04874558746814728,,,,,,,,,,,,,,
16,,52579,,,,,,,,,,0.00014052540063858032,,0.0003108866512775421,,0.25070950388908386,,0.249059796333313,,0.07907363027334213,,0.017862163484096527,0.042847082018852234,,,,,,,,,,,,,,
16,,52589,,,,,,,,,,0.00021252408623695374,,0.0003252290189266205,,0.26648861169815063,,0.26360800862312317,,0.06667976081371307,,0.02176479622721672,0.044317517429590225,,,,,,,,,,,,,,
16,,52599,,,,,,,,,,0.00015066750347614288,,0.0003287452273070812,,0.2606964111328125,,0.2636326253414154,,0.08304199576377869,,0.02591795101761818,0.05043504014611244,,,,,,,,,,,,,,
16,,52609,,,,,,,,,,0.0001976657658815384,,0.00037994468584656715,,0.2156548798084259,,0.24989904463291168,,0.08703003823757172,,0.03374247997999191,0.05588112026453018,,,,,,,,,,,,,,
16,,52619,,,,,,,,,,0.0002229977399110794,,0.00039513036608695984,,0.2069372832775116,,0.26784929633140564,,0.08359646797180176,,0.027415351942181587,0.051230162382125854,,,,,,,,,,,,,,
16,,52629,,,,,,,,,,0.00019843690097332,,0.0003324272111058235,,0.2312789261341095,,0.26804646849632263,,0.07215440273284912,,0.023521222174167633,0.046457305550575256,,,,,,,,,,,,,,
16,,52639,,,,,,,,,,0.0001728534698486328,,0.00034977030009031296,,0.23752206563949585,,0.26295605301856995,,0.08097094297409058,,0.029443498700857162,0.05238814279437065,,,,,,,,,,,,,,
16,,52649,,,,,,,,,,0.00018425844609737396,,0.00034585362300276756,,0.24780097603797913,,0.2679842412471771,,0.07525626569986343,,0.019300632178783417,0.04406360909342766,,,,,,,,,,,,,,
16,,52659,,,,,,,,,,0.00016131624579429626,,0.00033234572038054466,,0.23002594709396362,,0.26003506779670715,,0.0746411383152008,,0.025163695216178894,0.04776550084352493,,,,,,,,,,,,,,
16,,52669,,,,,,,,,,0.00016467273235321045,,0.0003227526322007179,,0.2642378807067871,,0.25711774826049805,,0.0711202472448349,,0.02002860978245735,0.04351712390780449,,,,,,,,,,,,,,
16,,52679,,,,,,,,,,0.00013164617121219635,,0.03110486827790737,,0.21000301837921143,,0.2552834153175354,,0.08696147799491882,,0.03008894994854927,0.05340363830327988,,,,,,,,,,,,,,
16,,52689,,,,,,,,,,0.00017718784511089325,,0.00033355550840497017,,0.27584129571914673,,0.2558542490005493,,0.0777229368686676,,0.028252150863409042,0.051001403480768204,,,,,,,,,,,,,,
16,,52699,,,,,,,,,,0.0001769810914993286,,0.0003107716329395771,,0.26180726289749146,,0.25120750069618225,,0.0701223611831665,,0.02162216603755951,0.044219810515642166,,,,,,,,,,,,,,
16,,52709,,,,,,,,,,0.00018876977264881134,,0.00028848880901932716,,0.27508875727653503,,0.2528272569179535,,0.0750906765460968,,0.027811847627162933,0.05002656206488609,,,,,,,,,,,,,,
16,,52719,,,,,,,,,,0.0001678895205259323,,0.00034122494980692863,,0.2517514228820801,,0.26742058992385864,,0.07439906895160675,,0.02626834250986576,0.049149755388498306,,,,,,,,,,,,,,
16,,52729,,,,,,,,,,0.00018230266869068146,,0.0003276006318628788,,0.22308620810508728,,0.2670784890651703,,0.06598921865224838,,0.02070034109055996,0.043043434619903564,,,,,,,,,,,,,,
16,,52739,,,,,,,,,,0.0002101268619298935,,0.00029008835554122925,,0.22548465430736542,,0.2802099585533142,,0.07886672765016556,,0.028838567435741425,0.052207428961992264,,,,,,,,,,,,,,
16,,52749,,,,,,,,,,0.00020067021250724792,,0.00034047989174723625,,0.23698806762695312,,0.2551841735839844,,0.0706501305103302,,0.01831376552581787,0.04173251986503601,,,,,,,,,,,,,,
16,,52759,,,,,,,,,,0.0002097785472869873,,0.00034836307168006897,,0.2561803460121155,,0.2613970637321472,,0.06785297393798828,,0.02090560644865036,0.04366857558488846,,,,,,,,,,,,,,
16,,52769,,,,,,,,,,0.00016189366579055786,,0.0003212830051779747,,0.253421813249588,,0.2600042223930359,,0.0723961740732193,,0.02218715101480484,0.04538427293300629,,,,,,,,,,,,,,
16,,52779,,,,,,,,,,0.0001708250492811203,,0.0003701029345393181,,0.19820013642311096,,0.2892685532569885,,0.08904395252466202,,0.029178207740187645,0.05447603017091751,,,,,,,,,,,,,,
16,,52789,,,,,,,,,,0.00016563758254051208,,0.00036205025389790535,,0.27142173051834106,,0.26122748851776123,,0.0789579227566719,,0.025470813736319542,0.04934671148657799,,,,,,,,,,,,,,
16,,52799,,,,,,,,,,0.00017628446221351624,,0.00038369838148355484,,0.21860404312610626,,0.2805590033531189,,0.08532557636499405,,0.027530008926987648,0.05237306281924248,,,,,,,,,,,,,,
16,,52809,,,,,,,,,,0.0001692790538072586,,0.00033719465136528015,,0.2700751721858978,,0.2570231854915619,,0.071292944252491,,0.021150678396224976,0.044455308467149734,,,,,,,,,,,,,,
16,,52819,,,,,,,,,,0.00017388351261615753,,0.04890056326985359,,0.2413032501935959,,0.2676132023334503,,0.07564879953861237,,0.021416665986180305,0.04577335715293884,,,,,,,,,,,,,,
16,,52829,,,,,,,,,,0.00016361847519874573,,0.00038507627323269844,,0.24927805364131927,,0.2719026207923889,,0.08655494451522827,,0.025552969425916672,0.05107416212558746,,,,,,,,,,,,,,
16,,52839,,,,,,,,,,0.00018481723964214325,,0.0003110351972281933,,0.24164032936096191,,0.2579387426376343,,0.07705625891685486,,0.025195173919200897,0.04827986657619476,,,,,,,,,,,,,,
16,,52849,,,,,,,,,,0.00016530416905879974,,0.00032239826396107674,,0.2707004249095917,,0.24350407719612122,,0.0684603750705719,,0.017496800050139427,0.0405564159154892,,,,,,,,,,,,,,
16,,52859,,,,,,,,,,0.00017154216766357422,,0.0003268239088356495,,0.2147608995437622,,0.25511354207992554,,0.07594363391399384,,0.024155637249350548,0.04684385657310486,,,,,,,,,,,,,,
16,,52869,,,,,,,,,,0.00016443617641925812,,0.0003155013546347618,,0.26298820972442627,,0.266619473695755,,0.08500587940216064,,0.025098726153373718,0.05035566911101341,,,,,,,,,,,,,,
16,,52879,,,,,,,,,,0.0002056211233139038,,0.00035112351179122925,,0.26107195019721985,,0.2664933204650879,,0.06115579977631569,,0.016818862408399582,0.039643026888370514,,,,,,,,,,,,,,
16,,52889,,,,,,,,,,0.00018896721303462982,,0.0003320937976241112,,0.21498484909534454,,0.2541111707687378,,0.06731949001550674,,0.01829184964299202,0.040783174335956573,,,,,,,,,,,,,,
16,,52899,,,,,,,,,,0.00022817403078079224,,0.00039349542930722237,,0.2233840823173523,,0.2756538987159729,,0.07982509583234787,,0.022244062274694443,0.047202154994010925,,,,,,,,,,,,,,
16,,52909,,,,,,,,,,0.00021016597747802734,,0.00037937378510832787,,0.24516111612319946,,0.26650142669677734,,0.06477919220924377,,0.022684281691908836,0.04453668370842934,,,,,,,,,,,,,,
16,,52919,,,,,,,,,,0.00028928741812705994,,0.0004225354641675949,,0.3061591386795044,,0.2689489722251892,,0.08739333599805832,,0.028223134577274323,0.05376296490430832,,,,,,,,,,,,,,
16,,52929,,,,,,,,,,0.0002203565090894699,,0.00036398181691765785,,0.25450873374938965,,0.2534189522266388,,0.06094752997159958,,0.01797046884894371,0.03977799043059349,,,,,,,,,,,,,,
16,,52939,,,,,,,,,,0.0001804213970899582,,0.0003209225833415985,,0.31584468483924866,,0.249687060713768,,0.07710449397563934,,0.02464377135038376,0.048358187079429626,,,,,,,,,,,,,,
16,,52949,,,,,,,,,,0.00021034479141235352,,0.0003239368088543415,,0.27584752440452576,,0.2714933753013611,,0.07421205937862396,,0.028804631903767586,0.051490750163793564,,,,,,,,,,,,,,
16,,52959,,,,,,,,,,0.0002661440521478653,,0.0003229673020541668,,0.2602033019065857,,0.25379469990730286,,0.0653919205069542,,0.021931948140263557,0.04366763308644295,,,,,,,,,,,,,,
16,,52969,,,,,,,,,,0.00019926391541957855,,0.0002885134890675545,,0.20846514403820038,,0.2637332081794739,,0.06401551514863968,,0.017942065373063087,0.04027572646737099,,,,,,,,,,,,,,
16,,52979,,,,,,,,,,0.0001650005578994751,,0.0002684658393263817,,0.23139432072639465,,0.2690083980560303,,0.08841684460639954,,0.0251413956284523,0.050768930464982986,,,,,,,,,,,,,,
16,,52989,,,,,,,,,,0.00020397454500198364,,0.00028683198615908623,,0.22666789591312408,,0.2823801636695862,,0.055428117513656616,,0.018574588000774384,0.040227361023426056,,,,,,,,,,,,,,
16,,52999,,,,,,,,,,0.00017678365111351013,,0.031805336475372314,,0.23125773668289185,,0.2693944573402405,,0.06587328016757965,,0.015212809666991234,0.03920164704322815,,,,,,,,,,,,,,
16,,53009,,,,,,,,,,0.0001392792910337448,,0.0002720095217227936,,0.3090372681617737,,0.23836474120616913,,0.0838024765253067,,0.029388342052698135,0.05256282910704613,,,,,,,,,,,,,,
16,,53019,,,,,,,,,,0.00016906484961509705,,0.00031403545290231705,,0.2730705142021179,,0.2523694932460785,,0.08295544236898422,,0.028881628066301346,0.052259039133787155,,,,,,,,,,,,,,
16,,53029,,,,,,,,,,0.00022755004465579987,,0.06517048180103302,,0.28556251525878906,,0.2524418830871582,,0.08619382232427597,,0.032201044261455536,0.05569646880030632,,,,,,,,,,,,,,
16,,53039,,,,,,,,,,0.0003134608268737793,,0.00032909540459513664,,0.23143097758293152,,0.26714032888412476,,0.06993149220943451,,0.016005203127861023,0.04036138951778412,,,,,,,,,,,,,,
16,,53049,,,,,,,,,,0.0001638457179069519,,0.00038745906203985214,,0.24116408824920654,,0.27593597769737244,,0.07040947675704956,,0.022949088364839554,0.04618676379323006,,,,,,,,,,,,,,
16,,53059,,,,,,,,,,0.0001988876610994339,,0.0003636712208390236,,0.22255848348140717,,0.2654682993888855,,0.0768253356218338,,0.028275929391384125,0.05067721754312515,,,,,,,,,,,,,,
16,,53069,,,,,,,,,,0.000268448144197464,,0.00039373617619276047,,0.24389119446277618,,0.23960274457931519,,0.07684597373008728,,0.024016093462705612,0.04652287811040878,,,,,,,,,,,,,,
16,,53079,,,,,,,,,,0.14867204427719116,,0.023657962679862976,,0.306537926197052,,0.25660473108291626,,0.06903858482837677,,0.024574924260377884,0.0471862368285656,,,,,,,,,,,,,,
16,,53089,,,,,,,,,,0.00020670704543590546,,0.00031176628544926643,,0.25253093242645264,,0.2554546594619751,,0.07799755036830902,,0.0215371735394001,0.045723434537649155,,,,,,,,,,,,,,
16,,53099,,,,,,,,,,0.0002178046852350235,,0.0003519090823829174,,0.2760966122150421,,0.23970960080623627,,0.07006596773862839,,0.02202937938272953,0.04414326325058937,,,,,,,,,,,,,,
16,,53109,,,,,,,,,,0.00016834773123264313,,0.0003179428167641163,,0.2745817303657532,,0.2587178945541382,,0.06953726708889008,,0.017957596108317375,0.04186286777257919,,,,,,,,,,,,,,
16,,53119,,,,,,,,,,0.00020994991064071655,,0.00034984899684786797,,0.2619537115097046,,0.26151061058044434,,0.06773516535758972,,0.019447918981313705,0.04262595251202583,,,,,,,,,,,,,,
16,,53129,,,,,,,,,,0.00022533349692821503,,0.065505251288414,,0.2952348589897156,,0.24524973332881927,,0.09765823185443878,,0.030756313353776932,0.05653989687561989,,,,,,,,,,,,,,
16,,53139,,,,,,,,,,0.0001826249063014984,,0.06721065193414688,,0.25962018966674805,,0.2599775195121765,,0.08965624868869781,,0.031830061227083206,0.056122709065675735,,,,,,,,,,,,,,
16,,53149,,,,,,,,,,0.00026038847863674164,,0.00038110464811325073,,0.21306656301021576,,0.2799381613731384,,0.08230433613061905,,0.030031301081180573,0.05358890816569328,,,,,,,,,,,,,,
16,,53159,,,,,,,,,,0.00018212944269180298,,0.00037097465246915817,,0.24471168220043182,,0.2600480318069458,,0.07881498336791992,,0.026576243340969086,0.04978083446621895,,,,,,,,,,,,,,
16,,53169,,,,,,,,,,0.0002257470041513443,,0.06759786605834961,,0.23811648786067963,,0.251121461391449,,0.08364439010620117,,0.02816329151391983,0.0515783354640007,,,,,,,,,,,,,,
16,,53179,,,,,,,,,,0.00018418766558170319,,0.0003391709178686142,,0.21556197106838226,,0.2808951735496521,,0.08022060245275497,,0.025291822850704193,0.04971657693386078,,,,,,,,,,,,,,
16,,53189,,,,,,,,,,0.00020949915051460266,,0.0003697662614285946,,0.2562664747238159,,0.23782074451446533,,0.07524371147155762,,0.022383254021406174,0.04505884274840355,,,,,,,,,,,,,,
16,,53199,,,,,,,,,,0.00013321079313755035,,0.00036348355934023857,,0.2334173023700714,,0.2724493741989136,,0.08247555792331696,,0.027575556188821793,0.05166603624820709,,,,,,,,,,,,,,
16,,53209,,,,,,,,,,0.00018967129290103912,,0.0003250450827181339,,0.29255419969558716,,0.25561559200286865,,0.07535309344530106,,0.02394242212176323,0.04750856012105942,,,,,,,,,,,,,,
16,,53219,,,,,,,,,,0.00022020936012268066,,0.00039557646960020065,,0.21408703923225403,,0.27283358573913574,,0.07478693127632141,,0.024085085839033127,0.04739716276526451,,,,,,,,,,,,,,
16,,53229,,,,,,,,,,0.00020420178771018982,,0.0004259352572262287,,0.1891610324382782,,0.27723604440689087,,0.09044314920902252,,0.02137821912765503,0.04821709170937538,,,,,,,,,,,,,,
16,,53239,,,,,,,,,,0.00025115907192230225,,0.0003758501261472702,,0.2746620178222656,,0.2607662081718445,,0.06753002107143402,,0.01800127513706684,0.04161639139056206,,,,,,,,,,,,,,
16,,53249,,,,,,,,,,0.0002305358648300171,,0.0003913254477083683,,0.3186127543449402,,0.2623637020587921,,0.0847872942686081,,0.028213202953338623,0.05310383811593056,,,,,,,,,,,,,,
16,,53259,,,,,,,,,,0.00018811970949172974,,0.00042388448491692543,,0.2289910465478897,,0.2751379609107971,,0.06856577843427658,,0.018673289567232132,0.042453374713659286,,,,,,,,,,,,,,
16,,53269,,,,,,,,,,0.00019487179815769196,,0.026024971157312393,,0.25604790449142456,,0.25299447774887085,,0.07448802888393402,,0.02696143090724945,0.049135636538267136,,,,,,,,,,,,,,
16,,53279,,,,,,,,,,0.00016305968165397644,,0.00036587659269571304,,0.30114346742630005,,0.2463592290878296,,0.06970259547233582,,0.022140342742204666,0.044763728976249695,,,,,,,,,,,,,,
16,,53289,,,,,,,,,,0.00025280192494392395,,0.000447617843747139,,0.27098768949508667,,0.2805454730987549,,0.08793401718139648,,0.02870248258113861,0.05435546487569809,,,,,,,,,,,,,,
16,,53299,,,,,,,,,,0.00015528500080108643,,0.00046753790229558945,,0.20812873542308807,,0.283803790807724,,0.07899446785449982,,0.026079338043928146,0.050126999616622925,,,,,,,,,,,,,,
16,,53309,,,,,,,,,,0.00016896240413188934,,0.0004107970744371414,,0.20912820100784302,,0.26567548513412476,,0.1020238846540451,,0.027424264699220657,0.054616596549749374,,,,,,,,,,,,,,
16,,53319,,,,,,,,,,0.00018484331667423248,,0.0004051770083606243,,0.2478506863117218,,0.26543062925338745,,0.06957481801509857,,0.023302823305130005,0.0458814799785614,,,,,,,,,,,,,,
16,,53329,,,,,,,,,,0.0002185087651014328,,0.00038685742765665054,,0.2466440349817276,,0.24917078018188477,,0.07462465018033981,,0.02513449266552925,0.04742610454559326,,,,,,,,,,,,,,
16,,53339,,,,,,,,,,0.00017458200454711914,,0.0003717159852385521,,0.2146446406841278,,0.2686431407928467,,0.07288986444473267,,0.02574523538351059,0.04809674993157387,,,,,,,,,,,,,,
16,,53349,,,,,,,,,,0.00019111484289169312,,0.0003115530125796795,,0.242556631565094,,0.2588532865047455,,0.08474214375019073,,0.028921715915203094,0.052570536732673645,,,,,,,,,,,,,,
16,,53359,,,,,,,,,,0.00014283694326877594,,0.00038885464891791344,,0.2508031725883484,,0.24502122402191162,,0.0726284384727478,,0.027306638658046722,0.04853537678718567,,,,,,,,,,,,,,
16,,53369,,,,,,,,,,0.00012833066284656525,,0.00035598501563072205,,0.21545341610908508,,0.2738719582557678,,0.08520904928445816,,0.024558382108807564,0.04977136477828026,,,,,,,,,,,,,,
16,,53379,,,,,,,,,,0.00013613514602184296,,0.00033942563459277153,,0.23202164471149445,,0.26669836044311523,,0.07209230959415436,,0.017880091443657875,0.04215925186872482,,,,,,,,,,,,,,
16,,53389,,,,,,,,,,0.00014435872435569763,,0.06294437497854233,,0.21638216078281403,,0.24852591753005981,,0.08525671064853668,,0.021353837102651596,0.04638222977519035,,,,,,,,,,,,,,
16,,53399,,,,,,,,,,0.000155741348862648,,0.00032380130141973495,,0.25069454312324524,,0.2663549482822418,,0.07896746695041656,,0.02254096418619156,0.04714791476726532,,,,,,,,,,,,,,
16,,53409,,,,,,,,,,0.00015611574053764343,,0.0003814571537077427,,0.19079381227493286,,0.27823173999786377,,0.08902247250080109,,0.029220663011074066,0.053899578750133514,,,,,,,,,,,,,,
16,,53419,,,,,,,,,,0.00013899430632591248,,0.00034506339579820633,,0.2540545165538788,,0.25813624262809753,,0.07512829452753067,,0.02275313064455986,0.046241141855716705,,,,,,,,,,,,,,
16,,53429,,,,,,,,,,0.00021111778914928436,,0.00034927716478705406,,0.2637484073638916,,0.2782430946826935,,0.07674486935138702,,0.025859106332063675,0.04993080720305443,,,,,,,,,,,,,,
16,,53439,,,,,,,,,,0.00014401786029338837,,0.00037520332261919975,,0.25244855880737305,,0.24878400564193726,,0.07119224220514297,,0.022567573934793472,0.04490652307868004,,,,,,,,,,,,,,
16,,53449,,,,,,,,,,0.00015199929475784302,,0.0004636496305465698,,0.3010488748550415,,0.27061593532562256,,0.07118113338947296,,0.024220459163188934,0.0477379709482193,,,,,,,,,,,,,,
16,,53459,,,,,,,,,,0.00016642548143863678,,0.0003734664060175419,,0.2511898875236511,,0.28174644708633423,,0.07884423434734344,,0.02452458068728447,0.04934048652648926,,,,,,,,,,,,,,
16,,53469,,,,,,,,,,0.00013887695968151093,,0.00037277769297361374,,0.2465723156929016,,0.26355060935020447,,0.08258514106273651,,0.029667221009731293,0.05299271270632744,,,,,,,,,,,,,,
16,,53479,,,,,,,,,,0.00017937272787094116,,0.0003383415751159191,,0.2504717707633972,,0.25025784969329834,,0.09758856892585754,,0.030326180160045624,0.055723272264003754,,,,,,,,,,,,,,
16,,53489,,,,,,,,,,0.00016647391021251678,,0.00038886116817593575,,0.23832927644252777,,0.2748488187789917,,0.06625411659479141,,0.019401639699935913,0.04266201704740524,,,,,,,,,,,,,,
16,,53499,,,,,,,,,,0.00013717450201511383,,0.00038206297904253006,,0.22982048988342285,,0.27091455459594727,,0.08697948604822159,,0.028448689728975296,0.0530516691505909,,,,,,,,,,,,,,
16,,53509,,,,,,,,,,0.00021805986762046814,,0.0003534550778567791,,0.1980755627155304,,0.26981121301651,,0.09211405366659164,,0.03150129318237305,0.055880796164274216,,,,,,,,,,,,,,
16,,53519,,,,,,,,,,0.0002286899834871292,,0.0003589773550629616,,0.25685355067253113,,0.257438600063324,,0.06588705629110336,,0.017530741170048714,0.04059044271707535,,,,,,,,,,,,,,
16,,53529,,,,,,,,,,0.0001637674868106842,,0.00038464320823550224,,0.20921024680137634,,0.27790266275405884,,0.07371500134468079,,0.02677404321730137,0.04939376935362816,,,,,,,,,,,,,,
16,,53539,,,,,,,,,,0.00016778893768787384,,0.00035474542528390884,,0.20288220047950745,,0.2685902714729309,,0.0892333909869194,,0.026176024228334427,0.051344674080610275,,,,,,,,,,,,,,
16,,53549,,,,,,,,,,0.0001775883138179779,,0.0003474513068795204,,0.29990294575691223,,0.23501524329185486,,0.08000171184539795,,0.02648850530385971,0.04941073805093765,,,,,,,,,,,,,,
16,,53559,,,,,,,,,,0.0001727566123008728,,0.00036169541999697685,,0.287822961807251,,0.2380129098892212,,0.0694979876279831,,0.019645854830741882,0.042306557297706604,,,,,,,,,,,,,,
16,,53569,,,,,,,,,,0.0001804698258638382,,0.00040643149986863136,,0.29326510429382324,,0.27039676904678345,,0.07580383121967316,,0.025525864213705063,0.0494825653731823,,,,,,,,,,,,,,
16,,53579,,,,,,,,,,0.00019361823797225952,,0.0004304638132452965,,0.22449061274528503,,0.29908978939056396,,0.08343705534934998,,0.029368475079536438,0.0543360561132431,,,,,,,,,,,,,,
16,,53589,,,,,,,,,,0.0001614391803741455,,0.0003817575052380562,,0.24809105694293976,,0.28060853481292725,,0.059128135442733765,,0.01976044662296772,0.04197918623685837,,,,,,,,,,,,,,
16,,53599,,,,,,,,,,0.00016398169100284576,,0.00038984697312116623,,0.2560739517211914,,0.2562426030635834,,0.08643139898777008,,0.028523694723844528,0.05262500420212746,,,,,,,,,,,,,,
16,,53609,,,,,,,,,,0.0001734718680381775,,0.00038776593282818794,,0.1747310608625412,,0.27274009585380554,,0.0853717178106308,,0.024424776434898376,0.04917136952280998,,,,,,,,,,,,,,
16,,53619,,,,,,,,,,0.00013751164078712463,,0.0003631892614066601,,0.26456692814826965,,0.2588652968406677,,0.06708651036024094,,0.018000226467847824,0.04132485017180443,,,,,,,,,,,,,,
16,,53629,,,,,,,,,,0.0001637004315853119,,0.00039349449798464775,,0.26943129301071167,,0.24015185236930847,,0.07189702987670898,,0.021998390555381775,0.044406116008758545,,,,,,,,,,,,,,
16,,53639,,,,,,,,,,0.1525275707244873,,0.013501174747943878,,0.2669880986213684,,0.22751110792160034,,0.0865982249379158,,0.02631967142224312,0.04993373528122902,,,,,,,,,,,,,,
16,,53649,,,,,,,,,,0.00013214722275733948,,0.0003338265232741833,,0.2960622310638428,,0.26552584767341614,,0.06731700152158737,,0.022218726575374603,0.045214101672172546,,,,,,,,,,,,,,
16,,53659,,,,,,,,,,0.00018603913486003876,,0.00036557530984282494,,0.2785128057003021,,0.2424313724040985,,0.0685952752828598,,0.021374046802520752,0.04353177919983864,,,,,,,,,,,,,,
16,,53669,,,,,,,,,,0.0001538153737783432,,0.000330356415361166,,0.24876318871974945,,0.2529318034648895,,0.0643848329782486,,0.02095537632703781,0.0425715371966362,,,,,,,,,,,,,,
16,,53679,,,,,,,,,,0.00018767639994621277,,0.00037295976653695107,,0.271279513835907,,0.2572016716003418,,0.07386733591556549,,0.02259533852338791,0.0460444875061512,,,,,,,,,,,,,,
16,,53689,,,,,,,,,,0.00017764046788215637,,0.09216205775737762,,0.26683908700942993,,0.27911609411239624,,0.08215059340000153,,0.027249546721577644,0.05233389884233475,,,,,,,,,,,,,,
16,,53699,,,,,,,,,,0.0001439601182937622,,0.00037501705810427666,,0.20919644832611084,,0.28891798853874207,,0.0822368860244751,,0.024617478251457214,0.049890462309122086,,,,,,,,,,,,,,
16,,53709,,,,,,,,,,0.00022912770509719849,,0.00030269473791122437,,0.2566402554512024,,0.251160591840744,,0.07880541682243347,,0.020425792783498764,0.044888030737638474,,,,,,,,,,,,,,
16,,53719,,,,,,,,,,0.00017662346363067627,,0.00033973436802625656,,0.2458389550447464,,0.26659828424453735,,0.07332275807857513,,0.023535866290330887,0.04679018631577492,,,,,,,,,,,,,,
16,,53729,,,,,,,,,,0.00017833150923252106,,0.0003745211288332939,,0.29049038887023926,,0.2730410695075989,,0.0932094156742096,,0.03403575345873833,0.0592222586274147,,,,,,,,,,,,,,
16,,53739,,,,,,,,,,0.00018497370183467865,,0.00034905318170785904,,0.2180851697921753,,0.2605748474597931,,0.07204610109329224,,0.024245021864771843,0.04647504910826683,,,,,,,,,,,,,,
16,,53749,,,,,,,,,,0.00013506226241588593,,0.00042181601747870445,,0.2184351533651352,,0.2728472352027893,,0.09113794565200806,,0.030742039903998375,0.055509284138679504,,,,,,,,,,,,,,
16,,53759,,,,,,,,,,0.00018506869673728943,,0.00040576187893748283,,0.25246739387512207,,0.2661503553390503,,0.07565304636955261,,0.023188412189483643,0.0470234639942646,,,,,,,,,,,,,,
16,,53769,,,,,,,,,,0.00028955936431884766,,0.00037881452590227127,,0.2506081461906433,,0.2598267197608948,,0.06535214930772781,,0.01771571859717369,0.040667761117219925,,,,,,,,,,,,,,
16,,53779,,,,,,,,,,0.00018034502863883972,,0.00041159335523843765,,0.25380170345306396,,0.26133209466934204,,0.06669233739376068,,0.023222682997584343,0.045158371329307556,,,,,,,,,,,,,,
16,,53789,,,,,,,,,,0.00018399208784103394,,0.00032232655212283134,,0.20495767891407013,,0.2640184760093689,,0.09578763693571091,,0.03189663589000702,0.05667529255151749,,,,,,,,,,,,,,
16,,53799,,,,,,,,,,0.00015415437519550323,,0.0003398275002837181,,0.2117457091808319,,0.2792205810546875,,0.07759331911802292,,0.02383250556886196,0.04800581559538841,,,,,,,,,,,,,,
16,,53809,,,,,,,,,,0.00014855526387691498,,0.0003192797303199768,,0.24198655784130096,,0.273449182510376,,0.08189985156059265,,0.02655257098376751,0.05093784257769585,,,,,,,,,,,,,,
16,,53819,,,,,,,,,,0.00019425339996814728,,0.0002841753885149956,,0.26958873867988586,,0.24660533666610718,,0.07865726947784424,,0.023789193481206894,0.04732153192162514,,,,,,,,,,,,,,
16,,53829,,,,,,,,,,0.00019759126007556915,,0.000305679626762867,,0.25064581632614136,,0.26918861269950867,,0.0773402750492096,,0.02710391953587532,0.05039805918931961,,,,,,,,,,,,,,
16,,53839,,,,,,,,,,0.00014442019164562225,,0.0003436831757426262,,0.2839539647102356,,0.2505819499492645,,0.06711277365684509,,0.018050367012619972,0.04120621085166931,,,,,,,,,,,,,,
16,,53849,,,,,,,,,,0.00015267916023731232,,0.000317918136715889,,0.24019528925418854,,0.26076096296310425,,0.0741162821650505,,0.02466157078742981,0.04744356870651245,,,,,,,,,,,,,,
16,,53859,,,,,,,,,,0.0001740437000989914,,0.00030179042369127274,,0.2880789637565613,,0.25730806589126587,,0.07517379522323608,,0.022115131840109825,0.0461309514939785,,,,,,,,,,,,,,
16,,53869,,,,,,,,,,0.00017795898020267487,,0.0003437451086938381,,0.25882506370544434,,0.2842680811882019,,0.07291135936975479,,0.024968355894088745,0.048768363893032074,,,,,,,,,,,,,,
16,,53879,,,,,,,,,,0.0001833941787481308,,0.00026951543986797333,,0.2844622731208801,,0.2521767020225525,,0.07122182101011276,,0.024446923285722733,0.04685597121715546,,,,,,,,,,,,,,
16,,53889,,,,,,,,,,0.00016279704868793488,,0.03594498708844185,,0.23454153537750244,,0.2584150433540344,,0.08283191174268723,,0.028698131442070007,0.05203444883227348,,,,,,,,,,,,,,
16,,53899,,,,,,,,,,0.00014382041990756989,,0.00028183450922369957,,0.2319655418395996,,0.2773285508155823,,0.08045268803834915,,0.023596176877617836,0.04851290583610535,,,,,,,,,,,,,,
16,,53909,,,,,,,,,,0.00014291703701019287,,0.0002885200083255768,,0.24724608659744263,,0.2703602910041809,,0.06062202528119087,,0.019335243850946426,0.04144968464970589,,,,,,,,,,,,,,
16,,53919,,,,,,,,,,0.18280109763145447,,0.0030017592944204807,,0.2597636878490448,,0.2744669020175934,,0.09456951916217804,,0.03564966097474098,0.06053623557090759,,,,,,,,,,,,,,
16,,53929,,,,,,,,,,0.00022896938025951385,,0.00030563632026314735,,0.24943849444389343,,0.25826340913772583,,0.08323562890291214,,0.02242473140358925,0.04746708646416664,,,,,,,,,,,,,,
16,,53939,,,,,,,,,,0.0002025999128818512,,0.0003333468921482563,,0.24909353256225586,,0.2500026524066925,,0.07503705471754074,,0.019486207515001297,0.0433337464928627,,,,,,,,,,,,,,
16,,53949,,,,,,,,,,0.00019982457160949707,,0.00028650369495153427,,0.23955334722995758,,0.27207037806510925,,0.07794688642024994,,0.02989107370376587,0.05260774493217468,,,,,,,,,,,,,,
16,,53959,,,,,,,,,,0.00019677169620990753,,0.0002962173894047737,,0.24048903584480286,,0.23945964872837067,,0.07852201163768768,,0.029035232961177826,0.05055556073784828,,,,,,,,,,,,,,
16,,53969,,,,,,,,,,0.00019158609211444855,,0.000302919652312994,,0.2227805107831955,,0.28248971700668335,,0.08234278857707977,,0.024732384830713272,0.049854177981615067,,,,,,,,,,,,,,
16,,53979,,,,,,,,,,0.00013815425336360931,,0.0002935812808573246,,0.21090979874134064,,0.2672220468521118,,0.09477023780345917,,0.03513098880648613,0.05913069471716881,,,,,,,,,,,,,,
16,,53989,,,,,,,,,,0.00014433078467845917,,0.0003155320882797241,,0.2903846204280853,,0.2625865042209625,,0.06682100892066956,,0.019878040999174118,0.04316072538495064,,,,,,,,,,,,,,
16,,53999,,,,,,,,,,0.0001736413687467575,,0.0003363741561770439,,0.21111896634101868,,0.285688579082489,,0.08477479219436646,,0.026773855090141296,0.051855139434337616,,,,,,,,,,,,,,
16,,54009,,,,,,,,,,0.00018050335347652435,,0.00033002160489559174,,0.2697463035583496,,0.2577371895313263,,0.07761791348457336,,0.022662321105599403,0.04680514708161354,,,,,,,,,,,,,,
16,,54019,,,,,,,,,,0.00023767165839672089,,0.00033356714993715286,,0.2641495168209076,,0.2543339431285858,,0.07579472661018372,,0.023254677653312683,0.04668247327208519,,,,,,,,,,,,,,
16,,54029,,,,,,,,,,0.00019863061606884003,,0.00033701909705996513,,0.21830174326896667,,0.2668802738189697,,0.08392298966646194,,0.025409556925296783,0.04987427592277527,,,,,,,,,,,,,,
16,,54039,,,,,,,,,,0.0001564379781484604,,0.00031427759677171707,,0.2731705904006958,,0.23768898844718933,,0.07675310224294662,,0.023935467004776,0.046698134392499924,,,,,,,,,,,,,,
16,,54049,,,,,,,,,,0.00014415010809898376,,0.0002963836304843426,,0.2470879852771759,,0.2555890381336212,,0.08527445793151855,,0.032166026532649994,0.05500417947769165,,,,,,,,,,,,,,
16,,54059,,,,,,,,,,0.00015811622142791748,,0.0002885987050831318,,0.23847734928131104,,0.2630665898323059,,0.07197028398513794,,0.02026982791721821,0.04383436590433121,,,,,,,,,,,,,,
16,,54069,,,,,,,,,,0.00014536455273628235,,0.0003165965899825096,,0.2464742660522461,,0.2801976799964905,,0.09914809465408325,,0.03452080860733986,0.060519322752952576,,,,,,,,,,,,,,
16,,54079,,,,,,,,,,0.00017156638205051422,,0.00030401162803173065,,0.24889925122261047,,0.250921368598938,,0.05570024996995926,,0.016361910849809647,0.03740410879254341,,,,,,,,,,,,,,
16,,54089,,,,,,,,,,0.00012956373393535614,,0.0002852780744433403,,0.24361568689346313,,0.2655751705169678,,0.08211827278137207,,0.027590570971369743,0.05140729621052742,,,,,,,,,,,,,,
16,,54099,,,,,,,,,,0.00014188699424266815,,0.000284058041870594,,0.23484808206558228,,0.25780588388442993,,0.06823767721652985,,0.018069090321660042,0.04119415208697319,,,,,,,,,,,,,,
16,,54109,,,,,,,,,,0.0002033635973930359,,0.0003231056034564972,,0.18422597646713257,,0.29010483622550964,,0.07457840442657471,,0.020260538905858994,0.04494848847389221,,,,,,,,,,,,,,
16,,54119,,,,,,,,,,0.00017887912690639496,,0.0003004889003932476,,0.2521253228187561,,0.2663377523422241,,0.08080194890499115,,0.02281527779996395,0.04771365970373154,,,,,,,,,,,,,,
16,,54129,,,,,,,,,,0.0001589544117450714,,0.00032703159376978874,,0.2839483916759491,,0.2671107053756714,,0.0727083683013916,,0.024286866188049316,0.04770902544260025,,,,,,,,,,,,,,
16,,54139,,,,,,,,,,0.00019484572112560272,,0.00028046127408742905,,0.22752022743225098,,0.2656652629375458,,0.08204978704452515,,0.02504502236843109,0.049300417304039,,,,,,,,,,,,,,
16,,54149,,,,,,,,,,0.00024472735822200775,,0.12057393044233322,,0.26497596502304077,,0.26974916458129883,,0.08075745403766632,,0.03498631715774536,0.05749890208244324,,,,,,,,,,,,,,
16,,54159,,,,,,,,,,0.00015410222113132477,,0.00034222984686493874,,0.25935328006744385,,0.2726167142391205,,0.08004683256149292,,0.02632792294025421,0.05058639496564865,,,,,,,,,,,,,,
16,,54169,,,,,,,,,,0.0002097301185131073,,0.00035729678347706795,,0.2605307102203369,,0.26320117712020874,,0.08194006234407425,,0.028901521116495132,0.05244455859065056,,,,,,,,,,,,,,
16,,54179,,,,,,,,,,0.00021536648273468018,,0.0003343760035932064,,0.27075186371803284,,0.25412213802337646,,0.059494949877262115,,0.015400134027004242,0.0378006212413311,,,,,,,,,,,,,,
16,,54189,,,,,,,,,,0.0001630820333957672,,0.000348732341080904,,0.26537761092185974,,0.2317209243774414,,0.0868162214756012,,0.023956622928380966,0.048230238258838654,,,,,,,,,,,,,,
16,,54199,,,,,,,,,,0.0001713782548904419,,0.00038812216371297836,,0.287314236164093,,0.24550127983093262,,0.06336800754070282,,0.018385324627161026,0.040556494146585464,,,,,,,,,,,,,,
16,,54209,,,,,,,,,,0.00015098042786121368,,0.0003389553166925907,,0.2545122802257538,,0.24241238832473755,,0.07395614683628082,,0.026818081736564636,0.04833889380097389,,,,,,,,,,,,,,
16,,54219,,,,,,,,,,0.00021193921566009521,,0.0002862480469048023,,0.26657235622406006,,0.256761372089386,,0.07682804018259048,,0.02356830984354019,0.04725360497832298,,,,,,,,,,,,,,
16,,54229,,,,,,,,,,0.00016653724014759064,,0.0002897437661886215,,0.23434439301490784,,0.28361403942108154,,0.08105160295963287,,0.026586271822452545,0.05119097977876663,,,,,,,,,,,,,,
16,,54239,,,,,,,,,,0.00020760297775268555,,0.0002806512638926506,,0.25155696272850037,,0.243630051612854,,0.09523402154445648,,0.024050962179899216,0.05027594417333603,,,,,,,,,,,,,,
16,,54249,,,,,,,,,,0.00021478906273841858,,0.0002907118760049343,,0.2207433134317398,,0.2821730375289917,,0.09193655848503113,,0.028529701754450798,0.05446338653564453,,,,,,,,,,,,,,
16,,54259,,,,,,,,,,0.00014448724687099457,,0.00031949765980243683,,0.2584347128868103,,0.2780953049659729,,0.06350558996200562,,0.02367718145251274,0.045741643756628036,,,,,,,,,,,,,,
16,,54269,,,,,,,,,,0.0002597495913505554,,0.0003431304357945919,,0.2228464037179947,,0.2667136788368225,,0.07240084558725357,,0.019550055265426636,0.043363168835639954,,,,,,,,,,,,,,
16,,54279,,,,,,,,,,0.00014344602823257446,,0.0003571552224457264,,0.24960312247276306,,0.25584864616394043,,0.07695922255516052,,0.02624414674937725,0.049044035375118256,,,,,,,,,,,,,,
16,,54289,,,,,,,,,,0.00017518922686576843,,0.0003899172879755497,,0.2848440408706665,,0.2561455965042114,,0.09214337170124054,,0.02981332689523697,0.054996415972709656,,,,,,,,,,,,,,
16,,54299,,,,,,,,,,0.00015882402658462524,,0.00036617647856473923,,0.2390821874141693,,0.2776424288749695,,0.07242084294557571,,0.022880494594573975,0.046568069607019424,,,,,,,,,,,,,,
16,,54309,,,,,,,,,,0.00018598325550556183,,0.0003969436511397362,,0.2673884630203247,,0.2500123977661133,,0.0794011652469635,,0.02507118135690689,0.04855705052614212,,,,,,,,,,,,,,
16,,54319,,,,,,,,,,0.00021324492990970612,,0.0003802967257797718,,0.20245102047920227,,0.27488863468170166,,0.09789730608463287,,0.032542020082473755,0.058035582304000854,,,,,,,,,,,,,,
16,,54329,,,,,,,,,,0.00023764371871948242,,0.0003127995878458023,,0.2702333927154541,,0.25013798475265503,,0.08667108416557312,,0.022870579734444618,0.048308663070201874,,,,,,,,,,,,,,
16,,54339,,,,,,,,,,0.00017481110990047455,,0.0003476617857813835,,0.23472413420677185,,0.2624976634979248,,0.06335543096065521,,0.02148834615945816,0.04306231439113617,,,,,,,,,,,,,,
16,,54349,,,,,,,,,,0.00017761997878551483,,0.0003339899703860283,,0.2753823399543762,,0.23912003636360168,,0.06549528986215591,,0.020986299961805344,0.04246745631098747,,,,,,,,,,,,,,
16,,54359,,,,,,,,,,0.0001397840678691864,,0.0002934839576482773,,0.25106924772262573,,0.25508493185043335,,0.08566228300333023,,0.026713507249951363,0.05100954696536064,,,,,,,,,,,,,,
16,,54369,,,,,,,,,,0.00015192851424217224,,0.0002765357494354248,,0.23370683193206787,,0.26927417516708374,,0.06790007650852203,,0.018105458468198776,0.04168243706226349,,,,,,,,,,,,,,
16,,54379,,,,,,,,,,0.0001431833952665329,,0.0002946462482213974,,0.25005441904067993,,0.2512332499027252,,0.06816321611404419,,0.021655503660440445,0.043740760535001755,,,,,,,,,,,,,,
16,,54389,,,,,,,,,,0.0002085212618112564,,0.0003231419250369072,,0.20133160054683685,,0.2804270386695862,,0.0669507160782814,,0.024083241820335388,0.04613242670893669,,,,,,,,,,,,,,
16,,54399,,,,,,,,,,0.00014340132474899292,,0.0002777515910565853,,0.28657296299934387,,0.23357687890529633,,0.061325691640377045,,0.018757443875074387,0.039884500205516815,,,,,,,,,,,,,,
16,,54409,,,,,,,,,,0.0001249704509973526,,0.0002711880952119827,,0.19409361481666565,,0.26924407482147217,,0.08547734469175339,,0.025570973753929138,0.050113704055547714,,,,,,,,,,,,,,
16,,54419,,,,,,,,,,0.1758861243724823,,0.05781707540154457,,0.2052563577890396,,0.2774491310119629,,0.0850195586681366,,0.030149422585964203,0.05427546799182892,,,,,,,,,,,,,,
16,,54429,,,,,,,,,,0.00019346736371517181,,0.00031014159321784973,,0.3025292158126831,,0.2417292296886444,,0.06632837653160095,,0.026109298691153526,0.046907369047403336,,,,,,,,,,,,,,
16,,54439,,,,,,,,,,0.00016785599291324615,,0.0003246054984629154,,0.2524276375770569,,0.26119551062583923,,0.08368965983390808,,0.030582502484321594,0.05384458601474762,,,,,,,,,,,,,,
16,,54449,,,,,,,,,,0.00019565969705581665,,0.00029732100665569305,,0.23917265236377716,,0.2590946555137634,,0.07006652653217316,,0.0206940695643425,0.04361755773425102,,,,,,,,,,,,,,
16,,54459,,,,,,,,,,0.0001304037868976593,,0.00028295256197452545,,0.23592880368232727,,0.2633436322212219,,0.07368554174900055,,0.022773640230298042,0.04601745307445526,,,,,,,,,,,,,,
16,,54469,,,,,,,,,,0.00010554119944572449,,0.0002750563435256481,,0.28822100162506104,,0.24296729266643524,,0.06286050379276276,,0.017768530175089836,0.039890047162771225,,,,,,,,,,,,,,
16,,54479,,,,,,,,,,0.00013472139835357666,,0.0002536345273256302,,0.25878459215164185,,0.25458961725234985,,0.07532114535570145,,0.023150380700826645,0.046464208513498306,,,,,,,,,,,,,,
16,,54489,,,,,,,,,,0.00017423368990421295,,0.0002980697900056839,,0.22923614084720612,,0.2694571614265442,,0.06220564618706703,,0.015028554946184158,0.03826248645782471,,,,,,,,,,,,,,
16,,54499,,,,,,,,,,0.0001085083931684494,,0.00032257242128252983,,0.2697104215621948,,0.26332026720046997,,0.06426378339529037,,0.017124636098742485,0.040407631546258926,,,,,,,,,,,,,,
16,,54509,,,,,,,,,,0.00017810799181461334,,0.0002796035259962082,,0.27160409092903137,,0.2563902735710144,,0.08505614101886749,,0.02773754671216011,0.05196598172187805,,,,,,,,,,,,,,
16,,54519,,,,,,,,,,0.00018735602498054504,,0.00028632627800107,,0.23800531029701233,,0.2656443119049072,,0.07347141951322556,,0.0250831451267004,0.0478421114385128,,,,,,,,,,,,,,
16,,54529,,,,,,,,,,0.00016282685101032257,,0.000244826078414917,,0.22437438368797302,,0.2575184404850006,,0.05942978709936142,,0.018582245334982872,0.039790887385606766,,,,,,,,,,,,,,
16,,54539,,,,,,,,,,0.00012093782424926758,,0.0002626972272992134,,0.24256852269172668,,0.2617671489715576,,0.08016647398471832,,0.028274521231651306,0.05136343836784363,,,,,,,,,,,,,,
16,,54549,,,,,,,,,,0.00010667555034160614,,0.0002692537382245064,,0.277824342250824,,0.25678712129592896,,0.06956962496042252,,0.021603429690003395,0.04455127194523811,,,,,,,,,,,,,,
16,,54559,,,,,,,,,,0.00011340528726577759,,0.0002626306377351284,,0.21928048133850098,,0.2638578712940216,,0.06638504564762115,,0.020748864859342575,0.04295821860432625,,,,,,,,,,,,,,
16,,54569,,,,,,,,,,0.000139554962515831,,0.00028161145746707916,,0.24092605710029602,,0.2647055387496948,,0.07871105521917343,,0.029632650315761566,0.052227914333343506,,,,,,,,,,,,,,
16,,54579,,,,,,,,,,0.00017159618437290192,,0.00029204320162534714,,0.25076690316200256,,0.24469274282455444,,0.0682867094874382,,0.01956050843000412,0.04189399629831314,,,,,,,,,,,,,,
16,,54589,,,,,,,,,,0.0001697242259979248,,0.0003050318919122219,,0.22801634669303894,,0.2746928930282593,,0.10980765521526337,,0.033839982002973557,0.061533257365226746,,,,,,,,,,,,,,
16,,54599,,,,,,,,,,0.0001247953623533249,,0.000248052179813385,,0.24270369112491608,,0.2564481496810913,,0.08223901689052582,,0.025664301589131355,0.049546148627996445,,,,,,,,,,,,,,
16,,54609,,,,,,,,,,0.00013900361955165863,,0.00027757836505770683,,0.27258652448654175,,0.2578466236591339,,0.06310604512691498,,0.016911868005990982,0.03980785235762596,,,,,,,,,,,,,,
16,,54619,,,,,,,,,,0.0001535564661026001,,0.00025321077555418015,,0.2431207150220871,,0.25921353697776794,,0.08045817911624908,,0.02464095875620842,0.04857904464006424,,,,,,,,,,,,,,
16,,54629,,,,,,,,,,0.00014765560626983643,,0.00030244141817092896,,0.23050612211227417,,0.26137441396713257,,0.08336260169744492,,0.026592660695314407,0.05054148659110069,,,,,,,,,,,,,,
16,,54639,,,,,,,,,,0.0001727752387523651,,0.00027879560366272926,,0.19102832674980164,,0.2716497480869293,,0.06192377209663391,,0.018276838585734367,0.04030131176114082,,,,,,,,,,,,,,
16,,54649,,,,,,,,,,0.00015727803111076355,,0.0002678711898624897,,0.22716562449932098,,0.25614815950393677,,0.0712958350777626,,0.018114207312464714,0.041633736342191696,,,,,,,,,,,,,,
16,,54659,,,,,,,,,,0.00016875192523002625,,0.00031168432906270027,,0.2309322953224182,,0.26708751916885376,,0.07699118554592133,,0.022487454116344452,0.046539805829524994,,,,,,,,,,,,,,
16,,54669,,,,,,,,,,0.00019631534814834595,,0.00028596166521310806,,0.30100053548812866,,0.22610163688659668,,0.07754968106746674,,0.023405157029628754,0.046232566237449646,,,,,,,,,,,,,,
16,,54679,,,,,,,,,,0.0001910831779241562,,0.00028728367760777473,,0.26392942667007446,,0.2774098217487335,,0.07070960104465485,,0.017184853553771973,0.0422544963657856,,,,,,,,,,,,,,
16,,54689,,,,,,,,,,0.0001927148550748825,,0.0003071306273341179,,0.2693524956703186,,0.25653696060180664,,0.07100929319858551,,0.02307688444852829,0.04581577703356743,,,,,,,,,,,,,,
16,,54699,,,,,,,,,,0.00015393085777759552,,0.0002412283793091774,,0.2435263991355896,,0.27583369612693787,,0.09550409764051437,,0.03128239884972572,0.05716712772846222,,,,,,,,,,,,,,
16,,54709,,,,,,,,,,0.00019093230366706848,,0.00031308503821492195,,0.2870422601699829,,0.256519615650177,,0.056766726076602936,,0.015021102502942085,0.03730788454413414,,,,,,,,,,,,,,
16,,54719,,,,,,,,,,0.0002024080604314804,,0.00026436569169163704,,0.2531655430793762,,0.25981342792510986,,0.07686267048120499,,0.023853303864598274,0.04745977744460106,,,,,,,,,,,,,,
16,,54729,,,,,,,,,,0.00017894431948661804,,0.0002755187451839447,,0.2436232566833496,,0.2525104284286499,,0.07731935381889343,,0.023324331268668175,0.046694353222846985,,,,,,,,,,,,,,
16,,54739,,,,,,,,,,0.00019995123147964478,,0.0002862834371626377,,0.26857298612594604,,0.26201045513153076,,0.0711071714758873,,0.02833489328622818,0.050026047974824905,,,,,,,,,,,,,,
16,,54749,,,,,,,,,,0.00021136179566383362,,0.0002607968635857105,,0.2291347086429596,,0.2571633756160736,,0.08261491358280182,,0.023589778691530228,0.04793495684862137,,,,,,,,,,,,,,
16,,54759,,,,,,,,,,0.00015722587704658508,,0.0002552587538957596,,0.26726487278938293,,0.2735835909843445,,0.07365218549966812,,0.027504468336701393,0.050407543778419495,,,,,,,,,,,,,,
16,,54769,,,,,,,,,,0.00013200007379055023,,0.00024433620274066925,,0.24761348962783813,,0.28572091460227966,,0.07505923509597778,,0.026028010994195938,0.049902502447366714,,,,,,,,,,,,,,
16,,54779,,,,,,,,,,0.00015137158334255219,,0.0002631358802318573,,0.2627207040786743,,0.24177582561969757,,0.07612748444080353,,0.022441746667027473,0.045529209077358246,,,,,,,,,,,,,,
16,,54789,,,,,,,,,,0.0001641586422920227,,0.00024245213717222214,,0.24207212030887604,,0.2618323564529419,,0.07152597606182098,,0.022515645250678062,0.045419950038194656,,,,,,,,,,,,,,
16,,54799,,,,,,,,,,0.00013797171413898468,,0.0002443999983370304,,0.26769471168518066,,0.25804364681243896,,0.07919342070817947,,0.02538483589887619,0.0491330511868,,,,,,,,,,,,,,
16,,54809,,,,,,,,,,0.0001980699598789215,,0.000235849991440773,,0.24003148078918457,,0.25606465339660645,,0.07679011672735214,,0.02359488233923912,0.04692249745130539,,,,,,,,,,,,,,
16,,54819,,,,,,,,,,0.00014313682913780212,,0.00027537718415260315,,0.24176137149333954,,0.2692922055721283,,0.08287458121776581,,0.02417251467704773,0.04913749545812607,,,,,,,,,,,,,,
16,,54829,,,,,,,,,,0.00013114884495735168,,0.00026397500187158585,,0.26373639702796936,,0.2608105540275574,,0.06267217546701431,,0.018851570785045624,0.04121680185198784,,,,,,,,,,,,,,
16,,54839,,,,,,,,,,0.00018641352653503418,,0.06496120244264603,,0.29639214277267456,,0.2651510238647461,,0.08439189195632935,,0.031029216945171356,0.05520161986351013,,,,,,,,,,,,,,
16,,54849,,,,,,,,,,0.00013751164078712463,,0.00029543088749051094,,0.23347827792167664,,0.25944676995277405,,0.0791567787528038,,0.02222897857427597,0.046423569321632385,,,,,,,,,,,,,,
16,,54859,,,,,,,,,,0.00014952197670936584,,0.00029266485944390297,,0.286885142326355,,0.2609272003173828,,0.07410849630832672,,0.0246077012270689,0.047956693917512894,,,,,,,,,,,,,,
16,,54869,,,,,,,,,,0.0002304334193468094,,0.00024250149726867676,,0.23470324277877808,,0.26525169610977173,,0.09624724835157394,,0.03099999949336052,0.05649513751268387,,,,,,,,,,,,,,
16,,54879,,,,,,,,,,0.0001466255635023117,,0.0003133658319711685,,0.20594879984855652,,0.2603941559791565,,0.06837357580661774,,0.021350298076868057,0.04346384480595589,,,,,,,,,,,,,,
16,,54889,,,,,,,,,,0.00014181248843669891,,0.00028906017541885376,,0.2178640216588974,,0.26752984523773193,,0.08527889847755432,,0.021485676988959312,0.04721008613705635,,,,,,,,,,,,,,
16,,54899,,,,,,,,,,0.00016881711781024933,,0.00031053926795721054,,0.21563571691513062,,0.2626113295555115,,0.07032398879528046,,0.02012375369668007,0.043127015233039856,,,,,,,,,,,,,,
16,,54909,,,,,,,,,,0.00015359558165073395,,0.0003038053400814533,,0.26076698303222656,,0.2652776837348938,,0.07035945355892181,,0.025998488068580627,0.04819479212164879,,,,,,,,,,,,,,
16,,54919,,,,,,,,,,0.00014834292232990265,,0.00029512494802474976,,0.20274117588996887,,0.2668217420578003,,0.081631600856781,,0.021631238982081413,0.046424806118011475,,,,,,,,,,,,,,
16,,54929,,,,,,,,,,0.0001358184963464737,,0.00028640590608119965,,0.23510414361953735,,0.2515028417110443,,0.07146129012107849,,0.020704565569758415,0.043483294546604156,,,,,,,,,,,,,,
16,,54939,,,,,,,,,,0.00019309483468532562,,0.00030896905809640884,,0.20731693506240845,,0.2810482978820801,,0.0896216481924057,,0.029024317860603333,0.05419021099805832,,,,,,,,,,,,,,
16,,54949,,,,,,,,,,0.0001288149505853653,,0.0002817329950630665,,0.2427597939968109,,0.26269418001174927,,0.09769502282142639,,0.03635706752538681,0.060760002583265305,,,,,,,,,,,,,,
16,,54959,,,,,,,,,,0.00020601414144039154,,0.00029633380472660065,,0.2625736892223358,,0.25738102197647095,,0.07234904915094376,,0.024047184735536575,0.04675504192709923,,,,,,,,,,,,,,
16,,54969,,,,,,,,,,0.00015946663916110992,,0.00031781289726495743,,0.23559799790382385,,0.28676795959472656,,0.08415780961513519,,0.02070564776659012,0.04752463847398758,,,,,,,,,,,,,,
16,,54979,,,,,,,,,,0.0001463852822780609,,0.00031209876760840416,,0.23493489623069763,,0.2721116840839386,,0.059213608503341675,,0.01699969731271267,0.03937133774161339,,,,,,,,,,,,,,
16,,54989,,,,,,,,,,0.00016431324183940887,,0.0003299457021057606,,0.21121567487716675,,0.2798013687133789,,0.08641642332077026,,0.030494648963212967,0.054679375141859055,,,,,,,,,,,,,,
16,,54999,,,,,,,,,,0.00018524006009101868,,0.00028078584000468254,,0.2882950007915497,,0.2666064202785492,,0.08165350556373596,,0.027397358790040016,0.05174727737903595,,,,,,,,,,,,,,
16,,55009,,,,,,,,,,0.00014409981667995453,,0.0003031105734407902,,0.21080325543880463,,0.25327882170677185,,0.08275184780359268,,0.023509060963988304,0.04750315472483635,,,,,,,,,,,,,,
16,,55019,,,,,,,,,,0.00018707476556301117,,0.00032109813764691353,,0.2510843873023987,,0.25999224185943604,,0.06806332617998123,,0.024416087195277214,0.046215832233428955,,,,,,,,,,,,,,
16,,55029,,,,,,,,,,0.000136667862534523,,0.0002697380259633064,,0.19711169600486755,,0.29195302724838257,,0.08416847884654999,,0.024821855127811432,0.050406377762556076,,,,,,,,,,,,,,
16,,55039,,,,,,,,,,0.00014219246804714203,,0.0002863919362425804,,0.23427432775497437,,0.25959429144859314,,0.07091624289751053,,0.02458854764699936,0.04666442796587944,,,,,,,,,,,,,,
16,,55049,,,,,,,,,,0.00017474032938480377,,0.0002747359685599804,,0.262861430644989,,0.27764636278152466,,0.0845232829451561,,0.030531108379364014,0.05485584959387779,,,,,,,,,,,,,,
16,,55059,,,,,,,,,,0.00016509182751178741,,0.00024867476895451546,,0.2706911563873291,,0.28683653473854065,,0.1056310161948204,,0.04304409772157669,0.0687241479754448,,,,,,,,,,,,,,
16,,55069,,,,,,,,,,0.0001569800078868866,,0.00028714025393128395,,0.21521851420402527,,0.2657833695411682,,0.07505161315202713,,0.02407638356089592,0.047122616320848465,,,,,,,,,,,,,,
16,,55079,,,,,,,,,,0.0001417262974428013,,0.00028884547646157444,,0.2637927234172821,,0.2399144172668457,,0.08869943022727966,,0.026302510872483253,0.05070866271853447,,,,,,,,,,,,,,
16,,55079,,,,,,,,,,,,,,,,,,,,,,0.9830163717269897,0.9992310404777527,0.9992791414260864,0.9378892779350281,0.9059033989906311,0.9720007181167603,0.9912165403366089,0.05452102795243263,0.007712285500019789,0.0052864099852740765,0.25044164061546326,0.26625537872314453,0.09008513391017914,0.02957339398562908
16,,55079,0.9837123155593872,0.9997926354408264,0.9995791912078857,0.939001739025116,0.9064666628837585,0.9732997417449951,0.9917649626731873,0.04828003793954849,0.00230446201749146,,0.003734264522790909,,0.24862352013587952,,0.26310375332832336,,0.07768037915229797,,0.024592021480202675,,,,,,,,,,,,,,,,
