epoch,lr-AdamW,step,train/acc,train/acc_s0_1,train/acc_s1_2,train/acc_s2_4,train/acc_s3_8,train/acc_s4_16,train/acc_s5_32,train/loss_epoch,train/loss_s0_1_epoch,train/loss_s0_1_step,train/loss_s1_2_epoch,train/loss_s1_2_step,train/loss_s2_4_epoch,train/loss_s2_4_step,train/loss_s3_8_epoch,train/loss_s3_8_step,train/loss_s4_16_epoch,train/loss_s4_16_step,train/loss_s5_32_epoch,train/loss_s5_32_step,train/loss_step,val/acc,val/acc_s0_1,val/acc_s1_2,val/acc_s2_4,val/acc_s3_8,val/acc_s4_16,val/acc_s5_32,val/loss,val/loss_s0_1,val/loss_s1_2,val/loss_s2_4,val/loss_s3_8,val/loss_s4_16,val/loss_s5_32
,0.0003,0,,,,,,,,,,,,,,,,,,,,,,,,,,,,,,,,,,,
0,,9,,,,,,,,,,0.32733154296875,,0.19686508178710938,,0.37592029571533203,,0.8519502878189087,,0.9342511296272278,,1.0773606300354004,1.0286006927490234,,,,,,,,,,,,,,
0,,19,,,,,,,,,,0.238372802734375,,0.18945693969726562,,0.3641676902770996,,0.850200891494751,,0.9132916331291199,,1.0697273015975952,1.0186368227005005,,,,,,,,,,,,,,
0,,29,,,,,,,,,,0.1768035888671875,,0.10653877258300781,,0.30420100688934326,,0.7847510576248169,,0.8439720273017883,,1.024295687675476,0.9674944281578064,,,,,,,,,,,,,,
0,,39,,,,,,,,,,0.11203765869140625,,0.04009103775024414,,0.3199318051338196,,0.5938220024108887,,0.6836849451065063,,0.9487985372543335,0.8717868328094482,,,,,,,,,,,,,,
0,,49,,,,,,,,,,0.14886474609375,,0.04617786407470703,,0.39780861139297485,,0.47341763973236084,,0.6143645644187927,,0.8726162910461426,0.796947717666626,,,,,,,,,,,,,,
0,,59,,,,,,,,,,0.093841552734375,,0.023446083068847656,,0.25067439675331116,,0.4367067217826843,,0.5475530624389648,,0.7025116086006165,0.653255045413971,,,,,,,,,,,,,,
0,,69,,,,,,,,,,0.07349395751953125,,0.019980430603027344,,0.25194886326789856,,0.4275353252887726,,0.5353891253471375,,0.6409119367599487,0.6043225526809692,,,,,,,,,,,,,,
0,,79,,,,,,,,,,0.0595550537109375,,0.01789546012878418,,0.2873900234699249,,0.39245304465293884,,0.5095298290252686,,0.6129656434059143,0.5772621631622314,,,,,,,,,,,,,,
0,,89,,,,,,,,,,0.04266548156738281,,0.013141155242919922,,0.25145381689071655,,0.41478583216667175,,0.5157105326652527,,0.6028890013694763,0.57146155834198,,,,,,,,,,,,,,
0,,99,,,,,,,,,,0.04308509826660156,,0.011763155460357666,,0.2913592755794525,,0.3989379405975342,,0.5067017674446106,,0.5965820550918579,0.5647616386413574,,,,,,,,,,,,,,
0,,109,,,,,,,,,,0.03237152099609375,,0.008116006851196289,,0.25714632868766785,,0.39495784044265747,,0.5055387020111084,,0.5884822010993958,0.5578609108924866,,,,,,,,,,,,,,
0,,119,,,,,,,,,,0.022932052612304688,,0.005678236484527588,,0.18939347565174103,,0.3675311505794525,,0.48223909735679626,,0.5554322600364685,0.5266035199165344,,,,,,,,,,,,,,
0,,129,,,,,,,,,,0.022457122802734375,,0.0050506591796875,,0.2617337703704834,,0.38397517800331116,,0.4828622341156006,,0.5721148252487183,0.5408521294593811,,,,,,,,,,,,,,
0,,139,,,,,,,,,,0.017446517944335938,,0.003615826368331909,,0.2061028778553009,,0.39010336995124817,,0.4763394892215729,,0.5545749068260193,0.5260980129241943,,,,,,,,,,,,,,
0,,149,,,,,,,,,,0.014730453491210938,,0.003464311361312866,,0.23305252194404602,,0.3573187291622162,,0.4716569483280182,,0.5334811210632324,0.5081719160079956,,,,,,,,,,,,,,
0,,159,,,,,,,,,,0.010190010070800781,,0.002447277307510376,,0.27131515741348267,,0.36755672097206116,,0.46495240926742554,,0.5119718313217163,0.49170082807540894,,,,,,,,,,,,,,
0,,169,,,,,,,,,,0.009407997131347656,,0.0017720013856887817,,0.18301621079444885,,0.36273008584976196,,0.45765143632888794,,0.5044732093811035,0.48344236612319946,,,,,,,,,,,,,,
0,,179,,,,,,,,,,0.011393070220947266,,0.0020624101161956787,,0.2257918417453766,,0.3811374604701996,,0.4601331353187561,,0.5057843923568726,0.48625820875167847,,,,,,,,,,,,,,
0,,189,,,,,,,,,,0.013734817504882812,,0.0017872601747512817,,0.23407943546772003,,0.357232928276062,,0.432169646024704,,0.47990280389785767,0.46057504415512085,,,,,,,,,,,,,,
0,,199,,,,,,,,,,0.009116649627685547,,0.0015757828950881958,,0.21172788739204407,,0.3519330620765686,,0.397287517786026,,0.45141470432281494,0.4321472942829132,,,,,,,,,,,,,,
0,,209,,,,,,,,,,0.007296323776245117,,0.0016418248414993286,,0.2482900619506836,,0.3307608366012573,,0.39236950874328613,,0.4561600983142853,0.4342195689678192,,,,,,,,,,,,,,
0,,219,,,,,,,,,,0.005993843078613281,,0.0013878494501113892,,0.20311889052391052,,0.34166836738586426,,0.39076077938079834,,0.45145002007484436,0.4303646981716156,,,,,,,,,,,,,,
0,,229,,,,,,,,,,0.005136847496032715,,0.0011655539274215698,,0.1961144357919693,,0.33944910764694214,,0.3770264983177185,,0.4316016435623169,0.41271156072616577,,,,,,,,,,,,,,
0,,239,,,,,,,,,,0.003183722496032715,,0.000860944390296936,,0.21423661708831787,,0.3358737528324127,,0.3714234232902527,,0.43329769372940063,0.4129754900932312,,,,,,,,,,,,,,
0,,249,,,,,,,,,,0.0026890039443969727,,0.000690557062625885,,0.2581945061683655,,0.34511658549308777,,0.37582117319107056,,0.44586312770843506,0.4241744577884674,,,,,,,,,,,,,,
0,,259,,,,,,,,,,0.0025600194931030273,,0.0007928088307380676,,0.22614705562591553,,0.33154159784317017,,0.3511374294757843,,0.40606528520584106,0.3886775076389313,,,,,,,,,,,,,,
0,,269,,,,,,,,,,0.0022388696670532227,,0.0007027164101600647,,0.22939933836460114,,0.3271229863166809,,0.36436206102371216,,0.425238698720932,0.4053717255592346,,,,,,,,,,,,,,
0,,279,,,,,,,,,,0.002001047134399414,,0.0007033348083496094,,0.21004965901374817,,0.3335859179496765,,0.3610883355140686,,0.42304396629333496,0.4031873345375061,,,,,,,,,,,,,,
0,,289,,,,,,,,,,0.0017032623291015625,,0.000542767345905304,,0.20705294609069824,,0.33487623929977417,,0.3425558805465698,,0.405588299036026,0.38664141297340393,,,,,,,,,,,,,,
0,,299,,,,,,,,,,0.0021072030067443848,,0.0005665794014930725,,0.2361598163843155,,0.3364381790161133,,0.34690725803375244,,0.4014909565448761,0.3847985565662384,,,,,,,,,,,,,,
0,,309,,,,,,,,,,0.0021784305572509766,,0.0006898343563079834,,0.22227153182029724,,0.3219825029373169,,0.32547956705093384,,0.3835929036140442,0.36651286482810974,,,,,,,,,,,,,,
0,,319,,,,,,,,,,0.0023189187049865723,,0.0006375834345817566,,0.23890215158462524,,0.319487601518631,,0.33449292182922363,,0.3881053328514099,0.3716663420200348,,,,,,,,,,,,,,
0,,329,,,,,,,,,,0.0018618106842041016,,0.0006540641188621521,,0.21101513504981995,,0.31196993589401245,,0.3235029876232147,,0.3745536506175995,0.358759343624115,,,,,,,,,,,,,,
0,,339,,,,,,,,,,0.0029560327529907227,,0.0006461888551712036,,0.20720815658569336,,0.32353293895721436,,0.3352861702442169,,0.3849378228187561,0.3692575693130493,,,,,,,,,,,,,,
0,,349,,,,,,,,,,0.0035881996154785156,,0.000822022557258606,,0.21800407767295837,,0.31933802366256714,,0.31383490562438965,,0.3611246943473816,0.34730109572410583,,,,,,,,,,,,,,
0,,359,,,,,,,,,,0.0036885738372802734,,0.000832974910736084,,0.25814926624298096,,0.3269241452217102,,0.33703869581222534,,0.3669906258583069,0.3568797707557678,,,,,,,,,,,,,,
0,,369,,,,,,,,,,0.0036295652389526367,,0.00085468590259552,,0.19891001284122467,,0.33332303166389465,,0.3147936463356018,,0.34962448477745056,0.339285671710968,,,,,,,,,,,,,,
0,,379,,,,,,,,,,0.0040999650955200195,,0.0008927658200263977,,0.2743597626686096,,0.30634117126464844,,0.3154718577861786,,0.3412593603134155,0.33275723457336426,,,,,,,,,,,,,,
0,,389,,,,,,,,,,0.004413962364196777,,0.0009668692946434021,,0.2094629406929016,,0.32187455892562866,,0.31298941373825073,,0.3475647568702698,0.3369899392127991,,,,,,,,,,,,,,
0,,399,,,,,,,,,,0.005199432373046875,,0.0009889379143714905,,0.22963391244411469,,0.3064500689506531,,0.31390583515167236,,0.3316960632801056,0.3247712552547455,,,,,,,,,,,,,,
0,,409,,,,,,,,,,0.004570126533508301,,0.0007454678416252136,,0.2204832136631012,,0.3107178807258606,,0.30800044536590576,,0.3296700716018677,0.3222355246543884,,,,,,,,,,,,,,
0,,419,,,,,,,,,,0.004738569259643555,,0.0007640421390533447,,0.22020494937896729,,0.3055151402950287,,0.31481677293777466,,0.3196357488632202,0.31573930382728577,,,,,,,,,,,,,,
0,,429,,,,,,,,,,0.004976987838745117,,0.0008133016526699066,,0.24778267741203308,,0.3105285167694092,,0.31985193490982056,,0.31860849261283875,0.3164716362953186,,,,,,,,,,,,,,
0,,439,,,,,,,,,,0.0038956403732299805,,0.0007144585251808167,,0.22155018150806427,,0.2926005423069,,0.2860327959060669,,0.2814209461212158,0.2810823619365692,,,,,,,,,,,,,,
0,,449,,,,,,,,,,0.003572404384613037,,0.0005456432700157166,,0.24493305385112762,,0.3085797429084778,,0.2985934615135193,,0.28515177965164185,0.28725942969322205,,,,,,,,,,,,,,
0,,459,,,,,,,,,,0.0033823251724243164,,0.0007249936461448669,,0.2344663143157959,,0.3045351207256317,,0.29025086760520935,,0.27715861797332764,0.2793865501880646,,,,,,,,,,,,,,
0,,469,,,,,,,,,,0.0035578012466430664,,0.0010161660611629486,,0.23086535930633545,,0.30482569336891174,,0.30848246812820435,,0.2913057804107666,0.2933911681175232,,,,,,,,,,,,,,
0,,479,,,,,,,,,,0.002742588520050049,,0.0006512422114610672,,0.18066194653511047,,0.3183656930923462,,0.28326743841171265,,0.257572203874588,0.2634005546569824,,,,,,,,,,,,,,
0,,489,,,,,,,,,,0.002844572067260742,,0.0009045116603374481,,0.20027318596839905,,0.3087446093559265,,0.289080411195755,,0.26232683658599854,0.26783719658851624,,,,,,,,,,,,,,
0,,499,,,,,,,,,,0.0025218725204467773,,0.00046357885003089905,,0.21426454186439514,,0.30060553550720215,,0.290066659450531,,0.25571131706237793,0.2628401815891266,,,,,,,,,,,,,,
0,,509,,,,,,,,,,0.0018034875392913818,,0.0005285497754812241,,0.22218501567840576,,0.3078859746456146,,0.29120004177093506,,0.2587265372276306,0.2657485604286194,,,,,,,,,,,,,,
0,,519,,,,,,,,,,0.0018288493156433105,,0.00041641853749752045,,0.20533610880374908,,0.30844390392303467,,0.2703516483306885,,0.23470307886600494,0.24364487826824188,,,,,,,,,,,,,,
0,,529,,,,,,,,,,0.00192338228225708,,0.0004021497443318367,,0.2362092137336731,,0.3094538450241089,,0.2868102788925171,,0.24794504046440125,0.257074773311615,,,,,,,,,,,,,,
0,,539,,,,,,,,,,0.0013905763626098633,,0.0003259945660829544,,0.202463760972023,,0.3150280714035034,,0.2722252607345581,,0.23638251423835754,0.2455306202173233,,,,,,,,,,,,,,
0,,549,,,,,,,,,,0.0013795197010040283,,0.0003378670662641525,,0.20144015550613403,,0.3217216730117798,,0.29395532608032227,,0.24373741447925568,0.2554253935813904,,,,,,,,,,,,,,
0,,559,,,,,,,,,,0.0014813244342803955,,0.00034765154123306274,,0.21906085312366486,,0.2953520715236664,,0.27597540616989136,,0.218285471200943,0.2319299727678299,,,,,,,,,,,,,,
0,,569,,,,,,,,,,0.0009880661964416504,,0.00035614706575870514,,0.2442958950996399,,0.2971980571746826,,0.2774535119533539,,0.22807729244232178,0.23993486166000366,,,,,,,,,,,,,,
0,,579,,,,,,,,,,0.0011661052703857422,,0.00030261091887950897,,0.21238265931606293,,0.3049868941307068,,0.26457923650741577,,0.2135387808084488,0.2266048938035965,,,,,,,,,,,,,,
0,,589,,,,,,,,,,0.0010357648134231567,,0.00027491990476846695,,0.22863256931304932,,0.30271974205970764,,0.26821058988571167,,0.21929943561553955,0.23169146478176117,,,,,,,,,,,,,,
0,,599,,,,,,,,,,0.0007829070091247559,,0.00025982968509197235,,0.2655465602874756,,0.2865845859050751,,0.2728012204170227,,0.23002463579177856,0.24027422070503235,,,,,,,,,,,,,,
0,,609,,,,,,,,,,0.0008635818958282471,,0.00020799040794372559,,0.1973017454147339,,0.3149073123931885,,0.27548664808273315,,0.20370200276374817,0.22155900299549103,,,,,,,,,,,,,,
0,,619,,,,,,,,,,0.0008721798658370972,,0.00020408816635608673,,0.1955491304397583,,0.3107094466686249,,0.27003931999206543,,0.1982356756925583,0.21621926128864288,,,,,,,,,,,,,,
0,,629,,,,,,,,,,0.00083160400390625,,0.00023290887475013733,,0.20709246397018433,,0.31400173902511597,,0.26367729902267456,,0.2032577395439148,0.2190832793712616,,,,,,,,,,,,,,
0,,639,,,,,,,,,,0.0009033083915710449,,0.00025481171905994415,,0.21441295742988586,,0.2988419532775879,,0.2591947317123413,,0.1912487894296646,0.20860882103443146,,,,,,,,,,,,,,
0,,649,,,,,,,,,,0.0007461011409759521,,0.0001786472275853157,,0.2189064472913742,,0.3030725121498108,,0.2651408910751343,,0.18723517656326294,0.20696373283863068,,,,,,,,,,,,,,
0,,659,,,,,,,,,,0.0009480118751525879,,0.00022055860608816147,,0.19978150725364685,,0.3033255934715271,,0.26503226161003113,,0.2013753354549408,0.21733903884887695,,,,,,,,,,,,,,
0,,669,,,,,,,,,,0.0007726550102233887,,0.00014962535351514816,,0.21443890035152435,,0.3098309636116028,,0.2623627781867981,,0.19391608238220215,0.2117190659046173,,,,,,,,,,,,,,
0,,679,,,,,,,,,,0.0011795461177825928,,0.0002535944804549217,,0.19800952076911926,,0.30223557353019714,,0.24823099374771118,,0.17159044742584229,0.19177228212356567,,,,,,,,,,,,,,
0,,689,,,,,,,,,,0.001063615083694458,,0.00023724883794784546,,0.19342032074928284,,0.2975011169910431,,0.24344290792942047,,0.17323116958141327,0.19182924926280975,,,,,,,,,,,,,,
0,,699,,,,,,,,,,0.0010568499565124512,,0.00023644231259822845,,0.21987658739089966,,0.28835445642471313,,0.2413637936115265,,0.17205366492271423,0.1904371976852417,,,,,,,,,,,,,,
0,,709,,,,,,,,,,0.001057550311088562,,0.0001685023307800293,,0.19182436168193817,,0.2882649898529053,,0.24167513847351074,,0.17335307598114014,0.19113720953464508,,,,,,,,,,,,,,
0,,719,,,,,,,,,,0.0009442120790481567,,0.00018408428877592087,,0.22881868481636047,,0.2995423972606659,,0.2561418414115906,,0.1638418287038803,0.1876775473356247,,,,,,,,,,,,,,
0,,729,,,,,,,,,,0.0009101182222366333,,0.00019055046141147614,,0.21535202860832214,,0.2911781072616577,,0.23275676369667053,,0.15903069078922272,0.17913250625133514,,,,,,,,,,,,,,
0,,739,,,,,,,,,,0.0005898699164390564,,0.00013979291543364525,,0.22276127338409424,,0.2941781282424927,,0.2567688524723053,,0.17565728724002838,0.19633600115776062,,,,,,,,,,,,,,
0,,749,,,,,,,,,,0.0004642009735107422,,0.00012694718316197395,,0.18651127815246582,,0.2849627733230591,,0.2232472449541092,,0.14173556864261627,0.16374453902244568,,,,,,,,,,,,,,
0,,759,,,,,,,,,,0.00041557103395462036,,0.00011894525960087776,,0.2069617211818695,,0.2852364480495453,,0.2510383129119873,,0.1645156741142273,0.18629837036132812,,,,,,,,,,,,,,
0,,769,,,,,,,,,,0.0005878359079360962,,0.0001195189543068409,,0.20564183592796326,,0.2931062579154968,,0.2590467929840088,,0.167350172996521,0.19028036296367645,,,,,,,,,,,,,,
0,,779,,,,,,,,,,0.000683128833770752,,0.0001399163156747818,,0.22252194583415985,,0.29203590750694275,,0.24033582210540771,,0.15627434849739075,0.17861011624336243,,,,,,,,,,,,,,
0,,789,,,,,,,,,,0.0005175173282623291,,0.00010617868974804878,,0.26546981930732727,,0.28809624910354614,,0.23524899780750275,,0.16507890820503235,0.18457961082458496,,,,,,,,,,,,,,
0,,799,,,,,,,,,,0.0007266849279403687,,0.0001188153401017189,,0.23644587397575378,,0.27758705615997314,,0.22988954186439514,,0.14944793283939362,0.17101562023162842,,,,,,,,,,,,,,
0,,809,,,,,,,,,,0.0007116496562957764,,0.00011785654351115227,,0.23364783823490143,,0.2843456566333771,,0.23694756627082825,,0.15512463450431824,0.17688196897506714,,,,,,,,,,,,,,
0,,819,,,,,,,,,,0.0005570352077484131,,0.0001315223053097725,,0.2114126980304718,,0.2999038100242615,,0.22288885712623596,,0.1497925966978073,0.17071406543254852,,,,,,,,,,,,,,
0,,829,,,,,,,,,,0.00040919333696365356,,0.00015128497034311295,,0.2227688729763031,,0.27915939688682556,,0.21578703820705414,,0.1431751847267151,0.1635783165693283,,,,,,,,,,,,,,
0,,839,,,,,,,,,,0.0006040483713150024,,0.00015607662498950958,,0.24816271662712097,,0.2856254279613495,,0.23791956901550293,,0.15363800525665283,0.1761791855096817,,,,,,,,,,,,,,
0,,849,,,,,,,,,,0.000647425651550293,,0.00014251098036766052,,0.21121957898139954,,0.2821083664894104,,0.2182931751012802,,0.1296101212501526,0.15387508273124695,,,,,,,,,,,,,,
0,,859,,,,,,,,,,0.0006188750267028809,,0.00014897901564836502,,0.18413060903549194,,0.3061431646347046,,0.23282155394554138,,0.14059153199195862,0.16564726829528809,,,,,,,,,,,,,,
0,,869,,,,,,,,,,0.0005984082818031311,,0.000129020307213068,,0.19950643181800842,,0.2865666151046753,,0.2143634706735611,,0.12791115045547485,0.15193520486354828,,,,,,,,,,,,,,
0,,879,,,,,,,,,,0.0005903393030166626,,9.915698319673538e-05,,0.19164973497390747,,0.28933125734329224,,0.2329217940568924,,0.1317138373851776,0.15830588340759277,,,,,,,,,,,,,,
0,,889,,,,,,,,,,0.0006257593631744385,,0.00010452140122652054,,0.20282401144504547,,0.28675058484077454,,0.227013498544693,,0.13973543047904968,0.16322550177574158,,,,,,,,,,,,,,
0,,899,,,,,,,,,,0.0006102658808231354,,0.00011241622269153595,,0.24440696835517883,,0.2976246774196625,,0.23000235855579376,,0.14351068437099457,0.16761545836925507,,,,,,,,,,,,,,
0,,909,,,,,,,,,,0.0005733594298362732,,8.079269900918007e-05,,0.19202306866645813,,0.2774016857147217,,0.23489820957183838,,0.14622509479522705,0.16900762915611267,,,,,,,,,,,,,,
0,,919,,,,,,,,,,0.0004685521125793457,,7.354002445936203e-05,,0.18702487647533417,,0.31052088737487793,,0.23547276854515076,,0.15499204397201538,0.17718635499477386,,,,,,,,,,,,,,
0,,929,,,,,,,,,,0.0003218352794647217,,6.860168650746346e-05,,0.2036755383014679,,0.30673331022262573,,0.2209836095571518,,0.13922230899333954,0.1626562625169754,,,,,,,,,,,,,,
0,,939,,,,,,,,,,0.0004629194736480713,,7.587950676679611e-05,,0.23216086626052856,,0.2960350513458252,,0.21647995710372925,,0.12707287073135376,0.15252971649169922,,,,,,,,,,,,,,
0,,949,,,,,,,,,,0.000606834888458252,,9.300792589783669e-05,,0.2029987871646881,,0.2875777781009674,,0.22624707221984863,,0.14540904760360718,0.16737879812717438,,,,,,,,,,,,,,
0,,959,,,,,,,,,,0.0004457533359527588,,8.373800665140152e-05,,0.1960563212633133,,0.2850985527038574,,0.22618833184242249,,0.14222577214241028,0.16478198766708374,,,,,,,,,,,,,,
0,,969,,,,,,,,,,0.000535234808921814,,0.00010290602222084999,,0.22348786890506744,,0.30422243475914,,0.22053664922714233,,0.13770902156829834,0.16155195236206055,,,,,,,,,,,,,,
0,,979,,,,,,,,,,0.00048150867223739624,,6.739608943462372e-05,,0.2842985987663269,,0.28483831882476807,,0.22308066487312317,,0.14090806245803833,0.1642327457666397,,,,,,,,,,,,,,
0,,989,,,,,,,,,,0.0005627274513244629,,8.154381066560745e-05,,0.21142438054084778,,0.28187888860702515,,0.2173338234424591,,0.1269809752702713,0.15171422064304352,,,,,,,,,,,,,,
0,,999,,,,,,,,,,0.0004320070147514343,,7.630465552210808e-05,,0.22262263298034668,,0.29476022720336914,,0.22774344682693481,,0.11944300681352615,0.14874674379825592,,,,,,,,,,,,,,
0,,1009,,,,,,,,,,0.00040518492460250854,,8.12578946352005e-05,,0.21279746294021606,,0.2760968804359436,,0.20770826935768127,,0.12082085013389587,0.14503264427185059,,,,,,,,,,,,,,
0,,1019,,,,,,,,,,0.0004691481590270996,,8.671777322888374e-05,,0.22532305121421814,,0.2971092462539673,,0.2185540348291397,,0.11975741386413574,0.14740101993083954,,,,,,,,,,,,,,
0,,1029,,,,,,,,,,0.00044474750757217407,,9.43327322602272e-05,,0.24910086393356323,,0.2927507758140564,,0.22261393070220947,,0.1301405429840088,0.15602606534957886,,,,,,,,,,,,,,
0,,1039,,,,,,,,,,0.0004288777709007263,,7.875217124819756e-05,,0.215419203042984,,0.30331045389175415,,0.2152755856513977,,0.11531044542789459,0.14362473785877228,,,,,,,,,,,,,,
0,,1049,,,,,,,,,,0.0004796236753463745,,0.00010083802044391632,,0.265012264251709,,0.26870691776275635,,0.21128728985786438,,0.12417120486497879,0.14848291873931885,,,,,,,,,,,,,,
0,,1059,,,,,,,,,,0.0004344135522842407,,8.54693353176117e-05,,0.21702790260314941,,0.28344404697418213,,0.2082926332950592,,0.11881394684314728,0.14403079450130463,,,,,,,,,,,,,,
0,,1069,,,,,,,,,,0.000530339777469635,,0.00012046936899423599,,0.24553373456001282,,0.29538828134536743,,0.21291451156139374,,0.1129753589630127,0.1414119303226471,,,,,,,,,,,,,,
0,,1079,,,,,,,,,,0.0004445314407348633,,9.295018389821053e-05,,0.22388961911201477,,0.289233922958374,,0.21807031333446503,,0.12707841396331787,0.15241634845733643,,,,,,,,,,,,,,
0,,1089,,,,,,,,,,0.00038670003414154053,,0.00010060472413897514,,0.26253876090049744,,0.2801954746246338,,0.21031048893928528,,0.11856509745121002,0.14460371434688568,,,,,,,,,,,,,,
0,,1099,,,,,,,,,,0.0003223046660423279,,9.961985051631927e-05,,0.20958475768566132,,0.29595282673835754,,0.20023730397224426,,0.11878079175949097,0.14299440383911133,,,,,,,,,,,,,,
0,,1109,,,,,,,,,,0.0002925097942352295,,8.213799446821213e-05,,0.21632131934165955,,0.27312394976615906,,0.19984431564807892,,0.11197064816951752,0.13682036101818085,,,,,,,,,,,,,,
0,,1119,,,,,,,,,,0.0002508014440536499,,6.763264536857605e-05,,0.18185405433177948,,0.30642426013946533,,0.20168660581111908,,0.11311269551515579,0.13917985558509827,,,,,,,,,,,,,,
0,,1129,,,,,,,,,,0.00036611780524253845,,6.135273724794388e-05,,0.1989198923110962,,0.28764933347702026,,0.20320452749729156,,0.11553031951189041,0.14059801399707794,,,,,,,,,,,,,,
0,,1139,,,,,,,,,,0.0002509653568267822,,6.579607725143433e-05,,0.22242014110088348,,0.27790170907974243,,0.21020269393920898,,0.11294718086719513,0.13979104161262512,,,,,,,,,,,,,,
0,,1149,,,,,,,,,,0.0002787262201309204,,8.584698662161827e-05,,0.2504187822341919,,0.2734566330909729,,0.20649853348731995,,0.11148688197135925,0.13812068104743958,,,,,,,,,,,,,,
0,,1159,,,,,,,,,,0.00021027028560638428,,5.97834587097168e-05,,0.21988564729690552,,0.2828417420387268,,0.20746734738349915,,0.10438099503517151,0.13305367529392242,,,,,,,,,,,,,,
0,,1169,,,,,,,,,,0.00025718286633491516,,4.809582605957985e-05,,0.25578224658966064,,0.272685170173645,,0.20755092799663544,,0.11515334248542786,0.1410951465368271,,,,,,,,,,,,,,
0,,1179,,,,,,,,,,0.00019952282309532166,,9.265821427106857e-05,,0.2191755622625351,,0.29281172156333923,,0.1853218376636505,,0.09711377322673798,0.12390785664319992,,,,,,,,,,,,,,
0,,1189,,,,,,,,,,0.00017365813255310059,,7.958104833960533e-05,,0.206444650888443,,0.2980121076107025,,0.19197267293930054,,0.1147458404302597,0.13847701251506805,,,,,,,,,,,,,,
0,,1199,,,,,,,,,,0.00020276755094528198,,7.698638364672661e-05,,0.22846253216266632,,0.2791183888912201,,0.19128340482711792,,0.09493732452392578,0.12285996973514557,,,,,,,,,,,,,,
0,,1209,,,,,,,,,,0.0002393387258052826,,6.813136860728264e-05,,0.20554253458976746,,0.2834113836288452,,0.19759967923164368,,0.11296258121728897,0.13749943673610687,,,,,,,,,,,,,,
0,,1219,,,,,,,,,,0.00018311478197574615,,8.14986415207386e-05,,0.19025930762290955,,0.2840979993343353,,0.17215800285339355,,0.0905245691537857,0.11574838310480118,,,,,,,,,,,,,,
0,,1229,,,,,,,,,,0.0002660304307937622,,8.241971954703331e-05,,0.20056691765785217,,0.30044496059417725,,0.21311287581920624,,0.11700698733329773,0.14418329298496246,,,,,,,,,,,,,,
0,,1239,,,,,,,,,,0.00020884722471237183,,6.361445412039757e-05,,0.19727927446365356,,0.2933278977870941,,0.19113394618034363,,0.1059354692697525,0.1313832551240921,,,,,,,,,,,,,,
0,,1249,,,,,,,,,,0.00022559985518455505,,5.8360863476991653e-05,,0.23448818922042847,,0.28624284267425537,,0.21019721031188965,,0.11856397241353989,0.1445361226797104,,,,,,,,,,,,,,
0,,1259,,,,,,,,,,0.00019610300660133362,,5.4218340665102005e-05,,0.20988620817661285,,0.2734522521495819,,0.18549026548862457,,0.09955506771802902,0.1247541606426239,,,,,,,,,,,,,,
0,,1269,,,,,,,,,,0.0001803562045097351,,5.361391231417656e-05,,0.22244906425476074,,0.2874550223350525,,0.1994846761226654,,0.10506139695644379,0.1323132961988449,,,,,,,,,,,,,,
0,,1279,,,,,,,,,,0.00022504478693008423,,7.005175575613976e-05,,0.18616706132888794,,0.28654080629348755,,0.20267173647880554,,0.1007726788520813,0.12922562658786774,,,,,,,,,,,,,,
0,,1289,,,,,,,,,,0.00018541887402534485,,6.899470463395119e-05,,0.1980443298816681,,0.27329179644584656,,0.19650031626224518,,0.09647862613201141,0.12436486780643463,,,,,,,,,,,,,,
0,,1299,,,,,,,,,,0.00020365417003631592,,7.967837154865265e-05,,0.1947031021118164,,0.28444206714630127,,0.18369069695472717,,0.09406208246946335,0.12063330411911011,,,,,,,,,,,,,,
0,,1309,,,,,,,,,,0.00015682168304920197,,5.8070290833711624e-05,,0.18507440388202667,,0.29659003019332886,,0.21097666025161743,,0.11020368337631226,0.13831643760204315,,,,,,,,,,,,,,
0,,1319,,,,,,,,,,0.00019524991512298584,,7.895007729530334e-05,,0.2497219443321228,,0.2747218608856201,,0.19041168689727783,,0.10781463235616684,0.13239987194538116,,,,,,,,,,,,,,
0,,1329,,,,,,,,,,0.00016016513109207153,,5.1186420023441315e-05,,0.2359597384929657,,0.30109626054763794,,0.2013869732618332,,0.11627624928951263,0.14188118278980255,,,,,,,,,,,,,,
0,,1339,,,,,,,,,,0.00013613328337669373,,5.057826638221741e-05,,0.17813336849212646,,0.28893017768859863,,0.19658163189888,,0.10011865943670273,0.12761056423187256,,,,,,,,,,,,,,
0,,1349,,,,,,,,,,0.00015055201947689056,,4.2811036109924316e-05,,0.21851655840873718,,0.2830050587654114,,0.19666866958141327,,0.09251254796981812,0.12211643904447556,,,,,,,,,,,,,,
0,,1359,,,,,,,,,,0.000133562833070755,,4.7713518142700195e-05,,0.21692806482315063,,0.27558839321136475,,0.17641091346740723,,0.09298726171255112,0.1183069497346878,,,,,,,,,,,,,,
0,,1369,,,,,,,,,,0.00015114061534404755,,6.029382348060608e-05,,0.23552221059799194,,0.28127866983413696,,0.18553400039672852,,0.09438636898994446,0.12155233323574066,,,,,,,,,,,,,,
0,,1379,,,,,,,,,,0.0001840442419052124,,4.727207124233246e-05,,0.21812064945697784,,0.29249149560928345,,0.18720200657844543,,0.10536313056945801,0.1304214745759964,,,,,,,,,,,,,,
0,,1389,,,,,,,,,,0.00018562749028205872,,4.247622564435005e-05,,0.22879308462142944,,0.2765037417411804,,0.20089954137802124,,0.0975390374660492,0.12649637460708618,,,,,,,,,,,,,,
0,,1399,,,,,,,,,,0.00011148490011692047,,3.98377887904644e-05,,0.21519240736961365,,0.29331183433532715,,0.21138763427734375,,0.1229371577501297,0.14814519882202148,,,,,,,,,,,,,,
0,,1409,,,,,,,,,,0.0001353435218334198,,6.595160812139511e-05,,0.22111694514751434,,0.27999043464660645,,0.17725233733654022,,0.09515412151813507,0.12034584581851959,,,,,,,,,,,,,,
0,,1419,,,,,,,,,,0.000176355242729187,,4.762131720781326e-05,,0.21715107560157776,,0.27749645709991455,,0.17622032761573792,,0.0917581170797348,0.11744123697280884,,,,,,,,,,,,,,
0,,1429,,,,,,,,,,0.00013977289199829102,,4.413211718201637e-05,,0.20173820853233337,,0.26851987838745117,,0.16222716867923737,,0.07821689546108246,0.10405689477920532,,,,,,,,,,,,,,
0,,1439,,,,,,,,,,0.00019330158829689026,,6.278930231928825e-05,,0.2405724674463272,,0.2615364193916321,,0.17830012738704681,,0.08841148018836975,0.11484697461128235,,,,,,,,,,,,,,
0,,1449,,,,,,,,,,0.00021347776055335999,,5.528423935174942e-05,,0.1953575313091278,,0.2959359288215637,,0.1921764314174652,,0.09334420412778854,0.12223274260759354,,,,,,,,,,,,,,
0,,1459,,,,,,,,,,0.0002486780285835266,,6.038602441549301e-05,,0.21186377108097076,,0.27344849705696106,,0.19592413306236267,,0.09533575177192688,0.12356879562139511,,,,,,,,,,,,,,
0,,1469,,,,,,,,,,0.00015725940465927124,,3.9583537727594376e-05,,0.18450747430324554,,0.2733346223831177,,0.18696275353431702,,0.092513807117939,0.11944501847028732,,,,,,,,,,,,,,
0,,1479,,,,,,,,,,0.00015317462384700775,,3.545498475432396e-05,,0.21129828691482544,,0.2760814428329468,,0.1933574676513672,,0.1061505526304245,0.13131718337535858,,,,,,,,,,,,,,
0,,1489,,,,,,,,,,0.0001907888799905777,,4.919106140732765e-05,,0.21760989725589752,,0.2739511728286743,,0.1982598900794983,,0.09513035416603088,0.12394362688064575,,,,,,,,,,,,,,
0,,1499,,,,,,,,,,0.00014765188097953796,,4.807161167263985e-05,,0.2464996576309204,,0.25292128324508667,,0.18274611234664917,,0.09074543416500092,0.1170971542596817,,,,,,,,,,,,,,
0,,1509,,,,,,,,,,0.00013523362576961517,,3.22205014526844e-05,,0.21046970784664154,,0.2913890480995178,,0.181973397731781,,0.09049253165721893,0.11814375221729279,,,,,,,,,,,,,,
0,,1519,,,,,,,,,,0.00015666522085666656,,5.502020940184593e-05,,0.22846373915672302,,0.3002655506134033,,0.17995929718017578,,0.09540048241615295,0.12207506597042084,,,,,,,,,,,,,,
0,,1529,,,,,,,,,,0.00012038648128509521,,4.66369092464447e-05,,0.22608956694602966,,0.27207040786743164,,0.19617676734924316,,0.10367928445339203,0.12997734546661377,,,,,,,,,,,,,,
0,,1539,,,,,,,,,,0.00012440606951713562,,4.515377804636955e-05,,0.20823951065540314,,0.2802441120147705,,0.1874157339334488,,0.09401558339595795,0.12125871330499649,,,,,,,,,,,,,,
0,,1549,,,,,,,,,,0.0001331288367509842,,3.721192479133606e-05,,0.21817727386951447,,0.29167646169662476,,0.20236703753471375,,0.09828013181686401,0.1279144585132599,,,,,,,,,,,,,,
0,,1559,,,,,,,,,,0.00014472566545009613,,3.2689888030290604e-05,,0.23754969239234924,,0.28803420066833496,,0.20450860261917114,,0.10091432929039001,0.13034853339195251,,,,,,,,,,,,,,
0,,1569,,,,,,,,,,0.0001154337078332901,,3.327010199427605e-05,,0.20257319509983063,,0.2852523624897003,,0.18985900282859802,,0.09249002486467361,0.1207408457994461,,,,,,,,,,,,,,
0,,1579,,,,,,,,,,0.00024766288697719574,,5.962979048490524e-05,,0.18861854076385498,,0.27340948581695557,,0.19192156195640564,,0.09329485893249512,0.12101278454065323,,,,,,,,,,,,,,
0,,1589,,,,,,,,,,0.00013080239295959473,,3.544287756085396e-05,,0.20958641171455383,,0.2758530080318451,,0.1798529326915741,,0.08532384783029556,0.11312982439994812,,,,,,,,,,,,,,
0,,1599,,,,,,,,,,9.481236338615417e-05,,3.332551568746567e-05,,0.20915265381336212,,0.2861579954624176,,0.18825504183769226,,0.0896061584353447,0.11839617788791656,,,,,,,,,,,,,,
0,,1609,,,,,,,,,,0.00010106898844242096,,4.346529021859169e-05,,0.20765674114227295,,0.27569666504859924,,0.18543893098831177,,0.08760175108909607,0.1158563569188118,,,,,,,,,,,,,,
0,,1619,,,,,,,,,,9.619258344173431e-05,,5.730520933866501e-05,,0.20194412767887115,,0.2903990149497986,,0.17952412366867065,,0.09140264987945557,0.11822085082530975,,,,,,,,,,,,,,
0,,1629,,,,,,,,,,0.00011164136230945587,,4.4650863856077194e-05,,0.20905151963233948,,0.27359408140182495,,0.1774195432662964,,0.08909587562084198,0.11539100110530853,,,,,,,,,,,,,,
0,,1639,,,,,,,,,,0.00011544302105903625,,4.731258377432823e-05,,0.255809485912323,,0.26859360933303833,,0.17831996083259583,,0.09221932291984558,0.11821667104959488,,,,,,,,,,,,,,
0,,1649,,,,,,,,,,8.286908268928528e-05,,4.572421312332153e-05,,0.17043976485729218,,0.29863202571868896,,0.19367480278015137,,0.09452016651630402,0.12323015183210373,,,,,,,,,,,,,,
0,,1659,,,,,,,,,,0.00010643713176250458,,4.375725984573364e-05,,0.20723892748355865,,0.27599215507507324,,0.17461788654327393,,0.08407050371170044,0.11118679493665695,,,,,,,,,,,,,,
0,,1669,,,,,,,,,,8.427165448665619e-05,,2.817763015627861e-05,,0.16646899282932281,,0.28599464893341064,,0.17479637265205383,,0.08209757506847382,0.10973124206066132,,,,,,,,,,,,,,
0,,1679,,,,,,,,,,0.00012956559658050537,,5.297735333442688e-05,,0.20142099261283875,,0.2890772819519043,,0.1817416548728943,,0.09431538730859756,0.12075373530387878,,,,,,,,,,,,,,
0,,1689,,,,,,,,,,9.951367974281311e-05,,3.611203283071518e-05,,0.25581201910972595,,0.25202447175979614,,0.16682833433151245,,0.0907595157623291,0.11418944597244263,,,,,,,,,,,,,,
0,,1699,,,,,,,,,,0.0001094769686460495,,3.152620047330856e-05,,0.19902774691581726,,0.29236912727355957,,0.16961769759655,,0.0826500803232193,0.1098550334572792,,,,,,,,,,,,,,
0,,1709,,,,,,,,,,0.00017786212265491486,,4.785927012562752e-05,,0.21560119092464447,,0.274552583694458,,0.18413442373275757,,0.08906957507133484,0.11675238609313965,,,,,,,,,,,,,,
0,,1719,,,,,,,,,,0.00016785785555839539,,4.7445762902498245e-05,,0.21604737639427185,,0.27611780166625977,,0.1721205711364746,,0.08105631172657013,0.10856643319129944,,,,,,,,,,,,,,
0,,1729,,,,,,,,,,0.0001027323305606842,,2.7935486286878586e-05,,0.16876021027565002,,0.29702821373939514,,0.1888737678527832,,0.0859297513961792,0.11579042673110962,,,,,,,,,,,,,,
0,,1739,,,,,,,,,,0.00010006316006183624,,2.7749687433242798e-05,,0.2160865068435669,,0.2849932909011841,,0.1663377285003662,,0.0825081393122673,0.10898751765489578,,,,,,,,,,,,,,
0,,1749,,,,,,,,,,0.00015656650066375732,,4.966370761394501e-05,,0.2038663923740387,,0.279563844203949,,0.17572638392448425,,0.08438438177108765,0.11175814270973206,,,,,,,,,,,,,,
0,,1759,,,,,,,,,,0.00018490664660930634,,5.213683471083641e-05,,0.24305367469787598,,0.2675887942314148,,0.1751651167869568,,0.07706445455551147,0.1060594990849495,,,,,,,,,,,,,,
0,,1769,,,,,,,,,,0.00017308630049228668,,7.198750972747803e-05,,0.2630489468574524,,0.25763899087905884,,0.16694173216819763,,0.07809662818908691,0.10505946725606918,,,,,,,,,,,,,,
0,,1779,,,,,,,,,,0.00025757402181625366,,5.8640725910663605e-05,,0.23897108435630798,,0.2550000548362732,,0.1545668989419937,,0.06489554047584534,0.09242944419384003,,,,,,,,,,,,,,
0,,1789,,,,,,,,,,0.0001697540283203125,,4.05418686568737e-05,,0.2537715435028076,,0.2736107110977173,,0.16464713215827942,,0.07955806702375412,0.10636548697948456,,,,,,,,,,,,,,
0,,1799,,,,,,,,,,0.00012888014316558838,,2.719927579164505e-05,,0.2339996099472046,,0.26423096656799316,,0.17321844398975372,,0.07573115080595016,0.10443050414323807,,,,,,,,,,,,,,
0,,1809,,,,,,,,,,0.00015435367822647095,,3.379024565219879e-05,,0.2314005047082901,,0.27836987376213074,,0.17096449434757233,,0.0768488198518753,0.10547873377799988,,,,,,,,,,,,,,
0,,1819,,,,,,,,,,0.00016867369413375854,,3.2430049031972885e-05,,0.23380768299102783,,0.2566552758216858,,0.17818260192871094,,0.08452076464891434,0.1115979328751564,,,,,,,,,,,,,,
0,,1829,,,,,,,,,,0.00011718831956386566,,2.6926398277282715e-05,,0.19951707124710083,,0.2715272903442383,,0.16231510043144226,,0.07841351628303528,0.10433579236268997,,,,,,,,,,,,,,
0,,1839,,,,,,,,,,0.00014303065836429596,,3.9460137486457825e-05,,0.20416191220283508,,0.28641021251678467,,0.17771212756633759,,0.08567334711551666,0.11342194676399231,,,,,,,,,,,,,,
0,,1849,,,,,,,,,,9.326450526714325e-05,,2.338225021958351e-05,,0.21966081857681274,,0.2681584358215332,,0.1721706986427307,,0.08501085638999939,0.11121150851249695,,,,,,,,,,,,,,
0,,1859,,,,,,,,,,9.506568312644958e-05,,2.3913104087114334e-05,,0.23732474446296692,,0.259197473526001,,0.17698857188224792,,0.07346245646476746,0.10323857516050339,,,,,,,,,,,,,,
0,,1869,,,,,,,,,,0.00016312114894390106,,2.5638379156589508e-05,,0.2033543437719345,,0.2745468020439148,,0.17632049322128296,,0.08290749788284302,0.11052034050226212,,,,,,,,,,,,,,
0,,1879,,,,,,,,,,9.67215746641159e-05,,1.9816216081380844e-05,,0.16189728677272797,,0.28998106718063354,,0.17467445135116577,,0.08179198205471039,0.10961243510246277,,,,,,,,,,,,,,
0,,1889,,,,,,,,,,0.0001568235456943512,,3.3298972994089127e-05,,0.21081264317035675,,0.27164438366889954,,0.16130638122558594,,0.07772492617368698,0.10376798361539841,,,,,,,,,,,,,,
0,,1899,,,,,,,,,,0.00010514259338378906,,2.715364098548889e-05,,0.1847999393939972,,0.29548096656799316,,0.1795414239168167,,0.09343370795249939,0.11978499591350555,,,,,,,,,,,,,,
0,,1909,,,,,,,,,,7.518567144870758e-05,,1.874007284641266e-05,,0.24626794457435608,,0.26027393341064453,,0.1841568648815155,,0.08486638963222504,0.11329326778650284,,,,,,,,,,,,,,
0,,1919,,,,,,,,,,0.00013644620776176453,,2.6638153940439224e-05,,0.22264251112937927,,0.27584701776504517,,0.17956796288490295,,0.0921231359243393,0.11832983046770096,,,,,,,,,,,,,,
0,,1929,,,,,,,,,,8.750893175601959e-05,,2.3193657398223877e-05,,0.20424562692642212,,0.28485873341560364,,0.17785455286502838,,0.08281153440475464,0.11122992634773254,,,,,,,,,,,,,,
0,,1939,,,,,,,,,,6.154365837574005e-05,,1.5774741768836975e-05,,0.1949862539768219,,0.278397798538208,,0.16237780451774597,,0.0726652592420578,0.1003042608499527,,,,,,,,,,,,,,
0,,1949,,,,,,,,,,9.14745032787323e-05,,2.0256731659173965e-05,,0.21177124977111816,,0.29453498125076294,,0.1893373727798462,,0.09294117987155914,0.12152446061372757,,,,,,,,,,,,,,
0,,1959,,,,,,,,,,6.00665807723999e-05,,1.9869301468133926e-05,,0.21455802023410797,,0.28031933307647705,,0.17326265573501587,,0.0762626975774765,0.10536392033100128,,,,,,,,,,,,,,
0,,1969,,,,,,,,,,7.838942110538483e-05,,1.5149824321269989e-05,,0.1687300205230713,,0.2663063108921051,,0.17804916203022003,,0.08044333755970001,0.10820364952087402,,,,,,,,,,,,,,
0,,1979,,,,,,,,,,8.868612349033356e-05,,1.4697667211294174e-05,,0.21863222122192383,,0.2654235064983368,,0.16383033990859985,,0.07725915312767029,0.10369180142879486,,,,,,,,,,,,,,
0,,1989,,,,,,,,,,6.754323840141296e-05,,2.2442545741796494e-05,,0.2397344410419464,,0.27442947030067444,,0.1673356145620346,,0.08030812442302704,0.107306107878685,,,,,,,,,,,,,,
0,,1999,,,,,,,,,,4.7946348786354065e-05,,2.3179221898317337e-05,,0.24882294237613678,,0.27213436365127563,,0.17382460832595825,,0.07755213230848312,0.1064545065164566,,,,,,,,,,,,,,
0,,2009,,,,,,,,,,5.342625081539154e-05,,1.977616921067238e-05,,0.24096545577049255,,0.27006131410598755,,0.15760445594787598,,0.061656653881073,0.0912986546754837,,,,,,,,,,,,,,
0,,2018,,,,,,,,,,,,,,,,,,,,,,0.969832181930542,1.0,1.0,0.9489991068840027,0.9063032269477844,0.9473928809165955,0.979590117931366,0.09438899904489517,1.9311904907226562e-05,6.943941116333008e-06,0.21298561990261078,0.27107635140419006,0.15855459868907928,0.06591247022151947
0,,2018,0.9286834001541138,0.9993187785148621,0.9995684623718262,0.948451042175293,0.8970903754234314,0.9149447679519653,0.9334386587142944,0.22740209102630615,0.012265682220458984,,0.006053723394870758,,0.22491246461868286,,0.3121163845062256,,0.26321732997894287,,0.21426694095134735,,,,,,,,,,,,,,,,
,0.00029815325108927063,2019,,,,,,,,,,,,,,,,,,,,,,,,,,,,,,,,,,,
1,,2019,,,,,,,,,,5.699321627616882e-05,,2.5015324354171753e-05,,0.22877809405326843,,0.28307193517684937,,0.17360027134418488,,0.08016990125179291,0.10865411907434464,,,,,,,,,,,,,,
1,,2029,,,,,,,,,,5.3454190492630005e-05,,1.950375735759735e-05,,0.23717749118804932,,0.27203989028930664,,0.18509769439697266,,0.08426173776388168,0.1134612038731575,,,,,,,,,,,,,,
1,,2039,,,,,,,,,,7.124990224838257e-05,,3.312993794679642e-05,,0.20769205689430237,,0.2809392511844635,,0.16926725208759308,,0.07270016521215439,0.1018906831741333,,,,,,,,,,,,,,
1,,2049,,,,,,,,,,6.26053661108017e-05,,1.866975799202919e-05,,0.22323180735111237,,0.2865157127380371,,0.1966535598039627,,0.08648955076932907,0.11781500279903412,,,,,,,,,,,,,,
1,,2059,,,,,,,,,,6.168894469738007e-05,,2.5377608835697174e-05,,0.23335173726081848,,0.2718178629875183,,0.1546047031879425,,0.06513631343841553,0.09333957731723785,,,,,,,,,,,,,,
1,,2069,,,,,,,,,,7.159821689128876e-05,,2.7008820325136185e-05,,0.2283387929201126,,0.2994305491447449,,0.17854298651218414,,0.0885561928153038,0.11663421988487244,,,,,,,,,,,,,,
1,,2079,,,,,,,,,,5.223602056503296e-05,,1.8787570297718048e-05,,0.2019679844379425,,0.28976914286613464,,0.1681143045425415,,0.07659072428941727,0.10493993759155273,,,,,,,,,,,,,,
1,,2089,,,,,,,,,,7.95610249042511e-05,,2.803932875394821e-05,,0.2552761435508728,,0.25701063871383667,,0.17214524745941162,,0.07462136447429657,0.10330751538276672,,,,,,,,,,,,,,
1,,2099,,,,,,,,,,7.313117384910583e-05,,2.3881904780864716e-05,,0.1909869909286499,,0.2689879536628723,,0.17974382638931274,,0.07604431360960007,0.10560804605484009,,,,,,,,,,,,,,
1,,2109,,,,,,,,,,8.350424468517303e-05,,2.7997884899377823e-05,,0.1988433599472046,,0.27446383237838745,,0.16195671260356903,,0.07500267028808594,0.1018395870923996,,,,,,,,,,,,,,
1,,2119,,,,,,,,,,6.91339373588562e-05,,2.20639631152153e-05,,0.22769105434417725,,0.2771630883216858,,0.1742739975452423,,0.0931357890367508,0.11821747571229935,,,,,,,,,,,,,,
1,,2129,,,,,,,,,,9.550713002681732e-05,,3.8120895624160767e-05,,0.20062485337257385,,0.2896178960800171,,0.176987886428833,,0.07800062000751495,0.10763906687498093,,,,,,,,,,,,,,
1,,2139,,,,,,,,,,6.278231739997864e-05,,2.1777115762233734e-05,,0.2210424691438675,,0.270782470703125,,0.14899589121341705,,0.055274222046136856,0.0846964567899704,,,,,,,,,,,,,,
1,,2149,,,,,,,,,,5.86044043302536e-05,,2.4460256099700928e-05,,0.18833467364311218,,0.2697027325630188,,0.163027822971344,,0.06518411636352539,0.09432831406593323,,,,,,,,,,,,,,
1,,2159,,,,,,,,,,7.616542279720306e-05,,3.4720636904239655e-05,,0.21595200896263123,,0.2851787805557251,,0.16417714953422546,,0.07252629101276398,0.10110121965408325,,,,,,,,,,,,,,
1,,2169,,,,,,,,,,0.00010162033140659332,,3.305729478597641e-05,,0.22795236110687256,,0.27582162618637085,,0.16161522269248962,,0.06651367247104645,0.095812126994133,,,,,,,,,,,,,,
1,,2179,,,,,,,,,,0.00013042613863945007,,4.07523475587368e-05,,0.20195767283439636,,0.26765012741088867,,0.16971555352210999,,0.07312658429145813,0.10160442441701889,,,,,,,,,,,,,,
1,,2189,,,,,,,,,,0.00012472830712795258,,3.5544391721487045e-05,,0.2028646171092987,,0.27941495180130005,,0.1516033560037613,,0.0715796947479248,0.09760932624340057,,,,,,,,,,,,,,
1,,2199,,,,,,,,,,7.96876847743988e-05,,2.613011747598648e-05,,0.20654204487800598,,0.2831280827522278,,0.1786874532699585,,0.07476536929607391,0.1052958220243454,,,,,,,,,,,,,,
1,,2209,,,,,,,,,,0.00010611675679683685,,4.2197760194540024e-05,,0.27199113368988037,,0.2743319272994995,,0.15551875531673431,,0.0644843578338623,0.09359279274940491,,,,,,,,,,,,,,
1,,2219,,,,,,,,,,6.485916674137115e-05,,2.876250073313713e-05,,0.2268196940422058,,0.28081244230270386,,0.16455501317977905,,0.07480843365192413,0.10280674695968628,,,,,,,,,,,,,,
1,,2229,,,,,,,,,,8.364953100681305e-05,,3.950484097003937e-05,,0.22264517843723297,,0.2691405415534973,,0.15213850140571594,,0.06935093551874161,0.09578781574964523,,,,,,,,,,,,,,
1,,2239,,,,,,,,,,7.14864581823349e-05,,3.485614433884621e-05,,0.2190140187740326,,0.2868689000606537,,0.17651617527008057,,0.07808314263820648,0.10769914090633392,,,,,,,,,,,,,,
1,,2249,,,,,,,,,,4.56739217042923e-05,,2.3815780878067017e-05,,0.23765631020069122,,0.27698326110839844,,0.16556237637996674,,0.07037825882434845,0.09961969405412674,,,,,,,,,,,,,,
1,,2259,,,,,,,,,,8.78646969795227e-05,,2.8696376830339432e-05,,0.2159067988395691,,0.26922786235809326,,0.16091006994247437,,0.07650144398212433,0.10272216796875,,,,,,,,,,,,,,
1,,2269,,,,,,,,,,6.33876770734787e-05,,2.2150110453367233e-05,,0.170254647731781,,0.2832833528518677,,0.1518247425556183,,0.06065714359283447,0.08925598114728928,,,,,,,,,,,,,,
1,,2279,,,,,,,,,,4.9136579036712646e-05,,2.0327512174844742e-05,,0.20065094530582428,,0.28408583998680115,,0.15296396613121033,,0.06979250907897949,0.0967167317867279,,,,,,,,,,,,,,
1,,2289,,,,,,,,,,7.120706140995026e-05,,3.335578367114067e-05,,0.21539077162742615,,0.27987566590309143,,0.17025624215602875,,0.07834860682487488,0.10635389387607574,,,,,,,,,,,,,,
1,,2299,,,,,,,,,,9.789317846298218e-05,,4.09209169447422e-05,,0.20979712903499603,,0.2710097134113312,,0.1747874915599823,,0.07352827489376068,0.10310636460781097,,,,,,,,,,,,,,
1,,2309,,,,,,,,,,0.00010206922888755798,,4.1103456169366837e-05,,0.23603270947933197,,0.26309019327163696,,0.1709585189819336,,0.0828806459903717,0.10934045910835266,,,,,,,,,,,,,,
1,,2319,,,,,,,,,,8.109398186206818e-05,,2.9867049306631088e-05,,0.2008403241634369,,0.2796124517917633,,0.15787869691848755,,0.07307976484298706,0.09989704936742783,,,,,,,,,,,,,,
1,,2329,,,,,,,,,,7.340498268604279e-05,,4.729395732283592e-05,,0.21989020705223083,,0.2782154381275177,,0.15214984118938446,,0.06442072987556458,0.09248460084199905,,,,,,,,,,,,,,
1,,2339,,,,,,,,,,7.413886487483978e-05,,2.230517566204071e-05,,0.2180357575416565,,0.28724849224090576,,0.16360488533973694,,0.06647335737943649,0.09657450765371323,,,,,,,,,,,,,,
1,,2349,,,,,,,,,,8.851476013660431e-05,,2.8790440410375595e-05,,0.22549298405647278,,0.2670465111732483,,0.15084201097488403,,0.06876419484615326,0.09503968060016632,,,,,,,,,,,,,,
1,,2359,,,,,,,,,,7.644668221473694e-05,,2.7185305953025818e-05,,0.21139737963676453,,0.2767561078071594,,0.16277265548706055,,0.07414737343788147,0.1016056090593338,,,,,,,,,,,,,,
1,,2369,,,,,,,,,,6.896071135997772e-05,,2.7160625904798508e-05,,0.216312438249588,,0.27431002259254456,,0.15759846568107605,,0.07436730712652206,0.10074310749769211,,,,,,,,,,,,,,
1,,2379,,,,,,,,,,9.348243474960327e-05,,3.8098543882369995e-05,,0.2166699767112732,,0.2686781585216522,,0.17065174877643585,,0.06977681815624237,0.09948767721652985,,,,,,,,,,,,,,
1,,2389,,,,,,,,,,7.845647633075714e-05,,2.2816937416791916e-05,,0.2388363629579544,,0.2794272303581238,,0.15902335941791534,,0.06425129622220993,0.09392542392015457,,,,,,,,,,,,,,
1,,2399,,,,,,,,,,5.6160613894462585e-05,,1.738686114549637e-05,,0.20666936039924622,,0.27384519577026367,,0.1672155112028122,,0.07189337909221649,0.10055597871541977,,,,,,,,,,,,,,
1,,2409,,,,,,,,,,0.00012018531560897827,,2.393452450633049e-05,,0.24417269229888916,,0.2695363163948059,,0.15974357724189758,,0.07684434950351715,0.10310642421245575,,,,,,,,,,,,,,
1,,2419,,,,,,,,,,0.00010628066956996918,,3.0502211302518845e-05,,0.22454991936683655,,0.269456148147583,,0.1714290827512741,,0.07482919096946716,0.10355249047279358,,,,,,,,,,,,,,
1,,2429,,,,,,,,,,8.43200832605362e-05,,2.9210932552814484e-05,,0.18924656510353088,,0.2663315534591675,,0.15901631116867065,,0.06041770428419113,0.0898529440164566,,,,,,,,,,,,,,
1,,2439,,,,,,,,,,0.00012255646288394928,,4.161149263381958e-05,,0.21029312908649445,,0.27175986766815186,,0.15209171175956726,,0.06713026762008667,0.09409119188785553,,,,,,,,,,,,,,
1,,2449,,,,,,,,,,9.179487824440002e-05,,5.230959504842758e-05,,0.20414328575134277,,0.262637734413147,,0.1495540291070938,,0.06183334439992905,0.08914182335138321,,,,,,,,,,,,,,
1,,2459,,,,,,,,,,7.0963054895401e-05,,3.0112452805042267e-05,,0.21585679054260254,,0.27456745505332947,,0.16789883375167847,,0.07808692753314972,0.10547203570604324,,,,,,,,,,,,,,
1,,2469,,,,,,,,,,6.858073174953461e-05,,3.72142530977726e-05,,0.19534292817115784,,0.26531079411506653,,0.15184277296066284,,0.06319881975650787,0.09061753749847412,,,,,,,,,,,,,,
1,,2479,,,,,,,,,,6.448477506637573e-05,,2.0586885511875153e-05,,0.2194824367761612,,0.28433746099472046,,0.15612751245498657,,0.0667155310511589,0.09523429721593857,,,,,,,,,,,,,,
1,,2489,,,,,,,,,,6.720051169395447e-05,,4.837336018681526e-05,,0.24164298176765442,,0.2610406279563904,,0.15030835568904877,,0.06800124049186707,0.09427499026060104,,,,,,,,,,,,,,
1,,2499,,,,,,,,,,5.340576171875e-05,,2.3771077394485474e-05,,0.25816047191619873,,0.2678770422935486,,0.15326622128486633,,0.06668280065059662,0.09435471892356873,,,,,,,,,,,,,,
1,,2509,,,,,,,,,,6.91339373588562e-05,,3.575300797820091e-05,,0.21338658034801483,,0.27275627851486206,,0.16929778456687927,,0.08461305499076843,0.11051633954048157,,,,,,,,,,,,,,
1,,2519,,,,,,,,,,8.449330925941467e-05,,3.326777368783951e-05,,0.22921359539031982,,0.2855079770088196,,0.17569825053215027,,0.07852756232023239,0.10793488472700119,,,,,,,,,,,,,,
1,,2529,,,,,,,,,,8.458457887172699e-05,,2.5072600692510605e-05,,0.20904311537742615,,0.25890520215034485,,0.16229286789894104,,0.06279691308736801,0.09213613718748093,,,,,,,,,,,,,,
1,,2539,,,,,,,,,,5.648285150527954e-05,,1.677265390753746e-05,,0.200802743434906,,0.29174184799194336,,0.155568927526474,,0.06481406092643738,0.09383127093315125,,,,,,,,,,,,,,
1,,2549,,,,,,,,,,5.425885319709778e-05,,1.5215016901493073e-05,,0.2499031275510788,,0.2784486413002014,,0.16209867596626282,,0.06322549283504486,0.09381644427776337,,,,,,,,,,,,,,
1,,2559,,,,,,,,,,7.053278386592865e-05,,2.1906103938817978e-05,,0.22860310971736908,,0.2574915885925293,,0.14091087877750397,,0.05664551258087158,0.08367433398962021,,,,,,,,,,,,,,
1,,2569,,,,,,,,,,8.030049502849579e-05,,3.5192351788282394e-05,,0.19158875942230225,,0.2701573967933655,,0.14890220761299133,,0.06039634346961975,0.08814691007137299,,,,,,,,,,,,,,
1,,2579,,,,,,,,,,4.40496951341629e-05,,1.6405712813138962e-05,,0.22373650968074799,,0.2826799750328064,,0.1566232144832611,,0.0666704997420311,0.09526559710502625,,,,,,,,,,,,,,
1,,2589,,,,,,,,,,6.429105997085571e-05,,1.9651837646961212e-05,,0.2122800648212433,,0.26466017961502075,,0.15722855925559998,,0.06485749781131744,0.09303990006446838,,,,,,,,,,,,,,
1,,2599,,,,,,,,,,6.305612623691559e-05,,1.5377532690763474e-05,,0.20046404004096985,,0.27260905504226685,,0.16073499619960785,,0.06649249792098999,0.09515824913978577,,,,,,,,,,,,,,
1,,2609,,,,,,,,,,3.6465004086494446e-05,,1.585017889738083e-05,,0.22130215167999268,,0.26117849349975586,,0.16271710395812988,,0.06487324833869934,0.09402354061603546,,,,,,,,,,,,,,
1,,2619,,,,,,,,,,4.863366484642029e-05,,1.610536128282547e-05,,0.22550731897354126,,0.2723850607872009,,0.15978029370307922,,0.06566885858774185,0.09464436024427414,,,,,,,,,,,,,,
1,,2629,,,,,,,,,,4.587136209011078e-05,,1.4143064618110657e-05,,0.2129291296005249,,0.25898629426956177,,0.15531465411186218,,0.0696333646774292,0.09600528329610825,,,,,,,,,,,,,,
1,,2639,,,,,,,,,,9.192898869514465e-05,,1.726672053337097e-05,,0.1991584748029709,,0.28368836641311646,,0.1618940681219101,,0.07012257725000381,0.09860304743051529,,,,,,,,,,,,,,
1,,2649,,,,,,,,,,9.110569953918457e-05,,2.3407861590385437e-05,,0.2409486472606659,,0.26237234473228455,,0.1495804786682129,,0.07101557403802872,0.09645402431488037,,,,,,,,,,,,,,
1,,2659,,,,,,,,,,9.733997285366058e-05,,3.217719495296478e-05,,0.23868520557880402,,0.2753213047981262,,0.16401106119155884,,0.07150810211896896,0.10011053830385208,,,,,,,,,,,,,,
1,,2669,,,,,,,,,,4.632771015167236e-05,,2.345442771911621e-05,,0.26644793152809143,,0.256854772567749,,0.1583961695432663,,0.06607562303543091,0.09444166719913483,,,,,,,,,,,,,,
1,,2679,,,,,,,,,,6.413087248802185e-05,,2.5375746190547943e-05,,0.21438872814178467,,0.27730733156204224,,0.1683863401412964,,0.0752376914024353,0.10353725403547287,,,,,,,,,,,,,,
1,,2689,,,,,,,,,,7.365085184574127e-05,,2.686958760023117e-05,,0.22071528434753418,,0.26144644618034363,,0.1506505310535431,,0.06383518874645233,0.09098752588033676,,,,,,,,,,,,,,
1,,2699,,,,,,,,,,5.428120493888855e-05,,1.938687637448311e-05,,0.2528415620326996,,0.2682432234287262,,0.14356482028961182,,0.0551246739923954,0.08381935954093933,,,,,,,,,,,,,,
1,,2709,,,,,,,,,,6.573088467121124e-05,,1.7590820789337158e-05,,0.2281818389892578,,0.2826456129550934,,0.15013399720191956,,0.07058604061603546,0.0970364660024643,,,,,,,,,,,,,,
1,,2719,,,,,,,,,,0.00010248832404613495,,1.588091254234314e-05,,0.1973341405391693,,0.28235238790512085,,0.15607304871082306,,0.06837980449199677,0.09611991792917252,,,,,,,,,,,,,,
1,,2729,,,,,,,,,,5.498155951499939e-05,,5.438458174467087e-05,,0.22439245879650116,,0.2729632258415222,,0.14577946066856384,,0.06109000742435455,0.08859773725271225,,,,,,,,,,,,,,
1,,2739,,,,,,,,,,7.19018280506134e-05,,1.8353573977947235e-05,,0.22968323528766632,,0.2773144245147705,,0.16972513496875763,,0.07972898334264755,0.10733723640441895,,,,,,,,,,,,,,
1,,2749,,,,,,,,,,7.824599742889404e-05,,1.6716308891773224e-05,,0.23572686314582825,,0.2882946729660034,,0.17303450405597687,,0.0860300362110138,0.11327049881219864,,,,,,,,,,,,,,
1,,2759,,,,,,,,,,4.949234426021576e-05,,1.71600840985775e-05,,0.21182101964950562,,0.2672838866710663,,0.15953291952610016,,0.0628846064209938,0.09210966527462006,,,,,,,,,,,,,,
1,,2769,,,,,,,,,,4.3470412492752075e-05,,1.847231760621071e-05,,0.19073835015296936,,0.2628706693649292,,0.15362393856048584,,0.061804935336112976,0.08973746746778488,,,,,,,,,,,,,,
1,,2779,,,,,,,,,,3.470852971076965e-05,,1.4196615666151047e-05,,0.19397172331809998,,0.2785525619983673,,0.15987712144851685,,0.07091821730136871,0.09852000325918198,,,,,,,,,,,,,,
1,,2789,,,,,,,,,,5.032680928707123e-05,,1.811375841498375e-05,,0.20653465390205383,,0.28190237283706665,,0.14925912022590637,,0.07144193351268768,0.0972258672118187,,,,,,,,,,,,,,
1,,2799,,,,,,,,,,3.880448639392853e-05,,1.5780329704284668e-05,,0.208425372838974,,0.2798193097114563,,0.16255974769592285,,0.08119632303714752,0.1069624051451683,,,,,,,,,,,,,,
1,,2809,,,,,,,,,,4.5297667384147644e-05,,1.5486031770706177e-05,,0.22953929007053375,,0.2780020534992218,,0.1562282145023346,,0.06888346374034882,0.09670033305883408,,,,,,,,,,,,,,
1,,2819,,,,,,,,,,5.8867037296295166e-05,,1.785019412636757e-05,,0.18793177604675293,,0.27867281436920166,,0.1533738672733307,,0.06637855619192123,0.09382963925600052,,,,,,,,,,,,,,
1,,2829,,,,,,,,,,4.110857844352722e-05,,1.238938421010971e-05,,0.21120773255825043,,0.28168031573295593,,0.14796197414398193,,0.06513489782810211,0.09229549765586853,,,,,,,,,,,,,,
1,,2839,,,,,,,,,,4.435330629348755e-05,,1.2491364032030106e-05,,0.19854137301445007,,0.2737945020198822,,0.1566711962223053,,0.06489191949367523,0.09322839975357056,,,,,,,,,,,,,,
1,,2849,,,,,,,,,,3.783032298088074e-05,,1.4838296920061111e-05,,0.1942322552204132,,0.27301496267318726,,0.15908695757389069,,0.0703849047422409,0.09771513938903809,,,,,,,,,,,,,,
1,,2859,,,,,,,,,,4.6508386731147766e-05,,1.8505379557609558e-05,,0.2506771385669708,,0.24773991107940674,,0.16326725482940674,,0.07021266222000122,0.09784650802612305,,,,,,,,,,,,,,
1,,2869,,,,,,,,,,5.2385032176971436e-05,,1.7818063497543335e-05,,0.2651471495628357,,0.27010053396224976,,0.15213149785995483,,0.06309962272644043,0.09163999557495117,,,,,,,,,,,,,,
1,,2879,,,,,,,,,,6.79362565279007e-05,,2.6716385036706924e-05,,0.19413191080093384,,0.26703161001205444,,0.1384863257408142,,0.06522050499916077,0.08969567716121674,,,,,,,,,,,,,,
1,,2889,,,,,,,,,,6.085820496082306e-05,,2.4887267500162125e-05,,0.22313125431537628,,0.2761979103088379,,0.15974976122379303,,0.06656499207019806,0.09546184539794922,,,,,,,,,,,,,,
1,,2899,,,,,,,,,,3.871507942676544e-05,,1.6617588698863983e-05,,0.22619783878326416,,0.24835728108882904,,0.13964208960533142,,0.054381873458623886,0.08128172904253006,,,,,,,,,,,,,,
1,,2909,,,,,,,,,,4.517659544944763e-05,,2.0215753465890884e-05,,0.2082262635231018,,0.25804638862609863,,0.15073543787002563,,0.06114496290683746,0.08867944031953812,,,,,,,,,,,,,,
1,,2919,,,,,,,,,,2.9880553483963013e-05,,1.2943055480718613e-05,,0.22533385455608368,,0.2603495717048645,,0.1638815701007843,,0.06498133391141891,0.09433139860630035,,,,,,,,,,,,,,
1,,2929,,,,,,,,,,4.375539720058441e-05,,1.7573591321706772e-05,,0.251486599445343,,0.25573214888572693,,0.14337626099586487,,0.06560582667589188,0.09104428440332413,,,,,,,,,,,,,,
1,,2939,,,,,,,,,,3.2590702176094055e-05,,1.3804063200950623e-05,,0.24322080612182617,,0.26085352897644043,,0.13990551233291626,,0.06554429233074188,0.09049040824174881,,,,,,,,,,,,,,
1,,2949,,,,,,,,,,7.773749530315399e-05,,2.368912100791931e-05,,0.21494987607002258,,0.2584342062473297,,0.1393149048089981,,0.06426393240690231,0.08897439390420914,,,,,,,,,,,,,,
1,,2959,,,,,,,,,,6.432272493839264e-05,,1.4081131666898727e-05,,0.23387855291366577,,0.26744577288627625,,0.15432696044445038,,0.06728935241699219,0.09470381587743759,,,,,,,,,,,,,,
1,,2969,,,,,,,,,,6.57942146062851e-05,,3.8140919059515e-05,,0.1904430389404297,,0.2909403443336487,,0.15781500935554504,,0.07072791457176208,0.09853004664182663,,,,,,,,,,,,,,
1,,2979,,,,,,,,,,6.2623992562294e-05,,2.508796751499176e-05,,0.1858104169368744,,0.26750677824020386,,0.15290912985801697,,0.0653611347079277,0.09243085235357285,,,,,,,,,,,,,,
1,,2989,,,,,,,,,,7.152184844017029e-05,,3.308383747935295e-05,,0.2154378741979599,,0.25507795810699463,,0.16700346767902374,,0.06513926386833191,0.0946722999215126,,,,,,,,,,,,,,
1,,2999,,,,,,,,,,5.456060171127319e-05,,1.4044344425201416e-05,,0.2136165052652359,,0.26578444242477417,,0.16165611147880554,,0.07355653494596481,0.10046449303627014,,,,,,,,,,,,,,
1,,3009,,,,,,,,,,4.900060594081879e-05,,1.865765079855919e-05,,0.19250066578388214,,0.2837105989456177,,0.1424834132194519,,0.06022397801280022,0.08745986968278885,,,,,,,,,,,,,,
1,,3019,,,,,,,,,,7.005780935287476e-05,,1.787906512618065e-05,,0.22054129838943481,,0.2645118236541748,,0.15114985406398773,,0.06404787302017212,0.09138237684965134,,,,,,,,,,,,,,
1,,3029,,,,,,,,,,6.346404552459717e-05,,2.3826956748962402e-05,,0.22954688966274261,,0.2606695890426636,,0.13846427202224731,,0.05947508290410042,0.08549824357032776,,,,,,,,,,,,,,
1,,3039,,,,,,,,,,6.0712918639183044e-05,,1.905905082821846e-05,,0.1981930285692215,,0.2668471038341522,,0.16164283454418182,,0.07812245190143585,0.10375633835792542,,,,,,,,,,,,,,
1,,3049,,,,,,,,,,3.523007035255432e-05,,9.346753358840942e-06,,0.20314553380012512,,0.29093825817108154,,0.15879228711128235,,0.06995277106761932,0.09828051924705505,,,,,,,,,,,,,,
1,,3059,,,,,,,,,,4.7316774725914e-05,,2.0491890609264374e-05,,0.19347205758094788,,0.2575330138206482,,0.15215849876403809,,0.059930283576250076,0.08783809095621109,,,,,,,,,,,,,,
1,,3069,,,,,,,,,,4.840083420276642e-05,,1.1310447007417679e-05,,0.20812654495239258,,0.2719564139842987,,0.14306558668613434,,0.05708756297826767,0.08484819531440735,,,,,,,,,,,,,,
1,,3079,,,,,,,,,,4.9406662583351135e-05,,1.857522875070572e-05,,0.20510312914848328,,0.2670113146305084,,0.15040287375450134,,0.0562434121966362,0.08532372862100601,,,,,,,,,,,,,,
1,,3089,,,,,,,,,,3.041699528694153e-05,,1.4632940292358398e-05,,0.20582014322280884,,0.27403342723846436,,0.15750810503959656,,0.06461160629987717,0.09327158331871033,,,,,,,,,,,,,,
1,,3099,,,,,,,,,,4.1367486119270325e-05,,1.4313030987977982e-05,,0.2155430018901825,,0.26348525285720825,,0.15810894966125488,,0.07341757416725159,0.09960976988077164,,,,,,,,,,,,,,
1,,3109,,,,,,,,,,0.00012040883302688599,,1.9632279872894287e-05,,0.1928388923406601,,0.2772204875946045,,0.15550419688224792,,0.057507023215293884,0.08756337314844131,,,,,,,,,,,,,,
1,,3119,,,,,,,,,,6.679818034172058e-05,,1.8665101379156113e-05,,0.2297351360321045,,0.2874108552932739,,0.15599623322486877,,0.06548427790403366,0.09455027431249619,,,,,,,,,,,,,,
1,,3129,,,,,,,,,,5.3960829973220825e-05,,1.6851350665092468e-05,,0.2146788388490677,,0.2829827666282654,,0.1474236249923706,,0.0553678497672081,0.08496922999620438,,,,,,,,,,,,,,
1,,3139,,,,,,,,,,3.999657928943634e-05,,1.6801059246063232e-05,,0.17600157856941223,,0.2816356420516968,,0.1357056200504303,,0.05725625157356262,0.0836716890335083,,,,,,,,,,,,,,
1,,3149,,,,,,,,,,4.922598600387573e-05,,1.659523695707321e-05,,0.21675464510917664,,0.2565065622329712,,0.15465274453163147,,0.07213576883077621,0.09768699109554291,,,,,,,,,,,,,,
1,,3159,,,,,,,,,,4.145316779613495e-05,,1.918058842420578e-05,,0.24960732460021973,,0.24950255453586578,,0.140325665473938,,0.06442229449748993,0.08927018195390701,,,,,,,,,,,,,,
1,,3169,,,,,,,,,,4.933401942253113e-05,,1.4268327504396439e-05,,0.20679861307144165,,0.27169668674468994,,0.15306684374809265,,0.058839138597249985,0.08801016211509705,,,,,,,,,,,,,,
1,,3179,,,,,,,,,,4.7907233238220215e-05,,1.4038290828466415e-05,,0.2101569026708603,,0.2689993679523468,,0.1717594712972641,,0.07069679349660873,0.10032418370246887,,,,,,,,,,,,,,
1,,3189,,,,,,,,,,4.16487455368042e-05,,1.2728851288557053e-05,,0.2079903483390808,,0.2645871043205261,,0.15314903855323792,,0.06699074804782867,0.09382139146327972,,,,,,,,,,,,,,
1,,3199,,,,,,,,,,4.718080163002014e-05,,1.2381002306938171e-05,,0.1800261288881302,,0.26705679297447205,,0.14950402081012726,,0.0635417029261589,0.09033837914466858,,,,,,,,,,,,,,
1,,3209,,,,,,,,,,4.4150277972221375e-05,,8.570030331611633e-06,,0.1955580860376358,,0.26174429059028625,,0.13383693993091583,,0.05304408073425293,0.07945790141820908,,,,,,,,,,,,,,
1,,3219,,,,,,,,,,7.165595889091492e-05,,1.4645513147115707e-05,,0.22091764211654663,,0.2795988917350769,,0.15280941128730774,,0.06754477322101593,0.09502872079610825,,,,,,,,,,,,,,
1,,3229,,,,,,,,,,4.09688800573349e-05,,1.3189390301704407e-05,,0.21674808859825134,,0.2735483944416046,,0.15825122594833374,,0.07233206182718277,0.0993080660700798,,,,,,,,,,,,,,
1,,3239,,,,,,,,,,5.0166621804237366e-05,,1.3314187526702881e-05,,0.19740626215934753,,0.28111910820007324,,0.14637693762779236,,0.06759001314640045,0.09365194290876389,,,,,,,,,,,,,,
1,,3249,,,,,,,,,,3.684312105178833e-05,,1.3051088899374008e-05,,0.17282401025295258,,0.26402515172958374,,0.1557917594909668,,0.07053013890981674,0.0965336486697197,,,,,,,,,,,,,,
1,,3259,,,,,,,,,,3.41758131980896e-05,,1.1326279491186142e-05,,0.2034013569355011,,0.2619960606098175,,0.15898068249225616,,0.06722776591777802,0.09491761028766632,,,,,,,,,,,,,,
1,,3269,,,,,,,,,,7.82012939453125e-05,,1.5453901141881943e-05,,0.20583628118038177,,0.27533942461013794,,0.15601925551891327,,0.06596873700618744,0.09407190978527069,,,,,,,,,,,,,,
1,,3279,,,,,,,,,,4.441291093826294e-05,,1.3033393770456314e-05,,0.20910879969596863,,0.2730843424797058,,0.1473000943660736,,0.06127161532640457,0.08884556591510773,,,,,,,,,,,,,,
1,,3289,,,,,,,,,,4.424341022968292e-05,,1.651514321565628e-05,,0.22147998213768005,,0.26539167761802673,,0.12169145792722702,,0.056472450494766235,0.08022686094045639,,,,,,,,,,,,,,
1,,3299,,,,,,,,,,4.252046346664429e-05,,1.3688579201698303e-05,,0.19903790950775146,,0.2802152633666992,,0.16423970460891724,,0.07673545926809311,0.10383952409029007,,,,,,,,,,,,,,
1,,3309,,,,,,,,,,5.180574953556061e-05,,2.1554529666900635e-05,,0.16901317238807678,,0.2877330780029297,,0.16144368052482605,,0.06982088088989258,0.09812852740287781,,,,,,,,,,,,,,
1,,3319,,,,,,,,,,4.936009645462036e-05,,1.9832048565149307e-05,,0.22673705220222473,,0.2768850326538086,,0.15278542041778564,,0.06983444094657898,0.09668286144733429,,,,,,,,,,,,,,
1,,3329,,,,,,,,,,4.1287392377853394e-05,,1.313118264079094e-05,,0.22354885935783386,,0.25672250986099243,,0.1331007033586502,,0.05873118340969086,0.08367884904146194,,,,,,,,,,,,,,
1,,3339,,,,,,,,,,3.346987068653107e-05,,7.698312401771545e-06,,0.20959948003292084,,0.26534220576286316,,0.14017337560653687,,0.058562688529491425,0.08511951565742493,,,,,,,,,,,,,,
1,,3349,,,,,,,,,,4.943646490573883e-05,,1.343991607427597e-05,,0.2216886281967163,,0.28311794996261597,,0.15034586191177368,,0.057300567626953125,0.08705567568540573,,,,,,,,,,,,,,
1,,3359,,,,,,,,,,2.9303133487701416e-05,,1.9209925085306168e-05,,0.2396664321422577,,0.2563403844833374,,0.16087913513183594,,0.07072025537490845,0.09805359691381454,,,,,,,,,,,,,,
1,,3369,,,,,,,,,,4.888884723186493e-05,,2.164393663406372e-05,,0.18788877129554749,,0.29600971937179565,,0.14630499482154846,,0.06692560017108917,0.09372664988040924,,,,,,,,,,,,,,
1,,3379,,,,,,,,,,2.5102868676185608e-05,,3.04575078189373e-05,,0.19579121470451355,,0.2653251886367798,,0.1474849283695221,,0.05875328928232193,0.08647115528583527,,,,,,,,,,,,,,
1,,3389,,,,,,,,,,4.573538899421692e-05,,2.070888876914978e-05,,0.22554373741149902,,0.2764511704444885,,0.15099084377288818,,0.06305371969938278,0.09122518450021744,,,,,,,,,,,,,,
1,,3399,,,,,,,,,,5.3903087973594666e-05,,2.575106918811798e-05,,0.19164824485778809,,0.2719196379184723,,0.15401634573936462,,0.0623214915394783,0.09063353389501572,,,,,,,,,,,,,,
1,,3409,,,,,,,,,,4.5238062739372253e-05,,1.9843690097332e-05,,0.2463582456111908,,0.26964133977890015,,0.144500732421875,,0.059142086654901505,0.08699823170900345,,,,,,,,,,,,,,
1,,3419,,,,,,,,,,7.204897701740265e-05,,1.7059501260519028e-05,,0.19908937811851501,,0.2735368609428406,,0.14620980620384216,,0.060761064291000366,0.0881618857383728,,,,,,,,,,,,,,
1,,3429,,,,,,,,,,7.726624608039856e-05,,1.737615093588829e-05,,0.19020779430866241,,0.28659501671791077,,0.14791879057884216,,0.06260716915130615,0.09037546068429947,,,,,,,,,,,,,,
1,,3439,,,,,,,,,,4.9933791160583496e-05,,1.749955117702484e-05,,0.2571195960044861,,0.26202166080474854,,0.13986697793006897,,0.05320253223180771,0.08144231885671616,,,,,,,,,,,,,,
1,,3449,,,,,,,,,,6.217323243618011e-05,,1.999828964471817e-05,,0.20151138305664062,,0.29311996698379517,,0.13321329653263092,,0.048498570919036865,0.07747190445661545,,,,,,,,,,,,,,
1,,3459,,,,,,,,,,4.521198570728302e-05,,2.6222318410873413e-05,,0.20538926124572754,,0.2689863443374634,,0.15988203883171082,,0.06788383424282074,0.09592992812395096,,,,,,,,,,,,,,
1,,3469,,,,,,,,,,4.8916786909103394e-05,,3.540981560945511e-05,,0.22701776027679443,,0.26313894987106323,,0.1372801959514618,,0.05137837678194046,0.07928831875324249,,,,,,,,,,,,,,
1,,3479,,,,,,,,,,5.2910298109054565e-05,,2.093566581606865e-05,,0.2062750607728958,,0.2756554186344147,,0.14043162763118744,,0.059353768825531006,0.08620604127645493,,,,,,,,,,,,,,
1,,3489,,,,,,,,,,4.940293729305267e-05,,1.4320481568574905e-05,,0.2281099557876587,,0.2793116271495819,,0.14943665266036987,,0.06403129547834396,0.09183123707771301,,,,,,,,,,,,,,
1,,3499,,,,,,,,,,5.703233182430267e-05,,9.651295840740204e-06,,0.20655763149261475,,0.26882070302963257,,0.14501985907554626,,0.05889001488685608,0.08640147000551224,,,,,,,,,,,,,,
1,,3509,,,,,,,,,,7.064826786518097e-05,,1.8252991139888763e-05,,0.21805590391159058,,0.2806676924228668,,0.15431015193462372,,0.06847221404314041,0.09602250158786774,,,,,,,,,,,,,,
1,,3519,,,,,,,,,,7.257051765918732e-05,,1.543154940009117e-05,,0.19174547493457794,,0.28894585371017456,,0.1431070864200592,,0.05250895023345947,0.08202577382326126,,,,,,,,,,,,,,
1,,3529,,,,,,,,,,5.4897740483283997e-05,,1.3119075447320938e-05,,0.20794931054115295,,0.2681996822357178,,0.14460164308547974,,0.06265783309936523,0.08913679420948029,,,,,,,,,,,,,,
1,,3539,,,,,,,,,,4.6156346797943115e-05,,1.5026424080133438e-05,,0.279666930437088,,0.2599354088306427,,0.14899654686450958,,0.06295619904994965,0.09063803404569626,,,,,,,,,,,,,,
1,,3549,,,,,,,,,,5.2751973271369934e-05,,1.541152596473694e-05,,0.24364617466926575,,0.27684640884399414,,0.13560685515403748,,0.06368118524551392,0.08904140442609787,,,,,,,,,,,,,,
1,,3559,,,,,,,,,,4.497542977333069e-05,,1.3213139027357101e-05,,0.16567853093147278,,0.3021732568740845,,0.14925295114517212,,0.06608493626117706,0.09367749094963074,,,,,,,,,,,,,,
1,,3569,,,,,,,,,,4.826299846172333e-05,,7.396098226308823e-06,,0.21725350618362427,,0.2588678002357483,,0.1359492540359497,,0.058418158441782,0.08400503545999527,,,,,,,,,,,,,,
1,,3579,,,,,,,,,,4.538707435131073e-05,,7.444992661476135e-06,,0.1995975375175476,,0.2600953280925751,,0.14282533526420593,,0.05434922128915787,0.0820927694439888,,,,,,,,,,,,,,
1,,3589,,,,,,,,,,3.820657730102539e-05,,1.2239906936883926e-05,,0.20395083725452423,,0.2647997736930847,,0.1357448697090149,,0.06325147300958633,0.087714783847332,,,,,,,,,,,,,,
1,,3599,,,,,,,,,,5.039013922214508e-05,,9.537208825349808e-06,,0.20473700761795044,,0.2845211327075958,,0.14435027539730072,,0.05549606680870056,0.08444459736347198,,,,,,,,,,,,,,
1,,3609,,,,,,,,,,4.7929584980010986e-05,,1.6944948583841324e-05,,0.20118391513824463,,0.2700122594833374,,0.14516636729240417,,0.052185602486133575,0.081392303109169,,,,,,,,,,,,,,
1,,3619,,,,,,,,,,5.842186510562897e-05,,1.0967720299959183e-05,,0.26828932762145996,,0.24814288318157196,,0.142224982380867,,0.06787629425525665,0.09237274527549744,,,,,,,,,,,,,,
1,,3629,,,,,,,,,,2.9668211936950684e-05,,6.758607923984528e-06,,0.23680180311203003,,0.2510872483253479,,0.14138886332511902,,0.06022267788648605,0.08624324947595596,,,,,,,,,,,,,,
1,,3639,,,,,,,,,,3.992393612861633e-05,,9.825453162193298e-06,,0.20689105987548828,,0.2930460572242737,,0.1462484449148178,,0.0665927529335022,0.09355008602142334,,,,,,,,,,,,,,
1,,3649,,,,,,,,,,6.707198917865753e-05,,2.1385494619607925e-05,,0.20000112056732178,,0.2694683372974396,,0.14808142185211182,,0.06277549266815186,0.08984402567148209,,,,,,,,,,,,,,
1,,3659,,,,,,,,,,2.7744099497795105e-05,,9.685754776000977e-06,,0.23125110566616058,,0.2640491724014282,,0.1588677018880844,,0.07414843142032623,0.10051088780164719,,,,,,,,,,,,,,
1,,3669,,,,,,,,,,5.871988832950592e-05,,1.781480386853218e-05,,0.23613443970680237,,0.26593276858329773,,0.1432039886713028,,0.06095121055841446,0.08781848847866058,,,,,,,,,,,,,,
1,,3679,,,,,,,,,,3.510713577270508e-05,,1.5050172805786133e-05,,0.18636204302310944,,0.2926674485206604,,0.14554721117019653,,0.058467455208301544,0.08706474304199219,,,,,,,,,,,,,,
1,,3689,,,,,,,,,,3.502704203128815e-05,,1.7062760889530182e-05,,0.17580518126487732,,0.27565088868141174,,0.15264645218849182,,0.06043687462806702,0.08895201236009598,,,,,,,,,,,,,,
1,,3699,,,,,,,,,,6.517954170703888e-05,,1.6009900718927383e-05,,0.21898265182971954,,0.271733820438385,,0.14731958508491516,,0.062078218907117844,0.08950676023960114,,,,,,,,,,,,,,
1,,3709,,,,,,,,,,4.283338785171509e-05,,1.2287404388189316e-05,,0.2071218192577362,,0.2611738443374634,,0.15231341123580933,,0.05229608714580536,0.08247076719999313,,,,,,,,,,,,,,
1,,3719,,,,,,,,,,4.073791205883026e-05,,1.6246922314167023e-05,,0.23169256746768951,,0.2555122971534729,,0.14344599843025208,,0.06474337726831436,0.09016803652048111,,,,,,,,,,,,,,
1,,3729,,,,,,,,,,3.3348798751831055e-05,,1.4894641935825348e-05,,0.20567068457603455,,0.28191468119621277,,0.1439012885093689,,0.06425566971302032,0.09082043915987015,,,,,,,,,,,,,,
1,,3739,,,,,,,,,,4.7789886593818665e-05,,3.862660378217697e-05,,0.22931547462940216,,0.2752905488014221,,0.1502452790737152,,0.06169627234339714,0.09005686640739441,,,,,,,,,,,,,,
1,,3749,,,,,,,,,,3.446824848651886e-05,,1.9742175936698914e-05,,0.25509998202323914,,0.25351834297180176,,0.13026337325572968,,0.05320873111486435,0.07922348380088806,,,,,,,,,,,,,,
1,,3759,,,,,,,,,,2.79843807220459e-05,,2.0294450223445892e-05,,0.1907677948474884,,0.2803058624267578,,0.14086315035820007,,0.057375796139240265,0.08483938127756119,,,,,,,,,,,,,,
1,,3769,,,,,,,,,,2.8604641556739807e-05,,2.189353108406067e-05,,0.17685732245445251,,0.2810599207878113,,0.15567892789840698,,0.06444686651229858,0.09279492497444153,,,,,,,,,,,,,,
1,,3779,,,,,,,,,,1.9608065485954285e-05,,1.098262146115303e-05,,0.2778173089027405,,0.2638566493988037,,0.15542730689048767,,0.07416536659002304,0.10041516274213791,,,,,,,,,,,,,,
1,,3789,,,,,,,,,,2.7906149625778198e-05,,1.6878359019756317e-05,,0.19491392374038696,,0.28619855642318726,,0.15734581649303436,,0.05442938208580017,0.08604516088962555,,,,,,,,,,,,,,
1,,3799,,,,,,,,,,3.6017969250679016e-05,,1.5026424080133438e-05,,0.20865581929683685,,0.2547513544559479,,0.14949819445610046,,0.06815770268440247,0.09355875849723816,,,,,,,,,,,,,,
1,,3809,,,,,,,,,,3.329664468765259e-05,,1.6893260180950165e-05,,0.19961030781269073,,0.2759571075439453,,0.15007562935352325,,0.0588834285736084,0.08759788423776627,,,,,,,,,,,,,,
1,,3819,,,,,,,,,,1.8185004591941833e-05,,2.213660627603531e-05,,0.18989861011505127,,0.26984962821006775,,0.1383744776248932,,0.052609674632549286,0.08029673248529434,,,,,,,,,,,,,,
1,,3829,,,,,,,,,,3.733113408088684e-05,,1.9496306777000427e-05,,0.25955042243003845,,0.2629821300506592,,0.14162468910217285,,0.0622769296169281,0.08865295350551605,,,,,,,,,,,,,,
1,,3839,,,,,,,,,,1.8727034330368042e-05,,8.809845894575119e-06,,0.23636946082115173,,0.2725569009780884,,0.15536481142044067,,0.06485159695148468,0.0933384895324707,,,,,,,,,,,,,,
1,,3849,,,,,,,,,,1.4238059520721436e-05,,6.5872445702552795e-06,,0.20990528166294098,,0.24867258965969086,,0.12782053649425507,,0.051137275993824005,0.07645435631275177,,,,,,,,,,,,,,
1,,3859,,,,,,,,,,1.969747245311737e-05,,6.9588422775268555e-06,,0.2206166684627533,,0.287214994430542,,0.1685177981853485,,0.06308490037918091,0.09498254209756851,,,,,,,,,,,,,,
1,,3869,,,,,,,,,,4.719197750091553e-05,,2.4398788809776306e-05,,0.20480114221572876,,0.2712227702140808,,0.14199718832969666,,0.054676104336977005,0.08276544511318207,,,,,,,,,,,,,,
1,,3879,,,,,,,,,,2.378225326538086e-05,,1.2580305337905884e-05,,0.19742585718631744,,0.25968924164772034,,0.1317298710346222,,0.05459162965416908,0.08014921098947525,,,,,,,,,,,,,,
1,,3889,,,,,,,,,,3.3913180232048035e-05,,9.915791451931e-06,,0.18570896983146667,,0.2687525153160095,,0.1516672521829605,,0.06270922720432281,0.0902656763792038,,,,,,,,,,,,,,
1,,3899,,,,,,,,,,3.239139914512634e-05,,1.9395258277654648e-05,,0.1643495112657547,,0.28469347953796387,,0.14727692306041718,,0.05539669468998909,0.08445362001657486,,,,,,,,,,,,,,
1,,3909,,,,,,,,,,3.712065517902374e-05,,1.786462962627411e-05,,0.20744971930980682,,0.2593667507171631,,0.13100561499595642,,0.0488298237323761,0.07579337805509567,,,,,,,,,,,,,,
1,,3919,,,,,,,,,,4.61433082818985e-05,,1.1536292731761932e-05,,0.22339984774589539,,0.2687036991119385,,0.1511489599943161,,0.06456895917654037,0.09200313687324524,,,,,,,,,,,,,,
1,,3929,,,,,,,,,,3.517046570777893e-05,,1.454213634133339e-05,,0.2068939208984375,,0.2834339141845703,,0.13060566782951355,,0.05175993964076042,0.07903838157653809,,,,,,,,,,,,,,
1,,3939,,,,,,,,,,4.315376281738281e-05,,2.917880192399025e-05,,0.20912709832191467,,0.27970176935195923,,0.14934465289115906,,0.058456096798181534,0.08742738515138626,,,,,,,,,,,,,,
1,,3949,,,,,,,,,,3.4634023904800415e-05,,1.9373837858438492e-05,,0.21700376272201538,,0.2644171714782715,,0.16768740117549896,,0.06450266391038895,0.09477917104959488,,,,,,,,,,,,,,
1,,3959,,,,,,,,,,5.060061812400818e-05,,1.4121178537607193e-05,,0.22881245613098145,,0.27290940284729004,,0.15605758130550385,,0.06390590220689774,0.0926869586110115,,,,,,,,,,,,,,
1,,3969,,,,,,,,,,4.697777330875397e-05,,1.4483928680419922e-05,,0.23072445392608643,,0.26163798570632935,,0.14398790895938873,,0.05235583335161209,0.08125260472297668,,,,,,,,,,,,,,
1,,3979,,,,,,,,,,3.1188130378723145e-05,,1.0280869901180267e-05,,0.20114433765411377,,0.2741188704967499,,0.14376424252986908,,0.06485843658447266,0.09082833677530289,,,,,,,,,,,,,,
1,,3989,,,,,,,,,,2.5894492864608765e-05,,9.58004966378212e-06,,0.20412790775299072,,0.2593024969100952,,0.14462634921073914,,0.058973316103219986,0.08591537922620773,,,,,,,,,,,,,,
1,,3999,,,,,,,,,,4.2652711272239685e-05,,1.0019168257713318e-05,,0.20561262965202332,,0.277072012424469,,0.13232338428497314,,0.050938043743371964,0.0784306451678276,,,,,,,,,,,,,,
1,,4009,,,,,,,,,,5.298107862472534e-05,,1.118052750825882e-05,,0.2600073218345642,,0.24589216709136963,,0.12448243051767349,,0.04831935465335846,0.07417131215333939,,,,,,,,,,,,,,
1,,4019,,,,,,,,,,3.3020973205566406e-05,,7.95070081949234e-06,,0.28079068660736084,,0.2482789307832718,,0.14520500600337982,,0.06481652706861496,0.09078913927078247,,,,,,,,,,,,,,
1,,4029,,,,,,,,,,6.326287984848022e-05,,8.259899914264679e-06,,0.22551892697811127,,0.27067744731903076,,0.13318245112895966,,0.057616256177425385,0.08353517949581146,,,,,,,,,,,,,,
1,,4037,,,,,,,,,,,,,,,,,,,,,,0.9744347929954529,1.0,1.0,0.9489991068840027,0.9068421721458435,0.955778181552887,0.9835960865020752,0.07957510650157928,1.0371208190917969e-05,1.2218952178955078e-06,0.20984497666358948,0.2660788893699646,0.1351862996816635,0.05236892029643059
1,,4037,0.969911515712738,1.0,1.0,0.948940634727478,0.9055296182632446,0.9489730000495911,0.9793503284454346,0.09366109222173691,5.711751146009192e-05,,2.0443858375074342e-05,,0.21277913451194763,,0.27234867215156555,,0.1537141054868698,,0.06607552617788315,,,,,,,,,,,,,,,,
,0.00029265847744427303,4038,,,,,,,,,,,,,,,,,,,,,,,,,,,,,,,,,,,
2,,4039,,,,,,,,,,4.028156399726868e-05,,7.0659443736076355e-06,,0.22380992770195007,,0.260701060295105,,0.13540299236774445,,0.05405578389763832,0.08079280704259872,,,,,,,,,,,,,,
2,,4049,,,,,,,,,,4.193931818008423e-05,,8.685514330863953e-06,,0.21372893452644348,,0.25839102268218994,,0.14639882743358612,,0.06204158067703247,0.08861937373876572,,,,,,,,,,,,,,
2,,4059,,,,,,,,,,3.9033591747283936e-05,,8.13184306025505e-06,,0.2154945582151413,,0.2787589430809021,,0.1380733996629715,,0.05654177814722061,0.08390778303146362,,,,,,,,,,,,,,
2,,4069,,,,,,,,,,4.918500781059265e-05,,1.4609191566705704e-05,,0.21576696634292603,,0.25810834765434265,,0.14133614301681519,,0.061727628111839294,0.08744502812623978,,,,,,,,,,,,,,
2,,4079,,,,,,,,,,4.025362432003021e-05,,6.338115781545639e-06,,0.25019773840904236,,0.2600076198577881,,0.1512218713760376,,0.06444461643695831,0.09182989597320557,,,,,,,,,,,,,,
2,,4089,,,,,,,,,,6.51329755783081e-05,,1.4113262295722961e-05,,0.20425567030906677,,0.27510908246040344,,0.14051195979118347,,0.05602562427520752,0.0836750864982605,,,,,,,,,,,,,,
2,,4099,,,,,,,,,,5.955249071121216e-05,,1.0589603334665298e-05,,0.20382696390151978,,0.25638318061828613,,0.14838914573192596,,0.06374751031398773,0.0900622233748436,,,,,,,,,,,,,,
2,,4109,,,,,,,,,,4.147551953792572e-05,,1.503853127360344e-05,,0.21059975028038025,,0.2756113111972809,,0.1371443271636963,,0.053984999656677246,0.0816105529665947,,,,,,,,,,,,,,
2,,4119,,,,,,,,,,5.013309419155121e-05,,1.0936986654996872e-05,,0.20224885642528534,,0.27525779604911804,,0.1393444538116455,,0.04969671368598938,0.07869172096252441,,,,,,,,,,,,,,
2,,4129,,,,,,,,,,3.351643681526184e-05,,1.148739829659462e-05,,0.20691481232643127,,0.2738742232322693,,0.14294734597206116,,0.05936089903116226,0.08660714328289032,,,,,,,,,,,,,,
2,,4139,,,,,,,,,,3.758072853088379e-05,,1.5663448721170425e-05,,0.22016525268554688,,0.24827542901039124,,0.1411726325750351,,0.05929465591907501,0.08517970144748688,,,,,,,,,,,,,,
2,,4149,,,,,,,,,,2.9498711228370667e-05,,7.505528628826141e-06,,0.21005859971046448,,0.26896044611930847,,0.15784791111946106,,0.06034715473651886,0.08994800597429276,,,,,,,,,,,,,,
2,,4159,,,,,,,,,,3.80929559469223e-05,,1.1148396879434586e-05,,0.2222345620393753,,0.27450698614120483,,0.1385117769241333,,0.05300333723425865,0.08121518045663834,,,,,,,,,,,,,,
2,,4169,,,,,,,,,,3.0178576707839966e-05,,7.911119610071182e-06,,0.20762643218040466,,0.26957154273986816,,0.13613387942314148,,0.05406647175550461,0.08116410672664642,,,,,,,,,,,,,,
2,,4179,,,,,,,,,,3.0372291803359985e-05,,9.3923881649971e-06,,0.23505839705467224,,0.2592836618423462,,0.13356110453605652,,0.05318235233426094,0.07985752820968628,,,,,,,,,,,,,,
2,,4189,,,,,,,,,,2.0191073417663574e-05,,1.3146083801984787e-05,,0.2125225067138672,,0.26698416471481323,,0.1366172730922699,,0.057753145694732666,0.0839565321803093,,,,,,,,,,,,,,
2,,4199,,,,,,,,,,1.9164755940437317e-05,,1.2313015758991241e-05,,0.23674005270004272,,0.27274051308631897,,0.14930115640163422,,0.06750119477510452,0.09420192241668701,,,,,,,,,,,,,,
2,,4209,,,,,,,,,,1.698918640613556e-05,,1.0361429303884506e-05,,0.1878444105386734,,0.2794540524482727,,0.1523095816373825,,0.06334049999713898,0.09138648957014084,,,,,,,,,,,,,,
2,,4219,,,,,,,,,,2.2182241082191467e-05,,1.204758882522583e-05,,0.252257376909256,,0.2566145062446594,,0.11603942513465881,,0.04395437240600586,0.06972519308328629,,,,,,,,,,,,,,
2,,4229,,,,,,,,,,3.2471492886543274e-05,,2.3366417735815048e-05,,0.21085704863071442,,0.2845812439918518,,0.1281524896621704,,0.04950224980711937,0.07698489725589752,,,,,,,,,,,,,,
2,,4239,,,,,,,,,,3.797560930252075e-05,,1.1689495295286179e-05,,0.21163761615753174,,0.25837618112564087,,0.13456185162067413,,0.05816977098584175,0.08346962183713913,,,,,,,,,,,,,,
2,,4249,,,,,,,,,,4.025548696517944e-05,,2.614874392747879e-05,,0.21548134088516235,,0.2620640993118286,,0.13460861146450043,,0.052115581929683685,0.07915466278791428,,,,,,,,,,,,,,
2,,4259,,,,,,,,,,3.964826464653015e-05,,1.9168946892023087e-05,,0.16923192143440247,,0.26937031745910645,,0.1447625756263733,,0.05852275341749191,0.08566597104072571,,,,,,,,,,,,,,
2,,4269,,,,,,,,,,3.0858442187309265e-05,,1.816125586628914e-05,,0.22101062536239624,,0.27435123920440674,,0.14644107222557068,,0.05615929514169693,0.08504819869995117,,,,,,,,,,,,,,
2,,4279,,,,,,,,,,4.276446998119354e-05,,1.3748649507761002e-05,,0.22689184546470642,,0.2770500183105469,,0.13192257285118103,,0.05606008693575859,0.08244635909795761,,,,,,,,,,,,,,
2,,4289,,,,,,,,,,5.3649768233299255e-05,,2.173660323023796e-05,,0.21758797764778137,,0.2857401371002197,,0.13497810065746307,,0.05439776927232742,0.08207079023122787,,,,,,,,,,,,,,
2,,4299,,,,,,,,,,5.521811544895172e-05,,1.4982186257839203e-05,,0.21042275428771973,,0.26750844717025757,,0.1278081089258194,,0.04722531884908676,0.07440660893917084,,,,,,,,,,,,,,
2,,4309,,,,,,,,,,6.126053631305695e-05,,1.9909348338842392e-05,,0.2533015012741089,,0.26847997307777405,,0.13758674263954163,,0.05367477610707283,0.0816270038485527,,,,,,,,,,,,,,
2,,4319,,,,,,,,,,7.152557373046875e-05,,2.155127003788948e-05,,0.2031695544719696,,0.2784880995750427,,0.14393995702266693,,0.058984238654375076,0.0866832286119461,,,,,,,,,,,,,,
2,,4329,,,,,,,,,,3.939680755138397e-05,,3.240210935473442e-05,,0.18016964197158813,,0.2959502041339874,,0.1606416404247284,,0.07338310033082962,0.1011664867401123,,,,,,,,,,,,,,
2,,4339,,,,,,,,,,4.2377039790153503e-05,,2.9798131436109543e-05,,0.20277702808380127,,0.27210384607315063,,0.15252718329429626,,0.06427258253097534,0.09195701777935028,,,,,,,,,,,,,,
2,,4349,,,,,,,,,,5.987100303173065e-05,,2.4473294615745544e-05,,0.1995215117931366,,0.26614755392074585,,0.15922683477401733,,0.06713957339525223,0.09504684060811996,,,,,,,,,,,,,,
2,,4359,,,,,,,,,,3.8294121623039246e-05,,2.3486092686653137e-05,,0.2302047610282898,,0.26645657420158386,,0.1298999935388565,,0.05386730656027794,0.07996421307325363,,,,,,,,,,,,,,
2,,4369,,,,,,,,,,3.352947533130646e-05,,2.0786654204130173e-05,,0.20026910305023193,,0.25701549649238586,,0.14452293515205383,,0.06454901397228241,0.0899263545870781,,,,,,,,,,,,,,
2,,4379,,,,,,,,,,4.599243402481079e-05,,1.848628744482994e-05,,0.2125685214996338,,0.25815466046333313,,0.15401974320411682,,0.06837014853954315,0.09477157890796661,,,,,,,,,,,,,,
2,,4389,,,,,,,,,,2.0677223801612854e-05,,1.679733395576477e-05,,0.18241681158542633,,0.27771806716918945,,0.14737606048583984,,0.05989675968885422,0.08773279935121536,,,,,,,,,,,,,,
2,,4399,,,,,,,,,,2.0895153284072876e-05,,1.5475787222385406e-05,,0.18106159567832947,,0.25248563289642334,,0.12304031848907471,,0.049555037170648575,0.07421159744262695,,,,,,,,,,,,,,
2,,4409,,,,,,,,,,2.3379921913146973e-05,,1.2545846402645111e-05,,0.1954449713230133,,0.28844308853149414,,0.12286977469921112,,0.05066489055752754,0.07686671614646912,,,,,,,,,,,,,,
2,,4419,,,,,,,,,,1.989118754863739e-05,,1.3449229300022125e-05,,0.213393896818161,,0.2639338970184326,,0.13036134839057922,,0.055964186787605286,0.08130840957164764,,,,,,,,,,,,,,
2,,4429,,,,,,,,,,2.1906569600105286e-05,,1.101987436413765e-05,,0.22185145318508148,,0.2567511796951294,,0.13166065514087677,,0.054901957511901855,0.08051758259534836,,,,,,,,,,,,,,
2,,4439,,,,,,,,,,4.305131733417511e-05,,1.5424564480781555e-05,,0.21614205837249756,,0.27027755975723267,,0.1276944875717163,,0.04629258066415787,0.07388244569301605,,,,,,,,,,,,,,
2,,4449,,,,,,,,,,3.468617796897888e-05,,1.4668796211481094e-05,,0.21211519837379456,,0.275343120098114,,0.15217912197113037,,0.056829165667295456,0.08656910061836243,,,,,,,,,,,,,,
2,,4459,,,,,,,,,,2.3387372493743896e-05,,1.4715828001499176e-05,,0.1917201280593872,,0.29408377408981323,,0.14836342632770538,,0.05744749307632446,0.0869569480419159,,,,,,,,,,,,,,
2,,4469,,,,,,,,,,2.843700349330902e-05,,1.1926982551813126e-05,,0.18592512607574463,,0.2801128923892975,,0.15158122777938843,,0.07024510949850082,0.09643802046775818,,,,,,,,,,,,,,
2,,4479,,,,,,,,,,3.3386051654815674e-05,,9.56561416387558e-06,,0.20882366597652435,,0.2696550488471985,,0.14337384700775146,,0.06556874513626099,0.09116870164871216,,,,,,,,,,,,,,
2,,4489,,,,,,,,,,2.2534281015396118e-05,,9.869225323200226e-06,,0.24024182558059692,,0.2714344263076782,,0.15920281410217285,,0.06148582696914673,0.09152611345052719,,,,,,,,,,,,,,
2,,4499,,,,,,,,,,3.115646541118622e-05,,8.766073733568192e-06,,0.19436192512512207,,0.26816970109939575,,0.14889490604400635,,0.05627724900841713,0.08499466627836227,,,,,,,,,,,,,,
2,,4509,,,,,,,,,,3.915466368198395e-05,,1.2456439435482025e-05,,0.1975584179162979,,0.27094316482543945,,0.1333148181438446,,0.06158936768770218,0.08622527122497559,,,,,,,,,,,,,,
2,,4519,,,,,,,,,,3.7671998143196106e-05,,1.0220799595117569e-05,,0.20108291506767273,,0.2597387135028839,,0.15224742889404297,,0.05697594955563545,0.08583106100559235,,,,,,,,,,,,,,
2,,4529,,,,,,,,,,3.2009556889533997e-05,,1.0483432561159134e-05,,0.21560028195381165,,0.27732962369918823,,0.12965919077396393,,0.05113749951124191,0.0782097652554512,,,,,,,,,,,,,,
2,,4539,,,,,,,,,,3.6016106605529785e-05,,7.860362529754639e-06,,0.19744658470153809,,0.2855380177497864,,0.1352345496416092,,0.05725283920764923,0.08401508629322052,,,,,,,,,,,,,,
2,,4549,,,,,,,,,,5.8045610785484314e-05,,7.156282663345337e-06,,0.21029961109161377,,0.271549254655838,,0.1344001591205597,,0.05849479138851166,0.08428508788347244,,,,,,,,,,,,,,
2,,4559,,,,,,,,,,0.00012747570872306824,,1.0954681783914566e-05,,0.18300601840019226,,0.27578043937683105,,0.1570712774991989,,0.057097092270851135,0.08736695349216461,,,,,,,,,,,,,,
2,,4569,,,,,,,,,,4.618801176548004e-05,,1.360895112156868e-05,,0.1978376805782318,,0.25329142808914185,,0.12998884916305542,,0.05343372002243996,0.07865892350673676,,,,,,,,,,,,,,
2,,4579,,,,,,,,,,6.217695772647858e-05,,1.7222948372364044e-05,,0.22288039326667786,,0.2683778405189514,,0.1373591125011444,,0.053361453115940094,0.08098788559436798,,,,,,,,,,,,,,
2,,4589,,,,,,,,,,5.050934851169586e-05,,9.641516953706741e-06,,0.2013462781906128,,0.274659126996994,,0.1499883085489273,,0.06448705494403839,0.09174474328756332,,,,,,,,,,,,,,
2,,4599,,,,,,,,,,4.556775093078613e-05,,1.5227124094963074e-05,,0.2012450397014618,,0.27756020426750183,,0.1649629771709442,,0.06823353469371796,0.0974985659122467,,,,,,,,,,,,,,
2,,4609,,,,,,,,,,2.8211623430252075e-05,,8.136965334415436e-06,,0.2053632140159607,,0.27306103706359863,,0.13811570405960083,,0.05245785787701607,0.08046611398458481,,,,,,,,,,,,,,
2,,4619,,,,,,,,,,6.121210753917694e-05,,3.431178629398346e-05,,0.217598557472229,,0.28037112951278687,,0.16327190399169922,,0.06716448068618774,0.09670298546552658,,,,,,,,,,,,,,
2,,4629,,,,,,,,,,4.317425191402435e-05,,1.7222482711076736e-05,,0.20932653546333313,,0.25768816471099854,,0.13021320104599,,0.04774697870016098,0.07477572560310364,,,,,,,,,,,,,,
2,,4639,,,,,,,,,,2.1200627088546753e-05,,1.1011958122253418e-05,,0.17837077379226685,,0.27393123507499695,,0.15051889419555664,,0.06636174023151398,0.09294714778661728,,,,,,,,,,,,,,
2,,4649,,,,,,,,,,3.0258670449256897e-05,,1.6419682651758194e-05,,0.17882707715034485,,0.2659345269203186,,0.15276166796684265,,0.06187954545021057,0.08963573724031448,,,,,,,,,,,,,,
2,,4659,,,,,,,,,,3.1299889087677e-05,,1.0074116289615631e-05,,0.22314481437206268,,0.2660920023918152,,0.1604619026184082,,0.07105408608913422,0.09848931431770325,,,,,,,,,,,,,,
2,,4669,,,,,,,,,,3.4555792808532715e-05,,1.0161194950342178e-05,,0.1840543895959854,,0.2741299569606781,,0.13562992215156555,,0.051711492240428925,0.0792403593659401,,,,,,,,,,,,,,
2,,4679,,,,,,,,,,3.870762884616852e-05,,1.0102987289428711e-05,,0.22763466835021973,,0.2621428966522217,,0.13508576154708862,,0.05557328462600708,0.08198416233062744,,,,,,,,,,,,,,
2,,4689,,,,,,,,,,2.92900949716568e-05,,8.677132427692413e-06,,0.16982603073120117,,0.26898932456970215,,0.14271661639213562,,0.05650610476732254,0.08375846594572067,,,,,,,,,,,,,,
2,,4699,,,,,,,,,,1.870281994342804e-05,,8.004717528820038e-06,,0.21579869091510773,,0.28855621814727783,,0.1342696249485016,,0.0585482083261013,0.08516249805688858,,,,,,,,,,,,,,
2,,4709,,,,,,,,,,2.664513885974884e-05,,7.891561836004257e-06,,0.20472471415996552,,0.2748110890388489,,0.14206427335739136,,0.057804398238658905,0.08529210835695267,,,,,,,,,,,,,,
2,,4719,,,,,,,,,,5.174614489078522e-05,,1.604575663805008e-05,,0.20109617710113525,,0.27500611543655396,,0.12732401490211487,,0.05382636934518814,0.07951003313064575,,,,,,,,,,,,,,
2,,4729,,,,,,,,,,7.243454456329346e-05,,1.4152377843856812e-05,,0.20297101140022278,,0.27343249320983887,,0.1334163248538971,,0.06093111261725426,0.08593068271875381,,,,,,,,,,,,,,
2,,4739,,,,,,,,,,5.4946169257164e-05,,1.5223398804664612e-05,,0.17699924111366272,,0.27792006731033325,,0.12929114699363708,,0.05056772381067276,0.07728855311870575,,,,,,,,,,,,,,
2,,4749,,,,,,,,,,4.9816444516181946e-05,,1.1750031262636185e-05,,0.23921941220760345,,0.2525436580181122,,0.12647661566734314,,0.0503992885351181,0.07617384195327759,,,,,,,,,,,,,,
2,,4759,,,,,,,,,,1.796148717403412e-05,,6.399583071470261e-06,,0.2250436246395111,,0.25603920221328735,,0.12490186840295792,,0.04932381212711334,0.07506939023733139,,,,,,,,,,,,,,
2,,4769,,,,,,,,,,2.9772520065307617e-05,,7.00727105140686e-06,,0.260519802570343,,0.25329145789146423,,0.1313912719488144,,0.05670970678329468,0.08211424201726913,,,,,,,,,,,,,,
2,,4779,,,,,,,,,,6.421469151973724e-05,,1.5569385141134262e-05,,0.19041332602500916,,0.26690226793289185,,0.14545086026191711,,0.05393025651574135,0.08248241245746613,,,,,,,,,,,,,,
2,,4789,,,,,,,,,,5.280040204524994e-05,,1.4775432646274567e-05,,0.2103842943906784,,0.2711804509162903,,0.15202394127845764,,0.061800554394721985,0.0900539979338646,,,,,,,,,,,,,,
2,,4799,,,,,,,,,,4.331953823566437e-05,,1.0109972208738327e-05,,0.21723970770835876,,0.27428382635116577,,0.14880020916461945,,0.05904156714677811,0.08760549873113632,,,,,,,,,,,,,,
2,,4809,,,,,,,,,,3.3622607588768005e-05,,1.1752825230360031e-05,,0.18531599640846252,,0.27324438095092773,,0.1434718817472458,,0.05761058256030083,0.08510976284742355,,,,,,,,,,,,,,
2,,4819,,,,,,,,,,7.865950465202332e-05,,1.295376569032669e-05,,0.23457899689674377,,0.2611733078956604,,0.12322007119655609,,0.050118908286094666,0.07570299506187439,,,,,,,,,,,,,,
2,,4829,,,,,,,,,,3.7668272852897644e-05,,7.797963917255402e-06,,0.2073003649711609,,0.25936198234558105,,0.1352473795413971,,0.0681227296590805,0.091060109436512,,,,,,,,,,,,,,
2,,4839,,,,,,,,,,3.5511329770088196e-05,,9.97958704829216e-06,,0.2158009558916092,,0.2655153274536133,,0.13234490156173706,,0.05578618124127388,0.08164924383163452,,,,,,,,,,,,,,
2,,4849,,,,,,,,,,4.262849688529968e-05,,1.6398262232542038e-05,,0.2335829734802246,,0.28206801414489746,,0.14371690154075623,,0.06638797372579575,0.09271985292434692,,,,,,,,,,,,,,
2,,4859,,,,,,,,,,4.8998743295669556e-05,,1.4845281839370728e-05,,0.2011127918958664,,0.27204275131225586,,0.13677342236042023,,0.06438528001308441,0.0890645980834961,,,,,,,,,,,,,,
2,,4869,,,,,,,,,,4.3453648686408997e-05,,1.1893920600414276e-05,,0.22933600842952728,,0.26590776443481445,,0.12121730297803879,,0.048243239521980286,0.07408078759908676,,,,,,,,,,,,,,
2,,4879,,,,,,,,,,2.5441870093345642e-05,,1.4489516615867615e-05,,0.1740213930606842,,0.2659974992275238,,0.14258548617362976,,0.053135961294174194,0.08111456036567688,,,,,,,,,,,,,,
2,,4889,,,,,,,,,,2.2798776626586914e-05,,7.99819827079773e-06,,0.22478848695755005,,0.2758067846298218,,0.137013241648674,,0.05523839220404625,0.08270169049501419,,,,,,,,,,,,,,
2,,4899,,,,,,,,,,2.082251012325287e-05,,7.010065019130707e-06,,0.19915035367012024,,0.24724900722503662,,0.1352909803390503,,0.05144119635224342,0.07789059728384018,,,,,,,,,,,,,,
2,,4909,,,,,,,,,,2.888403832912445e-05,,6.442423909902573e-06,,0.23111870884895325,,0.27799132466316223,,0.15400291979312897,,0.06839347630739212,0.09593338519334793,,,,,,,,,,,,,,
2,,4919,,,,,,,,,,1.924671232700348e-05,,7.232651114463806e-06,,0.2311212420463562,,0.25971055030822754,,0.11583663523197174,,0.045550014823675156,0.07078158110380173,,,,,,,,,,,,,,
2,,4929,,,,,,,,,,3.730878233909607e-05,,6.699468940496445e-06,,0.1959277093410492,,0.2675859034061432,,0.14227518439292908,,0.05779764801263809,0.08488472551107407,,,,,,,,,,,,,,
2,,4939,,,,,,,,,,3.069452941417694e-05,,8.386559784412384e-06,,0.17524954676628113,,0.27777099609375,,0.14340238273143768,,0.06408175081014633,0.0900455117225647,,,,,,,,,,,,,,
2,,4949,,,,,,,,,,2.002529799938202e-05,,7.924158126115799e-06,,0.19916310906410217,,0.26728081703186035,,0.12282539904117584,,0.04934457689523697,0.07491926103830338,,,,,,,,,,,,,,
2,,4959,,,,,,,,,,2.5939196348190308e-05,,1.9676517695188522e-05,,0.20729458332061768,,0.2700638771057129,,0.13145172595977783,,0.0534818097949028,0.07986661046743393,,,,,,,,,,,,,,
2,,4969,,,,,,,,,,2.1861866116523743e-05,,9.228475391864777e-06,,0.19417212903499603,,0.27149665355682373,,0.13612611591815948,,0.0602242574095726,0.0857146754860878,,,,,,,,,,,,,,
2,,4979,,,,,,,,,,2.5501474738121033e-05,,9.89530235528946e-06,,0.2340698540210724,,0.25564301013946533,,0.14742770791053772,,0.056081049144268036,0.08445042371749878,,,,,,,,,,,,,,
2,,4989,,,,,,,,,,2.693384885787964e-05,,1.4124903827905655e-05,,0.24716123938560486,,0.26086241006851196,,0.1417933702468872,,0.05923132598400116,0.08615519106388092,,,,,,,,,,,,,,
2,,4999,,,,,,,,,,4.2300671339035034e-05,,9.201932698488235e-06,,0.19591814279556274,,0.27522602677345276,,0.13329195976257324,,0.05788973346352577,0.08362715691328049,,,,,,,,,,,,,,
2,,5009,,,,,,,,,,2.5607645511627197e-05,,7.892027497291565e-06,,0.21763157844543457,,0.2643374502658844,,0.12191479653120041,,0.048515379428863525,0.07420490682125092,,,,,,,,,,,,,,
2,,5019,,,,,,,,,,3.464147448539734e-05,,1.8252059817314148e-05,,0.22058695554733276,,0.26012545824050903,,0.14951223134994507,,0.057038161903619766,0.08561153709888458,,,,,,,,,,,,,,
2,,5029,,,,,,,,,,1.8170103430747986e-05,,6.732996553182602e-06,,0.22094184160232544,,0.2627980709075928,,0.1386585235595703,,0.05682859197258949,0.0835481733083725,,,,,,,,,,,,,,
2,,5039,,,,,,,,,,2.4341046810150146e-05,,1.4380551874637604e-05,,0.19832535088062286,,0.25225937366485596,,0.13105762004852295,,0.05269976705312729,0.07826608419418335,,,,,,,,,,,,,,
2,,5049,,,,,,,,,,2.6343390345573425e-05,,1.1045485734939575e-05,,0.21177245676517487,,0.27523258328437805,,0.14859169721603394,,0.06330891698598862,0.09074807912111282,,,,,,,,,,,,,,
2,,5059,,,,,,,,,,2.742372453212738e-05,,7.686205208301544e-06,,0.23171286284923553,,0.2794536352157593,,0.14787983894348145,,0.05180276185274124,0.08241448551416397,,,,,,,,,,,,,,
2,,5069,,,,,,,,,,2.08243727684021e-05,,1.0230578482151031e-05,,0.18738782405853271,,0.28131020069122314,,0.1433667540550232,,0.06096068397164345,0.0880056768655777,,,,,,,,,,,,,,
2,,5079,,,,,,,,,,2.222694456577301e-05,,1.1055730283260345e-05,,0.20610710978507996,,0.2764011025428772,,0.15046614408493042,,0.07410182803869247,0.09918465465307236,,,,,,,,,,,,,,
2,,5089,,,,,,,,,,2.547726035118103e-05,,1.1633150279521942e-05,,0.17098450660705566,,0.2839759588241577,,0.15597368776798248,,0.07001456618309021,0.09709484875202179,,,,,,,,,,,,,,
2,,5099,,,,,,,,,,4.3623149394989014e-05,,7.791910320520401e-06,,0.23556111752986908,,0.2603845000267029,,0.11356113851070404,,0.04481489956378937,0.06988701224327087,,,,,,,,,,,,,,
2,,5109,,,,,,,,,,1.7033889889717102e-05,,9.842216968536377e-06,,0.17576709389686584,,0.26090314984321594,,0.13147833943367004,,0.052222467958927155,0.07812776416540146,,,,,,,,,,,,,,
2,,5119,,,,,,,,,,1.2541189789772034e-05,,6.766524165868759e-06,,0.17912636697292328,,0.2755886912345886,,0.15329769253730774,,0.06211913377046585,0.09037212282419205,,,,,,,,,,,,,,
2,,5129,,,,,,,,,,1.2502074241638184e-05,,1.1123716831207275e-05,,0.19933468103408813,,0.28395789861679077,,0.12334809452295303,,0.050452157855033875,0.07663211971521378,,,,,,,,,,,,,,
2,,5139,,,,,,,,,,1.1708587408065796e-05,,7.812399417161942e-06,,0.23421022295951843,,0.25474369525909424,,0.11628767848014832,,0.042692288756370544,0.06852567940950394,,,,,,,,,,,,,,
2,,5149,,,,,,,,,,9.456649422645569e-06,,1.821247860789299e-05,,0.16548128426074982,,0.27361243963241577,,0.12769219279289246,,0.05505555868148804,0.08001837134361267,,,,,,,,,,,,,,
2,,5159,,,,,,,,,,1.1179596185684204e-05,,7.900875061750412e-06,,0.19020932912826538,,0.2800007164478302,,0.1491357982158661,,0.06632289290428162,0.09308194369077682,,,,,,,,,,,,,,
2,,5169,,,,,,,,,,8.359551429748535e-06,,6.2105245888233185e-06,,0.194950670003891,,0.2724136710166931,,0.14443767070770264,,0.05361291393637657,0.08236584812402725,,,,,,,,,,,,,,
2,,5179,,,,,,,,,,1.0512769222259521e-05,,6.5998174250125885e-06,,0.23078784346580505,,0.260550320148468,,0.14117343723773956,,0.06623685359954834,0.09108776599168777,,,,,,,,,,,,,,
2,,5189,,,,,,,,,,1.4318153262138367e-05,,6.43264502286911e-06,,0.200616717338562,,0.25618061423301697,,0.12168531864881516,,0.04658148065209389,0.07212918996810913,,,,,,,,,,,,,,
2,,5199,,,,,,,,,,1.259148120880127e-05,,6.79725781083107e-06,,0.18185660243034363,,0.2739333510398865,,0.14183452725410461,,0.05526216700673103,0.08303266763687134,,,,,,,,,,,,,,
2,,5209,,,,,,,,,,8.009374141693115e-06,,9.073875844478607e-06,,0.21319761872291565,,0.26303228735923767,,0.12190469354391098,,0.05010432004928589,0.07528182864189148,,,,,,,,,,,,,,
2,,5219,,,,,,,,,,8.806586265563965e-06,,4.742294549942017e-06,,0.21045544743537903,,0.27318471670150757,,0.13916723430156708,,0.0514509454369545,0.07997342199087143,,,,,,,,,,,,,,
2,,5229,,,,,,,,,,1.4822930097579956e-05,,1.0214745998382568e-05,,0.20350806415081024,,0.2663203179836273,,0.13439622521400452,,0.05441831052303314,0.08090144395828247,,,,,,,,,,,,,,
2,,5239,,,,,,,,,,9.389594197273254e-06,,5.789566785097122e-06,,0.1845090389251709,,0.28729361295700073,,0.15061688423156738,,0.05850733071565628,0.08777172118425369,,,,,,,,,,,,,,
2,,5249,,,,,,,,,,8.106231689453125e-06,,4.698522388935089e-06,,0.24832934141159058,,0.2583531141281128,,0.1342998743057251,,0.05100906640291214,0.07847762107849121,,,,,,,,,,,,,,
2,,5259,,,,,,,,,,1.4036893844604492e-05,,6.352085620164871e-06,,0.2441069483757019,,0.262298047542572,,0.144508957862854,,0.059891290962696075,0.08719106763601303,,,,,,,,,,,,,,
2,,5269,,,,,,,,,,1.150369644165039e-05,,7.541384547948837e-06,,0.2334504872560501,,0.25520995259284973,,0.14722347259521484,,0.05871902406215668,0.08636350184679031,,,,,,,,,,,,,,
2,,5279,,,,,,,,,,1.1166557669639587e-05,,1.2384261935949326e-05,,0.1791800856590271,,0.27415308356285095,,0.1393265575170517,,0.06000252440571785,0.08609737455844879,,,,,,,,,,,,,,
2,,5289,,,,,,,,,,2.8947368264198303e-05,,1.5541911125183105e-05,,0.21069243550300598,,0.27000653743743896,,0.12415280938148499,,0.052549779415130615,0.07783566415309906,,,,,,,,,,,,,,
2,,5299,,,,,,,,,,1.883693039417267e-05,,1.3296026736497879e-05,,0.21862483024597168,,0.27515727281570435,,0.1449916958808899,,0.061644308269023895,0.08890093863010406,,,,,,,,,,,,,,
2,,5309,,,,,,,,,,2.2230669856071472e-05,,6.65104016661644e-06,,0.20792058110237122,,0.2807466387748718,,0.1271214783191681,,0.049985550343990326,0.07693982869386673,,,,,,,,,,,,,,
2,,5319,,,,,,,,,,2.1958723664283752e-05,,1.0493677109479904e-05,,0.25126880407333374,,0.256218284368515,,0.13780468702316284,,0.053175948560237885,0.08069487661123276,,,,,,,,,,,,,,
2,,5329,,,,,,,,,,1.6108155250549316e-05,,8.3213672041893e-06,,0.17523033916950226,,0.27545833587646484,,0.1488557606935501,,0.058783695101737976,0.08698509633541107,,,,,,,,,,,,,,
2,,5339,,,,,,,,,,1.4666467905044556e-05,,1.0632909834384918e-05,,0.23769418895244598,,0.25428682565689087,,0.12589719891548157,,0.04873824119567871,0.07488290220499039,,,,,,,,,,,,,,
2,,5349,,,,,,,,,,1.8404796719551086e-05,,9.691808372735977e-06,,0.20722660422325134,,0.28424859046936035,,0.13157638907432556,,0.056643612682819366,0.08292616158723831,,,,,,,,,,,,,,
2,,5359,,,,,,,,,,4.464201629161835e-05,,1.4450866729021072e-05,,0.20763111114501953,,0.26210153102874756,,0.12359774112701416,,0.0530906617641449,0.07773081213235855,,,,,,,,,,,,,,
2,,5369,,,,,,,,,,1.596100628376007e-05,,9.885989129543304e-06,,0.1802331805229187,,0.27025097608566284,,0.13834378123283386,,0.0552225224673748,0.08215657621622086,,,,,,,,,,,,,,
2,,5379,,,,,,,,,,1.5527009963989258e-05,,1.4028046280145645e-05,,0.1907157301902771,,0.2636614739894867,,0.12908990681171417,,0.05123486369848251,0.07724349945783615,,,,,,,,,,,,,,
2,,5389,,,,,,,,,,2.218969166278839e-05,,1.1861789971590042e-05,,0.19675901532173157,,0.2766989469528198,,0.16125637292861938,,0.06830137223005295,0.0967613160610199,,,,,,,,,,,,,,
2,,5399,,,,,,,,,,2.2236257791519165e-05,,1.115584746003151e-05,,0.20986440777778625,,0.26360225677490234,,0.13425958156585693,,0.053645629435777664,0.08024323731660843,,,,,,,,,,,,,,
2,,5409,,,,,,,,,,2.3869797587394714e-05,,1.6011297702789307e-05,,0.21623742580413818,,0.27126485109329224,,0.14159783720970154,,0.0565854012966156,0.08425885438919067,,,,,,,,,,,,,,
2,,5419,,,,,,,,,,1.5623867511749268e-05,,1.0014045983552933e-05,,0.24052514135837555,,0.2628086805343628,,0.13587895035743713,,0.055526331067085266,0.0822799950838089,,,,,,,,,,,,,,
2,,5429,,,,,,,,,,1.1363998055458069e-05,,1.0307878255844116e-05,,0.2477816641330719,,0.2536383867263794,,0.13373711705207825,,0.05421901121735573,0.08055266737937927,,,,,,,,,,,,,,
2,,5439,,,,,,,,,,1.3807788491249084e-05,,5.9497542679309845e-06,,0.22110095620155334,,0.25414735078811646,,0.1461430788040161,,0.05994138866662979,0.0868832916021347,,,,,,,,,,,,,,
2,,5449,,,,,,,,,,1.11311674118042e-05,,1.0200776159763336e-05,,0.24489186704158783,,0.27079153060913086,,0.1321580857038498,,0.05065656080842018,0.07835441082715988,,,,,,,,,,,,,,
2,,5459,,,,,,,,,,1.3593584299087524e-05,,7.543247193098068e-06,,0.19675269722938538,,0.2624239921569824,,0.13051629066467285,,0.05320299044251442,0.07900018244981766,,,,,,,,,,,,,,
2,,5469,,,,,,,,,,1.4217570424079895e-05,,8.524861186742783e-06,,0.22043177485466003,,0.26947587728500366,,0.14395950734615326,,0.06041335687041283,0.0875387042760849,,,,,,,,,,,,,,
2,,5479,,,,,,,,,,1.9436702132225037e-05,,5.791895091533661e-06,,0.22330258786678314,,0.28429698944091797,,0.14432558417320251,,0.06808948516845703,0.094094417989254,,,,,,,,,,,,,,
2,,5489,,,,,,,,,,1.8792226910591125e-05,,5.413778126239777e-06,,0.19786417484283447,,0.2673501968383789,,0.11735723912715912,,0.039575837552547455,0.06655339896678925,,,,,,,,,,,,,,
2,,5499,,,,,,,,,,1.4387071132659912e-05,,5.788635462522507e-06,,0.2042635679244995,,0.2622203826904297,,0.12672674655914307,,0.05260147154331207,0.077916719019413,,,,,,,,,,,,,,
2,,5509,,,,,,,,,,1.3770535588264465e-05,,7.44406133890152e-06,,0.24321815371513367,,0.2472984492778778,,0.13253304362297058,,0.05023527890443802,0.07698756456375122,,,,,,,,,,,,,,
2,,5519,,,,,,,,,,1.3366341590881348e-05,,4.949979484081268e-06,,0.24950656294822693,,0.25789254903793335,,0.13425637781620026,,0.05014132708311081,0.07781070470809937,,,,,,,,,,,,,,
2,,5529,,,,,,,,,,2.3974105715751648e-05,,5.696900188922882e-06,,0.22919690608978271,,0.2700081467628479,,0.1631348729133606,,0.0719238817691803,0.09989766031503677,,,,,,,,,,,,,,
2,,5539,,,,,,,,,,5.157105624675751e-05,,1.221243292093277e-05,,0.22546692192554474,,0.24407845735549927,,0.12690404057502747,,0.041974056512117386,0.0693754330277443,,,,,,,,,,,,,,
2,,5549,,,,,,,,,,3.876723349094391e-05,,9.038019925355911e-06,,0.168685182929039,,0.2734221816062927,,0.12483476102352142,,0.05069465935230255,0.07623962312936783,,,,,,,,,,,,,,
2,,5559,,,,,,,,,,1.759454607963562e-05,,6.156042218208313e-06,,0.20628473162651062,,0.2646617889404297,,0.16206727921962738,,0.06527376174926758,0.09418939054012299,,,,,,,,,,,,,,
2,,5569,,,,,,,,,,2.923421561717987e-05,,6.825197488069534e-06,,0.1863364279270172,,0.2726004719734192,,0.11245067417621613,,0.042595356702804565,0.06800944358110428,,,,,,,,,,,,,,
2,,5579,,,,,,,,,,2.8517097234725952e-05,,6.787478923797607e-06,,0.2234853208065033,,0.26242709159851074,,0.12657728791236877,,0.052293989807367325,0.07789303362369537,,,,,,,,,,,,,,
2,,5589,,,,,,,,,,2.154335379600525e-05,,6.299465894699097e-06,,0.1872115582227707,,0.2686183452606201,,0.12587645649909973,,0.052369292825460434,0.07768318057060242,,,,,,,,,,,,,,
2,,5599,,,,,,,,,,2.3109838366508484e-05,,4.977919161319733e-06,,0.17666351795196533,,0.2854803800582886,,0.14182814955711365,,0.06134407967329025,0.08807454258203506,,,,,,,,,,,,,,
2,,5609,,,,,,,,,,1.784786581993103e-05,,6.081070750951767e-06,,0.1995539665222168,,0.2808583974838257,,0.1451941430568695,,0.0627857893705368,0.08983896672725677,,,,,,,,,,,,,,
2,,5619,,,,,,,,,,2.008303999900818e-05,,5.93625009059906e-06,,0.21123698353767395,,0.26538288593292236,,0.13523679971694946,,0.05288613960146904,0.07995631545782089,,,,,,,,,,,,,,
2,,5629,,,,,,,,,,2.862699329853058e-05,,7.292255759239197e-06,,0.21949170529842377,,0.2782663106918335,,0.15127189457416534,,0.060031957924366,0.08902513235807419,,,,,,,,,,,,,,
2,,5639,,,,,,,,,,1.8037855625152588e-05,,7.465481758117676e-06,,0.1913543939590454,,0.26478177309036255,,0.13623923063278198,,0.04859913885593414,0.07666704058647156,,,,,,,,,,,,,,
2,,5649,,,,,,,,,,1.2703239917755127e-05,,5.0943344831466675e-06,,0.21622014045715332,,0.2656424045562744,,0.1342204213142395,,0.05288512259721756,0.07983550429344177,,,,,,,,,,,,,,
2,,5659,,,,,,,,,,1.796707510948181e-05,,5.2480027079582214e-06,,0.20642775297164917,,0.2767114043235779,,0.15577974915504456,,0.05747281014919281,0.08772467821836472,,,,,,,,,,,,,,
2,,5669,,,,,,,,,,1.2926757335662842e-05,,9.523238986730576e-06,,0.20644865930080414,,0.268390953540802,,0.11223891377449036,,0.03709780424833298,0.063883937895298,,,,,,,,,,,,,,
2,,5679,,,,,,,,,,2.204813063144684e-05,,1.1994969099760056e-05,,0.18759971857070923,,0.26434993743896484,,0.12894204258918762,,0.04365681856870651,0.07152659446001053,,,,,,,,,,,,,,
2,,5689,,,,,,,,,,1.457706093788147e-05,,9.976793080568314e-06,,0.21926923096179962,,0.25745880603790283,,0.12983444333076477,,0.04937528446316719,0.07603196799755096,,,,,,,,,,,,,,
2,,5699,,,,,,,,,,2.629496157169342e-05,,1.321360468864441e-05,,0.19756895303726196,,0.27270573377609253,,0.12782029807567596,,0.05190317705273628,0.07801113277673721,,,,,,,,,,,,,,
2,,5709,,,,,,,,,,4.2377039790153503e-05,,1.527555286884308e-05,,0.20857661962509155,,0.29478174448013306,,0.14014112949371338,,0.06516262888908386,0.09143298864364624,,,,,,,,,,,,,,
2,,5719,,,,,,,,,,1.868605613708496e-05,,1.421663910150528e-05,,0.21494744718074799,,0.27180367708206177,,0.13292908668518066,,0.058279767632484436,0.08391428738832474,,,,,,,,,,,,,,
2,,5729,,,,,,,,,,2.0587816834449768e-05,,9.045470505952835e-06,,0.2214682549238205,,0.26206719875335693,,0.1458979845046997,,0.061198048293590546,0.08815570175647736,,,,,,,,,,,,,,
2,,5739,,,,,,,,,,2.672523260116577e-05,,1.3394281268119812e-05,,0.20515069365501404,,0.27093949913978577,,0.15342555940151215,,0.06383606791496277,0.0917712077498436,,,,,,,,,,,,,,
2,,5749,,,,,,,,,,2.387911081314087e-05,,1.24429352581501e-05,,0.2064911425113678,,0.26079219579696655,,0.1427796334028244,,0.06030680239200592,0.08666694909334183,,,,,,,,,,,,,,
2,,5759,,,,,,,,,,1.583993434906006e-05,,1.0919757187366486e-05,,0.23902833461761475,,0.2609219551086426,,0.14210045337677002,,0.05916310101747513,0.08606905490159988,,,,,,,,,,,,,,
2,,5769,,,,,,,,,,2.1226704120635986e-05,,1.1540483683347702e-05,,0.23038402199745178,,0.2677019238471985,,0.13640782237052917,,0.043564267456531525,0.07351601123809814,,,,,,,,,,,,,,
2,,5779,,,,,,,,,,1.3863667845726013e-05,,8.124858140945435e-06,,0.20403680205345154,,0.27041110396385193,,0.1235431507229805,,0.0491485521197319,0.07511070370674133,,,,,,,,,,,,,,
2,,5789,,,,,,,,,,3.328360617160797e-05,,1.0655727237462997e-05,,0.1932452917098999,,0.28255149722099304,,0.153553307056427,,0.06286787986755371,0.09147373586893082,,,,,,,,,,,,,,
2,,5799,,,,,,,,,,1.1863186955451965e-05,,6.627757102251053e-06,,0.22986046969890594,,0.25768452882766724,,0.12944892048835754,,0.06023409217596054,0.08424048125743866,,,,,,,,,,,,,,
2,,5809,,,,,,,,,,1.4862045645713806e-05,,1.1045020073652267e-05,,0.23636606335639954,,0.2790099084377289,,0.12743104994297028,,0.04412668198347092,0.0728546679019928,,,,,,,,,,,,,,
2,,5819,,,,,,,,,,9.231269359588623e-06,,9.234994649887085e-06,,0.2127106785774231,,0.2704409062862396,,0.12042195349931717,,0.047321975231170654,0.07325813919305801,,,,,,,,,,,,,,
2,,5829,,,,,,,,,,1.4275312423706055e-05,,1.1608004570007324e-05,,0.19980433583259583,,0.2624247074127197,,0.13145694136619568,,0.05421888455748558,0.07997452467679977,,,,,,,,,,,,,,
2,,5839,,,,,,,,,,1.2408941984176636e-05,,2.1988525986671448e-05,,0.17645592987537384,,0.2821255326271057,,0.13234353065490723,,0.052571579813957214,0.07955507189035416,,,,,,,,,,,,,,
2,,5849,,,,,,,,,,2.1494925022125244e-05,,2.2051390260457993e-05,,0.22782424092292786,,0.25706738233566284,,0.13541921973228455,,0.05314520001411438,0.0799894630908966,,,,,,,,,,,,,,
2,,5859,,,,,,,,,,3.257580101490021e-05,,1.2928154319524765e-05,,0.19873908162117004,,0.27255794405937195,,0.14400476217269897,,0.05576686933636665,0.08395173400640488,,,,,,,,,,,,,,
2,,5869,,,,,,,,,,1.9902363419532776e-05,,1.7219223082065582e-05,,0.21526172757148743,,0.2571322023868561,,0.12415192276239395,,0.055780429393053055,0.0797090083360672,,,,,,,,,,,,,,
2,,5879,,,,,,,,,,1.987256109714508e-05,,9.72812995314598e-06,,0.1876707375049591,,0.2650216817855835,,0.13472911715507507,,0.05432393401861191,0.08064655214548111,,,,,,,,,,,,,,
2,,5889,,,,,,,,,,1.8639490008354187e-05,,1.1113937944173813e-05,,0.22565758228302002,,0.2505684196949005,,0.13167348504066467,,0.05250116065144539,0.07847367227077484,,,,,,,,,,,,,,
2,,5899,,,,,,,,,,2.041645348072052e-05,,1.0283198207616806e-05,,0.22849494218826294,,0.2678275406360626,,0.12300211191177368,,0.04732793569564819,0.07380900532007217,,,,,,,,,,,,,,
2,,5909,,,,,,,,,,2.0775943994522095e-05,,8.514616638422012e-06,,0.26768308877944946,,0.24710355699062347,,0.13944827020168304,,0.05143249034881592,0.0794602483510971,,,,,,,,,,,,,,
2,,5919,,,,,,,,,,1.8028542399406433e-05,,9.198207408189774e-06,,0.20753490924835205,,0.2629501223564148,,0.14518395066261292,,0.06004219502210617,0.08703276515007019,,,,,,,,,,,,,,
2,,5929,,,,,,,,,,1.5115365386009216e-05,,7.720664143562317e-06,,0.2277287244796753,,0.28323403000831604,,0.13243655860424042,,0.05618152767419815,0.08293357491493225,,,,,,,,,,,,,,
2,,5939,,,,,,,,,,2.1385028958320618e-05,,6.672460585832596e-06,,0.22037649154663086,,0.2589867115020752,,0.13419124484062195,,0.053123824298381805,0.07974576950073242,,,,,,,,,,,,,,
2,,5949,,,,,,,,,,1.3651326298713684e-05,,5.738809704780579e-06,,0.19059938192367554,,0.2795712947845459,,0.14412596821784973,,0.061012133955955505,0.0881427600979805,,,,,,,,,,,,,,
2,,5959,,,,,,,,,,2.2605061531066895e-05,,1.2108124792575836e-05,,0.2088533341884613,,0.24896302819252014,,0.128473162651062,,0.044423773884773254,0.07154171168804169,,,,,,,,,,,,,,
2,,5969,,,,,,,,,,1.3075768947601318e-05,,8.736737072467804e-06,,0.19827526807785034,,0.2821301519870758,,0.14647254347801208,,0.06397975236177444,0.09101906418800354,,,,,,,,,,,,,,
2,,5979,,,,,,,,,,1.555122435092926e-05,,9.4585120677948e-06,,0.22539690136909485,,0.2704179286956787,,0.13792617619037628,,0.056681662797927856,0.08371008932590485,,,,,,,,,,,,,,
2,,5989,,,,,,,,,,1.0427087545394897e-05,,6.4354389905929565e-06,,0.23158931732177734,,0.2676762342453003,,0.1284271627664566,,0.05239164084196091,0.07865431159734726,,,,,,,,,,,,,,
2,,5999,,,,,,,,,,1.8037855625152588e-05,,6.505753844976425e-06,,0.18622760474681854,,0.27598071098327637,,0.1454630047082901,,0.059137891978025436,0.08676790446043015,,,,,,,,,,,,,,
2,,6009,,,,,,,,,,1.595728099346161e-05,,8.434988558292389e-06,,0.22891202569007874,,0.2689095437526703,,0.14689722657203674,,0.05436026304960251,0.08362157642841339,,,,,,,,,,,,,,
2,,6019,,,,,,,,,,1.759268343448639e-05,,1.794053241610527e-05,,0.19675222039222717,,0.2646556496620178,,0.13651317358016968,,0.04920929670333862,0.07723353803157806,,,,,,,,,,,,,,
2,,6029,,,,,,,,,,2.18171626329422e-05,,1.0213349014520645e-05,,0.21457254886627197,,0.24128341674804688,,0.1253809630870819,,0.04725512117147446,0.07279277592897415,,,,,,,,,,,,,,
2,,6039,,,,,,,,,,1.204758882522583e-05,,8.417293429374695e-06,,0.21738150715827942,,0.2639327049255371,,0.13145294785499573,,0.05221223831176758,0.07874514907598495,,,,,,,,,,,,,,
2,,6049,,,,,,,,,,6.329268217086792e-06,,5.748122930526733e-06,,0.21734245121479034,,0.2631716728210449,,0.14586365222930908,,0.05788945406675339,0.08567062020301819,,,,,,,,,,,,,,
2,,6056,,,,,,,,,,,,,,,,,,,,,,0.9759559631347656,1.0,1.0,0.9489991068840027,0.9061667919158936,0.9585927128791809,0.9849621653556824,0.0749611034989357,2.2649765014648438e-06,1.2814998626708984e-06,0.21157656610012054,0.26451730728149414,0.12818552553653717,0.04803912714123726
2,,6056,0.9733461737632751,1.0,1.0,0.948940634727478,0.9065452218055725,0.9545657634735107,0.982466995716095,0.0825190395116806,2.8649414161918685e-05,,1.1871706192323472e-05,,0.21184267103672028,,0.2679828107357025,,0.13748210668563843,,0.055568877607584,,,,,,,,,,,,,,,,
,0.0002836509786282552,6057,,,,,,,,,,,,,,,,,,,,,,,,,,,,,,,,,,,
3,,6059,,,,,,,,,,1.2760981917381287e-05,,9.649433195590973e-06,,0.17861314117908478,,0.279941201210022,,0.14135316014289856,,0.05354257673025131,0.08189604431390762,,,,,,,,,,,,,,
3,,6069,,,,,,,,,,1.3392418622970581e-05,,1.3762619346380234e-05,,0.20136448740959167,,0.2644486129283905,,0.13329818844795227,,0.05649565905332565,0.08214103430509567,,,,,,,,,,,,,,
3,,6079,,,,,,,,,,7.3928385972976685e-06,,4.7120265662670135e-06,,0.17545783519744873,,0.2655782699584961,,0.14008140563964844,,0.06007899343967438,0.08585061877965927,,,,,,,,,,,,,,
3,,6089,,,,,,,,,,1.7957761883735657e-05,,1.309812068939209e-05,,0.22605158388614655,,0.2623170018196106,,0.1417902112007141,,0.05620523542165756,0.08370523154735565,,,,,,,,,,,,,,
3,,6099,,,,,,,,,,2.499297261238098e-05,,1.5354249626398087e-05,,0.22672522068023682,,0.2454969584941864,,0.13001860678195953,,0.05184299871325493,0.07744431495666504,,,,,,,,,,,,,,
3,,6109,,,,,,,,,,1.8281862139701843e-05,,2.1706800907850266e-05,,0.19733545184135437,,0.2695743441581726,,0.14070996642112732,,0.05935005843639374,0.08586552739143372,,,,,,,,,,,,,,
3,,6119,,,,,,,,,,1.1295080184936523e-05,,8.242670446634293e-06,,0.22187232971191406,,0.25932103395462036,,0.1370650976896286,,0.05596043914556503,0.08244594186544418,,,,,,,,,,,,,,
3,,6129,,,,,,,,,,2.1299347281455994e-05,,2.086116001009941e-05,,0.20883041620254517,,0.2514786124229431,,0.13050788640975952,,0.05744944140315056,0.08181265741586685,,,,,,,,,,,,,,
3,,6139,,,,,,,,,,1.1434778571128845e-05,,1.2514647096395493e-05,,0.19606924057006836,,0.26745831966400146,,0.13120344281196594,,0.050755150616168976,0.07752077281475067,,,,,,,,,,,,,,
3,,6149,,,,,,,,,,9.275972843170166e-06,,8.921604603528976e-06,,0.24631163477897644,,0.2507973313331604,,0.13865146040916443,,0.054714322090148926,0.08169545978307724,,,,,,,,,,,,,,
3,,6159,,,,,,,,,,1.3129785656929016e-05,,1.140497624874115e-05,,0.20434628427028656,,0.2694937586784363,,0.13049942255020142,,0.057872965931892395,0.0829208567738533,,,,,,,,,,,,,,
3,,6169,,,,,,,,,,3.1482428312301636e-05,,1.688580960035324e-05,,0.1736341416835785,,0.27896204590797424,,0.14515674114227295,,0.05898561328649521,0.08658843487501144,,,,,,,,,,,,,,
3,,6179,,,,,,,,,,9.350478649139404e-06,,7.221009582281113e-06,,0.19516348838806152,,0.2697881758213043,,0.13249731063842773,,0.04599609598517418,0.0742918848991394,,,,,,,,,,,,,,
3,,6189,,,,,,,,,,1.6625970602035522e-05,,1.0534655302762985e-05,,0.2650553584098816,,0.27717289328575134,,0.14251932501792908,,0.05651269108057022,0.08522634208202362,,,,,,,,,,,,,,
3,,6199,,,,,,,,,,2.4842098355293274e-05,,1.3749580830335617e-05,,0.17009466886520386,,0.27374696731567383,,0.12784183025360107,,0.04806142300367355,0.07485993206501007,,,,,,,,,,,,,,
3,,6209,,,,,,,,,,2.4635344743728638e-05,,2.0407605916261673e-05,,0.1769309639930725,,0.2731533646583557,,0.1380799114704132,,0.0557020902633667,0.08256425708532333,,,,,,,,,,,,,,
3,,6219,,,,,,,,,,1.3755634427070618e-05,,8.670613169670105e-06,,0.21511408686637878,,0.27802902460098267,,0.1349090337753296,,0.050519153475761414,0.07875755429267883,,,,,,,,,,,,,,
3,,6229,,,,,,,,,,1.8091872334480286e-05,,1.1220108717679977e-05,,0.2288314402103424,,0.27989017963409424,,0.1274746060371399,,0.05205587297677994,0.07876414060592651,,,,,,,,,,,,,,
3,,6239,,,,,,,,,,1.309998333454132e-05,,5.4193660616874695e-06,,0.22393161058425903,,0.2693381607532501,,0.13465969264507294,,0.05149466544389725,0.07913846522569656,,,,,,,,,,,,,,
3,,6249,,,,,,,,,,2.4084001779556274e-05,,9.342562407255173e-06,,0.21934743225574493,,0.2738187909126282,,0.13017311692237854,,0.054584819823503494,0.08077157288789749,,,,,,,,,,,,,,
3,,6259,,,,,,,,,,1.2423843145370483e-05,,7.0678070187568665e-06,,0.22314542531967163,,0.26402547955513,,0.13698072731494904,,0.06143496185541153,0.08677250146865845,,,,,,,,,,,,,,
3,,6269,,,,,,,,,,2.6166439056396484e-05,,1.002289354801178e-05,,0.22048893570899963,,0.26679348945617676,,0.12952415645122528,,0.05907557159662247,0.08370274305343628,,,,,,,,,,,,,,
3,,6279,,,,,,,,,,5.963072180747986e-05,,1.4672055840492249e-05,,0.21507591009140015,,0.2704988718032837,,0.1248721331357956,,0.046947844326496124,0.07384257763624191,,,,,,,,,,,,,,
3,,6289,,,,,,,,,,2.4843961000442505e-05,,9.620096534490585e-06,,0.2225656807422638,,0.2650902271270752,,0.14598412811756134,,0.05493556708097458,0.08362846076488495,,,,,,,,,,,,,,
3,,6299,,,,,,,,,,2.6885420083999634e-05,,1.0669231414794922e-05,,0.2077884078025818,,0.2577739655971527,,0.13048505783081055,,0.047364361584186554,0.07452564686536789,,,,,,,,,,,,,,
3,,6309,,,,,,,,,,6.768666207790375e-05,,3.0199997127056122e-05,,0.20939040184020996,,0.2666889429092407,,0.1257524937391281,,0.04762893170118332,0.07427340000867844,,,,,,,,,,,,,,
3,,6319,,,,,,,,,,1.9842758774757385e-05,,5.984678864479065e-06,,0.2660735249519348,,0.2571185231208801,,0.12558043003082275,,0.04465995728969574,0.07222944498062134,,,,,,,,,,,,,,
3,,6329,,,,,,,,,,1.870281994342804e-05,,7.723923772573471e-06,,0.17050454020500183,,0.26913613080978394,,0.12792697548866272,,0.045172423124313354,0.07249721884727478,,,,,,,,,,,,,,
3,,6339,,,,,,,,,,3.0722469091415405e-05,,1.650489866733551e-05,,0.18405121564865112,,0.2781624495983124,,0.12788239121437073,,0.04937414079904556,0.07622294872999191,,,,,,,,,,,,,,
3,,6349,,,,,,,,,,3.4207478165626526e-05,,7.54697248339653e-06,,0.2367207556962967,,0.2591237425804138,,0.13154146075248718,,0.050433866679668427,0.07742886990308762,,,,,,,,,,,,,,
3,,6359,,,,,,,,,,3.341399133205414e-05,,1.1635944247245789e-05,,0.16725113987922668,,0.26344460248947144,,0.14141175150871277,,0.055987268686294556,0.08283437788486481,,,,,,,,,,,,,,
3,,6369,,,,,,,,,,3.0005350708961487e-05,,8.83638858795166e-06,,0.1992034614086151,,0.26371079683303833,,0.13230931758880615,,0.05314270034432411,0.07938031107187271,,,,,,,,,,,,,,
3,,6379,,,,,,,,,,3.4557655453681946e-05,,2.7443282306194305e-05,,0.23616154491901398,,0.26296669244766235,,0.12829089164733887,,0.04607672244310379,0.07372426986694336,,,,,,,,,,,,,,
3,,6389,,,,,,,,,,8.25151801109314e-05,,1.4350749552249908e-05,,0.23985284566879272,,0.26323479413986206,,0.11818651854991913,,0.048920754343271255,0.07401861995458603,,,,,,,,,,,,,,
3,,6399,,,,,,,,,,4.940107464790344e-05,,1.9255559891462326e-05,,0.23467448353767395,,0.26647835969924927,,0.1286272555589676,,0.04954368248581886,0.0765354186296463,,,,,,,,,,,,,,
3,,6409,,,,,,,,,,4.490651190280914e-05,,1.552840694785118e-05,,0.20969828963279724,,0.26621830463409424,,0.13381248712539673,,0.05494965240359306,0.0812583863735199,,,,,,,,,,,,,,
3,,6419,,,,,,,,,,2.7708709239959717e-05,,8.979346603155136e-06,,0.24501895904541016,,0.26600003242492676,,0.11175942420959473,,0.040224432945251465,0.06647956371307373,,,,,,,,,,,,,,
3,,6429,,,,,,,,,,3.614462912082672e-05,,7.774215191602707e-06,,0.2270413488149643,,0.2775786817073822,,0.13036678731441498,,0.054076481610536575,0.08069302886724472,,,,,,,,,,,,,,
3,,6439,,,,,,,,,,1.2531876564025879e-05,,6.198417395353317e-06,,0.2001189887523651,,0.2528115510940552,,0.12136051058769226,,0.0436503142118454,0.06970556825399399,,,,,,,,,,,,,,
3,,6449,,,,,,,,,,8.920207619667053e-06,,7.4319541454315186e-06,,0.19928494095802307,,0.2538527548313141,,0.12503767013549805,,0.047663334757089615,0.07344474643468857,,,,,,,,,,,,,,
3,,6459,,,,,,,,,,1.05295330286026e-05,,9.928364306688309e-06,,0.22233715653419495,,0.25819066166877747,,0.13285842537879944,,0.05929431691765785,0.08411046862602234,,,,,,,,,,,,,,
3,,6469,,,,,,,,,,1.895613968372345e-05,,9.227544069290161e-06,,0.23936575651168823,,0.27298444509506226,,0.13198110461235046,,0.05140552669763565,0.0789211243391037,,,,,,,,,,,,,,
3,,6479,,,,,,,,,,1.905672252178192e-05,,6.909016519784927e-06,,0.21027374267578125,,0.2698553204536438,,0.12795424461364746,,0.051482025533914566,0.07773556560277939,,,,,,,,,,,,,,
3,,6489,,,,,,,,,,1.3569369912147522e-05,,1.8260907381772995e-05,,0.22428753972053528,,0.26725414395332336,,0.1255442500114441,,0.047452278435230255,0.07430286705493927,,,,,,,,,,,,,,
3,,6499,,,,,,,,,,1.8348917365074158e-05,,9.762588888406754e-06,,0.21844175457954407,,0.27084434032440186,,0.1371839940547943,,0.05787717550992966,0.08440622687339783,,,,,,,,,,,,,,
3,,6509,,,,,,,,,,1.3014301657676697e-05,,8.547212928533554e-06,,0.23996573686599731,,0.25973033905029297,,0.11616452038288116,,0.050112199038267136,0.07437014579772949,,,,,,,,,,,,,,
3,,6519,,,,,,,,,,2.2353604435920715e-05,,8.615199476480484e-06,,0.23459270596504211,,0.26270514726638794,,0.1281171441078186,,0.053205929696559906,0.07900918275117874,,,,,,,,,,,,,,
3,,6529,,,,,,,,,,3.5701319575309753e-05,,1.0726042091846466e-05,,0.21305866539478302,,0.2650446891784668,,0.13923859596252441,,0.052948396652936935,0.08075906336307526,,,,,,,,,,,,,,
3,,6539,,,,,,,,,,1.099519431591034e-05,,7.811468094587326e-06,,0.20865342020988464,,0.2528272569179535,,0.14425460994243622,,0.05019257590174675,0.07900793105363846,,,,,,,,,,,,,,
3,,6549,,,,,,,,,,1.1021271347999573e-05,,4.471279680728912e-06,,0.20577318966388702,,0.2695569396018982,,0.14924034476280212,,0.05931685119867325,0.08753848075866699,,,,,,,,,,,,,,
3,,6559,,,,,,,,,,1.138448715209961e-05,,4.8335641622543335e-06,,0.2131974846124649,,0.2530769407749176,,0.13679508864879608,,0.05119871720671654,0.07842867821455002,,,,,,,,,,,,,,
3,,6569,,,,,,,,,,1.1023133993148804e-05,,6.5248459577560425e-06,,0.1981155276298523,,0.2938445806503296,,0.131443589925766,,0.045517198741436005,0.07489751279354095,,,,,,,,,,,,,,
3,,6579,,,,,,,,,,1.627020537853241e-05,,7.443130016326904e-06,,0.2629449963569641,,0.2631450891494751,,0.12349286675453186,,0.052857670933008194,0.07823361456394196,,,,,,,,,,,,,,
3,,6589,,,,,,,,,,1.23586505651474e-05,,6.763730198144913e-06,,0.20830103754997253,,0.273774653673172,,0.15415629744529724,,0.06327200680971146,0.091654933989048,,,,,,,,,,,,,,
3,,6599,,,,,,,,,,1.1270865797996521e-05,,7.653143256902695e-06,,0.2269206941127777,,0.26207518577575684,,0.13030827045440674,,0.04974362254142761,0.076703280210495,,,,,,,,,,,,,,
3,,6609,,,,,,,,,,1.6147270798683167e-05,,1.2941192835569382e-05,,0.20746704936027527,,0.2765381634235382,,0.13402573764324188,,0.056534916162490845,0.08294529467821121,,,,,,,,,,,,,,
3,,6619,,,,,,,,,,1.5115365386009216e-05,,8.313916623592377e-06,,0.17762404680252075,,0.26658371090888977,,0.1388723999261856,,0.05873802676796913,0.08469045162200928,,,,,,,,,,,,,,
3,,6629,,,,,,,,,,1.0272487998008728e-05,,9.561888873577118e-06,,0.1927085667848587,,0.2572748363018036,,0.12300573289394379,,0.04651106148958206,0.07228261977434158,,,,,,,,,,,,,,
3,,6639,,,,,,,,,,1.1902302503585815e-05,,1.3402663171291351e-05,,0.2347346842288971,,0.2655967175960541,,0.11517128348350525,,0.04702368006110191,0.07208066433668137,,,,,,,,,,,,,,
3,,6649,,,,,,,,,,1.0104849934577942e-05,,9.873416274785995e-06,,0.22788363695144653,,0.27165448665618896,,0.12081004679203033,,0.04802501201629639,0.07409308105707169,,,,,,,,,,,,,,
3,,6659,,,,,,,,,,1.206621527671814e-05,,1.1191237717866898e-05,,0.20481149852275848,,0.2669908404350281,,0.12391741573810577,,0.03965173661708832,0.06790526956319809,,,,,,,,,,,,,,
3,,6669,,,,,,,,,,1.0807067155838013e-05,,1.1120457202196121e-05,,0.23317265510559082,,0.2536940574645996,,0.11531753838062286,,0.0460980050265789,0.07083728164434433,,,,,,,,,,,,,,
3,,6679,,,,,,,,,,1.7356127500534058e-05,,1.169741153717041e-05,,0.24635887145996094,,0.2309245467185974,,0.12845554947853088,,0.04684292897582054,0.07294707745313644,,,,,,,,,,,,,,
3,,6689,,,,,,,,,,1.6245990991592407e-05,,1.8357764929533005e-05,,0.2357414960861206,,0.25197017192840576,,0.12157923728227615,,0.049972135573625565,0.07486725598573685,,,,,,,,,,,,,,
3,,6699,,,,,,,,,,1.995079219341278e-05,,1.1008232831954956e-05,,0.22867508232593536,,0.2769230604171753,,0.11617523431777954,,0.049905020743608475,0.07489050924777985,,,,,,,,,,,,,,
3,,6709,,,,,,,,,,9.970739483833313e-06,,7.203780114650726e-06,,0.22019320726394653,,0.25600677728652954,,0.12489648163318634,,0.04625271260738373,0.07270611077547073,,,,,,,,,,,,,,
3,,6719,,,,,,,,,,1.8315389752388e-05,,1.270882785320282e-05,,0.22746814787387848,,0.2616664171218872,,0.12860625982284546,,0.04727217182517052,0.07451729476451874,,,,,,,,,,,,,,
3,,6729,,,,,,,,,,2.218782901763916e-05,,1.7177313566207886e-05,,0.23048263788223267,,0.26290038228034973,,0.13570460677146912,,0.046162866055965424,0.07510959357023239,,,,,,,,,,,,,,
3,,6739,,,,,,,,,,2.0995736122131348e-05,,1.1431984603404999e-05,,0.21606698632240295,,0.2581392824649811,,0.14184793829917908,,0.05441891402006149,0.08206307142972946,,,,,,,,,,,,,,
3,,6749,,,,,,,,,,1.724623143672943e-05,,1.0524410754442215e-05,,0.20467272400856018,,0.277381956577301,,0.1339835226535797,,0.05015723407268524,0.07815974950790405,,,,,,,,,,,,,,
3,,6759,,,,,,,,,,2.0189210772514343e-05,,1.4890450984239578e-05,,0.2099986970424652,,0.2843019962310791,,0.15744009613990784,,0.0641922876238823,0.09347469359636307,,,,,,,,,,,,,,
3,,6769,,,,,,,,,,7.536262273788452e-06,,6.94766640663147e-06,,0.2333652228116989,,0.2636861801147461,,0.13663221895694733,,0.056234147399663925,0.08290945738554001,,,,,,,,,,,,,,
3,,6779,,,,,,,,,,1.2816861271858215e-05,,1.1241529136896133e-05,,0.2125094085931778,,0.27925533056259155,,0.130941703915596,,0.058194175362586975,0.08379814028739929,,,,,,,,,,,,,,
3,,6789,,,,,,,,,,2.1439045667648315e-05,,1.593818888068199e-05,,0.23533928394317627,,0.2587282657623291,,0.12424761056900024,,0.0481644943356514,0.07432377338409424,,,,,,,,,,,,,,
3,,6799,,,,,,,,,,1.4483928680419922e-05,,1.2062489986419678e-05,,0.1703355312347412,,0.27240270376205444,,0.12194611877202988,,0.046399928629398346,0.07244757562875748,,,,,,,,,,,,,,
3,,6809,,,,,,,,,,1.3688579201698303e-05,,1.4394987374544144e-05,,0.21369509398937225,,0.26402872800827026,,0.12733593583106995,,0.05183478444814682,0.07765117287635803,,,,,,,,,,,,,,
3,,6819,,,,,,,,,,1.0263174772262573e-05,,6.1229802668094635e-06,,0.2078632414340973,,0.2709733247756958,,0.12468378990888596,,0.045773886144161224,0.07286421209573746,,,,,,,,,,,,,,
3,,6829,,,,,,,,,,1.1533498764038086e-05,,8.65524634718895e-06,,0.2132807821035385,,0.2603139877319336,,0.11962512880563736,,0.04722650721669197,0.07256894558668137,,,,,,,,,,,,,,
3,,6839,,,,,,,,,,1.41877681016922e-05,,1.6056932508945465e-05,,0.2145540714263916,,0.2614848017692566,,0.14832478761672974,,0.05942225456237793,0.08717033267021179,,,,,,,,,,,,,,
3,,6849,,,,,,,,,,1.8361955881118774e-05,,2.0864885300397873e-05,,0.1834353357553482,,0.27508246898651123,,0.12603959441184998,,0.05181511864066124,0.07755689322948456,,,,,,,,,,,,,,
3,,6859,,,,,,,,,,2.9850751161575317e-05,,1.395074650645256e-05,,0.23825481534004211,,0.282157838344574,,0.12898360192775726,,0.05104779824614525,0.07850769907236099,,,,,,,,,,,,,,
3,,6869,,,,,,,,,,1.2170523405075073e-05,,1.066131517291069e-05,,0.21570003032684326,,0.2596099376678467,,0.13888859748840332,,0.047043029218912125,0.07603944092988968,,,,,,,,,,,,,,
3,,6879,,,,,,,,,,1.4912337064743042e-05,,9.448733180761337e-06,,0.21614298224449158,,0.26833680272102356,,0.12696969509124756,,0.05021273344755173,0.07659631967544556,,,,,,,,,,,,,,
3,,6889,,,,,,,,,,1.337192952632904e-05,,8.945818990468979e-06,,0.23513787984848022,,0.2643927037715912,,0.13037006556987762,,0.047188904136419296,0.07500334084033966,,,,,,,,,,,,,,
3,,6899,,,,,,,,,,1.1615455150604248e-05,,1.0248739272356033e-05,,0.19449323415756226,,0.28330111503601074,,0.14805886149406433,,0.06151631474494934,0.08947911858558655,,,,,,,,,,,,,,
3,,6909,,,,,,,,,,2.1575018763542175e-05,,1.085689291357994e-05,,0.23255497217178345,,0.2587447464466095,,0.11310037970542908,,0.04283345863223076,0.06820202618837357,,,,,,,,,,,,,,
3,,6919,,,,,,,,,,2.006441354751587e-05,,1.1383090168237686e-05,,0.18520456552505493,,0.27072182297706604,,0.15924198925495148,,0.06961815059185028,0.09695565700531006,,,,,,,,,,,,,,
3,,6929,,,,,,,,,,1.0477378964424133e-05,,1.2077391147613525e-05,,0.23918825387954712,,0.25961577892303467,,0.14292693138122559,,0.05677240341901779,0.08437122404575348,,,,,,,,,,,,,,
3,,6939,,,,,,,,,,1.9613653421401978e-05,,9.56561416387558e-06,,0.2065136432647705,,0.26100948452949524,,0.14029820263385773,,0.0560510978102684,0.0830194503068924,,,,,,,,,,,,,,
3,,6949,,,,,,,,,,1.1166557669639587e-05,,9.912066161632538e-06,,0.19773057103157043,,0.27575790882110596,,0.13938309252262115,,0.05526018887758255,0.08284304291009903,,,,,,,,,,,,,,
3,,6959,,,,,,,,,,1.4387071132659912e-05,,1.0492745786905289e-05,,0.19239875674247742,,0.2724637985229492,,0.15380942821502686,,0.060813989490270615,0.08949806541204453,,,,,,,,,,,,,,
3,,6969,,,,,,,,,,1.4765188097953796e-05,,9.673181921243668e-06,,0.25330615043640137,,0.2608424127101898,,0.1287653148174286,,0.05617819353938103,0.08149249851703644,,,,,,,,,,,,,,
3,,6979,,,,,,,,,,1.0943040251731873e-05,,7.802154868841171e-06,,0.1997024267911911,,0.2753748297691345,,0.14051483571529388,,0.055943410843610764,0.08357298374176025,,,,,,,,,,,,,,
3,,6989,,,,,,,,,,1.35079026222229e-05,,7.612165063619614e-06,,0.23572181165218353,,0.252834290266037,,0.10964253544807434,,0.044931426644325256,0.0688873678445816,,,,,,,,,,,,,,
3,,6999,,,,,,,,,,1.3131648302078247e-05,,1.2421980500221252e-05,,0.1820511370897293,,0.27233055233955383,,0.1438303291797638,,0.05640135705471039,0.08418870717287064,,,,,,,,,,,,,,
3,,7009,,,,,,,,,,1.7017126083374023e-05,,1.1608004570007324e-05,,0.22540965676307678,,0.25301122665405273,,0.13307683169841766,,0.051337357610464096,0.07797542959451675,,,,,,,,,,,,,,
3,,7019,,,,,,,,,,1.1790543794631958e-05,,9.519513696432114e-06,,0.20819391310214996,,0.2669939696788788,,0.12947916984558105,,0.05279797688126564,0.07885023206472397,,,,,,,,,,,,,,
3,,7029,,,,,,,,,,9.551644325256348e-06,,8.813105523586273e-06,,0.19780570268630981,,0.27328091859817505,,0.12193796038627625,,0.04790252447128296,0.07393642514944077,,,,,,,,,,,,,,
3,,7039,,,,,,,,,,1.1809170246124268e-05,,8.231028914451599e-06,,0.23692646622657776,,0.2638598084449768,,0.13764901459217072,,0.04509003460407257,0.07478991895914078,,,,,,,,,,,,,,
3,,7049,,,,,,,,,,1.3789162039756775e-05,,5.197245627641678e-06,,0.22866946458816528,,0.2637982964515686,,0.12358374893665314,,0.04979435354471207,0.07558146119117737,,,,,,,,,,,,,,
3,,7059,,,,,,,,,,2.7477741241455078e-05,,9.145122021436691e-06,,0.1924295872449875,,0.27522313594818115,,0.11835108697414398,,0.04523308575153351,0.07128921151161194,,,,,,,,,,,,,,
3,,7069,,,,,,,,,,1.354515552520752e-05,,7.197726517915726e-06,,0.20238491892814636,,0.27692118287086487,,0.1302529275417328,,0.04961754381656647,0.07700679451227188,,,,,,,,,,,,,,
3,,7079,,,,,,,,,,7.666647434234619e-06,,6.077345460653305e-06,,0.22158755362033844,,0.27163517475128174,,0.1160370260477066,,0.05074579641222954,0.075164295732975,,,,,,,,,,,,,,
3,,7089,,,,,,,,,,1.1662021279335022e-05,,5.553942173719406e-06,,0.22959333658218384,,0.24944016337394714,,0.13987819850444794,,0.05695318803191185,0.08334548771381378,,,,,,,,,,,,,,
3,,7099,,,,,,,,,,8.868053555488586e-06,,8.955132216215134e-06,,0.2244579792022705,,0.25671184062957764,,0.12133339047431946,,0.05202401429414749,0.07645045220851898,,,,,,,,,,,,,,
3,,7109,,,,,,,,,,9.529292583465576e-06,,6.702728569507599e-06,,0.19789421558380127,,0.2753744125366211,,0.14660434424877167,,0.056743741035461426,0.0852942168712616,,,,,,,,,,,,,,
3,,7119,,,,,,,,,,5.405396223068237e-06,,5.648937076330185e-06,,0.20784439146518707,,0.2705913782119751,,0.12416055798530579,,0.049544792622327805,0.07557681947946548,,,,,,,,,,,,,,
3,,7129,,,,,,,,,,9.354203939437866e-06,,7.548369467258453e-06,,0.20311011373996735,,0.2615897059440613,,0.11336803436279297,,0.042473748326301575,0.06777060776948929,,,,,,,,,,,,,,
3,,7139,,,,,,,,,,1.270882785320282e-05,,1.0437332093715668e-05,,0.21665315330028534,,0.2544012665748596,,0.12883011996746063,,0.04600168392062187,0.0731387734413147,,,,,,,,,,,,,,
3,,7149,,,,,,,,,,7.517635822296143e-06,,9.85385850071907e-06,,0.2599210739135742,,0.24675235152244568,,0.12874290347099304,,0.04522492736577988,0.07268823683261871,,,,,,,,,,,,,,
3,,7159,,,,,,,,,,5.070120096206665e-06,,5.5176205933094025e-06,,0.22086262702941895,,0.2603917121887207,,0.12195847183465958,,0.047850627452135086,0.07356726378202438,,,,,,,,,,,,,,
3,,7169,,,,,,,,,,7.579103112220764e-06,,8.453615009784698e-06,,0.21915246546268463,,0.2572437822818756,,0.13090813159942627,,0.05276088789105415,0.07876170426607132,,,,,,,,,,,,,,
3,,7179,,,,,,,,,,9.39890742301941e-06,,6.280373781919479e-06,,0.21430020034313202,,0.2624538540840149,,0.11788947880268097,,0.04424930363893509,0.07012224942445755,,,,,,,,,,,,,,
3,,7189,,,,,,,,,,9.24617052078247e-06,,1.1300668120384216e-05,,0.18439264595508575,,0.2815488576889038,,0.16286137700080872,,0.06511415541172028,0.09475374966859818,,,,,,,,,,,,,,
3,,7199,,,,,,,,,,6.932765245437622e-06,,8.8447704911232e-06,,0.19435489177703857,,0.25997835397720337,,0.12791812419891357,,0.04845064878463745,0.07480501383543015,,,,,,,,,,,,,,
3,,7209,,,,,,,,,,8.277595043182373e-06,,9.474344551563263e-06,,0.18134188652038574,,0.2735036313533783,,0.13159312307834625,,0.05157528817653656,0.07831991463899612,,,,,,,,,,,,,,
3,,7219,,,,,,,,,,1.1136755347251892e-05,,1.0352116078138351e-05,,0.19771167635917664,,0.25547558069229126,,0.12251949310302734,,0.04249241203069687,0.06915099173784256,,,,,,,,,,,,,,
3,,7229,,,,,,,,,,1.2595206499099731e-05,,9.321141988039017e-06,,0.2639158368110657,,0.25178611278533936,,0.12706786394119263,,0.04870428144931793,0.07526708394289017,,,,,,,,,,,,,,
3,,7239,,,,,,,,,,1.3727694749832153e-05,,1.2235715985298157e-05,,0.24939829111099243,,0.2614823281764984,,0.1316561996936798,,0.05252361297607422,0.07927726954221725,,,,,,,,,,,,,,
3,,7249,,,,,,,,,,1.3366341590881348e-05,,1.3353768736124039e-05,,0.2311076670885086,,0.2585379183292389,,0.11549237370491028,,0.0466756671667099,0.07150633633136749,,,,,,,,,,,,,,
3,,7259,,,,,,,,,,1.4565885066986084e-05,,2.4588312953710556e-05,,0.23891912400722504,,0.2533268928527832,,0.13310030102729797,,0.05532485246658325,0.08114437758922577,,,,,,,,,,,,,,
3,,7269,,,,,,,,,,9.875744581222534e-06,,1.0771211236715317e-05,,0.19174379110336304,,0.2623978853225708,,0.11095160990953445,,0.03989691287279129,0.06528899073600769,,,,,,,,,,,,,,
3,,7279,,,,,,,,,,1.0007992386817932e-05,,1.5739817172288895e-05,,0.2128422111272812,,0.2811172604560852,,0.12030720710754395,,0.044938478618860245,0.07195069640874863,,,,,,,,,,,,,,
3,,7289,,,,,,,,,,6.126239895820618e-06,,8.166767656803131e-06,,0.2007828652858734,,0.2861209511756897,,0.15237349271774292,,0.06609272956848145,0.09392738342285156,,,,,,,,,,,,,,
3,,7299,,,,,,,,,,6.766989827156067e-06,,6.940681487321854e-06,,0.18969224393367767,,0.27598655223846436,,0.13754671812057495,,0.05449160933494568,0.08183854818344116,,,,,,,,,,,,,,
3,,7309,,,,,,,,,,4.870817065238953e-06,,4.782341420650482e-06,,0.19477367401123047,,0.2609483599662781,,0.12240409106016159,,0.049977581948041916,0.07496673613786697,,,,,,,,,,,,,,
3,,7319,,,,,,,,,,7.426366209983826e-06,,1.3830140233039856e-05,,0.20459747314453125,,0.27185362577438354,,0.11279311776161194,,0.04491567239165306,0.06999336183071136,,,,,,,,,,,,,,
3,,7329,,,,,,,,,,1.1399388313293457e-05,,1.2816395610570908e-05,,0.20265412330627441,,0.27187448740005493,,0.12244898080825806,,0.05065828561782837,0.0760904923081398,,,,,,,,,,,,,,
3,,7339,,,,,,,,,,6.8303197622299194e-06,,6.780028343200684e-06,,0.24078193306922913,,0.26041221618652344,,0.10966966301202774,,0.04419904947280884,0.06875764578580856,,,,,,,,,,,,,,
3,,7349,,,,,,,,,,7.936730980873108e-06,,1.3508368283510208e-05,,0.21182477474212646,,0.26695066690444946,,0.13396486639976501,,0.05694050341844559,0.08283969759941101,,,,,,,,,,,,,,
3,,7359,,,,,,,,,,1.2878328561782837e-05,,2.1805521100759506e-05,,0.2218923419713974,,0.25793641805648804,,0.11887241899967194,,0.049304548650979996,0.07397619634866714,,,,,,,,,,,,,,
3,,7369,,,,,,,,,,8.11740756034851e-06,,6.191432476043701e-06,,0.18796506524085999,,0.25261208415031433,,0.12876062095165253,,0.05283565819263458,0.07783229649066925,,,,,,,,,,,,,,
3,,7379,,,,,,,,,,7.420778274536133e-06,,7.037073373794556e-06,,0.15859751403331757,,0.2855595648288727,,0.11934958398342133,,0.04760166257619858,0.07334139943122864,,,,,,,,,,,,,,
3,,7389,,,,,,,,,,7.761642336845398e-06,,6.838701665401459e-06,,0.1930226981639862,,0.25903773307800293,,0.14405590295791626,,0.05880957841873169,0.0855429545044899,,,,,,,,,,,,,,
3,,7399,,,,,,,,,,9.00961458683014e-06,,4.963018000125885e-06,,0.17925715446472168,,0.2734196186065674,,0.13646024465560913,,0.05361168086528778,0.08073200285434723,,,,,,,,,,,,,,
3,,7409,,,,,,,,,,8.344650268554688e-06,,8.372589945793152e-06,,0.23445257544517517,,0.24995869398117065,,0.12489169836044312,,0.046585001051425934,0.07283806800842285,,,,,,,,,,,,,,
3,,7419,,,,,,,,,,6.7427754402160645e-06,,4.500150680541992e-06,,0.21438553929328918,,0.2787403166294098,,0.14186573028564453,,0.059134598821401596,0.08655020594596863,,,,,,,,,,,,,,
3,,7429,,,,,,,,,,7.236376404762268e-06,,6.242189556360245e-06,,0.22311323881149292,,0.25552672147750854,,0.13120442628860474,,0.04968228191137314,0.0764736607670784,,,,,,,,,,,,,,
3,,7439,,,,,,,,,,8.072704076766968e-06,,1.1708587408065796e-05,,0.15048255026340485,,0.2688320279121399,,0.1276381015777588,,0.05120185762643814,0.07671727985143661,,,,,,,,,,,,,,
3,,7449,,,,,,,,,,8.381903171539307e-06,,6.572343409061432e-06,,0.19224384427070618,,0.26925861835479736,,0.1316276490688324,,0.05795151740312576,0.08303847908973694,,,,,,,,,,,,,,
3,,7459,,,,,,,,,,6.5211206674575806e-06,,6.883405148983002e-06,,0.22221128642559052,,0.2620777487754822,,0.14780138432979584,,0.05042281746864319,0.08043847233057022,,,,,,,,,,,,,,
3,,7469,,,,,,,,,,7.076188921928406e-06,,5.663838237524033e-06,,0.1997080296278,,0.2603241801261902,,0.12825632095336914,,0.04934989660978317,0.07562199234962463,,,,,,,,,,,,,,
3,,7479,,,,,,,,,,8.715316653251648e-06,,9.964220225811005e-06,,0.2109414041042328,,0.2586607336997986,,0.12154995650053024,,0.04270680993795395,0.06943440437316895,,,,,,,,,,,,,,
3,,7489,,,,,,,,,,1.6201287508010864e-05,,7.950235158205032e-06,,0.19716647267341614,,0.2734493613243103,,0.12346872687339783,,0.04871413856744766,0.07483278214931488,,,,,,,,,,,,,,
3,,7499,,,,,,,,,,9.139999747276306e-06,,7.186084985733032e-06,,0.20416313409805298,,0.2650737762451172,,0.13002586364746094,,0.05352913960814476,0.07936397939920425,,,,,,,,,,,,,,
3,,7509,,,,,,,,,,1.7873942852020264e-05,,1.159636303782463e-05,,0.1999633014202118,,0.2664400041103363,,0.1255664825439453,,0.052818696945905685,0.07800952345132828,,,,,,,,,,,,,,
3,,7519,,,,,,,,,,9.467825293540955e-06,,6.870832294225693e-06,,0.236441969871521,,0.27112165093421936,,0.14003218710422516,,0.057854197919368744,0.08514712750911713,,,,,,,,,,,,,,
3,,7529,,,,,,,,,,1.8501654267311096e-05,,7.676426321268082e-06,,0.20725879073143005,,0.27102816104888916,,0.14750611782073975,,0.06141801178455353,0.0888758972287178,,,,,,,,,,,,,,
3,,7539,,,,,,,,,,9.957700967788696e-06,,7.027760148048401e-06,,0.21308842301368713,,0.2719639539718628,,0.12795737385749817,,0.052575722336769104,0.07868847995996475,,,,,,,,,,,,,,
3,,7549,,,,,,,,,,1.3248994946479797e-05,,2.580462023615837e-05,,0.17801234126091003,,0.2807322144508362,,0.13853082060813904,,0.05514130741357803,0.08259616792201996,,,,,,,,,,,,,,
3,,7559,,,,,,,,,,1.0220333933830261e-05,,5.749054253101349e-06,,0.23487649857997894,,0.2614684998989105,,0.12872061133384705,,0.055704258382320404,0.08094189316034317,,,,,,,,,,,,,,
3,,7569,,,,,,,,,,1.1295080184936523e-05,,6.956513971090317e-06,,0.19005799293518066,,0.2758880853652954,,0.13589730858802795,,0.051310572773218155,0.07914252579212189,,,,,,,,,,,,,,
3,,7579,,,,,,,,,,2.1494925022125244e-05,,9.980518370866776e-06,,0.20376498997211456,,0.27382034063339233,,0.1221984401345253,,0.04606807976961136,0.0727042630314827,,,,,,,,,,,,,,
3,,7589,,,,,,,,,,1.4964491128921509e-05,,1.0188668966293335e-05,,0.22282108664512634,,0.2670782804489136,,0.12172336131334305,,0.055621348321437836,0.07968911528587341,,,,,,,,,,,,,,
3,,7599,,,,,,,,,,1.5266239643096924e-05,,8.644536137580872e-06,,0.20319226384162903,,0.263955295085907,,0.12397711724042892,,0.0485028401017189,0.07439510524272919,,,,,,,,,,,,,,
3,,7609,,,,,,,,,,2.0820647478103638e-05,,1.826416701078415e-05,,0.2093220353126526,,0.2666119635105133,,0.12181277573108673,,0.04906767979264259,0.07460936158895493,,,,,,,,,,,,,,
3,,7619,,,,,,,,,,2.34898179769516e-05,,1.7310958355665207e-05,,0.20680248737335205,,0.26434144377708435,,0.12232495099306107,,0.04269677773118019,0.06979009509086609,,,,,,,,,,,,,,
3,,7629,,,,,,,,,,1.4191493391990662e-05,,1.41216441988945e-05,,0.2098025530576706,,0.26304471492767334,,0.11491239070892334,,0.04162362217903137,0.06756918132305145,,,,,,,,,,,,,,
3,,7639,,,,,,,,,,2.2388994693756104e-05,,1.542363315820694e-05,,0.21172666549682617,,0.2608911097049713,,0.11938143521547318,,0.04169575124979019,0.06838303059339523,,,,,,,,,,,,,,
3,,7649,,,,,,,,,,2.6687979698181152e-05,,1.2016389518976212e-05,,0.18852253258228302,,0.2622031569480896,,0.14144888520240784,,0.053026214241981506,0.08081113547086716,,,,,,,,,,,,,,
3,,7659,,,,,,,,,,1.1030584573745728e-05,,1.0549556463956833e-05,,0.28553131222724915,,0.25437676906585693,,0.12519875168800354,,0.04926040768623352,0.07570858299732208,,,,,,,,,,,,,,
3,,7669,,,,,,,,,,7.469207048416138e-06,,9.499024599790573e-06,,0.17902591824531555,,0.2750828266143799,,0.11322014033794403,,0.04505808651447296,0.07003194093704224,,,,,,,,,,,,,,
3,,7679,,,,,,,,,,8.586794137954712e-06,,1.0093674063682556e-05,,0.22960340976715088,,0.25631362199783325,,0.11858122050762177,,0.040420472621917725,0.0672711655497551,,,,,,,,,,,,,,
3,,7689,,,,,,,,,,6.1318278312683105e-06,,4.825182259082794e-06,,0.17562054097652435,,0.27626603841781616,,0.13118408620357513,,0.05874431133270264,0.08368372172117233,,,,,,,,,,,,,,
3,,7699,,,,,,,,,,9.890645742416382e-06,,7.163733243942261e-06,,0.22089332342147827,,0.2640796899795532,,0.11912058293819427,,0.045306503772735596,0.07129975408315659,,,,,,,,,,,,,,
3,,7709,,,,,,,,,,9.736046195030212e-06,,1.0102521628141403e-05,,0.19836091995239258,,0.2792366147041321,,0.12211564928293228,,0.047942452132701874,0.07428545504808426,,,,,,,,,,,,,,
3,,7719,,,,,,,,,,7.7858567237854e-06,,5.529727786779404e-06,,0.2201535403728485,,0.2679915428161621,,0.12001653015613556,,0.04384935647249222,0.0705493912100792,,,,,,,,,,,,,,
3,,7729,,,,,,,,,,1.0889023542404175e-05,,6.813090294599533e-06,,0.24625056982040405,,0.2613644003868103,,0.1274774670600891,,0.05450715869665146,0.07993914186954498,,,,,,,,,,,,,,
3,,7739,,,,,,,,,,1.2237578630447388e-05,,8.221715688705444e-06,,0.23801690340042114,,0.2606762647628784,,0.12100949883460999,,0.04503264278173447,0.07148970663547516,,,,,,,,,,,,,,
3,,7749,,,,,,,,,,5.8002769947052e-06,,5.207955837249756e-06,,0.18670694530010223,,0.27132320404052734,,0.11952822655439377,,0.04477476701140404,0.07091619819402695,,,,,,,,,,,,,,
3,,7759,,,,,,,,,,7.584691047668457e-06,,4.28222119808197e-06,,0.21218761801719666,,0.26699408888816833,,0.1299392282962799,,0.048644717782735825,0.07586760818958282,,,,,,,,,,,,,,
3,,7769,,,,,,,,,,7.711350917816162e-06,,4.998408257961273e-06,,0.22992798686027527,,0.24439077079296112,,0.13596221804618835,,0.051758043467998505,0.07848091423511505,,,,,,,,,,,,,,
3,,7779,,,,,,,,,,1.0475516319274902e-05,,5.7248398661613464e-06,,0.23463556170463562,,0.26521041989326477,,0.1232578307390213,,0.045667536556720734,0.07256060838699341,,,,,,,,,,,,,,
3,,7789,,,,,,,,,,7.320195436477661e-06,,4.989095032215118e-06,,0.21102064847946167,,0.2579305171966553,,0.12601707875728607,,0.04784732684493065,0.07409519702196121,,,,,,,,,,,,,,
3,,7799,,,,,,,,,,1.0339543223381042e-05,,9.856186807155609e-06,,0.1999804675579071,,0.26815804839134216,,0.12337981164455414,,0.047177329659461975,0.07344810664653778,,,,,,,,,,,,,,
3,,7809,,,,,,,,,,8.294358849525452e-06,,7.0212408900260925e-06,,0.2250387966632843,,0.24945618212223053,,0.13631805777549744,,0.05173521116375923,0.07871071994304657,,,,,,,,,,,,,,
3,,7819,,,,,,,,,,9.449198842048645e-06,,1.2483447790145874e-05,,0.2208547294139862,,0.26319220662117004,,0.1339435577392578,,0.05259542167186737,0.07950571179389954,,,,,,,,,,,,,,
3,,7829,,,,,,,,,,1.2122094631195068e-05,,8.315779268741608e-06,,0.23695820569992065,,0.26149165630340576,,0.11250855028629303,,0.04635493457317352,0.07091318070888519,,,,,,,,,,,,,,
3,,7839,,,,,,,,,,1.2079253792762756e-05,,5.38630411028862e-06,,0.20797276496887207,,0.2598396837711334,,0.11813005059957504,,0.04642333835363388,0.07160156220197678,,,,,,,,,,,,,,
3,,7849,,,,,,,,,,1.0842457413673401e-05,,5.760230123996735e-06,,0.18461716175079346,,0.2691746950149536,,0.12214531749486923,,0.04721060395240784,0.07310912013053894,,,,,,,,,,,,,,
3,,7859,,,,,,,,,,6.588175892829895e-06,,4.961621016263962e-06,,0.20968681573867798,,0.2556968331336975,,0.1308816820383072,,0.05082102492451668,0.07711798697710037,,,,,,,,,,,,,,
3,,7869,,,,,,,,,,6.703659892082214e-06,,5.3979456424713135e-06,,0.21687676012516022,,0.2671354413032532,,0.12466195970773697,,0.0505543053150177,0.07637201249599457,,,,,,,,,,,,,,
3,,7879,,,,,,,,,,7.698312401771545e-06,,6.303191184997559e-06,,0.2182663083076477,,0.27127528190612793,,0.1323281228542328,,0.04787604883313179,0.07601097971200943,,,,,,,,,,,,,,
3,,7889,,,,,,,,,,4.3548643589019775e-06,,4.895497113466263e-06,,0.19287940859794617,,0.2623220682144165,,0.12645184993743896,,0.0486450120806694,0.07476840168237686,,,,,,,,,,,,,,
3,,7899,,,,,,,,,,1.2954697012901306e-05,,1.1318828910589218e-05,,0.26321670413017273,,0.24774548411369324,,0.1001611053943634,,0.03802167996764183,0.0620092935860157,,,,,,,,,,,,,,
3,,7909,,,,,,,,,,1.5789642930030823e-05,,1.3330485671758652e-05,,0.18275469541549683,,0.277239054441452,,0.13365960121154785,,0.05596698448061943,0.0821937695145607,,,,,,,,,,,,,,
3,,7919,,,,,,,,,,1.0753050446510315e-05,,6.95791095495224e-06,,0.17474661767482758,,0.28855767846107483,,0.1245049238204956,,0.05049876123666763,0.07681148499250412,,,,,,,,,,,,,,
3,,7929,,,,,,,,,,9.603798389434814e-06,,8.711591362953186e-06,,0.1954006552696228,,0.2619022727012634,,0.1470966935157776,,0.05184440687298775,0.08105027675628662,,,,,,,,,,,,,,
3,,7939,,,,,,,,,,1.2580305337905884e-05,,9.085983037948608e-06,,0.21285462379455566,,0.25091108679771423,,0.12302003800868988,,0.044703107327222824,0.07086677104234695,,,,,,,,,,,,,,
3,,7949,,,,,,,,,,1.0671094059944153e-05,,9.096227586269379e-06,,0.17534641921520233,,0.2661011815071106,,0.13277339935302734,,0.047379836440086365,0.07497656345367432,,,,,,,,,,,,,,
3,,7959,,,,,,,,,,8.551403880119324e-06,,4.592817276716232e-06,,0.20885014533996582,,0.24822255969047546,,0.12270805239677429,,0.04815717786550522,0.0732264369726181,,,,,,,,,,,,,,
3,,7969,,,,,,,,,,1.0402873158454895e-05,,5.337409675121307e-06,,0.20305070281028748,,0.26017409563064575,,0.12540602684020996,,0.04576464742422104,0.07242998480796814,,,,,,,,,,,,,,
3,,7979,,,,,,,,,,1.5188008546829224e-05,,5.997251719236374e-06,,0.19714879989624023,,0.2638152837753296,,0.1420603096485138,,0.047377318143844604,0.07686477154493332,,,,,,,,,,,,,,
3,,7989,,,,,,,,,,8.711591362953186e-06,,5.2801333367824554e-06,,0.26744091510772705,,0.24532106518745422,,0.1256949007511139,,0.049516551196575165,0.07535712420940399,,,,,,,,,,,,,,
3,,7999,,,,,,,,,,1.0045245289802551e-05,,5.5730342864990234e-06,,0.24483537673950195,,0.2663373351097107,,0.11495999246835709,,0.04737510532140732,0.07245776802301407,,,,,,,,,,,,,,
3,,8009,,,,,,,,,,2.6615336537361145e-05,,1.018773764371872e-05,,0.21554839611053467,,0.2643250823020935,,0.13068324327468872,,0.049408361315727234,0.07649429887533188,,,,,,,,,,,,,,
3,,8019,,,,,,,,,,2.932921051979065e-05,,7.1409158408641815e-06,,0.2238510400056839,,0.26715826988220215,,0.1210206151008606,,0.04218414053320885,0.06949277222156525,,,,,,,,,,,,,,
3,,8029,,,,,,,,,,3.2318755984306335e-05,,1.3679731637239456e-05,,0.18529671430587769,,0.25982558727264404,,0.13421395421028137,,0.050794266164302826,0.07763060927391052,,,,,,,,,,,,,,
3,,8039,,,,,,,,,,2.0155683159828186e-05,,5.339272320270538e-06,,0.27016645669937134,,0.26116323471069336,,0.13014505803585052,,0.04339205473661423,0.07237198203802109,,,,,,,,,,,,,,
3,,8049,,,,,,,,,,1.1961907148361206e-05,,4.663132131099701e-06,,0.24598844349384308,,0.2513507604598999,,0.13656550645828247,,0.05537208914756775,0.08181983977556229,,,,,,,,,,,,,,
3,,8059,,,,,,,,,,1.1928379535675049e-05,,7.375609129667282e-06,,0.22719961404800415,,0.26277780532836914,,0.12706872820854187,,0.048745349049568176,0.07538303732872009,,,,,,,,,,,,,,
3,,8069,,,,,,,,,,1.4903023838996887e-05,,5.1460228860378265e-06,,0.22242867946624756,,0.28712522983551025,,0.12898124754428864,,0.054786134511232376,0.08135905861854553,,,,,,,,,,,,,,
3,,8075,,,,,,,,,,,,,,,,,,,,,,0.9767115116119385,1.0,1.0,0.9489991068840027,0.907092809677124,0.9597676396369934,0.9856181144714355,0.07278044521808624,1.5497207641601562e-06,7.450580596923828e-07,0.21081191301345825,0.2637086808681488,0.12428109347820282,0.04617088660597801
3,,8075,0.9747864007949829,1.0,1.0,0.948940634727478,0.9069702625274658,0.9571050405502319,0.9837265014648438,0.07764999568462372,1.5198842447716743e-05,,1.000658539851429e-05,,0.21147911250591278,,0.2660558223724365,,0.129847452044487,,0.05111322179436684,,,,,,,,,,,,,,,,
,0.0002713525491562421,8076,,,,,,,,,,,,,,,,,,,,,,,,,,,,,,,,,,,
4,,8079,,,,,,,,,,1.9161030650138855e-05,,5.205627530813217e-06,,0.20032253861427307,,0.26929768919944763,,0.14217743277549744,,0.059904225170612335,0.08657846599817276,,,,,,,,,,,,,,
4,,8089,,,,,,,,,,2.4627894163131714e-05,,7.187016308307648e-06,,0.1954825222492218,,0.26970672607421875,,0.11647929251194,,0.04167184233665466,0.06804371625185013,,,,,,,,,,,,,,
4,,8099,,,,,,,,,,2.8314068913459778e-05,,8.033588528633118e-06,,0.22168777883052826,,0.25722378492355347,,0.11248814314603806,,0.048143479973077774,0.07187199592590332,,,,,,,,,,,,,,
4,,8109,,,,,,,,,,2.023950219154358e-05,,1.3669952750205994e-05,,0.2155858427286148,,0.2616690993309021,,0.13208717107772827,,0.0517231747508049,0.07837004959583282,,,,,,,,,,,,,,
4,,8119,,,,,,,,,,1.5694648027420044e-05,,9.038951247930527e-06,,0.24152307212352753,,0.2471279501914978,,0.11855192482471466,,0.04635295271873474,0.07142515480518341,,,,,,,,,,,,,,
4,,8129,,,,,,,,,,2.1364539861679077e-05,,8.525792509317398e-06,,0.17577683925628662,,0.27109190821647644,,0.11063329130411148,,0.04370633512735367,0.06830752640962601,,,,,,,,,,,,,,
4,,8139,,,,,,,,,,2.1371990442276e-05,,5.766283720731735e-06,,0.2022775113582611,,0.2665642499923706,,0.12739691138267517,,0.051432106643915176,0.07734555751085281,,,,,,,,,,,,,,
4,,8149,,,,,,,,,,1.1472031474113464e-05,,8.612405508756638e-06,,0.21970482170581818,,0.27149349451065063,,0.13788482546806335,,0.06290377676486969,0.08835376799106598,,,,,,,,,,,,,,
4,,8159,,,,,,,,,,1.5577301383018494e-05,,5.477573722600937e-06,,0.20524311065673828,,0.26360011100769043,,0.1304125189781189,,0.05272391811013222,0.07877600193023682,,,,,,,,,,,,,,
4,,8169,,,,,,,,,,2.092309296131134e-05,,1.0692514479160309e-05,,0.20745006203651428,,0.268803209066391,,0.13909250497817993,,0.054945118725299835,0.08234003931283951,,,,,,,,,,,,,,
4,,8179,,,,,,,,,,1.9254162907600403e-05,,6.8675726652145386e-06,,0.23293337225914001,,0.25008392333984375,,0.12258715182542801,,0.046478040516376495,0.07231368124485016,,,,,,,,,,,,,,
4,,8189,,,,,,,,,,1.3403594493865967e-05,,1.1640600860118866e-05,,0.2607685625553131,,0.23546040058135986,,0.13219252228736877,,0.052681006491184235,0.07840912789106369,,,,,,,,,,,,,,
4,,8199,,,,,,,,,,1.4735385775566101e-05,,6.671994924545288e-06,,0.23524227738380432,,0.28200799226760864,,0.12465313076972961,,0.048223696649074554,0.07553458213806152,,,,,,,,,,,,,,
4,,8209,,,,,,,,,,1.3301149010658264e-05,,7.482711225748062e-06,,0.22528702020645142,,0.2595982551574707,,0.1338527947664261,,0.04823224991559982,0.07609894871711731,,,,,,,,,,,,,,
4,,8219,,,,,,,,,,1.7898157238960266e-05,,7.702503353357315e-06,,0.24312332272529602,,0.25305408239364624,,0.12241514772176743,,0.0517592579126358,0.0765020102262497,,,,,,,,,,,,,,
4,,8229,,,,,,,,,,1.6637146472930908e-05,,7.685739547014236e-06,,0.1952868402004242,,0.2640070915222168,,0.12627002596855164,,0.05356999486684799,0.07853618264198303,,,,,,,,,,,,,,
4,,8239,,,,,,,,,,7.3444098234176636e-06,,8.312053978443146e-06,,0.18476992845535278,,0.270203173160553,,0.1496986746788025,,0.05146469175815582,0.08151799440383911,,,,,,,,,,,,,,
4,,8249,,,,,,,,,,2.269260585308075e-05,,7.522758096456528e-06,,0.2235206961631775,,0.2525169849395752,,0.11299387365579605,,0.04424618184566498,0.06884395331144333,,,,,,,,,,,,,,
4,,8259,,,,,,,,,,1.0792165994644165e-05,,2.113915979862213e-05,,0.2238503098487854,,0.25040102005004883,,0.12072437256574631,,0.04264158010482788,0.06899471580982208,,,,,,,,,,,,,,
4,,8269,,,,,,,,,,1.6255304217338562e-05,,6.548594683408737e-06,,0.20572233200073242,,0.2680997848510742,,0.13862715661525726,,0.050956882536411285,0.07920760661363602,,,,,,,,,,,,,,
4,,8279,,,,,,,,,,1.4210119843482971e-05,,1.6722362488508224e-05,,0.23390693962574005,,0.2752804160118103,,0.14268633723258972,,0.06158658489584923,0.08861018717288971,,,,,,,,,,,,,,
4,,8289,,,,,,,,,,1.014024019241333e-05,,7.825903594493866e-06,,0.21322038769721985,,0.2624383568763733,,0.11112913489341736,,0.043474238365888596,0.06825955957174301,,,,,,,,,,,,,,
4,,8299,,,,,,,,,,1.786835491657257e-05,,7.614027708768845e-06,,0.2064010202884674,,0.27682530879974365,,0.12081414461135864,,0.05098869651556015,0.07630778849124908,,,,,,,,,,,,,,
4,,8309,,,,,,,,,,1.3809651136398315e-05,,6.562098860740662e-06,,0.20747539401054382,,0.2868216931819916,,0.15078815817832947,,0.057480089366436005,0.08728031069040298,,,,,,,,,,,,,,
4,,8319,,,,,,,,,,1.0970979928970337e-05,,4.8889778554439545e-06,,0.15226547420024872,,0.2718265950679779,,0.1466873586177826,,0.06251183152198792,0.0889357253909111,,,,,,,,,,,,,,
4,,8329,,,,,,,,,,7.638707756996155e-06,,3.5618431866168976e-06,,0.21906447410583496,,0.27107298374176025,,0.12211639434099197,,0.0548197403550148,0.07930471748113632,,,,,,,,,,,,,,
4,,8339,,,,,,,,,,1.0222196578979492e-05,,6.123445928096771e-06,,0.23265193402767181,,0.2645784020423889,,0.12400756776332855,,0.04752344638109207,0.07404060661792755,,,,,,,,,,,,,,
4,,8349,,,,,,,,,,7.634982466697693e-06,,4.853587597608566e-06,,0.24830156564712524,,0.2679564356803894,,0.1275458037853241,,0.0548335537314415,0.08052992820739746,,,,,,,,,,,,,,
4,,8359,,,,,,,,,,1.3548880815505981e-05,,3.5152770578861237e-06,,0.1957392692565918,,0.2601505219936371,,0.11921513080596924,,0.044176336377859116,0.06999057531356812,,,,,,,,,,,,,,
4,,8369,,,,,,,,,,1.158192753791809e-05,,4.984904080629349e-06,,0.177150696516037,,0.2918527126312256,,0.14211860299110413,,0.06359901279211044,0.09012510627508163,,,,,,,,,,,,,,
4,,8379,,,,,,,,,,2.1433457732200623e-05,,4.889443516731262e-06,,0.19314634799957275,,0.2677093744277954,,0.13615325093269348,,0.05692128837108612,0.08305231481790543,,,,,,,,,,,,,,
4,,8389,,,,,,,,,,5.54695725440979e-06,,5.223322659730911e-06,,0.17310547828674316,,0.26529860496520996,,0.1364108771085739,,0.05477546527981758,0.08114292472600937,,,,,,,,,,,,,,
4,,8399,,,,,,,,,,8.551403880119324e-06,,6.216112524271011e-06,,0.17161819338798523,,0.266357958316803,,0.13642618060112,,0.05325338616967201,0.08003619313240051,,,,,,,,,,,,,,
4,,8409,,,,,,,,,,9.192153811454773e-06,,7.369089871644974e-06,,0.16889381408691406,,0.26692378520965576,,0.12521004676818848,,0.04827587306499481,0.07419320940971375,,,,,,,,,,,,,,
4,,8419,,,,,,,,,,1.6730278730392456e-05,,8.238013833761215e-06,,0.24070924520492554,,0.2550884187221527,,0.1261422485113144,,0.05037761479616165,0.07623161375522614,,,,,,,,,,,,,,
4,,8429,,,,,,,,,,1.4938414096832275e-05,,1.2257136404514313e-05,,0.27484917640686035,,0.25235623121261597,,0.11098843812942505,,0.04164673388004303,0.06711190193891525,,,,,,,,,,,,,,
4,,8439,,,,,,,,,,9.937211871147156e-06,,1.1323485523462296e-05,,0.19062671065330505,,0.2817899286746979,,0.12102565169334412,,0.04660516977310181,0.07310689240694046,,,,,,,,,,,,,,
4,,8449,,,,,,,,,,1.0028481483459473e-05,,8.276663720607758e-06,,0.19591908156871796,,0.27430206537246704,,0.12971293926239014,,0.04993574693799019,0.07694564014673233,,,,,,,,,,,,,,
4,,8459,,,,,,,,,,9.132549166679382e-06,,7.150694727897644e-06,,0.22063928842544556,,0.2718631625175476,,0.12569773197174072,,0.04742543771862984,0.07448481768369675,,,,,,,,,,,,,,
4,,8469,,,,,,,,,,8.454546332359314e-06,,6.640329957008362e-06,,0.22671787440776825,,0.26717716455459595,,0.11943566799163818,,0.048353396356105804,0.07385807484388351,,,,,,,,,,,,,,
4,,8479,,,,,,,,,,7.806345820426941e-06,,6.468500941991806e-06,,0.24069872498512268,,0.24812176823616028,,0.10995756834745407,,0.0388750284910202,0.06424041837453842,,,,,,,,,,,,,,
4,,8489,,,,,,,,,,6.685033440589905e-06,,6.412621587514877e-06,,0.1875733733177185,,0.25419601798057556,,0.11919540166854858,,0.04559164494276047,0.07067371904850006,,,,,,,,,,,,,,
4,,8499,,,,,,,,,,6.493180990219116e-06,,6.990507245063782e-06,,0.23079290986061096,,0.2830016016960144,,0.11344163864850998,,0.04353675991296768,0.06991027295589447,,,,,,,,,,,,,,
4,,8509,,,,,,,,,,8.69855284690857e-06,,5.042646080255508e-06,,0.201826274394989,,0.2650948166847229,,0.11809150129556656,,0.04726450890302658,0.07239970564842224,,,,,,,,,,,,,,
4,,8519,,,,,,,,,,4.867091774940491e-06,,4.868023097515106e-06,,0.19388189911842346,,0.2763347923755646,,0.12969167530536652,,0.050882719457149506,0.07772347331047058,,,,,,,,,,,,,,
4,,8529,,,,,,,,,,5.010515451431274e-06,,4.992354661226273e-06,,0.22943395376205444,,0.26707911491394043,,0.12172874808311462,,0.051621731370687485,0.0767672136425972,,,,,,,,,,,,,,
4,,8539,,,,,,,,,,3.594905138015747e-06,,5.358830094337463e-06,,0.22974683344364166,,0.26428526639938354,,0.13271784782409668,,0.04916475713253021,0.07685766369104385,,,,,,,,,,,,,,
4,,8549,,,,,,,,,,4.854053258895874e-06,,6.034970283508301e-06,,0.20138612389564514,,0.25425881147384644,,0.13025438785552979,,0.05094841122627258,0.0769311860203743,,,,,,,,,,,,,,
4,,8559,,,,,,,,,,7.567927241325378e-06,,7.808208465576172e-06,,0.20760995149612427,,0.25262004137039185,,0.12670183181762695,,0.04714754968881607,0.07340969890356064,,,,,,,,,,,,,,
4,,8569,,,,,,,,,,1.216493546962738e-05,,9.986571967601776e-06,,0.1950226128101349,,0.2473132610321045,,0.12961480021476746,,0.054967429488897324,0.07942601293325424,,,,,,,,,,,,,,
4,,8579,,,,,,,,,,5.908310413360596e-06,,5.027279257774353e-06,,0.23164674639701843,,0.2756388783454895,,0.1372324824333191,,0.05616196244955063,0.08350814878940582,,,,,,,,,,,,,,
4,,8589,,,,,,,,,,7.987022399902344e-06,,5.6568533182144165e-06,,0.19431285560131073,,0.2826271653175354,,0.1331002116203308,,0.05455724895000458,0.08141937851905823,,,,,,,,,,,,,,
4,,8599,,,,,,,,,,5.926936864852905e-06,,4.185829311609268e-06,,0.2288508415222168,,0.26016390323638916,,0.1182405948638916,,0.048712700605392456,0.07359965145587921,,,,,,,,,,,,,,
4,,8609,,,,,,,,,,7.068738341331482e-06,,6.9336965680122375e-06,,0.2536618113517761,,0.270170122385025,,0.1250154972076416,,0.04686509072780609,0.07424420118331909,,,,,,,,,,,,,,
4,,8619,,,,,,,,,,9.469687938690186e-06,,7.507391273975372e-06,,0.24160313606262207,,0.2588866055011749,,0.12045136094093323,,0.040417708456516266,0.06788111478090286,,,,,,,,,,,,,,
4,,8629,,,,,,,,,,1.5480443835258484e-05,,7.588416337966919e-06,,0.23792047798633575,,0.26373276114463806,,0.11197614669799805,,0.039366647601127625,0.06568718701601028,,,,,,,,,,,,,,
4,,8639,,,,,,,,,,2.962537109851837e-05,,1.2527219951152802e-05,,0.23735779523849487,,0.25229501724243164,,0.11348573863506317,,0.04437831789255142,0.06918712705373764,,,,,,,,,,,,,,
4,,8649,,,,,,,,,,1.3971701264381409e-05,,7.029157131910324e-06,,0.23443660140037537,,0.27740728855133057,,0.14170369505882263,,0.06150508671998978,0.08847066015005112,,,,,,,,,,,,,,
4,,8659,,,,,,,,,,1.636706292629242e-05,,9.71788540482521e-06,,0.21066033840179443,,0.2620213031768799,,0.10852715373039246,,0.0368804931640625,0.06277550011873245,,,,,,,,,,,,,,
4,,8669,,,,,,,,,,7.757917046546936e-06,,4.060100764036179e-06,,0.21805024147033691,,0.25234097242355347,,0.12727771699428558,,0.04754933342337608,0.07392840087413788,,,,,,,,,,,,,,
4,,8679,,,,,,,,,,2.9297545552253723e-05,,7.94650986790657e-06,,0.2157260775566101,,0.24712732434272766,,0.12277577072381973,,0.05158146098256111,0.07583724707365036,,,,,,,,,,,,,,
4,,8689,,,,,,,,,,2.3234635591506958e-05,,6.130896508693695e-06,,0.21624529361724854,,0.25274449586868286,,0.10105305910110474,,0.03320487588644028,0.05824688449501991,,,,,,,,,,,,,,
4,,8699,,,,,,,,,,1.3066455721855164e-05,,1.1304393410682678e-05,,0.2432190328836441,,0.24920237064361572,,0.10889335721731186,,0.03765816241502762,0.0632081851363182,,,,,,,,,,,,,,
4,,8709,,,,,,,,,,1.2567266821861267e-05,,6.2747858464717865e-06,,0.2495325207710266,,0.25569865107536316,,0.10874856263399124,,0.048454649746418,0.07165895402431488,,,,,,,,,,,,,,
4,,8719,,,,,,,,,,1.4789402484893799e-05,,1.4163553714752197e-05,,0.19115449488162994,,0.26131612062454224,,0.11117894947528839,,0.03936956822872162,0.06487840414047241,,,,,,,,,,,,,,
4,,8729,,,,,,,,,,1.4275312423706055e-05,,9.72812995314598e-06,,0.1755148321390152,,0.2736256718635559,,0.135518878698349,,0.0561845563352108,0.08245139569044113,,,,,,,,,,,,,,
4,,8739,,,,,,,,,,1.2174248695373535e-05,,1.3492070138454437e-05,,0.20081335306167603,,0.2849154770374298,,0.1370784491300583,,0.05164976045489311,0.08016784489154816,,,,,,,,,,,,,,
4,,8749,,,,,,,,,,2.9062852263450623e-05,,8.461065590381622e-06,,0.2274247109889984,,0.2555966079235077,,0.12869101762771606,,0.0483788326382637,0.07507829368114471,,,,,,,,,,,,,,
4,,8759,,,,,,,,,,3.1266361474990845e-05,,1.240195706486702e-05,,0.22613587975502014,,0.26666024327278137,,0.1269102692604065,,0.04734911769628525,0.0744754821062088,,,,,,,,,,,,,,
4,,8769,,,,,,,,,,2.827867865562439e-05,,1.1210795491933823e-05,,0.18083107471466064,,0.26687106490135193,,0.13702274858951569,,0.04769788309931755,0.07611250877380371,,,,,,,,,,,,,,
4,,8779,,,,,,,,,,2.9223039746284485e-05,,1.1307187378406525e-05,,0.2476222813129425,,0.26106736063957214,,0.1432570070028305,,0.058344766497612,0.08577961474657059,,,,,,,,,,,,,,
4,,8789,,,,,,,,,,3.2709911465644836e-05,,9.020790457725525e-06,,0.19703400135040283,,0.2653101682662964,,0.12005289644002914,,0.04672516882419586,0.07231690734624863,,,,,,,,,,,,,,
4,,8799,,,,,,,,,,1.2101605534553528e-05,,7.24010169506073e-06,,0.24902865290641785,,0.26391708850860596,,0.11477351188659668,,0.0394972488284111,0.0664486438035965,,,,,,,,,,,,,,
4,,8809,,,,,,,,,,1.8773600459098816e-05,,2.1974090486764908e-05,,0.2519456744194031,,0.2721763849258423,,0.1416027843952179,,0.049952954053878784,0.07974553853273392,,,,,,,,,,,,,,
4,,8819,,,,,,,,,,1.821666955947876e-05,,1.7340295016765594e-05,,0.24251145124435425,,0.24976903200149536,,0.1256653070449829,,0.05055808275938034,0.07604929059743881,,,,,,,,,,,,,,
4,,8829,,,,,,,,,,2.9399991035461426e-05,,1.4672521501779556e-05,,0.20004379749298096,,0.26855793595314026,,0.12555304169654846,,0.05420326814055443,0.07914595305919647,,,,,,,,,,,,,,
4,,8839,,,,,,,,,,1.8980354070663452e-05,,1.1887867003679276e-05,,0.20980602502822876,,0.26882246136665344,,0.129553884267807,,0.05809765309095383,0.0829446092247963,,,,,,,,,,,,,,
4,,8849,,,,,,,,,,2.4665147066116333e-05,,1.097843050956726e-05,,0.2522866129875183,,0.25328850746154785,,0.12001524865627289,,0.04071296006441116,0.06788358837366104,,,,,,,,,,,,,,
4,,8859,,,,,,,,,,2.4877488613128662e-05,,2.0098872482776642e-05,,0.2315651774406433,,0.23759207129478455,,0.12410812824964523,,0.047040391713380814,0.07241910696029663,,,,,,,,,,,,,,
4,,8869,,,,,,,,,,2.6892870664596558e-05,,1.0871794074773788e-05,,0.2024008333683014,,0.2677576541900635,,0.1404285728931427,,0.05768045410513878,0.0845344141125679,,,,,,,,,,,,,,
4,,8879,,,,,,,,,,2.436712384223938e-05,,1.2256205081939697e-05,,0.2098192572593689,,0.25613993406295776,,0.12123460322618484,,0.04445686191320419,0.07055678963661194,,,,,,,,,,,,,,
4,,8889,,,,,,,,,,2.4858862161636353e-05,,1.4678109437227249e-05,,0.23680654168128967,,0.24716752767562866,,0.10126364231109619,,0.03808801248669624,0.06192917749285698,,,,,,,,,,,,,,
4,,8899,,,,,,,,,,1.961737871170044e-05,,9.363051503896713e-06,,0.220120370388031,,0.2590116262435913,,0.12027409672737122,,0.04105816036462784,0.06808238476514816,,,,,,,,,,,,,,
4,,8909,,,,,,,,,,2.921558916568756e-05,,7.5893476605415344e-06,,0.20790666341781616,,0.24808675050735474,,0.11108101159334183,,0.0439944714307785,0.06790563464164734,,,,,,,,,,,,,,
4,,8919,,,,,,,,,,1.2673437595367432e-05,,6.915070116519928e-06,,0.20397666096687317,,0.2692669928073883,,0.13711857795715332,,0.05681709945201874,0.08335518091917038,,,,,,,,,,,,,,
4,,8929,,,,,,,,,,1.0376796126365662e-05,,8.773058652877808e-06,,0.21095684170722961,,0.24966490268707275,,0.11709196865558624,,0.04430340975522995,0.0693744644522667,,,,,,,,,,,,,,
4,,8939,,,,,,,,,,1.6033649444580078e-05,,1.3298355042934418e-05,,0.2325679361820221,,0.2566317319869995,,0.12839296460151672,,0.04690242186188698,0.07402364164590836,,,,,,,,,,,,,,
4,,8949,,,,,,,,,,2.865120768547058e-05,,9.924173355102539e-06,,0.2113935351371765,,0.27386710047721863,,0.1443881392478943,,0.046131350100040436,0.07700493186712265,,,,,,,,,,,,,,
4,,8959,,,,,,,,,,3.042072057723999e-05,,1.0170508176088333e-05,,0.2222103476524353,,0.27400463819503784,,0.12684771418571472,,0.04703828692436218,0.07452891021966934,,,,,,,,,,,,,,
4,,8969,,,,,,,,,,2.3594126105308533e-05,,1.0592397302389145e-05,,0.20753930509090424,,0.2597946524620056,,0.12824007868766785,,0.05424726754426956,0.07935986667871475,,,,,,,,,,,,,,
4,,8979,,,,,,,,,,1.6508623957633972e-05,,1.0975170880556107e-05,,0.22694817185401917,,0.2652479112148285,,0.1190006211400032,,0.04465493559837341,0.07091422379016876,,,,,,,,,,,,,,
4,,8989,,,,,,,,,,1.670047640800476e-05,,8.52346420288086e-06,,0.19051271677017212,,0.2555200159549713,,0.129001647233963,,0.04814986512064934,0.07452850788831711,,,,,,,,,,,,,,
4,,8999,,,,,,,,,,1.4903023838996887e-05,,5.456153303384781e-06,,0.21463660895824432,,0.26585012674331665,,0.12439826875925064,,0.04906012490391731,0.0751151293516159,,,,,,,,,,,,,,
4,,9009,,,,,,,,,,1.689232885837555e-05,,5.8105215430259705e-06,,0.21348610520362854,,0.26552319526672363,,0.13199973106384277,,0.04815899580717087,0.0758359283208847,,,,,,,,,,,,,,
4,,9019,,,,,,,,,,8.5439532995224e-06,,3.078952431678772e-06,,0.21589559316635132,,0.2756277620792389,,0.12847450375556946,,0.04824553057551384,0.07574170082807541,,,,,,,,,,,,,,
4,,9029,,,,,,,,,,1.8930062651634216e-05,,6.766989827156067e-06,,0.21439629793167114,,0.2528979182243347,,0.11572906374931335,,0.044877100735902786,0.0697411298751831,,,,,,,,,,,,,,
4,,9039,,,,,,,,,,1.7972663044929504e-05,,5.674548447132111e-06,,0.20450431108474731,,0.26509416103363037,,0.12538272142410278,,0.055572688579559326,0.08003117144107819,,,,,,,,,,,,,,
4,,9049,,,,,,,,,,1.6955658793449402e-05,,6.669666618108749e-06,,0.19895142316818237,,0.2669079303741455,,0.14596861600875854,,0.051792655140161514,0.08107620477676392,,,,,,,,,,,,,,
4,,9059,,,,,,,,,,1.2230128049850464e-05,,3.679189831018448e-06,,0.23805686831474304,,0.2554280161857605,,0.13402952253818512,,0.058785632252693176,0.08400321006774902,,,,,,,,,,,,,,
4,,9069,,,,,,,,,,1.593679189682007e-05,,7.710885256528854e-06,,0.16705690324306488,,0.273520290851593,,0.1210218220949173,,0.043377835303545,0.07002106308937073,,,,,,,,,,,,,,
4,,9079,,,,,,,,,,2.2739171981811523e-05,,6.380956619977951e-06,,0.22202229499816895,,0.2750552296638489,,0.1343073695898056,,0.046501144766807556,0.07557201385498047,,,,,,,,,,,,,,
4,,9089,,,,,,,,,,1.9963830709457397e-05,,5.306210368871689e-06,,0.18747952580451965,,0.2746730148792267,,0.1318628191947937,,0.05492480471730232,0.08101002126932144,,,,,,,,,,,,,,
4,,9099,,,,,,,,,,3.4304335713386536e-05,,7.594935595989227e-06,,0.22214029729366302,,0.26365071535110474,,0.12429811805486679,,0.045398835092782974,0.07233456522226334,,,,,,,,,,,,,,
4,,9109,,,,,,,,,,2.3847445845603943e-05,,5.520414561033249e-06,,0.19228136539459229,,0.25769928097724915,,0.13511544466018677,,0.048378199338912964,0.07596933096647263,,,,,,,,,,,,,,
4,,9119,,,,,,,,,,2.308189868927002e-05,,5.744863301515579e-06,,0.21845051646232605,,0.26358598470687866,,0.11750942468643188,,0.05059432238340378,0.07491263747215271,,,,,,,,,,,,,,
4,,9129,,,,,,,,,,1.0676681995391846e-05,,3.904569894075394e-06,,0.21767637133598328,,0.2592111825942993,,0.11690976470708847,,0.038872890174388885,0.0657927542924881,,,,,,,,,,,,,,
4,,9139,,,,,,,,,,2.8621405363082886e-05,,1.4997553080320358e-05,,0.20860721170902252,,0.2640182375907898,,0.12465226650238037,,0.04502850025892258,0.07198178768157959,,,,,,,,,,,,,,
4,,9149,,,,,,,,,,1.574680209159851e-05,,8.073635399341583e-06,,0.22140993177890778,,0.2746330499649048,,0.1393134593963623,,0.04823284596204758,0.07778300344944,,,,,,,,,,,,,,
4,,9159,,,,,,,,,,3.223307430744171e-05,,6.62216916680336e-06,,0.19995450973510742,,0.2694876194000244,,0.125858336687088,,0.04799044877290726,0.0745849758386612,,,,,,,,,,,,,,
4,,9169,,,,,,,,,,1.3513490557670593e-05,,6.579793989658356e-06,,0.24376726150512695,,0.24717316031455994,,0.13130873441696167,,0.04802720621228218,0.0751020535826683,,,,,,,,,,,,,,
4,,9179,,,,,,,,,,1.1611729860305786e-05,,5.884561687707901e-06,,0.22198104858398438,,0.2792590260505676,,0.13183970749378204,,0.05234377831220627,0.07968886196613312,,,,,,,,,,,,,,
4,,9189,,,,,,,,,,1.4463439583778381e-05,,4.242639988660812e-06,,0.24515967071056366,,0.25175201892852783,,0.13467416167259216,,0.05335307866334915,0.07995960116386414,,,,,,,,,,,,,,
4,,9199,,,,,,,,,,1.5774741768836975e-05,,6.566755473613739e-06,,0.18602919578552246,,0.28397276997566223,,0.12849894165992737,,0.04837944358587265,0.07588794827461243,,,,,,,,,,,,,,
4,,9209,,,,,,,,,,3.3700838685035706e-05,,6.072688847780228e-06,,0.2496437281370163,,0.2658015489578247,,0.14204519987106323,,0.054245177656412125,0.08272255957126617,,,,,,,,,,,,,,
4,,9219,,,,,,,,,,3.2085925340652466e-05,,5.860812962055206e-06,,0.17909348011016846,,0.2712181806564331,,0.12704432010650635,,0.04481545463204384,0.07226219028234482,,,,,,,,,,,,,,
4,,9229,,,,,,,,,,5.6061893701553345e-05,,4.575122147798538e-06,,0.2053372710943222,,0.2718951106071472,,0.10722780227661133,,0.04181332141160965,0.06663291156291962,,,,,,,,,,,,,,
4,,9239,,,,,,,,,,3.244355320930481e-05,,4.382804036140442e-06,,0.18198642134666443,,0.281271755695343,,0.1271059811115265,,0.04934306442737579,0.07617557048797607,,,,,,,,,,,,,,
4,,9249,,,,,,,,,,3.5181641578674316e-05,,4.684086889028549e-06,,0.1924143135547638,,0.2725244164466858,,0.11788397282361984,,0.05492899566888809,0.07834859937429428,,,,,,,,,,,,,,
4,,9259,,,,,,,,,,1.568533480167389e-05,,6.143003702163696e-06,,0.22444888949394226,,0.2651072144508362,,0.13290584087371826,,0.05668366700410843,0.08250992745161057,,,,,,,,,,,,,,
4,,9269,,,,,,,,,,1.8047168850898743e-05,,6.30086287856102e-06,,0.19384469091892242,,0.28220629692077637,,0.14118242263793945,,0.05737156420946121,0.08502120524644852,,,,,,,,,,,,,,
4,,9279,,,,,,,,,,1.9824132323265076e-05,,7.120426744222641e-06,,0.1930542141199112,,0.26777684688568115,,0.12166974693536758,,0.04640371724963188,0.07244798541069031,,,,,,,,,,,,,,
4,,9289,,,,,,,,,,3.0042603611946106e-05,,6.719958037137985e-06,,0.2250988632440567,,0.2626941204071045,,0.13804665207862854,,0.0527375265955925,0.08040823042392731,,,,,,,,,,,,,,
4,,9299,,,,,,,,,,4.536844789981842e-05,,8.707400411367416e-06,,0.193094864487648,,0.2554570436477661,,0.1134883314371109,,0.04239065200090408,0.06732592731714249,,,,,,,,,,,,,,
4,,9309,,,,,,,,,,2.5564804673194885e-05,,1.048017293214798e-05,,0.21476948261260986,,0.2627750039100647,,0.11954446136951447,,0.04697703570127487,0.07249952107667923,,,,,,,,,,,,,,
4,,9319,,,,,,,,,,1.1032447218894958e-05,,8.664093911647797e-06,,0.19526076316833496,,0.2786722183227539,,0.1524926722049713,,0.058992113918066025,0.08820900321006775,,,,,,,,,,,,,,
4,,9329,,,,,,,,,,1.6070902347564697e-05,,9.781681001186371e-06,,0.23256976902484894,,0.2586992383003235,,0.1186080127954483,,0.04694537818431854,0.0723176822066307,,,,,,,,,,,,,,
4,,9339,,,,,,,,,,1.1844560503959656e-05,,7.485970854759216e-06,,0.22425977885723114,,0.2622004747390747,,0.1410062611103058,,0.05882685258984566,0.08549840748310089,,,,,,,,,,,,,,
4,,9349,,,,,,,,,,2.5896355509757996e-05,,8.604489266872406e-06,,0.261358380317688,,0.26670166850090027,,0.13876323401927948,,0.04956807568669319,0.07877787947654724,,,,,,,,,,,,,,
4,,9359,,,,,,,,,,2.4221837520599365e-05,,1.0528136044740677e-05,,0.21508973836898804,,0.2545238733291626,,0.12367551028728485,,0.042941950261592865,0.06986411660909653,,,,,,,,,,,,,,
4,,9369,,,,,,,,,,1.7466023564338684e-05,,7.443130016326904e-06,,0.22641924023628235,,0.2703855633735657,,0.11757367849349976,,0.04567365348339081,0.07164550572633743,,,,,,,,,,,,,,
4,,9379,,,,,,,,,,9.601935744285583e-06,,6.506219506263733e-06,,0.23025622963905334,,0.26255035400390625,,0.12006808817386627,,0.0415027029812336,0.06866195052862167,,,,,,,,,,,,,,
4,,9389,,,,,,,,,,9.112060070037842e-06,,8.571427315473557e-06,,0.23758283257484436,,0.26841360330581665,,0.11659609526395798,,0.05044177919626236,0.07507752627134323,,,,,,,,,,,,,,
4,,9399,,,,,,,,,,7.5642019510269165e-06,,7.386785000562668e-06,,0.24733179807662964,,0.23573032021522522,,0.12047484517097473,,0.04435821622610092,0.06982304900884628,,,,,,,,,,,,,,
4,,9409,,,,,,,,,,1.683831214904785e-05,,1.1477619409561157e-05,,0.14804388582706451,,0.2767336070537567,,0.12357649207115173,,0.04594773054122925,0.07235588133335114,,,,,,,,,,,,,,
4,,9419,,,,,,,,,,2.7649104595184326e-05,,1.8559396266937256e-05,,0.23997493088245392,,0.2579100728034973,,0.11830152571201324,,0.04692228510975838,0.07229271531105042,,,,,,,,,,,,,,
4,,9429,,,,,,,,,,1.909583806991577e-05,,9.092967957258224e-06,,0.18387413024902344,,0.262006551027298,,0.13107886910438538,,0.04468907415866852,0.07254817336797714,,,,,,,,,,,,,,
4,,9439,,,,,,,,,,5.193054676055908e-05,,1.2952834367752075e-05,,0.2028152197599411,,0.2514781057834625,,0.11604974418878555,,0.034206025302410126,0.06159374117851257,,,,,,,,,,,,,,
4,,9449,,,,,,,,,,1.4726072549819946e-05,,6.3301995396614075e-06,,0.21503645181655884,,0.2639259696006775,,0.11612564325332642,,0.050820015370845795,0.0747983530163765,,,,,,,,,,,,,,
4,,9459,,,,,,,,,,1.4394521713256836e-05,,4.880130290985107e-06,,0.22557424008846283,,0.2539692521095276,,0.1116211786866188,,0.04294745996594429,0.06770437955856323,,,,,,,,,,,,,,
4,,9469,,,,,,,,,,1.714937388896942e-05,,6.917398422956467e-06,,0.18112829327583313,,0.2725311517715454,,0.11815502494573593,,0.04208541661500931,0.06863241642713547,,,,,,,,,,,,,,
4,,9479,,,,,,,,,,1.9844621419906616e-05,,1.0194722563028336e-05,,0.22958335280418396,,0.27181804180145264,,0.12199702858924866,,0.045808710157871246,0.07268066704273224,,,,,,,,,,,,,,
4,,9489,,,,,,,,,,1.3200566172599792e-05,,5.7551078498363495e-06,,0.1804932802915573,,0.2720414102077484,,0.12606197595596313,,0.04589949548244476,0.07294617593288422,,,,,,,,,,,,,,
4,,9499,,,,,,,,,,1.041218638420105e-05,,6.668735295534134e-06,,0.19923722743988037,,0.2852572798728943,,0.12511378526687622,,0.05364683270454407,0.07941962033510208,,,,,,,,,,,,,,
4,,9509,,,,,,,,,,1.8127262592315674e-05,,5.04031777381897e-06,,0.2593085765838623,,0.26011261343955994,,0.14547745883464813,,0.0547465942800045,0.08358895778656006,,,,,,,,,,,,,,
4,,9519,,,,,,,,,,1.5292316675186157e-05,,5.730893462896347e-06,,0.240501269698143,,0.26167696714401245,,0.11612419784069061,,0.04297157749533653,0.06910336017608643,,,,,,,,,,,,,,
4,,9529,,,,,,,,,,2.6717782020568848e-05,,6.0391612350940704e-06,,0.22354844212532043,,0.26787859201431274,,0.11642459034919739,,0.04562254250049591,0.07124046236276627,,,,,,,,,,,,,,
4,,9539,,,,,,,,,,1.0048970580101013e-05,,4.200730472803116e-06,,0.22363582253456116,,0.26482635736465454,,0.11944769322872162,,0.046351879835128784,0.07221247255802155,,,,,,,,,,,,,,
4,,9549,,,,,,,,,,1.0753050446510315e-05,,5.76116144657135e-06,,0.24337568879127502,,0.25078022480010986,,0.13268573582172394,,0.049911558628082275,0.0769384354352951,,,,,,,,,,,,,,
4,,9559,,,,,,,,,,1.1552125215530396e-05,,3.9869919419288635e-06,,0.20624065399169922,,0.2671215534210205,,0.1302613765001297,,0.05332239717245102,0.07937341183423996,,,,,,,,,,,,,,
4,,9569,,,,,,,,,,9.736046195030212e-06,,5.568377673625946e-06,,0.19887077808380127,,0.2652304768562317,,0.1275845766067505,,0.049971386790275574,0.07618246972560883,,,,,,,,,,,,,,
4,,9579,,,,,,,,,,1.4185905456542969e-05,,4.509463906288147e-06,,0.23071594536304474,,0.2615396976470947,,0.12894105911254883,,0.04637930169701576,0.07394237816333771,,,,,,,,,,,,,,
4,,9589,,,,,,,,,,1.1449679732322693e-05,,5.239620804786682e-06,,0.20721343159675598,,0.27816587686538696,,0.12397070974111557,,0.050815150141716,0.07684196531772614,,,,,,,,,,,,,,
4,,9599,,,,,,,,,,7.78399407863617e-06,,6.979797035455704e-06,,0.21840298175811768,,0.25324100255966187,,0.11982083320617676,,0.042975421994924545,0.06914496421813965,,,,,,,,,,,,,,
4,,9609,,,,,,,,,,1.0907649993896484e-05,,9.978655725717545e-06,,0.17997606098651886,,0.2641969323158264,,0.1278838962316513,,0.04840494319796562,0.07479356974363327,,,,,,,,,,,,,,
4,,9619,,,,,,,,,,1.1611729860305786e-05,,9.262468665838242e-06,,0.21719765663146973,,0.27660346031188965,,0.12472714483737946,,0.04648179933428764,0.07377681136131287,,,,,,,,,,,,,,
4,,9629,,,,,,,,,,2.1189451217651367e-05,,1.271069049835205e-05,,0.1909905970096588,,0.2822624146938324,,0.12275219708681107,,0.04673421382904053,0.07355393469333649,,,,,,,,,,,,,,
4,,9639,,,,,,,,,,7.716938853263855e-06,,7.615424692630768e-06,,0.23442091047763824,,0.2615051865577698,,0.13768526911735535,,0.053048230707645416,0.08062705397605896,,,,,,,,,,,,,,
4,,9649,,,,,,,,,,7.64802098274231e-06,,3.427267074584961e-06,,0.20916545391082764,,0.2756812572479248,,0.13858968019485474,,0.04887954890727997,0.07803800702095032,,,,,,,,,,,,,,
4,,9659,,,,,,,,,,1.4584511518478394e-05,,1.0290183126926422e-05,,0.19896191358566284,,0.2693832516670227,,0.13252034783363342,,0.04565535485744476,0.07406613230705261,,,,,,,,,,,,,,
4,,9669,,,,,,,,,,7.234513759613037e-06,,1.2945849448442459e-05,,0.235323965549469,,0.2601941227912903,,0.12380065768957138,,0.04854383319616318,0.07459305226802826,,,,,,,,,,,,,,
4,,9679,,,,,,,,,,5.923211574554443e-06,,1.1567492038011551e-05,,0.24823737144470215,,0.24464315176010132,,0.11928249150514603,,0.04987247288227081,0.07416464388370514,,,,,,,,,,,,,,
4,,9689,,,,,,,,,,1.0777264833450317e-05,,1.1822208762168884e-05,,0.22063791751861572,,0.23874187469482422,,0.11960000544786453,,0.047161541879177094,0.07159030437469482,,,,,,,,,,,,,,
4,,9699,,,,,,,,,,7.731840014457703e-06,,8.229631930589676e-06,,0.24349136650562286,,0.26148200035095215,,0.12450441718101501,,0.04819133132696152,0.07461670786142349,,,,,,,,,,,,,,
4,,9709,,,,,,,,,,6.709247827529907e-06,,9.845942258834839e-06,,0.1758858859539032,,0.2633558511734009,,0.13183897733688354,,0.04873640835285187,0.07569659501314163,,,,,,,,,,,,,,
4,,9719,,,,,,,,,,8.909031748771667e-06,,6.030313670635223e-06,,0.19603712856769562,,0.27794960141181946,,0.1287745088338852,,0.05303918570280075,0.07927018404006958,,,,,,,,,,,,,,
4,,9729,,,,,,,,,,1.9235536456108093e-05,,4.126690328121185e-06,,0.1996554434299469,,0.2869613766670227,,0.13105455040931702,,0.05765458196401596,0.08362513780593872,,,,,,,,,,,,,,
4,,9739,,,,,,,,,,1.4977529644966125e-05,,6.8158842623233795e-06,,0.28204280138015747,,0.24093563854694366,,0.11448227614164352,,0.04367496818304062,0.06883753836154938,,,,,,,,,,,,,,
4,,9749,,,,,,,,,,1.12876296043396e-05,,1.1197756975889206e-05,,0.2155665159225464,,0.2579598128795624,,0.11845564842224121,,0.047780923545360565,0.07268194854259491,,,,,,,,,,,,,,
4,,9759,,,,,,,,,,1.271069049835205e-05,,3.874301910400391e-06,,0.1700568050146103,,0.2799447178840637,,0.13811442255973816,,0.05203646421432495,0.08005863428115845,,,,,,,,,,,,,,
4,,9769,,,,,,,,,,1.208670437335968e-05,,5.0049275159835815e-06,,0.2345237135887146,,0.2567561864852905,,0.1241779774427414,,0.048308394849300385,0.07431660592556,,,,,,,,,,,,,,
4,,9779,,,,,,,,,,7.4319541454315186e-06,,4.961155354976654e-06,,0.21134436130523682,,0.2617051899433136,,0.11952240765094757,,0.05056457594037056,0.07509636133909225,,,,,,,,,,,,,,
4,,9789,,,,,,,,,,6.686896085739136e-06,,5.613546818494797e-06,,0.22676116228103638,,0.25589215755462646,,0.11072488129138947,,0.04055575281381607,0.06584613025188446,,,,,,,,,,,,,,
4,,9799,,,,,,,,,,5.977228283882141e-06,,5.865469574928284e-06,,0.19594377279281616,,0.2721863389015198,,0.13515923917293549,,0.050470396876335144,0.07826923578977585,,,,,,,,,,,,,,
4,,9809,,,,,,,,,,6.182119250297546e-06,,5.1264651119709015e-06,,0.22208528220653534,,0.24897882342338562,,0.10421067476272583,,0.038115303963422775,0.062414687126874924,,,,,,,,,,,,,,
4,,9819,,,,,,,,,,8.165836334228516e-06,,4.505272954702377e-06,,0.21287310123443604,,0.2622688412666321,,0.13638728857040405,,0.04827000945806503,0.07658229768276215,,,,,,,,,,,,,,
4,,9829,,,,,,,,,,6.3944607973098755e-06,,7.19074159860611e-06,,0.24095118045806885,,0.2521406412124634,,0.12398523092269897,,0.05160033702850342,0.07660895586013794,,,,,,,,,,,,,,
4,,9839,,,,,,,,,,8.812174201011658e-06,,7.325783371925354e-06,,0.18084514141082764,,0.28467094898223877,,0.13456954061985016,,0.04834052920341492,0.07696923613548279,,,,,,,,,,,,,,
4,,9849,,,,,,,,,,9.845942258834839e-06,,8.713919669389725e-06,,0.21534916758537292,,0.26391953229904175,,0.11485154181718826,,0.041954800486564636,0.06791223585605621,,,,,,,,,,,,,,
4,,9859,,,,,,,,,,7.595866918563843e-06,,7.407274097204208e-06,,0.21371611952781677,,0.2596190571784973,,0.12325380742549896,,0.048353128135204315,0.07406717538833618,,,,,,,,,,,,,,
4,,9869,,,,,,,,,,8.616596460342407e-06,,6.962567567825317e-06,,0.19619257748126984,,0.26626017689704895,,0.11977921426296234,,0.04915119707584381,0.07412020117044449,,,,,,,,,,,,,,
4,,9879,,,,,,,,,,7.737427949905396e-06,,5.267094820737839e-06,,0.19488176703453064,,0.27749475836753845,,0.12455163151025772,,0.04633742570877075,0.07341577857732773,,,,,,,,,,,,,,
4,,9889,,,,,,,,,,6.8712979555130005e-06,,4.754401743412018e-06,,0.19148823618888855,,0.2606807053089142,,0.1238996833562851,,0.04663315787911415,0.07268723845481873,,,,,,,,,,,,,,
4,,9899,,,,,,,,,,1.2293457984924316e-05,,7.320661097764969e-06,,0.1784198135137558,,0.27830860018730164,,0.12356053292751312,,0.045318689197301865,0.07231087982654572,,,,,,,,,,,,,,
4,,9909,,,,,,,,,,9.041279554367065e-06,,6.757676601409912e-06,,0.19789695739746094,,0.2640608251094818,,0.11437903344631195,,0.041103728115558624,0.06698720157146454,,,,,,,,,,,,,,
4,,9919,,,,,,,,,,8.128583431243896e-06,,3.778841346502304e-06,,0.21529187262058258,,0.2559730112552643,,0.1313929706811905,,0.049490902572870255,0.07629469037055969,,,,,,,,,,,,,,
4,,9929,,,,,,,,,,7.95908272266388e-06,,4.9406662583351135e-06,,0.18953774869441986,,0.25378644466400146,,0.1371527463197708,,0.053251564502716064,0.07979169487953186,,,,,,,,,,,,,,
4,,9939,,,,,,,,,,8.501112461090088e-06,,7.577706128358841e-06,,0.2504044771194458,,0.24738183617591858,,0.11574340611696243,,0.04169731214642525,0.0675218403339386,,,,,,,,,,,,,,
4,,9949,,,,,,,,,,7.368624210357666e-06,,7.525552064180374e-06,,0.18339309096336365,,0.2733652591705322,,0.13502779603004456,,0.05573539063334465,0.0821024626493454,,,,,,,,,,,,,,
4,,9959,,,,,,,,,,8.028000593185425e-06,,7.73044303059578e-06,,0.2208532691001892,,0.2607327699661255,,0.12374100834131241,,0.04886678606271744,0.07467976212501526,,,,,,,,,,,,,,
4,,9969,,,,,,,,,,1.1006370186805725e-05,,7.548369467258453e-06,,0.210250586271286,,0.27156156301498413,,0.13950073719024658,,0.04622253030538559,0.07603520154953003,,,,,,,,,,,,,,
4,,9979,,,,,,,,,,8.314847946166992e-06,,4.1155144572257996e-06,,0.18688464164733887,,0.2801123857498169,,0.1297345757484436,,0.041010431945323944,0.07042059302330017,,,,,,,,,,,,,,
4,,9989,,,,,,,,,,8.05780291557312e-06,,6.225891411304474e-06,,0.2207234501838684,,0.2559399902820587,,0.11831758171319962,,0.04642786085605621,0.07160674035549164,,,,,,,,,,,,,,
4,,9999,,,,,,,,,,1.2828037142753601e-05,,8.021481335163116e-06,,0.20703023672103882,,0.25621330738067627,,0.14082443714141846,,0.04688378423452377,0.07602214813232422,,,,,,,,,,,,,,
4,,10009,,,,,,,,,,8.581206202507019e-06,,6.115064024925232e-06,,0.21194756031036377,,0.25014615058898926,,0.1275271475315094,,0.0440913550555706,0.07120662927627563,,,,,,,,,,,,,,
4,,10019,,,,,,,,,,6.075948476791382e-06,,3.863126039505005e-06,,0.21490630507469177,,0.270020067691803,,0.10937570780515671,,0.03811843693256378,0.06428810954093933,,,,,,,,,,,,,,
4,,10029,,,,,,,,,,1.1436641216278076e-05,,7.084105163812637e-06,,0.18641433119773865,,0.25561434030532837,,0.12872549891471863,,0.04558403789997101,0.07250826060771942,,,,,,,,,,,,,,
4,,10039,,,,,,,,,,1.2440606951713562e-05,,1.018354669213295e-05,,0.20379796624183655,,0.2647818922996521,,0.11568056046962738,,0.04644095525145531,0.07133818417787552,,,,,,,,,,,,,,
4,,10049,,,,,,,,,,1.0110437870025635e-05,,6.522517651319504e-06,,0.1860661804676056,,0.2609979510307312,,0.10576134920120239,,0.039049506187438965,0.06354766339063644,,,,,,,,,,,,,,
4,,10059,,,,,,,,,,1.119263470172882e-05,,1.0087620466947556e-05,,0.20110082626342773,,0.27016353607177734,,0.11741992831230164,,0.048583485186100006,0.07349240034818649,,,,,,,,,,,,,,
4,,10069,,,,,,,,,,1.9468367099761963e-05,,8.699949830770493e-06,,0.21751689910888672,,0.2705177664756775,,0.12401755154132843,,0.04871593415737152,0.07503814995288849,,,,,,,,,,,,,,
4,,10079,,,,,,,,,,1.7121434211730957e-05,,1.0858289897441864e-05,,0.21850980818271637,,0.2853888273239136,,0.11113936454057693,,0.04184519499540329,0.0681774765253067,,,,,,,,,,,,,,
4,,10089,,,,,,,,,,1.2392178177833557e-05,,9.640119969844818e-06,,0.19289223849773407,,0.2638898491859436,,0.1288529336452484,,0.05011747032403946,0.07639701664447784,,,,,,,,,,,,,,
4,,10094,,,,,,,,,,,,,,,,,,,,,,0.9770994186401367,1.0,1.0,0.9489991068840027,0.9076511263847351,0.960882842540741,0.9858216643333435,0.07070858031511307,1.6689300537109375e-06,9.238719940185547e-07,0.21008619666099548,0.2624979317188263,0.11993604153394699,0.04458234831690788
4,,10094,0.9756495356559753,1.0,1.0,0.948940634727478,0.9072741270065308,0.9586017727851868,0.984483540058136,0.07461133599281311,1.5141952644626144e-05,,8.093154974631034e-06,,0.21121598780155182,,0.26491910219192505,,0.12502436339855194,,0.048343725502491,,,,,,,,,,,,,,,,
,0.0002560660171779821,10095,,,,,,,,,,,,,,,,,,,,,,,,,,,,,,,,,,,
5,,10099,,,,,,,,,,1.4353543519973755e-05,,6.936490535736084e-06,,0.2743088901042938,,0.25113755464553833,,0.12321192026138306,,0.04277164116501808,0.07018476724624634,,,,,,,,,,,,,,
5,,10109,,,,,,,,,,9.402632713317871e-06,,9.999144822359085e-06,,0.2263289839029312,,0.288624107837677,,0.13743150234222412,,0.048999711871147156,0.07871899008750916,,,,,,,,,,,,,,
5,,10119,,,,,,,,,,1.9203871488571167e-05,,1.1092983186244965e-05,,0.21203605830669403,,0.26266175508499146,,0.10427036881446838,,0.03851235657930374,0.06324751675128937,,,,,,,,,,,,,,
5,,10129,,,,,,,,,,1.0697171092033386e-05,,1.177145168185234e-05,,0.19352039694786072,,0.26664143800735474,,0.12077876925468445,,0.04460122436285019,0.07088091969490051,,,,,,,,,,,,,,
5,,10139,,,,,,,,,,9.65408980846405e-06,,5.691777914762497e-06,,0.2504422962665558,,0.2371768057346344,,0.12528535723686218,,0.0471821054816246,0.07294794917106628,,,,,,,,,,,,,,
5,,10149,,,,,,,,,,1.1896714568138123e-05,,9.407754987478256e-06,,0.19712600111961365,,0.2597919702529907,,0.11244876682758331,,0.04186329245567322,0.06698582321405411,,,,,,,,,,,,,,
5,,10159,,,,,,,,,,9.538605809211731e-06,,7.58608803153038e-06,,0.19937625527381897,,0.27712222933769226,,0.12663966417312622,,0.044791627675294876,0.07268297672271729,,,,,,,,,,,,,,
5,,10169,,,,,,,,,,1.023709774017334e-05,,1.627858728170395e-05,,0.27343860268592834,,0.2692157030105591,,0.11910809576511383,,0.04684346914291382,0.07330717146396637,,,,,,,,,,,,,,
5,,10179,,,,,,,,,,1.6318634152412415e-05,,1.3800803571939468e-05,,0.16477720439434052,,0.27025142312049866,,0.1280827820301056,,0.05298146605491638,0.07836982607841492,,,,,,,,,,,,,,
5,,10189,,,,,,,,,,1.3481825590133667e-05,,2.1262560039758682e-05,,0.22048132121562958,,0.27551472187042236,,0.13304981589317322,,0.054016731679439545,0.08097775280475616,,,,,,,,,,,,,,
5,,10199,,,,,,,,,,1.1149793863296509e-05,,1.7506536096334457e-05,,0.2310810685157776,,0.2602670192718506,,0.13139855861663818,,0.04946504160761833,0.07666278630495071,,,,,,,,,,,,,,
5,,10209,,,,,,,,,,1.1323019862174988e-05,,1.3721641153097153e-05,,0.22759324312210083,,0.261623352766037,,0.1330406665802002,,0.049323439598083496,0.07688722759485245,,,,,,,,,,,,,,
5,,10219,,,,,,,,,,1.2207776308059692e-05,,8.923932909965515e-06,,0.17817668616771698,,0.2663942575454712,,0.11822739243507385,,0.039223574101924896,0.06617674976587296,,,,,,,,,,,,,,
5,,10229,,,,,,,,,,1.7546117305755615e-05,,8.542556315660477e-06,,0.18500187993049622,,0.276164710521698,,0.11743786931037903,,0.04240205138921738,0.06895121932029724,,,,,,,,,,,,,,
5,,10239,,,,,,,,,,1.3437122106552124e-05,,1.0695308446884155e-05,,0.2111535370349884,,0.24027985334396362,,0.09674516320228577,,0.030182786285877228,0.05452773720026016,,,,,,,,,,,,,,
5,,10249,,,,,,,,,,1.2336298823356628e-05,,1.1186115443706512e-05,,0.21543529629707336,,0.2824918031692505,,0.12081661820411682,,0.045312583446502686,0.07242171466350555,,,,,,,,,,,,,,
5,,10259,,,,,,,,,,1.0427087545394897e-05,,6.596557796001434e-06,,0.26564735174179077,,0.2575954794883728,,0.11598554253578186,,0.04436960071325302,0.07022950798273087,,,,,,,,,,,,,,
5,,10269,,,,,,,,,,5.593523383140564e-06,,1.1183321475982666e-05,,0.2542550563812256,,0.25138717889785767,,0.11754308640956879,,0.04678177833557129,0.07190658152103424,,,,,,,,,,,,,,
5,,10279,,,,,,,,,,4.827976226806641e-06,,1.0400544852018356e-05,,0.22181084752082825,,0.2672896981239319,,0.11589743942022324,,0.041230034083127975,0.0677984356880188,,,,,,,,,,,,,,
5,,10289,,,,,,,,,,6.923452019691467e-06,,6.259419023990631e-06,,0.18383552134037018,,0.26641345024108887,,0.11818767338991165,,0.04651131480932236,0.07170365750789642,,,,,,,,,,,,,,
5,,10299,,,,,,,,,,5.7891011238098145e-06,,5.870591849088669e-06,,0.2154161036014557,,0.273140013217926,,0.11748209595680237,,0.043283842504024506,0.06983569264411926,,,,,,,,,,,,,,
5,,10309,,,,,,,,,,6.81169331073761e-06,,5.43985515832901e-06,,0.1875506341457367,,0.2638793885707855,,0.11763162165880203,,0.041785113513469696,0.06797859072685242,,,,,,,,,,,,,,
5,,10319,,,,,,,,,,1.1472031474113464e-05,,6.9434754550457e-06,,0.1943921446800232,,0.2635783553123474,,0.12745214998722076,,0.05025552958250046,0.07624083757400513,,,,,,,,,,,,,,
5,,10329,,,,,,,,,,1.0943040251731873e-05,,8.64686444401741e-06,,0.22452926635742188,,0.24209563434123993,,0.1076737642288208,,0.04188507795333862,0.06559812277555466,,,,,,,,,,,,,,
5,,10339,,,,,,,,,,1.3260170817375183e-05,,9.225215762853622e-06,,0.24149712920188904,,0.25870615243911743,,0.12711624801158905,,0.04462758079171181,0.07227956503629684,,,,,,,,,,,,,,
5,,10349,,,,,,,,,,6.83218240737915e-06,,7.016118615865707e-06,,0.19025051593780518,,0.2750932276248932,,0.14015290141105652,,0.052415091544389725,0.08073422312736511,,,,,,,,,,,,,,
5,,10359,,,,,,,,,,1.325458288192749e-05,,6.443355232477188e-06,,0.23215514421463013,,0.2537612318992615,,0.10622220486402512,,0.03873498737812042,0.06359908729791641,,,,,,,,,,,,,,
5,,10369,,,,,,,,,,1.1194497346878052e-05,,1.1567026376724243e-05,,0.21525916457176208,,0.27000460028648376,,0.12783265113830566,,0.0455424040555954,0.07332240790128708,,,,,,,,,,,,,,
5,,10379,,,,,,,,,,1.2272968888282776e-05,,9.255018085241318e-06,,0.2332359254360199,,0.24826878309249878,,0.10040761530399323,,0.03637826442718506,0.0604957677423954,,,,,,,,,,,,,,
5,,10389,,,,,,,,,,1.3422220945358276e-05,,1.0427553206682205e-05,,0.24792854487895966,,0.25469642877578735,,0.14391762018203735,,0.05529168248176575,0.08331800997257233,,,,,,,,,,,,,,
5,,10399,,,,,,,,,,1.2101605534553528e-05,,1.1373311281204224e-05,,0.19651488959789276,,0.27250635623931885,,0.11720120906829834,,0.04418478161096573,0.0702076405286789,,,,,,,,,,,,,,
5,,10409,,,,,,,,,,1.039169728755951e-05,,8.076895028352737e-06,,0.1928345113992691,,0.26607760787010193,,0.12162265926599503,,0.04075130820274353,0.06811656057834625,,,,,,,,,,,,,,
5,,10419,,,,,,,,,,1.1373311281204224e-05,,6.938818842172623e-06,,0.24448227882385254,,0.2564128637313843,,0.11949113756418228,,0.04492867738008499,0.07100284099578857,,,,,,,,,,,,,,
5,,10429,,,,,,,,,,1.1011958122253418e-05,,8.74977558851242e-06,,0.2248460352420807,,0.2775915265083313,,0.11254224181175232,,0.04668043553829193,0.07177657634019852,,,,,,,,,,,,,,
5,,10439,,,,,,,,,,1.0738149285316467e-05,,1.049041748046875e-05,,0.19673840701580048,,0.2667199969291687,,0.1140885278582573,,0.037920303642749786,0.06465568393468857,,,,,,,,,,,,,,
5,,10449,,,,,,,,,,1.4204531908035278e-05,,7.720664143562317e-06,,0.21804162859916687,,0.26936113834381104,,0.1289040893316269,,0.046880535781383514,0.07452962547540665,,,,,,,,,,,,,,
5,,10459,,,,,,,,,,2.4264678359031677e-05,,1.842854544520378e-05,,0.23436039686203003,,0.24690911173820496,,0.1424792855978012,,0.0581849068403244,0.08469457179307938,,,,,,,,,,,,,,
5,,10469,,,,,,,,,,1.3148412108421326e-05,,7.278751581907272e-06,,0.24123260378837585,,0.25267064571380615,,0.11829674243927002,,0.045979954302310944,0.07135394215583801,,,,,,,,,,,,,,
5,,10479,,,,,,,,,,1.45789235830307e-05,,9.94885340332985e-06,,0.22925017774105072,,0.2746923565864563,,0.13113757967948914,,0.05195103585720062,0.07913366705179214,,,,,,,,,,,,,,
5,,10489,,,,,,,,,,2.9122456908226013e-05,,1.0678078979253769e-05,,0.22155910730361938,,0.2538675367832184,,0.11668877303600311,,0.048434123396873474,0.07271897792816162,,,,,,,,,,,,,,
5,,10499,,,,,,,,,,2.5819987058639526e-05,,6.60354271531105e-06,,0.18035832047462463,,0.25687259435653687,,0.1092509925365448,,0.040494970977306366,0.0650261789560318,,,,,,,,,,,,,,
5,,10509,,,,,,,,,,1.7233192920684814e-05,,9.268056601285934e-06,,0.2203148752450943,,0.256891667842865,,0.13085120916366577,,0.05580328032374382,0.08103049546480179,,,,,,,,,,,,,,
5,,10519,,,,,,,,,,2.130866050720215e-05,,9.45013016462326e-06,,0.19846448302268982,,0.2636784613132477,,0.134055957198143,,0.04658884555101395,0.07478111237287521,,,,,,,,,,,,,,
5,,10529,,,,,,,,,,1.2556090950965881e-05,,1.154700294137001e-05,,0.26006704568862915,,0.2509639263153076,,0.11380109190940857,,0.04552488401532173,0.07031017541885376,,,,,,,,,,,,,,
5,,10539,,,,,,,,,,1.691281795501709e-05,,1.3997778296470642e-05,,0.2113843560218811,,0.26471689343452454,,0.12130626291036606,,0.049634478986263275,0.0748748853802681,,,,,,,,,,,,,,
5,,10549,,,,,,,,,,1.6590580344200134e-05,,1.1595897376537323e-05,,0.18430423736572266,,0.25565701723098755,,0.1160164624452591,,0.043093957006931305,0.06823399662971497,,,,,,,,,,,,,,
5,,10559,,,,,,,,,,2.919696271419525e-05,,1.2227799743413925e-05,,0.20669086277484894,,0.25983256101608276,,0.10968343913555145,,0.041114091873168945,0.0660191997885704,,,,,,,,,,,,,,
5,,10569,,,,,,,,,,1.629069447517395e-05,,7.055699825286865e-06,,0.19875392317771912,,0.24690644443035126,,0.11882368475198746,,0.047981146723032,0.07218584418296814,,,,,,,,,,,,,,
5,,10579,,,,,,,,,,1.198798418045044e-05,,6.066635251045227e-06,,0.19083325564861298,,0.276093065738678,,0.1256764680147171,,0.042654383927583694,0.07075061649084091,,,,,,,,,,,,,,
5,,10589,,,,,,,,,,2.0870938897132874e-05,,6.404705345630646e-06,,0.20918706059455872,,0.2699052095413208,,0.13917431235313416,,0.05360041931271553,0.08141863346099854,,,,,,,,,,,,,,
5,,10599,,,,,,,,,,1.7955899238586426e-05,,9.56142321228981e-06,,0.1891934871673584,,0.2701485753059387,,0.10708122700452805,,0.04473140463232994,0.06852337718009949,,,,,,,,,,,,,,
5,,10609,,,,,,,,,,1.3692304491996765e-05,,8.71904194355011e-06,,0.165826216340065,,0.27417832612991333,,0.12434087693691254,,0.047468945384025574,0.07372904568910599,,,,,,,,,,,,,,
5,,10619,,,,,,,,,,1.2138858437538147e-05,,5.432870239019394e-06,,0.26227787137031555,,0.2507458031177521,,0.13383574783802032,,0.04762731119990349,0.07566046714782715,,,,,,,,,,,,,,
5,,10629,,,,,,,,,,1.1680647730827332e-05,,4.311557859182358e-06,,0.22518275678157806,,0.26648667454719543,,0.11886689066886902,,0.044785622507333755,0.07102454453706741,,,,,,,,,,,,,,
5,,10639,,,,,,,,,,1.2531876564025879e-05,,9.415671229362488e-06,,0.21344712376594543,,0.2604396343231201,,0.12116393446922302,,0.04478881508111954,0.0710366740822792,,,,,,,,,,,,,,
5,,10649,,,,,,,,,,1.2185424566268921e-05,,1.7653685063123703e-05,,0.2088019847869873,,0.26732826232910156,,0.10204172134399414,,0.03972027450799942,0.06391660124063492,,,,,,,,,,,,,,
5,,10659,,,,,,,,,,1.580454409122467e-05,,1.6388017684221268e-05,,0.24242490530014038,,0.24705052375793457,,0.10253708064556122,,0.035037871450185776,0.059940215200185776,,,,,,,,,,,,,,
5,,10669,,,,,,,,,,1.418963074684143e-05,,1.0715331882238388e-05,,0.2267644703388214,,0.258481502532959,,0.1221013218164444,,0.051216188818216324,0.0760984793305397,,,,,,,,,,,,,,
5,,10679,,,,,,,,,,9.277835488319397e-06,,1.9167084246873856e-05,,0.1784660518169403,,0.2698234021663666,,0.12479390949010849,,0.051137685775756836,0.0765102356672287,,,,,,,,,,,,,,
5,,10689,,,,,,,,,,7.826834917068481e-06,,9.509269148111343e-06,,0.22726678848266602,,0.2496366947889328,,0.10297409445047379,,0.03934501111507416,0.06319686770439148,,,,,,,,,,,,,,
5,,10699,,,,,,,,,,6.059184670448303e-06,,6.5909698605537415e-06,,0.21118290722370148,,0.2658635377883911,,0.12457680702209473,,0.053379010409116745,0.07834871858358383,,,,,,,,,,,,,,
5,,10709,,,,,,,,,,1.2684613466262817e-05,,9.375624358654022e-06,,0.21731965243816376,,0.25576549768447876,,0.12207113206386566,,0.04370070993900299,0.07021677494049072,,,,,,,,,,,,,,
5,,10719,,,,,,,,,,1.2569129467010498e-05,,7.343478500843048e-06,,0.20028559863567352,,0.26565784215927124,,0.12366761267185211,,0.04619791358709335,0.07265368849039078,,,,,,,,,,,,,,
5,,10729,,,,,,,,,,1.374073326587677e-05,,7.11437314748764e-06,,0.1900654137134552,,0.2637139558792114,,0.12313075363636017,,0.04308701306581497,0.07000832259654999,,,,,,,,,,,,,,
5,,10739,,,,,,,,,,1.3669952750205994e-05,,8.082948625087738e-06,,0.21888035535812378,,0.2680039405822754,,0.10795073211193085,,0.03685373067855835,0.06302417069673538,,,,,,,,,,,,,,
5,,10749,,,,,,,,,,1.6607344150543213e-05,,6.177928298711777e-06,,0.1676221489906311,,0.28436100482940674,,0.12167519330978394,,0.04249043017625809,0.0699927806854248,,,,,,,,,,,,,,
5,,10759,,,,,,,,,,1.1118128895759583e-05,,7.419846951961517e-06,,0.21931931376457214,,0.2543988525867462,,0.11813900619745255,,0.044040895998477936,0.06969387829303741,,,,,,,,,,,,,,
5,,10769,,,,,,,,,,1.2351199984550476e-05,,5.553010851144791e-06,,0.22072052955627441,,0.27455800771713257,,0.1262701153755188,,0.04876156523823738,0.07572180777788162,,,,,,,,,,,,,,
5,,10779,,,,,,,,,,6.1336904764175415e-06,,5.6480057537555695e-06,,0.22716377675533295,,0.2487933486700058,,0.10400165617465973,,0.0413023978471756,0.06481721997261047,,,,,,,,,,,,,,
5,,10789,,,,,,,,,,1.938268542289734e-05,,8.824747055768967e-06,,0.1788436472415924,,0.24610254168510437,,0.12630543112754822,,0.05061541497707367,0.075294129550457,,,,,,,,,,,,,,
5,,10799,,,,,,,,,,6.990507245063782e-06,,4.058703780174255e-06,,0.24718335270881653,,0.25042054057121277,,0.11425647139549255,,0.038160547614097595,0.06469445675611496,,,,,,,,,,,,,,
5,,10809,,,,,,,,,,8.126720786094666e-06,,3.963243216276169e-06,,0.23033586144447327,,0.2696686387062073,,0.1195027232170105,,0.04382077604532242,0.07062957435846329,,,,,,,,,,,,,,
5,,10819,,,,,,,,,,8.247792720794678e-06,,5.520414561033249e-06,,0.22402754426002502,,0.24397125840187073,,0.11707567423582077,,0.04672037810087204,0.0710708275437355,,,,,,,,,,,,,,
5,,10829,,,,,,,,,,5.893409252166748e-06,,8.042436093091965e-06,,0.24277794361114502,,0.250454306602478,,0.11735639721155167,,0.04507352039217949,0.0704117864370346,,,,,,,,,,,,,,
5,,10839,,,,,,,,,,1.7698854207992554e-05,,1.619616523385048e-05,,0.17636659741401672,,0.2874423563480377,,0.13032260537147522,,0.052823103964328766,0.07961297035217285,,,,,,,,,,,,,,
5,,10849,,,,,,,,,,1.3431534171104431e-05,,1.3942364603281021e-05,,0.20991206169128418,,0.2667732536792755,,0.1387072205543518,,0.05993286520242691,0.08594319224357605,,,,,,,,,,,,,,
5,,10859,,,,,,,,,,1.595914363861084e-05,,1.4721881598234177e-05,,0.20560353994369507,,0.27189576625823975,,0.13289162516593933,,0.05331958830356598,0.08008100837469101,,,,,,,,,,,,,,
5,,10869,,,,,,,,,,1.7305836081504822e-05,,1.111859455704689e-05,,0.20193573832511902,,0.26958197355270386,,0.10946853458881378,,0.04131518676877022,0.06653111428022385,,,,,,,,,,,,,,
5,,10879,,,,,,,,,,1.745857298374176e-05,,1.3791024684906006e-05,,0.2158702313899994,,0.24919834733009338,,0.12687891721725464,,0.04677143692970276,0.07309717684984207,,,,,,,,,,,,,,
5,,10889,,,,,,,,,,2.33333557844162e-05,,2.3987144231796265e-05,,0.22144097089767456,,0.2487945258617401,,0.12450475990772247,,0.047210901975631714,0.07302799075841904,,,,,,,,,,,,,,
5,,10899,,,,,,,,,,2.0306557416915894e-05,,1.569371670484543e-05,,0.15724913775920868,,0.26169371604919434,,0.13108542561531067,,0.04889892786741257,0.0753808319568634,,,,,,,,,,,,,,
5,,10909,,,,,,,,,,1.4824792742729187e-05,,1.0310672223567963e-05,,0.24000509083271027,,0.24419590830802917,,0.10539358854293823,,0.03967355936765671,0.06379132717847824,,,,,,,,,,,,,,
5,,10919,,,,,,,,,,2.8295442461967468e-05,,1.4023855328559875e-05,,0.20256902277469635,,0.24621868133544922,,0.11716371774673462,,0.04020753130316734,0.06605538725852966,,,,,,,,,,,,,,
5,,10929,,,,,,,,,,1.794286072254181e-05,,1.0509975254535675e-05,,0.2080322504043579,,0.2587333619594574,,0.1149788647890091,,0.049001432955265045,0.07289346307516098,,,,,,,,,,,,,,
5,,10939,,,,,,,,,,1.4105811715126038e-05,,6.2300823628902435e-06,,0.1880626678466797,,0.2737892270088196,,0.13947995007038116,,0.04866289347410202,0.07770638912916183,,,,,,,,,,,,,,
5,,10949,,,,,,,,,,2.950429916381836e-05,,1.202709972858429e-05,,0.19041797518730164,,0.28586292266845703,,0.13533267378807068,,0.053231798112392426,0.08094983547925949,,,,,,,,,,,,,,
5,,10959,,,,,,,,,,1.8533319234848022e-05,,5.856622010469437e-06,,0.20841771364212036,,0.2709999978542328,,0.11677384376525879,,0.04714662581682205,0.07241829484701157,,,,,,,,,,,,,,
5,,10969,,,,,,,,,,1.778826117515564e-05,,8.079223334789276e-06,,0.190843403339386,,0.26330265402793884,,0.10877890884876251,,0.04362381994724274,0.06770923733711243,,,,,,,,,,,,,,
5,,10979,,,,,,,,,,8.316710591316223e-06,,5.833804607391357e-06,,0.21039555966854095,,0.2676312327384949,,0.11074967682361603,,0.038459718227386475,0.0646369457244873,,,,,,,,,,,,,,
5,,10989,,,,,,,,,,1.3267621397972107e-05,,6.944872438907623e-06,,0.2138245552778244,,0.26401782035827637,,0.1111021488904953,,0.03781425580382347,0.06408961862325668,,,,,,,,,,,,,,
5,,10999,,,,,,,,,,1.0769814252853394e-05,,6.263144314289093e-06,,0.21267789602279663,,0.2746930420398712,,0.14895732700824738,,0.059519555419683456,0.08795921504497528,,,,,,,,,,,,,,
5,,11009,,,,,,,,,,1.2451782822608948e-05,,5.791429430246353e-06,,0.22458595037460327,,0.26701784133911133,,0.13079285621643066,,0.054692719131708145,0.0807112604379654,,,,,,,,,,,,,,
5,,11019,,,,,,,,,,1.5264376997947693e-05,,5.966983735561371e-06,,0.1896008849143982,,0.2575957775115967,,0.13796156644821167,,0.05659247934818268,0.08262904733419418,,,,,,,,,,,,,,
5,,11029,,,,,,,,,,8.09505581855774e-06,,4.081986844539642e-06,,0.20069089531898499,,0.2595091462135315,,0.12430796772241592,,0.04347274452447891,0.07044585794210434,,,,,,,,,,,,,,
5,,11039,,,,,,,,,,1.732446253299713e-05,,1.0526273399591446e-05,,0.26635420322418213,,0.2541206181049347,,0.09946472942829132,,0.036019466817379,0.06071234866976738,,,,,,,,,,,,,,
5,,11049,,,,,,,,,,2.527981996536255e-05,,1.044105738401413e-05,,0.21776899695396423,,0.2442825585603714,,0.1219281554222107,,0.050337404012680054,0.0746355801820755,,,,,,,,,,,,,,
5,,11059,,,,,,,,,,1.117214560508728e-05,,5.38630411028862e-06,,0.20894905924797058,,0.2649437189102173,,0.12507185339927673,,0.04526066780090332,0.07228200137615204,,,,,,,,,,,,,,
5,,11069,,,,,,,,,,9.855255484580994e-06,,6.9676898419857025e-06,,0.19345174729824066,,0.2703741192817688,,0.1277979612350464,,0.04652789235115051,0.07381688803434372,,,,,,,,,,,,,,
5,,11079,,,,,,,,,,1.0039657354354858e-05,,6.397254765033722e-06,,0.21237999200820923,,0.26172685623168945,,0.10870976746082306,,0.038415588438510895,0.06396768987178802,,,,,,,,,,,,,,
5,,11089,,,,,,,,,,2.384185791015625e-05,,6.684102118015289e-06,,0.23435935378074646,,0.2386164665222168,,0.10610190033912659,,0.04190327227115631,0.06526908278465271,,,,,,,,,,,,,,
5,,11099,,,,,,,,,,2.5758519768714905e-05,,9.59029421210289e-06,,0.21040423214435577,,0.2693542242050171,,0.11263401806354523,,0.04572783410549164,0.07052367925643921,,,,,,,,,,,,,,
5,,11109,,,,,,,,,,2.043507993221283e-05,,1.3068318367004395e-05,,0.2192227691411972,,0.25779959559440613,,0.11889228224754333,,0.04437556862831116,0.07024455815553665,,,,,,,,,,,,,,
5,,11119,,,,,,,,,,1.360476016998291e-05,,1.1346302926540375e-05,,0.2535703778266907,,0.2515580356121063,,0.10299140214920044,,0.04012255370616913,0.06418182700872421,,,,,,,,,,,,,,
5,,11129,,,,,,,,,,2.409517765045166e-05,,8.489005267620087e-06,,0.19273138046264648,,0.25963711738586426,,0.12370593845844269,,0.05044027045369148,0.07547260075807571,,,,,,,,,,,,,,
5,,11139,,,,,,,,,,1.3826414942741394e-05,,7.370486855506897e-06,,0.22547738254070282,,0.2816646099090576,,0.12611247599124908,,0.04900345206260681,0.07626266777515411,,,,,,,,,,,,,,
5,,11149,,,,,,,,,,1.4431774616241455e-05,,1.748930662870407e-05,,0.20121851563453674,,0.26538437604904175,,0.12612608075141907,,0.04018756374716759,0.06860404461622238,,,,,,,,,,,,,,
5,,11159,,,,,,,,,,1.0851770639419556e-05,,7.027760148048401e-06,,0.20676010847091675,,0.27621200680732727,,0.1383850872516632,,0.05254829302430153,0.08074857294559479,,,,,,,,,,,,,,
5,,11169,,,,,,,,,,9.331852197647095e-06,,7.04033300280571e-06,,0.19815823435783386,,0.2711227834224701,,0.11547873914241791,,0.045956581830978394,0.07116814702749252,,,,,,,,,,,,,,
5,,11179,,,,,,,,,,1.1291354894638062e-05,,5.461275577545166e-06,,0.19112059473991394,,0.2840251922607422,,0.13057897984981537,,0.05309759080410004,0.07987965643405914,,,,,,,,,,,,,,
5,,11189,,,,,,,,,,6.705522537231445e-06,,5.963724106550217e-06,,0.24066393077373505,,0.2661726474761963,,0.1279587745666504,,0.04781615734100342,0.0751698911190033,,,,,,,,,,,,,,
5,,11199,,,,,,,,,,4.02890145778656e-05,,2.665724605321884e-05,,0.18764987587928772,,0.26855772733688354,,0.12138895690441132,,0.05014479160308838,0.07517515122890472,,,,,,,,,,,,,,
5,,11209,,,,,,,,,,1.1419877409934998e-05,,9.781215339899063e-06,,0.2231762856245041,,0.26173484325408936,,0.11969772726297379,,0.04925285652279854,0.07428530603647232,,,,,,,,,,,,,,
5,,11219,,,,,,,,,,9.36165452003479e-06,,7.311813533306122e-06,,0.23989206552505493,,0.256401002407074,,0.11691883206367493,,0.04664358124136925,0.07175254821777344,,,,,,,,,,,,,,
5,,11229,,,,,,,,,,1.3083219528198242e-05,,9.872950613498688e-06,,0.21684373915195465,,0.25888389348983765,,0.11666274070739746,,0.04897463321685791,0.07329949736595154,,,,,,,,,,,,,,
5,,11239,,,,,,,,,,1.1418014764785767e-05,,5.689449608325958e-06,,0.24442222714424133,,0.26249298453330994,,0.13107433915138245,,0.05112893134355545,0.07811091840267181,,,,,,,,,,,,,,
5,,11249,,,,,,,,,,1.0410323739051819e-05,,6.528105586767197e-06,,0.19578179717063904,,0.2710932493209839,,0.11211414635181427,,0.046070463955402374,0.07059332728385925,,,,,,,,,,,,,,
5,,11259,,,,,,,,,,1.2151896953582764e-05,,6.755348294973373e-06,,0.24394634366035461,,0.27808427810668945,,0.12677478790283203,,0.04998590052127838,0.07717251777648926,,,,,,,,,,,,,,
5,,11269,,,,,,,,,,9.344890713691711e-06,,4.654284566640854e-06,,0.1920330822467804,,0.24961671233177185,,0.12015651166439056,,0.04538600891828537,0.070537269115448,,,,,,,,,,,,,,
5,,11279,,,,,,,,,,8.419156074523926e-06,,3.0389055609703064e-06,,0.20251768827438354,,0.2591257393360138,,0.13147173821926117,,0.05147569999098778,0.07779650390148163,,,,,,,,,,,,,,
5,,11289,,,,,,,,,,6.67572021484375e-06,,2.77860090136528e-06,,0.1846787929534912,,0.28252658247947693,,0.12337793409824371,,0.04077743738889694,0.0691409707069397,,,,,,,,,,,,,,
5,,11299,,,,,,,,,,1.0345131158828735e-05,,6.2086619436740875e-06,,0.21194392442703247,,0.26503121852874756,,0.1347053349018097,,0.050737056881189346,0.07823622971773148,,,,,,,,,,,,,,
5,,11309,,,,,,,,,,5.383044481277466e-06,,3.6079436540603638e-06,,0.2271641343832016,,0.27043843269348145,,0.11816287040710449,,0.0453486442565918,0.07152337580919266,,,,,,,,,,,,,,
5,,11319,,,,,,,,,,9.911134839057922e-06,,6.857328116893768e-06,,0.22351674735546112,,0.27405405044555664,,0.1154322549700737,,0.052822791039943695,0.07674502581357956,,,,,,,,,,,,,,
5,,11329,,,,,,,,,,1.819618046283722e-05,,8.759554475545883e-06,,0.18881523609161377,,0.2710410952568054,,0.11603046953678131,,0.04593154788017273,0.07113951444625854,,,,,,,,,,,,,,
5,,11339,,,,,,,,,,1.523829996585846e-05,,8.707400411367416e-06,,0.2120121717453003,,0.261018842458725,,0.109932541847229,,0.03955409675836563,0.06501360982656479,,,,,,,,,,,,,,
5,,11349,,,,,,,,,,1.6955658793449402e-05,,1.2393109500408173e-05,,0.27050697803497314,,0.2533959746360779,,0.12775537371635437,,0.05164365470409393,0.07775384932756424,,,,,,,,,,,,,,
5,,11359,,,,,,,,,,1.1175870895385742e-05,,1.2502074241638184e-05,,0.24600686132907867,,0.24434442818164825,,0.12379275262355804,,0.04945911467075348,0.0746602863073349,,,,,,,,,,,,,,
5,,11369,,,,,,,,,,8.380040526390076e-06,,1.2225005775690079e-05,,0.19809818267822266,,0.2650774121284485,,0.12406951934099197,,0.05276757478713989,0.07760467380285263,,,,,,,,,,,,,,
5,,11379,,,,,,,,,,1.2421980500221252e-05,,7.702037692070007e-06,,0.20270849764347076,,0.26871272921562195,,0.1247437447309494,,0.05362545698881149,0.07859916239976883,,,,,,,,,,,,,,
5,,11389,,,,,,,,,,2.2798776626586914e-05,,7.60052353143692e-06,,0.19629620015621185,,0.2609902024269104,,0.11916076391935349,,0.05426517128944397,0.07759476453065872,,,,,,,,,,,,,,
5,,11399,,,,,,,,,,1.9449740648269653e-05,,5.309469997882843e-06,,0.19830001890659332,,0.2678178548812866,,0.12667536735534668,,0.05392727255821228,0.07909421622753143,,,,,,,,,,,,,,
5,,11409,,,,,,,,,,8.786097168922424e-06,,8.178874850273132e-06,,0.20841577649116516,,0.25441598892211914,,0.11077401787042618,,0.04617144912481308,0.06978390365839005,,,,,,,,,,,,,,
5,,11419,,,,,,,,,,1.3809651136398315e-05,,6.654765456914902e-06,,0.21402832865715027,,0.2583019435405731,,0.10372284799814224,,0.033973705023527145,0.0595589354634285,,,,,,,,,,,,,,
5,,11429,,,,,,,,,,1.280568540096283e-05,,4.922505468130112e-06,,0.21823006868362427,,0.2390899956226349,,0.12096556276082993,,0.04225556552410126,0.06815411150455475,,,,,,,,,,,,,,
5,,11439,,,,,,,,,,1.4891847968101501e-05,,5.741603672504425e-06,,0.2162090688943863,,0.2659503221511841,,0.11638392508029938,,0.044547803699970245,0.07025013864040375,,,,,,,,,,,,,,
5,,11449,,,,,,,,,,7.838010787963867e-06,,4.007481038570404e-06,,0.23273354768753052,,0.27575087547302246,,0.12360267341136932,,0.04925823211669922,0.07579086720943451,,,,,,,,,,,,,,
5,,11459,,,,,,,,,,9.12882387638092e-06,,5.900859832763672e-06,,0.2252526581287384,,0.24336238205432892,,0.09955062717199326,,0.035505786538124084,0.05935689061880112,,,,,,,,,,,,,,
5,,11469,,,,,,,,,,1.788884401321411e-05,,1.614214852452278e-05,,0.2349863350391388,,0.25823110342025757,,0.11841720342636108,,0.046941209584474564,0.07228517532348633,,,,,,,,,,,,,,
5,,11479,,,,,,,,,,1.1527910828590393e-05,,1.0701362043619156e-05,,0.22816628217697144,,0.2691267132759094,,0.1192837655544281,,0.04237862676382065,0.06945580989122391,,,,,,,,,,,,,,
5,,11489,,,,,,,,,,1.1663883924484253e-05,,9.2238187789917e-06,,0.2520434260368347,,0.26288729906082153,,0.1251288503408432,,0.04450356215238571,0.07213345915079117,,,,,,,,,,,,,,
5,,11499,,,,,,,,,,9.544193744659424e-06,,6.7176297307014465e-06,,0.17627087235450745,,0.27730637788772583,,0.13085150718688965,,0.056935593485832214,0.08232089132070541,,,,,,,,,,,,,,
5,,11509,,,,,,,,,,6.32554292678833e-06,,4.777219146490097e-06,,0.2088615596294403,,0.2592436373233795,,0.11891194432973862,,0.04998677223920822,0.07440389692783356,,,,,,,,,,,,,,
5,,11519,,,,,,,,,,6.3516199588775635e-06,,3.535766154527664e-06,,0.2099202275276184,,0.26492708921432495,,0.12176945805549622,,0.047179654240608215,0.0731128379702568,,,,,,,,,,,,,,
5,,11529,,,,,,,,,,7.120892405509949e-06,,5.43566420674324e-06,,0.17507031559944153,,0.2928909659385681,,0.1387118399143219,,0.05994304642081261,0.08676782250404358,,,,,,,,,,,,,,
5,,11539,,,,,,,,,,1.2446194887161255e-05,,7.63963907957077e-06,,0.23758059740066528,,0.2740960717201233,,0.11320088058710098,,0.05007327347993851,0.07443072646856308,,,,,,,,,,,,,,
5,,11549,,,,,,,,,,1.4670193195343018e-05,,7.088296115398407e-06,,0.22652766108512878,,0.25000324845314026,,0.13079391419887543,,0.052870117127895355,0.07856918126344681,,,,,,,,,,,,,,
5,,11559,,,,,,,,,,1.3016164302825928e-05,,9.566079825162888e-06,,0.23861441016197205,,0.2618423104286194,,0.11661069095134735,,0.0444699190557003,0.0703042671084404,,,,,,,,,,,,,,
5,,11569,,,,,,,,,,1.4310702681541443e-05,,8.435919880867004e-06,,0.2235243022441864,,0.2484666109085083,,0.10981826484203339,,0.03796311467885971,0.0633450597524643,,,,,,,,,,,,,,
5,,11579,,,,,,,,,,1.1859461665153503e-05,,7.321126759052277e-06,,0.2314576804637909,,0.2454339861869812,,0.11228840053081512,,0.04349055141210556,0.06790570914745331,,,,,,,,,,,,,,
5,,11589,,,,,,,,,,1.2829899787902832e-05,,5.953013896942139e-06,,0.21923001110553741,,0.25996899604797363,,0.10323148220777512,,0.03926470875740051,0.0635751336812973,,,,,,,,,,,,,,
5,,11599,,,,,,,,,,6.273388862609863e-06,,5.716923624277115e-06,,0.20042839646339417,,0.2583121955394745,,0.11814901232719421,,0.04601290449500084,0.07113716006278992,,,,,,,,,,,,,,
5,,11609,,,,,,,,,,9.551644325256348e-06,,4.702247679233551e-06,,0.2378743588924408,,0.26620543003082275,,0.11675767600536346,,0.04986459016799927,0.07457470893859863,,,,,,,,,,,,,,
5,,11619,,,,,,,,,,8.611008524894714e-06,,7.968861609697342e-06,,0.28012898564338684,,0.2466927319765091,,0.11019693315029144,,0.03606429323554039,0.0625719353556633,,,,,,,,,,,,,,
5,,11629,,,,,,,,,,1.5459954738616943e-05,,1.1335592716932297e-05,,0.1994086652994156,,0.25505343079566956,,0.1024903953075409,,0.03721311315894127,0.06143427640199661,,,,,,,,,,,,,,
5,,11639,,,,,,,,,,9.270384907722473e-06,,7.549300789833069e-06,,0.2039821743965149,,0.2704842686653137,,0.1088348925113678,,0.04407227784395218,0.06854688376188278,,,,,,,,,,,,,,
5,,11649,,,,,,,,,,1.1285766959190369e-05,,6.448943167924881e-06,,0.20301660895347595,,0.2668774724006653,,0.13136407732963562,,0.0452689528465271,0.07348943501710892,,,,,,,,,,,,,,
5,,11659,,,,,,,,,,1.1485069990158081e-05,,4.035420715808868e-06,,0.27497410774230957,,0.2567844092845917,,0.13243477046489716,,0.04866528883576393,0.0766083374619484,,,,,,,,,,,,,,
5,,11669,,,,,,,,,,1.3977289199829102e-05,,8.22264701128006e-06,,0.20443026721477509,,0.2622814178466797,,0.12503276765346527,,0.04420608654618263,0.0713057667016983,,,,,,,,,,,,,,
5,,11679,,,,,,,,,,3.898143768310547e-05,,6.314832717180252e-06,,0.22976088523864746,,0.2605898976325989,,0.12158787995576859,,0.049327123910188675,0.07471902668476105,,,,,,,,,,,,,,
5,,11689,,,,,,,,,,1.1706724762916565e-05,,6.256625056266785e-06,,0.2246401607990265,,0.27189987897872925,,0.11439528316259384,,0.04425395652651787,0.07003452628850937,,,,,,,,,,,,,,
5,,11699,,,,,,,,,,1.84718519449234e-05,,6.897840648889542e-06,,0.18936097621917725,,0.2541479468345642,,0.12878328561782837,,0.0506046786904335,0.07625128328800201,,,,,,,,,,,,,,
5,,11709,,,,,,,,,,1.4746561646461487e-05,,6.083399057388306e-06,,0.2032368779182434,,0.277233362197876,,0.12946119904518127,,0.0482708141207695,0.07587263733148575,,,,,,,,,,,,,,
5,,11719,,,,,,,,,,1.662410795688629e-05,,7.275491952896118e-06,,0.19656677544116974,,0.27283135056495667,,0.12688609957695007,,0.05106503143906593,0.07720129191875458,,,,,,,,,,,,,,
5,,11729,,,,,,,,,,1.6031786799430847e-05,,1.1929776519536972e-05,,0.25652626156806946,,0.2464667558670044,,0.11849511414766312,,0.04559985548257828,0.07099439948797226,,,,,,,,,,,,,,
5,,11739,,,,,,,,,,1.2861564755439758e-05,,9.786337614059448e-06,,0.20231814682483673,,0.2725026309490204,,0.12829619646072388,,0.05333781987428665,0.07922276109457016,,,,,,,,,,,,,,
5,,11749,,,,,,,,,,2.0800158381462097e-05,,1.2363307178020477e-05,,0.22183339297771454,,0.2512620985507965,,0.11663417518138885,,0.04259852319955826,0.06821202486753464,,,,,,,,,,,,,,
5,,11759,,,,,,,,,,2.251565456390381e-05,,9.203795343637466e-06,,0.21677640080451965,,0.24479065835475922,,0.12442266941070557,,0.04744942486286163,0.07294908910989761,,,,,,,,,,,,,,
5,,11769,,,,,,,,,,9.359791874885559e-06,,9.553972631692886e-06,,0.1918031871318817,,0.2610971927642822,,0.12112818658351898,,0.05489432066679001,0.07838807255029678,,,,,,,,,,,,,,
5,,11779,,,,,,,,,,1.887790858745575e-05,,1.3377983123064041e-05,,0.1914319097995758,,0.2665975093841553,,0.11161044239997864,,0.04405207931995392,0.06872294843196869,,,,,,,,,,,,,,
5,,11789,,,,,,,,,,2.5132670998573303e-05,,1.3525597751140594e-05,,0.18078014254570007,,0.2712949514389038,,0.10574959218502045,,0.036202967166900635,0.06183089315891266,,,,,,,,,,,,,,
5,,11799,,,,,,,,,,1.2490898370742798e-05,,8.765608072280884e-06,,0.2144823670387268,,0.26694563031196594,,0.11481054127216339,,0.04651705175638199,0.07145878672599792,,,,,,,,,,,,,,
5,,11809,,,,,,,,,,1.0155141353607178e-05,,1.0699965059757233e-05,,0.20382022857666016,,0.2565799951553345,,0.12254495918750763,,0.053958915174007416,0.07788112759590149,,,,,,,,,,,,,,
5,,11819,,,,,,,,,,8.257105946540833e-06,,7.428694516420364e-06,,0.23644064366817474,,0.2529850900173187,,0.12099513411521912,,0.039129503071308136,0.06667949259281158,,,,,,,,,,,,,,
5,,11829,,,,,,,,,,7.810071110725403e-06,,1.134723424911499e-05,,0.2221936285495758,,0.2545071840286255,,0.1281903237104416,,0.042128678411245346,0.07018321752548218,,,,,,,,,,,,,,
5,,11839,,,,,,,,,,1.2306496500968933e-05,,4.888512194156647e-06,,0.21282081305980682,,0.25506094098091125,,0.11459092050790787,,0.04298311471939087,0.06818977743387222,,,,,,,,,,,,,,
5,,11849,,,,,,,,,,1.2490898370742798e-05,,9.18656587600708e-06,,0.19218499958515167,,0.2621866464614868,,0.12490689754486084,,0.051652975380420685,0.0767207145690918,,,,,,,,,,,,,,
5,,11859,,,,,,,,,,1.1915341019630432e-05,,5.45009970664978e-06,,0.22066357731819153,,0.2546789050102234,,0.11228089034557343,,0.04169853404164314,0.06686689704656601,,,,,,,,,,,,,,
5,,11869,,,,,,,,,,1.1583790183067322e-05,,7.200054824352264e-06,,0.18933039903640747,,0.27230334281921387,,0.13925176858901978,,0.054434098303318024,0.0819382518529892,,,,,,,,,,,,,,
5,,11879,,,,,,,,,,1.1693686246871948e-05,,6.227288395166397e-06,,0.18751110136508942,,0.2629450261592865,,0.12226704508066177,,0.05110180005431175,0.07579290121793747,,,,,,,,,,,,,,
5,,11889,,,,,,,,,,1.004338264465332e-05,,1.4116521924734116e-05,,0.2026926428079605,,0.27503105998039246,,0.13187038898468018,,0.04152500256896019,0.07115425914525986,,,,,,,,,,,,,,
5,,11899,,,,,,,,,,8.333474397659302e-06,,5.84777444601059e-06,,0.168924018740654,,0.27819597721099854,,0.1081155464053154,,0.04704752936959267,0.07059457898139954,,,,,,,,,,,,,,
5,,11909,,,,,,,,,,1.0285526514053345e-05,,4.946254193782806e-06,,0.20137320458889008,,0.25682348012924194,,0.11956574022769928,,0.04219429939985275,0.06847948580980301,,,,,,,,,,,,,,
5,,11919,,,,,,,,,,1.9166618585586548e-05,,1.273350790143013e-05,,0.1948366016149521,,0.25940847396850586,,0.1212841123342514,,0.04712561145424843,0.07254575937986374,,,,,,,,,,,,,,
5,,11929,,,,,,,,,,1.2353062629699707e-05,,9.665265679359436e-06,,0.2298213243484497,,0.2641727030277252,,0.10997871309518814,,0.040936119854450226,0.06641566008329391,,,,,,,,,,,,,,
5,,11939,,,,,,,,,,1.0656192898750305e-05,,9.956303983926773e-06,,0.25426021218299866,,0.26396602392196655,,0.13357576727867126,,0.049729086458683014,0.07771430164575577,,,,,,,,,,,,,,
5,,11949,,,,,,,,,,8.927658200263977e-06,,9.181909263134003e-06,,0.19796869158744812,,0.2597774863243103,,0.11869806051254272,,0.03913182020187378,0.06611794233322144,,,,,,,,,,,,,,
5,,11959,,,,,,,,,,1.0982155799865723e-05,,1.6318168491125107e-05,,0.25097981095314026,,0.2451936900615692,,0.11675974726676941,,0.045899733901023865,0.07076921314001083,,,,,,,,,,,,,,
5,,11969,,,,,,,,,,2.104043960571289e-05,,1.317216083407402e-05,,0.21912720799446106,,0.2608641982078552,,0.11655072867870331,,0.0403703898191452,0.06694336235523224,,,,,,,,,,,,,,
5,,11979,,,,,,,,,,3.079138696193695e-05,,3.9872247725725174e-05,,0.20882299542427063,,0.27203303575515747,,0.1250891089439392,,0.050513848662376404,0.07655712217092514,,,,,,,,,,,,,,
5,,11989,,,,,,,,,,2.6961788535118103e-05,,2.2694002836942673e-05,,0.16725753247737885,,0.2656794786453247,,0.12458422034978867,,0.04884832352399826,0.07442782074213028,,,,,,,,,,,,,,
5,,11999,,,,,,,,,,1.3496726751327515e-05,,1.4250166714191437e-05,,0.1802108883857727,,0.2910880446434021,,0.1318800449371338,,0.053856994956731796,0.08089666068553925,,,,,,,,,,,,,,
5,,12009,,,,,,,,,,1.4819204807281494e-05,,1.0157003998756409e-05,,0.18740856647491455,,0.2659774422645569,,0.12010722607374191,,0.04378918930888176,0.07004302740097046,,,,,,,,,,,,,,
5,,12019,,,,,,,,,,1.0844320058822632e-05,,9.284354746341705e-06,,0.2314031571149826,,0.2661937475204468,,0.11552126705646515,,0.04684991016983986,0.07200487703084946,,,,,,,,,,,,,,
5,,12029,,,,,,,,,,1.4116987586021423e-05,,9.003560990095139e-06,,0.17555123567581177,,0.26240068674087524,,0.13219153881072998,,0.05195486173033714,0.07812844216823578,,,,,,,,,,,,,,
5,,12039,,,,,,,,,,1.1753290891647339e-05,,1.1933967471122742e-05,,0.24813294410705566,,0.25433090329170227,,0.1214456856250763,,0.0561409518122673,0.07972585409879684,,,,,,,,,,,,,,
5,,12049,,,,,,,,,,5.7872384786605835e-06,,1.7713289707899094e-05,,0.20794856548309326,,0.26354652643203735,,0.12377054244279861,,0.049541112035512924,0.07517185807228088,,,,,,,,,,,,,,
5,,12059,,,,,,,,,,1.1101365089416504e-05,,8.215662091970444e-06,,0.226372629404068,,0.2557896375656128,,0.10897012054920197,,0.038488127291202545,0.06395658105611801,,,,,,,,,,,,,,
5,,12069,,,,,,,,,,7.359310984611511e-06,,7.320195436477661e-06,,0.22184067964553833,,0.2633982300758362,,0.11927860975265503,,0.04015173763036728,0.06744152307510376,,,,,,,,,,,,,,
5,,12079,,,,,,,,,,9.998679161071777e-06,,7.920898497104645e-06,,0.18678197264671326,,0.26860055327415466,,0.1184968501329422,,0.04431501775979996,0.07025110721588135,,,,,,,,,,,,,,
5,,12089,,,,,,,,,,1.7875805497169495e-05,,1.1256430298089981e-05,,0.21234449744224548,,0.2717658281326294,,0.13322407007217407,,0.04572093486785889,0.07451588660478592,,,,,,,,,,,,,,
5,,12099,,,,,,,,,,9.553506970405579e-06,,6.557907909154892e-06,,0.24546390771865845,,0.25873345136642456,,0.11264286935329437,,0.0416409932076931,0.06737241894006729,,,,,,,,,,,,,,
5,,12109,,,,,,,,,,5.48921525478363e-06,,4.8121437430381775e-06,,0.2298111468553543,,0.2552562952041626,,0.10427005589008331,,0.04215219244360924,0.06583911925554276,,,,,,,,,,,,,,
5,,12113,,,,,,,,,,,,,,,,,,,,,,0.9776201248168945,1.0,1.0,0.9489991068840027,0.9077197909355164,0.961563766002655,0.9863407611846924,0.06917653232812881,7.152557373046875e-07,6.556510925292969e-07,0.2101195752620697,0.26259592175483704,0.1181287094950676,0.042985331267118454
5,,12113,0.9762724041938782,1.0,1.0,0.948940634727478,0.9075391292572021,0.9596640467643738,0.9850316643714905,0.07246717065572739,1.3973627574159764e-05,,9.408818186784629e-06,,0.21103185415267944,,0.2640097737312317,,0.12170393764972687,,0.04637524485588074,,,,,,,,,,,,,,,,
,0.000238167787843871,12114,,,,,,,,,,,,,,,,,,,,,,,,,,,,,,,,,,,
6,,12119,,,,,,,,,,4.630535840988159e-06,,7.548835128545761e-06,,0.19642028212547302,,0.26217204332351685,,0.11245130002498627,,0.040830716490745544,0.06631498783826828,,,,,,,,,,,,,,
6,,12129,,,,,,,,,,5.668029189109802e-06,,5.795154720544815e-06,,0.21171197295188904,,0.2748490571975708,,0.12230635434389114,,0.05222579091787338,0.07748527079820633,,,,,,,,,,,,,,
6,,12139,,,,,,,,,,9.506940841674805e-06,,6.71902671456337e-06,,0.18050570785999298,,0.2651187777519226,,0.11242366582155228,,0.046485040336847305,0.07050320506095886,,,,,,,,,,,,,,
6,,12149,,,,,,,,,,1.3455748558044434e-05,,1.3919081538915634e-05,,0.2021147459745407,,0.26382166147232056,,0.11353509873151779,,0.04240253567695618,0.06784152239561081,,,,,,,,,,,,,,
6,,12159,,,,,,,,,,2.207234501838684e-05,,1.1180061846971512e-05,,0.20805223286151886,,0.25456544756889343,,0.10801081359386444,,0.03587204962968826,0.06154200807213783,,,,,,,,,,,,,,
6,,12169,,,,,,,,,,2.5780871510505676e-05,,8.23894515633583e-06,,0.2376200556755066,,0.2523488700389862,,0.10663323104381561,,0.036644741892814636,0.06210595741868019,,,,,,,,,,,,,,
6,,12179,,,,,,,,,,1.4260411262512207e-05,,7.492024451494217e-06,,0.21321025490760803,,0.26553499698638916,,0.12639692425727844,,0.0543626993894577,0.07943638414144516,,,,,,,,,,,,,,
6,,12189,,,,,,,,,,9.393319487571716e-06,,1.1426396667957306e-05,,0.2051844298839569,,0.2676929533481598,,0.11947114020586014,,0.048720479011535645,0.07391189783811569,,,,,,,,,,,,,,
6,,12199,,,,,,,,,,1.3591721653938293e-05,,9.228009730577469e-06,,0.23155523836612701,,0.252500057220459,,0.11258364468812943,,0.04160905256867409,0.06688206642866135,,,,,,,,,,,,,,
6,,12209,,,,,,,,,,2.1783635020256042e-05,,9.301118552684784e-06,,0.24644291400909424,,0.2604438364505768,,0.12085521221160889,,0.05237404257059097,0.07705605030059814,,,,,,,,,,,,,,
6,,12219,,,,,,,,,,1.5875324606895447e-05,,1.1811498552560806e-05,,0.17706912755966187,,0.25426292419433594,,0.11838889867067337,,0.03859235346317291,0.06515174359083176,,,,,,,,,,,,,,
6,,12229,,,,,,,,,,1.9468367099761963e-05,,2.1876301616430283e-05,,0.19101566076278687,,0.2844894528388977,,0.13046351075172424,,0.05535055324435234,0.08156872540712357,,,,,,,,,,,,,,
6,,12239,,,,,,,,,,1.822039484977722e-05,,9.867362678050995e-06,,0.15864700078964233,,0.26841551065444946,,0.12112079560756683,,0.0460515171289444,0.07170745730400085,,,,,,,,,,,,,,
6,,12249,,,,,,,,,,1.3984739780426025e-05,,9.678304195404053e-06,,0.22307318449020386,,0.25884395837783813,,0.12665832042694092,,0.043289653956890106,0.0709804967045784,,,,,,,,,,,,,,
6,,12259,,,,,,,,,,1.4252960681915283e-05,,1.1457595974206924e-05,,0.17745144665241241,,0.2693880498409271,,0.13436970114707947,,0.052445635199546814,0.07925501465797424,,,,,,,,,,,,,,
6,,12269,,,,,,,,,,1.035258173942566e-05,,1.2001022696495056e-05,,0.23590007424354553,,0.27208876609802246,,0.1076451912522316,,0.03889603912830353,0.06489000469446182,,,,,,,,,,,,,,
6,,12279,,,,,,,,,,1.387670636177063e-05,,9.100884199142456e-06,,0.20531968772411346,,0.26713961362838745,,0.13135462999343872,,0.05458178371191025,0.08051328361034393,,,,,,,,,,,,,,
6,,12289,,,,,,,,,,2.0794570446014404e-05,,1.3974960893392563e-05,,0.19885744154453278,,0.2637680172920227,,0.11344166100025177,,0.046199698001146317,0.07063187658786774,,,,,,,,,,,,,,
6,,12299,,,,,,,,,,1.2116506695747375e-05,,6.5909698605537415e-06,,0.19573284685611725,,0.2807675004005432,,0.12963448464870453,,0.05456782877445221,0.08070679008960724,,,,,,,,,,,,,,
6,,12309,,,,,,,,,,1.4377757906913757e-05,,6.99702650308609e-06,,0.23385827243328094,,0.24964047968387604,,0.10732261091470718,,0.03942185267806053,0.06414749473333359,,,,,,,,,,,,,,
6,,12319,,,,,,,,,,1.1801719665527344e-05,,6.638932973146439e-06,,0.21639059484004974,,0.27742716670036316,,0.1275365799665451,,0.041824597865343094,0.07083909958600998,,,,,,,,,,,,,,
6,,12329,,,,,,,,,,1.2021511793136597e-05,,8.301809430122375e-06,,0.20078960061073303,,0.2841711640357971,,0.11411266773939133,,0.04716785252094269,0.0724632665514946,,,,,,,,,,,,,,
6,,12339,,,,,,,,,,1.0214745998382568e-05,,7.34720379114151e-06,,0.23535454273223877,,0.26910722255706787,,0.11014215648174286,,0.044873520731925964,0.06969629973173141,,,,,,,,,,,,,,
6,,12349,,,,,,,,,,8.841976523399353e-06,,7.382594048976898e-06,,0.20302578806877136,,0.26045262813568115,,0.12979745864868164,,0.04716378450393677,0.07431595772504807,,,,,,,,,,,,,,
6,,12359,,,,,,,,,,8.756294846534729e-06,,8.264556527137756e-06,,0.20445916056632996,,0.2767519950866699,,0.1249462440609932,,0.05230104178190231,0.07804104685783386,,,,,,,,,,,,,,
6,,12369,,,,,,,,,,9.540468454360962e-06,,1.0068994015455246e-05,,0.21905428171157837,,0.26003170013427734,,0.10362095385789871,,0.04178120568394661,0.06553690135478973,,,,,,,,,,,,,,
6,,12379,,,,,,,,,,8.819624781608582e-06,,9.090639650821686e-06,,0.22326330840587616,,0.26996830105781555,,0.10773621499538422,,0.03716951608657837,0.06336431205272675,,,,,,,,,,,,,,
6,,12389,,,,,,,,,,9.035691618919373e-06,,8.169561624526978e-06,,0.18887266516685486,,0.2767854928970337,,0.12098492681980133,,0.044148363173007965,0.07100098580121994,,,,,,,,,,,,,,
6,,12399,,,,,,,,,,1.1961907148361206e-05,,1.93803571164608e-05,,0.18829278647899628,,0.2611377239227295,,0.12137997150421143,,0.043874360620975494,0.07012908905744553,,,,,,,,,,,,,,
6,,12409,,,,,,,,,,1.0823830962181091e-05,,1.6701873391866684e-05,,0.18854442238807678,,0.2642323672771454,,0.1166781634092331,,0.044089965522289276,0.0695570707321167,,,,,,,,,,,,,,
6,,12419,,,,,,,,,,8.398666977882385e-06,,1.5603844076395035e-05,,0.2348996102809906,,0.27510330080986023,,0.12315534055233002,,0.0451527014374733,0.0726221352815628,,,,,,,,,,,,,,
6,,12429,,,,,,,,,,9.661540389060974e-06,,1.3821292668581009e-05,,0.24670588970184326,,0.2445141077041626,,0.11050529032945633,,0.041009631007909775,0.06584577262401581,,,,,,,,,,,,,,
6,,12439,,,,,,,,,,7.845461368560791e-06,,1.2456905096769333e-05,,0.19444093108177185,,0.2633892595767975,,0.09945792704820633,,0.03952915966510773,0.06293561309576035,,,,,,,,,,,,,,
6,,12449,,,,,,,,,,9.037554264068604e-06,,1.2970063835382462e-05,,0.19149979948997498,,0.27050215005874634,,0.11425729095935822,,0.050876401364803314,0.0745227113366127,,,,,,,,,,,,,,
6,,12459,,,,,,,,,,8.13417136669159e-06,,1.0745599865913391e-05,,0.2424742430448532,,0.259218692779541,,0.11551588028669357,,0.04206662252545357,0.06821826100349426,,,,,,,,,,,,,,
6,,12469,,,,,,,,,,6.705522537231445e-06,,1.1822674423456192e-05,,0.21548496186733246,,0.2573816180229187,,0.11599721014499664,,0.04080704227089882,0.0669611245393753,,,,,,,,,,,,,,
6,,12479,,,,,,,,,,9.845942258834839e-06,,6.757676601409912e-06,,0.22146359086036682,,0.27219250798225403,,0.1395401507616043,,0.056185513734817505,0.08367767184972763,,,,,,,,,,,,,,
6,,12489,,,,,,,,,,7.206574082374573e-06,,7.02589750289917e-06,,0.19367757439613342,,0.2784643769264221,,0.11850158870220184,,0.05347420647740364,0.07766636461019516,,,,,,,,,,,,,,
6,,12499,,,,,,,,,,6.940215826034546e-06,,9.098555892705917e-06,,0.2383400797843933,,0.2503792941570282,,0.11344762146472931,,0.03996845334768295,0.06579343974590302,,,,,,,,,,,,,,
6,,12509,,,,,,,,,,1.2429431080818176e-05,,6.387010216712952e-06,,0.18057852983474731,,0.28491586446762085,,0.11942016333341599,,0.04761093109846115,0.07358906418085098,,,,,,,,,,,,,,
6,,12519,,,,,,,,,,6.4820051193237305e-06,,3.851484507322311e-06,,0.18606926500797272,,0.26829060912132263,,0.12717205286026,,0.04791923239827156,0.07455902546644211,,,,,,,,,,,,,,
6,,12529,,,,,,,,,,9.777024388313293e-06,,6.051268428564072e-06,,0.20874947309494019,,0.25838756561279297,,0.11975036561489105,,0.04231487959623337,0.06876436620950699,,,,,,,,,,,,,,
6,,12539,,,,,,,,,,7.1302056312561035e-06,,3.4281983971595764e-06,,0.23409216105937958,,0.23581477999687195,,0.10837063193321228,,0.03674110770225525,0.06168748438358307,,,,,,,,,,,,,,
6,,12549,,,,,,,,,,5.207955837249756e-06,,4.957430064678192e-06,,0.2055169939994812,,0.2649681568145752,,0.11221489310264587,,0.0401601567864418,0.06600533425807953,,,,,,,,,,,,,,
6,,12559,,,,,,,,,,2.0077452063560486e-05,,8.751638233661652e-06,,0.20432469248771667,,0.2570311725139618,,0.11496958136558533,,0.043363139033317566,0.06853869557380676,,,,,,,,,,,,,,
6,,12569,,,,,,,,,,1.0602176189422607e-05,,6.839632987976074e-06,,0.16435235738754272,,0.26656246185302734,,0.1216515302658081,,0.043336618691682816,0.06975030899047852,,,,,,,,,,,,,,
6,,12579,,,,,,,,,,1.531839370727539e-05,,6.587710231542587e-06,,0.20067057013511658,,0.2686138153076172,,0.11065709590911865,,0.03835819661617279,0.06447550654411316,,,,,,,,,,,,,,
6,,12589,,,,,,,,,,1.3628974556922913e-05,,1.8508639186620712e-05,,0.19442664086818695,,0.2751014232635498,,0.1275315284729004,,0.04908286780118942,0.07591672986745834,,,,,,,,,,,,,,
6,,12599,,,,,,,,,,8.380040526390076e-06,,6.574671715497971e-06,,0.15982231497764587,,0.27271807193756104,,0.12444578111171722,,0.04658303037285805,0.07294527441263199,,,,,,,,,,,,,,
6,,12609,,,,,,,,,,7.0463865995407104e-06,,6.985384970903397e-06,,0.1513766348361969,,0.2655664086341858,,0.11796380579471588,,0.04400023818016052,0.0693577229976654,,,,,,,,,,,,,,
6,,12619,,,,,,,,,,1.2964010238647461e-05,,7.6107680797576904e-06,,0.21796737611293793,,0.26451006531715393,,0.13137932121753693,,0.049855560064315796,0.07699733972549438,,,,,,,,,,,,,,
6,,12629,,,,,,,,,,1.8926337361335754e-05,,1.0599382221698761e-05,,0.19691689312458038,,0.26394498348236084,,0.1005735844373703,,0.043968722224235535,0.06653041392564774,,,,,,,,,,,,,,
6,,12639,,,,,,,,,,2.0680949091911316e-05,,1.1808238923549652e-05,,0.23301967978477478,,0.26217982172966003,,0.11876291781663895,,0.04282759502530098,0.06942611932754517,,,,,,,,,,,,,,
6,,12649,,,,,,,,,,1.6566365957260132e-05,,9.428709745407104e-06,,0.2037043571472168,,0.2763718068599701,,0.11825381219387054,,0.046422507613897324,0.07234926521778107,,,,,,,,,,,,,,
6,,12659,,,,,,,,,,9.892508387565613e-06,,5.7872384786605835e-06,,0.22188368439674377,,0.2618165910243988,,0.11410932242870331,,0.03933027759194374,0.06578214466571808,,,,,,,,,,,,,,
6,,12669,,,,,,,,,,1.2276694178581238e-05,,5.954410880804062e-06,,0.2277548611164093,,0.2637854814529419,,0.1034155935049057,,0.03651561960577965,0.06182621046900749,,,,,,,,,,,,,,
6,,12679,,,,,,,,,,2.880208194255829e-05,,5.891546607017517e-06,,0.23979893326759338,,0.2454618364572525,,0.11964353173971176,,0.046810828149318695,0.07187503576278687,,,,,,,,,,,,,,
6,,12689,,,,,,,,,,6.059184670448303e-06,,3.8030557334423065e-06,,0.19559043645858765,,0.27615445852279663,,0.11463892459869385,,0.03772618621587753,0.06504214555025101,,,,,,,,,,,,,,
6,,12699,,,,,,,,,,7.586553692817688e-06,,7.295981049537659e-06,,0.22339703142642975,,0.2658461034297943,,0.12169469892978668,,0.04444244131445885,0.07124648243188858,,,,,,,,,,,,,,
6,,12709,,,,,,,,,,8.048489689826965e-06,,5.338340997695923e-06,,0.2154114842414856,,0.2724318504333496,,0.12141452729701996,,0.045616913586854935,0.07229017466306686,,,,,,,,,,,,,,
6,,12719,,,,,,,,,,7.249414920806885e-06,,5.085952579975128e-06,,0.19697609543800354,,0.28017231822013855,,0.12875181436538696,,0.04905384033918381,0.07639140635728836,,,,,,,,,,,,,,
6,,12729,,,,,,,,,,1.082196831703186e-05,,1.1062249541282654e-05,,0.28320205211639404,,0.25242486596107483,,0.1232355460524559,,0.04168058931827545,0.06953531503677368,,,,,,,,,,,,,,
6,,12739,,,,,,,,,,1.3712793588638306e-05,,4.137866199016571e-06,,0.19404162466526031,,0.2663886547088623,,0.12945140898227692,,0.04681772366166115,0.07416445761919022,,,,,,,,,,,,,,
6,,12749,,,,,,,,,,6.604939699172974e-06,,7.436145097017288e-06,,0.22762276232242584,,0.25445249676704407,,0.12321595847606659,,0.041795432567596436,0.06906136870384216,,,,,,,,,,,,,,
6,,12759,,,,,,,,,,4.004687070846558e-06,,4.425644874572754e-06,,0.20569127798080444,,0.2565036416053772,,0.11522763222455978,,0.039933644235134125,0.06600560247898102,,,,,,,,,,,,,,
6,,12769,,,,,,,,,,5.109235644340515e-06,,5.288515239953995e-06,,0.23871229588985443,,0.267782986164093,,0.11859561502933502,,0.043543051928281784,0.07026087492704391,,,,,,,,,,,,,,
6,,12779,,,,,,,,,,6.852671504020691e-06,,7.688533514738083e-06,,0.258553147315979,,0.24744927883148193,,0.10956747829914093,,0.037920497357845306,0.06362894177436829,,,,,,,,,,,,,,
6,,12789,,,,,,,,,,6.038695573806763e-06,,9.492505341768265e-06,,0.19630305469036102,,0.24964497983455658,,0.12320718914270401,,0.046716444194316864,0.07215886563062668,,,,,,,,,,,,,,
6,,12799,,,,,,,,,,8.448958396911621e-06,,5.384907126426697e-06,,0.16716381907463074,,0.2620551586151123,,0.1268649697303772,,0.049033649265766144,0.07482349872589111,,,,,,,,,,,,,,
6,,12809,,,,,,,,,,5.271285772323608e-06,,4.339031875133514e-06,,0.16900703310966492,,0.267561674118042,,0.12762610614299774,,0.04925461858510971,0.07541179656982422,,,,,,,,,,,,,,
6,,12819,,,,,,,,,,7.92182981967926e-06,,4.013068974018097e-06,,0.18927857279777527,,0.25466078519821167,,0.11513528227806091,,0.042391352355480194,0.06755322217941284,,,,,,,,,,,,,,
6,,12829,,,,,,,,,,4.3101608753204346e-06,,4.969071596860886e-06,,0.2140699028968811,,0.2678931951522827,,0.12326635420322418,,0.04289564862847328,0.07036750018596649,,,,,,,,,,,,,,
6,,12839,,,,,,,,,,3.3583492040634155e-06,,3.136228770017624e-06,,0.23445209860801697,,0.25701552629470825,,0.11747567355632782,,0.041635990142822266,0.06806540489196777,,,,,,,,,,,,,,
6,,12849,,,,,,,,,,6.424263119697571e-06,,2.6901252567768097e-06,,0.2248745858669281,,0.27601319551467896,,0.12023825198411942,,0.04438164085149765,0.07142172008752823,,,,,,,,,,,,,,
6,,12859,,,,,,,,,,4.297122359275818e-06,,4.1085295379161835e-06,,0.2507549226284027,,0.2690221071243286,,0.11607401818037033,,0.048762403428554535,0.0739026889204979,,,,,,,,,,,,,,
6,,12869,,,,,,,,,,4.151836037635803e-06,,8.10297206044197e-06,,0.20724394917488098,,0.2551896572113037,,0.11865321546792984,,0.04646963253617287,0.07150784134864807,,,,,,,,,,,,,,
6,,12879,,,,,,,,,,5.459412932395935e-06,,1.2695789337158203e-05,,0.2362968921661377,,0.2717479467391968,,0.12635043263435364,,0.04425753653049469,0.07240886986255646,,,,,,,,,,,,,,
6,,12889,,,,,,,,,,5.891546607017517e-06,,1.3424549251794815e-05,,0.1760256141424179,,0.26977765560150146,,0.11108098924160004,,0.041654303669929504,0.06679339706897736,,,,,,,,,,,,,,
6,,12899,,,,,,,,,,5.841255187988281e-06,,2.389354631304741e-05,,0.20011824369430542,,0.25734126567840576,,0.12447617948055267,,0.04336872696876526,0.07029107213020325,,,,,,,,,,,,,,
6,,12909,,,,,,,,,,3.7495046854019165e-06,,4.990492016077042e-06,,0.193638414144516,,0.2638569474220276,,0.10796838998794556,,0.04296455904841423,0.06712139397859573,,,,,,,,,,,,,,
6,,12919,,,,,,,,,,6.0461461544036865e-06,,7.078051567077637e-06,,0.22398020327091217,,0.27050894498825073,,0.11475231498479843,,0.045007988810539246,0.0705941841006279,,,,,,,,,,,,,,
6,,12929,,,,,,,,,,6.206333637237549e-06,,5.05056232213974e-06,,0.2337975949048996,,0.266384482383728,,0.11548881232738495,,0.041208572685718536,0.06780374050140381,,,,,,,,,,,,,,
6,,12939,,,,,,,,,,5.7425349950790405e-06,,3.7583522498607635e-06,,0.19669866561889648,,0.26253533363342285,,0.12188581377267838,,0.04396349936723709,0.07045483589172363,,,,,,,,,,,,,,
6,,12949,,,,,,,,,,5.217269062995911e-06,,3.846827894449234e-06,,0.1774926483631134,,0.2618994414806366,,0.12021271884441376,,0.04410753399133682,0.06999416649341583,,,,,,,,,,,,,,
6,,12959,,,,,,,,,,3.723427653312683e-06,,4.847534000873566e-06,,0.271002858877182,,0.25408288836479187,,0.09901721030473709,,0.03422367572784424,0.059333935379981995,,,,,,,,,,,,,,
6,,12969,,,,,,,,,,4.325062036514282e-06,,5.797017365694046e-06,,0.23799535632133484,,0.2560316026210785,,0.1185111254453659,,0.05076543986797333,0.075103759765625,,,,,,,,,,,,,,
6,,12979,,,,,,,,,,5.278736352920532e-06,,1.0387971997261047e-05,,0.20234516263008118,,0.25868701934814453,,0.1019701212644577,,0.039275575429201126,0.06308870017528534,,,,,,,,,,,,,,
6,,12989,,,,,,,,,,6.146728992462158e-06,,1.0483898222446442e-05,,0.22108325362205505,,0.2585659623146057,,0.1266723871231079,,0.04780302569270134,0.07433262467384338,,,,,,,,,,,,,,
6,,12999,,,,,,,,,,7.770955562591553e-06,,9.770505130290985e-06,,0.19618281722068787,,0.28296545147895813,,0.12150721997022629,,0.047332849353551865,0.07386332750320435,,,,,,,,,,,,,,
6,,13009,,,,,,,,,,6.690621376037598e-06,,9.56747680902481e-06,,0.22023984789848328,,0.2652554512023926,,0.1217743381857872,,0.04650256782770157,0.07274219393730164,,,,,,,,,,,,,,
6,,13019,,,,,,,,,,1.0775402188301086e-05,,5.9800222516059875e-06,,0.2653956413269043,,0.2627686858177185,,0.1285870522260666,,0.04789339005947113,0.07547595351934433,,,,,,,,,,,,,,
6,,13029,,,,,,,,,,6.137415766716003e-06,,1.3191718608140945e-05,,0.156800776720047,,0.28185224533081055,,0.12258855998516083,,0.04797930270433426,0.07403728365898132,,,,,,,,,,,,,,
6,,13039,,,,,,,,,,7.68713653087616e-06,,8.649658411741257e-06,,0.28285378217697144,,0.2573888599872589,,0.11751650273799896,,0.04924603924155235,0.07436686009168625,,,,,,,,,,,,,,
6,,13049,,,,,,,,,,8.726492524147034e-06,,1.2328382581472397e-05,,0.2122131586074829,,0.2565383017063141,,0.10046514868736267,,0.03898831084370613,0.06260588765144348,,,,,,,,,,,,,,
6,,13059,,,,,,,,,,6.6366046667099e-06,,1.1958181858062744e-05,,0.20514357089996338,,0.2551140785217285,,0.12429708242416382,,0.04887262359261513,0.07434085756540298,,,,,,,,,,,,,,
6,,13069,,,,,,,,,,1.677684485912323e-05,,2.033216878771782e-05,,0.21560999751091003,,0.2546398639678955,,0.10896515846252441,,0.0424983948469162,0.06678406894207001,,,,,,,,,,,,,,
6,,13079,,,,,,,,,,1.2505799531936646e-05,,1.1967029422521591e-05,,0.2095087468624115,,0.2484266608953476,,0.11168061196804047,,0.03977062553167343,0.06488414853811264,,,,,,,,,,,,,,
6,,13089,,,,,,,,,,7.94045627117157e-06,,6.9015659391880035e-06,,0.16144807636737823,,0.2840232253074646,,0.11998596787452698,,0.04787275940179825,0.07362549751996994,,,,,,,,,,,,,,
6,,13099,,,,,,,,,,5.064532160758972e-06,,8.396338671445847e-06,,0.18511871993541718,,0.2735360264778137,,0.11903255432844162,,0.043362848460674286,0.06984918564558029,,,,,,,,,,,,,,
6,,13109,,,,,,,,,,6.970018148422241e-06,,4.848930984735489e-06,,0.17284166812896729,,0.27108705043792725,,0.11854110658168793,,0.050603270530700684,0.07492991536855698,,,,,,,,,,,,,,
6,,13119,,,,,,,,,,3.2652169466018677e-06,,3.366265445947647e-06,,0.1823183298110962,,0.28473684191703796,,0.12752965092658997,,0.05140477418899536,0.07796802371740341,,,,,,,,,,,,,,
6,,13129,,,,,,,,,,5.044043064117432e-06,,5.2228569984436035e-06,,0.18138635158538818,,0.2722344398498535,,0.11884251236915588,,0.04205840453505516,0.0687301829457283,,,,,,,,,,,,,,
6,,13139,,,,,,,,,,7.39656388759613e-06,,7.547903805971146e-06,,0.22721785306930542,,0.2693610191345215,,0.12851986289024353,,0.05245672166347504,0.07874827831983566,,,,,,,,,,,,,,
6,,13149,,,,,,,,,,1.0214745998382568e-05,,1.0643620043992996e-05,,0.24386510252952576,,0.2641236186027527,,0.11490318924188614,,0.044384438544511795,0.07008841633796692,,,,,,,,,,,,,,
6,,13159,,,,,,,,,,7.690861821174622e-06,,1.040380448102951e-05,,0.226629376411438,,0.25016072392463684,,0.11438225954771042,,0.04131833463907242,0.06683387607336044,,,,,,,,,,,,,,
6,,13169,,,,,,,,,,1.1403113603591919e-05,,1.1280644685029984e-05,,0.15825608372688293,,0.2644002437591553,,0.1340014934539795,,0.043827544897794724,0.07226195186376572,,,,,,,,,,,,,,
6,,13179,,,,,,,,,,6.319954991340637e-06,,1.017516478896141e-05,,0.20307280123233795,,0.27200913429260254,,0.11032867431640625,,0.03592067211866379,0.06277268379926682,,,,,,,,,,,,,,
6,,13189,,,,,,,,,,7.646158337593079e-06,,8.000992238521576e-06,,0.23152539134025574,,0.2655212879180908,,0.11572205275297165,,0.0434684120118618,0.0694756805896759,,,,,,,,,,,,,,
6,,13199,,,,,,,,,,7.450580596923828e-06,,6.716698408126831e-06,,0.17572882771492004,,0.27522048354148865,,0.11780896782875061,,0.04347053915262222,0.06966940313577652,,,,,,,,,,,,,,
6,,13209,,,,,,,,,,6.860122084617615e-06,,7.71787017583847e-06,,0.22995837032794952,,0.28661948442459106,,0.11948646605014801,,0.045842334628105164,0.07293341308832169,,,,,,,,,,,,,,
6,,13219,,,,,,,,,,4.995614290237427e-06,,6.544869393110275e-06,,0.21674254536628723,,0.26882338523864746,,0.11925502121448517,,0.04821595549583435,0.07368134707212448,,,,,,,,,,,,,,
6,,13229,,,,,,,,,,7.780268788337708e-06,,7.058959454298019e-06,,0.18478135764598846,,0.26794636249542236,,0.11391960084438324,,0.040649838745594025,0.06658898293972015,,,,,,,,,,,,,,
6,,13239,,,,,,,,,,5.943700671195984e-06,,6.4373016357421875e-06,,0.20286783576011658,,0.25094011425971985,,0.11312469840049744,,0.036920588463544846,0.06305691599845886,,,,,,,,,,,,,,
6,,13249,,,,,,,,,,6.373971700668335e-06,,4.734378308057785e-06,,0.25188350677490234,,0.2483200579881668,,0.11740906536579132,,0.046323567628860474,0.071366086602211,,,,,,,,,,,,,,
6,,13259,,,,,,,,,,4.4461339712142944e-06,,6.029848009347916e-06,,0.23523306846618652,,0.2715334892272949,,0.11887115240097046,,0.04263986274600029,0.06977006047964096,,,,,,,,,,,,,,
6,,13269,,,,,,,,,,6.038695573806763e-06,,9.430572390556335e-06,,0.19990751147270203,,0.25498083233833313,,0.13102012872695923,,0.04871010780334473,0.07541219145059586,,,,,,,,,,,,,,
6,,13279,,,,,,,,,,6.513670086860657e-06,,5.390960723161697e-06,,0.18866977095603943,,0.2613711357116699,,0.11968530714511871,,0.034728579223155975,0.06296556442975998,,,,,,,,,,,,,,
6,,13289,,,,,,,,,,1.1000782251358032e-05,,6.662681698799133e-06,,0.21126645803451538,,0.2549353837966919,,0.11171724647283554,,0.03647974133491516,0.0627480074763298,,,,,,,,,,,,,,
6,,13299,,,,,,,,,,9.251758456230164e-06,,7.1069225668907166e-06,,0.23720727860927582,,0.2541419267654419,,0.11528585851192474,,0.04105106741189957,0.0671134889125824,,,,,,,,,,,,,,
6,,13309,,,,,,,,,,1.2673437595367432e-05,,9.840354323387146e-06,,0.1874639093875885,,0.2760980725288391,,0.11056544631719589,,0.04207853227853775,0.06744536012411118,,,,,,,,,,,,,,
6,,13319,,,,,,,,,,8.238479495048523e-06,,8.30693170428276e-06,,0.24422471225261688,,0.23983356356620789,,0.0888739600777626,,0.029365994036197662,0.052805494517087936,,,,,,,,,,,,,,
6,,13329,,,,,,,,,,6.1802566051483154e-06,,1.0434538125991821e-05,,0.18010322749614716,,0.2741703689098358,,0.10499429702758789,,0.050157032907009125,0.07228421419858932,,,,,,,,,,,,,,
6,,13339,,,,,,,,,,6.614252924919128e-06,,4.793517291545868e-06,,0.15932534635066986,,0.2753142714500427,,0.11778976023197174,,0.046449292451143265,0.07171253114938736,,,,,,,,,,,,,,
6,,13349,,,,,,,,,,6.271526217460632e-06,,5.55720180273056e-06,,0.23672418296337128,,0.2692754864692688,,0.1231708973646164,,0.058682627975940704,0.08252308517694473,,,,,,,,,,,,,,
6,,13359,,,,,,,,,,6.746500730514526e-06,,8.45314934849739e-06,,0.2338659167289734,,0.26116323471069336,,0.11404909193515778,,0.04356815665960312,0.06905985623598099,,,,,,,,,,,,,,
6,,13369,,,,,,,,,,1.208670437335968e-05,,1.6664620488882065e-05,,0.22881314158439636,,0.24965550005435944,,0.1134570986032486,,0.04038672149181366,0.06596341729164124,,,,,,,,,,,,,,
6,,13379,,,,,,,,,,1.4668330550193787e-05,,1.1153984814882278e-05,,0.22842256724834442,,0.2639654278755188,,0.09806932508945465,,0.037842124700546265,0.06183494254946709,,,,,,,,,,,,,,
6,,13389,,,,,,,,,,1.0123476386070251e-05,,6.436370313167572e-06,,0.17896200716495514,,0.2939207851886749,,0.12862864136695862,,0.052214160561561584,0.07917259633541107,,,,,,,,,,,,,,
6,,13399,,,,,,,,,,1.237913966178894e-05,,7.234513759613037e-06,,0.21561095118522644,,0.2578675150871277,,0.10689219832420349,,0.03692483901977539,0.06236540526151657,,,,,,,,,,,,,,
6,,13409,,,,,,,,,,8.616596460342407e-06,,8.36886465549469e-06,,0.2474210262298584,,0.2533920407295227,,0.10402387380599976,,0.03609556332230568,0.06136837974190712,,,,,,,,,,,,,,
6,,13419,,,,,,,,,,8.901581168174744e-06,,6.102025508880615e-06,,0.19037748873233795,,0.2821798026561737,,0.10317300260066986,,0.04075188189744949,0.06538300216197968,,,,,,,,,,,,,,
6,,13429,,,,,,,,,,7.538124918937683e-06,,9.19681042432785e-06,,0.22762525081634521,,0.262797474861145,,0.10789874196052551,,0.04472649469971657,0.06877882778644562,,,,,,,,,,,,,,
6,,13439,,,,,,,,,,7.404014468193054e-06,,1.6005709767341614e-05,,0.2214321494102478,,0.2464205026626587,,0.11726438999176025,,0.04292190074920654,0.06834110617637634,,,,,,,,,,,,,,
6,,13449,,,,,,,,,,9.26293432712555e-06,,8.059199899435043e-06,,0.20390498638153076,,0.2682204842567444,,0.11735285073518753,,0.04312123358249664,0.06932388991117477,,,,,,,,,,,,,,
6,,13459,,,,,,,,,,8.869916200637817e-06,,1.0979827493429184e-05,,0.2122320532798767,,0.26411908864974976,,0.11845652759075165,,0.04518060013651848,0.07098109275102615,,,,,,,,,,,,,,
6,,13469,,,,,,,,,,1.0056421160697937e-05,,4.648230969905853e-06,,0.19084873795509338,,0.2669551968574524,,0.13009709119796753,,0.04797297716140747,0.07514134049415588,,,,,,,,,,,,,,
6,,13479,,,,,,,,,,9.663403034210205e-06,,8.911360055208206e-06,,0.19593773782253265,,0.266909122467041,,0.10897761583328247,,0.040522731840610504,0.06564892083406448,,,,,,,,,,,,,,
6,,13489,,,,,,,,,,7.588416337966919e-06,,6.401911377906799e-06,,0.2203192114830017,,0.25287550687789917,,0.1167820394039154,,0.042617540806531906,0.0683118999004364,,,,,,,,,,,,,,
6,,13499,,,,,,,,,,6.057322025299072e-06,,7.745344191789627e-06,,0.2455718070268631,,0.2430679202079773,,0.1254948377609253,,0.05141531676054001,0.07638204842805862,,,,,,,,,,,,,,
6,,13509,,,,,,,,,,6.936490535736084e-06,,6.313901394605637e-06,,0.22393333911895752,,0.2609420120716095,,0.11348755657672882,,0.04406646639108658,0.06920155882835388,,,,,,,,,,,,,,
6,,13519,,,,,,,,,,6.863847374916077e-06,,3.972090780735016e-06,,0.238916277885437,,0.26162901520729065,,0.1305275857448578,,0.03987014293670654,0.06945716589689255,,,,,,,,,,,,,,
6,,13529,,,,,,,,,,8.25151801109314e-06,,5.5069103837013245e-06,,0.2411898672580719,,0.23749035596847534,,0.09535755217075348,,0.03514774143695831,0.05821338668465614,,,,,,,,,,,,,,
6,,13539,,,,,,,,,,7.634982466697693e-06,,8.880626410245895e-06,,0.20834766328334808,,0.25973883271217346,,0.10011865198612213,,0.03641749918460846,0.060717057436704636,,,,,,,,,,,,,,
6,,13549,,,,,,,,,,9.488314390182495e-06,,5.099456757307053e-06,,0.19011546671390533,,0.27691686153411865,,0.12250972539186478,,0.04515459015965462,0.07206252217292786,,,,,,,,,,,,,,
6,,13559,,,,,,,,,,1.0600313544273376e-05,,5.825888365507126e-06,,0.2604159414768219,,0.2560054063796997,,0.11914728581905365,,0.048312827944755554,0.07364474982023239,,,,,,,,,,,,,,
6,,13569,,,,,,,,,,8.067116141319275e-06,,6.692484021186829e-06,,0.2648131549358368,,0.23931190371513367,,0.11460448801517487,,0.044160496443510056,0.06894659996032715,,,,,,,,,,,,,,
6,,13579,,,,,,,,,,1.4839693903923035e-05,,6.7981891334056854e-06,,0.22954031825065613,,0.254685640335083,,0.11358818411827087,,0.04519394785165787,0.06983864307403564,,,,,,,,,,,,,,
6,,13589,,,,,,,,,,8.616596460342407e-06,,7.029157131910324e-06,,0.2205907702445984,,0.25241780281066895,,0.12025249004364014,,0.04309331625699997,0.06930141150951385,,,,,,,,,,,,,,
6,,13599,,,,,,,,,,1.1000782251358032e-05,,9.430106729269028e-06,,0.1784197986125946,,0.258672297000885,,0.12183775007724762,,0.04462001472711563,0.07054296880960464,,,,,,,,,,,,,,
6,,13609,,,,,,,,,,1.193210482597351e-05,,8.223578333854675e-06,,0.22992420196533203,,0.26924929022789,,0.12829898297786713,,0.0476277694106102,0.07511074095964432,,,,,,,,,,,,,,
6,,13619,,,,,,,,,,1.5519559383392334e-05,,6.162095814943314e-06,,0.25493377447128296,,0.23133134841918945,,0.1035330668091774,,0.03767938166856766,0.061518196016550064,,,,,,,,,,,,,,
6,,13629,,,,,,,,,,7.234513759613037e-06,,7.600989192724228e-06,,0.21667137742042542,,0.27140092849731445,,0.13051092624664307,,0.05138905346393585,0.07829277217388153,,,,,,,,,,,,,,
6,,13639,,,,,,,,,,1.0265037417411804e-05,,7.600989192724228e-06,,0.21236708760261536,,0.2753276824951172,,0.11344022303819656,,0.044107332825660706,0.06976226717233658,,,,,,,,,,,,,,
6,,13649,,,,,,,,,,1.2557953596115112e-05,,7.6214782893657684e-06,,0.20496919751167297,,0.2676698565483093,,0.10682596266269684,,0.04369811713695526,0.06776904314756393,,,,,,,,,,,,,,
6,,13659,,,,,,,,,,1.0425224900245667e-05,,9.567011147737503e-06,,0.22331222891807556,,0.2629247307777405,,0.11726613342761993,,0.044172950088977814,0.07007579505443573,,,,,,,,,,,,,,
6,,13669,,,,,,,,,,7.694587111473083e-05,,7.93207436800003e-06,,0.22078686952590942,,0.26085832715034485,,0.1258382499217987,,0.035663168877363205,0.06517311930656433,,,,,,,,,,,,,,
6,,13679,,,,,,,,,,8.01868736743927e-06,,6.136484444141388e-06,,0.2157074213027954,,0.25332602858543396,,0.10853633284568787,,0.038912635296583176,0.06395315378904343,,,,,,,,,,,,,,
6,,13689,,,,,,,,,,1.0546296834945679e-05,,8.252449333667755e-06,,0.2378373146057129,,0.2471938580274582,,0.11122658848762512,,0.041914090514183044,0.06668123602867126,,,,,,,,,,,,,,
6,,13699,,,,,,,,,,1.0052695870399475e-05,,9.301118552684784e-06,,0.20091575384140015,,0.2769145369529724,,0.12050162255764008,,0.042758405208587646,0.0700148344039917,,,,,,,,,,,,,,
6,,13709,,,,,,,,,,1.3841316103935242e-05,,1.0489951819181442e-05,,0.22776710987091064,,0.2519822120666504,,0.1165083646774292,,0.04222773760557175,0.06801357865333557,,,,,,,,,,,,,,
6,,13719,,,,,,,,,,7.616356015205383e-06,,6.892252713441849e-06,,0.1766831874847412,,0.28078198432922363,,0.1210382729768753,,0.050074994564056396,0.07550153881311417,,,,,,,,,,,,,,
6,,13729,,,,,,,,,,6.375834345817566e-06,,6.4675696194171906e-06,,0.21116849780082703,,0.2675020694732666,,0.13497096300125122,,0.052089981734752655,0.07940774410963058,,,,,,,,,,,,,,
6,,13739,,,,,,,,,,8.597970008850098e-06,,5.788635462522507e-06,,0.1970253884792328,,0.2561573386192322,,0.12097989022731781,,0.044281601905822754,0.07022836804389954,,,,,,,,,,,,,,
6,,13749,,,,,,,,,,6.426125764846802e-06,,9.363051503896713e-06,,0.24498771131038666,,0.251997709274292,,0.11649106442928314,,0.044072020798921585,0.06959645450115204,,,,,,,,,,,,,,
6,,13759,,,,,,,,,,5.630776286125183e-06,,8.93324613571167e-06,,0.17435351014137268,,0.27878808975219727,,0.1222485676407814,,0.049939773976802826,0.0755062997341156,,,,,,,,,,,,,,
6,,13769,,,,,,,,,,7.510185241699219e-06,,8.310656994581223e-06,,0.20957456529140472,,0.266346275806427,,0.14664115011692047,,0.05695492774248123,0.08517316728830338,,,,,,,,,,,,,,
6,,13779,,,,,,,,,,7.463619112968445e-06,,4.880130290985107e-06,,0.23392254114151,,0.2760480046272278,,0.10516457259654999,,0.0411476269364357,0.06627631187438965,,,,,,,,,,,,,,
6,,13789,,,,,,,,,,1.1567026376724243e-05,,9.166542440652847e-06,,0.19725437462329865,,0.2690655291080475,,0.13531704246997833,,0.04799482226371765,0.07631074637174606,,,,,,,,,,,,,,
6,,13799,,,,,,,,,,8.17514955997467e-06,,9.811948984861374e-06,,0.17499366402626038,,0.2727477550506592,,0.11851722747087479,,0.044658221304416656,0.07056867331266403,,,,,,,,,,,,,,
6,,13809,,,,,,,,,,5.185604095458984e-06,,6.017275154590607e-06,,0.19731305539608002,,0.2609066367149353,,0.12536151707172394,,0.04285890981554985,0.07020888477563858,,,,,,,,,,,,,,
6,,13819,,,,,,,,,,1.041404902935028e-05,,1.4354009181261063e-05,,0.2080845981836319,,0.2567254602909088,,0.12124961614608765,,0.04471876472234726,0.07076320052146912,,,,,,,,,,,,,,
6,,13829,,,,,,,,,,9.872019290924072e-06,,1.2160278856754303e-05,,0.22129228711128235,,0.2524873614311218,,0.1159261018037796,,0.04808305203914642,0.07224472612142563,,,,,,,,,,,,,,
6,,13839,,,,,,,,,,1.4584511518478394e-05,,1.707114279270172e-05,,0.1847679764032364,,0.2761433720588684,,0.10830297321081161,,0.041350528597831726,0.06644546240568161,,,,,,,,,,,,,,
6,,13849,,,,,,,,,,9.469687938690186e-06,,1.0846182703971863e-05,,0.2166227102279663,,0.24601340293884277,,0.12146176397800446,,0.04330887645483017,0.06934313476085663,,,,,,,,,,,,,,
6,,13859,,,,,,,,,,1.220405101776123e-05,,1.1723954230546951e-05,,0.23098666965961456,,0.26842570304870605,,0.12606452405452728,,0.04613789543509483,0.0735478475689888,,,,,,,,,,,,,,
6,,13869,,,,,,,,,,1.2032687664031982e-05,,8.936971426010132e-06,,0.20617304742336273,,0.25266849994659424,,0.11008667200803757,,0.03945063799619675,0.06450493633747101,,,,,,,,,,,,,,
6,,13879,,,,,,,,,,5.5655837059021e-06,,5.730427801609039e-06,,0.2570052146911621,,0.2609882354736328,,0.11606619507074356,,0.046776626259088516,0.07210811227560043,,,,,,,,,,,,,,
6,,13889,,,,,,,,,,6.24731183052063e-06,,6.880611181259155e-06,,0.1775107979774475,,0.2708839774131775,,0.11046135425567627,,0.04103609547019005,0.06628267467021942,,,,,,,,,,,,,,
6,,13899,,,,,,,,,,4.556030035018921e-06,,5.934387445449829e-06,,0.17954471707344055,,0.27035966515541077,,0.10701079666614532,,0.044868819415569305,0.0685100331902504,,,,,,,,,,,,,,
6,,13909,,,,,,,,,,5.675479769706726e-06,,7.263850420713425e-06,,0.24266774952411652,,0.2394358068704605,,0.11303115636110306,,0.04107314348220825,0.06608167290687561,,,,,,,,,,,,,,
6,,13919,,,,,,,,,,7.677823305130005e-06,,8.827541023492813e-06,,0.19727742671966553,,0.25910285115242004,,0.11302251368761063,,0.04292287304997444,0.0678577721118927,,,,,,,,,,,,,,
6,,13929,,,,,,,,,,9.700655937194824e-06,,1.1069700121879578e-05,,0.18880924582481384,,0.25925207138061523,,0.12291895598173141,,0.04963524639606476,0.07465705275535583,,,,,,,,,,,,,,
6,,13939,,,,,,,,,,1.025758683681488e-05,,6.848946213722229e-06,,0.2362077534198761,,0.25706613063812256,,0.12180665135383606,,0.050982050597667694,0.07591188699007034,,,,,,,,,,,,,,
6,,13949,,,,,,,,,,6.061047315597534e-06,,5.267094820737839e-06,,0.20112653076648712,,0.2702386975288391,,0.12683814764022827,,0.04456033557653427,0.07224445044994354,,,,,,,,,,,,,,
6,,13959,,,,,,,,,,9.55723226070404e-06,,8.79308208823204e-06,,0.22925037145614624,,0.2499838024377823,,0.12422807514667511,,0.0431085079908371,0.07004579901695251,,,,,,,,,,,,,,
6,,13969,,,,,,,,,,7.08363950252533e-06,,7.81053677201271e-06,,0.18764910101890564,,0.2549823224544525,,0.11459463834762573,,0.04216320812702179,0.06727666407823563,,,,,,,,,,,,,,
6,,13979,,,,,,,,,,5.68293035030365e-06,,1.4166813343763351e-05,,0.23663213849067688,,0.24601873755455017,,0.11702964454889297,,0.04201619699597359,0.06777696311473846,,,,,,,,,,,,,,
6,,13989,,,,,,,,,,4.2710453271865845e-06,,8.806586265563965e-06,,0.2430654764175415,,0.25002434849739075,,0.11407405138015747,,0.041491784155368805,0.06709244847297668,,,,,,,,,,,,,,
6,,13999,,,,,,,,,,6.508082151412964e-06,,8.182600140571594e-06,,0.2085590958595276,,0.26710641384124756,,0.11369971930980682,,0.04297155886888504,0.06852879375219345,,,,,,,,,,,,,,
6,,14009,,,,,,,,,,4.9192458391189575e-06,,8.183997124433517e-06,,0.2722441852092743,,0.2603920102119446,,0.12048299610614777,,0.04101042076945305,0.0687614306807518,,,,,,,,,,,,,,
6,,14019,,,,,,,,,,4.7441571950912476e-06,,1.2326985597610474e-05,,0.20148424804210663,,0.263123095035553,,0.12002754211425781,,0.0416472889482975,0.06845242530107498,,,,,,,,,,,,,,
6,,14029,,,,,,,,,,6.6552311182022095e-06,,1.4013610780239105e-05,,0.23346950113773346,,0.24357986450195312,,0.11603321135044098,,0.04186047241091728,0.06732184439897537,,,,,,,,,,,,,,
6,,14039,,,,,,,,,,8.352100849151611e-06,,5.465932190418243e-06,,0.1882869005203247,,0.255374550819397,,0.11486127227544785,,0.041280150413513184,0.06669007241725922,,,,,,,,,,,,,,
6,,14049,,,,,,,,,,4.647299647331238e-06,,3.897584974765778e-06,,0.2089204341173172,,0.26608216762542725,,0.11033239215612411,,0.04242650419473648,0.0674445703625679,,,,,,,,,,,,,,
6,,14059,,,,,,,,,,4.16487455368042e-06,,4.331115633249283e-06,,0.24772393703460693,,0.2574441134929657,,0.11150538176298141,,0.041013285517692566,0.06665422022342682,,,,,,,,,,,,,,
6,,14069,,,,,,,,,,7.312744855880737e-06,,8.736737072467804e-06,,0.20316165685653687,,0.271487832069397,,0.1095028892159462,,0.04093315079808235,0.06635468453168869,,,,,,,,,,,,,,
6,,14079,,,,,,,,,,6.3069164752960205e-06,,7.5623393058776855e-06,,0.17192506790161133,,0.26897695660591125,,0.11659733951091766,,0.037957362830638885,0.06496895104646683,,,,,,,,,,,,,,
6,,14089,,,,,,,,,,1.0175630450248718e-05,,5.22984191775322e-06,,0.19749823212623596,,0.2849159240722656,,0.14100734889507294,,0.05540455877780914,0.08368261903524399,,,,,,,,,,,,,,
6,,14099,,,,,,,,,,2.3245811462402344e-06,,4.124827682971954e-06,,0.19582298398017883,,0.265936017036438,,0.11132639646530151,,0.036349497735500336,0.0629117488861084,,,,,,,,,,,,,,
6,,14109,,,,,,,,,,3.958120942115784e-06,,7.658731192350388e-06,,0.236552432179451,,0.2596871256828308,,0.10851213335990906,,0.04176366329193115,0.06663000583648682,,,,,,,,,,,,,,
6,,14119,,,,,,,,,,3.3583492040634155e-06,,5.266163498163223e-06,,0.2151077687740326,,0.26525580883026123,,0.126120924949646,,0.04803387075662613,0.0746459811925888,,,,,,,,,,,,,,
6,,14129,,,,,,,,,,3.7159770727157593e-06,,6.908085197210312e-06,,0.21841393411159515,,0.2582305073738098,,0.11775469779968262,,0.04625854641199112,0.0714544802904129,,,,,,,,,,,,,,
6,,14132,,,,,,,,,,,,,,,,,,,,,,0.97782301902771,1.0,1.0,0.9489991068840027,0.907798171043396,0.9618015885353088,0.9865472912788391,0.06870933622121811,4.76837158203125e-07,7.152557373046875e-07,0.21020005643367767,0.26155227422714233,0.11837360262870789,0.042365290224552155
6,,14132,0.9767548441886902,1.0,1.0,0.948940634727478,0.9076526761054993,0.9605042934417725,0.9854565858840942,0.0707712173461914,9.227116606780328e-06,,8.215622983698267e-06,,0.21091125905513763,,0.263462632894516,,0.1189948096871376,,0.0448279045522213,,,,,,,,,,,,,,,,
,0.00021809857496093204,14133,,,,,,,,,,,,,,,,,,,,,,,,,,,,,,,,,,,
7,,14139,,,,,,,,,,7.206574082374573e-06,,1.1150259524583817e-05,,0.209530770778656,,0.2670665979385376,,0.12037281692028046,,0.04208139330148697,0.06912204623222351,,,,,,,,,,,,,,
7,,14149,,,,,,,,,,5.101785063743591e-06,,8.615665137767792e-06,,0.20384234189987183,,0.28239530324935913,,0.11788459122180939,,0.04341471195220947,0.0703076496720314,,,,,,,,,,,,,,
7,,14159,,,,,,,,,,5.945563316345215e-06,,1.2780074030160904e-05,,0.21815788745880127,,0.24169033765792847,,0.12235734611749649,,0.042577531188726425,0.06877775490283966,,,,,,,,,,,,,,
7,,14169,,,,,,,,,,5.580484867095947e-06,,6.258022040128708e-06,,0.18409401178359985,,0.2755000591278076,,0.13130934536457062,,0.05103004351258278,0.07798351347446442,,,,,,,,,,,,,,
7,,14179,,,,,,,,,,7.657334208488464e-06,,4.981178790330887e-06,,0.2297104299068451,,0.2528666853904724,,0.11114688217639923,,0.04246114566922188,0.06724738329648972,,,,,,,,,,,,,,
7,,14189,,,,,,,,,,3.8053840398788452e-06,,7.534399628639221e-06,,0.19781264662742615,,0.2620445489883423,,0.11665003001689911,,0.0445852093398571,0.0699293464422226,,,,,,,,,,,,,,
7,,14199,,,,,,,,,,5.969777703285217e-06,,6.431713700294495e-06,,0.20486736297607422,,0.2859377861022949,,0.12846031785011292,,0.05022667348384857,0.07757940143346786,,,,,,,,,,,,,,
7,,14209,,,,,,,,,,3.958120942115784e-06,,5.48921525478363e-06,,0.19885371625423431,,0.2598612904548645,,0.11881198734045029,,0.05131453275680542,0.07529286295175552,,,,,,,,,,,,,,
7,,14219,,,,,,,,,,4.9658119678497314e-06,,5.222391337156296e-06,,0.18009647727012634,,0.26159346103668213,,0.12688569724559784,,0.047903917729854584,0.07410981506109238,,,,,,,,,,,,,,
7,,14229,,,,,,,,,,3.4533441066741943e-06,,6.674323230981827e-06,,0.2240140438079834,,0.25896501541137695,,0.11629730463027954,,0.04736843332648277,0.07211384922266006,,,,,,,,,,,,,,
7,,14239,,,,,,,,,,3.7010759115219116e-06,,4.923436790704727e-06,,0.20175936818122864,,0.25356072187423706,,0.10627754032611847,,0.04003235325217247,0.06421702355146408,,,,,,,,,,,,,,
7,,14249,,,,,,,,,,3.1311064958572388e-06,,2.982094883918762e-06,,0.24045813083648682,,0.24456648528575897,,0.1135210394859314,,0.04302821308374405,0.0678548514842987,,,,,,,,,,,,,,
7,,14259,,,,,,,,,,2.421438694000244e-06,,3.1762756407260895e-06,,0.19889694452285767,,0.2705951929092407,,0.11765588819980621,,0.045218341052532196,0.07100655883550644,,,,,,,,,,,,,,
7,,14269,,,,,,,,,,3.6247074604034424e-06,,2.8312206268310547e-06,,0.17078766226768494,,0.2637196481227875,,0.13183487951755524,,0.053448401391506195,0.07918796688318253,,,,,,,,,,,,,,
7,,14279,,,,,,,,,,5.174428224563599e-06,,3.661029040813446e-06,,0.22528137266635895,,0.25991886854171753,,0.11850793659687042,,0.040696047246456146,0.06758250296115875,,,,,,,,,,,,,,
7,,14289,,,,,,,,,,5.027279257774353e-06,,3.7355348467826843e-06,,0.20263852179050446,,0.2731668949127197,,0.12868735194206238,,0.0413971021771431,0.07037326693534851,,,,,,,,,,,,,,
7,,14299,,,,,,,,,,4.129484295845032e-06,,3.2600946724414825e-06,,0.24757450819015503,,0.2463875710964203,,0.12174075841903687,,0.04104561358690262,0.0680779218673706,,,,,,,,,,,,,,
7,,14309,,,,,,,,,,4.98257577419281e-06,,4.165805876255035e-06,,0.18338127434253693,,0.2643465995788574,,0.1190752238035202,,0.04935730993747711,0.07390289753675461,,,,,,,,,,,,,,
7,,14319,,,,,,,,,,4.131346940994263e-06,,4.007946699857712e-06,,0.22199833393096924,,0.25923797488212585,,0.13597670197486877,,0.05788855254650116,0.08368581533432007,,,,,,,,,,,,,,
7,,14329,,,,,,,,,,3.6619603633880615e-06,,3.719702363014221e-06,,0.19527196884155273,,0.2675314247608185,,0.1294788122177124,,0.05243261530995369,0.0784497857093811,,,,,,,,,,,,,,
7,,14339,,,,,,,,,,4.936009645462036e-06,,4.061032086610794e-06,,0.22763997316360474,,0.2495693862438202,,0.09601946175098419,,0.029912495985627174,0.05481764301657677,,,,,,,,,,,,,,
7,,14349,,,,,,,,,,3.889203071594238e-06,,3.4989789128303528e-06,,0.19373302161693573,,0.2574794292449951,,0.11321211606264114,,0.03579365834593773,0.06242743134498596,,,,,,,,,,,,,,
7,,14359,,,,,,,,,,4.950910806655884e-06,,4.821456968784332e-06,,0.18718524277210236,,0.2714887857437134,,0.1213388666510582,,0.03875182569026947,0.06675083935260773,,,,,,,,,,,,,,
7,,14369,,,,,,,,,,7.748603820800781e-06,,4.357192665338516e-06,,0.21290092170238495,,0.2620351314544678,,0.11210988461971283,,0.0421188585460186,0.06740405410528183,,,,,,,,,,,,,,
7,,14379,,,,,,,,,,5.548819899559021e-06,,3.4868717193603516e-06,,0.23955711722373962,,0.26637837290763855,,0.10639655590057373,,0.03953629732131958,0.06491123884916306,,,,,,,,,,,,,,
7,,14389,,,,,,,,,,5.675479769706726e-06,,5.820766091346741e-06,,0.22443121671676636,,0.2531690001487732,,0.10913868248462677,,0.041954003274440765,0.06644260138273239,,,,,,,,,,,,,,
7,,14399,,,,,,,,,,5.41098415851593e-06,,4.680361598730087e-06,,0.22643497586250305,,0.2653886079788208,,0.10862695425748825,,0.04181172698736191,0.06683631241321564,,,,,,,,,,,,,,
7,,14409,,,,,,,,,,7.256865501403809e-06,,4.308763891458511e-06,,0.18735718727111816,,0.2436801642179489,,0.10337935388088226,,0.03427495062351227,0.05872229486703873,,,,,,,,,,,,,,
7,,14419,,,,,,,,,,8.786097168922424e-06,,4.59328293800354e-06,,0.19438263773918152,,0.2698116898536682,,0.14030298590660095,,0.046641092747449875,0.07623160630464554,,,,,,,,,,,,,,
7,,14429,,,,,,,,,,7.854774594306946e-06,,4.205387085676193e-06,,0.21680909395217896,,0.26877737045288086,,0.11477901041507721,,0.046068646013736725,0.07122962921857834,,,,,,,,,,,,,,
7,,14439,,,,,,,,,,4.645437002182007e-06,,3.6531127989292145e-06,,0.24652034044265747,,0.26482561230659485,,0.1499435007572174,,0.05677244812250137,0.08601737022399902,,,,,,,,,,,,,,
7,,14449,,,,,,,,,,3.5706907510757446e-06,,5.180947482585907e-06,,0.21062645316123962,,0.25303906202316284,,0.13202844560146332,,0.04708418250083923,0.0744161456823349,,,,,,,,,,,,,,
7,,14459,,,,,,,,,,4.597008228302002e-06,,5.7942233979702e-06,,0.19142720103263855,,0.2647254168987274,,0.13052134215831757,,0.05316198989748955,0.07901584357023239,,,,,,,,,,,,,,
7,,14469,,,,,,,,,,6.118789315223694e-06,,6.292015314102173e-06,,0.17465826869010925,,0.2731807231903076,,0.11821527779102325,,0.04378186911344528,0.0698709711432457,,,,,,,,,,,,,,
7,,14479,,,,,,,,,,6.204470992088318e-06,,5.523208528757095e-06,,0.2056058943271637,,0.25849246978759766,,0.11734362691640854,,0.040451861917972565,0.06688345223665237,,,,,,,,,,,,,,
7,,14489,,,,,,,,,,4.6137720346450806e-06,,4.4209882616996765e-06,,0.24042196571826935,,0.2572368383407593,,0.1110781580209732,,0.04482612758874893,0.06933911889791489,,,,,,,,,,,,,,
7,,14499,,,,,,,,,,7.08363950252533e-06,,5.5716373026371e-06,,0.23271046578884125,,0.24886485934257507,,0.1204780861735344,,0.041726499795913696,0.06829382479190826,,,,,,,,,,,,,,
7,,14509,,,,,,,,,,4.155561327934265e-06,,3.817956894636154e-06,,0.22592735290527344,,0.24748405814170837,,0.09602833539247513,,0.03130808100104332,0.05574839934706688,,,,,,,,,,,,,,
7,,14519,,,,,,,,,,4.900619387626648e-06,,5.258247256278992e-06,,0.2218887060880661,,0.25256848335266113,,0.11009174585342407,,0.03849531337618828,0.0639687329530716,,,,,,,,,,,,,,
7,,14529,,,,,,,,,,7.789582014083862e-06,,6.386078894138336e-06,,0.19914521276950836,,0.26019972562789917,,0.1151648685336113,,0.04518197476863861,0.07002761214971542,,,,,,,,,,,,,,
7,,14539,,,,,,,,,,4.084780812263489e-06,,3.482680767774582e-06,,0.23114308714866638,,0.2634272873401642,,0.13606920838356018,,0.0449758917093277,0.07431992143392563,,,,,,,,,,,,,,
7,,14549,,,,,,,,,,4.5280903577804565e-06,,3.9800070226192474e-06,,0.18020978569984436,,0.27229976654052734,,0.1046813428401947,,0.03718788921833038,0.06240980699658394,,,,,,,,,,,,,,
7,,14559,,,,,,,,,,6.429851055145264e-06,,7.091555744409561e-06,,0.19111751019954681,,0.25970953702926636,,0.12037670612335205,,0.048401039093732834,0.07330287992954254,,,,,,,,,,,,,,
7,,14569,,,,,,,,,,5.980953574180603e-06,,5.694571882486343e-06,,0.16320651769638062,,0.2881324887275696,,0.10771799087524414,,0.04934220388531685,0.0726403221487999,,,,,,,,,,,,,,
7,,14579,,,,,,,,,,5.638226866722107e-06,,5.764421075582504e-06,,0.22240790724754333,,0.25857341289520264,,0.12194644659757614,,0.04541558772325516,0.07167114317417145,,,,,,,,,,,,,,
7,,14589,,,,,,,,,,4.308298230171204e-06,,5.734153091907501e-06,,0.25637754797935486,,0.25940996408462524,,0.10650118440389633,,0.03904281556606293,0.0644311010837555,,,,,,,,,,,,,,
7,,14599,,,,,,,,,,5.241483449935913e-06,,4.309229552745819e-06,,0.18352189660072327,,0.27537083625793457,,0.13143451511859894,,0.04751066863536835,0.07535404711961746,,,,,,,,,,,,,,
7,,14609,,,,,,,,,,5.071982741355896e-06,,5.069654434919357e-06,,0.2397097647190094,,0.24496594071388245,,0.11678247153759003,,0.03860034421086311,0.0651547759771347,,,,,,,,,,,,,,
7,,14619,,,,,,,,,,8.56257975101471e-06,,6.771646440029144e-06,,0.2355826497077942,,0.25115081667900085,,0.10897830128669739,,0.03651008754968643,0.06236467882990837,,,,,,,,,,,,,,
7,,14629,,,,,,,,,,6.632879376411438e-06,,1.8186867237091064e-05,,0.19167616963386536,,0.2649320960044861,,0.11842982470989227,,0.04658567160367966,0.07182733714580536,,,,,,,,,,,,,,
7,,14639,,,,,,,,,,7.107853889465332e-06,,4.466157406568527e-06,,0.23843935132026672,,0.2516466975212097,,0.11019980907440186,,0.039857909083366394,0.06516197323799133,,,,,,,,,,,,,,
7,,14649,,,,,,,,,,5.720183253288269e-06,,5.773268640041351e-06,,0.1890358030796051,,0.2613576054573059,,0.12670722603797913,,0.047514110803604126,0.07387764751911163,,,,,,,,,,,,,,
7,,14659,,,,,,,,,,5.034729838371277e-06,,1.033581793308258e-05,,0.2241850197315216,,0.2527684271335602,,0.11897191405296326,,0.045723915100097656,0.07109324634075165,,,,,,,,,,,,,,
7,,14669,,,,,,,,,,4.641711711883545e-06,,6.31110742688179e-06,,0.1910838782787323,,0.27408289909362793,,0.1170639768242836,,0.04836126044392586,0.0733252689242363,,,,,,,,,,,,,,
7,,14679,,,,,,,,,,6.495043635368347e-06,,9.764451533555984e-06,,0.20937463641166687,,0.2674131393432617,,0.13184908032417297,,0.04467463120818138,0.0732341930270195,,,,,,,,,,,,,,
7,,14689,,,,,,,,,,5.861744284629822e-06,,1.1887401342391968e-05,,0.22668884694576263,,0.247048020362854,,0.1169433668255806,,0.042801834642887115,0.06828185170888901,,,,,,,,,,,,,,
7,,14699,,,,,,,,,,5.165114998817444e-06,,6.058253347873688e-06,,0.20301176607608795,,0.25028830766677856,,0.11087636649608612,,0.04404730349779129,0.0679527223110199,,,,,,,,,,,,,,
7,,14709,,,,,,,,,,4.852190613746643e-06,,5.857087671756744e-06,,0.2079077810049057,,0.2472517192363739,,0.12549401819705963,,0.04931453987956047,0.07456060498952866,,,,,,,,,,,,,,
7,,14719,,,,,,,,,,4.110857844352722e-06,,5.459878593683243e-06,,0.21155822277069092,,0.25843706727027893,,0.11925967037677765,,0.04418276622891426,0.07010883837938309,,,,,,,,,,,,,,
7,,14729,,,,,,,,,,3.2614916563034058e-06,,6.803777068853378e-06,,0.21582742035388947,,0.25668418407440186,,0.12126793712377548,,0.03916708379983902,0.06669065356254578,,,,,,,,,,,,,,
7,,14739,,,,,,,,,,4.447996616363525e-06,,4.7497451305389404e-06,,0.2396107017993927,,0.26750046014785767,,0.10770057141780853,,0.041367270052433014,0.06658260524272919,,,,,,,,,,,,,,
7,,14749,,,,,,,,,,7.2587281465530396e-06,,6.844755262136459e-06,,0.22578437626361847,,0.25044572353363037,,0.1263933628797531,,0.047255292534828186,0.07354375720024109,,,,,,,,,,,,,,
7,,14759,,,,,,,,,,6.489455699920654e-06,,7.790513336658478e-06,,0.23496955633163452,,0.2577328681945801,,0.1173279881477356,,0.042890992015600204,0.0690189003944397,,,,,,,,,,,,,,
7,,14769,,,,,,,,,,6.487593054771423e-06,,7.980037480592728e-06,,0.19996243715286255,,0.25266391038894653,,0.12424174696207047,,0.0433320477604866,0.06999841332435608,,,,,,,,,,,,,,
7,,14779,,,,,,,,,,6.577000021934509e-06,,7.2624534368515015e-06,,0.22554774582386017,,0.2554353177547455,,0.10585056245326996,,0.04321680963039398,0.06689261645078659,,,,,,,,,,,,,,
7,,14789,,,,,,,,,,5.709007382392883e-06,,1.0939780622720718e-05,,0.17766186594963074,,0.2550165057182312,,0.11562652885913849,,0.044624701142311096,0.06920130550861359,,,,,,,,,,,,,,
7,,14799,,,,,,,,,,4.325062036514282e-06,,8.746515959501266e-06,,0.19100967049598694,,0.28305530548095703,,0.11612028628587723,,0.04186483100056648,0.0686945915222168,,,,,,,,,,,,,,
7,,14809,,,,,,,,,,4.014000296592712e-06,,9.343959391117096e-06,,0.21436019241809845,,0.25887030363082886,,0.12044964730739594,,0.04235149919986725,0.069011390209198,,,,,,,,,,,,,,
7,,14819,,,,,,,,,,4.345551133155823e-06,,6.39352947473526e-06,,0.24039185047149658,,0.24446502327919006,,0.10770159214735031,,0.04564042016863823,0.06871754676103592,,,,,,,,,,,,,,
7,,14829,,,,,,,,,,6.994232535362244e-06,,8.757691830396652e-06,,0.1821255385875702,,0.26946425437927246,,0.11976113170385361,,0.045047931373119354,0.07102395594120026,,,,,,,,,,,,,,
7,,14839,,,,,,,,,,5.712732672691345e-06,,9.223353117704391e-06,,0.19214972853660583,,0.2675439119338989,,0.11735068261623383,,0.043347716331481934,0.06932387501001358,,,,,,,,,,,,,,
7,,14849,,,,,,,,,,6.0889869928359985e-06,,6.181653589010239e-06,,0.22474198043346405,,0.2551874816417694,,0.12504947185516357,,0.04284645617008209,0.07019438594579697,,,,,,,,,,,,,,
7,,14859,,,,,,,,,,6.3497573137283325e-06,,6.227288395166397e-06,,0.23678448796272278,,0.27323657274246216,,0.10585474967956543,,0.037790603935718536,0.06378909945487976,,,,,,,,,,,,,,
7,,14869,,,,,,,,,,6.875023245811462e-06,,5.320645868778229e-06,,0.19300638139247894,,0.2767895460128784,,0.10984504967927933,,0.04407722130417824,0.06890701502561569,,,,,,,,,,,,,,
7,,14879,,,,,,,,,,6.8247318267822266e-06,,3.7141144275665283e-06,,0.15806567668914795,,0.277687668800354,,0.12377400696277618,,0.04532839357852936,0.07209047675132751,,,,,,,,,,,,,,
7,,14889,,,,,,,,,,6.5248459577560425e-06,,5.232635885477066e-06,,0.2265017330646515,,0.2669093906879425,,0.1085297167301178,,0.03914031758904457,0.06488611549139023,,,,,,,,,,,,,,
7,,14899,,,,,,,,,,9.03196632862091e-06,,5.957670509815216e-06,,0.16313053667545319,,0.26934298872947693,,0.11504444479942322,,0.041735462844371796,0.06742605566978455,,,,,,,,,,,,,,
7,,14909,,,,,,,,,,6.312504410743713e-06,,3.795139491558075e-06,,0.23538368940353394,,0.2524302005767822,,0.1440018117427826,,0.05314011871814728,0.08146639913320541,,,,,,,,,,,,,,
7,,14919,,,,,,,,,,9.125098586082458e-06,,5.417037755250931e-06,,0.19647270441055298,,0.2626056671142578,,0.11394616961479187,,0.04227270558476448,0.06769803911447525,,,,,,,,,,,,,,
7,,14929,,,,,,,,,,8.23289155960083e-06,,4.839152097702026e-06,,0.21336492896080017,,0.26689785718917847,,0.1190243810415268,,0.045535437762737274,0.07149733603000641,,,,,,,,,,,,,,
7,,14939,,,,,,,,,,9.162351489067078e-06,,6.186310201883316e-06,,0.17291831970214844,,0.25224798917770386,,0.1296229064464569,,0.04783101752400398,0.07404617965221405,,,,,,,,,,,,,,
7,,14949,,,,,,,,,,1.4707446098327637e-05,,4.471279680728912e-06,,0.2163291871547699,,0.26112812757492065,,0.11456860601902008,,0.04049370810389519,0.06664367765188217,,,,,,,,,,,,,,
7,,14959,,,,,,,,,,1.0102987289428711e-05,,3.5045668482780457e-06,,0.20119330286979675,,0.26281020045280457,,0.12198129296302795,,0.045968856662511826,0.07204270362854004,,,,,,,,,,,,,,
7,,14969,,,,,,,,,,8.663162589073181e-06,,3.3387914299964905e-06,,0.2611120343208313,,0.25073570013046265,,0.11888488382101059,,0.048184819519519806,0.07326057553291321,,,,,,,,,,,,,,
7,,14979,,,,,,,,,,9.216368198394775e-06,,4.463363438844681e-06,,0.22927772998809814,,0.26397818326950073,,0.12088529020547867,,0.036845527589321136,0.06537694483995438,,,,,,,,,,,,,,
7,,14989,,,,,,,,,,1.0453164577484131e-05,,5.2158720791339874e-06,,0.19941309094429016,,0.26986849308013916,,0.10583391785621643,,0.03659546375274658,0.06229265034198761,,,,,,,,,,,,,,
7,,14999,,,,,,,,,,6.891787052154541e-06,,7.2303228080272675e-06,,0.18548299372196198,,0.27894842624664307,,0.1339218020439148,,0.052022553980350494,0.07939600199460983,,,,,,,,,,,,,,
7,,15009,,,,,,,,,,1.1885538697242737e-05,,6.6193751990795135e-06,,0.18213917315006256,,0.2671657204627991,,0.13201437890529633,,0.044879280030727386,0.07308787107467651,,,,,,,,,,,,,,
7,,15019,,,,,,,,,,8.400529623031616e-06,,4.5406632125377655e-06,,0.20001548528671265,,0.26096898317337036,,0.12040182948112488,,0.04612120985984802,0.0717606469988823,,,,,,,,,,,,,,
7,,15029,,,,,,,,,,6.103888154029846e-06,,3.8333237171173096e-06,,0.2065735012292862,,0.2677119970321655,,0.10885500907897949,,0.04309925436973572,0.06772109121084213,,,,,,,,,,,,,,
7,,15039,,,,,,,,,,5.058944225311279e-06,,6.439629942178726e-06,,0.220341295003891,,0.25888681411743164,,0.12459595501422882,,0.04721006378531456,0.07350470870733261,,,,,,,,,,,,,,
7,,15049,,,,,,,,,,4.7869980335235596e-06,,5.470123142004013e-06,,0.20527330040931702,,0.2528221011161804,,0.11330058425664902,,0.043658725917339325,0.06826116889715195,,,,,,,,,,,,,,
7,,15059,,,,,,,,,,4.859641194343567e-06,,5.0477683544158936e-06,,0.20400674641132355,,0.2702624797821045,,0.1199621707201004,,0.04245204105973244,0.06940816342830658,,,,,,,,,,,,,,
7,,15069,,,,,,,,,,4.187226295471191e-06,,7.700175046920776e-06,,0.23142501711845398,,0.25442299246788025,,0.10548467934131622,,0.03345170244574547,0.059519797563552856,,,,,,,,,,,,,,
7,,15079,,,,,,,,,,5.910173058509827e-06,,6.73346221446991e-06,,0.2457130253314972,,0.25123849511146545,,0.11155179888010025,,0.04010062292218208,0.06566373258829117,,,,,,,,,,,,,,
7,,15089,,,,,,,,,,3.460794687271118e-06,,4.51505184173584e-06,,0.17284323275089264,,0.28284624218940735,,0.13541103899478912,,0.04872671514749527,0.07723740488290787,,,,,,,,,,,,,,
7,,15099,,,,,,,,,,4.673376679420471e-06,,5.430541932582855e-06,,0.23498475551605225,,0.25998514890670776,,0.11827197670936584,,0.0422532893717289,0.06882332265377045,,,,,,,,,,,,,,
7,,15109,,,,,,,,,,4.043802618980408e-06,,4.406087100505829e-06,,0.1979130208492279,,0.24858753383159637,,0.14156174659729004,,0.05122995749115944,0.07895641773939133,,,,,,,,,,,,,,
7,,15119,,,,,,,,,,3.293156623840332e-06,,4.334840923547745e-06,,0.20254817605018616,,0.26627814769744873,,0.12182948738336563,,0.04387408867478371,0.07062125205993652,,,,,,,,,,,,,,
7,,15129,,,,,,,,,,4.177913069725037e-06,,6.2836334109306335e-06,,0.17460744082927704,,0.2672145664691925,,0.11235250532627106,,0.043485336005687714,0.06826864928007126,,,,,,,,,,,,,,
7,,15139,,,,,,,,,,3.5017728805541992e-06,,7.456634193658829e-06,,0.2224070280790329,,0.2716929316520691,,0.12849079072475433,,0.046344444155693054,0.07421044260263443,,,,,,,,,,,,,,
7,,15149,,,,,,,,,,4.986301064491272e-06,,1.2311618775129318e-05,,0.2147403359413147,,0.2595726251602173,,0.11019948124885559,,0.03929297998547554,0.06483195722103119,,,,,,,,,,,,,,
7,,15159,,,,,,,,,,4.002824425697327e-06,,8.232425898313522e-06,,0.18278497457504272,,0.26947909593582153,,0.12426744401454926,,0.05113301798701286,0.07644244283437729,,,,,,,,,,,,,,
7,,15169,,,,,,,,,,6.577000021934509e-06,,6.960239261388779e-06,,0.2231132984161377,,0.25954216718673706,,0.1223381757736206,,0.04950568825006485,0.0748666301369667,,,,,,,,,,,,,,
7,,15179,,,,,,,,,,4.382804036140442e-06,,7.5511634349823e-06,,0.21196870505809784,,0.25426527857780457,,0.10475459694862366,,0.036971718072891235,0.061788082122802734,,,,,,,,,,,,,,
7,,15189,,,,,,,,,,7.102265954017639e-06,,7.722526788711548e-06,,0.23819500207901,,0.2672339081764221,,0.10962721705436707,,0.041493866592645645,0.0670098289847374,,,,,,,,,,,,,,
7,,15199,,,,,,,,,,5.764886736869812e-06,,6.0498714447021484e-06,,0.21879330277442932,,0.26097768545150757,,0.1115526556968689,,0.038822904229164124,0.064846470952034,,,,,,,,,,,,,,
7,,15209,,,,,,,,,,7.273629307746887e-06,,8.950009942054749e-06,,0.2247912585735321,,0.2799077332019806,,0.11848466098308563,,0.04455491527915001,0.07140447199344635,,,,,,,,,,,,,,
7,,15219,,,,,,,,,,5.295500159263611e-06,,6.363727152347565e-06,,0.16612237691879272,,0.2714216113090515,,0.12448892742395401,,0.04486570879817009,0.07167810946702957,,,,,,,,,,,,,,
7,,15229,,,,,,,,,,5.898997187614441e-06,,5.60469925403595e-06,,0.23490233719348907,,0.2644977271556854,,0.11128069460391998,,0.0417158342897892,0.06731955707073212,,,,,,,,,,,,,,
7,,15239,,,,,,,,,,5.6549906730651855e-06,,9.347684681415558e-06,,0.2140323519706726,,0.26265841722488403,,0.11276206374168396,,0.04343530908226967,0.06855644285678864,,,,,,,,,,,,,,
7,,15249,,,,,,,,,,5.645677447319031e-06,,7.402151823043823e-06,,0.22115492820739746,,0.2661780118942261,,0.12021078169345856,,0.04455113038420677,0.07103899121284485,,,,,,,,,,,,,,
7,,15259,,,,,,,,,,3.7867575883865356e-06,,7.674098014831543e-06,,0.23218965530395508,,0.252888560295105,,0.10871541500091553,,0.036769162863492966,0.06255143135786057,,,,,,,,,,,,,,
7,,15269,,,,,,,,,,5.338340997695923e-06,,6.395857781171799e-06,,0.2076157033443451,,0.2762228548526764,,0.1237439215183258,,0.04207772761583328,0.07015837728977203,,,,,,,,,,,,,,
7,,15279,,,,,,,,,,4.153698682785034e-06,,5.939975380897522e-06,,0.2568843960762024,,0.2540823221206665,,0.11891176551580429,,0.041018638759851456,0.0679970309138298,,,,,,,,,,,,,,
7,,15289,,,,,,,,,,5.068257451057434e-06,,7.206574082374573e-06,,0.2035648226737976,,0.27056723833084106,,0.10502485930919647,,0.0385979488492012,0.0637245699763298,,,,,,,,,,,,,,
7,,15299,,,,,,,,,,5.4370611906051636e-06,,7.811468094587326e-06,,0.1776103675365448,,0.2704172432422638,,0.12132314592599869,,0.04058094322681427,0.06795759499073029,,,,,,,,,,,,,,
7,,15309,,,,,,,,,,6.644055247306824e-06,,8.875038474798203e-06,,0.2033849060535431,,0.2582176923751831,,0.09985372424125671,,0.034270141273736954,0.05892696976661682,,,,,,,,,,,,,,
7,,15319,,,,,,,,,,6.6105276346206665e-06,,7.54697248339653e-06,,0.20410242676734924,,0.26728445291519165,,0.11263464391231537,,0.04336302727460861,0.0685788244009018,,,,,,,,,,,,,,
7,,15329,,,,,,,,,,8.750706911087036e-06,,6.50063157081604e-06,,0.19354580342769623,,0.2808636426925659,,0.13210922479629517,,0.04557374119758606,0.0744025707244873,,,,,,,,,,,,,,
7,,15339,,,,,,,,,,9.980052709579468e-06,,9.613577276468277e-06,,0.1994437277317047,,0.27355021238327026,,0.120316281914711,,0.042898230254650116,0.0699099749326706,,,,,,,,,,,,,,
7,,15349,,,,,,,,,,7.14324414730072e-06,,7.733702659606934e-06,,0.2202652096748352,,0.2548874020576477,,0.1076589822769165,,0.038785628974437714,0.06381996721029282,,,,,,,,,,,,,,
7,,15359,,,,,,,,,,5.990266799926758e-06,,5.989335477352142e-06,,0.21538320183753967,,0.24932262301445007,,0.10728821158409119,,0.04129136726260185,0.06531205773353577,,,,,,,,,,,,,,
7,,15369,,,,,,,,,,7.359310984611511e-06,,8.231960237026215e-06,,0.19595085084438324,,0.26524776220321655,,0.11981873214244843,,0.04660969227552414,0.07217071950435638,,,,,,,,,,,,,,
7,,15379,,,,,,,,,,6.996095180511475e-06,,6.54999166727066e-06,,0.21613651514053345,,0.2555452585220337,,0.12437362968921661,,0.045559123158454895,0.07201854139566422,,,,,,,,,,,,,,
7,,15389,,,,,,,,,,9.588897228240967e-06,,1.2677162885665894e-05,,0.23718374967575073,,0.26804280281066895,,0.11516927927732468,,0.047513753175735474,0.07259132713079453,,,,,,,,,,,,,,
7,,15399,,,,,,,,,,6.062909960746765e-06,,8.981209248304367e-06,,0.21648645401000977,,0.2599099576473236,,0.12751683592796326,,0.047851838171482086,0.07453674077987671,,,,,,,,,,,,,,
7,,15409,,,,,,,,,,4.49642539024353e-06,,9.544659405946732e-06,,0.2161969542503357,,0.2583897113800049,,0.10480216145515442,,0.03637208044528961,0.06159010902047157,,,,,,,,,,,,,,
7,,15419,,,,,,,,,,4.861503839492798e-06,,6.9872476160526276e-06,,0.21279579401016235,,0.25421079993247986,,0.11656784266233444,,0.04312694072723389,0.06862828880548477,,,,,,,,,,,,,,
7,,15429,,,,,,,,,,6.042420864105225e-06,,6.639864295721054e-06,,0.21188980340957642,,0.25933170318603516,,0.12597650289535522,,0.046314120292663574,0.0730132982134819,,,,,,,,,,,,,,
7,,15439,,,,,,,,,,4.90434467792511e-06,,5.832873284816742e-06,,0.20611636340618134,,0.2555672824382782,,0.132529616355896,,0.05185714364051819,0.07815640419721603,,,,,,,,,,,,,,
7,,15449,,,,,,,,,,3.7569552659988403e-06,,4.159286618232727e-06,,0.2015995979309082,,0.24753586947917938,,0.10868354141712189,,0.03648010641336441,0.06171906366944313,,,,,,,,,,,,,,
7,,15459,,,,,,,,,,5.381181836128235e-06,,3.385823220014572e-06,,0.19126127660274506,,0.27043208479881287,,0.11576973646879196,,0.04030579328536987,0.06687036156654358,,,,,,,,,,,,,,
7,,15469,,,,,,,,,,7.3891133069992065e-06,,4.07220795750618e-06,,0.20909196138381958,,0.27077725529670715,,0.1377672255039215,,0.055012717843055725,0.08225397765636444,,,,,,,,,,,,,,
7,,15479,,,,,,,,,,6.582587957382202e-06,,4.257075488567352e-06,,0.22936050593852997,,0.25552496314048767,,0.1311182677745819,,0.046417973935604095,0.07408181577920914,,,,,,,,,,,,,,
7,,15489,,,,,,,,,,5.48921525478363e-06,,4.375819116830826e-06,,0.1941986083984375,,0.27380621433258057,,0.11918334662914276,,0.03917962312698364,0.06685836613178253,,,,,,,,,,,,,,
7,,15499,,,,,,,,,,4.652887582778931e-06,,4.276633262634277e-06,,0.17975033819675446,,0.2513880729675293,,0.12166236340999603,,0.04406076669692993,0.06976458430290222,,,,,,,,,,,,,,
7,,15509,,,,,,,,,,6.513670086860657e-06,,5.475711077451706e-06,,0.22580546140670776,,0.26300162076950073,,0.1158236563205719,,0.044086046516895294,0.06977289170026779,,,,,,,,,,,,,,
7,,15519,,,,,,,,,,5.902722477912903e-06,,7.976777851581573e-06,,0.2303757667541504,,0.25480055809020996,,0.10993341356515884,,0.04237816110253334,0.06705603003501892,,,,,,,,,,,,,,
7,,15529,,,,,,,,,,6.787478923797607e-06,,4.331115633249283e-06,,0.19839638471603394,,0.24904021620750427,,0.11062649637460709,,0.04614323750138283,0.06936556845903397,,,,,,,,,,,,,,
7,,15539,,,,,,,,,,1.0162591934204102e-05,,4.263129085302353e-06,,0.20685575902462006,,0.2705269455909729,,0.12167972326278687,,0.04323487728834152,0.070363350212574,,,,,,,,,,,,,,
7,,15549,,,,,,,,,,5.681067705154419e-06,,4.102475941181183e-06,,0.21565237641334534,,0.27292269468307495,,0.1270689219236374,,0.04705749452114105,0.07445716857910156,,,,,,,,,,,,,,
7,,15559,,,,,,,,,,6.085261702537537e-06,,5.184207111597061e-06,,0.20372027158737183,,0.2585727572441101,,0.1196061298251152,,0.05112186819314957,0.0752938985824585,,,,,,,,,,,,,,
7,,15569,,,,,,,,,,4.721805453300476e-06,,2.3739412426948547e-06,,0.19337496161460876,,0.2783535420894623,,0.1269044727087021,,0.04658490791916847,0.07406530529260635,,,,,,,,,,,,,,
7,,15579,,,,,,,,,,4.353001713752747e-06,,3.210734575986862e-06,,0.21448172628879547,,0.27312976121902466,,0.11678514629602432,,0.04120137542486191,0.06813131272792816,,,,,,,,,,,,,,
7,,15589,,,,,,,,,,4.481524229049683e-06,,3.2638199627399445e-06,,0.21262706816196442,,0.27391886711120605,,0.112691730260849,,0.04329515993595123,0.06894958764314651,,,,,,,,,,,,,,
7,,15599,,,,,,,,,,4.718080163002014e-06,,3.423541784286499e-06,,0.22977498173713684,,0.2645670771598816,,0.11815884709358215,,0.041589803993701935,0.06845812499523163,,,,,,,,,,,,,,
7,,15609,,,,,,,,,,4.645437002182007e-06,,3.180466592311859e-06,,0.2184390127658844,,0.2620328366756439,,0.1103949248790741,,0.03307041898369789,0.06035923212766647,,,,,,,,,,,,,,
7,,15619,,,,,,,,,,3.933906555175781e-06,,2.9583461582660675e-06,,0.2295244038105011,,0.26508408784866333,,0.13596755266189575,,0.054305315017700195,0.08135833591222763,,,,,,,,,,,,,,
7,,15629,,,,,,,,,,4.2729079723358154e-06,,3.8105063140392303e-06,,0.20148448646068573,,0.2704530954360962,,0.12493794411420822,,0.05320858955383301,0.07839009910821915,,,,,,,,,,,,,,
7,,15639,,,,,,,,,,1.3452023267745972e-05,,3.8011930882930756e-06,,0.19808121025562286,,0.26617637276649475,,0.11444960534572601,,0.045243605971336365,0.07020744681358337,,,,,,,,,,,,,,
7,,15649,,,,,,,,,,5.895271897315979e-06,,3.7746503949165344e-06,,0.21519601345062256,,0.26393139362335205,,0.12378297001123428,,0.05663498491048813,0.0805988535284996,,,,,,,,,,,,,,
7,,15659,,,,,,,,,,5.986541509628296e-06,,6.743241101503372e-06,,0.1869567334651947,,0.2737855911254883,,0.12423761934041977,,0.05002974718809128,0.07586000859737396,,,,,,,,,,,,,,
7,,15669,,,,,,,,,,9.169802069664001e-06,,3.867782652378082e-06,,0.2544996440410614,,0.25265559554100037,,0.12751370668411255,,0.05017708241939545,0.07638594508171082,,,,,,,,,,,,,,
7,,15679,,,,,,,,,,7.78399407863617e-06,,4.573259502649307e-06,,0.20879030227661133,,0.25570130348205566,,0.12076680362224579,,0.04303448647260666,0.0693693608045578,,,,,,,,,,,,,,
7,,15689,,,,,,,,,,5.461275577545166e-06,,4.443340003490448e-06,,0.22060781717300415,,0.2705691456794739,,0.09987560659646988,,0.036821119487285614,0.061625756323337555,,,,,,,,,,,,,,
7,,15699,,,,,,,,,,4.449859261512756e-06,,4.94765117764473e-06,,0.21104314923286438,,0.2829514145851135,,0.1252576857805252,,0.04965943470597267,0.07648558914661407,,,,,,,,,,,,,,
7,,15709,,,,,,,,,,5.582347512245178e-06,,4.524830728769302e-06,,0.23312050104141235,,0.2740991711616516,,0.11403004080057144,,0.04119403660297394,0.0678730309009552,,,,,,,,,,,,,,
7,,15719,,,,,,,,,,1.0056421160697937e-05,,4.569999873638153e-06,,0.20307192206382751,,0.27658504247665405,,0.10050567984580994,,0.043270137161016464,0.0666583850979805,,,,,,,,,,,,,,
7,,15729,,,,,,,,,,9.34116542339325e-06,,4.239846020936966e-06,,0.1983770728111267,,0.2793533205986023,,0.13577690720558167,,0.04327858239412308,0.07335445284843445,,,,,,,,,,,,,,
7,,15739,,,,,,,,,,3.7029385566711426e-06,,2.898741513490677e-06,,0.20799486339092255,,0.26342490315437317,,0.12400448322296143,,0.04466118663549423,0.07154969125986099,,,,,,,,,,,,,,
7,,15749,,,,,,,,,,6.5676867961883545e-06,,3.1087547540664673e-06,,0.23093575239181519,,0.24350140988826752,,0.11003415286540985,,0.04135994613170624,0.06578784435987473,,,,,,,,,,,,,,
7,,15759,,,,,,,,,,5.953013896942139e-06,,4.688743501901627e-06,,0.1826973259449005,,0.2760728597640991,,0.11363279819488525,,0.03657740727066994,0.06383670121431351,,,,,,,,,,,,,,
7,,15769,,,,,,,,,,3.2782554626464844e-06,,6.245449185371399e-06,,0.20719653367996216,,0.2610940933227539,,0.11996568739414215,,0.0453992560505867,0.0712272897362709,,,,,,,,,,,,,,
7,,15779,,,,,,,,,,6.917864084243774e-06,,6.1960890889167786e-06,,0.2200770080089569,,0.27723032236099243,,0.11960465461015701,,0.04987306892871857,0.07542331516742706,,,,,,,,,,,,,,
7,,15789,,,,,,,,,,1.65645033121109e-05,,5.555339157581329e-06,,0.20379801094532013,,0.26205235719680786,,0.11958417296409607,,0.04225541278719902,0.06880238652229309,,,,,,,,,,,,,,
7,,15799,,,,,,,,,,6.755813956260681e-06,,1.779058948159218e-05,,0.22704261541366577,,0.25496816635131836,,0.11744870245456696,,0.042158350348472595,0.06826940923929214,,,,,,,,,,,,,,
7,,15809,,,,,,,,,,7.074326276779175e-06,,7.209833711385727e-06,,0.2174876630306244,,0.24973168969154358,,0.11476679146289825,,0.042159512639045715,0.06740974634885788,,,,,,,,,,,,,,
7,,15819,,,,,,,,,,4.472211003303528e-06,,6.980728358030319e-06,,0.19689270853996277,,0.2651709318161011,,0.12692666053771973,,0.045265138149261475,0.07250255346298218,,,,,,,,,,,,,,
7,,15829,,,,,,,,,,5.3104013204574585e-06,,9.29366797208786e-06,,0.1934698224067688,,0.2670248746871948,,0.12173856049776077,,0.046584900468587875,0.07256641983985901,,,,,,,,,,,,,,
7,,15839,,,,,,,,,,1.023896038532257e-05,,1.166854053735733e-05,,0.2187323421239853,,0.25316542387008667,,0.1062459796667099,,0.0418364554643631,0.06574495881795883,,,,,,,,,,,,,,
7,,15849,,,,,,,,,,5.383044481277466e-06,,1.620408147573471e-05,,0.20732158422470093,,0.2574807405471802,,0.09974224865436554,,0.03500848263502121,0.05947156250476837,,,,,,,,,,,,,,
7,,15859,,,,,,,,,,6.128102540969849e-06,,5.8622099459171295e-06,,0.23428590595722198,,0.2506059408187866,,0.11699742078781128,,0.040914811193943024,0.06713222712278366,,,,,,,,,,,,,,
7,,15869,,,,,,,,,,1.3144686818122864e-05,,9.704381227493286e-06,,0.17937271296977997,,0.2665312886238098,,0.1199541687965393,,0.04779212176799774,0.07294902205467224,,,,,,,,,,,,,,
7,,15879,,,,,,,,,,3.7439167499542236e-06,,7.45430588722229e-06,,0.21876126527786255,,0.26386940479278564,,0.09889833629131317,,0.03945664316415787,0.06308383494615555,,,,,,,,,,,,,,
7,,15889,,,,,,,,,,5.559995770454407e-06,,6.095040589570999e-06,,0.21444422006607056,,0.23694872856140137,,0.1058734580874443,,0.03306744992733002,0.05828610435128212,,,,,,,,,,,,,,
7,,15899,,,,,,,,,,5.496665835380554e-06,,5.286186933517456e-06,,0.21043473482131958,,0.26372969150543213,,0.11783833056688309,,0.042437076568603516,0.06876766681671143,,,,,,,,,,,,,,
7,,15909,,,,,,,,,,6.744638085365295e-06,,4.223082214593887e-06,,0.23650939762592316,,0.25144582986831665,,0.12528231739997864,,0.04608960449695587,0.07263350486755371,,,,,,,,,,,,,,
7,,15919,,,,,,,,,,4.699453711509705e-06,,6.593763828277588e-06,,0.20201906561851501,,0.2607555389404297,,0.14159360527992249,,0.04401414468884468,0.07416786998510361,,,,,,,,,,,,,,
7,,15929,,,,,,,,,,4.643574357032776e-06,,4.873611032962799e-06,,0.17579138278961182,,0.26140767335891724,,0.12985730171203613,,0.049013786017894745,0.07544056326150894,,,,,,,,,,,,,,
7,,15939,,,,,,,,,,3.118067979812622e-06,,4.3548643589019775e-06,,0.25463372468948364,,0.2522221505641937,,0.11560581624507904,,0.03852204233407974,0.06539050489664078,,,,,,,,,,,,,,
7,,15949,,,,,,,,,,5.010515451431274e-06,,6.564892828464508e-06,,0.20410865545272827,,0.26567840576171875,,0.10456272214651108,,0.0379461944103241,0.06292612105607986,,,,,,,,,,,,,,
7,,15959,,,,,,,,,,4.116445779800415e-06,,4.748813807964325e-06,,0.1945902705192566,,0.27136993408203125,,0.12536264955997467,,0.053706783801317215,0.07880567014217377,,,,,,,,,,,,,,
7,,15969,,,,,,,,,,3.4403055906295776e-06,,7.288530468940735e-06,,0.21834298968315125,,0.26234227418899536,,0.10643404722213745,,0.04337441921234131,0.06735967099666595,,,,,,,,,,,,,,
7,,15979,,,,,,,,,,4.7888606786727905e-06,,4.170462489128113e-06,,0.17408284544944763,,0.27769404649734497,,0.1040726751089096,,0.03453155234456062,0.06048401817679405,,,,,,,,,,,,,,
7,,15989,,,,,,,,,,4.332512617111206e-06,,4.029367119073868e-06,,0.2020593285560608,,0.26984965801239014,,0.11500021815299988,,0.04157978668808937,0.06778103113174438,,,,,,,,,,,,,,
7,,15999,,,,,,,,,,8.01868736743927e-06,,6.349291652441025e-06,,0.20406478643417358,,0.27131128311157227,,0.11499349772930145,,0.04287652671337128,0.06884460896253586,,,,,,,,,,,,,,
7,,16009,,,,,,,,,,4.798173904418945e-06,,3.028661012649536e-06,,0.19195246696472168,,0.2815832495689392,,0.1286158561706543,,0.04416394233703613,0.07270485162734985,,,,,,,,,,,,,,
7,,16019,,,,,,,,,,6.984919309616089e-06,,4.815869033336639e-06,,0.18453145027160645,,0.274740993976593,,0.12525197863578796,,0.04057556018233299,0.06897424161434174,,,,,,,,,,,,,,
7,,16029,,,,,,,,,,4.552304744720459e-06,,4.976987838745117e-06,,0.21105211973190308,,0.25852441787719727,,0.11696280539035797,,0.04323001205921173,0.0689614862203598,,,,,,,,,,,,,,
7,,16039,,,,,,,,,,6.457790732383728e-06,,6.8712979555130005e-06,,0.24453681707382202,,0.2676427364349365,,0.1377188265323639,,0.04829421639442444,0.07747329771518707,,,,,,,,,,,,,,
7,,16049,,,,,,,,,,8.005648851394653e-06,,4.863366484642029e-06,,0.2125909924507141,,0.250541090965271,,0.1024775579571724,,0.03323725610971451,0.058392178267240524,,,,,,,,,,,,,,
7,,16059,,,,,,,,,,7.3499977588653564e-06,,4.0619634091854095e-06,,0.2294808179140091,,0.2634457051753998,,0.10958463698625565,,0.043868206441402435,0.06850326061248779,,,,,,,,,,,,,,
7,,16069,,,,,,,,,,6.331130862236023e-06,,3.414694219827652e-06,,0.19648802280426025,,0.27047550678253174,,0.10014690458774567,,0.036594051867723465,0.06121917814016342,,,,,,,,,,,,,,
7,,16079,,,,,,,,,,8.013099431991577e-06,,5.197245627641678e-06,,0.20188000798225403,,0.2544811964035034,,0.11271148175001144,,0.03624895215034485,0.06263002008199692,,,,,,,,,,,,,,
7,,16089,,,,,,,,,,7.720664143562317e-06,,4.53554093837738e-06,,0.22686639428138733,,0.2517392039299011,,0.08897870779037476,,0.032300446182489395,0.05538124591112137,,,,,,,,,,,,,,
7,,16099,,,,,,,,,,2.5162473320961e-05,,6.019137799739838e-06,,0.20392084121704102,,0.26231151819229126,,0.11029210686683655,,0.038024336099624634,0.0638992115855217,,,,,,,,,,,,,,
7,,16109,,,,,,,,,,9.911134839057922e-06,,4.496891051530838e-06,,0.18702995777130127,,0.2755220830440521,,0.12075486034154892,,0.04293059557676315,0.06996344029903412,,,,,,,,,,,,,,
7,,16119,,,,,,,,,,5.910173058509827e-06,,3.947410732507706e-06,,0.2575708329677582,,0.2575605511665344,,0.10558410733938217,,0.03862863779067993,0.06387566775083542,,,,,,,,,,,,,,
7,,16129,,,,,,,,,,6.387010216712952e-06,,5.213078111410141e-06,,0.19174784421920776,,0.2670608460903168,,0.10992312431335449,,0.03687883913516998,0.06305065006017685,,,,,,,,,,,,,,
7,,16139,,,,,,,,,,6.7427754402160645e-06,,5.391426384449005e-06,,0.19209182262420654,,0.2764962613582611,,0.10820747166872025,,0.03756304085254669,0.06368859112262726,,,,,,,,,,,,,,
7,,16149,,,,,,,,,,7.97957181930542e-06,,4.88990917801857e-06,,0.2208886742591858,,0.2694627642631531,,0.10832059383392334,,0.043207477778196335,0.06795194000005722,,,,,,,,,,,,,,
7,,16151,,,,,,,,,,,,,,,,,,,,,,0.9780105948448181,1.0,1.0,0.9489991068840027,0.9080604314804077,0.9622694253921509,0.9866637587547302,0.06839646399021149,5.960464477539062e-07,5.960464477539062e-07,0.21007362008094788,0.2612939774990082,0.11676889657974243,0.04236749932169914
7,,16151,0.97713303565979,1.0,1.0,0.948940634727478,0.9077877998352051,0.9611023664474487,0.9858046770095825,0.06939907371997833,6.085592758608982e-06,,6.173905603645835e-06,,0.21083377301692963,,0.2628723382949829,,0.11697600781917572,,0.04354173317551613,,,,,,,,,,,,,,,,
,0.00019635254915624216,16152,,,,,,,,,,,,,,,,,,,,,,,,,,,,,,,,,,,
8,,16159,,,,,,,,,,6.794929504394531e-06,,5.25452196598053e-06,,0.22022902965545654,,0.25782662630081177,,0.1022067666053772,,0.04422827810049057,0.06701779365539551,,,,,,,,,,,,,,
8,,16169,,,,,,,,,,6.720423698425293e-06,,8.069444447755814e-06,,0.2122388333082199,,0.26272761821746826,,0.12418066710233688,,0.050372231751680374,0.0758841410279274,,,,,,,,,,,,,,
8,,16179,,,,,,,,,,6.552785634994507e-06,,4.462897777557373e-06,,0.21498078107833862,,0.25606274604797363,,0.11623211950063705,,0.03973884880542755,0.06613606959581375,,,,,,,,,,,,,,
8,,16189,,,,,,,,,,1.4774501323699951e-05,,6.541144102811813e-06,,0.2235490083694458,,0.27122676372528076,,0.11304520070552826,,0.03726102411746979,0.06449098885059357,,,,,,,,,,,,,,
8,,16199,,,,,,,,,,4.6156346797943115e-06,,4.522036761045456e-06,,0.24334678053855896,,0.25763070583343506,,0.11853250116109848,,0.038296543061733246,0.06589151918888092,,,,,,,,,,,,,,
8,,16209,,,,,,,,,,5.088746547698975e-06,,6.148591637611389e-06,,0.21500322222709656,,0.2797849178314209,,0.12078196555376053,,0.050347425043582916,0.07606027275323868,,,,,,,,,,,,,,
8,,16219,,,,,,,,,,6.752088665962219e-06,,3.3373944461345673e-06,,0.21343550086021423,,0.253448486328125,,0.11339138448238373,,0.03752642124891281,0.06380289047956467,,,,,,,,,,,,,,
8,,16229,,,,,,,,,,6.508082151412964e-06,,5.741138011217117e-06,,0.20721706748008728,,0.26130393147468567,,0.10828115791082382,,0.04467421770095825,0.06850206851959229,,,,,,,,,,,,,,
8,,16239,,,,,,,,,,4.824250936508179e-06,,3.1604431569576263e-06,,0.18026107549667358,,0.2787099778652191,,0.11955897510051727,,0.0423145666718483,0.06934714317321777,,,,,,,,,,,,,,
8,,16249,,,,,,,,,,6.282702088356018e-06,,2.6319175958633423e-06,,0.22738918662071228,,0.26259928941726685,,0.11855688691139221,,0.047131218016147614,0.07256961613893509,,,,,,,,,,,,,,
8,,16259,,,,,,,,,,7.096678018569946e-06,,3.234483301639557e-06,,0.22375153005123138,,0.26687562465667725,,0.1081768125295639,,0.04195822402834892,0.06690005213022232,,,,,,,,,,,,,,
8,,16269,,,,,,,,,,5.727633833885193e-06,,3.916677087545395e-06,,0.21532148122787476,,0.2529141902923584,,0.1262214630842209,,0.04261365532875061,0.07002253085374832,,,,,,,,,,,,,,
8,,16279,,,,,,,,,,2.080574631690979e-06,,3.5264529287815094e-06,,0.20210012793540955,,0.26016104221343994,,0.1173485666513443,,0.044951245188713074,0.07029687613248825,,,,,,,,,,,,,,
8,,16289,,,,,,,,,,4.066154360771179e-06,,2.609100192785263e-06,,0.21847003698349,,0.24715736508369446,,0.11420926451683044,,0.03792507201433182,0.06401938199996948,,,,,,,,,,,,,,
8,,16299,,,,,,,,,,5.150213837623596e-06,,5.935318768024445e-06,,0.17595094442367554,,0.27796557545661926,,0.10312751680612564,,0.03542093187570572,0.06100858747959137,,,,,,,,,,,,,,
8,,16309,,,,,,,,,,3.589317202568054e-06,,3.2172538340091705e-06,,0.20785006880760193,,0.2686203122138977,,0.1207568496465683,,0.049493808299303055,0.07480786740779877,,,,,,,,,,,,,,
8,,16319,,,,,,,,,,4.623085260391235e-06,,4.571396857500076e-06,,0.20812344551086426,,0.25399067997932434,,0.11389085650444031,,0.039670173078775406,0.06546793133020401,,,,,,,,,,,,,,
8,,16329,,,,,,,,,,3.6265701055526733e-06,,3.2763928174972534e-06,,0.22432011365890503,,0.25581061840057373,,0.10738199949264526,,0.04014541208744049,0.064878910779953,,,,,,,,,,,,,,
8,,16339,,,,,,,,,,6.543472409248352e-06,,6.2552280724048615e-06,,0.2173519730567932,,0.2554723918437958,,0.1219959557056427,,0.04448786377906799,0.07077980786561966,,,,,,,,,,,,,,
8,,16349,,,,,,,,,,7.530674338340759e-06,,4.345085471868515e-06,,0.21829727292060852,,0.2400631159543991,,0.09645885974168777,,0.0313291996717453,0.05540761351585388,,,,,,,,,,,,,,
8,,16359,,,,,,,,,,5.8710575103759766e-06,,7.3248520493507385e-06,,0.190693199634552,,0.27702516317367554,,0.14684417843818665,,0.0493154302239418,0.07975959777832031,,,,,,,,,,,,,,
8,,16369,,,,,,,,,,6.729736924171448e-06,,6.096437573432922e-06,,0.237755686044693,,0.2533583641052246,,0.09816660732030869,,0.0376238077878952,0.06130145862698555,,,,,,,,,,,,,,
8,,16379,,,,,,,,,,2.944841980934143e-06,,3.836117684841156e-06,,0.21344837546348572,,0.2737244963645935,,0.11812375485897064,,0.047672830522060394,0.07325290888547897,,,,,,,,,,,,,,
8,,16389,,,,,,,,,,3.166496753692627e-06,,4.6244822442531586e-06,,0.2288408875465393,,0.24103808403015137,,0.11310140788555145,,0.03961484506726265,0.06491390615701675,,,,,,,,,,,,,,
8,,16399,,,,,,,,,,3.9208680391311646e-06,,4.048459231853485e-06,,0.18081659078598022,,0.2639514207839966,,0.11663071066141129,,0.041027095168828964,0.0671466514468193,,,,,,,,,,,,,,
8,,16409,,,,,,,,,,5.278736352920532e-06,,7.826369255781174e-06,,0.19570991396903992,,0.26520827412605286,,0.11769841611385345,,0.04543713480234146,0.07088875025510788,,,,,,,,,,,,,,
8,,16419,,,,,,,,,,4.906207323074341e-06,,4.371162503957748e-06,,0.22649794816970825,,0.2670114040374756,,0.1084846630692482,,0.04161718487739563,0.0667405053973198,,,,,,,,,,,,,,
8,,16429,,,,,,,,,,5.941838026046753e-06,,4.787463694810867e-06,,0.2403247356414795,,0.26712214946746826,,0.12137196958065033,,0.053375862538814545,0.07814589142799377,,,,,,,,,,,,,,
8,,16439,,,,,,,,,,1.337006688117981e-05,,4.193279892206192e-06,,0.18866237998008728,,0.2713523209095001,,0.1285812258720398,,0.04638977348804474,0.07384989410638809,,,,,,,,,,,,,,
8,,16449,,,,,,,,,,7.24010169506073e-06,,3.528781235218048e-06,,0.24382324516773224,,0.2533448338508606,,0.11958593875169754,,0.04782479628920555,0.0730416551232338,,,,,,,,,,,,,,
8,,16459,,,,,,,,,,9.702518582344055e-06,,4.523433744907379e-06,,0.19752059876918793,,0.2541459798812866,,0.10952562093734741,,0.03802334517240524,0.06329682469367981,,,,,,,,,,,,,,
8,,16469,,,,,,,,,,9.842216968536377e-06,,6.556045264005661e-06,,0.176906019449234,,0.2788422107696533,,0.13391754031181335,,0.04649763181805611,0.07514498382806778,,,,,,,,,,,,,,
8,,16479,,,,,,,,,,6.034970283508301e-06,,3.0687078833580017e-06,,0.20958223938941956,,0.26870840787887573,,0.11481339484453201,,0.043340928852558136,0.06910184025764465,,,,,,,,,,,,,,
8,,16489,,,,,,,,,,7.169321179389954e-06,,4.200730472803116e-06,,0.19446775317192078,,0.2647309899330139,,0.1253400444984436,,0.04581275209784508,0.07256674766540527,,,,,,,,,,,,,,
8,,16499,,,,,,,,,,7.368624210357666e-06,,4.596542567014694e-06,,0.20324482023715973,,0.2726609706878662,,0.10707789659500122,,0.0410451665520668,0.06603988260030746,,,,,,,,,,,,,,
8,,16509,,,,,,,,,,4.645437002182007e-06,,7.178168743848801e-06,,0.20259714126586914,,0.2696799635887146,,0.12083098292350769,,0.03775870054960251,0.06600640714168549,,,,,,,,,,,,,,
8,,16519,,,,,,,,,,3.732740879058838e-06,,2.1378044039011e-05,,0.226223886013031,,0.25733625888824463,,0.11839544773101807,,0.046144772320985794,0.07153895497322083,,,,,,,,,,,,,,
8,,16529,,,,,,,,,,3.935769200325012e-06,,4.999805241823196e-06,,0.2073214203119278,,0.26386529207229614,,0.1451682597398758,,0.05136064812541008,0.0805574506521225,,,,,,,,,,,,,,
8,,16539,,,,,,,,,,4.5280903577804565e-06,,3.7928111851215363e-06,,0.2327011525630951,,0.24610833823680878,,0.1114892065525055,,0.043331556022167206,0.06768272817134857,,,,,,,,,,,,,,
8,,16549,,,,,,,,,,9.249895811080933e-06,,4.61190938949585e-06,,0.2057926505804062,,0.26062577962875366,,0.11897563934326172,,0.04806741327047348,0.07300479710102081,,,,,,,,,,,,,,
8,,16559,,,,,,,,,,5.334615707397461e-06,,3.5758130252361298e-06,,0.16488493978977203,,0.28185009956359863,,0.13287484645843506,,0.05193566530942917,0.07902906090021133,,,,,,,,,,,,,,
8,,16569,,,,,,,,,,6.77257776260376e-06,,3.2945536077022552e-06,,0.22167621552944183,,0.25036191940307617,,0.10463816672563553,,0.03257417678833008,0.0583980455994606,,,,,,,,,,,,,,
8,,16579,,,,,,,,,,5.127862095832825e-06,,3.4673139452934265e-06,,0.2104400247335434,,0.26695576310157776,,0.1252809762954712,,0.04931151494383812,0.0754719078540802,,,,,,,,,,,,,,
8,,16589,,,,,,,,,,3.516674041748047e-06,,3.696884959936142e-06,,0.23089563846588135,,0.2529257833957672,,0.11242125928401947,,0.04430145397782326,0.06888361275196075,,,,,,,,,,,,,,
8,,16599,,,,,,,,,,6.070360541343689e-06,,2.6444904506206512e-06,,0.19365715980529785,,0.27262768149375916,,0.10816141963005066,,0.033567577600479126,0.06051957979798317,,,,,,,,,,,,,,
8,,16609,,,,,,,,,,8.417293429374695e-06,,4.112254828214645e-06,,0.19775211811065674,,0.2734193205833435,,0.11936306953430176,,0.046148307621479034,0.07214337587356567,,,,,,,,,,,,,,
8,,16619,,,,,,,,,,8.17514955997467e-06,,3.179069608449936e-06,,0.22768181562423706,,0.2545495331287384,,0.10633447766304016,,0.040513984858989716,0.0649392306804657,,,,,,,,,,,,,,
8,,16629,,,,,,,,,,8.597970008850098e-06,,3.2139942049980164e-06,,0.20161420106887817,,0.2661724090576172,,0.1084296777844429,,0.04092855751514435,0.06588258594274521,,,,,,,,,,,,,,
8,,16639,,,,,,,,,,6.387010216712952e-06,,5.9050507843494415e-06,,0.2167389988899231,,0.26896020770072937,,0.11393149197101593,,0.041408710181713104,0.0675826296210289,,,,,,,,,,,,,,
8,,16649,,,,,,,,,,5.21540641784668e-06,,3.973022103309631e-06,,0.268310546875,,0.23129501938819885,,0.1091417670249939,,0.04155682772397995,0.06563396006822586,,,,,,,,,,,,,,
8,,16659,,,,,,,,,,3.7420541048049927e-06,,2.7818605303764343e-06,,0.19354698061943054,,0.2519863545894623,,0.10058315098285675,,0.03528118133544922,0.05941472947597504,,,,,,,,,,,,,,
8,,16669,,,,,,,,,,3.689900040626526e-06,,2.9406510293483734e-06,,0.1945214420557022,,0.27526330947875977,,0.12247168272733688,,0.042162347584962845,0.06978476792573929,,,,,,,,,,,,,,
8,,16679,,,,,,,,,,4.066154360771179e-06,,2.1150335669517517e-06,,0.20964905619621277,,0.25232332944869995,,0.1244976818561554,,0.04879840463399887,0.07424473762512207,,,,,,,,,,,,,,
8,,16689,,,,,,,,,,2.9318034648895264e-06,,2.1532177925109863e-06,,0.19933739304542542,,0.2617286443710327,,0.12222303450107574,,0.048868902027606964,0.0741911381483078,,,,,,,,,,,,,,
8,,16699,,,,,,,,,,4.416331648826599e-06,,3.007706254720688e-06,,0.20975857973098755,,0.2731175422668457,,0.11376576125621796,,0.04415465146303177,0.06972459703683853,,,,,,,,,,,,,,
8,,16709,,,,,,,,,,2.896413207054138e-06,,2.359040081501007e-06,,0.2275991439819336,,0.2715001404285431,,0.11818987131118774,,0.045323193073272705,0.07156422734260559,,,,,,,,,,,,,,
8,,16719,,,,,,,,,,2.7604401111602783e-06,,2.759043127298355e-06,,0.21196797490119934,,0.2713301181793213,,0.11504703760147095,,0.043113790452480316,0.06912615150213242,,,,,,,,,,,,,,
8,,16729,,,,,,,,,,4.291534423828125e-06,,2.4833716452121735e-06,,0.20946186780929565,,0.26551997661590576,,0.12485554814338684,,0.0474126935005188,0.0738888680934906,,,,,,,,,,,,,,
8,,16739,,,,,,,,,,3.2745301723480225e-06,,2.6132911443710327e-06,,0.2637014091014862,,0.24985165894031525,,0.11716238409280777,,0.04212693125009537,0.0683818981051445,,,,,,,,,,,,,,
8,,16749,,,,,,,,,,6.4838677644729614e-06,,3.7937425076961517e-06,,0.22952736914157867,,0.24230439960956573,,0.09064212441444397,,0.03024471178650856,0.05373985692858696,,,,,,,,,,,,,,
8,,16759,,,,,,,,,,7.286667823791504e-06,,2.6975758373737335e-06,,0.2442770004272461,,0.2578262686729431,,0.10647685825824738,,0.04455069079995155,0.06834235787391663,,,,,,,,,,,,,,
8,,16769,,,,,,,,,,5.906447768211365e-06,,2.4740584194660187e-06,,0.21231982111930847,,0.26071134209632874,,0.12352756410837173,,0.04885748028755188,0.07453170418739319,,,,,,,,,,,,,,
8,,16779,,,,,,,,,,7.487833499908447e-06,,3.300141543149948e-06,,0.21837565302848816,,0.257657527923584,,0.11135120689868927,,0.04355677217245102,0.06819938123226166,,,,,,,,,,,,,,
8,,16789,,,,,,,,,,3.7141144275665283e-06,,3.855675458908081e-06,,0.20599618554115295,,0.24789384007453918,,0.11936572939157486,,0.04751945286989212,0.07207231223583221,,,,,,,,,,,,,,
8,,16799,,,,,,,,,,3.470107913017273e-06,,2.5532208383083344e-06,,0.1654462218284607,,0.27727341651916504,,0.13008065521717072,,0.049098409712314606,0.07616855204105377,,,,,,,,,,,,,,
8,,16809,,,,,,,,,,5.640089511871338e-06,,3.4314580261707306e-06,,0.20742006599903107,,0.2591044008731842,,0.11407113820314407,,0.04031422734260559,0.06621641665697098,,,,,,,,,,,,,,
8,,16819,,,,,,,,,,3.593042492866516e-06,,2.6132911443710327e-06,,0.20647741854190826,,0.2641258239746094,,0.1500927209854126,,0.05271005257964134,0.08249562978744507,,,,,,,,,,,,,,
8,,16829,,,,,,,,,,3.63960862159729e-06,,2.7567148208618164e-06,,0.23067724704742432,,0.25957685708999634,,0.11761830747127533,,0.04199058562517166,0.06843400746583939,,,,,,,,,,,,,,
8,,16839,,,,,,,,,,2.7436763048171997e-06,,1.964159309864044e-06,,0.17645445466041565,,0.2612434923648834,,0.11795590817928314,,0.041770100593566895,0.06777448207139969,,,,,,,,,,,,,,
8,,16849,,,,,,,,,,6.528571248054504e-06,,2.7562491595745087e-06,,0.18132948875427246,,0.2791661024093628,,0.11366723477840424,,0.04666293039917946,0.07153814285993576,,,,,,,,,,,,,,
8,,16859,,,,,,,,,,4.980713129043579e-06,,2.693384885787964e-06,,0.2108106017112732,,0.2694548964500427,,0.10842679440975189,,0.040127359330654144,0.06554269045591354,,,,,,,,,,,,,,
8,,16869,,,,,,,,,,6.530433893203735e-06,,2.4926848709583282e-06,,0.2075703740119934,,0.26449325680732727,,0.12436191737651825,,0.04208780825138092,0.06973133981227875,,,,,,,,,,,,,,
8,,16879,,,,,,,,,,7.946044206619263e-06,,3.225170075893402e-06,,0.20773611962795258,,0.26046043634414673,,0.10870309174060822,,0.04468846321105957,0.06855842471122742,,,,,,,,,,,,,,
8,,16889,,,,,,,,,,6.878748536109924e-06,,2.4707987904548645e-06,,0.17047613859176636,,0.2936299443244934,,0.1280003786087036,,0.05024239420890808,0.07746246457099915,,,,,,,,,,,,,,
8,,16899,,,,,,,,,,6.983056664466858e-06,,4.818663001060486e-06,,0.22157928347587585,,0.2545073628425598,,0.11183938384056091,,0.0413166768848896,0.06650031358003616,,,,,,,,,,,,,,
8,,16909,,,,,,,,,,6.4838677644729614e-06,,4.449393600225449e-06,,0.2163020223379135,,0.26394546031951904,,0.12047705799341202,,0.04415236786007881,0.07062821835279465,,,,,,,,,,,,,,
8,,16919,,,,,,,,,,7.674098014831543e-06,,8.201226592063904e-06,,0.23125837743282318,,0.2507282495498657,,0.09975505620241165,,0.039614275097846985,0.0628931075334549,,,,,,,,,,,,,,
8,,16929,,,,,,,,,,1.3573095202445984e-05,,1.0632909834384918e-05,,0.2183961719274521,,0.26201140880584717,,0.11347359418869019,,0.04662158340215683,0.07110100239515305,,,,,,,,,,,,,,
8,,16939,,,,,,,,,,1.1701136827468872e-05,,9.40915197134018e-06,,0.22732102870941162,,0.2533745765686035,,0.10742296278476715,,0.03597134351730347,0.0616762600839138,,,,,,,,,,,,,,
8,,16949,,,,,,,,,,7.160007953643799e-06,,1.3502314686775208e-05,,0.18691764771938324,,0.2578184902667999,,0.10773105919361115,,0.03760264813899994,0.06269259750843048,,,,,,,,,,,,,,
8,,16959,,,,,,,,,,6.517395377159119e-06,,6.99702650308609e-06,,0.2012871503829956,,0.2739611268043518,,0.11583178490400314,,0.04629727452993393,0.07165969908237457,,,,,,,,,,,,,,
8,,16969,,,,,,,,,,6.336718797683716e-06,,5.657318979501724e-06,,0.19539903104305267,,0.2569902837276459,,0.1179252564907074,,0.04445982724428177,0.06980917602777481,,,,,,,,,,,,,,
8,,16979,,,,,,,,,,9.695068001747131e-06,,7.520429790019989e-06,,0.20189309120178223,,0.27688759565353394,,0.11576154828071594,,0.043442822992801666,0.06964948028326035,,,,,,,,,,,,,,
8,,16989,,,,,,,,,,1.1147931218147278e-05,,5.910638719797134e-06,,0.2201213538646698,,0.2478344589471817,,0.12069796025753021,,0.04672294110059738,0.07188744097948074,,,,,,,,,,,,,,
8,,16999,,,,,,,,,,6.774440407752991e-06,,6.328802555799484e-06,,0.2430265247821808,,0.26870280504226685,,0.11057369410991669,,0.04454676806926727,0.0696030706167221,,,,,,,,,,,,,,
8,,17009,,,,,,,,,,1.142360270023346e-05,,7.507391273975372e-06,,0.2512468993663788,,0.2364928126335144,,0.11541688442230225,,0.03949140012264252,0.06530509144067764,,,,,,,,,,,,,,
8,,17019,,,,,,,,,,7.874518632888794e-05,,6.117392331361771e-06,,0.240749791264534,,0.2608969807624817,,0.10955291986465454,,0.04182618111371994,0.06697806715965271,,,,,,,,,,,,,,
8,,17029,,,,,,,,,,2.0410865545272827e-05,,6.181653589010239e-06,,0.24611684679985046,,0.2560808062553406,,0.12348403036594391,,0.0486249104142189,0.07452813535928726,,,,,,,,,,,,,,
8,,17039,,,,,,,,,,8.903443813323975e-06,,3.578606992959976e-06,,0.21876725554466248,,0.25877735018730164,,0.1264679729938507,,0.045108385384082794,0.07225555926561356,,,,,,,,,,,,,,
8,,17049,,,,,,,,,,1.8268823623657227e-05,,8.318573236465454e-06,,0.18809041380882263,,0.26468735933303833,,0.1303505152463913,,0.05470457300543785,0.0801001489162445,,,,,,,,,,,,,,
8,,17059,,,,,,,,,,1.1134892702102661e-05,,3.311317414045334e-06,,0.18932729959487915,,0.2795272469520569,,0.12448006123304367,,0.04683031141757965,0.07380230724811554,,,,,,,,,,,,,,
8,,17069,,,,,,,,,,9.426847100257874e-06,,2.250541001558304e-06,,0.17070791125297546,,0.2590874433517456,,0.1136900782585144,,0.04030553996562958,0.06570731103420258,,,,,,,,,,,,,,
8,,17079,,,,,,,,,,1.0706484317779541e-05,,3.833789378404617e-06,,0.17764590680599213,,0.2919768989086151,,0.10247925668954849,,0.04061259329319,0.0654585137963295,,,,,,,,,,,,,,
8,,17089,,,,,,,,,,5.792826414108276e-06,,4.041008651256561e-06,,0.19161292910575867,,0.2589397728443146,,0.1174907237291336,,0.040658287703990936,0.06692285090684891,,,,,,,,,,,,,,
8,,17099,,,,,,,,,,9.991228580474854e-06,,4.787929356098175e-06,,0.20302337408065796,,0.271367609500885,,0.11204913258552551,,0.0419134646654129,0.0675603598356247,,,,,,,,,,,,,,
8,,17109,,,,,,,,,,6.582587957382202e-06,,3.937631845474243e-06,,0.22624319791793823,,0.25643494725227356,,0.10597102344036102,,0.039594314992427826,0.06425268203020096,,,,,,,,,,,,,,
8,,17119,,,,,,,,,,4.408881068229675e-06,,2.9993243515491486e-06,,0.2253117710351944,,0.24841716885566711,,0.10604416579008102,,0.03949250280857086,0.06380317360162735,,,,,,,,,,,,,,
8,,17129,,,,,,,,,,7.331371307373047e-06,,4.496891051530838e-06,,0.23037660121917725,,0.25970083475112915,,0.12330947816371918,,0.04749450087547302,0.07363259792327881,,,,,,,,,,,,,,
8,,17139,,,,,,,,,,6.433576345443726e-06,,6.217043846845627e-06,,0.20734791457653046,,0.26635921001434326,,0.10747610777616501,,0.04465121775865555,0.06857239454984665,,,,,,,,,,,,,,
8,,17149,,,,,,,,,,7.236376404762268e-06,,7.442198693752289e-06,,0.22691377997398376,,0.2687000632286072,,0.11164477467536926,,0.04709813743829727,0.07152894884347916,,,,,,,,,,,,,,
8,,17159,,,,,,,,,,5.461275577545166e-06,,6.533227860927582e-06,,0.17265208065509796,,0.27328380942344666,,0.1289844959974289,,0.04849163815379143,0.07540520280599594,,,,,,,,,,,,,,
8,,17169,,,,,,,,,,5.271285772323608e-06,,2.5587156414985657e-05,,0.25052735209465027,,0.2724219262599945,,0.10961779952049255,,0.044503696262836456,0.06965383887290955,,,,,,,,,,,,,,
8,,17179,,,,,,,,,,1.263059675693512e-05,,1.0064803063869476e-05,,0.21097004413604736,,0.2494032382965088,,0.11471806466579437,,0.0426475927233696,0.06767497956752777,,,,,,,,,,,,,,
8,,17189,,,,,,,,,,1.4137476682662964e-05,,5.1925890147686005e-06,,0.20661994814872742,,0.25266414880752563,,0.11150086671113968,,0.04755416885018349,0.07085432857275009,,,,,,,,,,,,,,
8,,17199,,,,,,,,,,1.3239681720733643e-05,,7.7858567237854e-06,,0.2415001094341278,,0.268459677696228,,0.11901580542325974,,0.04831140115857124,0.07398124039173126,,,,,,,,,,,,,,
8,,17209,,,,,,,,,,9.970739483833313e-06,,4.647299647331238e-06,,0.22254317998886108,,0.26562196016311646,,0.11866406351327896,,0.04308019578456879,0.06963563710451126,,,,,,,,,,,,,,
8,,17219,,,,,,,,,,1.8330290913581848e-05,,3.7639401853084564e-06,,0.21534258127212524,,0.25044381618499756,,0.10942725837230682,,0.038713470101356506,0.06383142620325089,,,,,,,,,,,,,,
8,,17229,,,,,,,,,,1.5428289771080017e-05,,5.53252175450325e-06,,0.2660633325576782,,0.2638075649738312,,0.12033900618553162,,0.0455150306224823,0.07220140844583511,,,,,,,,,,,,,,
8,,17239,,,,,,,,,,1.0445713996887207e-05,,4.58909198641777e-06,,0.1843613237142563,,0.257327675819397,,0.12103033810853958,,0.04001616686582565,0.06694439798593521,,,,,,,,,,,,,,
8,,17249,,,,,,,,,,1.3375654816627502e-05,,7.463153451681137e-06,,0.17643973231315613,,0.26375097036361694,,0.11286260187625885,,0.04496140033006668,0.06933072954416275,,,,,,,,,,,,,,
8,,17259,,,,,,,,,,9.90554690361023e-06,,5.14741986989975e-06,,0.20822042226791382,,0.2570715546607971,,0.11607948690652847,,0.04696177318692207,0.07149402052164078,,,,,,,,,,,,,,
8,,17269,,,,,,,,,,6.701797246932983e-06,,6.34416937828064e-06,,0.23612172901630402,,0.2576400637626648,,0.0980091243982315,,0.030940067023038864,0.05643949657678604,,,,,,,,,,,,,,
8,,17279,,,,,,,,,,9.119510650634766e-06,,3.3490359783172607e-06,,0.22821179032325745,,0.25721222162246704,,0.1093563586473465,,0.04392053186893463,0.06819256395101547,,,,,,,,,,,,,,
8,,17289,,,,,,,,,,1.0758638381958008e-05,,7.662922143936157e-06,,0.21028287708759308,,0.25101351737976074,,0.09678848087787628,,0.03261343389749527,0.05685233697295189,,,,,,,,,,,,,,
8,,17299,,,,,,,,,,8.221715688705444e-06,,6.900634616613388e-06,,0.24016009271144867,,0.26258862018585205,,0.10627787560224533,,0.03696528077125549,0.06278964132070541,,,,,,,,,,,,,,
8,,17309,,,,,,,,,,6.085261702537537e-06,,4.246830940246582e-06,,0.2509339451789856,,0.2509958744049072,,0.11005673557519913,,0.037211865186691284,0.06326606869697571,,,,,,,,,,,,,,
8,,17319,,,,,,,,,,5.409121513366699e-06,,4.557892680168152e-06,,0.19746649265289307,,0.2539246678352356,,0.10287833958864212,,0.0401066429913044,0.06360200047492981,,,,,,,,,,,,,,
8,,17329,,,,,,,,,,4.211440682411194e-06,,3.223307430744171e-06,,0.17093533277511597,,0.26866036653518677,,0.1096385270357132,,0.03490378335118294,0.06134665384888649,,,,,,,,,,,,,,
8,,17339,,,,,,,,,,1.1062249541282654e-05,,3.593508154153824e-06,,0.23114381730556488,,0.25393491983413696,,0.10555528104305267,,0.03611934930086136,0.06150807812809944,,,,,,,,,,,,,,
8,,17349,,,,,,,,,,4.414469003677368e-06,,3.5427510738372803e-06,,0.21031494438648224,,0.2645342946052551,,0.11617600917816162,,0.039992257952690125,0.066658154129982,,,,,,,,,,,,,,
8,,17359,,,,,,,,,,4.695728421211243e-06,,2.8028152883052826e-06,,0.22160205245018005,,0.2516152560710907,,0.10458867251873016,,0.03545330837368965,0.06060653179883957,,,,,,,,,,,,,,
8,,17369,,,,,,,,,,5.4370611906051636e-06,,6.5052881836891174e-06,,0.19293759763240814,,0.2607336938381195,,0.1235552430152893,,0.04575379937887192,0.07198243588209152,,,,,,,,,,,,,,
8,,17379,,,,,,,,,,5.632638931274414e-06,,6.284564733505249e-06,,0.19115996360778809,,0.25661593675613403,,0.09288130700588226,,0.037502218037843704,0.05982556566596031,,,,,,,,,,,,,,
8,,17389,,,,,,,,,,4.861503839492798e-06,,7.0319510996341705e-06,,0.23021194338798523,,0.25971657037734985,,0.10712964087724686,,0.0423317477107048,0.06672395020723343,,,,,,,,,,,,,,
8,,17399,,,,,,,,,,5.31412661075592e-06,,8.847098797559738e-06,,0.19369441270828247,,0.2796889543533325,,0.14037591218948364,,0.059239309281110764,0.08615130186080933,,,,,,,,,,,,,,
8,,17409,,,,,,,,,,7.342547178268433e-06,,8.794944733381271e-06,,0.2650047540664673,,0.2655131220817566,,0.1294013410806656,,0.0423756018280983,0.07161342352628708,,,,,,,,,,,,,,
8,,17419,,,,,,,,,,6.195157766342163e-06,,8.598901331424713e-06,,0.21542805433273315,,0.2694851756095886,,0.12175846099853516,,0.044782351702451706,0.07159065455198288,,,,,,,,,,,,,,
8,,17429,,,,,,,,,,4.017725586891174e-06,,2.5727786123752594e-06,,0.22775167226791382,,0.25269123911857605,,0.11279898881912231,,0.03932122513651848,0.065170519053936,,,,,,,,,,,,,,
8,,17439,,,,,,,,,,3.550201654434204e-06,,4.872679710388184e-06,,0.22342756390571594,,0.24721089005470276,,0.11669887602329254,,0.04811546579003334,0.07219158113002777,,,,,,,,,,,,,,
8,,17449,,,,,,,,,,4.8745423555374146e-06,,2.479972317814827e-05,,0.17308275401592255,,0.273739218711853,,0.12799856066703796,,0.04833625257015228,0.07513017952442169,,,,,,,,,,,,,,
8,,17459,,,,,,,,,,8.765608072280884e-06,,5.427747964859009e-06,,0.24960586428642273,,0.25197887420654297,,0.11793956160545349,,0.0407288558781147,0.06741336733102798,,,,,,,,,,,,,,
8,,17469,,,,,,,,,,6.0908496379852295e-06,,6.282702088356018e-06,,0.21076700091362,,0.26951128244400024,,0.12987181544303894,,0.05045347660779953,0.07731323689222336,,,,,,,,,,,,,,
8,,17479,,,,,,,,,,1.1354684829711914e-05,,7.602386176586151e-06,,0.1986134946346283,,0.2842096984386444,,0.11756888031959534,,0.039922114461660385,0.067652128636837,,,,,,,,,,,,,,
8,,17489,,,,,,,,,,8.50483775138855e-06,,5.266163498163223e-06,,0.24350053071975708,,0.2684025168418884,,0.12640443444252014,,0.05146937072277069,0.07775675505399704,,,,,,,,,,,,,,
8,,17499,,,,,,,,,,1.198798418045044e-05,,1.3409648090600967e-05,,0.19904792308807373,,0.26353177428245544,,0.10964548587799072,,0.043838925659656525,0.06814005225896835,,,,,,,,,,,,,,
8,,17509,,,,,,,,,,8.670613169670105e-06,,6.5034255385398865e-06,,0.17770445346832275,,0.2517630159854889,,0.11492501199245453,,0.03850141167640686,0.06432408839464188,,,,,,,,,,,,,,
8,,17519,,,,,,,,,,9.628012776374817e-06,,3.3457763493061066e-06,,0.2055736482143402,,0.2541908621788025,,0.1280013918876648,,0.04594896361231804,0.0728040412068367,,,,,,,,,,,,,,
8,,17529,,,,,,,,,,1.2861564755439758e-05,,1.1310912668704987e-05,,0.1890420913696289,,0.26319849491119385,,0.10875840485095978,,0.04244742542505264,0.06679688394069672,,,,,,,,,,,,,,
8,,17539,,,,,,,,,,1.1363998055458069e-05,,7.914379239082336e-06,,0.2331252545118332,,0.23588883876800537,,0.10557916015386581,,0.03674199804663658,0.061156779527664185,,,,,,,,,,,,,,
8,,17549,,,,,,,,,,1.1922791600227356e-05,,8.53557139635086e-06,,0.19556763768196106,,0.26661020517349243,,0.12232021242380142,,0.043931975960731506,0.07069047540426254,,,,,,,,,,,,,,
8,,17559,,,,,,,,,,1.3707205653190613e-05,,7.4231065809726715e-06,,0.22172686457633972,,0.266115665435791,,0.11777956783771515,,0.05047480762004852,0.07503066211938858,,,,,,,,,,,,,,
8,,17569,,,,,,,,,,8.162111043930054e-06,,3.773719072341919e-06,,0.22338493168354034,,0.2578921914100647,,0.12063627690076828,,0.04355299472808838,0.07000765204429626,,,,,,,,,,,,,,
8,,17579,,,,,,,,,,9.233132004737854e-06,,5.719717592000961e-06,,0.2048913985490799,,0.25810593366622925,,0.12369315326213837,,0.04916864633560181,0.07458697259426117,,,,,,,,,,,,,,
8,,17589,,,,,,,,,,1.9663944840431213e-05,,5.110166966915131e-06,,0.25256362557411194,,0.2511622905731201,,0.10964401066303253,,0.03719431534409523,0.06320241093635559,,,,,,,,,,,,,,
8,,17599,,,,,,,,,,9.519979357719421e-06,,5.073845386505127e-06,,0.2075490951538086,,0.27744942903518677,,0.11408386379480362,,0.045505341142416,0.07097474485635757,,,,,,,,,,,,,,
8,,17609,,,,,,,,,,1.0475516319274902e-05,,6.416346877813339e-06,,0.22112177312374115,,0.25431060791015625,,0.1154910996556282,,0.043702010065317154,0.0689600333571434,,,,,,,,,,,,,,
8,,17619,,,,,,,,,,8.339062333106995e-06,,4.299916326999664e-06,,0.17604124546051025,,0.2733392119407654,,0.11447352170944214,,0.04060735926032066,0.06681139767169952,,,,,,,,,,,,,,
8,,17629,,,,,,,,,,6.8675726652145386e-06,,4.698522388935089e-06,,0.19347205758094788,,0.25684046745300293,,0.1164226159453392,,0.04285074770450592,0.06829063594341278,,,,,,,,,,,,,,
8,,17639,,,,,,,,,,5.606561899185181e-06,,6.668735295534134e-06,,0.2214592844247818,,0.26714015007019043,,0.10905098915100098,,0.04221538454294205,0.06724245846271515,,,,,,,,,,,,,,
8,,17649,,,,,,,,,,6.366521120071411e-06,,6.116461008787155e-06,,0.1948462426662445,,0.2710525393486023,,0.10940524935722351,,0.04292289912700653,0.06771115958690643,,,,,,,,,,,,,,
8,,17659,,,,,,,,,,7.810071110725403e-06,,4.573259502649307e-06,,0.20298972725868225,,0.27385634183883667,,0.11236360669136047,,0.03954847902059555,0.06596145778894424,,,,,,,,,,,,,,
8,,17669,,,,,,,,,,6.195157766342163e-06,,4.417262971401215e-06,,0.19137710332870483,,0.2653508186340332,,0.1277022659778595,,0.04368061199784279,0.07140310853719711,,,,,,,,,,,,,,
8,,17679,,,,,,,,,,9.912997484207153e-06,,3.06498259305954e-06,,0.21876253187656403,,0.25236624479293823,,0.10953973233699799,,0.037291012704372406,0.0629156306385994,,,,,,,,,,,,,,
8,,17689,,,,,,,,,,1.0371208190917969e-05,,5.987007170915604e-06,,0.20020565390586853,,0.28002533316612244,,0.11953079700469971,,0.04509434103965759,0.07172266393899918,,,,,,,,,,,,,,
8,,17699,,,,,,,,,,5.554407835006714e-06,,4.032626748085022e-06,,0.19871073961257935,,0.25655248761177063,,0.10856689512729645,,0.04047868400812149,0.0650857537984848,,,,,,,,,,,,,,
8,,17709,,,,,,,,,,5.748122930526733e-06,,5.526002496480942e-06,,0.2288987934589386,,0.2514408230781555,,0.11564872413873672,,0.04511059820652008,0.07000289112329483,,,,,,,,,,,,,,
8,,17719,,,,,,,,,,7.066875696182251e-06,,3.786291927099228e-06,,0.1990392506122589,,0.26405757665634155,,0.11366716772317886,,0.04568757861852646,0.07030564546585083,,,,,,,,,,,,,,
8,,17729,,,,,,,,,,7.543712854385376e-06,,4.434026777744293e-06,,0.21007221937179565,,0.25974011421203613,,0.10868685692548752,,0.04323814809322357,0.06746098399162292,,,,,,,,,,,,,,
8,,17739,,,,,,,,,,6.787478923797607e-06,,5.141366273164749e-06,,0.20584911108016968,,0.25540417432785034,,0.11823693662881851,,0.04414818435907364,0.06968196481466293,,,,,,,,,,,,,,
8,,17749,,,,,,,,,,9.363517165184021e-06,,7.732771337032318e-06,,0.22021082043647766,,0.2556552588939667,,0.12777391076087952,,0.0560385137796402,0.08057063072919846,,,,,,,,,,,,,,
8,,17759,,,,,,,,,,7.653608918190002e-06,,4.964880645275116e-06,,0.2617028057575226,,0.2473006248474121,,0.10587345063686371,,0.032906074076890945,0.0592043474316597,,,,,,,,,,,,,,
8,,17769,,,,,,,,,,4.857778549194336e-06,,6.897840648889542e-06,,0.215005025267601,,0.26395511627197266,,0.11065231263637543,,0.04010988771915436,0.06573828309774399,,,,,,,,,,,,,,
8,,17779,,,,,,,,,,1.6298145055770874e-05,,1.6722828149795532e-05,,0.1844293475151062,,0.2679339051246643,,0.10991175472736359,,0.04622587561607361,0.07001569867134094,,,,,,,,,,,,,,
8,,17789,,,,,,,,,,5.425885319709778e-06,,5.540437996387482e-06,,0.20779360830783844,,0.2516218423843384,,0.12557822465896606,,0.045516371726989746,0.07193063944578171,,,,,,,,,,,,,,
8,,17799,,,,,,,,,,5.209818482398987e-06,,5.587469786405563e-06,,0.20281675457954407,,0.2440100461244583,,0.1058027520775795,,0.03883574157953262,0.06279490143060684,,,,,,,,,,,,,,
8,,17809,,,,,,,,,,5.8729201555252075e-06,,3.5939738154411316e-06,,0.20080313086509705,,0.27089428901672363,,0.1267806887626648,,0.04801115766167641,0.07484936714172363,,,,,,,,,,,,,,
8,,17819,,,,,,,,,,6.44288957118988e-06,,8.213333785533905e-06,,0.22258085012435913,,0.2544829249382019,,0.10341282188892365,,0.034296900033950806,0.05966443195939064,,,,,,,,,,,,,,
8,,17829,,,,,,,,,,3.4403055906295776e-06,,3.876630216836929e-06,,0.20390383899211884,,0.25708645582199097,,0.11657275259494781,,0.044727928936481476,0.06986083835363388,,,,,,,,,,,,,,
8,,17839,,,,,,,,,,5.329027771949768e-06,,5.107372999191284e-06,,0.24453389644622803,,0.2684204578399658,,0.12394490092992783,,0.05018417909741402,0.07634430378675461,,,,,,,,,,,,,,
8,,17849,,,,,,,,,,4.021450877189636e-06,,2.4079345166683197e-06,,0.2204132080078125,,0.25685232877731323,,0.12146987020969391,,0.044589344412088394,0.07085783779621124,,,,,,,,,,,,,,
8,,17859,,,,,,,,,,3.071501851081848e-06,,3.5623088479042053e-06,,0.23421433568000793,,0.2591760456562042,,0.10398098826408386,,0.03543367236852646,0.0609801709651947,,,,,,,,,,,,,,
8,,17869,,,,,,,,,,3.086403012275696e-06,,3.791414201259613e-06,,0.22350195050239563,,0.24197089672088623,,0.11366992443799973,,0.03877505660057068,0.06437168270349503,,,,,,,,,,,,,,
8,,17879,,,,,,,,,,3.3173710107803345e-06,,4.100613296031952e-06,,0.2029552161693573,,0.2544257640838623,,0.10378094017505646,,0.0395079143345356,0.0634099468588829,,,,,,,,,,,,,,
8,,17889,,,,,,,,,,4.049390554428101e-06,,2.95368954539299e-06,,0.19970718026161194,,0.24936504662036896,,0.11261826753616333,,0.04398438334465027,0.06815017014741898,,,,,,,,,,,,,,
8,,17899,,,,,,,,,,3.1385570764541626e-06,,5.835201591253281e-06,,0.1910993456840515,,0.26949334144592285,,0.11018859595060349,,0.04406393691897392,0.06859702616930008,,,,,,,,,,,,,,
8,,17909,,,,,,,,,,4.064291715621948e-06,,6.158370524644852e-06,,0.21206581592559814,,0.2560878396034241,,0.11263352632522583,,0.04579662159085274,0.06997261941432953,,,,,,,,,,,,,,
8,,17919,,,,,,,,,,3.814697265625e-06,,2.9294751584529877e-06,,0.2311706691980362,,0.2664487063884735,,0.10630662739276886,,0.036836881190538406,0.06277430057525635,,,,,,,,,,,,,,
8,,17929,,,,,,,,,,4.827976226806641e-06,,3.2638199627399445e-06,,0.24671737849712372,,0.2702515721321106,,0.12472347170114517,,0.04988868907094002,0.07638008892536163,,,,,,,,,,,,,,
8,,17939,,,,,,,,,,3.4477561712265015e-06,,5.1478855311870575e-06,,0.20434115827083588,,0.2541303038597107,,0.10385210812091827,,0.034479059278964996,0.05965312570333481,,,,,,,,,,,,,,
8,,17949,,,,,,,,,,2.8032809495925903e-06,,2.1578744053840637e-06,,0.20097678899765015,,0.27151113748550415,,0.12091834843158722,,0.04333669692277908,0.07027415931224823,,,,,,,,,,,,,,
8,,17959,,,,,,,,,,2.8070062398910522e-06,,2.8391368687152863e-06,,0.18737073242664337,,0.2561952769756317,,0.10897175222635269,,0.04345636069774628,0.06724581122398376,,,,,,,,,,,,,,
8,,17969,,,,,,,,,,2.600252628326416e-06,,2.2617168724536896e-06,,0.23195615410804749,,0.24642974138259888,,0.10544909536838531,,0.03569468855857849,0.060827214270830154,,,,,,,,,,,,,,
8,,17979,,,,,,,,,,4.470348358154297e-06,,2.8423964977264404e-06,,0.2562767565250397,,0.2375459372997284,,0.10318280756473541,,0.03947025537490845,0.0631030946969986,,,,,,,,,,,,,,
8,,17989,,,,,,,,,,4.377216100692749e-06,,2.1192245185375214e-06,,0.21444708108901978,,0.2512110471725464,,0.11668170243501663,,0.045428741723299026,0.0702551081776619,,,,,,,,,,,,,,
8,,17999,,,,,,,,,,3.0025839805603027e-06,,3.1348317861557007e-06,,0.2716054320335388,,0.2588743567466736,,0.11699126660823822,,0.044130150228738785,0.07036828249692917,,,,,,,,,,,,,,
8,,18009,,,,,,,,,,1.9166618585586548e-06,,1.8738210201263428e-06,,0.21340203285217285,,0.26473551988601685,,0.10517040640115738,,0.04100107401609421,0.0653965100646019,,,,,,,,,,,,,,
8,,18019,,,,,,,,,,3.822147846221924e-06,,2.598855644464493e-06,,0.22460228204727173,,0.260342538356781,,0.11851733922958374,,0.04699591547250748,0.07232222706079483,,,,,,,,,,,,,,
8,,18029,,,,,,,,,,5.491077899932861e-06,,2.1676532924175262e-06,,0.21353024244308472,,0.24266809225082397,,0.10642918944358826,,0.04567316174507141,0.06810435652732849,,,,,,,,,,,,,,
8,,18039,,,,,,,,,,2.47173011302948e-06,,2.337619662284851e-06,,0.23160263895988464,,0.2497619390487671,,0.10711103677749634,,0.036583006381988525,0.06195739284157753,,,,,,,,,,,,,,
8,,18049,,,,,,,,,,6.245449185371399e-06,,4.209112375974655e-06,,0.20258116722106934,,0.2629231810569763,,0.10290271043777466,,0.04066728055477142,0.06450901180505753,,,,,,,,,,,,,,
8,,18059,,,,,,,,,,3.8780272006988525e-06,,2.963002771139145e-06,,0.21455751359462738,,0.26425960659980774,,0.12213270366191864,,0.0449114590883255,0.07150246202945709,,,,,,,,,,,,,,
8,,18069,,,,,,,,,,4.997476935386658e-06,,3.3369287848472595e-06,,0.21212542057037354,,0.25829192996025085,,0.10748159885406494,,0.038621049374341965,0.06372743844985962,,,,,,,,,,,,,,
8,,18079,,,,,,,,,,4.393979907035828e-06,,3.6442652344703674e-06,,0.19502949714660645,,0.27488648891448975,,0.11314139515161514,,0.03913611173629761,0.06575296819210052,,,,,,,,,,,,,,
8,,18089,,,,,,,,,,4.328787326812744e-06,,4.661735147237778e-06,,0.1953640878200531,,0.25171560049057007,,0.12273403257131577,,0.04704003781080246,0.07239894568920135,,,,,,,,,,,,,,
8,,18099,,,,,,,,,,4.829838871955872e-06,,4.713423550128937e-06,,0.23889338970184326,,0.26718389987945557,,0.108970507979393,,0.03999679163098335,0.06576941907405853,,,,,,,,,,,,,,
8,,18109,,,,,,,,,,5.520880222320557e-06,,3.4798868000507355e-06,,0.22072142362594604,,0.25259533524513245,,0.10233607143163681,,0.03620137274265289,0.060780882835388184,,,,,,,,,,,,,,
8,,18119,,,,,,,,,,6.549060344696045e-06,,3.218185156583786e-06,,0.21251752972602844,,0.2618076801300049,,0.12359437346458435,,0.03690022975206375,0.06562782824039459,,,,,,,,,,,,,,
8,,18129,,,,,,,,,,4.332512617111206e-06,,1.905485987663269e-06,,0.2343047559261322,,0.2604859471321106,,0.10854102671146393,,0.03932230919599533,0.06481504440307617,,,,,,,,,,,,,,
8,,18139,,,,,,,,,,6.031244993209839e-06,,2.6579946279525757e-06,,0.21579602360725403,,0.24360790848731995,,0.10690785944461823,,0.03672529757022858,0.06155221909284592,,,,,,,,,,,,,,
8,,18149,,,,,,,,,,1.2997537851333618e-05,,2.585817128419876e-06,,0.20622727274894714,,0.27702760696411133,,0.11916782706975937,,0.04611383378505707,0.0723494216799736,,,,,,,,,,,,,,
8,,18159,,,,,,,,,,8.383765816688538e-06,,2.8298236429691315e-06,,0.1889767050743103,,0.28730934858322144,,0.11791935563087463,,0.04364766553044319,0.07054506242275238,,,,,,,,,,,,,,
8,,18169,,,,,,,,,,1.6298145055770874e-05,,2.9262155294418335e-06,,0.2216891348361969,,0.24916131794452667,,0.11803588271141052,,0.03807910159230232,0.06498429924249649,,,,,,,,,,,,,,
8,,18170,,,,,,,,,,,,,,,,,,,,,,0.9782713055610657,1.0,1.0,0.9489991068840027,0.9078823328018188,0.962879478931427,0.9868703484535217,0.06732702255249023,3.5762786865234375e-07,2.384185791015625e-07,0.20969779789447784,0.2608502507209778,0.11452034115791321,0.04153768718242645
8,,18170,0.9774920344352722,1.0,1.0,0.948940634727478,0.9079805612564087,0.9617376327514648,0.9861117601394653,0.06815116107463837,7.094224656611914e-06,,4.870081284025218e-06,,0.21067510545253754,,0.2624261677265167,,0.11494308710098267,,0.04241679236292839,,,,,,,,,,,,,,,,
,0.00017346516975603468,18171,,,,,,,,,,,,,,,,,,,,,,,,,,,,,,,,,,,
9,,18179,,,,,,,,,,8.070841431617737e-06,,3.4640543162822723e-06,,0.21410733461380005,,0.2617616057395935,,0.10221202671527863,,0.03536592423915863,0.06048312410712242,,,,,,,,,,,,,,
9,,18189,,,,,,,,,,6.3069164752960205e-06,,2.6137568056583405e-06,,0.20833301544189453,,0.26052629947662354,,0.09938165545463562,,0.04058104753494263,0.06373899430036545,,,,,,,,,,,,,,
9,,18199,,,,,,,,,,8.635222911834717e-06,,3.4817494451999664e-06,,0.21814316511154175,,0.26302629709243774,,0.10850260406732559,,0.04072242230176926,0.06578785926103592,,,,,,,,,,,,,,
9,,18209,,,,,,,,,,8.620321750640869e-06,,3.870576620101929e-06,,0.20160996913909912,,0.273244708776474,,0.10753655433654785,,0.03631797805428505,0.06258785724639893,,,,,,,,,,,,,,
9,,18219,,,,,,,,,,1.1848285794258118e-05,,8.3153136074543e-06,,0.20830640196800232,,0.2508423924446106,,0.08854639530181885,,0.03262769430875778,0.05528608337044716,,,,,,,,,,,,,,
9,,18229,,,,,,,,,,7.00727105140686e-06,,4.2729079723358154e-06,,0.19646674394607544,,0.25998151302337646,,0.0903395563364029,,0.03220362961292267,0.055593956261873245,,,,,,,,,,,,,,
9,,18239,,,,,,,,,,1.0754913091659546e-05,,5.17629086971283e-06,,0.21093641221523285,,0.26206904649734497,,0.1056496798992157,,0.03298559412360191,0.05931941047310829,,,,,,,,,,,,,,
9,,18249,,,,,,,,,,9.3020498752594e-06,,2.9206275939941406e-06,,0.18416690826416016,,0.2684757113456726,,0.11724770069122314,,0.0444888100028038,0.07011068612337112,,,,,,,,,,,,,,
9,,18259,,,,,,,,,,8.963048458099365e-06,,4.70457598567009e-06,,0.1770598292350769,,0.267641544342041,,0.11690419167280197,,0.04187610745429993,0.0679638460278511,,,,,,,,,,,,,,
9,,18269,,,,,,,,,,1.2053176760673523e-05,,2.8614886105060577e-06,,0.20067796111106873,,0.27154964208602905,,0.13397161662578583,,0.046661414206027985,0.07521470636129379,,,,,,,,,,,,,,
9,,18279,,,,,,,,,,1.5212222933769226e-05,,3.3564865589141846e-06,,0.2027609646320343,,0.2644885182380676,,0.10969498753547668,,0.03782352805137634,0.06372503936290741,,,,,,,,,,,,,,
9,,18289,,,,,,,,,,1.4400109648704529e-05,,3.986526280641556e-06,,0.2155906856060028,,0.26305657625198364,,0.11083043366670609,,0.0396990105509758,0.06542818993330002,,,,,,,,,,,,,,
9,,18299,,,,,,,,,,7.5660645961761475e-06,,3.3117830753326416e-06,,0.24671891331672668,,0.2762104272842407,,0.12408724427223206,,0.049170177429914474,0.07600116729736328,,,,,,,,,,,,,,
9,,18309,,,,,,,,,,5.1353126764297485e-06,,4.743225872516632e-06,,0.20729374885559082,,0.2609086334705353,,0.0900505781173706,,0.029574666172266006,0.053737934678792953,,,,,,,,,,,,,,
9,,18319,,,,,,,,,,9.08970832824707e-06,,4.364177584648132e-06,,0.2351210117340088,,0.26316097378730774,,0.12360237538814545,,0.04553951323032379,0.0724387839436531,,,,,,,,,,,,,,
9,,18329,,,,,,,,,,6.167218089103699e-06,,4.310626536607742e-06,,0.20151421427726746,,0.27940672636032104,,0.10235162079334259,,0.035299405455589294,0.06113911420106888,,,,,,,,,,,,,,
9,,18339,,,,,,,,,,6.3478946685791016e-06,,3.6531127989292145e-06,,0.1971907615661621,,0.2533942759037018,,0.12358362972736359,,0.04624985158443451,0.07206562161445618,,,,,,,,,,,,,,
9,,18349,,,,,,,,,,5.457550287246704e-06,,4.195608198642731e-06,,0.18899154663085938,,0.2652549743652344,,0.11847945302724838,,0.04541732743382454,0.07094380259513855,,,,,,,,,,,,,,
9,,18359,,,,,,,,,,5.7015568017959595e-06,,4.03309240937233e-06,,0.197398841381073,,0.2715887725353241,,0.11412735283374786,,0.04546259716153145,0.07055705785751343,,,,,,,,,,,,,,
9,,18369,,,,,,,,,,6.16908073425293e-06,,3.321561962366104e-06,,0.21120135486125946,,0.2684938907623291,,0.11425645649433136,,0.043508924543857574,0.06913234293460846,,,,,,,,,,,,,,
9,,18379,,,,,,,,,,1.1920928955078125e-05,,3.0114315450191498e-06,,0.18855540454387665,,0.26894742250442505,,0.11811657249927521,,0.041413813829422,0.0680403932929039,,,,,,,,,,,,,,
9,,18389,,,,,,,,,,4.937872290611267e-06,,3.17208468914032e-06,,0.2174026519060135,,0.2557840347290039,,0.10757672786712646,,0.03612125664949417,0.06181424856185913,,,,,,,,,,,,,,
9,,18399,,,,,,,,,,4.373490810394287e-06,,3.471970558166504e-06,,0.2075975388288498,,0.25904959440231323,,0.11049021780490875,,0.04530739784240723,0.06929013133049011,,,,,,,,,,,,,,
9,,18409,,,,,,,,,,9.434297680854797e-06,,6.43683597445488e-06,,0.21930265426635742,,0.25168853998184204,,0.10824193060398102,,0.03854384645819664,0.06358665227890015,,,,,,,,,,,,,,
9,,18419,,,,,,,,,,4.319474101066589e-06,,9.167473763227463e-06,,0.22567957639694214,,0.2633504271507263,,0.11190736293792725,,0.043559763580560684,0.06865847855806351,,,,,,,,,,,,,,
9,,18429,,,,,,,,,,1.210533082485199e-05,,2.2687017917633057e-06,,0.19614073634147644,,0.24824801087379456,,0.10609012097120285,,0.03943517804145813,0.0634189322590828,,,,,,,,,,,,,,
9,,18439,,,,,,,,,,8.206814527511597e-06,,3.0794180929660797e-06,,0.20764783024787903,,0.26611024141311646,,0.11386534571647644,,0.04143613204360008,0.0673505961894989,,,,,,,,,,,,,,
9,,18449,,,,,,,,,,5.653128027915955e-06,,3.242865204811096e-06,,0.1847466230392456,,0.2570222020149231,,0.10893507301807404,,0.043416209518909454,0.06721682101488113,,,,,,,,,,,,,,
9,,18459,,,,,,,,,,9.970739483833313e-06,,5.67873939871788e-06,,0.2383880615234375,,0.25438743829727173,,0.10888531059026718,,0.03701398894190788,0.06290989369153976,,,,,,,,,,,,,,
9,,18469,,,,,,,,,,7.614493370056152e-06,,2.703629434108734e-06,,0.19291257858276367,,0.2701985239982605,,0.12220942974090576,,0.0466013178229332,0.07280930131673813,,,,,,,,,,,,,,
9,,18479,,,,,,,,,,4.783272743225098e-06,,3.030523657798767e-06,,0.21270881593227386,,0.24371692538261414,,0.10953275114297867,,0.03429822996258736,0.06019268184900284,,,,,,,,,,,,,,
9,,18489,,,,,,,,,,6.198883056640625e-06,,2.6640482246875763e-06,,0.20217832922935486,,0.263130247592926,,0.11233744025230408,,0.03428637981414795,0.061496589332818985,,,,,,,,,,,,,,
9,,18499,,,,,,,,,,3.3546239137649536e-06,,2.2882595658302307e-06,,0.22592657804489136,,0.2710667550563812,,0.12030856311321259,,0.04657547175884247,0.07286109030246735,,,,,,,,,,,,,,
9,,18509,,,,,,,,,,6.198883056640625e-06,,1.682434231042862e-06,,0.22304372489452362,,0.25751793384552,,0.09545301645994186,,0.037018634378910065,0.0603611096739769,,,,,,,,,,,,,,
9,,18519,,,,,,,,,,4.231929779052734e-06,,2.7883797883987427e-06,,0.18365749716758728,,0.2664107084274292,,0.10827688872814178,,0.03825799748301506,0.0636512041091919,,,,,,,,,,,,,,
9,,18529,,,,,,,,,,5.114823579788208e-06,,2.3855827748775482e-06,,0.19387945532798767,,0.24920803308486938,,0.09955807775259018,,0.03153066337108612,0.056282542645931244,,,,,,,,,,,,,,
9,,18539,,,,,,,,,,5.1800161600112915e-06,,3.902707248926163e-06,,0.18773674964904785,,0.2593733072280884,,0.11965155601501465,,0.04263513535261154,0.06878598779439926,,,,,,,,,,,,,,
9,,18549,,,,,,,,,,7.951632142066956e-06,,4.054047167301178e-06,,0.1983921080827713,,0.2705610394477844,,0.1177978441119194,,0.04225289076566696,0.06880103796720505,,,,,,,,,,,,,,
9,,18559,,,,,,,,,,3.4403055906295776e-06,,3.1725503504276276e-06,,0.19084924459457397,,0.2582437992095947,,0.11870522797107697,,0.04044447839260101,0.06694863736629486,,,,,,,,,,,,,,
9,,18569,,,,,,,,,,5.0477683544158936e-06,,3.310851752758026e-06,,0.24243277311325073,,0.2678079605102539,,0.11366485059261322,,0.03848772123456001,0.06558848172426224,,,,,,,,,,,,,,
9,,18579,,,,,,,,,,7.88085162639618e-06,,6.745103746652603e-06,,0.2098086178302765,,0.2591087222099304,,0.11975416541099548,,0.04644560441374779,0.07191010564565659,,,,,,,,,,,,,,
9,,18589,,,,,,,,,,5.261972546577454e-06,,4.188157618045807e-06,,0.21528340876102448,,0.2584308385848999,,0.11270185559988022,,0.04214688390493393,0.06739503145217896,,,,,,,,,,,,,,
9,,18599,,,,,,,,,,4.926696419715881e-06,,3.471504896879196e-06,,0.218226820230484,,0.2443784773349762,,0.10122348368167877,,0.03558766096830368,0.05969732627272606,,,,,,,,,,,,,,
9,,18609,,,,,,,,,,3.6694109439849854e-06,,3.937631845474243e-06,,0.17384196817874908,,0.2729347348213196,,0.11029961705207825,,0.04370883107185364,0.06831052154302597,,,,,,,,,,,,,,
9,,18619,,,,,,,,,,6.148591637611389e-06,,6.332527846097946e-06,,0.1652422994375229,,0.2694316506385803,,0.12334305047988892,,0.045783933252096176,0.07204842567443848,,,,,,,,,,,,,,
9,,18629,,,,,,,,,,4.854053258895874e-06,,4.248227924108505e-06,,0.20144277811050415,,0.2584927976131439,,0.11099246889352798,,0.04427026957273483,0.06850804388523102,,,,,,,,,,,,,,
9,,18639,,,,,,,,,,3.4850090742111206e-06,,3.3834949135780334e-06,,0.20138144493103027,,0.2446676790714264,,0.11722064018249512,,0.03942975029349327,0.06539589911699295,,,,,,,,,,,,,,
9,,18649,,,,,,,,,,3.034248948097229e-06,,4.919711500406265e-06,,0.19680148363113403,,0.2529042363166809,,0.10716463625431061,,0.0384979173541069,0.06314339488744736,,,,,,,,,,,,,,
9,,18659,,,,,,,,,,2.855435013771057e-06,,3.0710361897945404e-06,,0.20667678117752075,,0.2815956175327301,,0.11250513792037964,,0.042232174426317215,0.068407341837883,,,,,,,,,,,,,,
9,,18669,,,,,,,,,,2.8703361749649048e-06,,2.9727816581726074e-06,,0.21327823400497437,,0.25165319442749023,,0.12191784381866455,,0.045726291835308075,0.07146737724542618,,,,,,,,,,,,,,
9,,18679,,,,,,,,,,4.911795258522034e-06,,2.9727816581726074e-06,,0.2536080777645111,,0.2528349757194519,,0.10852748155593872,,0.039117585867643356,0.06452646851539612,,,,,,,,,,,,,,
9,,18689,,,,,,,,,,3.63960862159729e-06,,2.8219074010849e-06,,0.21089130640029907,,0.2625012993812561,,0.11452311277389526,,0.03635060042142868,0.0635276809334755,,,,,,,,,,,,,,
9,,18699,,,,,,,,,,3.164634108543396e-06,,3.983266651630402e-06,,0.2046155482530594,,0.2560591399669647,,0.12284871935844421,,0.04663163423538208,0.07242617011070251,,,,,,,,,,,,,,
9,,18709,,,,,,,,,,6.904825568199158e-06,,3.7080608308315277e-06,,0.16519293189048767,,0.2687508165836334,,0.11566689610481262,,0.041996728628873825,0.06773519515991211,,,,,,,,,,,,,,
9,,18719,,,,,,,,,,4.6584755182266235e-06,,3.023538738489151e-06,,0.21950224041938782,,0.24697402119636536,,0.11634089052677155,,0.04588259011507034,0.07039225846529007,,,,,,,,,,,,,,
9,,18729,,,,,,,,,,4.26173210144043e-06,,3.1534582376480103e-06,,0.1830502152442932,,0.2597890794277191,,0.1196797788143158,,0.04490659758448601,0.07045985758304596,,,,,,,,,,,,,,
9,,18739,,,,,,,,,,3.296881914138794e-06,,2.6565976440906525e-06,,0.23318548500537872,,0.24968087673187256,,0.09692489355802536,,0.03708537667989731,0.06043865159153938,,,,,,,,,,,,,,
9,,18749,,,,,,,,,,3.829598426818848e-06,,3.384426236152649e-06,,0.20205053687095642,,0.2771901488304138,,0.09865249693393707,,0.032115332782268524,0.05795907601714134,,,,,,,,,,,,,,
9,,18759,,,,,,,,,,5.988404154777527e-06,,4.679430276155472e-06,,0.1998676359653473,,0.26476913690567017,,0.10228799283504486,,0.03608942776918411,0.06101423501968384,,,,,,,,,,,,,,
9,,18769,,,,,,,,,,8.167698979377747e-06,,4.394911229610443e-06,,0.1804414689540863,,0.28206127882003784,,0.1200294941663742,,0.04458031803369522,0.07129435986280441,,,,,,,,,,,,,,
9,,18779,,,,,,,,,,6.3907355070114136e-06,,3.0961818993091583e-06,,0.17059144377708435,,0.27479344606399536,,0.10708649456501007,,0.043284982442855835,0.0674389973282814,,,,,,,,,,,,,,
9,,18789,,,,,,,,,,6.252899765968323e-06,,5.059875547885895e-06,,0.1985723376274109,,0.26189684867858887,,0.10301898419857025,,0.037468522787094116,0.062036048620939255,,,,,,,,,,,,,,
9,,18799,,,,,,,,,,4.5299530029296875e-06,,4.936009645462036e-06,,0.22124630212783813,,0.2616148591041565,,0.11487799882888794,,0.041715554893016815,0.06769876927137375,,,,,,,,,,,,,,
9,,18809,,,,,,,,,,4.056841135025024e-06,,2.2100284695625305e-06,,0.20815005898475647,,0.26617491245269775,,0.10439559072256088,,0.039743393659591675,0.06431364268064499,,,,,,,,,,,,,,
9,,18819,,,,,,,,,,3.2391399145126343e-06,,2.550426870584488e-06,,0.2005193829536438,,0.27829819917678833,,0.110096275806427,,0.042042285203933716,0.06758634001016617,,,,,,,,,,,,,,
9,,18829,,,,,,,,,,4.0121376514434814e-06,,3.2223761081695557e-06,,0.18279415369033813,,0.2772725224494934,,0.12598760426044464,,0.04964173585176468,0.07601181417703629,,,,,,,,,,,,,,
9,,18839,,,,,,,,,,4.036352038383484e-06,,2.9029324650764465e-06,,0.22872990369796753,,0.25478169322013855,,0.10209573060274124,,0.03276246786117554,0.058352380990982056,,,,,,,,,,,,,,
9,,18849,,,,,,,,,,3.905966877937317e-06,,2.960674464702606e-06,,0.22327345609664917,,0.2563871145248413,,0.11637015640735626,,0.044882938265800476,0.07013337314128876,,,,,,,,,,,,,,
9,,18859,,,,,,,,,,5.127862095832825e-06,,4.103872925043106e-06,,0.2008797526359558,,0.2588523030281067,,0.11538544297218323,,0.03837838023900986,0.06492218375205994,,,,,,,,,,,,,,
9,,18869,,,,,,,,,,4.932284355163574e-06,,3.2996758818626404e-06,,0.20027759671211243,,0.2794785499572754,,0.10956934094429016,,0.04072266072034836,0.06655006855726242,,,,,,,,,,,,,,
9,,18879,,,,,,,,,,3.850087523460388e-06,,2.6850029826164246e-06,,0.17712852358818054,,0.28348788619041443,,0.10759907960891724,,0.03533804789185524,0.0620577409863472,,,,,,,,,,,,,,
9,,18889,,,,,,,,,,4.0531158447265625e-06,,3.4766271710395813e-06,,0.23075629770755768,,0.2476104199886322,,0.1221262738108635,,0.04088893532752991,0.0678928792476654,,,,,,,,,,,,,,
9,,18899,,,,,,,,,,6.593763828277588e-06,,5.090143531560898e-06,,0.20074519515037537,,0.2552748918533325,,0.11353293061256409,,0.04143265262246132,0.06669671833515167,,,,,,,,,,,,,,
9,,18909,,,,,,,,,,3.6079436540603638e-06,,3.7946738302707672e-06,,0.23934951424598694,,0.24655529856681824,,0.12026159465312958,,0.04161440581083298,0.06813865900039673,,,,,,,,,,,,,,
9,,18919,,,,,,,,,,4.073604941368103e-06,,4.580244421958923e-06,,0.25643593072891235,,0.27191662788391113,,0.1136775016784668,,0.048647359013557434,0.07356923073530197,,,,,,,,,,,,,,
9,,18929,,,,,,,,,,3.345310688018799e-06,,4.862900823354721e-06,,0.19488611817359924,,0.25470954179763794,,0.11487071961164474,,0.04399595409631729,0.06877536326646805,,,,,,,,,,,,,,
9,,18939,,,,,,,,,,3.688037395477295e-06,,3.6689452826976776e-06,,0.24438896775245667,,0.235840305685997,,0.0940311998128891,,0.03187531977891922,0.05546984821557999,,,,,,,,,,,,,,
9,,18949,,,,,,,,,,3.458932042121887e-06,,5.54276630282402e-06,,0.20921161770820618,,0.2734346389770508,,0.11898196488618851,,0.05162344127893448,0.0763143002986908,,,,,,,,,,,,,,
9,,18959,,,,,,,,,,5.578622221946716e-06,,3.2740645110607147e-06,,0.19583621621131897,,0.26407307386398315,,0.11021173000335693,,0.041071511805057526,0.06615787744522095,,,,,,,,,,,,,,
9,,18969,,,,,,,,,,4.410743713378906e-06,,2.2668391466140747e-06,,0.2124393731355667,,0.24538716673851013,,0.09957772493362427,,0.03552025556564331,0.05931755527853966,,,,,,,,,,,,,,
9,,18979,,,,,,,,,,5.798414349555969e-06,,3.5623088479042053e-06,,0.24486547708511353,,0.2609621286392212,,0.11247357726097107,,0.04116881638765335,0.0670839175581932,,,,,,,,,,,,,,
9,,18989,,,,,,,,,,3.8798898458480835e-06,,1.0988209396600723e-05,,0.23306411504745483,,0.26036906242370605,,0.12200285494327545,,0.04511749744415283,0.07166721671819687,,,,,,,,,,,,,,
9,,18999,,,,,,,,,,3.4496188163757324e-06,,2.659391611814499e-06,,0.1993165910243988,,0.2602664530277252,,0.11227678507566452,,0.039373889565467834,0.0651339590549469,,,,,,,,,,,,,,
9,,19009,,,,,,,,,,1.140497624874115e-05,,9.170733392238617e-06,,0.1849328726530075,,0.25907981395721436,,0.10633738338947296,,0.037836410105228424,0.06264244765043259,,,,,,,,,,,,,,
9,,19019,,,,,,,,,,7.100403308868408e-06,,4.718080163002014e-06,,0.19450891017913818,,0.25923165678977966,,0.11854811757802963,,0.04370441287755966,0.06945394724607468,,,,,,,,,,,,,,
9,,19029,,,,,,,,,,1.3114884495735168e-05,,6.5532512962818146e-06,,0.21124328672885895,,0.26005733013153076,,0.12182655185461044,,0.04365399479866028,0.07026585191488266,,,,,,,,,,,,,,
9,,19039,,,,,,,,,,7.858499884605408e-06,,3.530643880367279e-06,,0.23154142498970032,,0.2629927396774292,,0.11247536540031433,,0.0409216471016407,0.0668378621339798,,,,,,,,,,,,,,
9,,19049,,,,,,,,,,5.686655640602112e-06,,3.285706043243408e-06,,0.19785378873348236,,0.25959065556526184,,0.11051725596189499,,0.03745892643928528,0.06331856548786163,,,,,,,,,,,,,,
9,,19059,,,,,,,,,,6.712973117828369e-06,,3.8477592170238495e-06,,0.20584261417388916,,0.2656714916229248,,0.11488723009824753,,0.04369788244366646,0.06919724494218826,,,,,,,,,,,,,,
9,,19069,,,,,,,,,,5.31412661075592e-06,,2.859160304069519e-06,,0.20068681240081787,,0.2567780315876007,,0.11830930411815643,,0.04156593978404999,0.06776227802038193,,,,,,,,,,,,,,
9,,19079,,,,,,,,,,6.057322025299072e-06,,2.6603229343891144e-06,,0.20905143022537231,,0.27697110176086426,,0.1151047945022583,,0.042551178485155106,0.06894522160291672,,,,,,,,,,,,,,
9,,19089,,,,,,,,,,4.926696419715881e-06,,2.398155629634857e-06,,0.20726291835308075,,0.26237064599990845,,0.12612584233283997,,0.04779622703790665,0.07424138486385345,,,,,,,,,,,,,,
9,,19099,,,,,,,,,,4.304572939872742e-06,,3.259629011154175e-06,,0.15809980034828186,,0.2779211103916168,,0.11618810147047043,,0.04275349900126457,0.06874747574329376,,,,,,,,,,,,,,
9,,19109,,,,,,,,,,3.7867575883865356e-06,,2.508983016014099e-06,,0.22470948100090027,,0.24759986996650696,,0.10574042797088623,,0.03890223801136017,0.06325802206993103,,,,,,,,,,,,,,
9,,19119,,,,,,,,,,5.086883902549744e-06,,5.097594112157822e-06,,0.21510261297225952,,0.274731308221817,,0.12106543779373169,,0.0485001876950264,0.07449188083410263,,,,,,,,,,,,,,
9,,19129,,,,,,,,,,8.709728717803955e-06,,6.297603249549866e-06,,0.21182037889957428,,0.2597033381462097,,0.1151389330625534,,0.03849579021334648,0.06513217836618423,,,,,,,,,,,,,,
9,,19139,,,,,,,,,,4.7031790018081665e-06,,4.409812390804291e-06,,0.2164783477783203,,0.25225144624710083,,0.09904564917087555,,0.03482712805271149,0.05906698480248451,,,,,,,,,,,,,,
9,,19149,,,,,,,,,,4.626810550689697e-06,,3.982335329055786e-06,,0.31748175621032715,,0.23997852206230164,,0.10852840542793274,,0.0419890396296978,0.06682666391134262,,,,,,,,,,,,,,
9,,19159,,,,,,,,,,6.156042218208313e-06,,4.084780812263489e-06,,0.2367744743824005,,0.25107041001319885,,0.12024413794279099,,0.04070259630680084,0.06763287633657455,,,,,,,,,,,,,,
9,,19169,,,,,,,,,,7.204711437225342e-06,,4.16068360209465e-06,,0.2029343694448471,,0.2524369955062866,,0.11565516889095306,,0.04530717432498932,0.06989392638206482,,,,,,,,,,,,,,
9,,19179,,,,,,,,,,3.3508986234664917e-06,,2.961140125989914e-06,,0.18545866012573242,,0.26968276500701904,,0.13103818893432617,,0.04980944097042084,0.07676021754741669,,,,,,,,,,,,,,
9,,19189,,,,,,,,,,4.509463906288147e-06,,3.082212060689926e-06,,0.1955624371767044,,0.2766839563846588,,0.11484363675117493,,0.04130183532834053,0.06778743118047714,,,,,,,,,,,,,,
9,,19199,,,,,,,,,,4.213303327560425e-06,,2.5294721126556396e-06,,0.1989748179912567,,0.26134538650512695,,0.11253523826599121,,0.03734941780567169,0.0637102872133255,,,,,,,,,,,,,,
9,,19209,,,,,,,,,,3.7457793951034546e-06,,2.698507159948349e-06,,0.23711323738098145,,0.26108163595199585,,0.12221100926399231,,0.041559670120477676,0.06911808252334595,,,,,,,,,,,,,,
9,,19219,,,,,,,,,,3.894791007041931e-06,,3.846827894449234e-06,,0.19789265096187592,,0.2578013241291046,,0.0883413776755333,,0.029169879853725433,0.05285783112049103,,,,,,,,,,,,,,
9,,19229,,,,,,,,,,3.812834620475769e-06,,2.095010131597519e-06,,0.22447992861270905,,0.24424248933792114,,0.11535315960645676,,0.04045579954981804,0.0660661980509758,,,,,,,,,,,,,,
9,,19239,,,,,,,,,,4.088506102561951e-06,,7.161404937505722e-06,,0.17328542470932007,,0.28652846813201904,,0.11831264197826385,,0.04109567776322365,0.06848383694887161,,,,,,,,,,,,,,
9,,19249,,,,,,,,,,6.157904863357544e-06,,3.366265445947647e-06,,0.23330852389335632,,0.2467682659626007,,0.0995759516954422,,0.035474229604005814,0.05959207937121391,,,,,,,,,,,,,,
9,,19259,,,,,,,,,,5.345791578292847e-06,,3.7439167499542236e-06,,0.23322314023971558,,0.2777407765388489,,0.1314641833305359,,0.05469994246959686,0.0814465805888176,,,,,,,,,,,,,,
9,,19269,,,,,,,,,,4.081055521965027e-06,,4.771631211042404e-06,,0.2015293687582016,,0.2649292051792145,,0.10725539922714233,,0.03323742002248764,0.059833306819200516,,,,,,,,,,,,,,
9,,19279,,,,,,,,,,3.63960862159729e-06,,2.343207597732544e-06,,0.2222381830215454,,0.24861760437488556,,0.10256794840097427,,0.03136414289474487,0.05702683702111244,,,,,,,,,,,,,,
9,,19289,,,,,,,,,,2.8219074010849e-06,,2.22865492105484e-06,,0.21355831623077393,,0.2527829706668854,,0.10417139530181885,,0.03647969663143158,0.0612587109208107,,,,,,,,,,,,,,
9,,19299,,,,,,,,,,4.6510249376297e-06,,3.203749656677246e-06,,0.17133435606956482,,0.27493929862976074,,0.1335420459508896,,0.04670687019824982,0.07498320937156677,,,,,,,,,,,,,,
9,,19309,,,,,,,,,,7.603317499160767e-06,,4.954170435667038e-06,,0.20302528142929077,,0.25635069608688354,,0.10218784213066101,,0.03082174062728882,0.056686028838157654,,,,,,,,,,,,,,
9,,19319,,,,,,,,,,7.299706339836121e-06,,6.583519279956818e-06,,0.2209203988313675,,0.26320770382881165,,0.11750046163797379,,0.03994755446910858,0.06693514436483383,,,,,,,,,,,,,,
9,,19329,,,,,,,,,,8.448958396911621e-06,,5.589798092842102e-06,,0.24331408739089966,,0.24470730125904083,,0.11612436920404434,,0.03839477151632309,0.0649072602391243,,,,,,,,,,,,,,
9,,19339,,,,,,,,,,6.20819628238678e-06,,5.375593900680542e-06,,0.2039957344532013,,0.25907933712005615,,0.13044676184654236,,0.05490119755268097,0.08018918335437775,,,,,,,,,,,,,,
9,,19349,,,,,,,,,,5.541369318962097e-06,,3.387685865163803e-06,,0.20118024945259094,,0.26842033863067627,,0.11729244887828827,,0.03991952911019325,0.06688810884952545,,,,,,,,,,,,,,
9,,19359,,,,,,,,,,3.548339009284973e-06,,2.4815090000629425e-06,,0.20325231552124023,,0.26782405376434326,,0.11985412985086441,,0.04362442344427109,0.07014422118663788,,,,,,,,,,,,,,
9,,19369,,,,,,,,,,5.7872384786605835e-06,,3.798399120569229e-06,,0.18833889067173004,,0.25496992468833923,,0.10843351483345032,,0.0331917405128479,0.05939842015504837,,,,,,,,,,,,,,
9,,19379,,,,,,,,,,4.230067133903503e-06,,3.009103238582611e-06,,0.20742014050483704,,0.27475011348724365,,0.11011723428964615,,0.0422055758535862,0.06762730330228806,,,,,,,,,,,,,,
9,,19389,,,,,,,,,,5.304813385009766e-06,,6.092246621847153e-06,,0.19668829441070557,,0.28023529052734375,,0.13283100724220276,,0.04613932594656944,0.07496960461139679,,,,,,,,,,,,,,
9,,19399,,,,,,,,,,5.066394805908203e-06,,3.933906555175781e-06,,0.23400267958641052,,0.24919508397579193,,0.11310022324323654,,0.04258226230740547,0.06758274137973785,,,,,,,,,,,,,,
9,,19409,,,,,,,,,,1.6091391444206238e-05,,5.783513188362122e-06,,0.24374717473983765,,0.25778084993362427,,0.1223733127117157,,0.046280208975076675,0.07261279970407486,,,,,,,,,,,,,,
9,,19419,,,,,,,,,,4.934147000312805e-06,,3.568362444639206e-06,,0.2007555365562439,,0.2802104353904724,,0.11321716755628586,,0.0472080335021019,0.07213934510946274,,,,,,,,,,,,,,
9,,19429,,,,,,,,,,5.027279257774353e-06,,3.391411155462265e-06,,0.15066590905189514,,0.2896684408187866,,0.11731754243373871,,0.05053776502609253,0.07526257634162903,,,,,,,,,,,,,,
9,,19439,,,,,,,,,,1.3239681720733643e-05,,6.89411535859108e-06,,0.22871646285057068,,0.2527472972869873,,0.1264428198337555,,0.041977208107709885,0.06973579525947571,,,,,,,,,,,,,,
9,,19449,,,,,,,,,,9.026378393173218e-06,,4.187226295471191e-06,,0.24560683965682983,,0.24126791954040527,,0.1204942986369133,,0.042509496212005615,0.06867922842502594,,,,,,,,,,,,,,
9,,19459,,,,,,,,,,8.001923561096191e-06,,3.0240043997764587e-06,,0.23202669620513916,,0.2809326648712158,,0.12407288700342178,,0.04557500779628754,0.07335062325000763,,,,,,,,,,,,,,
9,,19469,,,,,,,,,,5.230307579040527e-06,,2.850312739610672e-06,,0.1805955171585083,,0.2600904405117035,,0.11587469279766083,,0.04621591418981552,0.07071381062269211,,,,,,,,,,,,,,
9,,19479,,,,,,,,,,7.5660645961761475e-06,,4.869420081377029e-06,,0.17750436067581177,,0.2806740701198578,,0.12113675475120544,,0.046955302357673645,0.07318423688411713,,,,,,,,,,,,,,
9,,19489,,,,,,,,,,6.6999346017837524e-06,,3.646593540906906e-06,,0.16937127709388733,,0.2775212526321411,,0.12228471040725708,,0.04844420403242111,0.07427331060171127,,,,,,,,,,,,,,
9,,19499,,,,,,,,,,6.81169331073761e-06,,4.818663001060486e-06,,0.24927951395511627,,0.2540884017944336,,0.09655039012432098,,0.035986825823783875,0.059939611703157425,,,,,,,,,,,,,,
9,,19509,,,,,,,,,,8.121132850646973e-06,,3.7350691854953766e-06,,0.2374083250761032,,0.2573832869529724,,0.10311155021190643,,0.04115036129951477,0.06505906581878662,,,,,,,,,,,,,,
9,,19519,,,,,,,,,,5.286186933517456e-06,,3.632158041000366e-06,,0.2304278165102005,,0.25480249524116516,,0.1085590273141861,,0.03861938416957855,0.06397918611764908,,,,,,,,,,,,,,
9,,19529,,,,,,,,,,8.707866072654724e-06,,3.983732312917709e-06,,0.19483807682991028,,0.26043593883514404,,0.10162772983312607,,0.037081629037857056,0.06137261539697647,,,,,,,,,,,,,,
9,,19539,,,,,,,,,,6.3069164752960205e-06,,3.6195851862430573e-06,,0.22224673628807068,,0.27092236280441284,,0.10440418124198914,,0.038710057735443115,0.06392788887023926,,,,,,,,,,,,,,
9,,19549,,,,,,,,,,6.7930668592453e-06,,2.5280751287937164e-06,,0.2035742551088333,,0.25271594524383545,,0.11304639279842377,,0.04310096055269241,0.06777017563581467,,,,,,,,,,,,,,
9,,19559,,,,,,,,,,4.997476935386658e-06,,2.627260982990265e-06,,0.20826533436775208,,0.2725721597671509,,0.12426146864891052,,0.0416870154440403,0.06979876756668091,,,,,,,,,,,,,,
9,,19569,,,,,,,,,,5.934387445449829e-06,,4.814472049474716e-06,,0.1752292811870575,,0.28113293647766113,,0.10293564945459366,,0.03811632841825485,0.06313468515872955,,,,,,,,,,,,,,
9,,19579,,,,,,,,,,6.282702088356018e-06,,3.0463561415672302e-06,,0.24590641260147095,,0.25814104080200195,,0.10301749408245087,,0.03696979582309723,0.06204036623239517,,,,,,,,,,,,,,
9,,19589,,,,,,,,,,7.169321179389954e-06,,3.8351863622665405e-06,,0.1992146372795105,,0.2823496460914612,,0.11792370676994324,,0.04421345144510269,0.07085778564214706,,,,,,,,,,,,,,
9,,19599,,,,,,,,,,4.811212420463562e-06,,3.5068951547145844e-06,,0.19334162771701813,,0.26648589968681335,,0.11653539538383484,,0.04887719079852104,0.07328344136476517,,,,,,,,,,,,,,
9,,19609,,,,,,,,,,6.087124347686768e-06,,3.783963620662689e-06,,0.2343980073928833,,0.2657051384449005,,0.11411663144826889,,0.04689273238182068,0.07178574055433273,,,,,,,,,,,,,,
9,,19619,,,,,,,,,,7.214024662971497e-06,,5.575362592935562e-06,,0.20822414755821228,,0.2535388469696045,,0.11946821212768555,,0.042348455637693405,0.06850314140319824,,,,,,,,,,,,,,
9,,19629,,,,,,,,,,6.407499313354492e-06,,5.543697625398636e-06,,0.20271548628807068,,0.2685603201389313,,0.10638611018657684,,0.036867283284664154,0.0625774934887886,,,,,,,,,,,,,,
9,,19639,,,,,,,,,,9.298324584960938e-06,,5.460809916257858e-06,,0.17233461141586304,,0.2618946433067322,,0.10626816749572754,,0.03883327171206474,0.06336158514022827,,,,,,,,,,,,,,
9,,19649,,,,,,,,,,4.502013325691223e-06,,4.50480729341507e-06,,0.22968846559524536,,0.2558155655860901,,0.1070890724658966,,0.03482196480035782,0.060893576592206955,,,,,,,,,,,,,,
9,,19659,,,,,,,,,,1.3222917914390564e-05,,4.359986633062363e-06,,0.2326553612947464,,0.2637243866920471,,0.10070464015007019,,0.03810501471161842,0.06256469339132309,,,,,,,,,,,,,,
9,,19669,,,,,,,,,,9.045004844665527e-06,,6.7176297307014465e-06,,0.2309519648551941,,0.2490892857313156,,0.1166532039642334,,0.03789360821247101,0.06469102948904037,,,,,,,,,,,,,,
9,,19679,,,,,,,,,,7.256865501403809e-06,,4.947185516357422e-06,,0.2098875492811203,,0.2700178623199463,,0.1108260229229927,,0.04437829554080963,0.06919722259044647,,,,,,,,,,,,,,
9,,19689,,,,,,,,,,6.336718797683716e-06,,4.518311470746994e-06,,0.20211756229400635,,0.26323914527893066,,0.10715048015117645,,0.04447602480649948,0.06817229837179184,,,,,,,,,,,,,,
9,,19699,,,,,,,,,,5.416572093963623e-06,,3.245193511247635e-06,,0.20729303359985352,,0.268278568983078,,0.118817538022995,,0.05024530738592148,0.07498536258935928,,,,,,,,,,,,,,
9,,19709,,,,,,,,,,5.116686224937439e-06,,5.180481821298599e-06,,0.21987731754779816,,0.25424623489379883,,0.10426394641399384,,0.03750395029783249,0.062187135219573975,,,,,,,,,,,,,,
9,,19719,,,,,,,,,,5.882233381271362e-06,,2.830754965543747e-06,,0.20621070265769958,,0.26327744126319885,,0.10885542631149292,,0.039232037961483,0.06460787355899811,,,,,,,,,,,,,,
9,,19729,,,,,,,,,,4.395842552185059e-06,,2.137385308742523e-06,,0.1964987963438034,,0.25064992904663086,,0.10833199322223663,,0.03637831658124924,0.06166298687458038,,,,,,,,,,,,,,
9,,19739,,,,,,,,,,4.945322871208191e-06,,2.9704533517360687e-06,,0.2477671205997467,,0.24775534868240356,,0.1180810034275055,,0.04158571735024452,0.0678631141781807,,,,,,,,,,,,,,
9,,19749,,,,,,,,,,4.0996819734573364e-06,,3.913417458534241e-06,,0.20831242203712463,,0.24988102912902832,,0.10628588497638702,,0.038840048015117645,0.06322842836380005,,,,,,,,,,,,,,
9,,19759,,,,,,,,,,4.304572939872742e-06,,2.5238841772079468e-06,,0.2424432784318924,,0.2519069314002991,,0.10435041785240173,,0.037903815507888794,0.0626581460237503,,,,,,,,,,,,,,
9,,19769,,,,,,,,,,4.522502422332764e-06,,2.2691674530506134e-06,,0.1675289124250412,,0.2842700779438019,,0.11119762063026428,,0.04136383533477783,0.06717722862958908,,,,,,,,,,,,,,
9,,19779,,,,,,,,,,4.692003130912781e-06,,2.5639310479164124e-06,,0.2321998029947281,,0.2550273835659027,,0.10633416473865509,,0.03860948979854584,0.0635858103632927,,,,,,,,,,,,,,
9,,19789,,,,,,,,,,5.27501106262207e-06,,2.101995050907135e-06,,0.23568138480186462,,0.2624598741531372,,0.10384708642959595,,0.03479486331343651,0.060646992176771164,,,,,,,,,,,,,,
9,,19799,,,,,,,,,,5.04031777381897e-06,,3.1855888664722443e-06,,0.21129879355430603,,0.2647998332977295,,0.10076887905597687,,0.04042990878224373,0.06412091851234436,,,,,,,,,,,,,,
9,,19809,,,,,,,,,,2.857297658920288e-06,,2.3497268557548523e-06,,0.2035788595676422,,0.2645142078399658,,0.108097605407238,,0.045344430953264236,0.06907829642295837,,,,,,,,,,,,,,
9,,19819,,,,,,,,,,3.1888484954833984e-06,,2.485699951648712e-06,,0.1546541154384613,,0.27651524543762207,,0.10525010526180267,,0.039140958338975906,0.06387972831726074,,,,,,,,,,,,,,
9,,19829,,,,,,,,,,4.395842552185059e-06,,2.3064203560352325e-06,,0.20659229159355164,,0.2744043469429016,,0.11211893707513809,,0.03712812811136246,0.06416778266429901,,,,,,,,,,,,,,
9,,19839,,,,,,,,,,3.952533006668091e-06,,2.5979243218898773e-06,,0.2297762632369995,,0.2662010192871094,,0.10960937291383743,,0.04348893463611603,0.06835602223873138,,,,,,,,,,,,,,
9,,19849,,,,,,,,,,4.153698682785034e-06,,3.655906766653061e-06,,0.20995718240737915,,0.26754361391067505,,0.11129826307296753,,0.03840772807598114,0.06469157338142395,,,,,,,,,,,,,,
9,,19859,,,,,,,,,,4.889443516731262e-06,,3.844965249300003e-06,,0.20613890886306763,,0.255735844373703,,0.10274319350719452,,0.030949432402849197,0.05689363554120064,,,,,,,,,,,,,,
9,,19869,,,,,,,,,,3.6079436540603638e-06,,2.9834918677806854e-06,,0.2263704240322113,,0.25878003239631653,,0.10101597011089325,,0.035853005945682526,0.06062815710902214,,,,,,,,,,,,,,
9,,19879,,,,,,,,,,3.5744160413742065e-06,,1.037726178765297e-05,,0.20287808775901794,,0.26557233929634094,,0.09655465930700302,,0.03599391132593155,0.05994028225541115,,,,,,,,,,,,,,
9,,19889,,,,,,,,,,6.472691893577576e-06,,3.043562173843384e-06,,0.1889072060585022,,0.27302443981170654,,0.11091884225606918,,0.04149278253316879,0.06694500148296356,,,,,,,,,,,,,,
9,,19899,,,,,,,,,,4.375353455543518e-06,,2.703629434108734e-06,,0.2022325098514557,,0.2496580183506012,,0.11436530947685242,,0.036080971360206604,0.06259214878082275,,,,,,,,,,,,,,
9,,19909,,,,,,,,,,3.3508986234664917e-06,,2.8903596103191376e-06,,0.23084008693695068,,0.2500804662704468,,0.11144406348466873,,0.04612034186720848,0.0699307844042778,,,,,,,,,,,,,,
9,,19919,,,,,,,,,,4.628673195838928e-06,,3.952533006668091e-06,,0.2387481927871704,,0.2578665018081665,,0.12132328748703003,,0.04679593816399574,0.07274817675352097,,,,,,,,,,,,,,
9,,19929,,,,,,,,,,2.473592758178711e-06,,2.1979212760925293e-06,,0.24429157376289368,,0.24184687435626984,,0.11536502838134766,,0.043855417519807816,0.0687386691570282,,,,,,,,,,,,,,
9,,19939,,,,,,,,,,4.380941390991211e-06,,2.284534275531769e-06,,0.2240651547908783,,0.2651955783367157,,0.1162581741809845,,0.04302234947681427,0.06913886219263077,,,,,,,,,,,,,,
9,,19949,,,,,,,,,,6.463378667831421e-06,,2.5224871933460236e-06,,0.2179563343524933,,0.24911683797836304,,0.11898007988929749,,0.03928256779909134,0.06601835042238235,,,,,,,,,,,,,,
9,,19959,,,,,,,,,,2.995133399963379e-06,,2.15042382478714e-06,,0.25460585951805115,,0.24828454852104187,,0.12650108337402344,,0.04485614597797394,0.072000652551651,,,,,,,,,,,,,,
9,,19969,,,,,,,,,,4.541128873825073e-06,,3.755558282136917e-06,,0.22746628522872925,,0.26117148995399475,,0.10684357583522797,,0.03360632061958313,0.06016065180301666,,,,,,,,,,,,,,
9,,19979,,,,,,,,,,4.600733518600464e-06,,2.434011548757553e-06,,0.23278188705444336,,0.2592257857322693,,0.09750406444072723,,0.03557819500565529,0.05985940247774124,,,,,,,,,,,,,,
9,,19989,,,,,,,,,,6.46151602268219e-06,,3.840308636426926e-06,,0.18058621883392334,,0.2638833522796631,,0.11784271150827408,,0.04152071475982666,0.067738376557827,,,,,,,,,,,,,,
9,,19999,,,,,,,,,,4.196539521217346e-06,,2.6989728212356567e-06,,0.1794205605983734,,0.2810589671134949,,0.12172039598226547,,0.047891899943351746,0.07403680682182312,,,,,,,,,,,,,,
9,,20009,,,,,,,,,,3.771856427192688e-06,,2.8926879167556763e-06,,0.1971927285194397,,0.26467496156692505,,0.1294608861207962,,0.0478874072432518,0.0749252662062645,,,,,,,,,,,,,,
9,,20019,,,,,,,,,,5.321577191352844e-06,,2.7669593691825867e-06,,0.163225457072258,,0.2792744040489197,,0.13716953992843628,,0.04890911653637886,0.0774238258600235,,,,,,,,,,,,,,
9,,20029,,,,,,,,,,7.422640919685364e-06,,4.143919795751572e-06,,0.1914239525794983,,0.27089354395866394,,0.12642672657966614,,0.047683924436569214,0.074427530169487,,,,,,,,,,,,,,
9,,20039,,,,,,,,,,4.349276423454285e-06,,2.983957529067993e-06,,0.20853091776371002,,0.2507842779159546,,0.10892793536186218,,0.04390937462449074,0.06757176667451859,,,,,,,,,,,,,,
9,,20049,,,,,,,,,,6.530433893203735e-06,,2.70036980509758e-06,,0.18004398047924042,,0.27035924792289734,,0.11231373250484467,,0.04703563451766968,0.07113590836524963,,,,,,,,,,,,,,
9,,20059,,,,,,,,,,5.1781535148620605e-06,,2.6565976440906525e-06,,0.2481074035167694,,0.26599037647247314,,0.11243900656700134,,0.042822178453207016,0.06859151273965836,,,,,,,,,,,,,,
9,,20069,,,,,,,,,,4.695728421211243e-06,,2.675224095582962e-06,,0.16868093609809875,,0.2634027600288391,,0.12363331764936447,,0.04572287201881409,0.07181467860937119,,,,,,,,,,,,,,
9,,20079,,,,,,,,,,4.412606358528137e-06,,1.6731210052967072e-06,,0.2130679339170456,,0.2639006972312927,,0.11940871924161911,,0.04225839301943779,0.06896701455116272,,,,,,,,,,,,,,
9,,20089,,,,,,,,,,3.866851329803467e-06,,2.0596198737621307e-06,,0.20300209522247314,,0.2600007653236389,,0.09977123886346817,,0.036812543869018555,0.060897860676050186,,,,,,,,,,,,,,
9,,20099,,,,,,,,,,3.5874545574188232e-06,,2.823304384946823e-06,,0.19313056766986847,,0.2647721767425537,,0.09661009162664413,,0.03819619119167328,0.06145099550485611,,,,,,,,,,,,,,
9,,20109,,,,,,,,,,4.12575900554657e-06,,1.4705583453178406e-06,,0.25422564148902893,,0.2713773846626282,,0.10246782004833221,,0.032053492963314056,0.058967262506484985,,,,,,,,,,,,,,
9,,20119,,,,,,,,,,3.729015588760376e-06,,2.500135451555252e-06,,0.21228499710559845,,0.2591010332107544,,0.11126410216093063,,0.03789805993437767,0.06393425911664963,,,,,,,,,,,,,,
9,,20129,,,,,,,,,,3.3546239137649536e-06,,2.0926818251609802e-06,,0.25847113132476807,,0.2513609230518341,,0.12840333580970764,,0.04243408143520355,0.07072996348142624,,,,,,,,,,,,,,
9,,20139,,,,,,,,,,7.223337888717651e-06,,3.1241215765476227e-06,,0.23880019783973694,,0.25050079822540283,,0.09014969319105148,,0.028061749413609505,0.05250287801027298,,,,,,,,,,,,,,
9,,20149,,,,,,,,,,5.403533577919006e-06,,2.4368055164813995e-06,,0.19959759712219238,,0.2832077145576477,,0.11842329800128937,,0.04789368063211441,0.07375704497098923,,,,,,,,,,,,,,
9,,20159,,,,,,,,,,4.1816383600234985e-06,,3.3471733331680298e-06,,0.22112774848937988,,0.2559043765068054,,0.1117541491985321,,0.0382528230547905,0.06424607336521149,,,,,,,,,,,,,,
9,,20169,,,,,,,,,,6.547197699546814e-06,,2.9513612389564514e-06,,0.17644856870174408,,0.26112866401672363,,0.11536633968353271,,0.04005784913897514,0.0659988671541214,,,,,,,,,,,,,,
9,,20179,,,,,,,,,,2.682209014892578e-06,,1.925043761730194e-06,,0.19360965490341187,,0.26272547245025635,,0.10495531558990479,,0.03667321056127548,0.061783239245414734,,,,,,,,,,,,,,
9,,20189,,,,,,,,,,5.90278250456322e-06,,1.8717780676524853e-06,,0.1580795794725418,,0.27030664682388306,,0.11163751035928726,,0.04220318794250488,0.06712394207715988,,,,,,,,,,,,,,
9,,20189,,,,,,,,,,,,,,,,,,,,,,0.9784379601478577,1.0,1.0,0.9489991068840027,0.9081513285636902,0.962992250919342,0.9870470762252808,0.06673126667737961,2.384185791015625e-07,1.7881393432617188e-07,0.21052071452140808,0.2605694830417633,0.11420915275812149,0.040826015174388885
9,,20189,0.9777879118919373,1.0,1.0,0.948940634727478,0.9080166220664978,0.9621994495391846,0.9863882660865784,0.06706958264112473,5.825086191180162e-06,,3.731907781912014e-06,,0.21064697206020355,,0.2620685398578644,,0.11321710795164108,,0.04142945259809494,,,,,,,,,,,,,,,,
,0.00015000000000000001,20190,,,,,,,,,,,,,,,,,,,,,,,,,,,,,,,,,,,
10,,20199,,,,,,,,,,3.7830322980880737e-06,,2.9653310775756836e-06,,0.226498544216156,,0.26852667331695557,,0.10905061662197113,,0.0424998477101326,0.06757985800504684,,,,,,,,,,,,,,
10,,20209,,,,,,,,,,2.3562461137771606e-06,,2.87545844912529e-06,,0.1870342195034027,,0.2685452103614807,,0.11112639307975769,,0.041661977767944336,0.06687888503074646,,,,,,,,,,,,,,
10,,20219,,,,,,,,,,4.760921001434326e-06,,4.049856215715408e-06,,0.17507857084274292,,0.27774012088775635,,0.1196780651807785,,0.044343575835227966,0.07078538835048676,,,,,,,,,,,,,,
10,,20229,,,,,,,,,,4.829838871955872e-06,,6.720423698425293e-06,,0.20926328003406525,,0.2503889799118042,,0.11367645859718323,,0.03823447227478027,0.0641951709985733,,,,,,,,,,,,,,
10,,20239,,,,,,,,,,2.6598572731018066e-06,,6.384681910276413e-06,,0.19361987709999084,,0.26880699396133423,,0.11346077919006348,,0.038375675678253174,0.06494084000587463,,,,,,,,,,,,,,
10,,20249,,,,,,,,,,3.688037395477295e-06,,2.5952700525522232e-05,,0.21032848954200745,,0.2728247046470642,,0.09317077696323395,,0.034029848873615265,0.05825965479016304,,,,,,,,,,,,,,
10,,20259,,,,,,,,,,4.695728421211243e-06,,3.6763958632946014e-06,,0.22199633717536926,,0.25887125730514526,,0.1043175756931305,,0.03710627555847168,0.06214054673910141,,,,,,,,,,,,,,
10,,20269,,,,,,,,,,3.7942081689834595e-06,,2.825632691383362e-06,,0.19946599006652832,,0.2715795040130615,,0.12376251816749573,,0.04140515625476837,0.06934406608343124,,,,,,,,,,,,,,
10,,20279,,,,,,,,,,3.2205134630203247e-06,,2.5797635316848755e-06,,0.2038097381591797,,0.26464036107063293,,0.1121031641960144,,0.038370292633771896,0.06460626423358917,,,,,,,,,,,,,,
10,,20289,,,,,,,,,,2.507120370864868e-06,,3.955792635679245e-06,,0.21567116677761078,,0.25052374601364136,,0.10814005136489868,,0.0433121919631958,0.06704748421907425,,,,,,,,,,,,,,
10,,20299,,,,,,,,,,3.082677721977234e-06,,2.5723129510879517e-06,,0.2404610812664032,,0.25530561804771423,,0.10349948704242706,,0.035281047224998474,0.06066711246967316,,,,,,,,,,,,,,
10,,20309,,,,,,,,,,4.911795258522034e-06,,3.8906000554561615e-06,,0.21280556917190552,,0.2695298194885254,,0.12350328266620636,,0.04699975997209549,0.0735526829957962,,,,,,,,,,,,,,
10,,20319,,,,,,,,,,3.0063092708587646e-06,,2.1960586309432983e-06,,0.2081942856311798,,0.2712618410587311,,0.11508004367351532,,0.038649365305900574,0.06573576480150223,,,,,,,,,,,,,,
10,,20329,,,,,,,,,,4.32133674621582e-06,,4.531349986791611e-06,,0.17157094180583954,,0.26512789726257324,,0.10462899506092072,,0.03857444226741791,0.06300263851881027,,,,,,,,,,,,,,
10,,20339,,,,,,,,,,4.61190938949585e-06,,3.5767443478107452e-06,,0.22515887022018433,,0.27437329292297363,,0.11590906232595444,,0.04117298498749733,0.06812916696071625,,,,,,,,,,,,,,
10,,20349,,,,,,,,,,5.908310413360596e-06,,2.589542418718338e-06,,0.1688912808895111,,0.26409703493118286,,0.11739607155323029,,0.04631252959370613,0.07112228125333786,,,,,,,,,,,,,,
10,,20359,,,,,,,,,,4.066154360771179e-06,,3.895722329616547e-06,,0.20101439952850342,,0.26235973834991455,,0.10204888135194778,,0.03190284222364426,0.05772915482521057,,,,,,,,,,,,,,
10,,20369,,,,,,,,,,2.989545464515686e-06,,2.214685082435608e-06,,0.22703176736831665,,0.2634720206260681,,0.13158056139945984,,0.052765727043151855,0.07927579432725906,,,,,,,,,,,,,,
10,,20379,,,,,,,,,,2.9169023036956787e-06,,2.453569322824478e-06,,0.21406781673431396,,0.27393120527267456,,0.11308322846889496,,0.0447862446308136,0.07015906274318695,,,,,,,,,,,,,,
10,,20389,,,,,,,,,,6.748363375663757e-06,,2.0051375031471252e-06,,0.2308516502380371,,0.275512158870697,,0.11557617038488388,,0.03725436329841614,0.06524717062711716,,,,,,,,,,,,,,
10,,20399,,,,,,,,,,6.625428795814514e-06,,1.7066486179828644e-06,,0.19903483986854553,,0.2644614577293396,,0.11701655387878418,,0.0492212250828743,0.0736035704612732,,,,,,,,,,,,,,
10,,20409,,,,,,,,,,4.7050416469573975e-06,,3.182794898748398e-06,,0.21891310811042786,,0.26834386587142944,,0.10824401676654816,,0.04090525954961777,0.06613486260175705,,,,,,,,,,,,,,
10,,20419,,,,,,,,,,4.412606358528137e-06,,4.667323082685471e-06,,0.22164347767829895,,0.2522434592247009,,0.10642559826374054,,0.04000435024499893,0.06439509987831116,,,,,,,,,,,,,,
10,,20429,,,,,,,,,,3.4812837839126587e-06,,2.1527521312236786e-06,,0.19463050365447998,,0.26124536991119385,,0.13272282481193542,,0.048120662569999695,0.07552117854356766,,,,,,,,,,,,,,
10,,20439,,,,,,,,,,5.152076482772827e-06,,2.51084566116333e-06,,0.22643481194972992,,0.25999748706817627,,0.11421065032482147,,0.042590051889419556,0.06821461766958237,,,,,,,,,,,,,,
10,,20449,,,,,,,,,,4.794448614120483e-06,,2.128537744283676e-06,,0.19032904505729675,,0.2692480981349945,,0.1228678822517395,,0.039837613701820374,0.06778392195701599,,,,,,,,,,,,,,
10,,20459,,,,,,,,,,3.876164555549622e-06,,3.648921847343445e-06,,0.19023212790489197,,0.2604079246520996,,0.09931258857250214,,0.03132021799683571,0.056561000645160675,,,,,,,,,,,,,,
10,,20469,,,,,,,,,,4.213303327560425e-06,,2.7120113372802734e-06,,0.1833544820547104,,0.28974640369415283,,0.10698430240154266,,0.03925570473074913,0.06524782627820969,,,,,,,,,,,,,,
10,,20479,,,,,,,,,,5.2247196435928345e-06,,2.869870513677597e-06,,0.2531924247741699,,0.24787211418151855,,0.09886141866445541,,0.03693361580371857,0.060837697237730026,,,,,,,,,,,,,,
10,,20489,,,,,,,,,,4.850327968597412e-06,,3.257300704717636e-06,,0.19202643632888794,,0.27121880650520325,,0.10614091902971268,,0.035808365792036057,0.06173647567629814,,,,,,,,,,,,,,
10,,20499,,,,,,,,,,5.539506673812866e-06,,3.017950803041458e-06,,0.20614545047283173,,0.27054163813591003,,0.12764565646648407,,0.04660369083285332,0.07400181889533997,,,,,,,,,,,,,,
10,,20509,,,,,,,,,,5.574896931648254e-06,,3.6642886698246002e-06,,0.22132422029972076,,0.255798876285553,,0.09701652824878693,,0.030799515545368195,0.055888108909130096,,,,,,,,,,,,,,
10,,20519,,,,,,,,,,4.7050416469573975e-06,,4.225410521030426e-06,,0.24283504486083984,,0.2747052013874054,,0.09959433972835541,,0.03871705383062363,0.06344977021217346,,,,,,,,,,,,,,
10,,20529,,,,,,,,,,1.5877187252044678e-05,,6.13601878285408e-06,,0.19914153218269348,,0.2548346221446991,,0.11132670938968658,,0.04374247044324875,0.06797629594802856,,,,,,,,,,,,,,
10,,20539,,,,,,,,,,5.381181836128235e-06,,5.424022674560547e-06,,0.22273805737495422,,0.27294111251831055,,0.12193059921264648,,0.04663241654634476,0.07325853407382965,,,,,,,,,,,,,,
10,,20549,,,,,,,,,,7.983297109603882e-06,,3.4151598811149597e-06,,0.21134540438652039,,0.26234668493270874,,0.10622479766607285,,0.03815137967467308,0.06332036852836609,,,,,,,,,,,,,,
10,,20559,,,,,,,,,,3.0659139156341553e-06,,4.765111953020096e-06,,0.23349469900131226,,0.24420955777168274,,0.10130476951599121,,0.03912815451622009,0.06253963708877563,,,,,,,,,,,,,,
10,,20569,,,,,,,,,,4.537403583526611e-06,,3.6531127989292145e-06,,0.25413596630096436,,0.26503416895866394,,0.10316140949726105,,0.03531305119395256,0.06124415248632431,,,,,,,,,,,,,,
10,,20579,,,,,,,,,,2.8498470783233643e-06,,2.6277266442775726e-06,,0.2030857503414154,,0.269655704498291,,0.11878196150064468,,0.04180693253874779,0.06866361200809479,,,,,,,,,,,,,,
10,,20589,,,,,,,,,,3.917142748832703e-06,,2.734363079071045e-06,,0.23207952082157135,,0.2617408037185669,,0.10835209488868713,,0.03468084707856178,0.06133041903376579,,,,,,,,,,,,,,
10,,20599,,,,,,,,,,2.434477210044861e-06,,2.3869797587394714e-06,,0.20531797409057617,,0.2584824562072754,,0.10975167155265808,,0.04281383007764816,0.06722766906023026,,,,,,,,,,,,,,
10,,20609,,,,,,,,,,5.012378096580505e-06,,3.005843609571457e-06,,0.19409507513046265,,0.2799890339374542,,0.10632454603910446,,0.0349021814763546,0.06152655929327011,,,,,,,,,,,,,,
10,,20619,,,,,,,,,,4.0959566831588745e-06,,1.8542632460594177e-06,,0.25844821333885193,,0.2585894465446472,,0.09284606575965881,,0.040298935025930405,0.06279824674129486,,,,,,,,,,,,,,
10,,20629,,,,,,,,,,4.36045229434967e-06,,3.2032839953899384e-06,,0.23208293318748474,,0.26677751541137695,,0.11344187706708908,,0.04553079605102539,0.07066062837839127,,,,,,,,,,,,,,
10,,20639,,,,,,,,,,3.2410025596618652e-06,,2.6863999664783478e-06,,0.2128259837627411,,0.2619968354701996,,0.11663836240768433,,0.04299115389585495,0.0689050480723381,,,,,,,,,,,,,,
10,,20649,,,,,,,,,,2.650544047355652e-06,,2.8512440621852875e-06,,0.21016144752502441,,0.2479407787322998,,0.10026919096708298,,0.032036229968070984,0.056926608085632324,,,,,,,,,,,,,,
10,,20659,,,,,,,,,,3.978610038757324e-06,,3.928784281015396e-06,,0.20414802432060242,,0.2550579011440277,,0.11016859114170074,,0.038023512810468674,0.06353797018527985,,,,,,,,,,,,,,
10,,20669,,,,,,,,,,5.969777703285217e-06,,2.876855432987213e-06,,0.2614552676677704,,0.2505234181880951,,0.1145043894648552,,0.04384808987379074,0.06917975842952728,,,,,,,,,,,,,,
10,,20679,,,,,,,,,,1.9706785678863525e-06,,2.161134034395218e-06,,0.23463411629199982,,0.25740334391593933,,0.1105797216296196,,0.04134422540664673,0.06657353043556213,,,,,,,,,,,,,,
10,,20689,,,,,,,,,,7.212162017822266e-06,,3.830064088106155e-06,,0.2062000036239624,,0.25378116965293884,,0.10318140685558319,,0.03343835845589638,0.058752041310071945,,,,,,,,,,,,,,
10,,20699,,,,,,,,,,6.377696990966797e-06,,2.9122456908226013e-06,,0.18913866579532623,,0.27752840518951416,,0.10590649396181107,,0.039794690907001495,0.06494496762752533,,,,,,,,,,,,,,
10,,20709,,,,,,,,,,7.78399407863617e-06,,5.745794624090195e-06,,0.252163290977478,,0.2574092149734497,,0.1036364883184433,,0.036892831325531006,0.062137752771377563,,,,,,,,,,,,,,
10,,20719,,,,,,,,,,4.988163709640503e-06,,4.169531166553497e-06,,0.23351991176605225,,0.27334359288215637,,0.09687340259552002,,0.031861551105976105,0.05762355402112007,,,,,,,,,,,,,,
10,,20729,,,,,,,,,,4.239380359649658e-06,,2.7096830308437347e-06,,0.20685961842536926,,0.27859389781951904,,0.12992815673351288,,0.04949609935283661,0.07698563486337662,,,,,,,,,,,,,,
10,,20739,,,,,,,,,,7.107853889465332e-06,,2.5620684027671814e-06,,0.21843668818473816,,0.25989776849746704,,0.12025200575590134,,0.042455971240997314,0.06914864480495453,,,,,,,,,,,,,,
10,,20749,,,,,,,,,,7.910653948783875e-06,,3.6726705729961395e-06,,0.21201571822166443,,0.25141164660453796,,0.09638241678476334,,0.03823023661971092,0.061028774827718735,,,,,,,,,,,,,,
10,,20759,,,,,,,,,,1.2263655662536621e-05,,2.1029263734817505e-06,,0.18683475255966187,,0.2760787010192871,,0.12311955541372299,,0.04471597075462341,0.0717700868844986,,,,,,,,,,,,,,
10,,20769,,,,,,,,,,3.948807716369629e-06,,3.051944077014923e-06,,0.17383170127868652,,0.2717963457107544,,0.11839886754751205,,0.04896164685487747,0.07371657341718674,,,,,,,,,,,,,,
10,,20779,,,,,,,,,,7.327646017074585e-06,,2.141576260328293e-06,,0.1910782754421234,,0.2686666250228882,,0.10808511078357697,,0.03887926787137985,0.06427406519651413,,,,,,,,,,,,,,
10,,20789,,,,,,,,,,6.016343832015991e-06,,2.452172338962555e-06,,0.17496338486671448,,0.2632596492767334,,0.11421379446983337,,0.0380355529487133,0.06434812396764755,,,,,,,,,,,,,,
10,,20799,,,,,,,,,,8.052214980125427e-06,,2.6673078536987305e-06,,0.20687195658683777,,0.2534146308898926,,0.11582726240158081,,0.03800109773874283,0.06453730165958405,,,,,,,,,,,,,,
10,,20809,,,,,,,,,,5.347654223442078e-06,,2.0959414541721344e-06,,0.23896440863609314,,0.2498445063829422,,0.11269709467887878,,0.04039691761136055,0.06595633178949356,,,,,,,,,,,,,,
10,,20819,,,,,,,,,,5.969777703285217e-06,,2.803746610879898e-06,,0.20408287644386292,,0.25601673126220703,,0.11655597388744354,,0.039684392511844635,0.06602605432271957,,,,,,,,,,,,,,
10,,20829,,,,,,,,,,4.431232810020447e-06,,7.2480179369449615e-06,,0.2325153648853302,,0.24054239690303802,,0.11077632009983063,,0.04218029975891113,0.066422238945961,,,,,,,,,,,,,,
10,,20839,,,,,,,,,,2.6207417249679565e-06,,2.4740584194660187e-06,,0.21678537130355835,,0.25690752267837524,,0.12708385288715363,,0.04370538890361786,0.07120765000581741,,,,,,,,,,,,,,
10,,20849,,,,,,,,,,3.632158041000366e-06,,2.398621290922165e-06,,0.15401384234428406,,0.26753151416778564,,0.12552623450756073,,0.04645916819572449,0.07274370640516281,,,,,,,,,,,,,,
10,,20859,,,,,,,,,,3.77558171749115e-06,,2.3506581783294678e-06,,0.21282091736793518,,0.25530362129211426,,0.10322518646717072,,0.037365805357694626,0.06185554340481758,,,,,,,,,,,,,,
10,,20869,,,,,,,,,,5.37186861038208e-06,,2.2444874048233032e-06,,0.2102488875389099,,0.27177828550338745,,0.10805551707744598,,0.042459793388843536,0.0673251673579216,,,,,,,,,,,,,,
10,,20879,,,,,,,,,,4.392117261886597e-06,,1.5776604413986206e-06,,0.19304372370243073,,0.26804274320602417,,0.12143096327781677,,0.041505567729473114,0.06874100863933563,,,,,,,,,,,,,,
10,,20889,,,,,,,,,,3.7606805562973022e-06,,2.310611307621002e-06,,0.19130250811576843,,0.2657632827758789,,0.11169777810573578,,0.035285163670778275,0.06212186440825462,,,,,,,,,,,,,,
10,,20899,,,,,,,,,,3.429129719734192e-06,,2.277083694934845e-06,,0.20068621635437012,,0.25880953669548035,,0.10476963222026825,,0.038016147911548615,0.06265521794557571,,,,,,,,,,,,,,
10,,20909,,,,,,,,,,4.503875970840454e-06,,2.413056790828705e-06,,0.20720888674259186,,0.2629745900630951,,0.11099860817193985,,0.04554744437336922,0.0697450190782547,,,,,,,,,,,,,,
10,,20919,,,,,,,,,,5.345791578292847e-06,,1.9073486328125e-06,,0.20707741379737854,,0.27589499950408936,,0.11280784755945206,,0.03845943138003349,0.06537128239870071,,,,,,,,,,,,,,
10,,20929,,,,,,,,,,4.852190613746643e-06,,2.2565945982933044e-06,,0.23327317833900452,,0.2551869750022888,,0.12070153653621674,,0.04414639621973038,0.07045410573482513,,,,,,,,,,,,,,
10,,20939,,,,,,,,,,5.671754479408264e-06,,2.055894583463669e-06,,0.21578732132911682,,0.2732182443141937,,0.11641395092010498,,0.0407944917678833,0.0677759125828743,,,,,,,,,,,,,,
10,,20949,,,,,,,,,,8.480623364448547e-06,,2.650078386068344e-06,,0.2254524528980255,,0.24612374603748322,,0.09240945428609848,,0.0347878560423851,0.05761081725358963,,,,,,,,,,,,,,
10,,20959,,,,,,,,,,8.404254913330078e-06,,3.3299438655376434e-06,,0.22255732119083405,,0.2542358338832855,,0.09963521361351013,,0.03659911826252937,0.06067116931080818,,,,,,,,,,,,,,
10,,20969,,,,,,,,,,6.2193721532821655e-06,,2.7990899980068207e-06,,0.19616632163524628,,0.2824382185935974,,0.09944343566894531,,0.034040793776512146,0.0597289502620697,,,,,,,,,,,,,,
10,,20979,,,,,,,,,,4.719942808151245e-06,,4.002358764410019e-06,,0.20588408410549164,,0.2609167993068695,,0.11974474042654037,,0.04109824448823929,0.06793560832738876,,,,,,,,,,,,,,
10,,20989,,,,,,,,,,8.320435881614685e-06,,3.123655915260315e-06,,0.2265537977218628,,0.2530499994754791,,0.09940923750400543,,0.0338190495967865,0.058534469455480576,,,,,,,,,,,,,,
10,,20999,,,,,,,,,,7.856637239456177e-06,,2.030283212661743e-06,,0.16935282945632935,,0.274275541305542,,0.1207459345459938,,0.04508345574140549,0.07131114602088928,,,,,,,,,,,,,,
10,,21009,,,,,,,,,,1.0740011930465698e-05,,6.718561053276062e-06,,0.2124352753162384,,0.2592793107032776,,0.10102169215679169,,0.03768084943294525,0.06186052784323692,,,,,,,,,,,,,,
10,,21019,,,,,,,,,,8.450821042060852e-06,,5.6657008826732635e-06,,0.18566960096359253,,0.27083972096443176,,0.11036065220832825,,0.04192616045475006,0.06702505797147751,,,,,,,,,,,,,,
10,,21029,,,,,,,,,,5.95487654209137e-06,,2.9155053198337555e-06,,0.18174728751182556,,0.24380449950695038,,0.11811285465955734,,0.04216814041137695,0.06734690815210342,,,,,,,,,,,,,,
10,,21039,,,,,,,,,,7.35744833946228e-06,,2.559274435043335e-06,,0.22296768426895142,,0.2615399956703186,,0.11450845003128052,,0.03703618794679642,0.06413573771715164,,,,,,,,,,,,,,
10,,21049,,,,,,,,,,9.890645742416382e-06,,2.280343323945999e-06,,0.19032207131385803,,0.2654050290584564,,0.11057643592357635,,0.036989934742450714,0.06316216289997101,,,,,,,,,,,,,,
10,,21059,,,,,,,,,,5.409121513366699e-06,,2.4833716452121735e-06,,0.20320484042167664,,0.25168663263320923,,0.10942542552947998,,0.03761947527527809,0.06292636692523956,,,,,,,,,,,,,,
10,,21069,,,,,,,,,,1.033581793308258e-05,,2.6961788535118103e-06,,0.18061614036560059,,0.26647359132766724,,0.09611572325229645,,0.03511557728052139,0.058980342000722885,,,,,,,,,,,,,,
10,,21079,,,,,,,,,,6.292015314102173e-06,,2.1331943571567535e-06,,0.24598322808742523,,0.2574324309825897,,0.1014183908700943,,0.03746216744184494,0.06207750737667084,,,,,,,,,,,,,,
10,,21089,,,,,,,,,,3.589317202568054e-06,,1.787673681974411e-06,,0.23118019104003906,,0.25302180647850037,,0.10505111515522003,,0.03694117069244385,0.06198764592409134,,,,,,,,,,,,,,
10,,21099,,,,,,,,,,4.898756742477417e-06,,1.6991980373859406e-06,,0.1989315003156662,,0.26409536600112915,,0.10758110880851746,,0.039455704391002655,0.0644896924495697,,,,,,,,,,,,,,
10,,21109,,,,,,,,,,3.635883331298828e-06,,2.2691674530506134e-06,,0.20635005831718445,,0.25665193796157837,,0.11643992364406586,,0.042631521821022034,0.06827153265476227,,,,,,,,,,,,,,
10,,21119,,,,,,,,,,8.113682270050049e-06,,2.698507159948349e-06,,0.20171959698200226,,0.2533720135688782,,0.1186804473400116,,0.04861775040626526,0.07297443598508835,,,,,,,,,,,,,,
10,,21129,,,,,,,,,,5.276873707771301e-06,,2.770218998193741e-06,,0.22619712352752686,,0.25905680656433105,,0.10146366059780121,,0.04091913253068924,0.06452358514070511,,,,,,,,,,,,,,
10,,21139,,,,,,,,,,3.520399332046509e-06,,3.3569522202014923e-06,,0.21662288904190063,,0.25051382184028625,,0.11611591279506683,,0.04117804765701294,0.06695301085710526,,,,,,,,,,,,,,
10,,21149,,,,,,,,,,4.585832357406616e-06,,2.0526349544525146e-06,,0.189631387591362,,0.26395002007484436,,0.11407622694969177,,0.03313424438238144,0.06084974482655525,,,,,,,,,,,,,,
10,,21159,,,,,,,,,,3.933906555175781e-06,,2.3567117750644684e-06,,0.215796560049057,,0.26609382033348083,,0.11385028064250946,,0.04090282320976257,0.06704244017601013,,,,,,,,,,,,,,
10,,21169,,,,,,,,,,3.246590495109558e-06,,2.7995556592941284e-06,,0.22193202376365662,,0.2452271580696106,,0.09827136248350143,,0.0343899242579937,0.05832836031913757,,,,,,,,,,,,,,
10,,21179,,,,,,,,,,4.801899194717407e-06,,2.5792978703975677e-06,,0.2111099809408188,,0.24904702603816986,,0.09780041128396988,,0.03818316385149956,0.061137910932302475,,,,,,,,,,,,,,
10,,21189,,,,,,,,,,3.1739473342895508e-06,,2.9867514967918396e-06,,0.19500641524791718,,0.28304576873779297,,0.11663149297237396,,0.04241441190242767,0.06924913823604584,,,,,,,,,,,,,,
10,,21199,,,,,,,,,,5.964189767837524e-06,,2.1331943571567535e-06,,0.21946431696414948,,0.25662386417388916,,0.11945553123950958,,0.047385074198246,0.0725555345416069,,,,,,,,,,,,,,
10,,21209,,,,,,,,,,3.896653652191162e-06,,2.0689330995082855e-06,,0.18917083740234375,,0.2575693130493164,,0.11792749166488647,,0.04193304851651192,0.0678681805729866,,,,,,,,,,,,,,
10,,21219,,,,,,,,,,4.988163709640503e-06,,2.736225724220276e-06,,0.23586082458496094,,0.2598962187767029,,0.10986614227294922,,0.042207032442092896,0.06721822917461395,,,,,,,,,,,,,,
10,,21229,,,,,,,,,,4.108995199203491e-06,,1.943204551935196e-06,,0.2140217125415802,,0.27562224864959717,,0.12018619477748871,,0.04757600277662277,0.07366276532411575,,,,,,,,,,,,,,
10,,21239,,,,,,,,,,2.3208558559417725e-06,,2.6044435799121857e-06,,0.1748424470424652,,0.27680253982543945,,0.11099395155906677,,0.03855495899915695,0.06476746499538422,,,,,,,,,,,,,,
10,,21249,,,,,,,,,,3.771856427192688e-06,,1.928769052028656e-06,,0.19643869996070862,,0.257562518119812,,0.12057862430810928,,0.04557257518172264,0.0711805671453476,,,,,,,,,,,,,,
10,,21259,,,,,,,,,,4.297122359275818e-06,,2.3739412426948547e-06,,0.18142738938331604,,0.265358030796051,,0.10884635150432587,,0.039204638451337814,0.06439266353845596,,,,,,,,,,,,,,
10,,21269,,,,,,,,,,2.3525208234786987e-06,,1.8686987459659576e-06,,0.22021549940109253,,0.27096688747406006,,0.10724126547574997,,0.03456580638885498,0.061329301446676254,,,,,,,,,,,,,,
10,,21279,,,,,,,,,,2.562999725341797e-06,,1.6773119568824768e-06,,0.23570379614830017,,0.24947898089885712,,0.0997164323925972,,0.033011503517627716,0.05792608857154846,,,,,,,,,,,,,,
10,,21289,,,,,,,,,,2.6542693376541138e-06,,5.321577191352844e-06,,0.22178617119789124,,0.25465184450149536,,0.10210731625556946,,0.037549056112766266,0.06185789778828621,,,,,,,,,,,,,,
10,,21299,,,,,,,,,,2.950429916381836e-06,,2.168118953704834e-06,,0.21032992005348206,,0.2628050446510315,,0.09626010060310364,,0.03283636271953583,0.05747387185692787,,,,,,,,,,,,,,
10,,21309,,,,,,,,,,2.037733793258667e-06,,1.5408731997013092e-06,,0.19438011944293976,,0.26925963163375854,,0.11945676803588867,,0.040643494576215744,0.06779675930738449,,,,,,,,,,,,,,
10,,21319,,,,,,,,,,3.1106173992156982e-06,,2.237502485513687e-06,,0.20825785398483276,,0.2627304792404175,,0.11277037858963013,,0.0476054772734642,0.07162206619977951,,,,,,,,,,,,,,
10,,21329,,,,,,,,,,2.684071660041809e-06,,2.7045607566833496e-06,,0.24078238010406494,,0.2459125518798828,,0.10716623067855835,,0.03741215169429779,0.06251687556505203,,,,,,,,,,,,,,
10,,21339,,,,,,,,,,2.343207597732544e-06,,2.868473529815674e-06,,0.2234264612197876,,0.26127171516418457,,0.10554273426532745,,0.03610061854124069,0.06174520030617714,,,,,,,,,,,,,,
10,,21349,,,,,,,,,,2.8330832719802856e-06,,3.6903657019138336e-06,,0.21055752038955688,,0.2658132314682007,,0.11915265023708344,,0.041250117123126984,0.06822284311056137,,,,,,,,,,,,,,
10,,21359,,,,,,,,,,2.0712614059448242e-06,,2.0582228899002075e-06,,0.19405514001846313,,0.26296961307525635,,0.11118922382593155,,0.037925079464912415,0.06390818953514099,,,,,,,,,,,,,,
10,,21369,,,,,,,,,,3.85381281375885e-06,,2.5690533220767975e-06,,0.20502477884292603,,0.2507913410663605,,0.09824575483798981,,0.033071693032979965,0.057397350668907166,,,,,,,,,,,,,,
10,,21379,,,,,,,,,,4.362314939498901e-06,,2.246815711259842e-06,,0.1854056417942047,,0.2698836028575897,,0.12639768421649933,,0.049541693180799484,0.07569784671068192,,,,,,,,,,,,,,
10,,21389,,,,,,,,,,2.866610884666443e-06,,3.4151598811149597e-06,,0.1976419985294342,,0.25700390338897705,,0.10417207330465317,,0.03518155589699745,0.06029634177684784,,,,,,,,,,,,,,
10,,21399,,,,,,,,,,2.998858690261841e-06,,2.789311110973358e-06,,0.18631745874881744,,0.27367550134658813,,0.1213441863656044,,0.04780450090765953,0.07363535463809967,,,,,,,,,,,,,,
10,,21409,,,,,,,,,,3.3583492040634155e-06,,3.204215317964554e-06,,0.18898317217826843,,0.2639835476875305,,0.11845739185810089,,0.040202073752880096,0.06696755439043045,,,,,,,,,,,,,,
10,,21419,,,,,,,,,,3.4011900424957275e-06,,3.7481077015399933e-06,,0.18673069775104523,,0.2662537693977356,,0.10223118960857391,,0.03257736563682556,0.058284513652324677,,,,,,,,,,,,,,
10,,21429,,,,,,,,,,2.2407621145248413e-06,,1.7401762306690216e-06,,0.22586402297019958,,0.25375163555145264,,0.11824743449687958,,0.04342886805534363,0.06930142641067505,,,,,,,,,,,,,,
10,,21439,,,,,,,,,,2.1029263734817505e-06,,2.371612936258316e-06,,0.18679434061050415,,0.2723934054374695,,0.13745340704917908,,0.0509917289018631,0.0789930447936058,,,,,,,,,,,,,,
10,,21449,,,,,,,,,,2.4419277906417847e-06,,3.509223461151123e-06,,0.2322874218225479,,0.2649291753768921,,0.11965272575616837,,0.050617776811122894,0.07555735856294632,,,,,,,,,,,,,,
10,,21459,,,,,,,,,,3.11434268951416e-06,,2.269633114337921e-06,,0.20277276635169983,,0.25567713379859924,,0.11525075137615204,,0.038794804364442825,0.0650826245546341,,,,,,,,,,,,,,
10,,21469,,,,,,,,,,2.5834888219833374e-06,,3.5921111702919006e-06,,0.2058783918619156,,0.25961893796920776,,0.11903469264507294,,0.0437411367893219,0.0697241723537445,,,,,,,,,,,,,,
10,,21479,,,,,,,,,,3.419816493988037e-06,,3.339722752571106e-06,,0.17061950266361237,,0.27452707290649414,,0.1119576096534729,,0.043349914252758026,0.06838910281658173,,,,,,,,,,,,,,
10,,21489,,,,,,,,,,2.5238841772079468e-06,,2.3944303393363953e-06,,0.19385531544685364,,0.2690773010253906,,0.1133773922920227,,0.04271119087934494,0.06819305568933487,,,,,,,,,,,,,,
10,,21499,,,,,,,,,,4.453584551811218e-06,,2.480577677488327e-06,,0.23779450356960297,,0.25005871057510376,,0.11103543639183044,,0.04517049714922905,0.06922208517789841,,,,,,,,,,,,,,
10,,21509,,,,,,,,,,2.898275852203369e-06,,2.6188790798187256e-06,,0.21880687773227692,,0.26446592807769775,,0.0977705866098404,,0.035007722675800323,0.05956331640481949,,,,,,,,,,,,,,
10,,21519,,,,,,,,,,2.8368085622787476e-06,,2.809334546327591e-06,,0.1798386126756668,,0.27004942297935486,,0.12173785269260406,,0.04126768559217453,0.06855940818786621,,,,,,,,,,,,,,
10,,21529,,,,,,,,,,6.0498714447021484e-06,,3.3318065106868744e-06,,0.21510159969329834,,0.24945172667503357,,0.11539667099714279,,0.042007263749837875,0.06737256050109863,,,,,,,,,,,,,,
10,,21539,,,,,,,,,,3.432855010032654e-06,,2.8386712074279785e-06,,0.21271593868732452,,0.26217812299728394,,0.11175773292779922,,0.042335182428359985,0.06750481575727463,,,,,,,,,,,,,,
10,,21549,,,,,,,,,,3.7569552659988403e-06,,3.9888545870780945e-06,,0.2012564241886139,,0.2553226351737976,,0.10811928659677505,,0.03861948847770691,0.0635792464017868,,,,,,,,,,,,,,
10,,21559,,,,,,,,,,3.810971975326538e-06,,3.4817494451999664e-06,,0.2228778600692749,,0.2760191559791565,,0.10495235025882721,,0.03724301606416702,0.06317651271820068,,,,,,,,,,,,,,
10,,21569,,,,,,,,,,5.504116415977478e-06,,4.1937455534935e-06,,0.2007247358560562,,0.25871509313583374,,0.13029271364212036,,0.0468483604490757,0.07406377047300339,,,,,,,,,,,,,,
10,,21579,,,,,,,,,,4.688277840614319e-06,,2.800021320581436e-06,,0.17691221833229065,,0.26701438426971436,,0.10125355422496796,,0.039759740233421326,0.06340982764959335,,,,,,,,,,,,,,
10,,21589,,,,,,,,,,5.636364221572876e-06,,2.508983016014099e-06,,0.19605764746665955,,0.26562097668647766,,0.1153792291879654,,0.04258012771606445,0.0683339312672615,,,,,,,,,,,,,,
10,,21599,,,,,,,,,,1.4042481780052185e-05,,3.917142748832703e-06,,0.1928088665008545,,0.2782592177391052,,0.11089052259922028,,0.04269310459494591,0.06813133507966995,,,,,,,,,,,,,,
10,,21609,,,,,,,,,,5.751848220825195e-06,,2.3813918232917786e-06,,0.182217538356781,,0.2664962410926819,,0.09833216667175293,,0.03470667451620102,0.05910910665988922,,,,,,,,,,,,,,
10,,21619,,,,,,,,,,6.966292858123779e-06,,4.258006811141968e-06,,0.175654798746109,,0.27195659279823303,,0.11154934763908386,,0.04245547205209732,0.06758004426956177,,,,,,,,,,,,,,
10,,21629,,,,,,,,,,6.75395131111145e-06,,2.889428287744522e-06,,0.21609020233154297,,0.26494020223617554,,0.1071595549583435,,0.03820377215743065,0.06371219456195831,,,,,,,,,,,,,,
10,,21639,,,,,,,,,,7.152557373046875e-06,,2.9406510293483734e-06,,0.18583078682422638,,0.26414549350738525,,0.1063513457775116,,0.039429545402526855,0.06408822536468506,,,,,,,,,,,,,,
10,,21649,,,,,,,,,,5.319714546203613e-06,,3.3103860914707184e-06,,0.2231595367193222,,0.25042587518692017,,0.102973073720932,,0.03806213289499283,0.06222311779856682,,,,,,,,,,,,,,
10,,21659,,,,,,,,,,6.953254342079163e-06,,2.2994354367256165e-06,,0.21164588630199432,,0.26057472825050354,,0.10031670331954956,,0.039837464690208435,0.06339763849973679,,,,,,,,,,,,,,
10,,21669,,,,,,,,,,4.1816383600234985e-06,,3.2014213502407074e-06,,0.19832605123519897,,0.24412673711776733,,0.10919857025146484,,0.04126982390880585,0.06521061062812805,,,,,,,,,,,,,,
10,,21679,,,,,,,,,,3.769993782043457e-06,,2.193264663219452e-06,,0.22659817337989807,,0.2658223509788513,,0.12938344478607178,,0.039623990654945374,0.06911014020442963,,,,,,,,,,,,,,
10,,21689,,,,,,,,,,5.144625902175903e-06,,4.227738827466965e-06,,0.198539137840271,,0.27071115374565125,,0.09925505518913269,,0.03429123014211655,0.05935947224497795,,,,,,,,,,,,,,
10,,21699,,,,,,,,,,3.67872416973114e-06,,2.045184373855591e-06,,0.1817387342453003,,0.25355181097984314,,0.11088721454143524,,0.04050937294960022,0.06520430743694305,,,,,,,,,,,,,,
10,,21709,,,,,,,,,,3.417953848838806e-06,,2.7883797883987427e-06,,0.16157302260398865,,0.27481359243392944,,0.13066142797470093,,0.047309160232543945,0.07477447390556335,,,,,,,,,,,,,,
10,,21719,,,,,,,,,,4.634261131286621e-06,,3.0687078833580017e-06,,0.23138375580310822,,0.24658897519111633,,0.12181808054447174,,0.0416332371532917,0.06835290044546127,,,,,,,,,,,,,,
10,,21729,,,,,,,,,,3.829598426818848e-06,,3.1618401408195496e-06,,0.22370904684066772,,0.24998164176940918,,0.1041836366057396,,0.03765257075428963,0.06212852522730827,,,,,,,,,,,,,,
10,,21739,,,,,,,,,,4.516914486885071e-06,,4.060566425323486e-06,,0.18542906641960144,,0.2630869746208191,,0.1145613044500351,,0.04453790932893753,0.06940583884716034,,,,,,,,,,,,,,
10,,21749,,,,,,,,,,3.4794211387634277e-06,,4.56441193819046e-06,,0.24693605303764343,,0.24744868278503418,,0.0933985561132431,,0.03531115874648094,0.05850283429026604,,,,,,,,,,,,,,
10,,21759,,,,,,,,,,5.89713454246521e-06,,6.0140155255794525e-06,,0.20935583114624023,,0.259097158908844,,0.11480724811553955,,0.04043269157409668,0.06646569818258286,,,,,,,,,,,,,,
10,,21769,,,,,,,,,,9.408220648765564e-06,,3.4561380743980408e-06,,0.20604464411735535,,0.27360332012176514,,0.11197254806756973,,0.03738793358206749,0.06429126113653183,,,,,,,,,,,,,,
10,,21779,,,,,,,,,,5.543231964111328e-06,,4.370231181383133e-06,,0.2078285962343216,,0.25723809003829956,,0.10464824736118317,,0.04269549995660782,0.06615286320447922,,,,,,,,,,,,,,
10,,21789,,,,,,,,,,2.773478627204895e-06,,1.5231315046548843e-05,,0.21934573352336884,,0.24732846021652222,,0.1137724444270134,,0.033987388014793396,0.061001796275377274,,,,,,,,,,,,,,
10,,21799,,,,,,,,,,4.6510249376297e-06,,3.538094460964203e-06,,0.22776329517364502,,0.2644989788532257,,0.11106673628091812,,0.04047807306051254,0.06626725196838379,,,,,,,,,,,,,,
10,,21809,,,,,,,,,,4.7907233238220215e-06,,2.9848888516426086e-06,,0.19484460353851318,,0.267244428396225,,0.12208549678325653,,0.045810405164957047,0.07207686454057693,,,,,,,,,,,,,,
10,,21819,,,,,,,,,,3.948807716369629e-06,,2.577435225248337e-06,,0.23978078365325928,,0.2607506811618805,,0.12124088406562805,,0.03728577494621277,0.06574568152427673,,,,,,,,,,,,,,
10,,21829,,,,,,,,,,3.648921847343445e-06,,3.087799996137619e-06,,0.16866806149482727,,0.2750314474105835,,0.10837659239768982,,0.040051691234111786,0.06524400413036346,,,,,,,,,,,,,,
10,,21839,,,,,,,,,,2.4531036615371704e-06,,2.075452357530594e-06,,0.18507765233516693,,0.2749999761581421,,0.11540047079324722,,0.04161565750837326,0.06792543083429337,,,,,,,,,,,,,,
10,,21849,,,,,,,,,,3.1422823667526245e-06,,3.783963620662689e-06,,0.23198795318603516,,0.25284406542778015,,0.10396665334701538,,0.036355212330818176,0.06134582310914993,,,,,,,,,,,,,,
10,,21859,,,,,,,,,,4.088506102561951e-06,,7.524620741605759e-06,,0.18010598421096802,,0.26451653242111206,,0.10238896310329437,,0.03444201499223709,0.0595538355410099,,,,,,,,,,,,,,
10,,21869,,,,,,,,,,4.583969712257385e-06,,2.6514753699302673e-06,,0.17172971367835999,,0.2890675663948059,,0.13079392910003662,,0.049636032432317734,0.0773322805762291,,,,,,,,,,,,,,
10,,21879,,,,,,,,,,3.0528753995895386e-06,,2.4456530809402466e-06,,0.25309696793556213,,0.25321096181869507,,0.10653107613325119,,0.03782070055603981,0.06319078058004379,,,,,,,,,,,,,,
10,,21889,,,,,,,,,,4.161149263381958e-06,,3.7015415728092194e-06,,0.25785624980926514,,0.24763399362564087,,0.11926686763763428,,0.04821586608886719,0.07317191362380981,,,,,,,,,,,,,,
10,,21899,,,,,,,,,,4.0549784898757935e-06,,3.775116056203842e-06,,0.20137453079223633,,0.26659661531448364,,0.09916511923074722,,0.03632713854312897,0.060710225254297256,,,,,,,,,,,,,,
10,,21909,,,,,,,,,,6.634742021560669e-06,,3.987923264503479e-06,,0.20615771412849426,,0.2764524817466736,,0.11978349089622498,,0.04180115461349487,0.06920180469751358,,,,,,,,,,,,,,
10,,21919,,,,,,,,,,3.4049153327941895e-06,,5.130656063556671e-06,,0.18794167041778564,,0.2556988000869751,,0.12273990362882614,,0.04017586261034012,0.06735040992498398,,,,,,,,,,,,,,
10,,21929,,,,,,,,,,2.812594175338745e-06,,2.605374902486801e-06,,0.21656547486782074,,0.2566893696784973,,0.10699619352817535,,0.04110453277826309,0.06547637283802032,,,,,,,,,,,,,,
10,,21939,,,,,,,,,,3.930181264877319e-06,,5.437526851892471e-06,,0.23237070441246033,,0.2569025754928589,,0.11243309825658798,,0.03844546526670456,0.06469652056694031,,,,,,,,,,,,,,
10,,21949,,,,,,,,,,4.449859261512756e-06,,3.4868717193603516e-06,,0.23606917262077332,,0.2640540599822998,,0.11653462052345276,,0.04193388670682907,0.0684613510966301,,,,,,,,,,,,,,
10,,21959,,,,,,,,,,3.1962990760803223e-06,,5.860812962055206e-06,,0.19769993424415588,,0.27190864086151123,,0.10739000141620636,,0.03434169292449951,0.060969315469264984,,,,,,,,,,,,,,
10,,21969,,,,,,,,,,3.343448042869568e-06,,5.952082574367523e-06,,0.23849576711654663,,0.2477239966392517,,0.09381966292858124,,0.0348815992474556,0.05817354843020439,,,,,,,,,,,,,,
10,,21979,,,,,,,,,,3.954395651817322e-06,,3.0617229640483856e-06,,0.17326663434505463,,0.2724045217037201,,0.10992393642663956,,0.04185344651341438,0.06681657582521439,,,,,,,,,,,,,,
10,,21989,,,,,,,,,,5.280598998069763e-06,,4.9122609198093414e-06,,0.1993238925933838,,0.2592187821865082,,0.10763242095708847,,0.04069742560386658,0.06520679593086243,,,,,,,,,,,,,,
10,,21999,,,,,,,,,,4.198402166366577e-06,,5.798414349555969e-06,,0.20523083209991455,,0.2650858461856842,,0.11497216671705246,,0.040857285261154175,0.06704758107662201,,,,,,,,,,,,,,
10,,22009,,,,,,,,,,6.904825568199158e-06,,1.0153278708457947e-05,,0.2704906165599823,,0.24369800090789795,,0.10085925459861755,,0.04110396280884743,0.06434798240661621,,,,,,,,,,,,,,
10,,22019,,,,,,,,,,3.3471733331680298e-06,,5.803536623716354e-06,,0.21106280386447906,,0.2643689513206482,,0.10127118229866028,,0.036156006157398224,0.06098594889044762,,,,,,,,,,,,,,
10,,22029,,,,,,,,,,7.4747949838638306e-06,,4.081986844539642e-06,,0.1994726061820984,,0.2644640803337097,,0.10683805495500565,,0.03802331164479256,0.06329941749572754,,,,,,,,,,,,,,
10,,22039,,,,,,,,,,2.8330832719802856e-06,,4.009809345006943e-06,,0.2056724727153778,,0.2565222382545471,,0.10684198886156082,,0.04193918779492378,0.0659380778670311,,,,,,,,,,,,,,
10,,22049,,,,,,,,,,3.3676624298095703e-06,,3.943219780921936e-06,,0.25400376319885254,,0.24327778816223145,,0.09659501165151596,,0.0361231304705143,0.05959872901439667,,,,,,,,,,,,,,
10,,22059,,,,,,,,,,4.909932613372803e-06,,3.3178366720676422e-06,,0.19752386212348938,,0.27581697702407837,,0.11230538785457611,,0.043407194316387177,0.06887313723564148,,,,,,,,,,,,,,
10,,22069,,,,,,,,,,2.430751919746399e-06,,2.343207597732544e-06,,0.22628630697727203,,0.25302425026893616,,0.13274511694908142,,0.04778875783085823,0.07526196539402008,,,,,,,,,,,,,,
10,,22079,,,,,,,,,,3.159046173095703e-06,,3.6633573472499847e-06,,0.24387669563293457,,0.2341599464416504,,0.09451404213905334,,0.03418957069516182,0.05721171945333481,,,,,,,,,,,,,,
10,,22089,,,,,,,,,,3.3974647521972656e-06,,5.191192030906677e-06,,0.26774919033050537,,0.2472286820411682,,0.10197700560092926,,0.034272488206624985,0.05956614390015602,,,,,,,,,,,,,,
10,,22099,,,,,,,,,,3.205612301826477e-06,,3.826804459095001e-06,,0.2234300971031189,,0.26218050718307495,,0.10656245052814484,,0.042297400534152985,0.06662782281637192,,,,,,,,,,,,,,
10,,22109,,,,,,,,,,4.518777132034302e-06,,4.2603351175785065e-06,,0.1958530992269516,,0.27124902606010437,,0.11972133815288544,,0.0367140993475914,0.06500916928052902,,,,,,,,,,,,,,
10,,22119,,,,,,,,,,6.671994924545288e-06,,3.362540155649185e-06,,0.1957153081893921,,0.2760491371154785,,0.12416081875562668,,0.04962566867470741,0.07575125992298126,,,,,,,,,,,,,,
10,,22129,,,,,,,,,,3.1311064958572388e-06,,3.2121315598487854e-06,,0.21109674870967865,,0.2703463137149811,,0.11103355884552002,,0.041987448930740356,0.06747213751077652,,,,,,,,,,,,,,
10,,22139,,,,,,,,,,3.5017728805541992e-06,,3.7937425076961517e-06,,0.15748533606529236,,0.2715320289134979,,0.11184443533420563,,0.04498995095491409,0.06930382549762726,,,,,,,,,,,,,,
10,,22149,,,,,,,,,,4.075467586517334e-06,,4.102941602468491e-06,,0.2329077422618866,,0.2470484972000122,,0.11852022260427475,,0.053920678794384,0.07699164748191833,,,,,,,,,,,,,,
10,,22159,,,,,,,,,,4.174187779426575e-06,,3.2442621886730194e-06,,0.2438001185655594,,0.2583227753639221,,0.10971000790596008,,0.03678296506404877,0.06313919275999069,,,,,,,,,,,,,,
10,,22169,,,,,,,,,,7.558614015579224e-06,,3.45008447766304e-06,,0.22556231915950775,,0.250699520111084,,0.11563585698604584,,0.042662158608436584,0.06808983534574509,,,,,,,,,,,,,,
10,,22179,,,,,,,,,,6.495043635368347e-06,,2.3543834686279297e-06,,0.1849682331085205,,0.2638213038444519,,0.09910262376070023,,0.040212929248809814,0.06329112499952316,,,,,,,,,,,,,,
10,,22189,,,,,,,,,,4.936009645462036e-06,,3.073364496231079e-06,,0.20819561183452606,,0.2529630661010742,,0.10886957496404648,,0.04153793305158615,0.06588003039360046,,,,,,,,,,,,,,
10,,22199,,,,,,,,,,4.937872290611267e-06,,1.8980354070663452e-06,,0.18125653266906738,,0.2512921094894409,,0.11493471264839172,,0.03996368125081062,0.06544242054224014,,,,,,,,,,,,,,
10,,22208,,,,,,,,,,,,,,,,,,,,,,0.9786916375160217,1.0,1.0,0.9489991068840027,0.9083487391471863,0.9634160399436951,0.987267792224884,0.06577933579683304,2.384185791015625e-07,2.384185791015625e-07,0.21004626154899597,0.26035213470458984,0.11266868561506271,0.039963193237781525
10,,22208,0.9780547022819519,1.0,1.0,0.948940634727478,0.9081169962882996,0.9626447558403015,0.9866273403167725,0.06608142703771591,4.6706918510608375e-06,,3.2394643767474918e-06,,0.21054492890834808,,0.26168689131736755,,0.11171571910381317,,0.040512800216674805,,,,,,,,,,,,,,,,
,0.0001265348302439654,22209,,,,,,,,,,,,,,,,,,,,,,,,,,,,,,,,,,,
11,,22209,,,,,,,,,,4.7888606786727905e-06,,2.202112227678299e-06,,0.24536776542663574,,0.2647612690925598,,0.10953706502914429,,0.034692998975515366,0.06185915321111679,,,,,,,,,,,,,,
11,,22219,,,,,,,,,,4.511326551437378e-06,,2.216082066297531e-06,,0.23582109808921814,,0.24736501276493073,,0.11206600069999695,,0.040352802723646164,0.0656517818570137,,,,,,,,,,,,,,
11,,22229,,,,,,,,,,2.7604401111602783e-06,,1.851934939622879e-06,,0.17332914471626282,,0.26341336965560913,,0.11957092583179474,,0.03891073912382126,0.06599742919206619,,,,,,,,,,,,,,
11,,22239,,,,,,,,,,4.822388291358948e-06,,3.776978701353073e-06,,0.21294081211090088,,0.25640755891799927,,0.10692058503627777,,0.03822248801589012,0.06324443966150284,,,,,,,,,,,,,,
11,,22249,,,,,,,,,,4.1816383600234985e-06,,2.271495759487152e-06,,0.2222234010696411,,0.2569965124130249,,0.10362733155488968,,0.036527734249830246,0.06149183586239815,,,,,,,,,,,,,,
11,,22259,,,,,,,,,,3.887340426445007e-06,,3.4119002521038055e-06,,0.2359694242477417,,0.2581348717212677,,0.10489743202924728,,0.037500329315662384,0.06267417222261429,,,,,,,,,,,,,,
11,,22269,,,,,,,,,,4.7031790018081665e-06,,2.703629434108734e-06,,0.23005816340446472,,0.2455632984638214,,0.1010572761297226,,0.02925708144903183,0.055111292749643326,,,,,,,,,,,,,,
11,,22279,,,,,,,,,,1.3524666428565979e-05,,2.143438905477524e-06,,0.22673244774341583,,0.25144168734550476,,0.09304685145616531,,0.04013253375887871,0.06200418621301651,,,,,,,,,,,,,,
11,,22289,,,,,,,,,,4.718080163002014e-06,,3.1604431569576263e-06,,0.20087496936321259,,0.2543896436691284,,0.11343120038509369,,0.03604051470756531,0.06259255111217499,,,,,,,,,,,,,,
11,,22299,,,,,,,,,,5.979090929031372e-06,,3.282446414232254e-06,,0.2176503986120224,,0.2623502016067505,,0.09571333229541779,,0.032611995935440063,0.05726749822497368,,,,,,,,,,,,,,
11,,22309,,,,,,,,,,5.83939254283905e-06,,3.4761615097522736e-06,,0.18995362520217896,,0.2582032084465027,,0.11521080136299133,,0.05042487010359764,0.0737679973244667,,,,,,,,,,,,,,
11,,22319,,,,,,,,,,6.113201379776001e-06,,3.6009587347507477e-06,,0.18568381667137146,,0.26330605149269104,,0.10856136679649353,,0.0336725115776062,0.060142792761325836,,,,,,,,,,,,,,
11,,22329,,,,,,,,,,8.979812264442444e-06,,3.5245902836322784e-06,,0.22557871043682098,,0.264249324798584,,0.11222516745328903,,0.040391705930233,0.06638241559267044,,,,,,,,,,,,,,
11,,22339,,,,,,,,,,7.441267371177673e-06,,3.310851752758026e-06,,0.21750673651695251,,0.27210479974746704,,0.11873236298561096,,0.04139307886362076,0.06862771511077881,,,,,,,,,,,,,,
11,,22349,,,,,,,,,,5.891546607017517e-06,,2.7944333851337433e-06,,0.2183065414428711,,0.2665850520133972,,0.08942127227783203,,0.03768496215343475,0.06009935215115547,,,,,,,,,,,,,,
11,,22359,,,,,,,,,,3.956258296966553e-06,,2.2901222109794617e-06,,0.21029987931251526,,0.26923924684524536,,0.10287382453680038,,0.04580194503068924,0.06874213367700577,,,,,,,,,,,,,,
11,,22369,,,,,,,,,,4.958361387252808e-06,,2.4847686290740967e-06,,0.19706782698631287,,0.24003751575946808,,0.09730520844459534,,0.0362686812877655,0.059021808207035065,,,,,,,,,,,,,,
11,,22379,,,,,,,,,,5.5301934480667114e-06,,5.255918949842453e-06,,0.19060471653938293,,0.25035980343818665,,0.11148951947689056,,0.03763298690319061,0.06311371922492981,,,,,,,,,,,,,,
11,,22389,,,,,,,,,,5.286186933517456e-06,,4.316214472055435e-06,,0.19861674308776855,,0.2728295922279358,,0.12285006046295166,,0.05030886456370354,0.07590100914239883,,,,,,,,,,,,,,
11,,22399,,,,,,,,,,3.3695250749588013e-06,,2.678483724594116e-06,,0.2072056531906128,,0.24631273746490479,,0.10084289312362671,,0.034739792346954346,0.05895138904452324,,,,,,,,,,,,,,
11,,22409,,,,,,,,,,4.502013325691223e-06,,2.6510097086429596e-06,,0.20412051677703857,,0.26878899335861206,,0.10347920656204224,,0.03454892337322235,0.060320302844047546,,,,,,,,,,,,,,
11,,22419,,,,,,,,,,5.945563316345215e-06,,2.623535692691803e-06,,0.2066861093044281,,0.2428712546825409,,0.1247287392616272,,0.03652190789580345,0.06460054963827133,,,,,,,,,,,,,,
11,,22429,,,,,,,,,,5.250796675682068e-06,,2.843327820301056e-06,,0.2525779604911804,,0.23650383949279785,,0.10813980549573898,,0.0375082865357399,0.06246870756149292,,,,,,,,,,,,,,
11,,22439,,,,,,,,,,4.207715392112732e-06,,3.1711533665657043e-06,,0.22573238611221313,,0.2582238018512726,,0.10493121296167374,,0.035551659762859344,0.06110282242298126,,,,,,,,,,,,,,
11,,22449,,,,,,,,,,4.3995678424835205e-06,,3.0989758670330048e-06,,0.20718428492546082,,0.2743292450904846,,0.1140967607498169,,0.04412239044904709,0.0697891116142273,,,,,,,,,,,,,,
11,,22459,,,,,,,,,,3.822147846221924e-06,,2.602115273475647e-06,,0.20200049877166748,,0.2717609405517578,,0.10901235789060593,,0.042280785739421844,0.06727282702922821,,,,,,,,,,,,,,
11,,22469,,,,,,,,,,6.008893251419067e-06,,3.2763928174972534e-06,,0.24856078624725342,,0.26380372047424316,,0.10710924118757248,,0.033953987061977386,0.060841962695121765,,,,,,,,,,,,,,
11,,22479,,,,,,,,,,9.171664714813232e-06,,3.598630428314209e-06,,0.24660739302635193,,0.24454984068870544,,0.11249200999736786,,0.03749895840883255,0.06358522176742554,,,,,,,,,,,,,,
11,,22489,,,,,,,,,,6.318092346191406e-06,,2.7455389499664307e-06,,0.1616109311580658,,0.29160645604133606,,0.12855955958366394,,0.047778092324733734,0.0755198672413826,,,,,,,,,,,,,,
11,,22499,,,,,,,,,,3.684312105178833e-06,,2.8605572879314423e-06,,0.19842416048049927,,0.2619381546974182,,0.1099756509065628,,0.041693419218063354,0.06651037931442261,,,,,,,,,,,,,,
11,,22509,,,,,,,,,,3.7569552659988403e-06,,3.048684448003769e-06,,0.19833053648471832,,0.26047059893608093,,0.08986209332942963,,0.03247527405619621,0.055752966552972794,,,,,,,,,,,,,,
11,,22519,,,,,,,,,,3.904104232788086e-06,,1.714564859867096e-06,,0.229069322347641,,0.2552875578403473,,0.10831129550933838,,0.03994245454668999,0.06493208557367325,,,,,,,,,,,,,,
11,,22529,,,,,,,,,,4.420056939125061e-06,,2.6957131922245026e-06,,0.2554747462272644,,0.24553459882736206,,0.09532901644706726,,0.03362070769071579,0.057607077062129974,,,,,,,,,,,,,,
11,,22539,,,,,,,,,,4.794448614120483e-06,,4.6137720346450806e-06,,0.20431970059871674,,0.2725316286087036,,0.10655640065670013,,0.036733176559209824,0.06271382421255112,,,,,,,,,,,,,,
11,,22549,,,,,,,,,,4.3548643589019775e-06,,1.905485987663269e-06,,0.2156548798084259,,0.27484458684921265,,0.12464478611946106,,0.04771581292152405,0.07458651810884476,,,,,,,,,,,,,,
11,,22559,,,,,,,,,,4.544854164123535e-06,,2.409331500530243e-06,,0.20112857222557068,,0.2759162187576294,,0.10721556842327118,,0.03671269118785858,0.06294336915016174,,,,,,,,,,,,,,
11,,22569,,,,,,,,,,5.243346095085144e-06,,2.8032809495925903e-06,,0.19080980122089386,,0.2704050838947296,,0.11073950678110123,,0.04119803383946419,0.06658975034952164,,,,,,,,,,,,,,
11,,22579,,,,,,,,,,4.712492227554321e-06,,5.012843757867813e-06,,0.20195822417736053,,0.27951040863990784,,0.10464095324277878,,0.038969218730926514,0.06433156132698059,,,,,,,,,,,,,,
11,,22589,,,,,,,,,,4.425644874572754e-06,,3.811437636613846e-06,,0.26136353611946106,,0.24570834636688232,,0.10736070573329926,,0.04048890247941017,0.06509314477443695,,,,,,,,,,,,,,
11,,22599,,,,,,,,,,6.450340151786804e-06,,3.904104232788086e-06,,0.1879023313522339,,0.2533462643623352,,0.11650131642818451,,0.0423913337290287,0.06773164123296738,,,,,,,,,,,,,,
11,,22609,,,,,,,,,,7.776543498039246e-06,,3.679189831018448e-06,,0.192815363407135,,0.26117855310440063,,0.1134694516658783,,0.0429321750998497,0.06799356639385223,,,,,,,,,,,,,,
11,,22619,,,,,,,,,,1.588277518749237e-05,,4.685483872890472e-06,,0.19291867315769196,,0.2544620633125305,,0.09513638913631439,,0.03289610892534256,0.05671270191669464,,,,,,,,,,,,,,
11,,22629,,,,,,,,,,7.385388016700745e-06,,6.827525794506073e-06,,0.20673991739749908,,0.26843833923339844,,0.12424342334270477,,0.045680031180381775,0.07257919013500214,,,,,,,,,,,,,,
11,,22639,,,,,,,,,,1.0494142770767212e-05,,5.914829671382904e-06,,0.24440020322799683,,0.2518325448036194,,0.11595739424228668,,0.04512178152799606,0.07026924937963486,,,,,,,,,,,,,,
11,,22649,,,,,,,,,,7.526949048042297e-06,,3.525521606206894e-06,,0.16525627672672272,,0.2807692885398865,,0.12233752012252808,,0.04427499324083328,0.07125960290431976,,,,,,,,,,,,,,
11,,22659,,,,,,,,,,9.194016456604004e-06,,3.989320248365402e-06,,0.19887672364711761,,0.2674746513366699,,0.1065463274717331,,0.04365473613142967,0.06760347634553909,,,,,,,,,,,,,,
11,,22669,,,,,,,,,,7.273629307746887e-06,,3.566499799489975e-06,,0.19755691289901733,,0.24270331859588623,,0.10568762570619583,,0.036840587854385376,0.061153657734394073,,,,,,,,,,,,,,
11,,22679,,,,,,,,,,5.995854735374451e-06,,4.084780812263489e-06,,0.19740651547908783,,0.27228593826293945,,0.13011258840560913,,0.04405004531145096,0.07252813130617142,,,,,,,,,,,,,,
11,,22689,,,,,,,,,,5.947425961494446e-06,,4.173256456851959e-06,,0.27044934034347534,,0.24743182957172394,,0.10100747644901276,,0.035767242312431335,0.06054683029651642,,,,,,,,,,,,,,
11,,22699,,,,,,,,,,8.05594027042389e-06,,4.576053470373154e-06,,0.2330785095691681,,0.25296318531036377,,0.10061480104923248,,0.03807647526264191,0.06202683225274086,,,,,,,,,,,,,,
11,,22709,,,,,,,,,,6.198883056640625e-06,,3.671739250421524e-06,,0.22415277361869812,,0.27127596735954285,,0.11906019598245621,,0.0436551608145237,0.07042521238327026,,,,,,,,,,,,,,
11,,22719,,,,,,,,,,6.686896085739136e-06,,2.73948535323143e-06,,0.20615620911121368,,0.2585076689720154,,0.10685308277606964,,0.037642039358615875,0.06281527131795883,,,,,,,,,,,,,,
11,,22729,,,,,,,,,,3.829598426818848e-06,,2.646353095769882e-06,,0.20055262744426727,,0.2738274335861206,,0.10354935377836227,,0.035325802862644196,0.06111067533493042,,,,,,,,,,,,,,
11,,22739,,,,,,,,,,5.319714546203613e-06,,2.171844244003296e-06,,0.23082637786865234,,0.25294238328933716,,0.11221101880073547,,0.035564571619033813,0.06228988245129585,,,,,,,,,,,,,,
11,,22749,,,,,,,,,,4.9639493227005005e-06,,4.172325134277344e-06,,0.21997633576393127,,0.2572983205318451,,0.12438522279262543,,0.041443511843681335,0.06906044483184814,,,,,,,,,,,,,,
11,,22759,,,,,,,,,,6.07222318649292e-06,,4.883855581283569e-06,,0.2342374324798584,,0.2552310824394226,,0.12216949462890625,,0.04201691970229149,0.06914529949426651,,,,,,,,,,,,,,
11,,22769,,,,,,,,,,1.4923512935638428e-05,,6.536953151226044e-06,,0.21610143780708313,,0.2623218894004822,,0.10036502778530121,,0.03477019816637039,0.05973948538303375,,,,,,,,,,,,,,
11,,22779,,,,,,,,,,8.409842848777771e-06,,5.002599209547043e-06,,0.16086803376674652,,0.26599782705307007,,0.111637182533741,,0.04512782767415047,0.06914856284856796,,,,,,,,,,,,,,
11,,22789,,,,,,,,,,8.316710591316223e-06,,4.058703780174255e-06,,0.19822002947330475,,0.2767608165740967,,0.12332908809185028,,0.042000625282526016,0.0699378177523613,,,,,,,,,,,,,,
11,,22799,,,,,,,,,,6.625428795814514e-06,,3.516674041748047e-06,,0.1622510850429535,,0.25852641463279724,,0.11771097034215927,,0.04146229475736618,0.06720375269651413,,,,,,,,,,,,,,
11,,22809,,,,,,,,,,4.623085260391235e-06,,2.966728061437607e-06,,0.21277298033237457,,0.26050716638565063,,0.11581246554851532,,0.035849668085575104,0.0633222684264183,,,,,,,,,,,,,,
11,,22819,,,,,,,,,,8.547678589820862e-06,,2.1401792764663696e-06,,0.20389389991760254,,0.2815631031990051,,0.10862971842288971,,0.03980217128992081,0.06582343578338623,,,,,,,,,,,,,,
11,,22829,,,,,,,,,,1.663900911808014e-05,,1.871492713689804e-06,,0.22382643818855286,,0.2437470257282257,,0.1043606847524643,,0.03977073356509209,0.06345979869365692,,,,,,,,,,,,,,
11,,22839,,,,,,,,,,1.0805204510688782e-05,,2.237502485513687e-06,,0.1890716552734375,,0.26803040504455566,,0.10559672862291336,,0.035681966692209244,0.06135546788573265,,,,,,,,,,,,,,
11,,22849,,,,,,,,,,5.3122639656066895e-06,,1.855660229921341e-06,,0.19305334985256195,,0.25815799832344055,,0.11187657713890076,,0.04008563607931137,0.06542056798934937,,,,,,,,,,,,,,
11,,22859,,,,,,,,,,3.7904828786849976e-05,,2.8312206268310547e-06,,0.2051418572664261,,0.27893632650375366,,0.10085797309875488,,0.0374138206243515,0.06246567144989967,,,,,,,,,,,,,,
11,,22869,,,,,,,,,,6.718561053276062e-06,,2.6114284992218018e-06,,0.20639100670814514,,0.24861904978752136,,0.100176140666008,,0.03906046226620674,0.062166228890419006,,,,,,,,,,,,,,
11,,22879,,,,,,,,,,3.1013041734695435e-06,,1.8370337784290314e-06,,0.21766988933086395,,0.2694430947303772,,0.10447259247303009,,0.04001977667212486,0.06480023264884949,,,,,,,,,,,,,,
11,,22889,,,,,,,,,,4.3157488107681274e-06,,2.6905909180641174e-06,,0.20081232488155365,,0.27049362659454346,,0.10225933790206909,,0.03833036124706268,0.06296943873167038,,,,,,,,,,,,,,
11,,22899,,,,,,,,,,5.3513795137405396e-06,,2.1727755665779114e-06,,0.23465967178344727,,0.24962610006332397,,0.1048021912574768,,0.04019914194941521,0.0642666146159172,,,,,,,,,,,,,,
11,,22909,,,,,,,,,,3.807246685028076e-06,,2.273824065923691e-06,,0.2235221564769745,,0.25458064675331116,,0.11334806680679321,,0.045675646513700485,0.07007948309183121,,,,,,,,,,,,,,
11,,22919,,,,,,,,,,4.503875970840454e-06,,2.5168992578983307e-06,,0.19217605888843536,,0.2696818709373474,,0.11575911194086075,,0.043723903596401215,0.069408118724823,,,,,,,,,,,,,,
11,,22929,,,,,,,,,,4.734843969345093e-06,,2.8908252716064453e-06,,0.22537516057491302,,0.257892906665802,,0.12707537412643433,,0.04037164896726608,0.06885203719139099,,,,,,,,,,,,,,
11,,22939,,,,,,,,,,3.952533006668091e-06,,4.475470632314682e-06,,0.2010628581047058,,0.277579665184021,,0.10572704672813416,,0.03740151971578598,0.06325817108154297,,,,,,,,,,,,,,
11,,22949,,,,,,,,,,5.804002285003662e-06,,2.6137568056583405e-06,,0.20151124894618988,,0.26395469903945923,,0.11175653338432312,,0.043211810290813446,0.06811418384313583,,,,,,,,,,,,,,
11,,22959,,,,,,,,,,5.17629086971283e-06,,2.3297034204006195e-06,,0.19508379697799683,,0.2741481065750122,,0.09888160973787308,,0.036107514053583145,0.0607726164162159,,,,,,,,,,,,,,
11,,22969,,,,,,,,,,4.079192876815796e-06,,2.9476359486579895e-06,,0.22401279211044312,,0.2668049931526184,,0.10771477222442627,,0.04002772271633148,0.06536491960287094,,,,,,,,,,,,,,
11,,22979,,,,,,,,,,6.755813956260681e-06,,4.8568472266197205e-06,,0.2432134449481964,,0.24889831244945526,,0.1253637671470642,,0.0441177561879158,0.07112867385149002,,,,,,,,,,,,,,
11,,22989,,,,,,,,,,3.6619603633880615e-06,,4.384666681289673e-06,,0.20437803864479065,,0.25303930044174194,,0.10729239881038666,,0.042403459548950195,0.0661923736333847,,,,,,,,,,,,,,
11,,22999,,,,,,,,,,5.370005965232849e-06,,2.88989394903183e-06,,0.2563574016094208,,0.24097731709480286,,0.10725227743387222,,0.03161515295505524,0.058135371655225754,,,,,,,,,,,,,,
11,,23009,,,,,,,,,,5.627050995826721e-06,,3.434251993894577e-06,,0.21122078597545624,,0.25064194202423096,,0.11629073321819305,,0.043139442801475525,0.06839989125728607,,,,,,,,,,,,,,
11,,23019,,,,,,,,,,4.462897777557373e-06,,2.266373485326767e-06,,0.1834777593612671,,0.2616555094718933,,0.09968072175979614,,0.03401437774300575,0.05863047391176224,,,,,,,,,,,,,,
11,,23029,,,,,,,,,,3.905966877937317e-06,,2.517830580472946e-06,,0.23528596758842468,,0.25118088722229004,,0.11612719297409058,,0.03845296800136566,0.0651608556509018,,,,,,,,,,,,,,
11,,23039,,,,,,,,,,4.256144165992737e-06,,2.8014183044433594e-06,,0.21524283289909363,,0.24442097544670105,,0.09250649064779282,,0.03565572202205658,0.05808056518435478,,,,,,,,,,,,,,
11,,23049,,,,,,,,,,5.345791578292847e-06,,3.3173710107803345e-06,,0.17925170063972473,,0.2714207172393799,,0.09474270790815353,,0.03422275558114052,0.058269012719392776,,,,,,,,,,,,,,
11,,23059,,,,,,,,,,4.598870873451233e-06,,6.923917680978775e-06,,0.23306873440742493,,0.28867512941360474,,0.11749950796365738,,0.04720450937747955,0.07371547818183899,,,,,,,,,,,,,,
11,,23069,,,,,,,,,,3.978610038757324e-06,,3.0081719160079956e-06,,0.21617579460144043,,0.2685563564300537,,0.10678232461214066,,0.04535335302352905,0.06917548924684525,,,,,,,,,,,,,,
11,,23079,,,,,,,,,,4.22261655330658e-06,,4.720408469438553e-06,,0.1862555891275406,,0.26588207483291626,,0.11419592797756195,,0.04176490008831024,0.06739778816699982,,,,,,,,,,,,,,
11,,23089,,,,,,,,,,4.4889748096466064e-06,,4.164408892393112e-06,,0.21547208726406097,,0.2825990319252014,,0.11479418724775314,,0.046876050531864166,0.07247055321931839,,,,,,,,,,,,,,
11,,23099,,,,,,,,,,4.194676876068115e-06,,5.820766091346741e-06,,0.19125008583068848,,0.26808756589889526,,0.10701078176498413,,0.039476942270994186,0.06449580937623978,,,,,,,,,,,,,,
11,,23109,,,,,,,,,,4.870817065238953e-06,,3.3350661396980286e-06,,0.22350144386291504,,0.25251710414886475,,0.1211485043168068,,0.04547134414315224,0.07129216939210892,,,,,,,,,,,,,,
11,,23119,,,,,,,,,,5.39049506187439e-06,,4.3888576328754425e-06,,0.21562528610229492,,0.2514207661151886,,0.1158827543258667,,0.038407549262046814,0.0648617371916771,,,,,,,,,,,,,,
11,,23129,,,,,,,,,,1.0212883353233337e-05,,4.891306161880493e-06,,0.2328968197107315,,0.2588462233543396,,0.11587443947792053,,0.04422042518854141,0.06977151334285736,,,,,,,,,,,,,,
11,,23139,,,,,,,,,,4.827976226806641e-06,,4.5853666961193085e-06,,0.1729835867881775,,0.27968209981918335,,0.10603424161672592,,0.039232391864061356,0.06445871293544769,,,,,,,,,,,,,,
11,,23149,,,,,,,,,,5.260109901428223e-06,,3.468245267868042e-06,,0.20967665314674377,,0.2462552934885025,,0.11235371232032776,,0.040086571127176285,0.0651475340127945,,,,,,,,,,,,,,
11,,23159,,,,,,,,,,4.22261655330658e-06,,2.5834888219833374e-06,,0.19541668891906738,,0.27640050649642944,,0.10726936161518097,,0.0380939319729805,0.06394539773464203,,,,,,,,,,,,,,
11,,23169,,,,,,,,,,4.157423973083496e-06,,4.968605935573578e-06,,0.23405975103378296,,0.263278603553772,,0.13127949833869934,,0.05171710625290871,0.0785059928894043,,,,,,,,,,,,,,
11,,23179,,,,,,,,,,3.3248215913772583e-06,,5.412846803665161e-06,,0.19728708267211914,,0.26127535104751587,,0.12262439727783203,,0.046149156987667084,0.07218082249164581,,,,,,,,,,,,,,
11,,23189,,,,,,,,,,6.3087791204452515e-06,,4.168599843978882e-06,,0.22270840406417847,,0.2676095962524414,,0.11090303957462311,,0.038525402545928955,0.06485828757286072,,,,,,,,,,,,,,
11,,23199,,,,,,,,,,6.701797246932983e-06,,4.258006811141968e-06,,0.2530895471572876,,0.24236875772476196,,0.10326492041349411,,0.03883609175682068,0.06283152848482132,,,,,,,,,,,,,,
11,,23209,,,,,,,,,,4.53554093837738e-06,,4.526227712631226e-06,,0.21331435441970825,,0.2710023522377014,,0.09669578075408936,,0.030046984553337097,0.055882371962070465,,,,,,,,,,,,,,
11,,23219,,,,,,,,,,3.3974647521972656e-06,,5.251262336969376e-06,,0.21829058229923248,,0.26531097292900085,,0.09034894406795502,,0.03252221643924713,0.05634040758013725,,,,,,,,,,,,,,
11,,23229,,,,,,,,,,5.044043064117432e-06,,3.3206306397914886e-06,,0.21483585238456726,,0.26635611057281494,,0.11919988691806793,,0.04197335243225098,0.06884986907243729,,,,,,,,,,,,,,
11,,23239,,,,,,,,,,3.255903720855713e-06,,3.020279109477997e-06,,0.23249617218971252,,0.2576765716075897,,0.11291974037885666,,0.04352554306387901,0.06863652914762497,,,,,,,,,,,,,,
11,,23249,,,,,,,,,,2.7418136596679688e-06,,3.116670995950699e-06,,0.17590439319610596,,0.28729885816574097,,0.09997184574604034,,0.03636934980750084,0.06156529113650322,,,,,,,,,,,,,,
11,,23259,,,,,,,,,,3.2261013984680176e-06,,3.3262185752391815e-06,,0.20038637518882751,,0.27376222610473633,,0.11733829230070114,,0.043689481914043427,0.06996601819992065,,,,,,,,,,,,,,
11,,23269,,,,,,,,,,2.8926879167556763e-06,,2.0121224224567413e-06,,0.2062072455883026,,0.2619602680206299,,0.10119451582431793,,0.03202996775507927,0.057706426829099655,,,,,,,,,,,,,,
11,,23279,,,,,,,,,,3.9227306842803955e-06,,4.40794974565506e-06,,0.1994461715221405,,0.27211540937423706,,0.12409608066082001,,0.04144603759050369,0.06946218758821487,,,,,,,,,,,,,,
11,,23289,,,,,,,,,,7.070600986480713e-06,,3.4831464290618896e-06,,0.190085768699646,,0.2685357928276062,,0.10012293606996536,,0.03374243527650833,0.05890945717692375,,,,,,,,,,,,,,
11,,23299,,,,,,,,,,7.949769496917725e-06,,3.1366944313049316e-06,,0.23053428530693054,,0.2627156376838684,,0.09798327088356018,,0.03865113854408264,0.06239183619618416,,,,,,,,,,,,,,
11,,23309,,,,,,,,,,3.6116689443588257e-06,,2.411194145679474e-06,,0.21232372522354126,,0.2615140676498413,,0.12272164225578308,,0.044701095670461655,0.07130018621683121,,,,,,,,,,,,,,
11,,23319,,,,,,,,,,3.6153942346572876e-06,,1.5418045222759247e-06,,0.22420905530452728,,0.27804112434387207,,0.117428719997406,,0.037350840866565704,0.06570769846439362,,,,,,,,,,,,,,
11,,23329,,,,,,,,,,3.4868717193603516e-06,,3.6195851862430573e-06,,0.25387436151504517,,0.2379777431488037,,0.09453650563955307,,0.03041476383805275,0.05468032509088516,,,,,,,,,,,,,,
11,,23339,,,,,,,,,,3.7066638469696045e-06,,4.280358552932739e-06,,0.19994454085826874,,0.27513107657432556,,0.11081045120954514,,0.040832288563251495,0.06665733456611633,,,,,,,,,,,,,,
11,,23349,,,,,,,,,,5.859881639480591e-06,,2.3739412426948547e-06,,0.2260514199733734,,0.25353097915649414,,0.10243130475282669,,0.03484471142292023,0.05988733842968941,,,,,,,,,,,,,,
11,,23359,,,,,,,,,,3.557652235031128e-06,,5.437526851892471e-06,,0.1935814917087555,,0.275662899017334,,0.1117863655090332,,0.04679565131664276,0.07126433402299881,,,,,,,,,,,,,,
11,,23369,,,,,,,,,,5.289912223815918e-06,,3.775116056203842e-06,,0.21771523356437683,,0.28324997425079346,,0.1332731544971466,,0.04398085176944733,0.07382108271121979,,,,,,,,,,,,,,
11,,23379,,,,,,,,,,4.652887582778931e-06,,3.005377948284149e-06,,0.22352266311645508,,0.2589336633682251,,0.11249682307243347,,0.04424197971820831,0.0690484344959259,,,,,,,,,,,,,,
11,,23389,,,,,,,,,,4.524365067481995e-06,,6.6445209085941315e-06,,0.20262998342514038,,0.25479191541671753,,0.10394728183746338,,0.03775665909051895,0.06214074417948723,,,,,,,,,,,,,,
11,,23399,,,,,,,,,,5.042180418968201e-06,,2.278480678796768e-06,,0.18769529461860657,,0.28503572940826416,,0.11008597910404205,,0.04354169964790344,0.06887482851743698,,,,,,,,,,,,,,
11,,23409,,,,,,,,,,3.8780272006988525e-06,,3.688037395477295e-06,,0.1727159321308136,,0.28605329990386963,,0.11836949735879898,,0.04174380004405975,0.06895174086093903,,,,,,,,,,,,,,
11,,23419,,,,,,,,,,3.7960708141326904e-06,,4.735775291919708e-06,,0.20155970752239227,,0.27775323390960693,,0.09848566353321075,,0.03635694831609726,0.061130426824092865,,,,,,,,,,,,,,
11,,23429,,,,,,,,,,4.0978193283081055e-06,,4.524365067481995e-06,,0.2522573471069336,,0.24207186698913574,,0.10659819841384888,,0.034666262567043304,0.06030485779047012,,,,,,,,,,,,,,
11,,23439,,,,,,,,,,4.507601261138916e-06,,3.0142255127429962e-06,,0.20873141288757324,,0.25397685170173645,,0.10353648662567139,,0.03847771883010864,0.06263792514801025,,,,,,,,,,,,,,
11,,23449,,,,,,,,,,3.4347176551818848e-06,,2.2603198885917664e-06,,0.20442676544189453,,0.27863258123397827,,0.1222575381398201,,0.047767892479896545,0.07422386854887009,,,,,,,,,,,,,,
11,,23459,,,,,,,,,,3.648921847343445e-06,,2.72924080491066e-06,,0.23865941166877747,,0.26615962386131287,,0.11534549295902252,,0.03894471377134323,0.06612499058246613,,,,,,,,,,,,,,
11,,23469,,,,,,,,,,4.3585896492004395e-06,,2.8116628527641296e-06,,0.23591595888137817,,0.26290592551231384,,0.11150921881198883,,0.038646548986434937,0.0649971291422844,,,,,,,,,,,,,,
11,,23479,,,,,,,,,,3.378838300704956e-06,,2.6836059987545013e-06,,0.20939581096172333,,0.26800405979156494,,0.11237236112356186,,0.036126621067523956,0.06319677829742432,,,,,,,,,,,,,,
11,,23489,,,,,,,,,,2.5685876607894897e-06,,2.650544047355652e-06,,0.21077747642993927,,0.2626194953918457,,0.11362668871879578,,0.03930802643299103,0.06558237969875336,,,,,,,,,,,,,,
11,,23499,,,,,,,,,,3.555789589881897e-06,,2.474989742040634e-06,,0.2301674485206604,,0.25126996636390686,,0.1084931343793869,,0.032280731946229935,0.05904299020767212,,,,,,,,,,,,,,
11,,23509,,,,,,,,,,2.991408109664917e-06,,3.2833777368068695e-06,,0.19089959561824799,,0.270765095949173,,0.11225545406341553,,0.04026387631893158,0.06619119644165039,,,,,,,,,,,,,,
11,,23519,,,,,,,,,,3.1776726245880127e-06,,5.877111107110977e-06,,0.2263180911540985,,0.2522059381008148,,0.1168733537197113,,0.04766180366277695,0.07215206325054169,,,,,,,,,,,,,,
11,,23529,,,,,,,,,,3.1944364309310913e-06,,3.307592123746872e-06,,0.2138904333114624,,0.2618793249130249,,0.10117115080356598,,0.030393050983548164,0.05656032636761665,,,,,,,,,,,,,,
11,,23539,,,,,,,,,,3.6638230085372925e-06,,3.1329691410064697e-06,,0.16650798916816711,,0.2632679343223572,,0.11710494756698608,,0.04192042350769043,0.06770598888397217,,,,,,,,,,,,,,
11,,23549,,,,,,,,,,3.3210963010787964e-06,,2.5583431124687195e-06,,0.19935715198516846,,0.2573946714401245,,0.11127601563930511,,0.03774268180131912,0.06358839571475983,,,,,,,,,,,,,,
11,,23559,,,,,,,,,,7.2177499532699585e-06,,5.714595317840576e-06,,0.22871384024620056,,0.2604355812072754,,0.12357501685619354,,0.042503632605075836,0.0699533000588417,,,,,,,,,,,,,,
11,,23569,,,,,,,,,,6.236135959625244e-06,,3.307126462459564e-06,,0.18131810426712036,,0.2599867284297943,,0.11181892454624176,,0.03910886496305466,0.06462518870830536,,,,,,,,,,,,,,
11,,23579,,,,,,,,,,3.952533006668091e-06,,2.573244273662567e-06,,0.23082706332206726,,0.25403666496276855,,0.1170705184340477,,0.04218355938792229,0.06821803748607635,,,,,,,,,,,,,,
11,,23589,,,,,,,,,,3.378838300704956e-06,,3.210734575986862e-06,,0.2234780341386795,,0.24503403902053833,,0.11541545391082764,,0.042204417288303375,0.0674150362610817,,,,,,,,,,,,,,
11,,23599,,,,,,,,,,3.6526471376419067e-06,,3.765523433685303e-05,,0.2194678783416748,,0.25346219539642334,,0.09508821368217468,,0.03270285949110985,0.05682310461997986,,,,,,,,,,,,,,
11,,23609,,,,,,,,,,4.163011908531189e-06,,2.4819746613502502e-06,,0.25114575028419495,,0.24104103446006775,,0.11720418930053711,,0.04239277169108391,0.06802889704704285,,,,,,,,,,,,,,
11,,23619,,,,,,,,,,3.2763928174972534e-06,,4.066154360771179e-06,,0.23269498348236084,,0.2519134283065796,,0.11081650853157043,,0.044570647180080414,0.06875821948051453,,,,,,,,,,,,,,
11,,23629,,,,,,,,,,2.766028046607971e-06,,2.5779008865356445e-06,,0.20252519845962524,,0.25685662031173706,,0.10543698072433472,,0.03705190122127533,0.06198699772357941,,,,,,,,,,,,,,
11,,23639,,,,,,,,,,2.430751919746399e-06,,2.1690502762794495e-06,,0.1868525892496109,,0.2677783966064453,,0.10313761979341507,,0.03456859663128853,0.06002120301127434,,,,,,,,,,,,,,
11,,23649,,,,,,,,,,2.8070062398910522e-06,,2.7157366275787354e-06,,0.22895821928977966,,0.25117120146751404,,0.11588874459266663,,0.03949138894677162,0.06582051515579224,,,,,,,,,,,,,,
11,,23659,,,,,,,,,,3.0640512704849243e-06,,3.5623088479042053e-06,,0.2150484323501587,,0.25883063673973083,,0.11161419004201889,,0.04166499897837639,0.06684552878141403,,,,,,,,,,,,,,
11,,23669,,,,,,,,,,6.010755896568298e-06,,3.4100376069545746e-06,,0.18055671453475952,,0.2710736393928528,,0.10774993151426315,,0.03797901049256325,0.06352537125349045,,,,,,,,,,,,,,
11,,23679,,,,,,,,,,2.089887857437134e-06,,3.1618401408195496e-06,,0.1745375096797943,,0.25880861282348633,,0.09340493381023407,,0.031092246994376183,0.05502307042479515,,,,,,,,,,,,,,
11,,23689,,,,,,,,,,4.3101608753204346e-06,,3.125052899122238e-06,,0.17777301371097565,,0.27148938179016113,,0.11905147135257721,,0.046870991587638855,0.07230240106582642,,,,,,,,,,,,,,
11,,23699,,,,,,,,,,3.676861524581909e-06,,2.7441419661045074e-06,,0.1707712858915329,,0.28716588020324707,,0.1099570244550705,,0.037514328956604004,0.06423050910234451,,,,,,,,,,,,,,
11,,23709,,,,,,,,,,2.378597855567932e-06,,3.0994415283203125e-06,,0.19651511311531067,,0.26117002964019775,,0.08813759684562683,,0.030894728377461433,0.05425535887479782,,,,,,,,,,,,,,
11,,23719,,,,,,,,,,3.2298266887664795e-06,,4.586763679981232e-06,,0.2153630256652832,,0.2775036096572876,,0.10362106561660767,,0.03898630291223526,0.06421613693237305,,,,,,,,,,,,,,
11,,23729,,,,,,,,,,3.863126039505005e-06,,3.914814442396164e-06,,0.20027318596839905,,0.27480244636535645,,0.11524756252765656,,0.04346385598182678,0.06945209205150604,,,,,,,,,,,,,,
11,,23739,,,,,,,,,,3.037974238395691e-06,,3.2908283174037933e-06,,0.17261624336242676,,0.26694256067276,,0.10369561612606049,,0.03903483599424362,0.06327029317617416,,,,,,,,,,,,,,
11,,23749,,,,,,,,,,3.1404197216033936e-06,,3.443099558353424e-06,,0.21575477719306946,,0.25923094153404236,,0.12233864516019821,,0.04137752205133438,0.06866823881864548,,,,,,,,,,,,,,
11,,23759,,,,,,,,,,3.432855010032654e-06,,2.884306013584137e-06,,0.21241305768489838,,0.2551083266735077,,0.11512584984302521,,0.04683521389961243,0.07117731869220734,,,,,,,,,,,,,,
11,,23769,,,,,,,,,,2.6244670152664185e-06,,3.232620656490326e-06,,0.174836665391922,,0.2689071297645569,,0.11860734224319458,,0.03842408210039139,0.0657268837094307,,,,,,,,,,,,,,
11,,23779,,,,,,,,,,2.9671937227249146e-06,,5.110632628202438e-06,,0.2168923318386078,,0.25659728050231934,,0.10523325204849243,,0.032876886427402496,0.05897301807999611,,,,,,,,,,,,,,
11,,23789,,,,,,,,,,3.0584633350372314e-06,,4.8656947910785675e-06,,0.20350058376789093,,0.2542617619037628,,0.11543719470500946,,0.041206080466508865,0.06686866283416748,,,,,,,,,,,,,,
11,,23799,,,,,,,,,,3.7960708141326904e-06,,4.241708666086197e-06,,0.21327756345272064,,0.2633579969406128,,0.12277233600616455,,0.04418477043509483,0.07101999223232269,,,,,,,,,,,,,,
11,,23809,,,,,,,,,,3.516674041748047e-06,,3.604218363761902e-06,,0.23546957969665527,,0.24688491225242615,,0.10153757035732269,,0.04315529018640518,0.06575296819210052,,,,,,,,,,,,,,
11,,23819,,,,,,,,,,2.989545464515686e-06,,3.6261044442653656e-06,,0.27147433161735535,,0.23850062489509583,,0.08643467724323273,,0.032927412539720535,0.055276624858379364,,,,,,,,,,,,,,
11,,23829,,,,,,,,,,2.9709190130233765e-06,,4.40794974565506e-06,,0.2452298402786255,,0.24595192074775696,,0.10175270587205887,,0.031170889735221863,0.056873489171266556,,,,,,,,,,,,,,
11,,23839,,,,,,,,,,5.014240741729736e-06,,2.3194588720798492e-06,,0.18447433412075043,,0.25676992535591125,,0.13027919828891754,,0.043464407324790955,0.07124095410108566,,,,,,,,,,,,,,
11,,23849,,,,,,,,,,2.1550804376602173e-06,,3.916677087545395e-06,,0.2311522662639618,,0.24870973825454712,,0.09562793374061584,,0.031596750020980835,0.05600856989622116,,,,,,,,,,,,,,
11,,23859,,,,,,,,,,3.6582350730895996e-06,,2.609565854072571e-06,,0.18412120640277863,,0.2717301845550537,,0.12260892242193222,,0.03760199248790741,0.06610184162855148,,,,,,,,,,,,,,
11,,23869,,,,,,,,,,2.6617199182510376e-06,,3.983266651630402e-06,,0.2163780927658081,,0.2583140730857849,,0.11491769552230835,,0.04704393446445465,0.07149164378643036,,,,,,,,,,,,,,
11,,23879,,,,,,,,,,2.8908252716064453e-06,,4.52529639005661e-06,,0.17051231861114502,,0.2764557898044586,,0.12710225582122803,,0.03995399922132492,0.06877103447914124,,,,,,,,,,,,,,
11,,23889,,,,,,,,,,2.4065375328063965e-06,,5.835201591253281e-06,,0.24591803550720215,,0.24853035807609558,,0.09996604919433594,,0.03670893609523773,0.06082191318273544,,,,,,,,,,,,,,
11,,23899,,,,,,,,,,4.308298230171204e-06,,6.5034255385398865e-06,,0.16501078009605408,,0.26779264211654663,,0.124786876142025,,0.045244768261909485,0.07183517515659332,,,,,,,,,,,,,,
11,,23909,,,,,,,,,,3.2819807529449463e-06,,2.864748239517212e-06,,0.17792315781116486,,0.2806914448738098,,0.10718823969364166,,0.03672602027654648,0.0629001259803772,,,,,,,,,,,,,,
11,,23919,,,,,,,,,,3.4533441066741943e-06,,2.777203917503357e-06,,0.26244696974754333,,0.26819348335266113,,0.11092701554298401,,0.045437052845954895,0.07054095715284348,,,,,,,,,,,,,,
11,,23929,,,,,,,,,,2.810731530189514e-06,,2.491287887096405e-06,,0.25382402539253235,,0.23109133541584015,,0.10493763536214828,,0.03407707437872887,0.05905494838953018,,,,,,,,,,,,,,
11,,23939,,,,,,,,,,3.46451997756958e-06,,4.766043275594711e-06,,0.25464922189712524,,0.2550012469291687,,0.09654297679662704,,0.03571672365069389,0.059841327369213104,,,,,,,,,,,,,,
11,,23949,,,,,,,,,,4.017725586891174e-06,,5.814246833324432e-06,,0.27163106203079224,,0.27023717761039734,,0.11531023681163788,,0.04186864197254181,0.06888953596353531,,,,,,,,,,,,,,
11,,23959,,,,,,,,,,2.5369226932525635e-06,,2.9406510293483734e-06,,0.17890360951423645,,0.277093768119812,,0.13385367393493652,,0.045403480529785156,0.074253611266613,,,,,,,,,,,,,,
11,,23969,,,,,,,,,,2.78279185295105e-06,,4.6603381633758545e-06,,0.18942682445049286,,0.2659722566604614,,0.10522246360778809,,0.03555573150515556,0.061098236590623856,,,,,,,,,,,,,,
11,,23979,,,,,,,,,,3.0118972063064575e-06,,2.583954483270645e-06,,0.22142380475997925,,0.251386433839798,,0.10631159693002701,,0.034647487103939056,0.06031232699751854,,,,,,,,,,,,,,
11,,23989,,,,,,,,,,6.856396794319153e-06,,3.385823220014572e-06,,0.20955878496170044,,0.26211637258529663,,0.10781852900981903,,0.0336795300245285,0.06023281440138817,,,,,,,,,,,,,,
11,,23999,,,,,,,,,,4.766508936882019e-06,,3.0887313187122345e-06,,0.24820969998836517,,0.25533267855644226,,0.11537334322929382,,0.04595772922039032,0.07099556922912598,,,,,,,,,,,,,,
11,,24009,,,,,,,,,,4.043802618980408e-06,,3.2293610274791718e-06,,0.20909801125526428,,0.26350414752960205,,0.11528011411428452,,0.03733643889427185,0.06443522125482559,,,,,,,,,,,,,,
11,,24019,,,,,,,,,,5.33275306224823e-06,,3.657769411802292e-06,,0.2290838658809662,,0.2460639774799347,,0.1018175259232521,,0.03242604434490204,0.057643234729766846,,,,,,,,,,,,,,
11,,24029,,,,,,,,,,4.84660267829895e-06,,3.2782554626464844e-06,,0.2623836398124695,,0.2542085647583008,,0.11314250528812408,,0.042741261422634125,0.06827768683433533,,,,,,,,,,,,,,
11,,24039,,,,,,,,,,2.7623027563095093e-06,,4.008878022432327e-06,,0.19126880168914795,,0.26745808124542236,,0.10583743453025818,,0.03811236470937729,0.06322277337312698,,,,,,,,,,,,,,
11,,24049,,,,,,,,,,2.680346369743347e-06,,3.4030526876449585e-06,,0.221343994140625,,0.26823580265045166,,0.12259580194950104,,0.047975897789001465,0.07415418326854706,,,,,,,,,,,,,,
11,,24059,,,,,,,,,,4.958361387252808e-06,,4.622619599103928e-06,,0.198988139629364,,0.25372403860092163,,0.10377426445484161,,0.03608930855989456,0.06076471507549286,,,,,,,,,,,,,,
11,,24069,,,,,,,,,,4.256144165992737e-06,,5.1264651119709015e-06,,0.21642279624938965,,0.26103585958480835,,0.12666156888008118,,0.04936886578798294,0.07556641846895218,,,,,,,,,,,,,,
11,,24079,,,,,,,,,,2.5723129510879517e-06,,3.3224932849407196e-06,,0.18386210501194,,0.25783395767211914,,0.1124652698636055,,0.039189282804727554,0.06473562121391296,,,,,,,,,,,,,,
11,,24089,,,,,,,,,,3.0603259801864624e-06,,2.128537744283676e-06,,0.21772965788841248,,0.2597810626029968,,0.11770586669445038,,0.04226177930831909,0.06851167976856232,,,,,,,,,,,,,,
11,,24099,,,,,,,,,,3.1366944313049316e-06,,2.762768417596817e-06,,0.16955485939979553,,0.27044224739074707,,0.1064581423997879,,0.03696451336145401,0.06236347556114197,,,,,,,,,,,,,,
11,,24109,,,,,,,,,,3.157183527946472e-06,,3.929249942302704e-06,,0.18499690294265747,,0.27178865671157837,,0.11822213232517242,,0.043723974376916885,0.06988473236560822,,,,,,,,,,,,,,
11,,24119,,,,,,,,,,4.263594746589661e-06,,3.369990736246109e-06,,0.20272883772850037,,0.25787094235420227,,0.10555776208639145,,0.03945724666118622,0.06386404484510422,,,,,,,,,,,,,,
11,,24129,,,,,,,,,,4.975125193595886e-06,,3.1902454793453217e-06,,0.233930766582489,,0.2527809739112854,,0.09360059350728989,,0.03357043117284775,0.05733243003487587,,,,,,,,,,,,,,
11,,24139,,,,,,,,,,3.3546239137649536e-06,,3.840774297714233e-06,,0.19222278892993927,,0.27873361110687256,,0.1093861386179924,,0.0406775176525116,0.06635250151157379,,,,,,,,,,,,,,
11,,24149,,,,,,,,,,2.4065375328063965e-06,,4.556030035018921e-06,,0.21594315767288208,,0.24868690967559814,,0.0981757715344429,,0.039669401943683624,0.06236302852630615,,,,,,,,,,,,,,
11,,24159,,,,,,,,,,3.373250365257263e-06,,3.6284327507019043e-06,,0.20559465885162354,,0.26184648275375366,,0.12201061099767685,,0.041964538395404816,0.069050632417202,,,,,,,,,,,,,,
11,,24169,,,,,,,,,,2.5238841772079468e-06,,2.605840563774109e-06,,0.1981571614742279,,0.2612645626068115,,0.11313045024871826,,0.03729706630110741,0.06376927345991135,,,,,,,,,,,,,,
11,,24179,,,,,,,,,,2.5406479835510254e-06,,3.0477531254291534e-06,,0.23610332608222961,,0.2579638659954071,,0.10848814994096756,,0.036923155188560486,0.06290815770626068,,,,,,,,,,,,,,
11,,24189,,,,,,,,,,4.585832357406616e-06,,3.1655654311180115e-06,,0.16680172085762024,,0.28027981519699097,,0.09779127687215805,,0.028782669454813004,0.055029142647981644,,,,,,,,,,,,,,
11,,24199,,,,,,,,,,4.040077328681946e-06,,3.5692937672138214e-06,,0.2229517698287964,,0.2602417469024658,,0.1223134845495224,,0.043294187635183334,0.07023313641548157,,,,,,,,,,,,,,
11,,24209,,,,,,,,,,3.1311064958572388e-06,,2.6999041438102722e-06,,0.1524493545293808,,0.28226161003112793,,0.117950439453125,,0.03949553519487381,0.06677120178937912,,,,,,,,,,,,,,
11,,24219,,,,,,,,,,2.3748725652694702e-06,,2.386048436164856e-06,,0.22579947113990784,,0.25646817684173584,,0.10449954867362976,,0.03456909954547882,0.06020323559641838,,,,,,,,,,,,,,
11,,24227,,,,,,,,,,,,,,,,,,,,,,0.9787648916244507,1.0,1.0,0.9489991068840027,0.9080826640129089,0.9635212421417236,0.9873549342155457,0.06546936184167862,1.1920928955078125e-07,2.086162567138672e-07,0.2097737044095993,0.2601644992828369,0.11320088058710098,0.03943298012018204
11,,24227,0.9783013463020325,1.0,1.0,0.948940634727478,0.9081778526306152,0.9630441069602966,0.9868543148040771,0.06520047783851624,4.758627710543806e-06,,3.6401797842700034e-06,,0.21042534708976746,,0.2614434063434601,,0.11036854982376099,,0.039692431688308716,,,,,,,,,,,,,,,,
,0.0001036474508437579,24228,,,,,,,,,,,,,,,,,,,,,,,,,,,,,,,,,,,
12,,24229,,,,,,,,,,3.2354146242141724e-06,,3.200490027666092e-06,,0.2017938792705536,,0.25642555952072144,,0.09784173220396042,,0.033604852855205536,0.05794784426689148,,,,,,,,,,,,,,
12,,24239,,,,,,,,,,2.775341272354126e-06,,2.398155629634857e-06,,0.19095146656036377,,0.26776134967803955,,0.10348929464817047,,0.0364001989364624,0.06150844693183899,,,,,,,,,,,,,,
12,,24249,,,,,,,,,,2.261251211166382e-06,,2.6011839509010315e-06,,0.1940068006515503,,0.2576969861984253,,0.10589905083179474,,0.03536871075630188,0.060750510543584824,,,,,,,,,,,,,,
12,,24259,,,,,,,,,,3.5855919122695923e-06,,3.0016526579856873e-06,,0.14826226234436035,,0.2841014862060547,,0.13257001340389252,,0.053016677498817444,0.07969356328248978,,,,,,,,,,,,,,
12,,24269,,,,,,,,,,3.632158041000366e-06,,2.196989953517914e-06,,0.18399012088775635,,0.27195554971694946,,0.0994461178779602,,0.034383561462163925,0.05935237184166908,,,,,,,,,,,,,,
12,,24279,,,,,,,,,,3.2410025596618652e-06,,2.226792275905609e-06,,0.17298553884029388,,0.2690630555152893,,0.11239480972290039,,0.04098420590162277,0.06646792590618134,,,,,,,,,,,,,,
12,,24289,,,,,,,,,,3.768131136894226e-06,,2.976972609758377e-06,,0.20588314533233643,,0.253356009721756,,0.12454745918512344,,0.04615747928619385,0.07227717339992523,,,,,,,,,,,,,,
12,,24299,,,,,,,,,,2.3953616619110107e-06,,2.6565976440906525e-06,,0.22400566935539246,,0.2598998546600342,,0.12009145319461823,,0.04324033483862877,0.06977231800556183,,,,,,,,,,,,,,
12,,24309,,,,,,,,,,3.859400749206543e-06,,2.318061888217926e-06,,0.21012228727340698,,0.2650013267993927,,0.10029805451631546,,0.035964835435152054,0.060678642243146896,,,,,,,,,,,,,,
12,,24319,,,,,,,,,,3.6135315895080566e-06,,3.7369318306446075e-06,,0.19218146800994873,,0.27007541060447693,,0.11853937804698944,,0.04272858053445816,0.06920139491558075,,,,,,,,,,,,,,
12,,24329,,,,,,,,,,3.680586814880371e-06,,3.6531127989292145e-06,,0.22831231355667114,,0.2618749737739563,,0.11185483634471893,,0.038194991648197174,0.06458573043346405,,,,,,,,,,,,,,
12,,24339,,,,,,,,,,4.637986421585083e-06,,2.408865839242935e-06,,0.26623278856277466,,0.24501243233680725,,0.10197650641202927,,0.03577803447842598,0.060573793947696686,,,,,,,,,,,,,,
12,,24349,,,,,,,,,,3.95067036151886e-06,,3.1427480280399323e-06,,0.18782725930213928,,0.2533892095088959,,0.11754690110683441,,0.040208615362644196,0.06629142165184021,,,,,,,,,,,,,,
12,,24359,,,,,,,,,,4.537403583526611e-06,,2.5508925318717957e-06,,0.18149152398109436,,0.26688873767852783,,0.12373890727758408,,0.0443509966135025,0.07111892849206924,,,,,,,,,,,,,,
12,,24369,,,,,,,,,,2.3990869522094727e-06,,2.907589077949524e-06,,0.23787826299667358,,0.24896347522735596,,0.11095647513866425,,0.03761109709739685,0.06348597258329391,,,,,,,,,,,,,,
12,,24379,,,,,,,,,,3.3620744943618774e-06,,2.9690563678741455e-06,,0.21269915997982025,,0.2725794315338135,,0.11163727194070816,,0.038318932056427,0.06495679169893265,,,,,,,,,,,,,,
12,,24389,,,,,,,,,,4.542991518974304e-06,,2.789776772260666e-06,,0.16874298453330994,,0.26817238330841064,,0.11487574875354767,,0.0410834401845932,0.06691616773605347,,,,,,,,,,,,,,
12,,24399,,,,,,,,,,4.060566425323486e-06,,2.528540790081024e-06,,0.18268147110939026,,0.2657524049282074,,0.10975038260221481,,0.04420715197920799,0.06834819912910461,,,,,,,,,,,,,,
12,,24409,,,,,,,,,,4.0084123611450195e-06,,3.4370459616184235e-06,,0.23311585187911987,,0.24752745032310486,,0.10910578072071075,,0.04263659566640854,0.0667857751250267,,,,,,,,,,,,,,
12,,24419,,,,,,,,,,6.98678195476532e-06,,3.0854716897010803e-06,,0.2027246356010437,,0.2592962682247162,,0.11548919975757599,,0.04313771426677704,0.06855445355176926,,,,,,,,,,,,,,
12,,24429,,,,,,,,,,4.518777132034302e-06,,4.9551017582416534e-06,,0.19000424444675446,,0.26529461145401,,0.11345909535884857,,0.04231490194797516,0.06768859922885895,,,,,,,,,,,,,,
12,,24439,,,,,,,,,,6.034970283508301e-06,,3.1851232051849365e-06,,0.23580391705036163,,0.24952852725982666,,0.11277735978364944,,0.03949994593858719,0.06524663418531418,,,,,,,,,,,,,,
12,,24449,,,,,,,,,,5.407258868217468e-06,,4.8656947910785675e-06,,0.19468632340431213,,0.2636107802391052,,0.10569766163825989,,0.03502321243286133,0.06073880195617676,,,,,,,,,,,,,,
12,,24459,,,,,,,,,,5.241483449935913e-06,,1.3006851077079773e-05,,0.16708093881607056,,0.2717125415802002,,0.124618761241436,,0.03967096284031868,0.06783034652471542,,,,,,,,,,,,,,
12,,24469,,,,,,,,,,5.19677996635437e-06,,3.1515955924987793e-06,,0.21859712898731232,,0.25281643867492676,,0.10012925416231155,,0.031962014734745026,0.057172175496816635,,,,,,,,,,,,,,
12,,24479,,,,,,,,,,3.909692168235779e-06,,2.488028258085251e-06,,0.2140844315290451,,0.2683267593383789,,0.11034577339887619,,0.04089786857366562,0.06646609306335449,,,,,,,,,,,,,,
12,,24489,,,,,,,,,,3.1087547540664673e-06,,2.4712644517421722e-06,,0.20755916833877563,,0.2490752935409546,,0.10035255551338196,,0.02897544577717781,0.054668787866830826,,,,,,,,,,,,,,
12,,24499,,,,,,,,,,2.993270754814148e-06,,2.9462389647960663e-06,,0.19559656083583832,,0.28891855478286743,,0.13862866163253784,,0.05530659481883049,0.08332838118076324,,,,,,,,,,,,,,
12,,24509,,,,,,,,,,5.077570676803589e-06,,3.2228417694568634e-06,,0.2192358374595642,,0.2546210289001465,,0.10584969818592072,,0.0346393957734108,0.06034564599394798,,,,,,,,,,,,,,
12,,24519,,,,,,,,,,3.3490359783172607e-06,,4.391651600599289e-06,,0.18958759307861328,,0.2760440409183502,,0.0988505482673645,,0.03163312003016472,0.057434652000665665,,,,,,,,,,,,,,
12,,24529,,,,,,,,,,3.933906555175781e-06,,1.561082899570465e-05,,0.19755330681800842,,0.2709161043167114,,0.11035849899053574,,0.04298701137304306,0.06796339154243469,,,,,,,,,,,,,,
12,,24539,,,,,,,,,,5.880370736122131e-06,,5.48316165804863e-06,,0.1910775899887085,,0.28066152334213257,,0.11942587792873383,,0.04426238685846329,0.07100169360637665,,,,,,,,,,,,,,
12,,24549,,,,,,,,,,3.3937394618988037e-06,,2.3692846298217773e-06,,0.20960688591003418,,0.2563475966453552,,0.10458879172801971,,0.04131854698061943,0.06508783251047134,,,,,,,,,,,,,,
12,,24559,,,,,,,,,,3.552064299583435e-06,,2.736225724220276e-06,,0.20565925538539886,,0.2468685507774353,,0.09874136000871658,,0.03350091725587845,0.05763580650091171,,,,,,,,,,,,,,
12,,24569,,,,,,,,,,3.46451997756958e-06,,2.130866050720215e-06,,0.22051891684532166,,0.26048195362091064,,0.1026519238948822,,0.03735174983739853,0.06207050755620003,,,,,,,,,,,,,,
12,,24579,,,,,,,,,,2.6226043701171875e-06,,2.1168962121009827e-06,,0.21129563450813293,,0.2421175241470337,,0.10017690062522888,,0.03181389719247818,0.05648277327418327,,,,,,,,,,,,,,
12,,24589,,,,,,,,,,2.3748725652694702e-06,,8.319970220327377e-06,,0.19973449409008026,,0.25588589906692505,,0.10027547180652618,,0.03271917253732681,0.05769043043255806,,,,,,,,,,,,,,
12,,24599,,,,,,,,,,2.1532177925109863e-06,,2.1639280021190643e-06,,0.2364724576473236,,0.23996829986572266,,0.10102015733718872,,0.035240598022937775,0.059405915439128876,,,,,,,,,,,,,,
12,,24609,,,,,,,,,,2.1364539861679077e-06,,2.2659078240394592e-06,,0.19524513185024261,,0.26025617122650146,,0.08927254378795624,,0.032786283642053604,0.0558294951915741,,,,,,,,,,,,,,
12,,24619,,,,,,,,,,2.3778527975082397e-05,,2.3134052753448486e-06,,0.2368318885564804,,0.2496483325958252,,0.11650124937295914,,0.04314529150724411,0.06869739294052124,,,,,,,,,,,,,,
12,,24629,,,,,,,,,,2.2407621145248413e-06,,3.393273800611496e-06,,0.20138642191886902,,0.2623116672039032,,0.103476881980896,,0.03424812853336334,0.05975847318768501,,,,,,,,,,,,,,
12,,24639,,,,,,,,,,2.2277235984802246e-06,,2.5480985641479492e-06,,0.20816463232040405,,0.25277483463287354,,0.10716979205608368,,0.033749379217624664,0.059709206223487854,,,,,,,,,,,,,,
12,,24649,,,,,,,,,,3.0621886253356934e-06,,3.0668452382087708e-06,,0.2343897819519043,,0.25487175583839417,,0.10016914457082748,,0.03418736159801483,0.059130553156137466,,,,,,,,,,,,,,
12,,24659,,,,,,,,,,3.937631845474243e-06,,3.559049218893051e-06,,0.19514882564544678,,0.2662978768348694,,0.09595576673746109,,0.03488932549953461,0.05894272029399872,,,,,,,,,,,,,,
12,,24669,,,,,,,,,,2.9765069484710693e-06,,2.589542418718338e-06,,0.21527314186096191,,0.25809797644615173,,0.09809593856334686,,0.029847608879208565,0.05541330948472023,,,,,,,,,,,,,,
12,,24679,,,,,,,,,,2.378597855567932e-06,,2.8219074010849e-06,,0.2697071433067322,,0.25516390800476074,,0.11198660731315613,,0.04265999048948288,0.06813056766986847,,,,,,,,,,,,,,
12,,24689,,,,,,,,,,3.384426236152649e-06,,2.485699951648712e-06,,0.2321881204843521,,0.2716791033744812,,0.09683234244585037,,0.04016245901584625,0.06374939531087875,,,,,,,,,,,,,,
12,,24699,,,,,,,,,,2.255663275718689e-06,,1.8919818103313446e-06,,0.21931573748588562,,0.2522013485431671,,0.0900866687297821,,0.03409769386053085,0.05687045678496361,,,,,,,,,,,,,,
12,,24709,,,,,,,,,,3.207474946975708e-06,,3.849156200885773e-06,,0.21257245540618896,,0.2591087520122528,,0.10653972625732422,,0.04069594666361809,0.06515088677406311,,,,,,,,,,,,,,
12,,24719,,,,,,,,,,2.644956111907959e-06,,2.550426870584488e-06,,0.21439869701862335,,0.2534253001213074,,0.08889792859554291,,0.02974138781428337,0.05337923765182495,,,,,,,,,,,,,,
12,,24729,,,,,,,,,,4.239380359649658e-06,,6.511341780424118e-06,,0.19591614603996277,,0.2608497142791748,,0.10292473435401917,,0.036376550793647766,0.061118967831134796,,,,,,,,,,,,,,
12,,24739,,,,,,,,,,1.7061829566955566e-06,,2.487562596797943e-06,,0.166553795337677,,0.2621568739414215,,0.11537928134202957,,0.044678185135126114,0.06939961016178131,,,,,,,,,,,,,,
12,,24749,,,,,,,,,,1.8868595361709595e-06,,2.7548521757125854e-06,,0.17283517122268677,,0.2611667513847351,,0.11715085059404373,,0.035961784422397614,0.06322017312049866,,,,,,,,,,,,,,
12,,24759,,,,,,,,,,2.5797635316848755e-06,,2.248212695121765e-06,,0.20501887798309326,,0.2612142860889435,,0.10890896618366241,,0.03582914173603058,0.06195440888404846,,,,,,,,,,,,,,
12,,24769,,,,,,,,,,2.084299921989441e-06,,1.980457454919815e-06,,0.22256755828857422,,0.2502412497997284,,0.110871322453022,,0.03932783380150795,0.06463830918073654,,,,,,,,,,,,,,
12,,24779,,,,,,,,,,2.382323145866394e-06,,2.2514723241329193e-06,,0.1760474443435669,,0.27362993359565735,,0.10631491988897324,,0.039789531379938126,0.06468146294355392,,,,,,,,,,,,,,
12,,24789,,,,,,,,,,1.6670674085617065e-06,,3.3676624298095703e-06,,0.23855283856391907,,0.2664555013179779,,0.10663139820098877,,0.0415131077170372,0.06643009185791016,,,,,,,,,,,,,,
12,,24799,,,,,,,,,,2.2668391466140747e-06,,1.725275069475174e-06,,0.1931746006011963,,0.2759842276573181,,0.11447466164827347,,0.04131104797124863,0.06766433268785477,,,,,,,,,,,,,,
12,,24809,,,,,,,,,,2.289190888404846e-06,,2.448447048664093e-06,,0.2147235870361328,,0.26073652505874634,,0.11328762769699097,,0.040218282490968704,0.06615962088108063,,,,,,,,,,,,,,
12,,24819,,,,,,,,,,2.341344952583313e-06,,2.637971192598343e-06,,0.21636982262134552,,0.2692735195159912,,0.10989108681678772,,0.04077814891934395,0.06636218726634979,,,,,,,,,,,,,,
12,,24829,,,,,,,,,,2.0973384380340576e-06,,2.141576260328293e-06,,0.21241581439971924,,0.25859534740448,,0.10272252559661865,,0.04059785604476929,0.06433548778295517,,,,,,,,,,,,,,
12,,24839,,,,,,,,,,3.0919909477233887e-06,,2.128537744283676e-06,,0.22440433502197266,,0.26491403579711914,,0.11869846284389496,,0.047506075352430344,0.07295092195272446,,,,,,,,,,,,,,
12,,24849,,,,,,,,,,3.11434268951416e-06,,2.9355287551879883e-06,,0.18096205592155457,,0.25955742597579956,,0.12224894762039185,,0.046518150717020035,0.07211531698703766,,,,,,,,,,,,,,
12,,24859,,,,,,,,,,1.2030825018882751e-05,,2.3883767426013947e-06,,0.20670419931411743,,0.24362054467201233,,0.10988138616085052,,0.03952287882566452,0.06410261243581772,,,,,,,,,,,,,,
12,,24869,,,,,,,,,,4.4442713260650635e-06,,8.060596883296967e-06,,0.21066400408744812,,0.27050328254699707,,0.12232623994350433,,0.043621137738227844,0.07081790268421173,,,,,,,,,,,,,,
12,,24879,,,,,,,,,,2.7213245630264282e-06,,1.7439015209674835e-06,,0.2014215886592865,,0.2577475905418396,,0.09944913536310196,,0.0372496172785759,0.06104116514325142,,,,,,,,,,,,,,
12,,24889,,,,,,,,,,3.729015588760376e-06,,2.695247530937195e-06,,0.20807750523090363,,0.2609383761882782,,0.09339739382266998,,0.03749767318367958,0.060319893062114716,,,,,,,,,,,,,,
12,,24899,,,,,,,,,,5.058944225311279e-06,,2.368353307247162e-06,,0.18480423092842102,,0.252092182636261,,0.11362405866384506,,0.03971421718597412,0.06508857011795044,,,,,,,,,,,,,,
12,,24909,,,,,,,,,,4.628673195838928e-06,,2.598855644464493e-06,,0.19579511880874634,,0.26168984174728394,,0.10538221895694733,,0.034247130155563354,0.060020364820957184,,,,,,,,,,,,,,
12,,24919,,,,,,,,,,3.1497329473495483e-06,,2.8265640139579773e-06,,0.18255014717578888,,0.28293144702911377,,0.12770220637321472,,0.04627188667654991,0.07406783849000931,,,,,,,,,,,,,,
12,,24929,,,,,,,,,,4.118308424949646e-06,,4.454050213098526e-06,,0.23841668665409088,,0.25703683495521545,,0.12161032110452652,,0.04262582212686539,0.06963086128234863,,,,,,,,,,,,,,
12,,24939,,,,,,,,,,1.987442374229431e-06,,2.330634742975235e-06,,0.2514481246471405,,0.24846819043159485,,0.10115272551774979,,0.038303446024656296,0.062302540987730026,,,,,,,,,,,,,,
12,,24949,,,,,,,,,,4.256144165992737e-06,,2.1439045667648315e-06,,0.18896779417991638,,0.2610405683517456,,0.10672147572040558,,0.03324555605649948,0.05940970033407211,,,,,,,,,,,,,,
12,,24959,,,,,,,,,,4.567205905914307e-06,,3.214459866285324e-06,,0.18837392330169678,,0.2585974335670471,,0.1173541247844696,,0.044325485825538635,0.06959427893161774,,,,,,,,,,,,,,
12,,24969,,,,,,,,,,2.766028046607971e-06,,2.932269126176834e-06,,0.22560764849185944,,0.24813559651374817,,0.10303939133882523,,0.03584279119968414,0.060491956770420074,,,,,,,,,,,,,,
12,,24979,,,,,,,,,,2.8423964977264404e-06,,2.7865171432495117e-06,,0.2312403917312622,,0.23686936497688293,,0.11710353195667267,,0.040931858122348785,0.06648515164852142,,,,,,,,,,,,,,
12,,24989,,,,,,,,,,4.069879651069641e-06,,2.8545036911964417e-06,,0.19671520590782166,,0.26583343744277954,,0.10466405749320984,,0.033301517367362976,0.059381354600191116,,,,,,,,,,,,,,
12,,24999,,,,,,,,,,4.298985004425049e-06,,3.755558282136917e-06,,0.2101806104183197,,0.2667299807071686,,0.10438394546508789,,0.03526723384857178,0.061003342270851135,,,,,,,,,,,,,,
12,,25009,,,,,,,,,,4.2710453271865845e-06,,3.137625753879547e-06,,0.19918125867843628,,0.2581420838832855,,0.09489268064498901,,0.029223106801509857,0.05415750667452812,,,,,,,,,,,,,,
12,,25019,,,,,,,,,,3.5669654607772827e-06,,2.532266080379486e-06,,0.23221030831336975,,0.248808354139328,,0.10531499236822128,,0.032023146748542786,0.05816223472356796,,,,,,,,,,,,,,
12,,25029,,,,,,,,,,2.2873282432556152e-06,,1.7974525690078735e-06,,0.22662563621997833,,0.2454729974269867,,0.12138576805591583,,0.04446303844451904,0.0702865943312645,,,,,,,,,,,,,,
12,,25039,,,,,,,,,,3.552064299583435e-06,,2.4759210646152496e-06,,0.20202277600765228,,0.2640315294265747,,0.11697711050510406,,0.042356058955192566,0.06846091151237488,,,,,,,,,,,,,,
12,,25049,,,,,,,,,,4.675239324569702e-06,,2.857763320207596e-06,,0.21974411606788635,,0.2659218907356262,,0.10118040442466736,,0.036843061447143555,0.06165890023112297,,,,,,,,,,,,,,
12,,25059,,,,,,,,,,3.85381281375885e-06,,3.6712735891342163e-06,,0.18585304915905,,0.2784286141395569,,0.13073092699050903,,0.04555999115109444,0.07392941415309906,,,,,,,,,,,,,,
12,,25069,,,,,,,,,,3.768131136894226e-06,,2.3799948394298553e-06,,0.18766720592975616,,0.28134599328041077,,0.11421230435371399,,0.03551007807254791,0.06345018744468689,,,,,,,,,,,,,,
12,,25079,,,,,,,,,,2.682209014892578e-06,,2.8135254979133606e-06,,0.22360524535179138,,0.26350802183151245,,0.11283866316080093,,0.04119821637868881,0.06704460829496384,,,,,,,,,,,,,,
12,,25089,,,,,,,,,,3.116205334663391e-06,,2.980697900056839e-06,,0.23181527853012085,,0.2524659037590027,,0.09463036805391312,,0.03139839321374893,0.05585655942559242,,,,,,,,,,,,,,
12,,25099,,,,,,,,,,6.0051679611206055e-06,,2.4936161935329437e-06,,0.19535577297210693,,0.25654616951942444,,0.10936622321605682,,0.041464827954769135,0.06593582034111023,,,,,,,,,,,,,,
12,,25109,,,,,,,,,,3.3974647521972656e-06,,1.998618245124817e-06,,0.22667092084884644,,0.2708871364593506,,0.10301921516656876,,0.03738604113459587,0.06272509694099426,,,,,,,,,,,,,,
12,,25119,,,,,,,,,,3.1460076570510864e-06,,1.7122365534305573e-06,,0.21885946393013,,0.24384719133377075,,0.1159217581152916,,0.04774440824985504,0.0715562105178833,,,,,,,,,,,,,,
12,,25129,,,,,,,,,,2.8014183044433594e-06,,2.0405277609825134e-06,,0.1447017639875412,,0.2754119634628296,,0.10736845433712006,,0.037918515503406525,0.06319156289100647,,,,,,,,,,,,,,
12,,25139,,,,,,,,,,4.699453711509705e-06,,2.1313317120075226e-06,,0.2168920934200287,,0.24438795447349548,,0.10681281983852386,,0.03872557729482651,0.06308439373970032,,,,,,,,,,,,,,
12,,25149,,,,,,,,,,3.1758099794387817e-06,,1.9301660358905792e-06,,0.2161809504032135,,0.25059327483177185,,0.10145747661590576,,0.03399381786584854,0.0588129423558712,,,,,,,,,,,,,,
12,,25159,,,,,,,,,,2.4437904357910156e-06,,2.7478672564029694e-06,,0.24401146173477173,,0.2511155307292938,,0.12981173396110535,,0.04470912739634514,0.07251980900764465,,,,,,,,,,,,,,
12,,25169,,,,,,,,,,2.902001142501831e-06,,2.154149115085602e-06,,0.21012252569198608,,0.28779876232147217,,0.14181312918663025,,0.05588965862989426,0.08448078483343124,,,,,,,,,,,,,,
12,,25179,,,,,,,,,,2.1103769540786743e-06,,2.2649765014648438e-06,,0.179007425904274,,0.2550070881843567,,0.10753336548805237,,0.03523792326450348,0.060656968504190445,,,,,,,,,,,,,,
12,,25189,,,,,,,,,,4.159286618232727e-06,,3.3928081393241882e-06,,0.21569204330444336,,0.25104179978370667,,0.10973212122917175,,0.03874129056930542,0.063941590487957,,,,,,,,,,,,,,
12,,25199,,,,,,,,,,2.3245811462402344e-06,,2.250541001558304e-06,,0.2434256672859192,,0.24318630993366241,,0.10369959473609924,,0.038060031831264496,0.06225591152906418,,,,,,,,,,,,,,
12,,25209,,,,,,,,,,3.1795352697372437e-06,,2.0526349544525146e-06,,0.24844346940517426,,0.2642790377140045,,0.11448785662651062,,0.042115673422813416,0.06836946308612823,,,,,,,,,,,,,,
12,,25219,,,,,,,,,,3.330409526824951e-06,,1.5310943126678467e-06,,0.2224600911140442,,0.253727525472641,,0.10570520162582397,,0.03263074904680252,0.05880758538842201,,,,,,,,,,,,,,
12,,25229,,,,,,,,,,4.587695002555847e-06,,1.6856938600540161e-06,,0.23273664712905884,,0.2367972731590271,,0.11330844461917877,,0.04001675546169281,0.06510105729103088,,,,,,,,,,,,,,
12,,25239,,,,,,,,,,4.526227712631226e-06,,2.0638108253479004e-06,,0.215539813041687,,0.2538655698299408,,0.11469420045614243,,0.04207610338926315,0.06750454008579254,,,,,,,,,,,,,,
12,,25249,,,,,,,,,,8.476898074150085e-06,,3.6633573472499847e-06,,0.210012286901474,,0.2652009427547455,,0.10644763708114624,,0.03281791880726814,0.05947928503155708,,,,,,,,,,,,,,
12,,25259,,,,,,,,,,3.762543201446533e-06,,1.7541460692882538e-06,,0.20347489416599274,,0.2554529905319214,,0.10147099196910858,,0.037406887859106064,0.06145482510328293,,,,,,,,,,,,,,
12,,25269,,,,,,,,,,5.101785063743591e-06,,4.197936505079269e-06,,0.22537130117416382,,0.27553117275238037,,0.09748375415802002,,0.03749889135360718,0.061974115669727325,,,,,,,,,,,,,,
12,,25279,,,,,,,,,,4.742294549942017e-06,,3.393273800611496e-06,,0.1981905996799469,,0.26368793845176697,,0.0983487069606781,,0.0348910391330719,0.0593060739338398,,,,,,,,,,,,,,
12,,25289,,,,,,,,,,4.459172487258911e-06,,3.5366974771022797e-06,,0.22172841429710388,,0.2640587389469147,,0.10161420702934265,,0.03665934130549431,0.06153833866119385,,,,,,,,,,,,,,
12,,25299,,,,,,,,,,6.1336904764175415e-06,,3.150664269924164e-06,,0.20043198764324188,,0.26472848653793335,,0.11165124177932739,,0.04349120706319809,0.06832766532897949,,,,,,,,,,,,,,
12,,25309,,,,,,,,,,3.4999102354049683e-06,,1.8766149878501892e-06,,0.1856367439031601,,0.29025402665138245,,0.1137511134147644,,0.043885860592126846,0.07004092633724213,,,,,,,,,,,,,,
12,,25319,,,,,,,,,,3.861263394355774e-06,,3.6903657019138336e-06,,0.21519502997398376,,0.2659028470516205,,0.1182357519865036,,0.036931559443473816,0.06486973911523819,,,,,,,,,,,,,,
12,,25329,,,,,,,,,,2.4437904357910156e-06,,2.6873312890529633e-06,,0.22633203864097595,,0.255860835313797,,0.10992611944675446,,0.0418793223798275,0.06668273359537125,,,,,,,,,,,,,,
12,,25339,,,,,,,,,,2.6244670152664185e-06,,2.7567148208618164e-06,,0.2272508293390274,,0.2618534564971924,,0.12908390164375305,,0.04056110605597496,0.06957853585481644,,,,,,,,,,,,,,
12,,25349,,,,,,,,,,1.6184523701667786e-05,,2.359040081501007e-06,,0.23084577918052673,,0.2589224874973297,,0.1145729124546051,,0.04362650215625763,0.06906139105558395,,,,,,,,,,,,,,
12,,25359,,,,,,,,,,3.961846232414246e-06,,1.6712583601474762e-06,,0.22999347746372223,,0.2529667913913727,,0.10459194332361221,,0.03571062535047531,0.06096190586686134,,,,,,,,,,,,,,
12,,25369,,,,,,,,,,9.508803486824036e-06,,2.5336630642414093e-06,,0.22569507360458374,,0.2565712332725525,,0.11360581964254379,,0.04114868491888046,0.06685058027505875,,,,,,,,,,,,,,
12,,25379,,,,,,,,,,3.0230730772018433e-06,,2.2426247596740723e-06,,0.2103763222694397,,0.24159857630729675,,0.10147584974765778,,0.036658890545368195,0.06032590940594673,,,,,,,,,,,,,,
12,,25389,,,,,,,,,,3.1795352697372437e-06,,2.5015324354171753e-06,,0.2094087302684784,,0.25216832756996155,,0.11439947783946991,,0.040323738008737564,0.06598322838544846,,,,,,,,,,,,,,
12,,25399,,,,,,,,,,2.4605542421340942e-06,,4.547648131847382e-06,,0.2355111837387085,,0.25321662425994873,,0.1130349189043045,,0.03794832527637482,0.06430043280124664,,,,,,,,,,,,,,
12,,25409,,,,,,,,,,5.073845386505127e-06,,2.787448465824127e-06,,0.20886749029159546,,0.26841259002685547,,0.09715649485588074,,0.03237200528383255,0.05753941461443901,,,,,,,,,,,,,,
12,,25419,,,,,,,,,,2.294778823852539e-06,,1.9390136003494263e-06,,0.22366291284561157,,0.2578876316547394,,0.11106160283088684,,0.039491087198257446,0.06516782194375992,,,,,,,,,,,,,,
12,,25429,,,,,,,,,,2.3599714040756226e-06,,3.602355718612671e-06,,0.23836089670658112,,0.2639135718345642,,0.10718303918838501,,0.041540391743183136,0.06643258780241013,,,,,,,,,,,,,,
12,,25439,,,,,,,,,,4.334375262260437e-06,,5.095731467008591e-06,,0.21698841452598572,,0.2656513750553131,,0.11825481057167053,,0.04865506291389465,0.07367732375860214,,,,,,,,,,,,,,
12,,25449,,,,,,,,,,3.6973506212234497e-06,,2.100598067045212e-06,,0.18203970789909363,,0.2751880884170532,,0.12009789049625397,,0.045197781175374985,0.07146687060594559,,,,,,,,,,,,,,
12,,25459,,,,,,,,,,2.037733793258667e-06,,2.6114284992218018e-06,,0.20028433203697205,,0.2692442536354065,,0.12396787106990814,,0.04644176363945007,0.07306104898452759,,,,,,,,,,,,,,
12,,25469,,,,,,,,,,2.8945505619049072e-06,,3.4226104617118835e-06,,0.22782446444034576,,0.26791638135910034,,0.11622932553291321,,0.03918188065290451,0.06642403453588486,,,,,,,,,,,,,,
12,,25479,,,,,,,,,,2.4549663066864014e-06,,2.769753336906433e-06,,0.17827245593070984,,0.253470242023468,,0.11420225352048874,,0.04099863022565842,0.06614860892295837,,,,,,,,,,,,,,
12,,25489,,,,,,,,,,3.417953848838806e-06,,5.700625479221344e-06,,0.23720140755176544,,0.25906985998153687,,0.1081426590681076,,0.038312677294015884,0.06395049393177032,,,,,,,,,,,,,,
12,,25499,,,,,,,,,,2.907589077949524e-06,,2.413056790828705e-06,,0.20051497220993042,,0.27997562289237976,,0.11617580056190491,,0.04096271097660065,0.06799525022506714,,,,,,,,,,,,,,
12,,25509,,,,,,,,,,4.932284355163574e-06,,2.6975758373737335e-06,,0.20241105556488037,,0.26291126012802124,,0.11602017283439636,,0.042611751705408096,0.06842528283596039,,,,,,,,,,,,,,
12,,25519,,,,,,,,,,3.987923264503479e-06,,2.0605511963367462e-06,,0.1958048939704895,,0.2542670965194702,,0.11207794398069382,,0.03832776099443436,0.06398942321538925,,,,,,,,,,,,,,
12,,25529,,,,,,,,,,1.8142163753509521e-06,,2.010725438594818e-06,,0.20482109487056732,,0.24891069531440735,,0.10801835358142853,,0.03721833974123001,0.06225033849477768,,,,,,,,,,,,,,
12,,25539,,,,,,,,,,2.3078173398971558e-06,,3.144610673189163e-06,,0.21012291312217712,,0.2708314061164856,,0.11170189827680588,,0.043970976024866104,0.06909681856632233,,,,,,,,,,,,,,
12,,25549,,,,,,,,,,4.546716809272766e-06,,2.3194588720798492e-06,,0.2017834484577179,,0.2755023241043091,,0.12454652786254883,,0.0504908449947834,0.07651812583208084,,,,,,,,,,,,,,
12,,25559,,,,,,,,,,3.6302953958511353e-06,,4.392582923173904e-06,,0.18537914752960205,,0.2771201729774475,,0.11819499731063843,,0.038752902299165726,0.06640488654375076,,,,,,,,,,,,,,
12,,25569,,,,,,,,,,3.5446137189865112e-06,,2.598389983177185e-06,,0.2634250521659851,,0.23178309202194214,,0.10876648128032684,,0.040216606110334396,0.06452377140522003,,,,,,,,,,,,,,
12,,25579,,,,,,,,,,4.122033715248108e-06,,5.045440047979355e-06,,0.22159680724143982,,0.26592427492141724,,0.099331334233284,,0.035605791956186295,0.06040577590465546,,,,,,,,,,,,,,
12,,25589,,,,,,,,,,4.3120235204696655e-06,,3.709457814693451e-06,,0.23743872344493866,,0.2514725923538208,,0.11149199306964874,,0.035109832882881165,0.06182249262928963,,,,,,,,,,,,,,
12,,25599,,,,,,,,,,3.3564865589141846e-06,,2.223532646894455e-06,,0.19246594607830048,,0.25594601035118103,,0.09091323614120483,,0.029742926359176636,0.05361945927143097,,,,,,,,,,,,,,
12,,25609,,,,,,,,,,3.0454248189926147e-06,,2.3995526134967804e-06,,0.17356449365615845,,0.27549439668655396,,0.12488603591918945,,0.04734226316213608,0.0738886371254921,,,,,,,,,,,,,,
12,,25619,,,,,,,,,,3.2670795917510986e-06,,4.26778569817543e-06,,0.2090620994567871,,0.26233017444610596,,0.10747367888689041,,0.03976573795080185,0.06473811715841293,,,,,,,,,,,,,,
12,,25629,,,,,,,,,,3.546476364135742e-06,,2.7203932404518127e-06,,0.18454888463020325,,0.26114422082901,,0.0959789827466011,,0.033562883734703064,0.05758611112833023,,,,,,,,,,,,,,
12,,25639,,,,,,,,,,4.196539521217346e-06,,2.4186447262763977e-06,,0.18032176792621613,,0.2685921788215637,,0.12873390316963196,,0.044638123363256454,0.07233727723360062,,,,,,,,,,,,,,
12,,25649,,,,,,,,,,2.956017851829529e-06,,3.0356459319591522e-06,,0.16769006848335266,,0.2839585840702057,,0.129176527261734,,0.038192786276340485,0.06815751641988754,,,,,,,,,,,,,,
12,,25659,,,,,,,,,,3.634020686149597e-06,,2.069864422082901e-06,,0.17915579676628113,,0.2651466727256775,,0.10753869265317917,,0.03716004639863968,0.06257706135511398,,,,,,,,,,,,,,
12,,25669,,,,,,,,,,2.7995556592941284e-06,,2.2994354367256165e-06,,0.21018604934215546,,0.25021982192993164,,0.10431212186813354,,0.03508008271455765,0.060075435787439346,,,,,,,,,,,,,,
12,,25679,,,,,,,,,,2.339482307434082e-06,,2.648215740919113e-06,,0.22414642572402954,,0.2688353657722473,,0.10734643787145615,,0.04120177403092384,0.06627334654331207,,,,,,,,,,,,,,
12,,25689,,,,,,,,,,3.5669654607772827e-06,,2.9425136744976044e-06,,0.22805330157279968,,0.2575598657131195,,0.11284757405519485,,0.04366840049624443,0.06867261976003647,,,,,,,,,,,,,,
12,,25699,,,,,,,,,,3.6507844924926758e-06,,2.4978071451187134e-06,,0.2352357655763626,,0.24456298351287842,,0.09642057120800018,,0.03227679803967476,0.05652082338929176,,,,,,,,,,,,,,
12,,25709,,,,,,,,,,4.37907874584198e-06,,5.865003913640976e-06,,0.20458288490772247,,0.24902348220348358,,0.10263227671384811,,0.037466373294591904,0.06142877787351608,,,,,,,,,,,,,,
12,,25719,,,,,,,,,,3.7010759115219116e-06,,3.0426308512687683e-06,,0.23139935731887817,,0.24083994328975677,,0.10976585000753403,,0.035249728709459305,0.06103438511490822,,,,,,,,,,,,,,
12,,25729,,,,,,,,,,5.645677447319031e-06,,2.518296241760254e-06,,0.18980327248573303,,0.26071324944496155,,0.11322296410799026,,0.03880385309457779,0.06479322165250778,,,,,,,,,,,,,,
12,,25739,,,,,,,,,,3.550201654434204e-06,,3.5567209124565125e-06,,0.21933391690254211,,0.2539786398410797,,0.1109631210565567,,0.042195290327072144,0.06694398075342178,,,,,,,,,,,,,,
12,,25749,,,,,,,,,,3.460794687271118e-06,,2.8070062398910522e-06,,0.23155206441879272,,0.2514617443084717,,0.11194711178541183,,0.04151865467429161,0.06664612889289856,,,,,,,,,,,,,,
12,,25759,,,,,,,,,,4.155561327934265e-06,,2.1881423890590668e-06,,0.17935647070407867,,0.2735142111778259,,0.09945651888847351,,0.033806510269641876,0.05894019454717636,,,,,,,,,,,,,,
12,,25769,,,,,,,,,,2.000480890274048e-06,,1.6852281987667084e-06,,0.16989187896251678,,0.2741970121860504,,0.11087329685688019,,0.036416664719581604,0.06296052783727646,,,,,,,,,,,,,,
12,,25779,,,,,,,,,,3.641471266746521e-06,,2.7515925467014313e-06,,0.2195635735988617,,0.250696063041687,,0.1003895029425621,,0.037736982107162476,0.061465177685022354,,,,,,,,,,,,,,
12,,25789,,,,,,,,,,4.5299530029296875e-06,,1.9622966647148132e-06,,0.2262999713420868,,0.256011039018631,,0.11754973232746124,,0.04114571586251259,0.067568838596344,,,,,,,,,,,,,,
12,,25799,,,,,,,,,,3.3080577850341797e-06,,2.355780452489853e-06,,0.21677178144454956,,0.2616221308708191,,0.11285713315010071,,0.04164019227027893,0.06721111387014389,,,,,,,,,,,,,,
12,,25809,,,,,,,,,,2.8330832719802856e-06,,1.635868102312088e-06,,0.2304656058549881,,0.2680026888847351,,0.1213725283741951,,0.04425044730305672,0.07122597098350525,,,,,,,,,,,,,,
12,,25819,,,,,,,,,,4.580244421958923e-06,,2.405606210231781e-06,,0.22596344351768494,,0.2812481224536896,,0.10001258552074432,,0.03880821540951729,0.06370560079813004,,,,,,,,,,,,,,
12,,25829,,,,,,,,,,1.952052116394043e-06,,2.5639310479164124e-06,,0.20707032084465027,,0.2619154453277588,,0.1210082545876503,,0.04744810611009598,0.07299685478210449,,,,,,,,,,,,,,
12,,25839,,,,,,,,,,6.4354389905929565e-06,,2.2742897272109985e-06,,0.23363792896270752,,0.23894760012626648,,0.11508306860923767,,0.043692827224731445,0.06830299645662308,,,,,,,,,,,,,,
12,,25849,,,,,,,,,,2.566725015640259e-06,,2.811197191476822e-06,,0.2320752739906311,,0.24418622255325317,,0.10363783687353134,,0.039873212575912476,0.06351838260889053,,,,,,,,,,,,,,
12,,25859,,,,,,,,,,2.5238841772079468e-06,,2.2142194211483e-06,,0.19426153600215912,,0.26103609800338745,,0.1037377268075943,,0.03481541574001312,0.06008963659405708,,,,,,,,,,,,,,
12,,25869,,,,,,,,,,2.60770320892334e-06,,2.423767000436783e-06,,0.19583511352539062,,0.26347291469573975,,0.1174432709813118,,0.040497079491615295,0.06705503910779953,,,,,,,,,,,,,,
12,,25879,,,,,,,,,,4.772096872329712e-06,,3.3904798328876495e-06,,0.19030900299549103,,0.2701568603515625,,0.12712903320789337,,0.04469016194343567,0.07226575911045074,,,,,,,,,,,,,,
12,,25889,,,,,,,,,,8.5439532995224e-06,,3.029126673936844e-06,,0.21596050262451172,,0.26710769534111023,,0.11721649765968323,,0.04622242599725723,0.0717138946056366,,,,,,,,,,,,,,
12,,25899,,,,,,,,,,1.8589198589324951e-06,,3.2992102205753326e-06,,0.19231878221035004,,0.2500835359096527,,0.10198336094617844,,0.033942535519599915,0.058569494634866714,,,,,,,,,,,,,,
12,,25909,,,,,,,,,,2.2388994693756104e-06,,2.20397487282753e-06,,0.2275693118572235,,0.25925588607788086,,0.09286261349916458,,0.031596820801496506,0.05594246834516525,,,,,,,,,,,,,,
12,,25919,,,,,,,,,,2.8368085622787476e-06,,2.932269126176834e-06,,0.21392446756362915,,0.2649313807487488,,0.1208699494600296,,0.04757516831159592,0.0732879787683487,,,,,,,,,,,,,,
12,,25929,,,,,,,,,,2.5331974029541016e-06,,2.3315660655498505e-06,,0.2340947389602661,,0.25787612795829773,,0.10793627053499222,,0.038294170051813126,0.06380550563335419,,,,,,,,,,,,,,
12,,25939,,,,,,,,,,2.942979335784912e-06,,3.6903657019138336e-06,,0.21807801723480225,,0.270469605922699,,0.11361107230186462,,0.0393020398914814,0.06602860242128372,,,,,,,,,,,,,,
12,,25949,,,,,,,,,,2.512708306312561e-06,,2.3529864847660065e-06,,0.2056085467338562,,0.24514374136924744,,0.09907982498407364,,0.03533800318837166,0.05899596959352493,,,,,,,,,,,,,,
12,,25959,,,,,,,,,,4.839152097702026e-06,,4.123430699110031e-06,,0.2346239537000656,,0.26151856780052185,,0.1083240807056427,,0.04123628884553909,0.06626235693693161,,,,,,,,,,,,,,
12,,25969,,,,,,,,,,2.993270754814148e-06,,4.431232810020447e-06,,0.22482740879058838,,0.2549869418144226,,0.11821877956390381,,0.0442301407456398,0.06994292885065079,,,,,,,,,,,,,,
12,,25979,,,,,,,,,,2.983957529067993e-06,,3.28943133354187e-06,,0.213356614112854,,0.2679036855697632,,0.10784001648426056,,0.03683821111917496,0.06292229890823364,,,,,,,,,,,,,,
12,,25989,,,,,,,,,,3.5855919122695923e-06,,3.648456186056137e-06,,0.20904545485973358,,0.2712516784667969,,0.10871151089668274,,0.04394592344760895,0.06852427124977112,,,,,,,,,,,,,,
12,,25999,,,,,,,,,,3.5353004932403564e-06,,4.251021891832352e-06,,0.2195562720298767,,0.25714918971061707,,0.12053196132183075,,0.04622148722410202,0.07191022485494614,,,,,,,,,,,,,,
12,,26009,,,,,,,,,,4.036352038383484e-06,,2.7026981115341187e-06,,0.2062833607196808,,0.25952231884002686,,0.10517008602619171,,0.040041517466306686,0.0643487423658371,,,,,,,,,,,,,,
12,,26019,,,,,,,,,,2.333894371986389e-06,,3.948807716369629e-06,,0.18991008400917053,,0.2671988010406494,,0.10199156403541565,,0.038390837609767914,0.06268231570720673,,,,,,,,,,,,,,
12,,26029,,,,,,,,,,3.5241246223449707e-06,,4.33996319770813e-06,,0.22516748309135437,,0.2581390142440796,,0.09626303613185883,,0.03335224464535713,0.057816579937934875,,,,,,,,,,,,,,
12,,26039,,,,,,,,,,1.3569369912147522e-05,,3.6852434277534485e-06,,0.16398879885673523,,0.26362261176109314,,0.12060751020908356,,0.0403643399477005,0.06718263775110245,,,,,,,,,,,,,,
12,,26049,,,,,,,,,,3.919005393981934e-06,,6.38933852314949e-06,,0.19825631380081177,,0.2565314769744873,,0.10661967098712921,,0.03575858101248741,0.06117331236600876,,,,,,,,,,,,,,
12,,26059,,,,,,,,,,3.974884748458862e-06,,3.1548552215099335e-06,,0.1975017935037613,,0.24867814779281616,,0.11137677729129791,,0.04518990218639374,0.06876363605260849,,,,,,,,,,,,,,
12,,26069,,,,,,,,,,3.473833203315735e-06,,2.3939646780490875e-06,,0.17547771334648132,,0.2581285834312439,,0.10490554571151733,,0.03115653060376644,0.05720732361078262,,,,,,,,,,,,,,
12,,26079,,,,,,,,,,2.2333115339279175e-06,,3.144610673189163e-06,,0.19503642618656158,,0.26433804631233215,,0.1087704449892044,,0.03364726901054382,0.060321081429719925,,,,,,,,,,,,,,
12,,26089,,,,,,,,,,4.08664345741272e-06,,3.2205134630203247e-06,,0.2551273703575134,,0.25426366925239563,,0.1084551215171814,,0.033254705369472504,0.06019945815205574,,,,,,,,,,,,,,
12,,26099,,,,,,,,,,4.032626748085022e-06,,3.570225089788437e-06,,0.2332458645105362,,0.2508716583251953,,0.11726977676153183,,0.04004143923521042,0.06652837991714478,,,,,,,,,,,,,,
12,,26109,,,,,,,,,,4.375353455543518e-06,,3.5497359931468964e-06,,0.1770821213722229,,0.26376911997795105,,0.12621444463729858,,0.04111851751804352,0.06896030157804489,,,,,,,,,,,,,,
12,,26119,,,,,,,,,,3.17208468914032e-06,,3.3471733331680298e-06,,0.18076518177986145,,0.27098339796066284,,0.12782809138298035,,0.04946130886673927,0.07590298354625702,,,,,,,,,,,,,,
12,,26129,,,,,,,,,,2.9318034648895264e-06,,4.198867827653885e-06,,0.21225862205028534,,0.27283430099487305,,0.10585959255695343,,0.03803259879350662,0.06366519629955292,,,,,,,,,,,,,,
12,,26139,,,,,,,,,,3.0677765607833862e-06,,3.4761615097522736e-06,,0.22972041368484497,,0.2550462484359741,,0.09969890117645264,,0.03471386805176735,0.05939078703522682,,,,,,,,,,,,,,
12,,26149,,,,,,,,,,3.6656856536865234e-06,,4.124362021684647e-06,,0.17914414405822754,,0.26515188813209534,,0.10235673189163208,,0.03466680645942688,0.059734929352998734,,,,,,,,,,,,,,
12,,26159,,,,,,,,,,4.973262548446655e-06,,2.813059836626053e-06,,0.21169152855873108,,0.2676019072532654,,0.11296211928129196,,0.04162732884287834,0.06744197010993958,,,,,,,,,,,,,,
12,,26169,,,,,,,,,,2.5238841772079468e-06,,3.6796554923057556e-06,,0.21762557327747345,,0.2511623501777649,,0.10846506059169769,,0.038017287850379944,0.06318914145231247,,,,,,,,,,,,,,
12,,26179,,,,,,,,,,2.5033950805664062e-06,,4.164408892393112e-06,,0.21815042197704315,,0.2608485519886017,,0.09513652324676514,,0.029575668275356293,0.054816972464323044,,,,,,,,,,,,,,
12,,26189,,,,,,,,,,8.109956979751587e-06,,3.769993782043457e-06,,0.19778761267662048,,0.2856455147266388,,0.10654045641422272,,0.04048436880111694,0.06606321036815643,,,,,,,,,,,,,,
12,,26199,,,,,,,,,,3.4403055906295776e-06,,5.7853758335113525e-06,,0.18862205743789673,,0.26884323358535767,,0.12679892778396606,,0.05058134347200394,0.0765419527888298,,,,,,,,,,,,,,
12,,26209,,,,,,,,,,3.345310688018799e-06,,2.8833746910095215e-06,,0.21348078548908234,,0.2702277898788452,,0.11449699103832245,,0.04089982807636261,0.06732816249132156,,,,,,,,,,,,,,
12,,26219,,,,,,,,,,2.7418136596679688e-06,,4.4871121644973755e-06,,0.1937192976474762,,0.2568834722042084,,0.10565356910228729,,0.03920954838395119,0.06354429572820663,,,,,,,,,,,,,,
12,,26229,,,,,,,,,,3.0174851417541504e-06,,2.8461217880249023e-06,,0.23078078031539917,,0.26181215047836304,,0.11166812479496002,,0.038762301206588745,0.06500228494405746,,,,,,,,,,,,,,
12,,26239,,,,,,,,,,2.6188790798187256e-06,,3.1222589313983917e-06,,0.20246019959449768,,0.2803407311439514,,0.12671366333961487,,0.04627428203821182,0.0739961490035057,,,,,,,,,,,,,,
12,,26246,,,,,,,,,,,,,,,,,,,,,,0.9788624048233032,1.0,1.0,0.9489991068840027,0.908257782459259,0.9636405110359192,0.9874444603919983,0.06519044935703278,1.1920928955078125e-07,2.384185791015625e-07,0.20969779789447784,0.2600155174732208,0.11249443143606186,0.03924831002950668
12,,26246,0.9785170555114746,1.0,1.0,0.948940634727478,0.9082631468772888,0.9633703231811523,0.987054705619812,0.06441912800073624,3.707823907461716e-06,,3.0709095426573185e-06,,0.2103777378797531,,0.2611323893070221,,0.10918699204921722,,0.038966428488492966,,,,,,,,,,,,,,,,
,8.190142503906799e-05,26247,,,,,,,,,,,,,,,,,,,,,,,,,,,,,,,,,,,
13,,26249,,,,,,,,,,3.073364496231079e-06,,4.364177584648132e-06,,0.1667899191379547,,0.2736116945743561,,0.1145763024687767,,0.03681996464729309,0.06389375776052475,,,,,,,,,,,,,,
13,,26259,,,,,,,,,,3.4496188163757324e-06,,3.991648554801941e-06,,0.21139054000377655,,0.26766252517700195,,0.10680894553661346,,0.03712529316544533,0.06290993094444275,,,,,,,,,,,,,,
13,,26269,,,,,,,,,,2.6170164346694946e-06,,5.617272108793259e-06,,0.21519231796264648,,0.270342618227005,,0.11233800649642944,,0.04470110312104225,0.06980036199092865,,,,,,,,,,,,,,
13,,26279,,,,,,,,,,5.3122639656066895e-06,,4.958827048540115e-06,,0.21293124556541443,,0.2610647976398468,,0.1297203004360199,,0.047796450555324554,0.0749209076166153,,,,,,,,,,,,,,
13,,26289,,,,,,,,,,2.173706889152527e-06,,3.8174912333488464e-06,,0.21252164244651794,,0.253584623336792,,0.11780790984630585,,0.04131198301911354,0.06746672093868256,,,,,,,,,,,,,,
13,,26299,,,,,,,,,,4.362314939498901e-06,,5.433801561594009e-06,,0.17038798332214355,,0.2830139398574829,,0.13063757121562958,,0.044413164258003235,0.07308530062437057,,,,,,,,,,,,,,
13,,26309,,,,,,,,,,2.3692846298217773e-06,,3.2838433980941772e-06,,0.21324743330478668,,0.2682962417602539,,0.10325264930725098,,0.04100741446018219,0.06520674377679825,,,,,,,,,,,,,,
13,,26319,,,,,,,,,,5.757436156272888e-06,,4.671979695558548e-06,,0.20062625408172607,,0.27027618885040283,,0.09833307564258575,,0.03333543241024017,0.058473601937294006,,,,,,,,,,,,,,
13,,26329,,,,,,,,,,3.2298266887664795e-06,,3.2172538340091705e-06,,0.20810875296592712,,0.269233375787735,,0.09753149002790451,,0.03616216406226158,0.06048264354467392,,,,,,,,,,,,,,
13,,26339,,,,,,,,,,2.127140760421753e-06,,6.1462633311748505e-06,,0.2190733700990677,,0.2568092346191406,,0.10716153681278229,,0.043256163597106934,0.06715652346611023,,,,,,,,,,,,,,
13,,26349,,,,,,,,,,3.6172568798065186e-06,,5.530659109354019e-06,,0.21989411115646362,,0.25919002294540405,,0.10152073204517365,,0.035022176802158356,0.060042865574359894,,,,,,,,,,,,,,
13,,26359,,,,,,,,,,3.0938535928726196e-06,,3.3364631235599518e-06,,0.23185420036315918,,0.256685733795166,,0.09397359192371368,,0.03564031794667244,0.05911391228437424,,,,,,,,,,,,,,
13,,26369,,,,,,,,,,4.41819429397583e-06,,3.0598603188991547e-06,,0.1822022795677185,,0.2783620357513428,,0.10616928339004517,,0.03798424452543259,0.06359386444091797,,,,,,,,,,,,,,
13,,26379,,,,,,,,,,4.814937710762024e-06,,4.091300070285797e-06,,0.19316239655017853,,0.2522738575935364,,0.10230380296707153,,0.037495341151952744,0.06140743941068649,,,,,,,,,,,,,,
13,,26389,,,,,,,,,,3.7606805562973022e-06,,4.012603312730789e-06,,0.2173691987991333,,0.2580838203430176,,0.11264270544052124,,0.03919222950935364,0.06517558544874191,,,,,,,,,,,,,,
13,,26399,,,,,,,,,,1.994892954826355e-06,,4.874076694250107e-06,,0.15736037492752075,,0.2744743824005127,,0.10359061509370804,,0.03721773996949196,0.062061768025159836,,,,,,,,,,,,,,
13,,26409,,,,,,,,,,2.04332172870636e-06,,3.2689422369003296e-06,,0.2128625214099884,,0.26233357191085815,,0.10206341743469238,,0.03965821862220764,0.06368748098611832,,,,,,,,,,,,,,
13,,26419,,,,,,,,,,1.8998980522155762e-06,,3.866385668516159e-06,,0.1992473155260086,,0.2655889391899109,,0.10300162434577942,,0.03556017205119133,0.06078219786286354,,,,,,,,,,,,,,
13,,26429,,,,,,,,,,2.4102628231048584e-06,,3.7811696529388428e-06,,0.1792595386505127,,0.26742246747016907,,0.12038929760456085,,0.040345724672079086,0.06748490035533905,,,,,,,,,,,,,,
13,,26439,,,,,,,,,,2.6132911443710327e-06,,3.1739473342895508e-06,,0.21383243799209595,,0.2691463828086853,,0.11439011245965958,,0.03942224383354187,0.06615307927131653,,,,,,,,,,,,,,
13,,26449,,,,,,,,,,2.687796950340271e-06,,3.0370429158210754e-06,,0.18221810460090637,,0.2669832110404968,,0.10107672214508057,,0.03459429740905762,0.05956236645579338,,,,,,,,,,,,,,
13,,26459,,,,,,,,,,2.6244670152664185e-06,,5.338806658983231e-06,,0.1773417592048645,,0.2733931243419647,,0.11298107355833054,,0.03917107731103897,0.06547179073095322,,,,,,,,,,,,,,
13,,26469,,,,,,,,,,2.305954694747925e-06,,3.028661012649536e-06,,0.2021685391664505,,0.26895466446876526,,0.10119502246379852,,0.03955951705574989,0.06363566964864731,,,,,,,,,,,,,,
13,,26479,,,,,,,,,,2.6561319828033447e-06,,2.520158886909485e-06,,0.2268616110086441,,0.24755631387233734,,0.10129918903112411,,0.03669451177120209,0.060792066156864166,,,,,,,,,,,,,,
13,,26489,,,,,,,,,,2.7995556592941284e-06,,2.770218998193741e-06,,0.19433829188346863,,0.26407891511917114,,0.10596488416194916,,0.03779813274741173,0.0628884807229042,,,,,,,,,,,,,,
13,,26499,,,,,,,,,,2.5313347578048706e-06,,3.1832605600357056e-06,,0.21906310319900513,,0.25193870067596436,,0.09949915111064911,,0.033828023821115494,0.058418158441782,,,,,,,,,,,,,,
13,,26509,,,,,,,,,,2.6132911443710327e-06,,2.3725442588329315e-06,,0.22850872576236725,,0.25064319372177124,,0.10685262829065323,,0.043302424252033234,0.06695477664470673,,,,,,,,,,,,,,
13,,26519,,,,,,,,,,4.14624810218811e-06,,2.993270754814148e-06,,0.24059796333312988,,0.24065053462982178,,0.10864036530256271,,0.04244830831885338,0.06632249802350998,,,,,,,,,,,,,,
13,,26529,,,,,,,,,,2.773478627204895e-06,,3.6908313632011414e-06,,0.21714378893375397,,0.25373828411102295,,0.11886730790138245,,0.046675216406583786,0.0717502012848854,,,,,,,,,,,,,,
13,,26539,,,,,,,,,,3.827735781669617e-06,,2.522021532058716e-06,,0.18348106741905212,,0.26453259587287903,,0.11265385895967484,,0.041235968470573425,0.0666159838438034,,,,,,,,,,,,,,
13,,26549,,,,,,,,,,3.6153942346572876e-06,,2.9187649488449097e-06,,0.19637909531593323,,0.2677484154701233,,0.11633488535881042,,0.04075908660888672,0.067250557243824,,,,,,,,,,,,,,
13,,26559,,,,,,,,,,2.598389983177185e-06,,7.546041160821915e-06,,0.20894601941108704,,0.2722049653530121,,0.10102665424346924,,0.03533977270126343,0.06067035347223282,,,,,,,,,,,,,,
13,,26569,,,,,,,,,,4.304572939872742e-06,,3.1259842216968536e-06,,0.2231834977865219,,0.2524968683719635,,0.11260837316513062,,0.03557250648736954,0.06225988641381264,,,,,,,,,,,,,,
13,,26579,,,,,,,,,,3.427267074584961e-06,,3.6526471376419067e-06,,0.17486748099327087,,0.2579827606678009,,0.11111825704574585,,0.037911612540483475,0.06342604756355286,,,,,,,,,,,,,,
13,,26589,,,,,,,,,,2.030283212661743e-06,,2.755317836999893e-06,,0.15704834461212158,,0.28282874822616577,,0.11007457971572876,,0.03806691616773605,0.06430288404226303,,,,,,,,,,,,,,
13,,26599,,,,,,,,,,2.7921050786972046e-06,,3.101769834756851e-06,,0.2264133095741272,,0.25244978070259094,,0.10489778965711594,,0.03576330840587616,0.06099258363246918,,,,,,,,,,,,,,
13,,26609,,,,,,,,,,2.562999725341797e-06,,2.257060259580612e-06,,0.261711061000824,,0.2598998546600342,,0.10231402516365051,,0.039807818830013275,0.06430518627166748,,,,,,,,,,,,,,
13,,26619,,,,,,,,,,2.3543834686279297e-06,,3.4337863326072693e-06,,0.23020103573799133,,0.273070365190506,,0.11056427657604218,,0.039676014333963394,0.0660017803311348,,,,,,,,,,,,,,
13,,26629,,,,,,,,,,2.9802322387695312e-06,,2.837739884853363e-06,,0.2004602551460266,,0.2543676495552063,,0.093649722635746,,0.03624111786484718,0.05902721360325813,,,,,,,,,,,,,,
13,,26639,,,,,,,,,,2.7995556592941284e-06,,2.4707987904548645e-06,,0.22136716544628143,,0.26916760206222534,,0.11055554449558258,,0.040526896715164185,0.06635192036628723,,,,,,,,,,,,,,
13,,26649,,,,,,,,,,2.72504985332489e-06,,3.0300579965114594e-06,,0.21062156558036804,,0.25498121976852417,,0.10798262804746628,,0.04492335766553879,0.06837643682956696,,,,,,,,,,,,,,
13,,26659,,,,,,,,,,3.904104232788086e-06,,4.654284566640854e-06,,0.23704317212104797,,0.24138687551021576,,0.09505186975002289,,0.03534053638577461,0.05843476951122284,,,,,,,,,,,,,,
13,,26669,,,,,,,,,,3.1348317861557007e-06,,2.021435648202896e-06,,0.22459635138511658,,0.2645305395126343,,0.11996830254793167,,0.03641027957201004,0.06484946608543396,,,,,,,,,,,,,,
13,,26679,,,,,,,,,,2.810731530189514e-06,,3.050547093153e-06,,0.18888376653194427,,0.2659301161766052,,0.10701519250869751,,0.03845115751028061,0.06359820812940598,,,,,,,,,,,,,,
13,,26689,,,,,,,,,,2.78279185295105e-06,,3.241468220949173e-06,,0.20525199174880981,,0.2651311755180359,,0.11971988528966904,,0.042042918503284454,0.06882980465888977,,,,,,,,,,,,,,
13,,26699,,,,,,,,,,2.7585774660110474e-06,,2.0759180188179016e-06,,0.15117383003234863,,0.2996619939804077,,0.11498662829399109,,0.03845628350973129,0.06623660773038864,,,,,,,,,,,,,,
13,,26709,,,,,,,,,,2.5443732738494873e-06,,2.4172477424144745e-06,,0.23597201704978943,,0.2496517300605774,,0.10273247212171555,,0.043991800397634506,0.06674021482467651,,,,,,,,,,,,,,
13,,26719,,,,,,,,,,2.8889626264572144e-06,,2.2747553884983063e-06,,0.15565791726112366,,0.28394272923469543,,0.12681585550308228,,0.05132657662034035,0.0774257481098175,,,,,,,,,,,,,,
13,,26729,,,,,,,,,,4.59328293800354e-06,,3.391411155462265e-06,,0.2181852161884308,,0.24456265568733215,,0.10890672355890274,,0.03688178211450577,0.062117256224155426,,,,,,,,,,,,,,
13,,26739,,,,,,,,,,3.1497329473495483e-06,,2.810731530189514e-06,,0.2044927030801773,,0.2772291898727417,,0.1120845228433609,,0.041108742356300354,0.06725535541772842,,,,,,,,,,,,,,
13,,26749,,,,,,,,,,2.7157366275787354e-06,,2.9117800295352936e-06,,0.24365395307540894,,0.2487589567899704,,0.10184425115585327,,0.03364739567041397,0.0588616244494915,,,,,,,,,,,,,,
13,,26759,,,,,,,,,,3.6507844924926758e-06,,2.852175384759903e-06,,0.1843513548374176,,0.26382261514663696,,0.10865193605422974,,0.03473635017871857,0.06096644699573517,,,,,,,,,,,,,,
13,,26769,,,,,,,,,,2.4996697902679443e-06,,3.2242387533187866e-06,,0.24802611768245697,,0.24194583296775818,,0.09632755815982819,,0.031171269714832306,0.05570124834775925,,,,,,,,,,,,,,
13,,26779,,,,,,,,,,3.1776726245880127e-06,,3.1744129955768585e-06,,0.17138472199440002,,0.2690105438232422,,0.1070282906293869,,0.03822803124785423,0.06337259709835052,,,,,,,,,,,,,,
13,,26789,,,,,,,,,,1.8738210201263428e-06,,4.939734935760498e-06,,0.1724899709224701,,0.2527986764907837,,0.11122273653745651,,0.032856255769729614,0.05938227102160454,,,,,,,,,,,,,,
13,,26799,,,,,,,,,,4.5709311962127686e-06,,2.586282789707184e-06,,0.2122921347618103,,0.24651600420475006,,0.1033831238746643,,0.03625192493200302,0.06063133105635643,,,,,,,,,,,,,,
13,,26809,,,,,,,,,,3.2410025596618652e-06,,2.2328458726406097e-06,,0.19311001896858215,,0.2579876780509949,,0.09719668328762054,,0.034774862229824066,0.058676041662693024,,,,,,,,,,,,,,
13,,26819,,,,,,,,,,2.3581087589263916e-06,,4.312954843044281e-06,,0.2069060355424881,,0.27740728855133057,,0.1061599999666214,,0.03627902269363403,0.06255770474672318,,,,,,,,,,,,,,
13,,26829,,,,,,,,,,2.0042061805725098e-06,,2.1867454051971436e-06,,0.21980130672454834,,0.24279427528381348,,0.10444597899913788,,0.03606652840971947,0.06060510501265526,,,,,,,,,,,,,,
13,,26839,,,,,,,,,,5.297362804412842e-06,,2.6240013539791107e-06,,0.17987798154354095,,0.2584591507911682,,0.08698105812072754,,0.034486155956983566,0.056410569697618484,,,,,,,,,,,,,,
13,,26849,,,,,,,,,,2.775341272354126e-06,,2.928543835878372e-06,,0.19454726576805115,,0.25912249088287354,,0.11733023822307587,,0.045637067407369614,0.0706707015633583,,,,,,,,,,,,,,
13,,26859,,,,,,,,,,3.1031668186187744e-06,,2.453569322824478e-06,,0.2064753770828247,,0.25629347562789917,,0.11946329474449158,,0.04585506394505501,0.07124146074056625,,,,,,,,,,,,,,
13,,26869,,,,,,,,,,3.4514814615249634e-06,,3.591179847717285e-06,,0.20127344131469727,,0.2568129301071167,,0.11286604404449463,,0.042361170053482056,0.06734649091959,,,,,,,,,,,,,,
13,,26879,,,,,,,,,,4.058703780174255e-06,,7.045455276966095e-06,,0.20840105414390564,,0.25418102741241455,,0.09953004866838455,,0.03364604711532593,0.05826760455965996,,,,,,,,,,,,,,
13,,26889,,,,,,,,,,4.20399010181427e-06,,2.8172507882118225e-06,,0.20978420972824097,,0.2650339901447296,,0.11327993869781494,,0.045888498425483704,0.07055547833442688,,,,,,,,,,,,,,
13,,26899,,,,,,,,,,4.438683390617371e-06,,2.988148480653763e-06,,0.26644566655158997,,0.2555914521217346,,0.10721287131309509,,0.03858193755149841,0.06415780633687973,,,,,,,,,,,,,,
13,,26909,,,,,,,,,,2.6319175958633423e-06,,2.695247530937195e-06,,0.1890237033367157,,0.26178720593452454,,0.10636924207210541,,0.03774217888712883,0.06275258958339691,,,,,,,,,,,,,,
13,,26919,,,,,,,,,,3.039836883544922e-06,,2.377200871706009e-06,,0.21993421018123627,,0.26448866724967957,,0.10106837749481201,,0.04201886057853699,0.06545571982860565,,,,,,,,,,,,,,
13,,26929,,,,,,,,,,3.8035213947296143e-06,,2.485699951648712e-06,,0.20528128743171692,,0.2540923058986664,,0.12039940804243088,,0.04588206857442856,0.071320079267025,,,,,,,,,,,,,,
13,,26939,,,,,,,,,,3.3229589462280273e-06,,8.263159543275833e-06,,0.2032032459974289,,0.2561495900154114,,0.10205643624067307,,0.03966011106967926,0.06328444182872772,,,,,,,,,,,,,,
13,,26949,,,,,,,,,,5.131587386131287e-06,,5.999580025672913e-06,,0.2333259880542755,,0.24367032945156097,,0.11079691350460052,,0.03326715901494026,0.05989576876163483,,,,,,,,,,,,,,
13,,26959,,,,,,,,,,5.912035703659058e-06,,3.6726705729961395e-06,,0.21404501795768738,,0.2446114867925644,,0.09826619923114777,,0.03519577533006668,0.05881062150001526,,,,,,,,,,,,,,
13,,26969,,,,,,,,,,3.945082426071167e-06,,3.159046173095703e-06,,0.21349477767944336,,0.24990472197532654,,0.11178542673587799,,0.041831906884908676,0.06656613945960999,,,,,,,,,,,,,,
13,,26979,,,,,,,,,,4.854053258895874e-06,,2.4354085326194763e-06,,0.19257786870002747,,0.28059425950050354,,0.11993088573217392,,0.041624441742897034,0.06913188844919205,,,,,,,,,,,,,,
13,,26989,,,,,,,,,,3.3993273973464966e-06,,3.107823431491852e-06,,0.20367224514484406,,0.2623802423477173,,0.08644835650920868,,0.029433174058794975,0.05298275500535965,,,,,,,,,,,,,,
13,,26999,,,,,,,,,,2.913177013397217e-06,,3.337860107421875e-06,,0.19212181866168976,,0.2655094563961029,,0.11673940718173981,,0.043028056621551514,0.06887369602918625,,,,,,,,,,,,,,
13,,27009,,,,,,,,,,1.8738210201263428e-06,,2.7315691113471985e-06,,0.23226743936538696,,0.250734806060791,,0.0936831384897232,,0.03230423480272293,0.056282591074705124,,,,,,,,,,,,,,
13,,27019,,,,,,,,,,2.2239983081817627e-06,,5.925074219703674e-06,,0.19571101665496826,,0.2687167525291443,,0.11729605495929718,,0.039447393268346786,0.06648439168930054,,,,,,,,,,,,,,
13,,27029,,,,,,,,,,2.4586915969848633e-06,,3.052409738302231e-06,,0.19442082941532135,,0.26347753405570984,,0.11121273040771484,,0.039259955286979675,0.06494209915399551,,,,,,,,,,,,,,
13,,27039,,,,,,,,,,4.947185516357422e-06,,2.800486981868744e-06,,0.18428359925746918,,0.25177061557769775,,0.10159656405448914,,0.03688053414225578,0.0606859028339386,,,,,,,,,,,,,,
13,,27049,,,,,,,,,,4.55416738986969e-06,,2.299901098012924e-06,,0.20550253987312317,,0.26259681582450867,,0.12011495232582092,,0.04526962339878082,0.07120862603187561,,,,,,,,,,,,,,
13,,27059,,,,,,,,,,6.8694353103637695e-06,,3.909226506948471e-06,,0.18288233876228333,,0.2582241892814636,,0.10553634166717529,,0.03450340777635574,0.05992768332362175,,,,,,,,,,,,,,
13,,27069,,,,,,,,,,4.217028617858887e-06,,3.084540367126465e-06,,0.20911309123039246,,0.2651882767677307,,0.11306435614824295,,0.04180247709155083,0.06744914501905441,,,,,,,,,,,,,,
13,,27079,,,,,,,,,,3.1907111406326294e-06,,3.245193511247635e-06,,0.21150103211402893,,0.24263449013233185,,0.11421805620193481,,0.03494868054986,0.06149443984031677,,,,,,,,,,,,,,
13,,27089,,,,,,,,,,3.7103891372680664e-06,,2.539250999689102e-06,,0.20286133885383606,,0.2593573331832886,,0.10310094803571701,,0.03956950828433037,0.06355874985456467,,,,,,,,,,,,,,
13,,27099,,,,,,,,,,3.1329691410064697e-06,,2.8400681912899017e-06,,0.19291526079177856,,0.2604227662086487,,0.10150351375341415,,0.03145509585738182,0.057105232030153275,,,,,,,,,,,,,,
13,,27109,,,,,,,,,,2.9318034648895264e-06,,2.210959792137146e-06,,0.20681080222129822,,0.26303598284721375,,0.1143232136964798,,0.03799982741475105,0.06470465660095215,,,,,,,,,,,,,,
13,,27119,,,,,,,,,,3.2410025596618652e-06,,2.7585774660110474e-06,,0.1617092788219452,,0.28931671380996704,,0.11705826222896576,,0.04183213412761688,0.0687960833311081,,,,,,,,,,,,,,
13,,27129,,,,,,,,,,3.1311064958572388e-06,,4.666857421398163e-06,,0.157395601272583,,0.28607791662216187,,0.11613960564136505,,0.043308451771736145,0.06952888518571854,,,,,,,,,,,,,,
13,,27139,,,,,,,,,,4.382804036140442e-06,,4.4871121644973755e-06,,0.2369057834148407,,0.2522483170032501,,0.10353078693151474,,0.031879644840955734,0.05793629214167595,,,,,,,,,,,,,,
13,,27149,,,,,,,,,,3.730878233909607e-06,,2.9257498681545258e-06,,0.22819747030735016,,0.2505464553833008,,0.122676320374012,,0.04857141524553299,0.07386697083711624,,,,,,,,,,,,,,
13,,27159,,,,,,,,,,3.9245933294296265e-06,,3.1813979148864746e-06,,0.21920426189899445,,0.26032012701034546,,0.11127831786870956,,0.040272943675518036,0.06585679203271866,,,,,,,,,,,,,,
13,,27169,,,,,,,,,,3.6098062992095947e-06,,3.3136457204818726e-06,,0.2071460783481598,,0.2585328221321106,,0.09609560668468475,,0.032282982021570206,0.05679026246070862,,,,,,,,,,,,,,
13,,27179,,,,,,,,,,3.4943222999572754e-06,,2.0498409867286682e-06,,0.2136058509349823,,0.2459196150302887,,0.10709874331951141,,0.03379833698272705,0.059474971145391464,,,,,,,,,,,,,,
13,,27189,,,,,,,,,,2.7995556592941284e-06,,2.0721927285194397e-06,,0.1984935998916626,,0.25000903010368347,,0.1132354661822319,,0.037048716098070145,0.0630788654088974,,,,,,,,,,,,,,
13,,27199,,,,,,,,,,2.3189932107925415e-06,,2.023298293352127e-06,,0.21782559156417847,,0.2647188901901245,,0.1281840205192566,,0.05311806499958038,0.07885365933179855,,,,,,,,,,,,,,
13,,27209,,,,,,,,,,2.734363079071045e-06,,3.3117830753326416e-06,,0.24220183491706848,,0.25216424465179443,,0.10906331986188889,,0.039874374866485596,0.06502954661846161,,,,,,,,,,,,,,
13,,27219,,,,,,,,,,2.9671937227249146e-06,,3.248453140258789e-06,,0.21211418509483337,,0.2733437418937683,,0.10965463519096375,,0.03531774505972862,0.062362492084503174,,,,,,,,,,,,,,
13,,27229,,,,,,,,,,3.0007213354110718e-06,,2.2207386791706085e-06,,0.23008480668067932,,0.25629687309265137,,0.11104118078947067,,0.03773070126771927,0.06384406238794327,,,,,,,,,,,,,,
13,,27239,,,,,,,,,,2.6673078536987305e-06,,2.5941990315914154e-06,,0.2135985791683197,,0.26540407538414,,0.10425049066543579,,0.03604423999786377,0.06153910607099533,,,,,,,,,,,,,,
13,,27249,,,,,,,,,,3.863126039505005e-06,,3.2028183341026306e-06,,0.21233391761779785,,0.26021265983581543,,0.10768218338489532,,0.036809854209423065,0.062498826533555984,,,,,,,,,,,,,,
13,,27259,,,,,,,,,,4.118308424949646e-06,,2.33575701713562e-06,,0.17572586238384247,,0.27630919218063354,,0.12176573276519775,,0.043859705328941345,0.07075441628694534,,,,,,,,,,,,,,
13,,27269,,,,,,,,,,4.343688488006592e-06,,2.9802322387695312e-06,,0.19564884901046753,,0.2611895501613617,,0.10271929204463959,,0.04032125324010849,0.06405247747898102,,,,,,,,,,,,,,
13,,27279,,,,,,,,,,2.3730099201202393e-06,,3.1767413020133972e-06,,0.2370532751083374,,0.24330511689186096,,0.10719507187604904,,0.03661232441663742,0.061756305396556854,,,,,,,,,,,,,,
13,,27289,,,,,,,,,,4.1816383600234985e-06,,2.9383227229118347e-06,,0.2182198315858841,,0.25003111362457275,,0.09489558637142181,,0.03254888579249382,0.05649586394429207,,,,,,,,,,,,,,
13,,27299,,,,,,,,,,1.775100827217102e-06,,3.073364496231079e-06,,0.16042955219745636,,0.26888507604599,,0.11978280544281006,,0.040411900728940964,0.06726865470409393,,,,,,,,,,,,,,
13,,27309,,,,,,,,,,3.514811396598816e-06,,2.393033355474472e-06,,0.19815045595169067,,0.26660412549972534,,0.10958819091320038,,0.041004542261362076,0.06613648682832718,,,,,,,,,,,,,,
13,,27319,,,,,,,,,,3.3266842365264893e-06,,3.1888484954833984e-06,,0.16256503760814667,,0.26354965567588806,,0.11030586808919907,,0.039024751633405685,0.06422555446624756,,,,,,,,,,,,,,
13,,27329,,,,,,,,,,3.941357135772705e-06,,2.3799948394298553e-06,,0.19498661160469055,,0.2579711079597473,,0.10862524807453156,,0.03777942433953285,0.0630946159362793,,,,,,,,,,,,,,
13,,27339,,,,,,,,,,3.91155481338501e-06,,4.970934242010117e-06,,0.23010452091693878,,0.26952803134918213,,0.1168283075094223,,0.03809194639325142,0.06582101434469223,,,,,,,,,,,,,,
13,,27349,,,,,,,,,,5.763024091720581e-06,,5.341600626707077e-06,,0.22814100980758667,,0.26739728450775146,,0.1031326949596405,,0.0344327911734581,0.060384511947631836,,,,,,,,,,,,,,
13,,27359,,,,,,,,,,2.04332172870636e-06,,3.2153911888599396e-06,,0.20510752499103546,,0.2693369388580322,,0.12477052956819534,,0.04399826377630234,0.07143940031528473,,,,,,,,,,,,,,
13,,27369,,,,,,,,,,3.729015588760376e-06,,5.628447979688644e-06,,0.2025451958179474,,0.271984338760376,,0.11082543432712555,,0.04206279665231705,0.06746619939804077,,,,,,,,,,,,,,
13,,27379,,,,,,,,,,2.3134052753448486e-06,,9.719282388687134e-06,,0.2149590253829956,,0.2585117518901825,,0.1120358556509018,,0.04126827046275139,0.06661100685596466,,,,,,,,,,,,,,
13,,27389,,,,,,,,,,6.2640756368637085e-06,,4.573725163936615e-06,,0.18259939551353455,,0.2652999758720398,,0.11613321304321289,,0.03888864070177078,0.06553325057029724,,,,,,,,,,,,,,
13,,27399,,,,,,,,,,2.7008354663848877e-06,,6.618443876504898e-06,,0.1799779236316681,,0.26696836948394775,,0.12215788662433624,,0.038396358489990234,0.0663413479924202,,,,,,,,,,,,,,
13,,27409,,,,,,,,,,2.3748725652694702e-06,,4.430301487445831e-06,,0.21973896026611328,,0.25652870535850525,,0.10160727053880692,,0.03975231945514679,0.06348096579313278,,,,,,,,,,,,,,
13,,27419,,,,,,,,,,2.428889274597168e-06,,2.3744069039821625e-06,,0.20121827721595764,,0.27014854550361633,,0.10722623020410538,,0.03763622045516968,0.06336880475282669,,,,,,,,,,,,,,
13,,27429,,,,,,,,,,4.211440682411194e-06,,3.0458904802799225e-06,,0.22113725543022156,,0.2639669179916382,,0.12196683883666992,,0.04070790112018585,0.06838131695985794,,,,,,,,,,,,,,
13,,27439,,,,,,,,,,3.719702363014221e-06,,2.3264437913894653e-06,,0.2043536901473999,,0.26325681805610657,,0.13281241059303284,,0.04629608243703842,0.07437749207019806,,,,,,,,,,,,,,
13,,27449,,,,,,,,,,2.7045607566833496e-06,,4.845671355724335e-06,,0.20578601956367493,,0.25084614753723145,,0.10596354305744171,,0.03663097694516182,0.061526402831077576,,,,,,,,,,,,,,
13,,27459,,,,,,,,,,7.599592208862305e-06,,2.9155053198337555e-06,,0.2163032591342926,,0.2585781216621399,,0.09218603372573853,,0.033422328531742096,0.05702121928334236,,,,,,,,,,,,,,
13,,27469,,,,,,,,,,5.338340997695923e-06,,4.9979425966739655e-06,,0.1856759637594223,,0.26318249106407166,,0.12738770246505737,,0.040168821811676025,0.06854113191366196,,,,,,,,,,,,,,
13,,27479,,,,,,,,,,3.3713877201080322e-06,,2.3404136300086975e-06,,0.22476433217525482,,0.265500545501709,,0.11039247363805771,,0.039450179785490036,0.0653814896941185,,,,,,,,,,,,,,
13,,27489,,,,,,,,,,3.7830322980880737e-06,,2.734363079071045e-06,,0.22380703687667847,,0.264468252658844,,0.10898730903863907,,0.03767932951450348,0.06372987478971481,,,,,,,,,,,,,,
13,,27499,,,,,,,,,,2.6244670152664185e-06,,4.1727907955646515e-06,,0.21050237119197845,,0.2614271640777588,,0.11099056899547577,,0.0390942245721817,0.06486847996711731,,,,,,,,,,,,,,
13,,27509,,,,,,,,,,3.039836883544922e-06,,3.0230730772018433e-06,,0.191289484500885,,0.2701472043991089,,0.09520299732685089,,0.03487243875861168,0.0589241124689579,,,,,,,,,,,,,,
13,,27519,,,,,,,,,,3.0938535928726196e-06,,3.3401884138584137e-06,,0.2069968283176422,,0.2745934724807739,,0.1112682968378067,,0.04042111709713936,0.06649219989776611,,,,,,,,,,,,,,
13,,27529,,,,,,,,,,5.016103386878967e-06,,3.2046809792518616e-06,,0.20774078369140625,,0.24525898694992065,,0.11110271513462067,,0.040415987372398376,0.06509063392877579,,,,,,,,,,,,,,
13,,27539,,,,,,,,,,4.168599843978882e-06,,3.0314549803733826e-06,,0.2537408471107483,,0.24585647881031036,,0.10986015945672989,,0.037122659385204315,0.06295420229434967,,,,,,,,,,,,,,
13,,27549,,,,,,,,,,4.6510249376297e-06,,3.4924596548080444e-06,,0.21744129061698914,,0.2633814513683319,,0.10450474917888641,,0.03949875384569168,0.06412852555513382,,,,,,,,,,,,,,
13,,27559,,,,,,,,,,4.256144165992737e-06,,3.7690624594688416e-06,,0.21274107694625854,,0.2582941949367523,,0.10305338352918625,,0.036207810044288635,0.061093900352716446,,,,,,,,,,,,,,
13,,27569,,,,,,,,,,3.0566006898880005e-06,,4.230067133903503e-06,,0.19160422682762146,,0.2598673701286316,,0.11006142199039459,,0.036124419420957565,0.06217167526483536,,,,,,,,,,,,,,
13,,27579,,,,,,,,,,4.040077328681946e-06,,6.768852472305298e-06,,0.203019380569458,,0.2538270950317383,,0.11763670295476913,,0.045016124844551086,0.07011339068412781,,,,,,,,,,,,,,
13,,27589,,,,,,,,,,3.686174750328064e-06,,3.811437636613846e-06,,0.16475476324558258,,0.25812670588493347,,0.11183442175388336,,0.039644792675971985,0.06474877893924713,,,,,,,,,,,,,,
13,,27599,,,,,,,,,,4.062429070472717e-06,,3.593508154153824e-06,,0.1937655806541443,,0.2596036493778229,,0.11596517264842987,,0.048955582082271576,0.07291758805513382,,,,,,,,,,,,,,
13,,27609,,,,,,,,,,3.5800039768218994e-06,,5.26057556271553e-06,,0.25336089730262756,,0.2511224150657654,,0.10327644646167755,,0.035384416580200195,0.060657914727926254,,,,,,,,,,,,,,
13,,27619,,,,,,,,,,4.043802618980408e-06,,5.045905709266663e-06,,0.17976778745651245,,0.2539762854576111,,0.09801897406578064,,0.03380478546023369,0.057758063077926636,,,,,,,,,,,,,,
13,,27629,,,,,,,,,,7.094815373420715e-06,,2.939719706773758e-06,,0.23241940140724182,,0.2764362692832947,,0.12444481998682022,,0.04859914258122444,0.0754828155040741,,,,,,,,,,,,,,
13,,27639,,,,,,,,,,3.1851232051849365e-06,,3.7206336855888367e-06,,0.21409481763839722,,0.2719142436981201,,0.10131990909576416,,0.035431187599897385,0.06084065139293671,,,,,,,,,,,,,,
13,,27649,,,,,,,,,,3.337860107421875e-06,,3.863591700792313e-06,,0.2028036117553711,,0.28011536598205566,,0.10185396671295166,,0.03769812732934952,0.06289359927177429,,,,,,,,,,,,,,
13,,27659,,,,,,,,,,4.027038812637329e-06,,3.729015588760376e-06,,0.22954876720905304,,0.2706606984138489,,0.10918498039245605,,0.04297732561826706,0.06809905916452408,,,,,,,,,,,,,,
13,,27669,,,,,,,,,,3.3192336559295654e-06,,3.3457763493061066e-06,,0.19110393524169922,,0.26292169094085693,,0.09615388512611389,,0.03871743381023407,0.06164594367146492,,,,,,,,,,,,,,
13,,27679,,,,,,,,,,3.0528753995895386e-06,,3.3224932849407196e-06,,0.2139120101928711,,0.2646383047103882,,0.09823611378669739,,0.033656004816293716,0.05858729034662247,,,,,,,,,,,,,,
13,,27689,,,,,,,,,,3.766268491744995e-06,,2.2710300981998444e-06,,0.21387283504009247,,0.24698416888713837,,0.11023037135601044,,0.042873069643974304,0.06692305207252502,,,,,,,,,,,,,,
13,,27699,,,,,,,,,,3.7066638469696045e-06,,5.456618964672089e-06,,0.1991201490163803,,0.25137242674827576,,0.09708557277917862,,0.03054938092827797,0.05524560809135437,,,,,,,,,,,,,,
13,,27709,,,,,,,,,,6.860122084617615e-06,,6.303191184997559e-06,,0.21883782744407654,,0.2548501789569855,,0.11630584299564362,,0.04198165610432625,0.06782077997922897,,,,,,,,,,,,,,
13,,27719,,,,,,,,,,2.7995556592941284e-06,,3.93204391002655e-06,,0.22271370887756348,,0.2540169954299927,,0.11251534521579742,,0.040411271154880524,0.06593816727399826,,,,,,,,,,,,,,
13,,27729,,,,,,,,,,5.451962351799011e-06,,5.309004336595535e-06,,0.22468915581703186,,0.24606934189796448,,0.09197510778903961,,0.03083929605782032,0.05455572158098221,,,,,,,,,,,,,,
13,,27739,,,,,,,,,,3.894791007041931e-06,,3.302004188299179e-06,,0.1730896383523941,,0.289507120847702,,0.11731480807065964,,0.04203993082046509,0.0691424086689949,,,,,,,,,,,,,,
13,,27749,,,,,,,,,,5.85801899433136e-06,,3.4123659133911133e-06,,0.20803195238113403,,0.2570565342903137,,0.09556613862514496,,0.030776526778936386,0.05550200864672661,,,,,,,,,,,,,,
13,,27759,,,,,,,,,,1.1887401342391968e-05,,2.7096830308437347e-06,,0.2245105355978012,,0.256846159696579,,0.10380706191062927,,0.03332240879535675,0.059140730649232864,,,,,,,,,,,,,,
13,,27769,,,,,,,,,,4.319474101066589e-06,,5.564652383327484e-06,,0.17522181570529938,,0.2914658188819885,,0.09944180399179459,,0.033096037805080414,0.05919767916202545,,,,,,,,,,,,,,
13,,27779,,,,,,,,,,3.430992364883423e-06,,3.981869667768478e-06,,0.21767763793468475,,0.25760912895202637,,0.11222399771213531,,0.03666936606168747,0.06318580359220505,,,,,,,,,,,,,,
13,,27789,,,,,,,,,,4.004687070846558e-06,,4.747416824102402e-06,,0.23174776136875153,,0.2400851547718048,,0.09893693029880524,,0.03368687257170677,0.057799745351076126,,,,,,,,,,,,,,
13,,27799,,,,,,,,,,6.6570937633514404e-06,,4.061032086610794e-06,,0.22538581490516663,,0.254685640335083,,0.10538927465677261,,0.03632291406393051,0.06159736216068268,,,,,,,,,,,,,,
13,,27809,,,,,,,,,,4.187226295471191e-06,,5.566049367189407e-06,,0.2460055649280548,,0.2678261995315552,,0.09359166026115417,,0.030365925282239914,0.055773746222257614,,,,,,,,,,,,,,
13,,27819,,,,,,,,,,4.999339580535889e-06,,4.355795681476593e-06,,0.21097110211849213,,0.2641896605491638,,0.10665126144886017,,0.03760503605008125,0.06307251006364822,,,,,,,,,,,,,,
13,,27829,,,,,,,,,,3.9208680391311646e-06,,3.259163349866867e-06,,0.21293453872203827,,0.24975496530532837,,0.08968131244182587,,0.026971710845828056,0.05125914886593819,,,,,,,,,,,,,,
13,,27839,,,,,,,,,,4.144385457038879e-06,,3.905501216650009e-06,,0.18745899200439453,,0.272666871547699,,0.1197025328874588,,0.04370208457112312,0.07021599262952805,,,,,,,,,,,,,,
13,,27849,,,,,,,,,,2.3283064365386963e-06,,3.870110958814621e-06,,0.23093876242637634,,0.26709672808647156,,0.10526686906814575,,0.040139101445674896,0.06508424133062363,,,,,,,,,,,,,,
13,,27859,,,,,,,,,,3.127381205558777e-06,,4.7138892114162445e-06,,0.19898799061775208,,0.2712838649749756,,0.11594195663928986,,0.041385479271411896,0.06784312427043915,,,,,,,,,,,,,,
13,,27869,,,,,,,,,,4.542991518974304e-06,,2.5453045964241028e-06,,0.24632269144058228,,0.2519304156303406,,0.10207676887512207,,0.037896737456321716,0.062272995710372925,,,,,,,,,,,,,,
13,,27879,,,,,,,,,,5.1390379667282104e-06,,3.548804670572281e-06,,0.21967482566833496,,0.2629087567329407,,0.1123516634106636,,0.036213986575603485,0.06314001977443695,,,,,,,,,,,,,,
13,,27889,,,,,,,,,,3.632158041000366e-06,,3.593508154153824e-06,,0.21798865497112274,,0.25719335675239563,,0.11055324971675873,,0.03800997883081436,0.06386231631040573,,,,,,,,,,,,,,
13,,27899,,,,,,,,,,5.995854735374451e-06,,5.576293915510178e-06,,0.2106335163116455,,0.24962395429611206,,0.10939398407936096,,0.04316982999444008,0.06707463413476944,,,,,,,,,,,,,,
13,,27909,,,,,,,,,,4.624947905540466e-06,,6.234273314476013e-06,,0.21755990386009216,,0.27816033363342285,,0.09917442500591278,,0.0330403670668602,0.05897819623351097,,,,,,,,,,,,,,
13,,27919,,,,,,,,,,1.8870458006858826e-05,,4.0014274418354034e-06,,0.22844669222831726,,0.23868222534656525,,0.10118862986564636,,0.032104574143886566,0.05693056434392929,,,,,,,,,,,,,,
13,,27929,,,,,,,,,,6.413087248802185e-06,,3.2675452530384064e-06,,0.26566359400749207,,0.2423192858695984,,0.0956297367811203,,0.03841991350054741,0.06123243644833565,,,,,,,,,,,,,,
13,,27939,,,,,,,,,,9.298324584960938e-06,,5.3942203521728516e-06,,0.21687155961990356,,0.2702779769897461,,0.11132804304361343,,0.03551129996776581,0.06273356825113297,,,,,,,,,,,,,,
13,,27949,,,,,,,,,,3.959983587265015e-06,,3.6605633795261383e-06,,0.20229901373386383,,0.2659367322921753,,0.1102297306060791,,0.03722219541668892,0.06343670189380646,,,,,,,,,,,,,,
13,,27959,,,,,,,,,,1.84718519449234e-05,,2.443324774503708e-06,,0.2404959499835968,,0.24698925018310547,,0.1049371063709259,,0.0402107909321785,0.06424544006586075,,,,,,,,,,,,,,
13,,27969,,,,,,,,,,2.896413207054138e-06,,2.857297658920288e-06,,0.210749089717865,,0.2751603126525879,,0.10825332999229431,,0.039138343185186386,0.06503500789403915,,,,,,,,,,,,,,
13,,27979,,,,,,,,,,2.985820174217224e-06,,2.550426870584488e-06,,0.23943902552127838,,0.2602168321609497,,0.09606065601110458,,0.03329119086265564,0.057997528463602066,,,,,,,,,,,,,,
13,,27989,,,,,,,,,,3.3564865589141846e-06,,2.5024637579917908e-06,,0.25519734621047974,,0.2324284166097641,,0.09858101606369019,,0.03173447400331497,0.05618419870734215,,,,,,,,,,,,,,
13,,27999,,,,,,,,,,2.7883797883987427e-06,,6.4838677644729614e-06,,0.17217737436294556,,0.27958205342292786,,0.11223746091127396,,0.03959326446056366,0.06587868928909302,,,,,,,,,,,,,,
13,,28009,,,,,,,,,,2.4102628231048584e-06,,3.47895547747612e-06,,0.24584254622459412,,0.2541138827800751,,0.10750706493854523,,0.041748467832803726,0.06627767533063889,,,,,,,,,,,,,,
13,,28019,,,,,,,,,,4.019588232040405e-06,,5.539972335100174e-06,,0.25734835863113403,,0.26960477232933044,,0.1087673008441925,,0.04159346595406532,0.06725893169641495,,,,,,,,,,,,,,
13,,28029,,,,,,,,,,6.774440407752991e-06,,4.145316779613495e-06,,0.2113720178604126,,0.24662941694259644,,0.09362152218818665,,0.03105965070426464,0.05489996820688248,,,,,,,,,,,,,,
13,,28039,,,,,,,,,,2.8796494007110596e-06,,3.4119002521038055e-06,,0.20058950781822205,,0.24795199930667877,,0.09599465131759644,,0.0318894237279892,0.05590313300490379,,,,,,,,,,,,,,
13,,28049,,,,,,,,,,6.467103958129883e-06,,4.106201231479645e-06,,0.20756122469902039,,0.2594365179538727,,0.0889466255903244,,0.03526529297232628,0.057734016329050064,,,,,,,,,,,,,,
13,,28059,,,,,,,,,,4.6156346797943115e-06,,3.1902454793453217e-06,,0.19570624828338623,,0.2582763433456421,,0.1056237518787384,,0.03102976456284523,0.057490959763526917,,,,,,,,,,,,,,
13,,28069,,,,,,,,,,1.796521246433258e-05,,4.28222119808197e-06,,0.2193325310945511,,0.26892006397247314,,0.08427116274833679,,0.030869148671627045,0.054141879081726074,,,,,,,,,,,,,,
13,,28079,,,,,,,,,,3.3713877201080322e-06,,2.6174820959568024e-06,,0.21707674860954285,,0.26633280515670776,,0.11040669679641724,,0.04313305765390396,0.06809590011835098,,,,,,,,,,,,,,
13,,28089,,,,,,,,,,3.1832605600357056e-06,,3.984197974205017e-06,,0.18639618158340454,,0.2707594037055969,,0.15253058075904846,,0.05143776535987854,0.08207403868436813,,,,,,,,,,,,,,
13,,28099,,,,,,,,,,3.1087547540664673e-06,,5.3783878684043884e-06,,0.19880366325378418,,0.257878839969635,,0.12386731803417206,,0.03798184171319008,0.06614547967910767,,,,,,,,,,,,,,
13,,28109,,,,,,,,,,3.8780272006988525e-06,,3.2978132367134094e-06,,0.1980745792388916,,0.29410320520401,,0.11492204666137695,,0.04168619215488434,0.06893664598464966,,,,,,,,,,,,,,
13,,28119,,,,,,,,,,3.7066638469696045e-06,,4.002358764410019e-06,,0.19513660669326782,,0.2617673873901367,,0.10306988656520844,,0.03790004551410675,0.06232297047972679,,,,,,,,,,,,,,
13,,28129,,,,,,,,,,2.8777867555618286e-06,,1.3270415365695953e-05,,0.15715613961219788,,0.25815561413764954,,0.11450561136007309,,0.0381535105407238,0.064043328166008,,,,,,,,,,,,,,
13,,28139,,,,,,,,,,1.4001503586769104e-05,,2.9481016099452972e-06,,0.2210191786289215,,0.2533441483974457,,0.10661297291517258,,0.03663244843482971,0.06194498762488365,,,,,,,,,,,,,,
13,,28149,,,,,,,,,,2.730637788772583e-06,,2.47173011302948e-06,,0.247419536113739,,0.2395971417427063,,0.10561935603618622,,0.03712943568825722,0.061796363443136215,,,,,,,,,,,,,,
13,,28159,,,,,,,,,,5.898997187614441e-06,,4.960689693689346e-06,,0.22397682070732117,,0.26555854082107544,,0.12090757489204407,,0.04536917805671692,0.07178738713264465,,,,,,,,,,,,,,
13,,28169,,,,,,,,,,3.863126039505005e-06,,3.6088749766349792e-06,,0.23122739791870117,,0.2670843005180359,,0.10282281041145325,,0.04065517336130142,0.06501581519842148,,,,,,,,,,,,,,
13,,28179,,,,,,,,,,5.686655640602112e-06,,3.93204391002655e-06,,0.19029948115348816,,0.26840144395828247,,0.10995885729789734,,0.038399823009967804,0.06424424052238464,,,,,,,,,,,,,,
13,,28189,,,,,,,,,,4.166737198829651e-06,,5.065929144620895e-06,,0.19808195531368256,,0.2811497449874878,,0.11331895738840103,,0.038483019918203354,0.06562577933073044,,,,,,,,,,,,,,
13,,28199,,,,,,,,,,4.794448614120483e-06,,4.441011697053909e-06,,0.22630873322486877,,0.265969455242157,,0.11975683271884918,,0.04489104822278023,0.07125948369503021,,,,,,,,,,,,,,
13,,28209,,,,,,,,,,5.710870027542114e-06,,3.0850060284137726e-06,,0.2120874524116516,,0.27635273337364197,,0.10961462557315826,,0.04062352702021599,0.06647606194019318,,,,,,,,,,,,,,
13,,28219,,,,,,,,,,3.5278499126434326e-06,,3.058928996324539e-06,,0.2177787721157074,,0.26740559935569763,,0.12008346617221832,,0.0398356094956398,0.06749558448791504,,,,,,,,,,,,,,
13,,28229,,,,,,,,,,3.248453140258789e-06,,2.975109964609146e-06,,0.2428888976573944,,0.2597082555294037,,0.11608096957206726,,0.04330114275217056,0.06927814334630966,,,,,,,,,,,,,,
13,,28239,,,,,,,,,,2.292916178703308e-06,,2.5276094675064087e-06,,0.2216772437095642,,0.24511244893074036,,0.09996671229600906,,0.03387896344065666,0.05825463682413101,,,,,,,,,,,,,,
13,,28249,,,,,,,,,,3.5371631383895874e-06,,1.9674189388751984e-06,,0.16406132280826569,,0.2708701491355896,,0.1179719865322113,,0.03615051135420799,0.06386786699295044,,,,,,,,,,,,,,
13,,28259,,,,,,,,,,3.4142285585403442e-06,,2.214685082435608e-06,,0.17992816865444183,,0.26582595705986023,,0.10755658894777298,,0.04085578769445419,0.06539379805326462,,,,,,,,,,,,,,
13,,28265,,,,,,,,,,,,,,,,,,,,,,0.9789958000183105,1.0,1.0,0.9489991068840027,0.9083719849586487,0.9637172222137451,0.9875959157943726,0.06475050002336502,1.1920928955078125e-07,1.7881393432617188e-07,0.2103927582502365,0.25997844338417053,0.11253073066473007,0.0386442132294178
13,,28265,0.97871994972229,1.0,1.0,0.948940634727478,0.9083347320556641,0.9637125134468079,0.9872342944145203,0.06369633227586746,3.970724264945602e-06,,3.817617653112393e-06,,0.21032099425792694,,0.26084810495376587,,0.1079551950097084,,0.03832963481545448,,,,,,,,,,,,,,,,
,6.183221215612905e-05,28266,,,,,,,,,,,,,,,,,,,,,,,,,,,,,,,,,,,
14,,28269,,,,,,,,,,4.9658119678497314e-06,,2.641230821609497e-06,,0.18106751143932343,,0.2665785551071167,,0.11900793761014938,,0.0428495854139328,0.06908581405878067,,,,,,,,,,,,,,
14,,28279,,,,,,,,,,5.336478352546692e-06,,2.9793009161949158e-06,,0.22433041036128998,,0.2512396574020386,,0.09489347040653229,,0.03501627594232559,0.05847475677728653,,,,,,,,,,,,,,
14,,28289,,,,,,,,,,3.6992132663726807e-06,,3.915280103683472e-06,,0.19509342312812805,,0.27387678623199463,,0.10730183124542236,,0.0392426922917366,0.06469114869832993,,,,,,,,,,,,,,
14,,28299,,,,,,,,,,9.65408980846405e-06,,5.10411337018013e-06,,0.1896647810935974,,0.26483237743377686,,0.10367293655872345,,0.04165584594011307,0.06533318758010864,,,,,,,,,,,,,,
14,,28309,,,,,,,,,,4.464760422706604e-06,,6.151851266622543e-06,,0.21427017450332642,,0.2644199728965759,,0.10064397752285004,,0.03756286948919296,0.06196371465921402,,,,,,,,,,,,,,
14,,28319,,,,,,,,,,9.384006261825562e-06,,3.0328519642353058e-06,,0.22004270553588867,,0.2634214460849762,,0.11021547019481659,,0.04187527298927307,0.06701473891735077,,,,,,,,,,,,,,
14,,28329,,,,,,,,,,6.256625056266785e-06,,3.323890268802643e-06,,0.18671441078186035,,0.27779489755630493,,0.10537123680114746,,0.03348185122013092,0.06009288132190704,,,,,,,,,,,,,,
14,,28339,,,,,,,,,,5.161389708518982e-06,,3.5068951547145844e-06,,0.16238823533058167,,0.2912026047706604,,0.10418836772441864,,0.03748558834195137,0.06321807205677032,,,,,,,,,,,,,,
14,,28349,,,,,,,,,,6.973743438720703e-06,,2.994667738676071e-06,,0.20025065541267395,,0.259682834148407,,0.11762012541294098,,0.04342914745211601,0.06916185468435287,,,,,,,,,,,,,,
14,,28359,,,,,,,,,,7.834285497665405e-06,,4.780944436788559e-06,,0.20484404265880585,,0.26445862650871277,,0.10165251791477203,,0.03611714020371437,0.060959622263908386,,,,,,,,,,,,,,
14,,28369,,,,,,,,,,3.870576620101929e-06,,3.4319236874580383e-06,,0.20918315649032593,,0.2628265917301178,,0.11462815850973129,,0.04025407135486603,0.06647093594074249,,,,,,,,,,,,,,
14,,28379,,,,,,,,,,3.46451997756958e-06,,3.0710361897945404e-06,,0.23418870568275452,,0.2681771516799927,,0.11086682975292206,,0.034235164523124695,0.061794206500053406,,,,,,,,,,,,,,
14,,28389,,,,,,,,,,7.040798664093018e-06,,4.688277840614319e-06,,0.2512512505054474,,0.25416362285614014,,0.10490263253450394,,0.036378033459186554,0.061826154589653015,,,,,,,,,,,,,,
14,,28399,,,,,,,,,,3.246590495109558e-06,,2.662651240825653e-06,,0.2110535055398941,,0.2810041606426239,,0.1152852475643158,,0.03636101633310318,0.06454787403345108,,,,,,,,,,,,,,
14,,28409,,,,,,,,,,4.513189196586609e-06,,2.7157366275787354e-06,,0.2010928988456726,,0.2640150189399719,,0.12016953527927399,,0.04064955562353134,0.06776776909828186,,,,,,,,,,,,,,
14,,28419,,,,,,,,,,2.7436763048171997e-06,,3.2745301723480225e-06,,0.2590542733669281,,0.24580717086791992,,0.10305861383676529,,0.03538942337036133,0.060438331216573715,,,,,,,,,,,,,,
14,,28429,,,,,,,,,,4.328787326812744e-06,,3.838445991277695e-06,,0.1907942295074463,,0.25903254747390747,,0.10001462697982788,,0.03856194019317627,0.062067389488220215,,,,,,,,,,,,,,
14,,28439,,,,,,,,,,3.0975788831710815e-06,,3.6726705729961395e-06,,0.19295720756053925,,0.25673359632492065,,0.09806746244430542,,0.03630178049206734,0.059924233704805374,,,,,,,,,,,,,,
14,,28449,,,,,,,,,,3.689900040626526e-06,,3.8440339267253876e-06,,0.2208579182624817,,0.27647626399993896,,0.09336517006158829,,0.031050780788064003,0.056355830281972885,,,,,,,,,,,,,,
14,,28459,,,,,,,,,,8.316710591316223e-06,,4.047062247991562e-06,,0.2257126420736313,,0.26036518812179565,,0.11075694859027863,,0.035988278687000275,0.06262313574552536,,,,,,,,,,,,,,
14,,28469,,,,,,,,,,3.991648554801941e-06,,4.2836181819438934e-06,,0.21243512630462646,,0.2599530816078186,,0.09985899925231934,,0.035239916294813156,0.059842903167009354,,,,,,,,,,,,,,
14,,28479,,,,,,,,,,3.4384429454803467e-06,,3.329012542963028e-06,,0.21374276280403137,,0.2690197229385376,,0.09589432179927826,,0.03614945709705353,0.060222093015909195,,,,,,,,,,,,,,
14,,28489,,,,,,,,,,5.2694231271743774e-06,,2.6240013539791107e-06,,0.19127336144447327,,0.2636412978172302,,0.10063542425632477,,0.037581562995910645,0.061670057475566864,,,,,,,,,,,,,,
14,,28499,,,,,,,,,,4.725530743598938e-06,,4.63239848613739e-06,,0.22741366922855377,,0.2736116647720337,,0.11458861827850342,,0.03926908224821091,0.06644396483898163,,,,,,,,,,,,,,
14,,28509,,,,,,,,,,5.068257451057434e-06,,2.216547727584839e-06,,0.21390321850776672,,0.2625509202480316,,0.11893463879823685,,0.03890625387430191,0.06630988419055939,,,,,,,,,,,,,,
14,,28519,,,,,,,,,,3.296881914138794e-06,,2.3068860173225403e-06,,0.1806098222732544,,0.277847558259964,,0.12062564492225647,,0.03810161352157593,0.06635035574436188,,,,,,,,,,,,,,
14,,28529,,,,,,,,,,4.477798938751221e-06,,2.421904355287552e-06,,0.22186382114887238,,0.2735769748687744,,0.11454968899488449,,0.04516148567199707,0.0707903653383255,,,,,,,,,,,,,,
14,,28539,,,,,,,,,,9.706243872642517e-06,,2.8745271265506744e-06,,0.25412559509277344,,0.23723985254764557,,0.09829559922218323,,0.03769918531179428,0.06081833317875862,,,,,,,,,,,,,,
14,,28549,,,,,,,,,,3.2261013984680176e-06,,2.0265579223632812e-06,,0.21758830547332764,,0.26631319522857666,,0.12263064831495285,,0.03977198898792267,0.06787211447954178,,,,,,,,,,,,,,
14,,28559,,,,,,,,,,5.589798092842102e-06,,2.5294721126556396e-06,,0.1729905903339386,,0.2801934778690338,,0.10729555040597916,,0.036834441125392914,0.06292042136192322,,,,,,,,,,,,,,
14,,28569,,,,,,,,,,6.144866347312927e-06,,2.76835635304451e-06,,0.2523426413536072,,0.2593733072280884,,0.11939473450183868,,0.03881365433335304,0.06662829965353012,,,,,,,,,,,,,,
14,,28579,,,,,,,,,,7.372349500656128e-06,,3.1152740120887756e-06,,0.20563286542892456,,0.24569979310035706,,0.11434844136238098,,0.03937331214547157,0.06491311639547348,,,,,,,,,,,,,,
14,,28589,,,,,,,,,,3.727152943611145e-06,,2.2975727915763855e-06,,0.2373325526714325,,0.2669016420841217,,0.09774095565080643,,0.03349636495113373,0.05875531584024429,,,,,,,,,,,,,,
14,,28599,,,,,,,,,,3.721565008163452e-06,,2.0870938897132874e-06,,0.22575250267982483,,0.2631118595600128,,0.09769241511821747,,0.033271949738264084,0.05826443061232567,,,,,,,,,,,,,,
14,,28609,,,,,,,,,,3.039836883544922e-06,,2.7962960302829742e-06,,0.2062654197216034,,0.23918624222278595,,0.10343245416879654,,0.03382328152656555,0.0584043450653553,,,,,,,,,,,,,,
14,,28619,,,,,,,,,,2.734363079071045e-06,,2.6654452085494995e-06,,0.19612424075603485,,0.2539336681365967,,0.09259933233261108,,0.032152026891708374,0.05569147318601608,,,,,,,,,,,,,,
14,,28629,,,,,,,,,,4.194676876068115e-06,,5.2871182560920715e-06,,0.18018628656864166,,0.260670930147171,,0.10897858440876007,,0.038084954023361206,0.06334318965673447,,,,,,,,,,,,,,
14,,28639,,,,,,,,,,3.380700945854187e-06,,2.373475581407547e-06,,0.20485982298851013,,0.26545196771621704,,0.12296637892723083,,0.043599411845207214,0.07061677426099777,,,,,,,,,,,,,,
14,,28649,,,,,,,,,,4.738569259643555e-06,,3.27499583363533e-06,,0.18179228901863098,,0.25927507877349854,,0.11471576988697052,,0.04051201418042183,0.06619329005479813,,,,,,,,,,,,,,
14,,28659,,,,,,,,,,3.6600977182388306e-06,,2.202112227678299e-06,,0.20118598639965057,,0.2652212381362915,,0.1082664355635643,,0.03861040621995926,0.06406330317258835,,,,,,,,,,,,,,
14,,28669,,,,,,,,,,2.7082860469818115e-06,,3.369990736246109e-06,,0.2070876955986023,,0.2673240900039673,,0.10489651560783386,,0.03706146031618118,0.06243707612156868,,,,,,,,,,,,,,
14,,28679,,,,,,,,,,3.080815076828003e-06,,2.184417098760605e-06,,0.23673945665359497,,0.25586074590682983,,0.10300023853778839,,0.042923733592033386,0.06628929823637009,,,,,,,,,,,,,,
14,,28689,,,,,,,,,,3.5390257835388184e-06,,2.016313374042511e-06,,0.18229715526103973,,0.28575795888900757,,0.09380435943603516,,0.039079487323760986,0.06244438886642456,,,,,,,,,,,,,,
14,,28699,,,,,,,,,,3.3136457204818726e-06,,3.14321368932724e-06,,0.18870706856250763,,0.2684508264064789,,0.11900826543569565,,0.03827875480055809,0.06583423912525177,,,,,,,,,,,,,,
14,,28709,,,,,,,,,,4.459172487258911e-06,,1.0884832590818405e-05,,0.23589280247688293,,0.2656137943267822,,0.11291760206222534,,0.03962833806872368,0.06612449139356613,,,,,,,,,,,,,,
14,,28719,,,,,,,,,,7.68899917602539e-06,,3.2852403819561005e-06,,0.22636839747428894,,0.2599719762802124,,0.09985580295324326,,0.0425582230091095,0.06549657881259918,,,,,,,,,,,,,,
14,,28729,,,,,,,,,,3.214925527572632e-06,,2.4382025003433228e-06,,0.22912868857383728,,0.2526359260082245,,0.10520908981561661,,0.0369902104139328,0.06201191991567612,,,,,,,,,,,,,,
14,,28739,,,,,,,,,,4.451721906661987e-06,,4.58303838968277e-06,,0.25560012459754944,,0.24897295236587524,,0.12809813022613525,,0.04960101097822189,0.07590363174676895,,,,,,,,,,,,,,
14,,28749,,,,,,,,,,2.514570951461792e-06,,2.709217369556427e-06,,0.181829571723938,,0.2654553949832916,,0.10016371309757233,,0.035654060542583466,0.06010996550321579,,,,,,,,,,,,,,
14,,28759,,,,,,,,,,3.635883331298828e-06,,2.725515514612198e-06,,0.21345649659633636,,0.265985906124115,,0.10987231135368347,,0.03754540532827377,0.06374521553516388,,,,,,,,,,,,,,
14,,28769,,,,,,,,,,2.8032809495925903e-06,,3.4454278647899628e-06,,0.17277240753173828,,0.2603590190410614,,0.10633905231952667,,0.03505820780992508,0.060476016253232956,,,,,,,,,,,,,,
14,,28779,,,,,,,,,,5.515292286872864e-06,,3.214925527572632e-06,,0.2319987267255783,,0.24377639591693878,,0.09746849536895752,,0.033918749541044235,0.05787430331110954,,,,,,,,,,,,,,
14,,28789,,,,,,,,,,5.939975380897522e-06,,2.9257498681545258e-06,,0.15873700380325317,,0.28526943922042847,,0.11285670101642609,,0.04163430631160736,0.06763508915901184,,,,,,,,,,,,,,
14,,28799,,,,,,,,,,4.159286618232727e-06,,3.341119736433029e-06,,0.1982581466436386,,0.2696491479873657,,0.10594538599252701,,0.034560419619083405,0.06076306477189064,,,,,,,,,,,,,,
14,,28809,,,,,,,,,,3.337860107421875e-06,,3.5730190575122833e-06,,0.1942521333694458,,0.26829367876052856,,0.09562718868255615,,0.033893026411533356,0.05821675434708595,,,,,,,,,,,,,,
14,,28819,,,,,,,,,,2.6598572731018066e-06,,4.723668098449707e-06,,0.2181495726108551,,0.2541746497154236,,0.10673176497220993,,0.03308432176709175,0.05931082367897034,,,,,,,,,,,,,,
14,,28829,,,,,,,,,,4.556030035018921e-06,,3.5404227674007416e-06,,0.24013367295265198,,0.24645473062992096,,0.10489082336425781,,0.03694608062505722,0.061758313328027725,,,,,,,,,,,,,,
14,,28839,,,,,,,,,,4.332512617111206e-06,,4.930421710014343e-06,,0.21214956045150757,,0.2484421730041504,,0.11268578469753265,,0.04064401239156723,0.06575952470302582,,,,,,,,,,,,,,
14,,28849,,,,,,,,,,3.991648554801941e-06,,5.689915269613266e-06,,0.18101292848587036,,0.2773192524909973,,0.10768994688987732,,0.039598457515239716,0.06502719223499298,,,,,,,,,,,,,,
14,,28859,,,,,,,,,,2.253800630569458e-06,,2.9420480132102966e-06,,0.2186090052127838,,0.2579195499420166,,0.1251535266637802,,0.040996260941028595,0.06888211518526077,,,,,,,,,,,,,,
14,,28869,,,,,,,,,,2.464279532432556e-06,,3.1311064958572388e-06,,0.19989635050296783,,0.26933759450912476,,0.11268402636051178,,0.03668612986803055,0.06362613290548325,,,,,,,,,,,,,,
14,,28879,,,,,,,,,,3.380700945854187e-06,,2.7013011276721954e-06,,0.1870727241039276,,0.2548084259033203,,0.1239367127418518,,0.045208729803562164,0.0712985023856163,,,,,,,,,,,,,,
14,,28889,,,,,,,,,,2.4177134037017822e-06,,2.346932888031006e-06,,0.23653513193130493,,0.25750523805618286,,0.10703952610492706,,0.03998463600873947,0.0649167001247406,,,,,,,,,,,,,,
14,,28899,,,,,,,,,,3.3061951398849487e-06,,4.00422140955925e-06,,0.2146976739168167,,0.26982319355010986,,0.09473181515932083,,0.03499243035912514,0.059184953570365906,,,,,,,,,,,,,,
14,,28909,,,,,,,,,,3.0007213354110718e-06,,3.1189993023872375e-06,,0.19361121952533722,,0.26534825563430786,,0.10691136866807938,,0.03723287209868431,0.06269293278455734,,,,,,,,,,,,,,
14,,28919,,,,,,,,,,2.816319465637207e-06,,3.996770828962326e-06,,0.2128799855709076,,0.26876968145370483,,0.11608555167913437,,0.04062780737876892,0.06734661757946014,,,,,,,,,,,,,,
14,,28929,,,,,,,,,,2.553686499595642e-06,,3.82913276553154e-06,,0.210277259349823,,0.25517284870147705,,0.10484027117490768,,0.038798656314611435,0.06319740414619446,,,,,,,,,,,,,,
14,,28939,,,,,,,,,,3.1106173992156982e-06,,4.361383616924286e-06,,0.2213517427444458,,0.2642829120159149,,0.09705960750579834,,0.0367579460144043,0.060764215886592865,,,,,,,,,,,,,,
14,,28949,,,,,,,,,,3.907829523086548e-06,,2.187676727771759e-06,,0.20525676012039185,,0.24802416563034058,,0.10988286137580872,,0.039649270474910736,0.06438720971345901,,,,,,,,,,,,,,
14,,28959,,,,,,,,,,7.400289177894592e-06,,6.876885890960693e-06,,0.1822192668914795,,0.2923651337623596,,0.1007944867014885,,0.033760130405426025,0.06007375195622444,,,,,,,,,,,,,,
14,,28969,,,,,,,,,,2.8461217880249023e-06,,3.2191164791584015e-06,,0.21439868211746216,,0.2514556646347046,,0.09930700808763504,,0.03382822871208191,0.05830495059490204,,,,,,,,,,,,,,
14,,28979,,,,,,,,,,4.503875970840454e-06,,3.097113221883774e-06,,0.21948406100273132,,0.24122826755046844,,0.0971045047044754,,0.04120044410228729,0.06300248205661774,,,,,,,,,,,,,,
14,,28989,,,,,,,,,,2.5480985641479492e-06,,3.3406540751457214e-06,,0.19786140322685242,,0.2642875611782074,,0.10845530778169632,,0.03851844370365143,0.06394699215888977,,,,,,,,,,,,,,
14,,28999,,,,,,,,,,3.417953848838806e-06,,3.302469849586487e-06,,0.20630456507205963,,0.2710902690887451,,0.10910440236330032,,0.04159480333328247,0.0667944848537445,,,,,,,,,,,,,,
14,,29009,,,,,,,,,,2.902001142501831e-06,,2.847053110599518e-06,,0.23789039254188538,,0.252318799495697,,0.1013929694890976,,0.02879265695810318,0.0552343912422657,,,,,,,,,,,,,,
14,,29019,,,,,,,,,,3.1385570764541626e-06,,3.2405368983745575e-06,,0.18925003707408905,,0.2527390122413635,,0.10275894403457642,,0.0334576815366745,0.05843976140022278,,,,,,,,,,,,,,
14,,29029,,,,,,,,,,4.407018423080444e-06,,3.0347146093845367e-06,,0.2212793231010437,,0.2635839581489563,,0.10791842639446259,,0.04024609178304672,0.06538386642932892,,,,,,,,,,,,,,
14,,29039,,,,,,,,,,4.382804036140442e-06,,3.655906766653061e-06,,0.18206989765167236,,0.26121699810028076,,0.10181978344917297,,0.036248113960027695,0.06067029759287834,,,,,,,,,,,,,,
14,,29049,,,,,,,,,,2.0209699869155884e-06,,3.037508577108383e-06,,0.19721971452236176,,0.25343626737594604,,0.09889894723892212,,0.03724063187837601,0.0606798455119133,,,,,,,,,,,,,,
14,,29059,,,,,,,,,,3.732740879058838e-06,,5.277339369058609e-06,,0.21632617712020874,,0.2616192400455475,,0.1113165020942688,,0.0456480011343956,0.06992340832948685,,,,,,,,,,,,,,
14,,29069,,,,,,,,,,3.632158041000366e-06,,6.213318556547165e-06,,0.23366457223892212,,0.2696978449821472,,0.12428010255098343,,0.044113606214523315,0.07178561389446259,,,,,,,,,,,,,,
14,,29079,,,,,,,,,,3.0230730772018433e-06,,2.3869797587394714e-06,,0.1678432822227478,,0.2778608202934265,,0.10582984238862991,,0.03559863567352295,0.06154874712228775,,,,,,,,,,,,,,
14,,29089,,,,,,,,,,2.3581087589263916e-06,,2.918299287557602e-06,,0.22306233644485474,,0.2604813575744629,,0.0988246351480484,,0.031319327652454376,0.05685708299279213,,,,,,,,,,,,,,
14,,29099,,,,,,,,,,2.637505531311035e-06,,2.0973384380340576e-06,,0.18684586882591248,,0.2545603811740875,,0.12324238568544388,,0.04934440180659294,0.07425650209188461,,,,,,,,,,,,,,
14,,29109,,,,,,,,,,2.723187208175659e-06,,3.650318831205368e-06,,0.20595772564411163,,0.2725895047187805,,0.11318884789943695,,0.04832926020026207,0.0726788118481636,,,,,,,,,,,,,,
14,,29119,,,,,,,,,,2.5704503059387207e-06,,3.4105032682418823e-06,,0.20623841881752014,,0.2793539762496948,,0.10888957977294922,,0.042754631489515305,0.06801096349954605,,,,,,,,,,,,,,
14,,29129,,,,,,,,,,3.1534582376480103e-06,,2.7259811758995056e-06,,0.165486142039299,,0.2753610908985138,,0.10060277581214905,,0.034384749829769135,0.059512969106435776,,,,,,,,,,,,,,
14,,29139,,,,,,,,,,3.458932042121887e-06,,3.94042581319809e-06,,0.1986205279827118,,0.26663345098495483,,0.11773695051670074,,0.04522455483675003,0.07083743065595627,,,,,,,,,,,,,,
14,,29149,,,,,,,,,,2.8796494007110596e-06,,2.9150396585464478e-06,,0.23563455045223236,,0.25177693367004395,,0.10460130870342255,,0.03424068167805672,0.05987127497792244,,,,,,,,,,,,,,
14,,29159,,,,,,,,,,2.739951014518738e-06,,2.5588087737560272e-06,,0.24802470207214355,,0.252575159072876,,0.09509608149528503,,0.0376884862780571,0.06085774675011635,,,,,,,,,,,,,,
14,,29169,,,,,,,,,,3.2652169466018677e-06,,5.355570465326309e-06,,0.17596569657325745,,0.27481889724731445,,0.11063118278980255,,0.039209552109241486,0.06511066108942032,,,,,,,,,,,,,,
14,,29179,,,,,,,,,,1.8805265426635742e-05,,3.9441511034965515e-06,,0.18965227901935577,,0.27382081747055054,,0.11645617336034775,,0.04102607071399689,0.06767947226762772,,,,,,,,,,,,,,
14,,29189,,,,,,,,,,2.6989728212356567e-06,,3.096647560596466e-06,,0.19176781177520752,,0.2691957652568817,,0.10269593447446823,,0.035179197788238525,0.06052050739526749,,,,,,,,,,,,,,
14,,29199,,,,,,,,,,2.769753336906433e-06,,3.5800039768218994e-06,,0.22189410030841827,,0.25779929757118225,,0.11289623379707336,,0.04692893475294113,0.07106677442789078,,,,,,,,,,,,,,
14,,29209,,,,,,,,,,3.1869858503341675e-06,,3.8440339267253876e-06,,0.20112311840057373,,0.26240038871765137,,0.09369887411594391,,0.033879995346069336,0.057649556547403336,,,,,,,,,,,,,,
14,,29219,,,,,,,,,,4.978850483894348e-06,,2.8936192393302917e-06,,0.20784161984920502,,0.2636306881904602,,0.0950356125831604,,0.031683653593063354,0.05638903006911278,,,,,,,,,,,,,,
14,,29229,,,,,,,,,,2.419576048851013e-06,,4.911795258522034e-06,,0.21317151188850403,,0.2642101049423218,,0.11266634613275528,,0.038197025656700134,0.06467146426439285,,,,,,,,,,,,,,
14,,29239,,,,,,,,,,3.034248948097229e-06,,2.4978071451187134e-06,,0.2144119143486023,,0.28005367517471313,,0.10752907395362854,,0.03931195288896561,0.06530176848173141,,,,,,,,,,,,,,
14,,29249,,,,,,,,,,3.034248948097229e-06,,2.8777867555618286e-06,,0.20340421795845032,,0.24858227372169495,,0.09793180972337723,,0.034214381128549576,0.05807312950491905,,,,,,,,,,,,,,
14,,29259,,,,,,,,,,2.516433596611023e-06,,2.693384885787964e-06,,0.20189353823661804,,0.2513760030269623,,0.11127303540706635,,0.03885917738080025,0.06417294591665268,,,,,,,,,,,,,,
14,,29269,,,,,,,,,,2.333894371986389e-06,,2.562534064054489e-06,,0.16665641963481903,,0.2827577590942383,,0.12845391035079956,,0.045502617955207825,0.07343728840351105,,,,,,,,,,,,,,
14,,29279,,,,,,,,,,2.603977918624878e-06,,2.47173011302948e-06,,0.241099014878273,,0.24229289591312408,,0.09573531150817871,,0.030637655407190323,0.05512494221329689,,,,,,,,,,,,,,
14,,29289,,,,,,,,,,6.614252924919128e-06,,3.5008415579795837e-06,,0.2347884476184845,,0.25563257932662964,,0.11292534321546555,,0.042001716792583466,0.06742547452449799,,,,,,,,,,,,,,
14,,29299,,,,,,,,,,3.11434268951416e-06,,2.055894583463669e-06,,0.21649974584579468,,0.26573726534843445,,0.10339885950088501,,0.03598664700984955,0.061385806649923325,,,,,,,,,,,,,,
14,,29309,,,,,,,,,,2.4512410163879395e-06,,2.035871148109436e-06,,0.225834921002388,,0.2726067304611206,,0.10413290560245514,,0.040906522423028946,0.06564579159021378,,,,,,,,,,,,,,
14,,29319,,,,,,,,,,2.682209014892578e-06,,4.293397068977356e-06,,0.1957990676164627,,0.25517550110816956,,0.11670303344726562,,0.04302135854959488,0.0684204250574112,,,,,,,,,,,,,,
14,,29329,,,,,,,,,,3.0677765607833862e-06,,2.480577677488327e-06,,0.20233923196792603,,0.271304190158844,,0.11010749638080597,,0.03917349874973297,0.06512974202632904,,,,,,,,,,,,,,
14,,29339,,,,,,,,,,6.888061761856079e-06,,2.2957101464271545e-06,,0.18511517345905304,,0.2649187743663788,,0.1135774627327919,,0.04367411136627197,0.06865552067756653,,,,,,,,,,,,,,
14,,29349,,,,,,,,,,3.041699528694153e-06,,2.8079375624656677e-06,,0.1861075758934021,,0.25003644824028015,,0.1017124280333519,,0.03317534178495407,0.05786813050508499,,,,,,,,,,,,,,
14,,29359,,,,,,,,,,7.126480340957642e-06,,5.5711716413497925e-06,,0.22740617394447327,,0.2480064034461975,,0.10140414535999298,,0.03642965853214264,0.06064056232571602,,,,,,,,,,,,,,
14,,29369,,,,,,,,,,3.159046173095703e-06,,2.4675391614437103e-06,,0.17969506978988647,,0.2768901586532593,,0.10022096335887909,,0.03462127596139908,0.05985704064369202,,,,,,,,,,,,,,
14,,29379,,,,,,,,,,4.014000296592712e-06,,3.1548552215099335e-06,,0.203420028090477,,0.26174360513687134,,0.10624116659164429,,0.03984504193067551,0.06447280943393707,,,,,,,,,,,,,,
14,,29389,,,,,,,,,,4.367902874946594e-06,,5.255453288555145e-06,,0.21149154007434845,,0.24336165189743042,,0.10799267888069153,,0.03218666464090347,0.05828887224197388,,,,,,,,,,,,,,
14,,29399,,,,,,,,,,2.902001142501831e-06,,3.107357770204544e-06,,0.20789098739624023,,0.2594946026802063,,0.10310786217451096,,0.0327054038643837,0.058476097881793976,,,,,,,,,,,,,,
14,,29409,,,,,,,,,,5.8319419622421265e-06,,3.96091490983963e-06,,0.22151921689510345,,0.24297311902046204,,0.10964835435152054,,0.038819633424282074,0.06367465108633041,,,,,,,,,,,,,,
14,,29419,,,,,,,,,,5.299225449562073e-06,,3.5371631383895874e-06,,0.2124505639076233,,0.26689064502716064,,0.11119252443313599,,0.04008230194449425,0.06592658907175064,,,,,,,,,,,,,,
14,,29429,,,,,,,,,,2.7865171432495117e-06,,3.432389348745346e-06,,0.2374832034111023,,0.24188296496868134,,0.09522424638271332,,0.035971060395240784,0.058968525379896164,,,,,,,,,,,,,,
14,,29439,,,,,,,,,,3.993511199951172e-06,,2.564862370491028e-06,,0.185407817363739,,0.25501206517219543,,0.10951872169971466,,0.03940346837043762,0.06422949582338333,,,,,,,,,,,,,,
14,,29449,,,,,,,,,,3.9692968130111694e-06,,4.44287434220314e-06,,0.24717625975608826,,0.2426030933856964,,0.11453193426132202,,0.042335428297519684,0.0675114244222641,,,,,,,,,,,,,,
14,,29459,,,,,,,,,,5.677342414855957e-06,,3.908295184373856e-06,,0.21802565455436707,,0.2566664516925812,,0.09605125337839127,,0.03737558424472809,0.06064234673976898,,,,,,,,,,,,,,
14,,29469,,,,,,,,,,4.0102750062942505e-06,,3.7532299757003784e-06,,0.20782312750816345,,0.2695983052253723,,0.12309609353542328,,0.04534200206398964,0.07217750698328018,,,,,,,,,,,,,,
14,,29479,,,,,,,,,,6.614252924919128e-06,,2.996530383825302e-06,,0.1834307312965393,,0.2570044696331024,,0.10333080589771271,,0.03887670114636421,0.06274405121803284,,,,,,,,,,,,,,
14,,29489,,,,,,,,,,3.162771463394165e-06,,2.5834888219833374e-06,,0.2620775103569031,,0.2645062208175659,,0.10039587318897247,,0.037387751042842865,0.06235022097826004,,,,,,,,,,,,,,
14,,29499,,,,,,,,,,3.116205334663391e-06,,2.6347115635871887e-06,,0.202570378780365,,0.2654995024204254,,0.11229979246854782,,0.03946918994188309,0.06549327075481415,,,,,,,,,,,,,,
14,,29509,,,,,,,,,,4.546716809272766e-06,,2.6347115635871887e-06,,0.17229793965816498,,0.28563982248306274,,0.12180505692958832,,0.04241171479225159,0.07007283717393875,,,,,,,,,,,,,,
14,,29519,,,,,,,,,,3.5278499126434326e-06,,3.4081749618053436e-06,,0.21161507070064545,,0.2483680546283722,,0.09670817106962204,,0.033351004123687744,0.05728214979171753,,,,,,,,,,,,,,
14,,29529,,,,,,,,,,4.108995199203491e-06,,4.003290086984634e-06,,0.22598305344581604,,0.2599857449531555,,0.10550125688314438,,0.037346914410591125,0.06264205276966095,,,,,,,,,,,,,,
14,,29539,,,,,,,,,,2.0563602447509766e-06,,3.050547093153e-06,,0.20484057068824768,,0.2629430890083313,,0.1066884994506836,,0.039886265993118286,0.06466051936149597,,,,,,,,,,,,,,
14,,29549,,,,,,,,,,2.9634684324264526e-06,,2.889428287744522e-06,,0.23051717877388,,0.260640025138855,,0.09074211120605469,,0.03226208686828613,0.05614330247044563,,,,,,,,,,,,,,
14,,29559,,,,,,,,,,2.643093466758728e-06,,2.5904737412929535e-06,,0.21638424694538116,,0.2543872892856598,,0.10372099280357361,,0.03897496685385704,0.06315449625253677,,,,,,,,,,,,,,
14,,29569,,,,,,,,,,4.697591066360474e-06,,4.1318126022815704e-06,,0.2121112197637558,,0.2633167505264282,,0.10050474107265472,,0.03190065175294876,0.057612862437963486,,,,,,,,,,,,,,
14,,29579,,,,,,,,,,2.907589077949524e-06,,1.759268343448639e-06,,0.2331286370754242,,0.2634183168411255,,0.10245434939861298,,0.039472490549087524,0.06390988081693649,,,,,,,,,,,,,,
14,,29589,,,,,,,,,,1.9244849681854248e-05,,2.250541001558304e-06,,0.22499698400497437,,0.2733975946903229,,0.09337808191776276,,0.038533955812454224,0.06187617778778076,,,,,,,,,,,,,,
14,,29599,,,,,,,,,,5.010515451431274e-06,,2.827029675245285e-06,,0.21742674708366394,,0.2529211640357971,,0.11379417032003403,,0.03748001530766487,0.06386566907167435,,,,,,,,,,,,,,
14,,29609,,,,,,,,,,3.1087547540664673e-06,,2.9923394322395325e-06,,0.16943171620368958,,0.28071343898773193,,0.10879898816347122,,0.03742974251508713,0.06363163143396378,,,,,,,,,,,,,,
14,,29619,,,,,,,,,,7.577240467071533e-06,,3.4677796065807343e-06,,0.16237923502922058,,0.27068114280700684,,0.10602359473705292,,0.03884245082736015,0.06361787021160126,,,,,,,,,,,,,,
14,,29629,,,,,,,,,,4.997476935386658e-06,,3.621447831392288e-06,,0.14567020535469055,,0.26722025871276855,,0.12617911398410797,,0.044111430644989014,0.07099252939224243,,,,,,,,,,,,,,
14,,29639,,,,,,,,,,3.119930624961853e-06,,2.5960616767406464e-06,,0.19624122977256775,,0.2657057046890259,,0.10928139835596085,,0.03692758455872536,0.06295599043369293,,,,,,,,,,,,,,
14,,29649,,,,,,,,,,3.1851232051849365e-06,,5.162321031093597e-06,,0.20100685954093933,,0.2658695876598358,,0.10184668004512787,,0.03830916807055473,0.06266163289546967,,,,,,,,,,,,,,
14,,29659,,,,,,,,,,2.520158886909485e-06,,2.2598542273044586e-06,,0.1927441507577896,,0.2594698965549469,,0.11814623326063156,,0.03900696337223053,0.06584509462118149,,,,,,,,,,,,,,
14,,29669,,,,,,,,,,3.1068921089172363e-06,,3.1418167054653168e-06,,0.1998193860054016,,0.2700561285018921,,0.09991303086280823,,0.03628047928214073,0.06095946580171585,,,,,,,,,,,,,,
14,,29679,,,,,,,,,,3.0230730772018433e-06,,2.828892320394516e-06,,0.21122246980667114,,0.2509985566139221,,0.09350491315126419,,0.025180406868457794,0.05067067965865135,,,,,,,,,,,,,,
14,,29689,,,,,,,,,,3.259629011154175e-06,,2.16485932469368e-06,,0.2144690454006195,,0.2593279480934143,,0.12367604672908783,,0.04775285720825195,0.07369121164083481,,,,,,,,,,,,,,
14,,29699,,,,,,,,,,7.068738341331482e-06,,2.5513581931591034e-06,,0.17994675040245056,,0.26898401975631714,,0.10452315956354141,,0.040028803050518036,0.06435279548168182,,,,,,,,,,,,,,
14,,29709,,,,,,,,,,2.341344952583313e-06,,2.357643097639084e-06,,0.23176205158233643,,0.2671053409576416,,0.11158081889152527,,0.04137853905558586,0.06720824539661407,,,,,,,,,,,,,,
14,,29719,,,,,,,,,,7.616356015205383e-06,,2.9383227229118347e-06,,0.24799680709838867,,0.24519014358520508,,0.0948508083820343,,0.03147769719362259,0.05580594390630722,,,,,,,,,,,,,,
14,,29729,,,,,,,,,,2.339482307434082e-06,,3.7993304431438446e-06,,0.1990170180797577,,0.2606942057609558,,0.0964730829000473,,0.03519120067358017,0.05904880538582802,,,,,,,,,,,,,,
14,,29739,,,,,,,,,,4.161149263381958e-06,,2.2212043404579163e-06,,0.19599951803684235,,0.2549523115158081,,0.10330751538276672,,0.03275139629840851,0.058195680379867554,,,,,,,,,,,,,,
14,,29749,,,,,,,,,,3.8370490074157715e-06,,3.5264529287815094e-06,,0.22732767462730408,,0.2533554136753082,,0.0895058810710907,,0.03594581037759781,0.05829598754644394,,,,,,,,,,,,,,
14,,29759,,,,,,,,,,5.085021257400513e-06,,2.54996120929718e-06,,0.25481849908828735,,0.25640183687210083,,0.11487836390733719,,0.03538258373737335,0.0630970373749733,,,,,,,,,,,,,,
14,,29769,,,,,,,,,,3.119930624961853e-06,,2.728775143623352e-06,,0.1809612512588501,,0.26325148344039917,,0.10765478014945984,,0.03816354647278786,0.06328394263982773,,,,,,,,,,,,,,
14,,29779,,,,,,,,,,6.716698408126831e-06,,2.3045577108860016e-06,,0.20711246132850647,,0.25722742080688477,,0.10653951019048691,,0.03794999420642853,0.06293866783380508,,,,,,,,,,,,,,
14,,29789,,,,,,,,,,4.71062958240509e-06,,3.5492703318595886e-06,,0.1948186755180359,,0.25364017486572266,,0.1017744317650795,,0.03541269525885582,0.059829264879226685,,,,,,,,,,,,,,
14,,29799,,,,,,,,,,1.0501593351364136e-05,,2.8312206268310547e-06,,0.21158474683761597,,0.2538772225379944,,0.09584391117095947,,0.028753435239195824,0.05392900109291077,,,,,,,,,,,,,,
14,,29809,,,,,,,,,,3.809109330177307e-06,,5.659647285938263e-06,,0.20628708600997925,,0.252278208732605,,0.10518671572208405,,0.03529265522956848,0.0604497455060482,,,,,,,,,,,,,,
14,,29819,,,,,,,,,,3.1311064958572388e-06,,2.7529895305633545e-06,,0.21599537134170532,,0.2532927393913269,,0.10899943113327026,,0.038793012499809265,0.06395206600427628,,,,,,,,,,,,,,
14,,29829,,,,,,,,,,4.170462489128113e-06,,3.441702574491501e-06,,0.23316532373428345,,0.2613934874534607,,0.11239196360111237,,0.03905690088868141,0.06536737084388733,,,,,,,,,,,,,,
14,,29839,,,,,,,,,,3.2838433980941772e-06,,2.800486981868744e-06,,0.2277921736240387,,0.2667360007762909,,0.11366058886051178,,0.039530813694000244,0.0661483183503151,,,,,,,,,,,,,,
14,,29849,,,,,,,,,,5.446374416351318e-06,,3.6335550248622894e-06,,0.2384541630744934,,0.23483547568321228,,0.10525992512702942,,0.03273777663707733,0.05810606852173805,,,,,,,,,,,,,,
14,,29859,,,,,,,,,,3.285706043243408e-06,,2.6649795472621918e-06,,0.22122418880462646,,0.2624436020851135,,0.1168135404586792,,0.049872465431690216,0.07421953231096268,,,,,,,,,,,,,,
14,,29869,,,,,,,,,,3.676861524581909e-06,,2.479180693626404e-06,,0.2274276316165924,,0.26904791593551636,,0.09984009712934494,,0.033237289637327194,0.058939170092344284,,,,,,,,,,,,,,
14,,29879,,,,,,,,,,2.7883797883987427e-06,,3.1152740120887756e-06,,0.17491473257541656,,0.27664947509765625,,0.11951829493045807,,0.04170706868171692,0.06872449815273285,,,,,,,,,,,,,,
14,,29889,,,,,,,,,,3.7048012018203735e-06,,8.032657206058502e-06,,0.19784575700759888,,0.27387022972106934,,0.10695196688175201,,0.04575928673148155,0.06954614073038101,,,,,,,,,,,,,,
14,,29899,,,,,,,,,,2.1146610379219055e-05,,3.659632056951523e-06,,0.2191758155822754,,0.2516733407974243,,0.10712645947933197,,0.04015084356069565,0.06458079069852829,,,,,,,,,,,,,,
14,,29909,,,,,,,,,,4.51505184173584e-06,,3.2833777368068695e-06,,0.2462034523487091,,0.2690415382385254,,0.10161782801151276,,0.03805762529373169,0.06310850381851196,,,,,,,,,,,,,,
14,,29919,,,,,,,,,,3.8780272006988525e-06,,3.7066638469696045e-06,,0.23483029007911682,,0.2522766590118408,,0.10631252080202103,,0.033867426216602325,0.059926196932792664,,,,,,,,,,,,,,
14,,29929,,,,,,,,,,3.974884748458862e-06,,5.616806447505951e-06,,0.20862197875976562,,0.25648584961891174,,0.11207770556211472,,0.03690081089735031,0.06317318975925446,,,,,,,,,,,,,,
14,,29939,,,,,,,,,,2.9262155294418335e-06,,2.273824065923691e-06,,0.21931463479995728,,0.2522125244140625,,0.10957639664411545,,0.03847004845738411,0.06380625069141388,,,,,,,,,,,,,,
14,,29949,,,,,,,,,,5.127862095832825e-06,,3.710854798555374e-06,,0.1837165653705597,,0.26564377546310425,,0.12098225951194763,,0.04758971184492111,0.07299927622079849,,,,,,,,,,,,,,
14,,29959,,,,,,,,,,3.3136457204818726e-06,,2.9052607715129852e-06,,0.23264096677303314,,0.2651505768299103,,0.10805016756057739,,0.04339759796857834,0.06797941029071808,,,,,,,,,,,,,,
14,,29969,,,,,,,,,,1.9166618585586548e-06,,2.3995526134967804e-06,,0.2343141734600067,,0.24181124567985535,,0.10387752950191498,,0.034262724220752716,0.05926933139562607,,,,,,,,,,,,,,
14,,29979,,,,,,,,,,2.210959792137146e-06,,2.5602057576179504e-06,,0.22054389119148254,,0.25189894437789917,,0.11043472588062286,,0.03632555902004242,0.062358178198337555,,,,,,,,,,,,,,
14,,29989,,,,,,,,,,1.8998980522155762e-06,,3.157183527946472e-06,,0.19800293445587158,,0.26428675651550293,,0.1189984381198883,,0.04375556856393814,0.069854736328125,,,,,,,,,,,,,,
14,,29999,,,,,,,,,,3.691762685775757e-06,,2.0759180188179016e-06,,0.22118794918060303,,0.2602102756500244,,0.10187549144029617,,0.03672748804092407,0.061451684683561325,,,,,,,,,,,,,,
14,,30009,,,,,,,,,,4.291534423828125e-06,,2.964865416288376e-06,,0.18630047142505646,,0.24291634559631348,,0.10064789652824402,,0.036524660885334015,0.059849511831998825,,,,,,,,,,,,,,
14,,30019,,,,,,,,,,4.550442099571228e-06,,1.9082799553871155e-06,,0.26229071617126465,,0.2622867226600647,,0.09975883364677429,,0.02943720854818821,0.05616481974720955,,,,,,,,,,,,,,
14,,30029,,,,,,,,,,2.678483724594116e-06,,3.0854716897010803e-06,,0.17834851145744324,,0.2596689462661743,,0.11266934871673584,,0.040942877531051636,0.06611081957817078,,,,,,,,,,,,,,
14,,30039,,,,,,,,,,2.382323145866394e-06,,4.253815859556198e-06,,0.21094118058681488,,0.262962281703949,,0.10915416479110718,,0.04048977047204971,0.06564810127019882,,,,,,,,,,,,,,
14,,30049,,,,,,,,,,5.580484867095947e-06,,2.289190888404846e-06,,0.22159412503242493,,0.2629634737968445,,0.10320986807346344,,0.0346982404589653,0.06031348928809166,,,,,,,,,,,,,,
14,,30059,,,,,,,,,,2.7995556592941284e-06,,2.0060688257217407e-06,,0.1879901885986328,,0.2809753715991974,,0.11678141355514526,,0.033738911151885986,0.06258971989154816,,,,,,,,,,,,,,
14,,30069,,,,,,,,,,2.12155282497406e-06,,2.7758069336414337e-06,,0.23392225801944733,,0.2589570879936218,,0.12653784453868866,,0.0469716340303421,0.07385250180959702,,,,,,,,,,,,,,
14,,30079,,,,,,,,,,2.823770046234131e-06,,2.3865140974521637e-06,,0.2297983467578888,,0.27262771129608154,,0.10784660279750824,,0.03893662989139557,0.06491193920373917,,,,,,,,,,,,,,
14,,30089,,,,,,,,,,2.5909394025802612e-06,,2.377200871706009e-06,,0.21664372086524963,,0.2747267484664917,,0.1050417572259903,,0.0377931073307991,0.06347227841615677,,,,,,,,,,,,,,
14,,30099,,,,,,,,,,2.9634684324264526e-06,,3.416556864976883e-06,,0.1957569569349289,,0.26827627420425415,,0.10033302009105682,,0.033597905188798904,0.05889473482966423,,,,,,,,,,,,,,
14,,30109,,,,,,,,,,2.909451723098755e-06,,2.9257498681545258e-06,,0.17906193435192108,,0.2733727693557739,,0.10792474448680878,,0.04045762121677399,0.06550783663988113,,,,,,,,,,,,,,
14,,30119,,,,,,,,,,3.248453140258789e-06,,3.403984010219574e-06,,0.1906859129667282,,0.2586873769760132,,0.11791931837797165,,0.04219481721520424,0.06813319772481918,,,,,,,,,,,,,,
14,,30129,,,,,,,,,,3.38628888130188e-06,,4.5192427933216095e-06,,0.20897811651229858,,0.2595902681350708,,0.11063601821660995,,0.042083144187927246,0.06694023311138153,,,,,,,,,,,,,,
14,,30139,,,,,,,,,,3.520399332046509e-06,,2.7636997401714325e-06,,0.18707144260406494,,0.26342862844467163,,0.09045073390007019,,0.028070323169231415,0.0525655634701252,,,,,,,,,,,,,,
14,,30149,,,,,,,,,,3.2391399145126343e-06,,2.1345913410186768e-06,,0.21622350811958313,,0.25749334692955017,,0.0978846400976181,,0.033064715564250946,0.057769887149333954,,,,,,,,,,,,,,
14,,30159,,,,,,,,,,2.4065375328063965e-06,,5.016569048166275e-06,,0.22654712200164795,,0.26352453231811523,,0.10194899141788483,,0.03310032933950424,0.05896265432238579,,,,,,,,,,,,,,
14,,30169,,,,,,,,,,3.3713877201080322e-06,,4.399102181196213e-06,,0.23365190625190735,,0.2638036012649536,,0.10938506573438644,,0.03838527202606201,0.06441830098628998,,,,,,,,,,,,,,
14,,30179,,,,,,,,,,3.416091203689575e-06,,2.805609256029129e-06,,0.17877380549907684,,0.2608720660209656,,0.10628139227628708,,0.03510090336203575,0.060591623187065125,,,,,,,,,,,,,,
14,,30189,,,,,,,,,,4.434958100318909e-06,,4.304572939872742e-06,,0.1675156056880951,,0.2603071928024292,,0.09990687668323517,,0.03483201563358307,0.059035953134298325,,,,,,,,,,,,,,
14,,30199,,,,,,,,,,8.17514955997467e-06,,2.8745271265506744e-06,,0.18278589844703674,,0.2614612877368927,,0.09991371631622314,,0.042162224650382996,0.06476934254169464,,,,,,,,,,,,,,
14,,30209,,,,,,,,,,2.0097941160202026e-06,,2.803746610879898e-06,,0.17905926704406738,,0.2694416642189026,,0.11665908247232437,,0.04533443972468376,0.0706200897693634,,,,,,,,,,,,,,
14,,30219,,,,,,,,,,2.378597855567932e-06,,2.6244670152664185e-06,,0.21450193226337433,,0.2650614082813263,,0.09539905190467834,,0.03326931223273277,0.057791877537965775,,,,,,,,,,,,,,
14,,30229,,,,,,,,,,2.998858690261841e-06,,3.048684448003769e-06,,0.22296345233917236,,0.25764864683151245,,0.09899495542049408,,0.03712563216686249,0.06111084297299385,,,,,,,,,,,,,,
14,,30239,,,,,,,,,,2.6263296604156494e-06,,3.2461248338222504e-06,,0.20472517609596252,,0.26391470432281494,,0.11042618751525879,,0.038344014436006546,0.06424874812364578,,,,,,,,,,,,,,
14,,30249,,,,,,,,,,2.3189932107925415e-06,,2.8121285140514374e-06,,0.1601262390613556,,0.26430991291999817,,0.10051946341991425,,0.03502105176448822,0.05939370393753052,,,,,,,,,,,,,,
14,,30259,,,,,,,,,,3.807246685028076e-06,,3.974884748458862e-06,,0.19670096039772034,,0.2546747922897339,,0.11394891142845154,,0.035951294004917145,0.06258716434240341,,,,,,,,,,,,,,
14,,30269,,,,,,,,,,3.5427510738372803e-06,,6.4354389905929565e-06,,0.19098420441150665,,0.2564900517463684,,0.09882524609565735,,0.0351887121796608,0.05919680744409561,,,,,,,,,,,,,,
14,,30279,,,,,,,,,,3.11434268951416e-06,,3.759283572435379e-06,,0.20353682339191437,,0.26115983724594116,,0.09716767072677612,,0.035798050463199615,0.059709127992391586,,,,,,,,,,,,,,
14,,30284,,,,,,,,,,,,,,,,,,,,,,0.9790754318237305,1.0,1.0,0.9489991068840027,0.9081823229789734,0.9640132784843445,0.9876399040222168,0.06462989747524261,1.1920928955078125e-07,1.1920928955078125e-07,0.2097453773021698,0.25998854637145996,0.11197206377983093,0.03863256797194481
14,,30284,0.9789027571678162,1.0,1.0,0.948940634727478,0.9083368182182312,0.9640200734138489,0.9873996376991272,0.06305646896362305,4.089171397936298e-06,,3.53060590896348e-06,,0.21023127436637878,,0.26066091656684875,,0.10700508952140808,,0.03772733360528946,,,,,,,,,,,,,,,,
,4.393398282201788e-05,30285,,,,,,,,,,,,,,,,,,,,,,,,,,,,,,,,,,,
15,,30289,,,,,,,,,,2.119690179824829e-06,,2.956017851829529e-06,,0.18960890173912048,,0.2596871554851532,,0.11497437953948975,,0.03939586877822876,0.0655154138803482,,,,,,,,,,,,,,
15,,30299,,,,,,,,,,2.4568289518356323e-06,,2.219807356595993e-06,,0.22388678789138794,,0.2475336641073227,,0.09996847808361053,,0.038059744983911514,0.061530742794275284,,,,,,,,,,,,,,
15,,30309,,,,,,,,,,2.5406479835510254e-06,,1.7480924725532532e-06,,0.23261794447898865,,0.25919824838638306,,0.10544365644454956,,0.03255641460418701,0.059078339487314224,,,,,,,,,,,,,,
15,,30319,,,,,,,,,,4.773959517478943e-06,,2.4051405489444733e-06,,0.19405218958854675,,0.2510775327682495,,0.09051928669214249,,0.030628912150859833,0.054000552743673325,,,,,,,,,,,,,,
15,,30329,,,,,,,,,,2.171844244003296e-06,,7.0319510996341705e-06,,0.20116037130355835,,0.26195812225341797,,0.11665944755077362,,0.041317861527204514,0.06751517951488495,,,,,,,,,,,,,,
15,,30339,,,,,,,,,,3.900378942489624e-06,,3.6400742828845978e-06,,0.21018625795841217,,0.2781807482242584,,0.11485201865434647,,0.04167170450091362,0.06830807030200958,,,,,,,,,,,,,,
15,,30349,,,,,,,,,,2.4009495973587036e-06,,2.8819777071475983e-06,,0.22963877022266388,,0.2589765787124634,,0.0867423415184021,,0.027933642268180847,0.052057746797800064,,,,,,,,,,,,,,
15,,30359,,,,,,,,,,3.0025839805603027e-06,,3.4496188163757324e-06,,0.20879057049751282,,0.2592313289642334,,0.11053815484046936,,0.03792395815253258,0.0637826919555664,,,,,,,,,,,,,,
15,,30369,,,,,,,,,,3.1348317861557007e-06,,3.175344318151474e-06,,0.24682584404945374,,0.24343496561050415,,0.09905068576335907,,0.0349540039896965,0.05910545215010643,,,,,,,,,,,,,,
15,,30379,,,,,,,,,,2.693384885787964e-06,,4.818663001060486e-06,,0.21971140801906586,,0.2389656901359558,,0.10395146906375885,,0.03000776097178459,0.0557866133749485,,,,,,,,,,,,,,
15,,30389,,,,,,,,,,3.259629011154175e-06,,2.478715032339096e-06,,0.22871631383895874,,0.26758190989494324,,0.09615687280893326,,0.035219572484493256,0.05968184396624565,,,,,,,,,,,,,,
15,,30399,,,,,,,,,,5.1371753215789795e-06,,4.304107278585434e-06,,0.24090221524238586,,0.25299835205078125,,0.08946399390697479,,0.02760189399123192,0.05217104032635689,,,,,,,,,,,,,,
15,,30409,,,,,,,,,,5.07943332195282e-06,,2.9746443033218384e-06,,0.1910814642906189,,0.2682998478412628,,0.09967214614152908,,0.03905065357685089,0.06280765682458878,,,,,,,,,,,,,,
15,,30419,,,,,,,,,,2.603977918624878e-06,,7.260125130414963e-06,,0.2237933874130249,,0.25528353452682495,,0.10508672893047333,,0.03898550570011139,0.06354742497205734,,,,,,,,,,,,,,
15,,30429,,,,,,,,,,4.170462489128113e-06,,3.202352672815323e-06,,0.23269334435462952,,0.24745860695838928,,0.09510371834039688,,0.030521398410201073,0.055062949657440186,,,,,,,,,,,,,,
15,,30439,,,,,,,,,,3.6098062992095947e-06,,1.4345161616802216e-05,,0.19444440305233002,,0.2501356303691864,,0.08911096304655075,,0.027501285076141357,0.05135060474276543,,,,,,,,,,,,,,
15,,30449,,,,,,,,,,4.30084764957428e-06,,4.4656917452812195e-06,,0.2524619698524475,,0.24643200635910034,,0.10428576171398163,,0.03748122230172157,0.0621897391974926,,,,,,,,,,,,,,
15,,30459,,,,,,,,,,4.770234227180481e-06,,4.448927938938141e-06,,0.21037113666534424,,0.26325350999832153,,0.11832594871520996,,0.04055165499448776,0.06742163002490997,,,,,,,,,,,,,,
15,,30469,,,,,,,,,,2.559274435043335e-06,,5.623325705528259e-06,,0.18947733938694,,0.2741672396659851,,0.10014658421278,,0.03844350576400757,0.06269746273756027,,,,,,,,,,,,,,
15,,30479,,,,,,,,,,2.896413207054138e-06,,3.380700945854187e-06,,0.22932472825050354,,0.2617110013961792,,0.10881320387125015,,0.037909068167209625,0.06380496919155121,,,,,,,,,,,,,,
15,,30489,,,,,,,,,,4.367902874946594e-06,,4.944857209920883e-06,,0.24662771821022034,,0.279579222202301,,0.1091977059841156,,0.04530131071805954,0.07046322524547577,,,,,,,,,,,,,,
15,,30499,,,,,,,,,,5.06080687046051e-06,,4.054512828588486e-06,,0.1857132762670517,,0.26759016513824463,,0.09897413849830627,,0.032041944563388824,0.05732274055480957,,,,,,,,,,,,,,
15,,30509,,,,,,,,,,3.026798367500305e-06,,4.176981747150421e-06,,0.24220231175422668,,0.240127831697464,,0.10944003611803055,,0.036369383335113525,0.061906471848487854,,,,,,,,,,,,,,
15,,30519,,,,,,,,,,4.9620866775512695e-06,,3.2740645110607147e-06,,0.22464153170585632,,0.2565537691116333,,0.09488819539546967,,0.0330064594745636,0.05721883848309517,,,,,,,,,,,,,,
15,,30529,,,,,,,,,,4.639849066734314e-06,,1.3094395399093628e-05,,0.20565596222877502,,0.2675197124481201,,0.11291616410017014,,0.04519253596663475,0.07003334164619446,,,,,,,,,,,,,,
15,,30539,,,,,,,,,,2.2724270820617676e-06,,6.763264536857605e-06,,0.21552637219429016,,0.2552756071090698,,0.11592137068510056,,0.04142637178301811,0.06731323897838593,,,,,,,,,,,,,,
15,,30549,,,,,,,,,,2.779066562652588e-06,,4.609115421772003e-06,,0.20315580070018768,,0.27741608023643494,,0.09983441978693008,,0.03542008250951767,0.06068345531821251,,,,,,,,,,,,,,
15,,30559,,,,,,,,,,3.4347176551818848e-06,,3.958120942115784e-06,,0.18346038460731506,,0.25190436840057373,,0.09901353716850281,,0.03575409576296806,0.059353057295084,,,,,,,,,,,,,,
15,,30569,,,,,,,,,,4.8335641622543335e-06,,4.036352038383484e-06,,0.19093820452690125,,0.25316736102104187,,0.10437557101249695,,0.03220711648464203,0.05784467235207558,,,,,,,,,,,,,,
15,,30579,,,,,,,,,,3.337860107421875e-06,,3.093387931585312e-06,,0.20644192397594452,,0.25706392526626587,,0.10357661545276642,,0.03618556261062622,0.061043813824653625,,,,,,,,,,,,,,
15,,30589,,,,,,,,,,5.671754479408264e-06,,3.034248948097229e-06,,0.23807811737060547,,0.25243276357650757,,0.1047629565000534,,0.04059987515211105,0.06473153829574585,,,,,,,,,,,,,,
15,,30599,,,,,,,,,,3.0174851417541504e-06,,3.6694109439849854e-06,,0.2042756974697113,,0.27167975902557373,,0.12238872796297073,,0.04584948346018791,0.07248155027627945,,,,,,,,,,,,,,
15,,30609,,,,,,,,,,2.650544047355652e-06,,3.020279109477997e-06,,0.1793602705001831,,0.2622755169868469,,0.10933367162942886,,0.03855552524328232,0.06382834166288376,,,,,,,,,,,,,,
15,,30619,,,,,,,,,,5.031004548072815e-06,,3.57162207365036e-06,,0.2299005687236786,,0.26759278774261475,,0.10412982106208801,,0.0382443442940712,0.06346067041158676,,,,,,,,,,,,,,
15,,30629,,,,,,,,,,2.1010637283325195e-06,,3.6600977182388306e-06,,0.21063128113746643,,0.24423232674598694,,0.0974549800157547,,0.03233359754085541,0.05645352974534035,,,,,,,,,,,,,,
15,,30639,,,,,,,,,,2.8740614652633667e-06,,3.811437636613846e-06,,0.24478156864643097,,0.25152114033699036,,0.10496658086776733,,0.039265915751457214,0.06380484998226166,,,,,,,,,,,,,,
15,,30649,,,,,,,,,,2.859160304069519e-06,,3.825407475233078e-06,,0.2360987365245819,,0.2546469271183014,,0.12080729007720947,,0.044837586581707,0.07100026309490204,,,,,,,,,,,,,,
15,,30659,,,,,,,,,,6.53974711894989e-06,,2.9373914003372192e-06,,0.21576589345932007,,0.2511596977710724,,0.10749669373035431,,0.03702297806739807,0.062239691615104675,,,,,,,,,,,,,,
15,,30669,,,,,,,,,,4.455447196960449e-06,,4.129018634557724e-06,,0.2048395276069641,,0.27207115292549133,,0.11478445678949356,,0.040550582110881805,0.06710521876811981,,,,,,,,,,,,,,
15,,30679,,,,,,,,,,4.3157488107681274e-06,,4.231929779052734e-06,,0.19942235946655273,,0.2607579529285431,,0.10535808652639389,,0.040712930262088776,0.06486520171165466,,,,,,,,,,,,,,
15,,30689,,,,,,,,,,3.071501851081848e-06,,2.8545036911964417e-06,,0.23140648007392883,,0.25880181789398193,,0.1171436458826065,,0.039331331849098206,0.06632226705551147,,,,,,,,,,,,,,
15,,30699,,,,,,,,,,6.249174475669861e-06,,4.8461370170116425e-06,,0.21952489018440247,,0.26198428869247437,,0.09419205039739609,,0.029245806857943535,0.054461754858493805,,,,,,,,,,,,,,
15,,30709,,,,,,,,,,7.255002856254578e-06,,3.1990930438041687e-06,,0.2217542827129364,,0.2604144215583801,,0.10144919157028198,,0.03906673938035965,0.0631428137421608,,,,,,,,,,,,,,
15,,30719,,,,,,,,,,2.5015324354171753e-06,,4.163477569818497e-06,,0.24461957812309265,,0.24626754224300385,,0.10631143301725388,,0.0361211895942688,0.061449725180864334,,,,,,,,,,,,,,
15,,30729,,,,,,,,,,2.9746443033218384e-06,,4.719477146863937e-06,,0.189569890499115,,0.26028960943222046,,0.11486433446407318,,0.03663963824510574,0.06345489621162415,,,,,,,,,,,,,,
15,,30739,,,,,,,,,,2.6542693376541138e-06,,5.195848643779755e-06,,0.21793250739574432,,0.2505948841571808,,0.10994554311037064,,0.03680545091629028,0.06253469735383987,,,,,,,,,,,,,,
15,,30749,,,,,,,,,,5.543231964111328e-06,,3.2889656722545624e-06,,0.22861367464065552,,0.25344979763031006,,0.10458178073167801,,0.035377152264118195,0.060716308653354645,,,,,,,,,,,,,,
15,,30759,,,,,,,,,,6.763264536857605e-06,,3.8100406527519226e-06,,0.22290083765983582,,0.2638521194458008,,0.1161232739686966,,0.041822127997875214,0.0681365504860878,,,,,,,,,,,,,,
15,,30769,,,,,,,,,,3.026798367500305e-06,,9.758863598108292e-06,,0.2381293773651123,,0.26504456996917725,,0.10578124970197678,,0.03611719608306885,0.06215163320302963,,,,,,,,,,,,,,
15,,30779,,,,,,,,,,3.7066638469696045e-06,,3.1045638024806976e-06,,0.21678899228572845,,0.2679438591003418,,0.10430493205785751,,0.0397130623459816,0.06445808708667755,,,,,,,,,,,,,,
15,,30789,,,,,,,,,,2.030283212661743e-06,,3.894325345754623e-06,,0.2224532514810562,,0.2580321431159973,,0.09547331184148788,,0.026829451322555542,0.052738357335329056,,,,,,,,,,,,,,
15,,30799,,,,,,,,,,2.7883797883987427e-06,,3.2600946724414825e-06,,0.20098412036895752,,0.26600006222724915,,0.08662229031324387,,0.030437586829066277,0.05390707775950432,,,,,,,,,,,,,,
15,,30809,,,,,,,,,,5.170702934265137e-06,,3.5194680094718933e-06,,0.1799774467945099,,0.27568233013153076,,0.11930806189775467,,0.0387876033782959,0.0665089413523674,,,,,,,,,,,,,,
15,,30819,,,,,,,,,,2.518296241760254e-06,,4.2477622628211975e-06,,0.25648337602615356,,0.2747509479522705,,0.10614621639251709,,0.03772994130849838,0.06410015374422073,,,,,,,,,,,,,,
15,,30829,,,,,,,,,,3.4794211387634277e-06,,3.2400712370872498e-06,,0.2196510136127472,,0.24513202905654907,,0.11686673760414124,,0.04010061174631119,0.06606871634721756,,,,,,,,,,,,,,
15,,30839,,,,,,,,,,4.433095455169678e-06,,3.743451088666916e-06,,0.20874539017677307,,0.25697970390319824,,0.10148977488279343,,0.034549590200185776,0.059448208659887314,,,,,,,,,,,,,,
15,,30849,,,,,,,,,,4.837289452552795e-06,,3.691297024488449e-06,,0.17597290873527527,,0.26358550786972046,,0.11376769840717316,,0.034805309027433395,0.061868298798799515,,,,,,,,,,,,,,
15,,30859,,,,,,,,,,2.8759241104125977e-06,,3.968831151723862e-06,,0.1992216408252716,,0.24114376306533813,,0.10480980575084686,,0.03637414053082466,0.060585491359233856,,,,,,,,,,,,,,
15,,30869,,,,,,,,,,3.7495046854019165e-06,,3.5762786865234375e-06,,0.18326470255851746,,0.2678264379501343,,0.0986308753490448,,0.03526238724589348,0.05965665727853775,,,,,,,,,,,,,,
15,,30879,,,,,,,,,,4.377216100692749e-06,,3.6926940083503723e-06,,0.21059522032737732,,0.25672173500061035,,0.11628897488117218,,0.03763899952173233,0.06455095112323761,,,,,,,,,,,,,,
15,,30889,,,,,,,,,,3.1068921089172363e-06,,4.397239536046982e-06,,0.2447633147239685,,0.24564094841480255,,0.11248580366373062,,0.04288545623421669,0.06765445321798325,,,,,,,,,,,,,,
15,,30899,,,,,,,,,,4.565343260765076e-06,,4.395376890897751e-06,,0.235937237739563,,0.25583940744400024,,0.09828600287437439,,0.030456192791461945,0.05604183301329613,,,,,,,,,,,,,,
15,,30909,,,,,,,,,,3.6600977182388306e-06,,3.7048012018203735e-06,,0.17598971724510193,,0.26316148042678833,,0.09952729195356369,,0.03537995368242264,0.05960897356271744,,,,,,,,,,,,,,
15,,30919,,,,,,,,,,4.084780812263489e-06,,5.627516657114029e-06,,0.20417359471321106,,0.27078360319137573,,0.10308842360973358,,0.03798745572566986,0.0629206970334053,,,,,,,,,,,,,,
15,,30929,,,,,,,,,,1.0486692190170288e-05,,3.0137598514556885e-06,,0.23453845083713531,,0.2429773211479187,,0.11015836149454117,,0.035206642001867294,0.0612126961350441,,,,,,,,,,,,,,
15,,30939,,,,,,,,,,3.468245267868042e-06,,4.37907874584198e-06,,0.22092385590076447,,0.24901224672794342,,0.10170619189739227,,0.0393570214509964,0.06286443769931793,,,,,,,,,,,,,,
15,,30949,,,,,,,,,,5.206093192100525e-06,,5.210749804973602e-06,,0.25639307498931885,,0.2356148362159729,,0.08839398622512817,,0.030016496777534485,0.0531482920050621,,,,,,,,,,,,,,
15,,30959,,,,,,,,,,6.450340151786804e-06,,5.774199962615967e-06,,0.22208434343338013,,0.2515626549720764,,0.11148400604724884,,0.04426141083240509,0.06851061433553696,,,,,,,,,,,,,,
15,,30969,,,,,,,,,,3.423541784286499e-06,,5.28944656252861e-06,,0.23592381179332733,,0.24653011560440063,,0.10496106743812561,,0.0339677557349205,0.059491392225027084,,,,,,,,,,,,,,
15,,30979,,,,,,,,,,3.3117830753326416e-06,,3.595370799303055e-06,,0.24035301804542542,,0.25615769624710083,,0.09514913707971573,,0.040862441062927246,0.06332679837942123,,,,,,,,,,,,,,
15,,30989,,,,,,,,,,5.193054676055908e-06,,7.674098014831543e-06,,0.21018655598163605,,0.2607925534248352,,0.09259235858917236,,0.0372888445854187,0.06003015488386154,,,,,,,,,,,,,,
15,,30999,,,,,,,,,,2.8014183044433594e-06,,3.3420510590076447e-06,,0.221477210521698,,0.26633843779563904,,0.10242132842540741,,0.03392419219017029,0.0597417950630188,,,,,,,,,,,,,,
15,,31009,,,,,,,,,,4.425644874572754e-06,,4.009809345006943e-06,,0.18022790551185608,,0.26041924953460693,,0.10888823866844177,,0.040341369807720184,0.06500765681266785,,,,,,,,,,,,,,
15,,31019,,,,,,,,,,3.071501851081848e-06,,2.9657967388629913e-06,,0.2054009735584259,,0.26999515295028687,,0.11317881941795349,,0.04030577838420868,0.06652968376874924,,,,,,,,,,,,,,
15,,31029,,,,,,,,,,3.4049153327941895e-06,,2.505723387002945e-06,,0.19284215569496155,,0.27800533175468445,,0.11105290055274963,,0.03473774343729019,0.062182288616895676,,,,,,,,,,,,,,
15,,31039,,,,,,,,,,3.3471733331680298e-06,,2.7371570467948914e-06,,0.2366447001695633,,0.2765498757362366,,0.11273406445980072,,0.04307372868061066,0.06919629871845245,,,,,,,,,,,,,,
15,,31049,,,,,,,,,,5.796551704406738e-06,,4.101544618606567e-06,,0.1729699969291687,,0.2825065553188324,,0.09976145625114441,,0.03711395710706711,0.06182533875107765,,,,,,,,,,,,,,
15,,31059,,,,,,,,,,5.21540641784668e-06,,2.935994416475296e-06,,0.2057497352361679,,0.2536376118659973,,0.12547257542610168,,0.045624710619449615,0.07206264138221741,,,,,,,,,,,,,,
15,,31069,,,,,,,,,,2.648681402206421e-06,,3.91760841012001e-06,,0.2146381139755249,,0.26589134335517883,,0.09782686829566956,,0.029795750975608826,0.055681902915239334,,,,,,,,,,,,,,
15,,31079,,,,,,,,,,3.6135315895080566e-06,,3.866385668516159e-06,,0.21677157282829285,,0.25999486446380615,,0.12066216766834259,,0.04552585631608963,0.0715135782957077,,,,,,,,,,,,,,
15,,31089,,,,,,,,,,2.773478627204895e-06,,4.209112375974655e-06,,0.23684808611869812,,0.2521998882293701,,0.10720811784267426,,0.03868873417377472,0.06373108178377151,,,,,,,,,,,,,,
15,,31099,,,,,,,,,,3.2763928174972534e-06,,3.6391429603099823e-06,,0.18929576873779297,,0.2723085880279541,,0.11095008254051208,,0.04365510866045952,0.06854399293661118,,,,,,,,,,,,,,
15,,31109,,,,,,,,,,2.391636371612549e-06,,1.9404105842113495e-06,,0.20688042044639587,,0.2557124197483063,,0.12169097363948822,,0.04810753092169762,0.07332652062177658,,,,,,,,,,,,,,
15,,31119,,,,,,,,,,2.4996697902679443e-06,,2.8065405786037445e-06,,0.17220908403396606,,0.27148765325546265,,0.1289314329624176,,0.039480358362197876,0.06854572147130966,,,,,,,,,,,,,,
15,,31129,,,,,,,,,,2.678483724594116e-06,,3.237742930650711e-06,,0.19717833399772644,,0.26233452558517456,,0.09544452279806137,,0.03479115664958954,0.058611150830984116,,,,,,,,,,,,,,
15,,31139,,,,,,,,,,2.9206275939941406e-06,,2.835877239704132e-06,,0.18421518802642822,,0.25939440727233887,,0.11344783008098602,,0.0392143577337265,0.0650160014629364,,,,,,,,,,,,,,
15,,31149,,,,,,,,,,2.477318048477173e-06,,2.8619542717933655e-06,,0.23363879323005676,,0.23690450191497803,,0.09701630473136902,,0.03013639524579048,0.05464905872941017,,,,,,,,,,,,,,
15,,31159,,,,,,,,,,3.516674041748047e-06,,2.5043264031410217e-06,,0.17432886362075806,,0.24979031085968018,,0.09866678714752197,,0.0340040922164917,0.0577690452337265,,,,,,,,,,,,,,
15,,31169,,,,,,,,,,7.061287760734558e-06,,2.4209730327129364e-06,,0.19908326864242554,,0.2655642032623291,,0.09983451664447784,,0.03385356441140175,0.05890486761927605,,,,,,,,,,,,,,
15,,31179,,,,,,,,,,2.7976930141448975e-06,,3.4188851714134216e-06,,0.24186185002326965,,0.26029035449028015,,0.093065544962883,,0.031592778861522675,0.05619353801012039,,,,,,,,,,,,,,
15,,31189,,,,,,,,,,2.468004822731018e-06,,2.469867467880249e-06,,0.19303353130817413,,0.25280681252479553,,0.10990352928638458,,0.03762177377939224,0.06295105069875717,,,,,,,,,,,,,,
15,,31199,,,,,,,,,,7.31833279132843e-06,,3.7904828786849976e-06,,0.24053868651390076,,0.24699273705482483,,0.10108859837055206,,0.037627432495355606,0.06158633902668953,,,,,,,,,,,,,,
15,,31209,,,,,,,,,,3.119930624961853e-06,,2.41817906498909e-06,,0.19708263874053955,,0.28059476613998413,,0.11245163530111313,,0.03678475320339203,0.06415136158466339,,,,,,,,,,,,,,
15,,31219,,,,,,,,,,5.042180418968201e-06,,3.6368146538734436e-06,,0.20724248886108398,,0.2576211094856262,,0.10939956456422806,,0.039190806448459625,0.06442587822675705,,,,,,,,,,,,,,
15,,31229,,,,,,,,,,6.644055247306824e-06,,2.169981598854065e-06,,0.21054355800151825,,0.24855488538742065,,0.10021865367889404,,0.03565092384815216,0.05966208502650261,,,,,,,,,,,,,,
15,,31239,,,,,,,,,,4.583969712257385e-06,,2.2314488887786865e-06,,0.26222530007362366,,0.2435721904039383,,0.10909828543663025,,0.03819211199879646,0.06360595673322678,,,,,,,,,,,,,,
15,,31249,,,,,,,,,,2.2649765014648438e-06,,5.473848432302475e-06,,0.20024290680885315,,0.2716156542301178,,0.09512220323085785,,0.03480862081050873,0.05903489142656326,,,,,,,,,,,,,,
15,,31259,,,,,,,,,,2.639368176460266e-06,,1.054396852850914e-05,,0.2198973298072815,,0.2689859867095947,,0.09570563584566116,,0.030572393909096718,0.05607346445322037,,,,,,,,,,,,,,
15,,31269,,,,,,,,,,2.5834888219833374e-06,,3.123655915260315e-06,,0.2105378657579422,,0.26730507612228394,,0.10867781937122345,,0.0367635041475296,0.06296227127313614,,,,,,,,,,,,,,
15,,31279,,,,,,,,,,4.021450877189636e-06,,3.832858055830002e-06,,0.17737315595149994,,0.26379045844078064,,0.0988541767001152,,0.033570583909749985,0.05817108228802681,,,,,,,,,,,,,,
15,,31289,,,,,,,,,,5.887821316719055e-06,,3.2195821404457092e-06,,0.21466881036758423,,0.2714022696018219,,0.11594464629888535,,0.041143998503685,0.06785183399915695,,,,,,,,,,,,,,
15,,31299,,,,,,,,,,3.937631845474243e-06,,3.898516297340393e-06,,0.17541226744651794,,0.2521478533744812,,0.11473971605300903,,0.038607463240623474,0.06436006724834442,,,,,,,,,,,,,,
15,,31309,,,,,,,,,,3.11434268951416e-06,,2.759508788585663e-06,,0.21207314729690552,,0.2649412453174591,,0.09981030225753784,,0.03757287934422493,0.06181354448199272,,,,,,,,,,,,,,
15,,31319,,,,,,,,,,3.829598426818848e-06,,2.660788595676422e-06,,0.19991084933280945,,0.2575017809867859,,0.11246195435523987,,0.032389651983976364,0.05980657413601875,,,,,,,,,,,,,,
15,,31329,,,,,,,,,,2.637505531311035e-06,,3.570225089788437e-06,,0.18875718116760254,,0.27486592531204224,,0.09829460829496384,,0.03412508964538574,0.059134844690561295,,,,,,,,,,,,,,
15,,31339,,,,,,,,,,6.100162863731384e-06,,4.150904715061188e-06,,0.2139776051044464,,0.2755773663520813,,0.11051082611083984,,0.03188333660364151,0.06007320433855057,,,,,,,,,,,,,,
15,,31349,,,,,,,,,,3.6191195249557495e-06,,3.4994445741176605e-06,,0.2505926787853241,,0.24937494099140167,,0.1053299605846405,,0.03666721284389496,0.06189098581671715,,,,,,,,,,,,,,
15,,31359,,,,,,,,,,3.330409526824951e-06,,2.5941990315914154e-06,,0.21318413317203522,,0.27042675018310547,,0.10940156877040863,,0.04471610486507416,0.06924129277467728,,,,,,,,,,,,,,
15,,31369,,,,,,,,,,2.2687017917633057e-06,,1.832377165555954e-06,,0.2208942025899887,,0.25726547837257385,,0.10200760513544083,,0.035226963460445404,0.060209281742572784,,,,,,,,,,,,,,
15,,31379,,,,,,,,,,2.4102628231048584e-06,,2.1210871636867523e-06,,0.21276351809501648,,0.2643439769744873,,0.10989657044410706,,0.03821486234664917,0.06416687369346619,,,,,,,,,,,,,,
15,,31389,,,,,,,,,,1.4303252100944519e-05,,3.1245872378349304e-06,,0.2057632952928543,,0.2650497555732727,,0.11762260645627975,,0.042548540979623795,0.06881796568632126,,,,,,,,,,,,,,
15,,31399,,,,,,,,,,3.1832605600357056e-06,,2.682209014892578e-06,,0.25767606496810913,,0.2499118447303772,,0.09952762722969055,,0.03554018586874008,0.06006550416350365,,,,,,,,,,,,,,
15,,31409,,,,,,,,,,4.522502422332764e-06,,4.080124199390411e-06,,0.20400789380073547,,0.2609740197658539,,0.10662827640771866,,0.041326217353343964,0.06562737375497818,,,,,,,,,,,,,,
15,,31419,,,,,,,,,,3.0938535928726196e-06,,2.845190465450287e-06,,0.18074068427085876,,0.2661566734313965,,0.10825715214014053,,0.04216385260224342,0.06653150916099548,,,,,,,,,,,,,,
15,,31429,,,,,,,,,,3.38628888130188e-06,,3.636348992586136e-06,,0.206788569688797,,0.2780543267726898,,0.11469493061304092,,0.0433262474834919,0.06947406381368637,,,,,,,,,,,,,,
15,,31439,,,,,,,,,,3.086403012275696e-06,,3.907829523086548e-06,,0.18678385019302368,,0.2660643458366394,,0.09755808115005493,,0.03466068580746651,0.05896269902586937,,,,,,,,,,,,,,
15,,31449,,,,,,,,,,2.1420419216156006e-06,,3.247056156396866e-06,,0.23419985175132751,,0.252056360244751,,0.10779818892478943,,0.04010250046849251,0.06486455351114273,,,,,,,,,,,,,,
15,,31459,,,,,,,,,,2.983957529067993e-06,,8.35862010717392e-06,,0.18834906816482544,,0.2596814036369324,,0.10157474875450134,,0.036918528378009796,0.0611288957297802,,,,,,,,,,,,,,
15,,31469,,,,,,,,,,1.8123537302017212e-06,,2.175569534301758e-06,,0.18188507854938507,,0.27528440952301025,,0.10336972773075104,,0.03396514058113098,0.05990573763847351,,,,,,,,,,,,,,
15,,31479,,,,,,,,,,3.591179847717285e-06,,2.6775524020195007e-06,,0.1576436161994934,,0.2684466540813446,,0.11560001969337463,,0.03686647117137909,0.06377126276493073,,,,,,,,,,,,,,
15,,31489,,,,,,,,,,1.9259750843048096e-06,,3.030989319086075e-06,,0.218056321144104,,0.255266934633255,,0.09664201736450195,,0.031852129846811295,0.05654427781701088,,,,,,,,,,,,,,
15,,31499,,,,,,,,,,2.073124051094055e-06,,3.1511299312114716e-06,,0.21766731142997742,,0.2582581639289856,,0.11706563085317612,,0.04399032145738602,0.06961619853973389,,,,,,,,,,,,,,
15,,31509,,,,,,,,,,5.487352609634399e-06,,2.5224871933460236e-06,,0.2315627783536911,,0.24860186874866486,,0.1041640192270279,,0.03135369345545769,0.05742689594626427,,,,,,,,,,,,,,
15,,31519,,,,,,,,,,2.2687017917633057e-06,,2.457760274410248e-06,,0.21843254566192627,,0.26581647992134094,,0.10143052786588669,,0.0354757234454155,0.0606597401201725,,,,,,,,,,,,,,
15,,31529,,,,,,,,,,2.8368085622787476e-06,,2.6603229343891144e-06,,0.18738435208797455,,0.27435699105262756,,0.12874087691307068,,0.042009223252534866,0.07071950286626816,,,,,,,,,,,,,,
15,,31539,,,,,,,,,,3.380700945854187e-06,,2.180691808462143e-06,,0.2079506814479828,,0.2558046579360962,,0.09512917697429657,,0.03584809973835945,0.05916501209139824,,,,,,,,,,,,,,
15,,31549,,,,,,,,,,3.520399332046509e-06,,1.9152648746967316e-06,,0.1821066439151764,,0.2482122778892517,,0.11175550520420074,,0.033226169645786285,0.059657372534275055,,,,,,,,,,,,,,
15,,31559,,,,,,,,,,2.989545464515686e-06,,2.8423964977264404e-06,,0.17893165349960327,,0.2741318345069885,,0.10754908621311188,,0.036759715527296066,0.06269735097885132,,,,,,,,,,,,,,
15,,31569,,,,,,,,,,2.9243528842926025e-06,,2.263113856315613e-06,,0.19336789846420288,,0.25339561700820923,,0.10331737995147705,,0.03990329056978226,0.06345892697572708,,,,,,,,,,,,,,
15,,31579,,,,,,,,,,2.596527338027954e-06,,2.9015354812145233e-06,,0.19649586081504822,,0.2717347741127014,,0.09786728024482727,,0.035036928951740265,0.05968264862895012,,,,,,,,,,,,,,
15,,31589,,,,,,,,,,2.823770046234131e-06,,2.3492611944675446e-06,,0.21196195483207703,,0.25639015436172485,,0.11273219436407089,,0.03950939700007439,0.0652875006198883,,,,,,,,,,,,,,
15,,31599,,,,,,,,,,1.909397542476654e-05,,3.4780241549015045e-06,,0.21005362272262573,,0.2563311755657196,,0.10524427145719528,,0.039587751030921936,0.06391683220863342,,,,,,,,,,,,,,
15,,31609,,,,,,,,,,4.656612873077393e-06,,4.937406629323959e-06,,0.2470209300518036,,0.24885247647762299,,0.1162266731262207,,0.039736293256282806,0.06617062538862228,,,,,,,,,,,,,,
15,,31619,,,,,,,,,,4.345551133155823e-06,,4.33577224612236e-06,,0.22068749368190765,,0.2385658621788025,,0.1053377166390419,,0.03368473798036575,0.05879770591855049,,,,,,,,,,,,,,
15,,31629,,,,,,,,,,4.377216100692749e-06,,3.874301910400391e-06,,0.23324888944625854,,0.25162363052368164,,0.11767180263996124,,0.04516790062189102,0.07048485428094864,,,,,,,,,,,,,,
15,,31639,,,,,,,,,,4.895031452178955e-06,,2.2351741790771484e-06,,0.20997589826583862,,0.2502928376197815,,0.10112375766038895,,0.03958381339907646,0.06285705417394638,,,,,,,,,,,,,,
15,,31649,,,,,,,,,,2.2277235984802246e-06,,2.4493783712387085e-06,,0.1912703812122345,,0.27673909068107605,,0.09497861564159393,,0.038834720849990845,0.06216331198811531,,,,,,,,,,,,,,
15,,31659,,,,,,,,,,2.175569534301758e-06,,2.3208558559417725e-06,,0.22769537568092346,,0.26288965344429016,,0.09432824701070786,,0.036488477140665054,0.0600588284432888,,,,,,,,,,,,,,
15,,31669,,,,,,,,,,2.680346369743347e-06,,2.752058207988739e-06,,0.19566203653812408,,0.2718772888183594,,0.1045152023434639,,0.04079167917370796,0.06524346768856049,,,,,,,,,,,,,,
15,,31679,,,,,,,,,,4.015862941741943e-06,,1.8496066331863403e-06,,0.18782749772071838,,0.2679666578769684,,0.11257284879684448,,0.039613984525203705,0.06559596210718155,,,,,,,,,,,,,,
15,,31689,,,,,,,,,,3.2633543014526367e-06,,4.632864147424698e-06,,0.16056133806705475,,0.25913316011428833,,0.11589365452528,,0.03445260599255562,0.06161302328109741,,,,,,,,,,,,,,
15,,31699,,,,,,,,,,4.200264811515808e-06,,3.2368116080760956e-06,,0.23897066712379456,,0.24186860024929047,,0.1009264886379242,,0.03704967349767685,0.06086387485265732,,,,,,,,,,,,,,
15,,31709,,,,,,,,,,4.200264811515808e-06,,2.011191099882126e-06,,0.18857353925704956,,0.2657802402973175,,0.10242696851491928,,0.03342185914516449,0.0589541494846344,,,,,,,,,,,,,,
15,,31719,,,,,,,,,,3.3080577850341797e-06,,2.5206245481967926e-06,,0.2223740518093109,,0.26314806938171387,,0.10016117244958878,,0.036416783928871155,0.061048734933137894,,,,,,,,,,,,,,
15,,31729,,,,,,,,,,3.2261013984680176e-06,,1.994892954826355e-06,,0.23959293961524963,,0.2416611611843109,,0.11289548873901367,,0.0402849018573761,0.06553318351507187,,,,,,,,,,,,,,
15,,31739,,,,,,,,,,2.6281923055648804e-06,,3.171619027853012e-06,,0.21808645129203796,,0.25399288535118103,,0.1056792289018631,,0.0426747128367424,0.066298708319664,,,,,,,,,,,,,,
15,,31749,,,,,,,,,,1.8272548913955688e-06,,3.2242387533187866e-06,,0.21000397205352783,,0.25929901003837585,,0.08896726369857788,,0.03365854546427727,0.05655471980571747,,,,,,,,,,,,,,
15,,31759,,,,,,,,,,5.509704351425171e-06,,2.476852387189865e-06,,0.18245573341846466,,0.2558215260505676,,0.10170558094978333,,0.03731616213917732,0.061201661825180054,,,,,,,,,,,,,,
15,,31769,,,,,,,,,,3.3657997846603394e-06,,3.1087547540664673e-06,,0.20577004551887512,,0.2654939889907837,,0.11207620799541473,,0.03775603696703911,0.0642034038901329,,,,,,,,,,,,,,
15,,31779,,,,,,,,,,2.7958303689956665e-06,,3.400258719921112e-06,,0.17885822057724,,0.2792324423789978,,0.11582189798355103,,0.04139990359544754,0.06796815991401672,,,,,,,,,,,,,,
15,,31789,,,,,,,,,,2.4065375328063965e-06,,2.776738256216049e-06,,0.21574634313583374,,0.2554575204849243,,0.10720928013324738,,0.038278598338365555,0.06332900375127792,,,,,,,,,,,,,,
15,,31799,,,,,,,,,,2.7120113372802734e-06,,3.5478733479976654e-06,,0.20297250151634216,,0.2589148283004761,,0.09436610341072083,,0.031301502138376236,0.05569859966635704,,,,,,,,,,,,,,
15,,31809,,,,,,,,,,3.2726675271987915e-06,,2.1359883248806e-06,,0.18343111872673035,,0.27221187949180603,,0.10871340334415436,,0.03800494968891144,0.06381258368492126,,,,,,,,,,,,,,
15,,31819,,,,,,,,,,3.961846232414246e-06,,2.9266811907291412e-06,,0.23492133617401123,,0.25048545002937317,,0.09433624893426895,,0.03742831200361252,0.06026849523186684,,,,,,,,,,,,,,
15,,31829,,,,,,,,,,4.470348358154297e-06,,3.5241246223449707e-06,,0.21825361251831055,,0.25938230752944946,,0.11703181266784668,,0.04035264998674393,0.06694051623344421,,,,,,,,,,,,,,
15,,31839,,,,,,,,,,3.1441450119018555e-06,,2.3078173398971558e-06,,0.1825636625289917,,0.2707931697368622,,0.10436166822910309,,0.03477361053228378,0.06049564480781555,,,,,,,,,,,,,,
15,,31849,,,,,,,,,,4.062429070472717e-06,,3.776978701353073e-06,,0.2196483165025711,,0.2611122727394104,,0.09725961089134216,,0.03435539826750755,0.05883074924349785,,,,,,,,,,,,,,
15,,31859,,,,,,,,,,2.2668391466140747e-06,,2.898275852203369e-06,,0.18580900132656097,,0.2666928172111511,,0.11357369273900986,,0.04017959162592888,0.06612459570169449,,,,,,,,,,,,,,
15,,31869,,,,,,,,,,4.289671778678894e-06,,3.2177194952964783e-06,,0.19369018077850342,,0.2684416174888611,,0.09862427413463593,,0.02923331782221794,0.0552835538983345,,,,,,,,,,,,,,
15,,31879,,,,,,,,,,3.6209821701049805e-06,,1.5543773770332336e-06,,0.20968183875083923,,0.2506473958492279,,0.11703160405158997,,0.04289866238832474,0.06834042072296143,,,,,,,,,,,,,,
15,,31889,,,,,,,,,,3.1305477023124695e-05,,2.333894371986389e-06,,0.15687140822410583,,0.27078115940093994,,0.12337362766265869,,0.0433194525539875,0.07017051428556442,,,,,,,,,,,,,,
15,,31899,,,,,,,,,,2.5704503059387207e-06,,1.8873251974582672e-06,,0.19407124817371368,,0.25993090867996216,,0.10186198353767395,,0.03588811680674553,0.06048852205276489,,,,,,,,,,,,,,
15,,31909,,,,,,,,,,2.6263296604156494e-06,,3.375113010406494e-06,,0.18470914661884308,,0.27065151929855347,,0.11178834736347198,,0.04110798239707947,0.06665893644094467,,,,,,,,,,,,,,
15,,31919,,,,,,,,,,2.9187649488449097e-06,,2.1634623408317566e-06,,0.19368669390678406,,0.27173912525177,,0.11350366473197937,,0.040981825441122055,0.06704222410917282,,,,,,,,,,,,,,
15,,31929,,,,,,,,,,4.231929779052734e-06,,5.6819990277290344e-06,,0.233552485704422,,0.24817436933517456,,0.114129938185215,,0.042734015733003616,0.06783657521009445,,,,,,,,,,,,,,
15,,31939,,,,,,,,,,2.8070062398910522e-06,,1.948792487382889e-06,,0.1715790182352066,,0.27746257185935974,,0.11026610434055328,,0.04066456854343414,0.06620624661445618,,,,,,,,,,,,,,
15,,31949,,,,,,,,,,2.251937985420227e-06,,2.704095095396042e-06,,0.17527341842651367,,0.2733839750289917,,0.12419426441192627,,0.05054350942373276,0.07608149945735931,,,,,,,,,,,,,,
15,,31959,,,,,,,,,,6.102025508880615e-06,,2.755783498287201e-06,,0.1832902878522873,,0.2591112554073334,,0.10969860106706619,,0.034773487597703934,0.060957275331020355,,,,,,,,,,,,,,
15,,31969,,,,,,,,,,2.8219074010849e-06,,2.6873312890529633e-06,,0.2402440309524536,,0.2547914981842041,,0.0869782567024231,,0.030522603541612625,0.0539722703397274,,,,,,,,,,,,,,
15,,31979,,,,,,,,,,4.334375262260437e-06,,2.1900050342082977e-06,,0.2330417037010193,,0.2609867453575134,,0.09444142878055573,,0.03392523527145386,0.05813061073422432,,,,,,,,,,,,,,
15,,31989,,,,,,,,,,6.748363375663757e-06,,2.2440217435359955e-06,,0.22103309631347656,,0.25820595026016235,,0.11119458079338074,,0.041909582912921906,0.0669911727309227,,,,,,,,,,,,,,
15,,31999,,,,,,,,,,3.891065716743469e-06,,2.8782524168491364e-06,,0.21742889285087585,,0.2594955563545227,,0.10314931720495224,,0.037293434143066406,0.06203758344054222,,,,,,,,,,,,,,
15,,32009,,,,,,,,,,3.296881914138794e-06,,4.495494067668915e-06,,0.20901843905448914,,0.2595750689506531,,0.10964937508106232,,0.03504035621881485,0.06147156283259392,,,,,,,,,,,,,,
15,,32019,,,,,,,,,,4.6156346797943115e-06,,4.8871152102947235e-06,,0.18646544218063354,,0.2569968104362488,,0.09542451053857803,,0.03520720452070236,0.05854367837309837,,,,,,,,,,,,,,
15,,32029,,,,,,,,,,2.4959444999694824e-06,,2.9052607715129852e-06,,0.2518830895423889,,0.2540227472782135,,0.10673706233501434,,0.038408100605010986,0.06369391083717346,,,,,,,,,,,,,,
15,,32039,,,,,,,,,,3.285706043243408e-06,,2.3418106138706207e-06,,0.2015206217765808,,0.2634362578392029,,0.10262847691774368,,0.0360679104924202,0.06101882457733154,,,,,,,,,,,,,,
15,,32049,,,,,,,,,,2.4102628231048584e-06,,2.5015324354171753e-06,,0.22962366044521332,,0.25508224964141846,,0.1016942709684372,,0.033426433801651,0.05879975110292435,,,,,,,,,,,,,,
15,,32059,,,,,,,,,,3.259629011154175e-06,,3.198627382516861e-06,,0.20058301091194153,,0.24965761601924896,,0.10615265369415283,,0.03646673634648323,0.06132194399833679,,,,,,,,,,,,,,
15,,32069,,,,,,,,,,3.2316893339157104e-06,,2.039596438407898e-06,,0.19486938416957855,,0.26485008001327515,,0.09826143085956573,,0.03649424761533737,0.06050795689225197,,,,,,,,,,,,,,
15,,32079,,,,,,,,,,3.421679139137268e-06,,2.1154992282390594e-06,,0.2079058289527893,,0.2658933401107788,,0.1164957657456398,,0.04176870733499527,0.06808626651763916,,,,,,,,,,,,,,
15,,32089,,,,,,,,,,2.4810433387756348e-06,,3.2312236726284027e-06,,0.2151123285293579,,0.2674466371536255,,0.09636940807104111,,0.029248207807540894,0.05507628619670868,,,,,,,,,,,,,,
15,,32099,,,,,,,,,,2.125278115272522e-06,,2.1141022443771362e-06,,0.16972476243972778,,0.27112460136413574,,0.11797966063022614,,0.04135793074965477,0.0678541362285614,,,,,,,,,,,,,,
15,,32109,,,,,,,,,,4.479661583900452e-06,,2.680346369743347e-06,,0.19665570557117462,,0.2687514126300812,,0.11949801445007324,,0.039934370666742325,0.06727537512779236,,,,,,,,,,,,,,
15,,32119,,,,,,,,,,2.8517097234725952e-06,,3.7192367017269135e-06,,0.18302352726459503,,0.2678917646408081,,0.09587021917104721,,0.030791059136390686,0.05578482523560524,,,,,,,,,,,,,,
15,,32129,,,,,,,,,,1.1976808309555054e-05,,3.2614916563034058e-06,,0.213788241147995,,0.2526892423629761,,0.09395803511142731,,0.036809567362070084,0.05958901718258858,,,,,,,,,,,,,,
15,,32139,,,,,,,,,,4.7050416469573975e-06,,1.980457454919815e-06,,0.17773231863975525,,0.2771053910255432,,0.10235786437988281,,0.034952372312545776,0.06049327552318573,,,,,,,,,,,,,,
15,,32149,,,,,,,,,,4.688277840614319e-06,,2.2137537598609924e-06,,0.19581618905067444,,0.25735145807266235,,0.11006629467010498,,0.03574252128601074,0.06181749328970909,,,,,,,,,,,,,,
15,,32159,,,,,,,,,,2.6226043701171875e-06,,2.917833626270294e-06,,0.1833844631910324,,0.271959125995636,,0.11412831395864487,,0.04326256364583969,0.06875990331172943,,,,,,,,,,,,,,
15,,32169,,,,,,,,,,2.21841037273407e-06,,3.4212134778499603e-06,,0.1980915665626526,,0.26590314507484436,,0.10314120352268219,,0.033671602606773376,0.059392787516117096,,,,,,,,,,,,,,
15,,32179,,,,,,,,,,2.4400651454925537e-06,,2.4475157260894775e-06,,0.18560349941253662,,0.2616593837738037,,0.09085553139448166,,0.031723953783512115,0.05528220906853676,,,,,,,,,,,,,,
15,,32189,,,,,,,,,,2.903863787651062e-06,,1.8891878426074982e-06,,0.2199581265449524,,0.2500017285346985,,0.10010422021150589,,0.03447350114583969,0.05893553048372269,,,,,,,,,,,,,,
15,,32199,,,,,,,,,,1.9837170839309692e-06,,2.4312175810337067e-06,,0.2077830284833908,,0.2719118595123291,,0.11264844238758087,,0.04500824213027954,0.07007570564746857,,,,,,,,,,,,,,
15,,32209,,,,,,,,,,3.723427653312683e-06,,3.602355718612671e-06,,0.2858271300792694,,0.24334335327148438,,0.10479951649904251,,0.037176910787820816,0.062304072082042694,,,,,,,,,,,,,,
15,,32219,,,,,,,,,,3.0044466257095337e-06,,2.209097146987915e-06,,0.19277966022491455,,0.26582440733909607,,0.10569525510072708,,0.03619742393493652,0.06170065701007843,,,,,,,,,,,,,,
15,,32229,,,,,,,,,,9.94652509689331e-06,,1.5534460544586182e-06,,0.189924955368042,,0.2687177062034607,,0.11065748333930969,,0.034396495670080185,0.0613824762403965,,,,,,,,,,,,,,
15,,32239,,,,,,,,,,2.4996697902679443e-06,,3.312714397907257e-06,,0.21865934133529663,,0.26785042881965637,,0.11178703606128693,,0.03811223804950714,0.06467795372009277,,,,,,,,,,,,,,
15,,32249,,,,,,,,,,3.0994415283203125e-06,,2.5760382413864136e-06,,0.21596913039684296,,0.25830110907554626,,0.10926133394241333,,0.03587736934423447,0.06204844266176224,,,,,,,,,,,,,,
15,,32259,,,,,,,,,,2.466142177581787e-06,,2.444721758365631e-06,,0.2217683047056198,,0.2734094262123108,,0.11149740219116211,,0.039468951523303986,0.06593850255012512,,,,,,,,,,,,,,
15,,32269,,,,,,,,,,2.648681402206421e-06,,2.0884908735752106e-06,,0.2260207235813141,,0.262032687664032,,0.10585291683673859,,0.03264258801937103,0.0592753030359745,,,,,,,,,,,,,,
15,,32279,,,,,,,,,,3.121793270111084e-06,,4.895497113466263e-06,,0.2112542986869812,,0.2714981436729431,,0.09525959193706512,,0.030568312853574753,0.05600321292877197,,,,,,,,,,,,,,
15,,32289,,,,,,,,,,2.562999725341797e-06,,3.3099204301834106e-06,,0.2268880009651184,,0.2571198344230652,,0.09883314371109009,,0.03300618752837181,0.05801136791706085,,,,,,,,,,,,,,
15,,32299,,,,,,,,,,2.6207417249679565e-06,,3.0961818993091583e-06,,0.19500614702701569,,0.28924131393432617,,0.0922270119190216,,0.035841744393110275,0.060031957924366,,,,,,,,,,,,,,
15,,32303,,,,,,,,,,,,,,,,,,,,,,0.9791195392608643,1.0,1.0,0.9489991068840027,0.9083971381187439,0.9640389680862427,0.9876788854598999,0.06510822474956512,1.1920928955078125e-07,1.1920928955078125e-07,0.20961445569992065,0.2596234977245331,0.1127881407737732,0.03909110277891159
15,,32303,0.9790511727333069,1.0,1.0,0.948940634727478,0.9084084033966064,0.9642651677131653,0.9875306487083435,0.06249701976776123,3.7362838156695943e-06,,3.7163417800911702e-06,,0.210185244679451,,0.2604296803474426,,0.10606342554092407,,0.03723219782114029,,,,,,,,,,,,,,,,
,2.86474508437579e-05,32304,,,,,,,,,,,,,,,,,,,,,,,,,,,,,,,,,,,
16,,32309,,,,,,,,,,2.6263296604156494e-06,,2.952292561531067e-06,,0.2093207836151123,,0.24894484877586365,,0.1170482486486435,,0.03401107341051102,0.06159216910600662,,,,,,,,,,,,,,
16,,32319,,,,,,,,,,2.4903565645217896e-06,,1.776963472366333e-06,,0.22427678108215332,,0.26150649785995483,,0.0952267274260521,,0.03469507396221161,0.058777034282684326,,,,,,,,,,,,,,
16,,32329,,,,,,,,,,2.115964889526367e-06,,2.4312175810337067e-06,,0.22090530395507812,,0.24472208321094513,,0.10956458747386932,,0.035868242383003235,0.06151965633034706,,,,,,,,,,,,,,
16,,32339,,,,,,,,,,2.2705644369125366e-06,,2.0009465515613556e-06,,0.2058664858341217,,0.26055723428726196,,0.10342243313789368,,0.03499344736337662,0.060277633368968964,,,,,,,,,,,,,,
16,,32349,,,,,,,,,,3.1068921089172363e-06,,3.4333206713199615e-06,,0.17624664306640625,,0.26760268211364746,,0.10804735124111176,,0.03826849162578583,0.06358505040407181,,,,,,,,,,,,,,
16,,32359,,,,,,,,,,3.4086406230926514e-06,,4.255212843418121e-06,,0.20091024041175842,,0.25529393553733826,,0.10226131230592728,,0.03345427289605141,0.058600347489118576,,,,,,,,,,,,,,
16,,32369,,,,,,,,,,2.2295862436294556e-06,,3.4640543162822723e-06,,0.20609790086746216,,0.2666541337966919,,0.09618839621543884,,0.03573131188750267,0.05976303294301033,,,,,,,,,,,,,,
16,,32379,,,,,,,,,,1.9166618585586548e-06,,7.691793143749237e-06,,0.26128876209259033,,0.22378838062286377,,0.09905347228050232,,0.03552168235182762,0.05878022313117981,,,,,,,,,,,,,,
16,,32389,,,,,,,,,,2.780929207801819e-06,,1.98977068066597e-06,,0.23121953010559082,,0.25355422496795654,,0.09149843454360962,,0.03213772550225258,0.055867861956357956,,,,,,,,,,,,,,
16,,32399,,,,,,,,,,1.691281795501709e-06,,2.0656734704971313e-06,,0.2122640311717987,,0.25220489501953125,,0.093745656311512,,0.03092598356306553,0.05509483069181442,,,,,,,,,,,,,,
16,,32409,,,,,,,,,,3.6191195249557495e-06,,5.120411515235901e-06,,0.22353845834732056,,0.2499941736459732,,0.10730492323637009,,0.037450987845659256,0.0625612735748291,,,,,,,,,,,,,,
16,,32419,,,,,,,,,,2.0526349544525146e-06,,4.362314939498901e-06,,0.18474330008029938,,0.2752109169960022,,0.10368657112121582,,0.039670590311288834,0.0642753541469574,,,,,,,,,,,,,,
16,,32429,,,,,,,,,,2.7157366275787354e-06,,2.3548491299152374e-06,,0.18899434804916382,,0.26105427742004395,,0.10530008375644684,,0.03523743897676468,0.06063835695385933,,,,,,,,,,,,,,
16,,32439,,,,,,,,,,4.643574357032776e-06,,2.8563663363456726e-06,,0.24652643501758575,,0.2620159387588501,,0.09290539473295212,,0.03298109769821167,0.05734057351946831,,,,,,,,,,,,,,
16,,32449,,,,,,,,,,2.263113856315613e-06,,4.681292921304703e-06,,0.2008225917816162,,0.2533065378665924,,0.09741081297397614,,0.038898568600416183,0.061680667102336884,,,,,,,,,,,,,,
16,,32459,,,,,,,,,,2.9187649488449097e-06,,3.6852434277534485e-06,,0.2542189955711365,,0.2458324432373047,,0.08906958997249603,,0.03337230160832405,0.056246042251586914,,,,,,,,,,,,,,
16,,32469,,,,,,,,,,1.8943101167678833e-06,,4.02471050620079e-06,,0.22537729144096375,,0.26121288537979126,,0.11060036718845367,,0.042285360395908356,0.06735353916883469,,,,,,,,,,,,,,
16,,32479,,,,,,,,,,2.3972243070602417e-06,,2.066604793071747e-06,,0.18776902556419373,,0.28125065565109253,,0.12189764529466629,,0.040371187031269073,0.0685349777340889,,,,,,,,,,,,,,
16,,32489,,,,,,,,,,2.6561319828033447e-06,,2.6961788535118103e-06,,0.23507744073867798,,0.2536684274673462,,0.09565505385398865,,0.03331771492958069,0.05758320167660713,,,,,,,,,,,,,,
16,,32499,,,,,,,,,,1.6987323760986328e-06,,2.3688189685344696e-06,,0.1664145290851593,,0.2856045067310333,,0.11037227511405945,,0.04220180958509445,0.0677005797624588,,,,,,,,,,,,,,
16,,32509,,,,,,,,,,3.6302953958511353e-06,,1.8915161490440369e-06,,0.17213845252990723,,0.2641139030456543,,0.1159418597817421,,0.04325956851243973,0.06859812140464783,,,,,,,,,,,,,,
16,,32519,,,,,,,,,,2.5741755962371826e-06,,2.6938505470752716e-06,,0.20458224415779114,,0.27775001525878906,,0.09418728947639465,,0.03667718917131424,0.06059979647397995,,,,,,,,,,,,,,
16,,32529,,,,,,,,,,2.5406479835510254e-06,,2.527143806219101e-06,,0.20318695902824402,,0.24349439144134521,,0.10601340979337692,,0.03523455187678337,0.06011301279067993,,,,,,,,,,,,,,
16,,32539,,,,,,,,,,2.419576048851013e-06,,2.430751919746399e-06,,0.22905898094177246,,0.24445733428001404,,0.09830458462238312,,0.032857656478881836,0.057232555001974106,,,,,,,,,,,,,,
16,,32549,,,,,,,,,,4.8074871301651e-06,,2.149958163499832e-06,,0.2513967752456665,,0.25908637046813965,,0.1003500372171402,,0.037157125771045685,0.06178930029273033,,,,,,,,,,,,,,
16,,32559,,,,,,,,,,1.955777406692505e-06,,3.5068951547145844e-06,,0.24600911140441895,,0.258984237909317,,0.09353959560394287,,0.03465995565056801,0.05857075750827789,,,,,,,,,,,,,,
16,,32569,,,,,,,,,,3.2372772693634033e-06,,3.3155083656311035e-06,,0.24991023540496826,,0.26087987422943115,,0.09228077530860901,,0.02803826332092285,0.05350179970264435,,,,,,,,,,,,,,
16,,32579,,,,,,,,,,3.7997961044311523e-06,,8.4717757999897e-06,,0.20781296491622925,,0.27244359254837036,,0.11366912722587585,,0.04066940397024155,0.06703751534223557,,,,,,,,,,,,,,
16,,32589,,,,,,,,,,4.105269908905029e-06,,3.289896994829178e-06,,0.24024254083633423,,0.25319892168045044,,0.09891943633556366,,0.03886343538761139,0.06239426136016846,,,,,,,,,,,,,,
16,,32599,,,,,,,,,,2.5257468223571777e-06,,2.080574631690979e-06,,0.20562708377838135,,0.23573046922683716,,0.09679275006055832,,0.03460492193698883,0.057575955986976624,,,,,,,,,,,,,,
16,,32609,,,,,,,,,,2.1494925022125244e-06,,6.930902600288391e-06,,0.22193662822246552,,0.26307281851768494,,0.11318081617355347,,0.04374577850103378,0.06897995620965958,,,,,,,,,,,,,,
16,,32619,,,,,,,,,,5.649402737617493e-06,,2.7404166758060455e-06,,0.18917801976203918,,0.25107139348983765,,0.11271445453166962,,0.03283171355724335,0.059758249670267105,,,,,,,,,,,,,,
16,,32629,,,,,,,,,,1.7583370208740234e-06,,2.7543865144252777e-06,,0.20505066215991974,,0.25945377349853516,,0.1054002046585083,,0.0400824174284935,0.0644049197435379,,,,,,,,,,,,,,
16,,32639,,,,,,,,,,3.116205334663391e-06,,2.634245902299881e-06,,0.22756214439868927,,0.24877390265464783,,0.10458195209503174,,0.034280359745025635,0.05966198444366455,,,,,,,,,,,,,,
16,,32649,,,,,,,,,,1.7397105693817139e-06,,2.8526410460472107e-06,,0.19034919142723083,,0.27361416816711426,,0.09553970396518707,,0.03482861816883087,0.059105921536684036,,,,,,,,,,,,,,
16,,32659,,,,,,,,,,2.9802322387695312e-06,,1.7527490854263306e-06,,0.19573771953582764,,0.26288747787475586,,0.11375518888235092,,0.04406427592039108,0.06901081651449203,,,,,,,,,,,,,,
16,,32669,,,,,,,,,,2.3990869522094727e-06,,2.83634290099144e-06,,0.2324318289756775,,0.2427850365638733,,0.1111179068684578,,0.03755594789981842,0.06312135607004166,,,,,,,,,,,,,,
16,,32679,,,,,,,,,,2.8442591428756714e-06,,3.3886171877384186e-06,,0.21570509672164917,,0.25455862283706665,,0.08415316045284271,,0.02772591821849346,0.05104586109519005,,,,,,,,,,,,,,
16,,32689,,,,,,,,,,4.3120235204696655e-06,,3.0300579965114594e-06,,0.2155882716178894,,0.25242510437965393,,0.10782628506422043,,0.03784225136041641,0.06297335773706436,,,,,,,,,,,,,,
16,,32699,,,,,,,,,,3.458932042121887e-06,,1.8863938748836517e-06,,0.21943357586860657,,0.2550938129425049,,0.1059645488858223,,0.03981393948197365,0.06427352130413055,,,,,,,,,,,,,,
16,,32709,,,,,,,,,,4.738569259643555e-06,,2.168118953704834e-06,,0.19611212611198425,,0.27368515729904175,,0.11291112750768661,,0.03636470064520836,0.06358707696199417,,,,,,,,,,,,,,
16,,32719,,,,,,,,,,1.0455027222633362e-05,,2.4316832423210144e-06,,0.21257442235946655,,0.26053622364997864,,0.11032228916883469,,0.03700468689203262,0.06315811723470688,,,,,,,,,,,,,,
16,,32729,,,,,,,,,,3.3956021070480347e-06,,3.3229589462280273e-06,,0.2257900834083557,,0.258359432220459,,0.10752184689044952,,0.036828018724918365,0.06255321949720383,,,,,,,,,,,,,,
16,,32739,,,,,,,,,,6.504356861114502e-06,,3.037974238395691e-06,,0.21518777310848236,,0.2631779909133911,,0.08483611047267914,,0.029042676091194153,0.05255982279777527,,,,,,,,,,,,,,
16,,32749,,,,,,,,,,3.4850090742111206e-06,,3.2791867852211e-06,,0.2360697090625763,,0.2392725944519043,,0.0996558666229248,,0.031087229028344154,0.05599692463874817,,,,,,,,,,,,,,
16,,32759,,,,,,,,,,2.1774321794509888e-06,,2.127140760421753e-06,,0.20722994208335876,,0.2575407028198242,,0.10085843503475189,,0.031945712864398956,0.057384952902793884,,,,,,,,,,,,,,
16,,32769,,,,,,,,,,2.9206275939941406e-06,,3.234483301639557e-06,,0.18886703252792358,,0.25517046451568604,,0.10956118255853653,,0.03490292653441429,0.060909196734428406,,,,,,,,,,,,,,
16,,32779,,,,,,,,,,3.4552067518234253e-06,,3.997236490249634e-06,,0.19718393683433533,,0.2746286392211914,,0.13117796182632446,,0.04611751809716225,0.07438614964485168,,,,,,,,,,,,,,
16,,32789,,,,,,,,,,5.1781535148620605e-06,,2.8279609978199005e-06,,0.23651522397994995,,0.2523506283760071,,0.09780646860599518,,0.033128559589385986,0.05779985710978508,,,,,,,,,,,,,,
16,,32799,,,,,,,,,,2.596527338027954e-06,,2.2388994693756104e-06,,0.20952913165092468,,0.2654367685317993,,0.11487270891666412,,0.04058081656694412,0.06688834726810455,,,,,,,,,,,,,,
16,,32809,,,,,,,,,,3.121793270111084e-06,,4.64264303445816e-06,,0.20534896850585938,,0.27764958143234253,,0.10486351698637009,,0.0386250801384449,0.06406763195991516,,,,,,,,,,,,,,
16,,32819,,,,,,,,,,2.641230821609497e-06,,2.5741755962371826e-06,,0.2200310081243515,,0.24739381670951843,,0.10819080471992493,,0.04172157496213913,0.06576810032129288,,,,,,,,,,,,,,
16,,32829,,,,,,,,,,2.9727816581726074e-06,,3.9851292967796326e-06,,0.24661877751350403,,0.24643546342849731,,0.11470910906791687,,0.036246489733457565,0.06314998120069504,,,,,,,,,,,,,,
16,,32839,,,,,,,,,,3.945082426071167e-06,,5.252659320831299e-06,,0.1851031482219696,,0.2668646574020386,,0.11411038041114807,,0.038395170122385025,0.06488639861345291,,,,,,,,,,,,,,
16,,32849,,,,,,,,,,3.5315752029418945e-06,,1.8766149878501892e-06,,0.23398873209953308,,0.2488386034965515,,0.10793650150299072,,0.03636786341667175,0.061935488134622574,,,,,,,,,,,,,,
16,,32859,,,,,,,,,,2.4940818548202515e-06,,2.7194619178771973e-06,,0.22390714287757874,,0.2558879256248474,,0.0948350802063942,,0.03165501356124878,0.056155215948820114,,,,,,,,,,,,,,
16,,32869,,,,,,,,,,2.5741755962371826e-06,,3.5157427191734314e-06,,0.15587079524993896,,0.27348142862319946,,0.09228987246751785,,0.03200919181108475,0.05597097799181938,,,,,,,,,,,,,,
16,,32879,,,,,,,,,,2.387911081314087e-06,,3.3155083656311035e-06,,0.2072116732597351,,0.2605550289154053,,0.12148496508598328,,0.03834958001971245,0.06619857251644135,,,,,,,,,,,,,,
16,,32889,,,,,,,,,,3.5725533962249756e-06,,2.6552006602287292e-06,,0.23134057223796844,,0.2641233801841736,,0.11004160344600677,,0.040150731801986694,0.06585374474525452,,,,,,,,,,,,,,
16,,32899,,,,,,,,,,2.9634684324264526e-06,,2.362765371799469e-06,,0.2009715586900711,,0.26335251331329346,,0.09899267554283142,,0.03750406578183174,0.06140395998954773,,,,,,,,,,,,,,
16,,32909,,,,,,,,,,2.294778823852539e-06,,2.4810433387756348e-06,,0.19676457345485687,,0.27005651593208313,,0.11940686404705048,,0.042318083345890045,0.06910897046327591,,,,,,,,,,,,,,
16,,32919,,,,,,,,,,2.5425106287002563e-06,,2.743210643529892e-06,,0.22839392721652985,,0.262188583612442,,0.10109865665435791,,0.036456264555454254,0.06127975136041641,,,,,,,,,,,,,,
16,,32929,,,,,,,,,,3.248453140258789e-06,,2.0707957446575165e-06,,0.2082473188638687,,0.2579399049282074,,0.10132944583892822,,0.033817000687122345,0.05890774726867676,,,,,,,,,,,,,,
16,,32939,,,,,,,,,,4.490837454795837e-06,,2.8191134333610535e-06,,0.22526642680168152,,0.2627623379230499,,0.10373212397098541,,0.04248031973838806,0.06628303229808807,,,,,,,,,,,,,,
16,,32949,,,,,,,,,,2.7213245630264282e-06,,3.4365803003311157e-06,,0.2359025627374649,,0.26292890310287476,,0.1088777482509613,,0.03718725964426994,0.06340979039669037,,,,,,,,,,,,,,
16,,32959,,,,,,,,,,2.261251211166382e-06,,2.6561319828033447e-06,,0.25428611040115356,,0.2474082112312317,,0.11041402071714401,,0.04140456020832062,0.06634943187236786,,,,,,,,,,,,,,
16,,32969,,,,,,,,,,3.997236490249634e-06,,5.261041224002838e-06,,0.21364521980285645,,0.2545422315597534,,0.10211801528930664,,0.03237473592162132,0.05787764862179756,,,,,,,,,,,,,,
16,,32979,,,,,,,,,,5.159527063369751e-06,,2.230517566204071e-06,,0.1985160857439041,,0.26614832878112793,,0.10663547366857529,,0.03248486667871475,0.059174321591854095,,,,,,,,,,,,,,
16,,32989,,,,,,,,,,1.0346993803977966e-05,,2.737622708082199e-06,,0.22470900416374207,,0.2569119930267334,,0.09187239408493042,,0.031130220741033554,0.05526331067085266,,,,,,,,,,,,,,
16,,32999,,,,,,,,,,3.2316893339157104e-06,,4.673376679420471e-06,,0.2372020184993744,,0.2636100649833679,,0.11516088247299194,,0.04211253672838211,0.06833019852638245,,,,,,,,,,,,,,
16,,33009,,,,,,,,,,2.7623027563095093e-06,,2.4763867259025574e-06,,0.16578468680381775,,0.27296745777130127,,0.10818749666213989,,0.032640181481838226,0.05951796844601631,,,,,,,,,,,,,,
16,,33019,,,,,,,,,,2.4139881134033203e-06,,2.8437934815883636e-06,,0.210841566324234,,0.2677938938140869,,0.10562475025653839,,0.03478739410638809,0.060933712869882584,,,,,,,,,,,,,,
16,,33029,,,,,,,,,,4.326924681663513e-06,,1.6088597476482391e-06,,0.18617108464241028,,0.26511505246162415,,0.12973825633525848,,0.044026441872119904,0.07197229564189911,,,,,,,,,,,,,,
16,,33039,,,,,,,,,,1.7564743757247925e-06,,2.069864422082901e-06,,0.22625936567783356,,0.2657562494277954,,0.11143723875284195,,0.03954492509365082,0.06567802280187607,,,,,,,,,,,,,,
16,,33049,,,,,,,,,,2.1457672119140625e-06,,2.9923394322395325e-06,,0.23443721234798431,,0.2733907103538513,,0.11617454141378403,,0.04695120453834534,0.0725763589143753,,,,,,,,,,,,,,
16,,33059,,,,,,,,,,4.0512531995773315e-06,,2.5401823222637177e-06,,0.23222509026527405,,0.2580028772354126,,0.10687384009361267,,0.035262614488601685,0.06131605803966522,,,,,,,,,,,,,,
16,,33069,,,,,,,,,,2.4884939193725586e-06,,3.0677765607833862e-06,,0.20338009297847748,,0.2627793550491333,,0.09300027787685394,,0.037413422018289566,0.060213472694158554,,,,,,,,,,,,,,
16,,33079,,,,,,,,,,2.8386712074279785e-06,,2.725515514612198e-06,,0.20100507140159607,,0.26772159337997437,,0.10962533950805664,,0.03223694860935211,0.059652019292116165,,,,,,,,,,,,,,
16,,33089,,,,,,,,,,2.3134052753448486e-06,,2.725515514612198e-06,,0.21063967049121857,,0.25907695293426514,,0.09310457855463028,,0.03274383768439293,0.056641485542058945,,,,,,,,,,,,,,
16,,33099,,,,,,,,,,2.6579946279525757e-06,,4.501547664403915e-06,,0.24348002672195435,,0.25226834416389465,,0.10059181600809097,,0.03439139574766159,0.059347379952669144,,,,,,,,,,,,,,
16,,33109,,,,,,,,,,4.295259714126587e-06,,3.432389348745346e-06,,0.18880417943000793,,0.25201210379600525,,0.09088094532489777,,0.029916081577539444,0.05351594090461731,,,,,,,,,,,,,,
16,,33119,,,,,,,,,,5.384907126426697e-06,,3.637745976448059e-06,,0.2209671139717102,,0.25824153423309326,,0.09785574674606323,,0.033615656197071075,0.0582684651017189,,,,,,,,,,,,,,
16,,33129,,,,,,,,,,3.986060619354248e-06,,2.908986061811447e-06,,0.1876259744167328,,0.2716686725616455,,0.11344733834266663,,0.03955039754509926,0.06588348746299744,,,,,,,,,,,,,,
16,,33139,,,,,,,,,,2.4978071451187134e-06,,3.1138770282268524e-06,,0.18971772491931915,,0.27486366033554077,,0.09962070733308792,,0.030540073290467262,0.0567052848637104,,,,,,,,,,,,,,
16,,33149,,,,,,,,,,2.5331974029541016e-06,,2.0815059542655945e-06,,0.21694669127464294,,0.25579410791397095,,0.0929398164153099,,0.029445262625813484,0.05405605956912041,,,,,,,,,,,,,,
16,,33159,,,,,,,,,,2.989545464515686e-06,,1.925043761730194e-06,,0.2324720323085785,,0.25741297006607056,,0.10867293179035187,,0.03611857444047928,0.06227082759141922,,,,,,,,,,,,,,
16,,33169,,,,,,,,,,2.248212695121765e-06,,2.571381628513336e-06,,0.2280123233795166,,0.2623823583126068,,0.0890030711889267,,0.025548826903104782,0.050833310931921005,,,,,,,,,,,,,,
16,,33179,,,,,,,,,,1.8700957298278809e-06,,2.263113856315613e-06,,0.19018197059631348,,0.2537667751312256,,0.10916166007518768,,0.04200895503163338,0.06611469388008118,,,,,,,,,,,,,,
16,,33189,,,,,,,,,,2.0246952772140503e-06,,2.0791776478290558e-06,,0.2382868230342865,,0.2570303678512573,,0.11203024536371231,,0.037838246673345566,0.06424076855182648,,,,,,,,,,,,,,
16,,33199,,,,,,,,,,3.4142285585403442e-06,,2.6994384825229645e-06,,0.2030787616968155,,0.2689339220523834,,0.1063733920454979,,0.0368649922311306,0.06259515136480331,,,,,,,,,,,,,,
16,,33209,,,,,,,,,,2.6226043701171875e-06,,2.3101456463336945e-06,,0.22072093188762665,,0.2587035894393921,,0.11192647367715836,,0.04938333481550217,0.07275479286909103,,,,,,,,,,,,,,
16,,33219,,,,,,,,,,3.647059202194214e-06,,2.976972609758377e-06,,0.20969533920288086,,0.24362331628799438,,0.1073797196149826,,0.036738473922014236,0.061579812318086624,,,,,,,,,,,,,,
16,,33229,,,,,,,,,,3.0901283025741577e-06,,2.5848858058452606e-06,,0.20803235471248627,,0.266422301530838,,0.09711696207523346,,0.0363595113158226,0.06042025238275528,,,,,,,,,,,,,,
16,,33239,,,,,,,,,,3.2354146242141724e-06,,2.5192275643348694e-06,,0.2364494502544403,,0.25406399369239807,,0.093441441655159,,0.02967417612671852,0.05446935072541237,,,,,,,,,,,,,,
16,,33249,,,,,,,,,,2.4996697902679443e-06,,7.308553904294968e-06,,0.22751468420028687,,0.24390599131584167,,0.11182008683681488,,0.03861905634403229,0.0640454962849617,,,,,,,,,,,,,,
16,,33259,,,,,,,,,,2.4996697902679443e-06,,2.5210902094841003e-06,,0.21942317485809326,,0.2576955556869507,,0.10858799517154694,,0.038073573261499405,0.06358180940151215,,,,,,,,,,,,,,
16,,33269,,,,,,,,,,2.8852373361587524e-06,,2.405606210231781e-06,,0.2200859785079956,,0.2534412145614624,,0.08468934893608093,,0.029279310256242752,0.05231070891022682,,,,,,,,,,,,,,
16,,33279,,,,,,,,,,4.239380359649658e-06,,2.8079375624656677e-06,,0.2040156126022339,,0.2584682106971741,,0.10997046530246735,,0.045852288603782654,0.06953217089176178,,,,,,,,,,,,,,
16,,33289,,,,,,,,,,3.2316893339157104e-06,,3.203749656677246e-06,,0.20683759450912476,,0.25386402010917664,,0.10329369455575943,,0.03719493746757507,0.061602577567100525,,,,,,,,,,,,,,
16,,33299,,,,,,,,,,2.7958303689956665e-06,,3.56137752532959e-06,,0.24967150390148163,,0.2534255385398865,,0.1099478155374527,,0.0343000665307045,0.0611603707075119,,,,,,,,,,,,,,
16,,33309,,,,,,,,,,7.038936018943787e-06,,2.7688220143318176e-06,,0.21371103823184967,,0.2597026824951172,,0.10192656517028809,,0.03397674113512039,0.059286266565322876,,,,,,,,,,,,,,
16,,33319,,,,,,,,,,2.6747584342956543e-06,,5.0067901611328125e-06,,0.19631484150886536,,0.2757105231285095,,0.10817895829677582,,0.03747672960162163,0.06363115459680557,,,,,,,,,,,,,,
16,,33329,,,,,,,,,,3.375113010406494e-06,,2.8368085622787476e-06,,0.19765010476112366,,0.2698461413383484,,0.10331851243972778,,0.03528302162885666,0.060814596712589264,,,,,,,,,,,,,,
16,,33339,,,,,,,,,,2.78279185295105e-06,,2.629123628139496e-06,,0.2477158010005951,,0.25258874893188477,,0.09574458748102188,,0.036158233880996704,0.05982842296361923,,,,,,,,,,,,,,
16,,33349,,,,,,,,,,2.812594175338745e-06,,3.1781382858753204e-06,,0.1990208774805069,,0.2548186182975769,,0.09670188277959824,,0.032267555594444275,0.056623004376888275,,,,,,,,,,,,,,
16,,33359,,,,,,,,,,3.8929283618927e-06,,2.566725015640259e-06,,0.2296789288520813,,0.2669154107570648,,0.10846961289644241,,0.03681650385260582,0.06316907703876495,,,,,,,,,,,,,,
16,,33369,,,,,,,,,,3.4961849451065063e-06,,2.312473952770233e-06,,0.20814311504364014,,0.2666093111038208,,0.10964907705783844,,0.04089755937457085,0.06618502736091614,,,,,,,,,,,,,,
16,,33379,,,,,,,,,,5.912035703659058e-06,,2.5033950805664062e-06,,0.2036716639995575,,0.2550279498100281,,0.09934602677822113,,0.03302871063351631,0.057754237204790115,,,,,,,,,,,,,,
16,,33389,,,,,,,,,,7.62939453125e-06,,2.1168962121009827e-06,,0.1919153928756714,,0.2570621073246002,,0.10153867304325104,,0.03546767681837082,0.05995269864797592,,,,,,,,,,,,,,
16,,33399,,,,,,,,,,2.739951014518738e-06,,4.213303327560425e-06,,0.2470758855342865,,0.25936147570610046,,0.11336888372898102,,0.03705048933625221,0.06411319226026535,,,,,,,,,,,,,,
16,,33409,,,,,,,,,,5.379319190979004e-06,,2.896878868341446e-06,,0.19883306324481964,,0.2676869034767151,,0.11366221308708191,,0.045946527272462845,0.07066673040390015,,,,,,,,,,,,,,
16,,33419,,,,,,,,,,2.1997839212417603e-06,,3.092922270298004e-06,,0.18101897835731506,,0.2895314395427704,,0.09680116921663284,,0.03855857253074646,0.06277758628129959,,,,,,,,,,,,,,
16,,33429,,,,,,,,,,7.91996717453003e-06,,2.7636997401714325e-06,,0.22038984298706055,,0.2693548798561096,,0.11433251202106476,,0.042103953659534454,0.0682406947016716,,,,,,,,,,,,,,
16,,33439,,,,,,,,,,2.9001384973526e-06,,3.6209821701049805e-06,,0.19343256950378418,,0.2532932758331299,,0.10249075293540955,,0.03426186740398407,0.05906776338815689,,,,,,,,,,,,,,
16,,33449,,,,,,,,,,3.6992132663726807e-06,,3.1855888664722443e-06,,0.20785996317863464,,0.2672853171825409,,0.10134705156087875,,0.032764680683612823,0.058555252850055695,,,,,,,,,,,,,,
16,,33459,,,,,,,,,,4.420056939125061e-06,,3.11434268951416e-06,,0.21637992560863495,,0.2538752555847168,,0.10198266059160233,,0.03548520803451538,0.060186468064785004,,,,,,,,,,,,,,
16,,33469,,,,,,,,,,2.9634684324264526e-06,,2.644956111907959e-06,,0.2148490995168686,,0.25993824005126953,,0.11108274757862091,,0.03740011155605316,0.06359601020812988,,,,,,,,,,,,,,
16,,33479,,,,,,,,,,4.217028617858887e-06,,2.853572368621826e-06,,0.17532441020011902,,0.2644713521003723,,0.10682510584592819,,0.036185622215270996,0.061635661870241165,,,,,,,,,,,,,,
16,,33489,,,,,,,,,,3.8817524909973145e-06,,2.6761554181575775e-06,,0.21698808670043945,,0.26322638988494873,,0.10223164409399033,,0.033647336065769196,0.05929999426007271,,,,,,,,,,,,,,
16,,33499,,,,,,,,,,4.895031452178955e-06,,1.090019941329956e-05,,0.18095704913139343,,0.27904754877090454,,0.11422857642173767,,0.04217619448900223,0.06826765090227127,,,,,,,,,,,,,,
16,,33509,,,,,,,,,,3.4421682357788086e-06,,3.086403012275696e-06,,0.1969616711139679,,0.26535820960998535,,0.09387898445129395,,0.029730174690485,0.05466010794043541,,,,,,,,,,,,,,
16,,33519,,,,,,,,,,2.995133399963379e-06,,2.171378582715988e-06,,0.1695391982793808,,0.2694772481918335,,0.10230597108602524,,0.032798804342746735,0.0584142804145813,,,,,,,,,,,,,,
16,,33529,,,,,,,,,,2.2388994693756104e-06,,2.0223669707775116e-06,,0.19666405022144318,,0.27569204568862915,,0.12569864094257355,,0.0444984994828701,0.07218772172927856,,,,,,,,,,,,,,
16,,33539,,,,,,,,,,2.905726432800293e-06,,2.2388994693756104e-06,,0.21391727030277252,,0.2505680322647095,,0.09595421701669693,,0.029748817905783653,0.0545685812830925,,,,,,,,,,,,,,
16,,33549,,,,,,,,,,2.4512410163879395e-06,,4.483852535486221e-06,,0.1904478669166565,,0.270743727684021,,0.10331800580024719,,0.03374534845352173,0.05961863324046135,,,,,,,,,,,,,,
16,,33559,,,,,,,,,,4.166737198829651e-06,,2.425163984298706e-06,,0.20805111527442932,,0.2540073096752167,,0.10619410872459412,,0.03916614130139351,0.06364624202251434,,,,,,,,,,,,,,
16,,33569,,,,,,,,,,2.4419277906417847e-06,,2.273358404636383e-06,,0.2302173376083374,,0.25337737798690796,,0.10595103353261948,,0.03456929326057434,0.06038246303796768,,,,,,,,,,,,,,
16,,33579,,,,,,,,,,4.557892680168152e-06,,2.105720341205597e-06,,0.17275869846343994,,0.27864333987236023,,0.104476198554039,,0.036346953362226486,0.06195056065917015,,,,,,,,,,,,,,
16,,33589,,,,,,,,,,3.959983587265015e-06,,2.1141022443771362e-06,,0.2290225625038147,,0.251348078250885,,0.09356689453125,,0.03173945099115372,0.05582781881093979,,,,,,,,,,,,,,
16,,33599,,,,,,,,,,2.866610884666443e-06,,3.0240043997764587e-06,,0.2123643457889557,,0.25907477736473083,,0.09770609438419342,,0.035922855138778687,0.05990945175290108,,,,,,,,,,,,,,
16,,33609,,,,,,,,,,2.3692846298217773e-06,,2.219807356595993e-06,,0.23760320246219635,,0.24481241405010223,,0.09716028720140457,,0.03060401976108551,0.055444106459617615,,,,,,,,,,,,,,
16,,33619,,,,,,,,,,4.056841135025024e-06,,2.964399755001068e-06,,0.1805691421031952,,0.25703030824661255,,0.10022497177124023,,0.03421428054571152,0.05863155797123909,,,,,,,,,,,,,,
16,,33629,,,,,,,,,,2.8926879167556763e-06,,3.919471055269241e-06,,0.2100238800048828,,0.25999146699905396,,0.09906622767448425,,0.03358253836631775,0.058424416929483414,,,,,,,,,,,,,,
16,,33639,,,,,,,,,,2.8293579816818237e-06,,2.073589712381363e-06,,0.19871219992637634,,0.26361972093582153,,0.10016000270843506,,0.03900943696498871,0.06273823976516724,,,,,,,,,,,,,,
16,,33649,,,,,,,,,,3.1087547540664673e-06,,1.1105090379714966e-05,,0.19457271695137024,,0.25682318210601807,,0.09186980128288269,,0.029579006135463715,0.053741734474897385,,,,,,,,,,,,,,
16,,33659,,,,,,,,,,4.071742296218872e-06,,3.398861736059189e-06,,0.19597077369689941,,0.25669968128204346,,0.10600148141384125,,0.035403117537498474,0.060771796852350235,,,,,,,,,,,,,,
16,,33669,,,,,,,,,,3.7588179111480713e-06,,3.687571734189987e-06,,0.21680790185928345,,0.27133506536483765,,0.1014978215098381,,0.035040467977523804,0.06058554723858833,,,,,,,,,,,,,,
16,,33679,,,,,,,,,,2.9187649488449097e-06,,2.414453774690628e-06,,0.2156108319759369,,0.2508639395236969,,0.10520109534263611,,0.04054567217826843,0.06443613767623901,,,,,,,,,,,,,,
16,,33689,,,,,,,,,,4.408881068229675e-06,,2.2724270820617676e-06,,0.25765472650527954,,0.23591701686382294,,0.11478021740913391,,0.04554348438978195,0.06977394968271255,,,,,,,,,,,,,,
16,,33699,,,,,,,,,,3.2298266887664795e-06,,3.018416464328766e-06,,0.17569981515407562,,0.2674659490585327,,0.09421912580728531,,0.0348646305501461,0.058425284922122955,,,,,,,,,,,,,,
16,,33709,,,,,,,,,,3.28943133354187e-06,,2.144835889339447e-06,,0.18680430948734283,,0.264232337474823,,0.11216817796230316,,0.03768504410982132,0.06388592720031738,,,,,,,,,,,,,,
16,,33719,,,,,,,,,,2.1774321794509888e-06,,4.21423465013504e-06,,0.22541236877441406,,0.25822746753692627,,0.11643384397029877,,0.03909486532211304,0.0659145638346672,,,,,,,,,,,,,,
16,,33729,,,,,,,,,,4.695728421211243e-06,,3.539957106113434e-06,,0.182525634765625,,0.2690371572971344,,0.09328038990497589,,0.030979998409748077,0.055488720536231995,,,,,,,,,,,,,,
16,,33739,,,,,,,,,,9.682029485702515e-06,,3.991648554801941e-06,,0.2288464605808258,,0.2672737240791321,,0.10805591940879822,,0.04267727956175804,0.0674951896071434,,,,,,,,,,,,,,
16,,33749,,,,,,,,,,5.064532160758972e-06,,4.949979484081268e-06,,0.20740821957588196,,0.2613599896430969,,0.0993322879076004,,0.03805726766586304,0.061864692717790604,,,,,,,,,,,,,,
16,,33759,,,,,,,,,,3.28943133354187e-06,,3.1939707696437836e-06,,0.2301645278930664,,0.2533416152000427,,0.09315771609544754,,0.030883312225341797,0.05521567910909653,,,,,,,,,,,,,,
16,,33769,,,,,,,,,,9.899958968162537e-06,,2.568121999502182e-06,,0.20274725556373596,,0.2516361474990845,,0.09441208094358444,,0.03177781403064728,0.05572063475847244,,,,,,,,,,,,,,
16,,33779,,,,,,,,,,5.127862095832825e-06,,5.953013896942139e-06,,0.21490523219108582,,0.24859493970870972,,0.11830665916204453,,0.04329706355929375,0.06884343177080154,,,,,,,,,,,,,,
16,,33789,,,,,,,,,,2.561137080192566e-06,,6.325077265501022e-06,,0.22900938987731934,,0.2451152354478836,,0.09323105216026306,,0.03496365621685982,0.05789119750261307,,,,,,,,,,,,,,
16,,33799,,,,,,,,,,1.1039897799491882e-05,,3.236345946788788e-06,,0.20718616247177124,,0.26408055424690247,,0.10168168693780899,,0.03032064065337181,0.05662637948989868,,,,,,,,,,,,,,
16,,33809,,,,,,,,,,3.209337592124939e-06,,4.251953214406967e-06,,0.19556903839111328,,0.2580612897872925,,0.10473735630512238,,0.03861871361732483,0.06300613284111023,,,,,,,,,,,,,,
16,,33819,,,,,,,,,,2.7511268854141235e-06,,2.9001384973526e-06,,0.21882034838199615,,0.24615834653377533,,0.09202034771442413,,0.03073916956782341,0.0544244684278965,,,,,,,,,,,,,,
16,,33829,,,,,,,,,,3.691762685775757e-06,,3.101769834756851e-06,,0.20992398262023926,,0.25662004947662354,,0.08590120077133179,,0.029547862708568573,0.05276937782764435,,,,,,,,,,,,,,
16,,33839,,,,,,,,,,3.7979334592819214e-06,,3.111083060503006e-06,,0.20625600218772888,,0.2689630389213562,,0.09254343807697296,,0.03294515609741211,0.057099416851997375,,,,,,,,,,,,,,
16,,33849,,,,,,,,,,2.898275852203369e-06,,2.7869828045368195e-06,,0.24440917372703552,,0.2569335699081421,,0.09142831712961197,,0.027329929172992706,0.05256102979183197,,,,,,,,,,,,,,
16,,33859,,,,,,,,,,3.887340426445007e-06,,3.9120204746723175e-06,,0.1979355812072754,,0.26388442516326904,,0.09439646452665329,,0.03317695111036301,0.057285189628601074,,,,,,,,,,,,,,
16,,33869,,,,,,,,,,3.125518560409546e-06,,2.577435225248337e-06,,0.1735762506723404,,0.2740039825439453,,0.10681573301553726,,0.04274403303861618,0.06698036938905716,,,,,,,,,,,,,,
16,,33879,,,,,,,,,,3.0640512704849243e-06,,4.526227712631226e-06,,0.2321019470691681,,0.24594666063785553,,0.11422503739595413,,0.039910271763801575,0.06561462581157684,,,,,,,,,,,,,,
16,,33889,,,,,,,,,,8.974224328994751e-06,,2.6123598217964172e-06,,0.1946800947189331,,0.25339627265930176,,0.09611424803733826,,0.03488444536924362,0.05835837498307228,,,,,,,,,,,,,,
16,,33899,,,,,,,,,,4.4424086809158325e-06,,3.9692968130111694e-06,,0.19707193970680237,,0.25620508193969727,,0.10017766058444977,,0.033554352819919586,0.05828237161040306,,,,,,,,,,,,,,
16,,33909,,,,,,,,,,4.591420292854309e-06,,4.044733941555023e-06,,0.2393224835395813,,0.26118069887161255,,0.09508105367422104,,0.03812927007675171,0.06148708611726761,,,,,,,,,,,,,,
16,,33919,,,,,,,,,,3.0938535928726196e-06,,3.97954136133194e-06,,0.20158669352531433,,0.2512451410293579,,0.08906649053096771,,0.02997332066297531,0.05333245173096657,,,,,,,,,,,,,,
16,,33929,,,,,,,,,,3.688037395477295e-06,,3.103632479906082e-06,,0.22175943851470947,,0.2645753026008606,,0.10984429717063904,,0.039234459400177,0.06503825634717941,,,,,,,,,,,,,,
16,,33939,,,,,,,,,,2.771615982055664e-06,,2.0051375031471252e-06,,0.19612637162208557,,0.2657437324523926,,0.10248225927352905,,0.0362560898065567,0.06117752939462662,,,,,,,,,,,,,,
16,,33949,,,,,,,,,,4.390254616737366e-06,,6.468966603279114e-06,,0.2231743484735489,,0.2533877491950989,,0.10474944859743118,,0.0363420806825161,0.06140496954321861,,,,,,,,,,,,,,
16,,33959,,,,,,,,,,2.808868885040283e-06,,3.428664058446884e-06,,0.18846386671066284,,0.25990378856658936,,0.12398378551006317,,0.04307279735803604,0.06996019929647446,,,,,,,,,,,,,,
16,,33969,,,,,,,,,,3.255903720855713e-06,,2.6193447411060333e-06,,0.19408917427062988,,0.25785958766937256,,0.10975727438926697,,0.034204043447971344,0.06060897931456566,,,,,,,,,,,,,,
16,,33979,,,,,,,,,,3.67872416973114e-06,,5.2908435463905334e-06,,0.22505560517311096,,0.2621605396270752,,0.10779288411140442,,0.03813907504081726,0.06375720351934433,,,,,,,,,,,,,,
16,,33989,,,,,,,,,,3.935769200325012e-06,,3.4892000257968903e-06,,0.1841064691543579,,0.26836082339286804,,0.10430437326431274,,0.03518972173333168,0.06070110574364662,,,,,,,,,,,,,,
16,,33999,,,,,,,,,,4.82611358165741e-06,,3.012828528881073e-06,,0.19944235682487488,,0.2598215937614441,,0.1031619980931282,,0.03885648772120476,0.06301698833703995,,,,,,,,,,,,,,
16,,34009,,,,,,,,,,2.348795533180237e-06,,2.9900111258029938e-06,,0.19436028599739075,,0.26040273904800415,,0.10368521511554718,,0.03608637675642967,0.06100470572710037,,,,,,,,,,,,,,
16,,34019,,,,,,,,,,2.779066562652588e-06,,2.798624336719513e-06,,0.19357869029045105,,0.26338863372802734,,0.09916599094867706,,0.03526834771037102,0.05967430770397186,,,,,,,,,,,,,,
16,,34029,,,,,,,,,,4.852190613746643e-06,,3.400258719921112e-06,,0.19870316982269287,,0.25500723719596863,,0.10603762418031693,,0.03857827186584473,0.06311319768428802,,,,,,,,,,,,,,
16,,34039,,,,,,,,,,4.511326551437378e-06,,4.450790584087372e-06,,0.25355035066604614,,0.24008776247501373,,0.09907136857509613,,0.03758377954363823,0.06100403517484665,,,,,,,,,,,,,,
16,,34049,,,,,,,,,,5.5674463510513306e-06,,2.84658744931221e-06,,0.216061532497406,,0.2534559667110443,,0.10431599617004395,,0.036966659128665924,0.06171204522252083,,,,,,,,,,,,,,
16,,34059,,,,,,,,,,4.220753908157349e-06,,2.709217369556427e-06,,0.19597101211547852,,0.26718294620513916,,0.10152016580104828,,0.028457798063755035,0.055212605744600296,,,,,,,,,,,,,,
16,,34069,,,,,,,,,,2.2202730178833008e-06,,4.0121376514434814e-06,,0.25544461607933044,,0.2418636977672577,,0.11087991297245026,,0.038295406848192215,0.06385800242424011,,,,,,,,,,,,,,
16,,34079,,,,,,,,,,3.6209821701049805e-06,,2.8992071747779846e-06,,0.19742140173912048,,0.26346075534820557,,0.11936093121767044,,0.0369502529501915,0.06477194279432297,,,,,,,,,,,,,,
16,,34089,,,,,,,,,,2.2258609533309937e-06,,2.544838935136795e-06,,0.20512370765209198,,0.26468226313591003,,0.12025294452905655,,0.04128144681453705,0.06833598017692566,,,,,,,,,,,,,,
16,,34099,,,,,,,,,,3.850087523460388e-06,,2.609565854072571e-06,,0.17954862117767334,,0.2713531255722046,,0.10488198697566986,,0.03499365225434303,0.060749221593141556,,,,,,,,,,,,,,
16,,34109,,,,,,,,,,3.0174851417541504e-06,,3.0496157705783844e-06,,0.2104264199733734,,0.2745151221752167,,0.11987017095088959,,0.040155552327632904,0.06794275343418121,,,,,,,,,,,,,,
16,,34119,,,,,,,,,,4.993751645088196e-06,,2.809334546327591e-06,,0.2487071454524994,,0.2419651746749878,,0.10414049029350281,,0.037297382950782776,0.061771128326654434,,,,,,,,,,,,,,
16,,34129,,,,,,,,,,2.5853514671325684e-06,,4.0833838284015656e-06,,0.21122458577156067,,0.2672871947288513,,0.11836609244346619,,0.04698970913887024,0.07245800644159317,,,,,,,,,,,,,,
16,,34139,,,,,,,,,,4.30084764957428e-06,,3.2335519790649414e-06,,0.21809951961040497,,0.2572759687900543,,0.10150718688964844,,0.031443070620298386,0.05724455043673515,,,,,,,,,,,,,,
16,,34149,,,,,,,,,,2.812594175338745e-06,,4.6584755182266235e-06,,0.17296776175498962,,0.27081504464149475,,0.10617941617965698,,0.03625311702489853,0.06183501332998276,,,,,,,,,,,,,,
16,,34159,,,,,,,,,,2.505257725715637e-06,,5.306676030158997e-06,,0.2101583629846573,,0.27261728048324585,,0.11929057538509369,,0.04079893231391907,0.06822458654642105,,,,,,,,,,,,,,
16,,34169,,,,,,,,,,2.9765069484710693e-06,,6.631482392549515e-06,,0.21515998244285583,,0.2631083130836487,,0.11583071202039719,,0.03911961615085602,0.06592869758605957,,,,,,,,,,,,,,
16,,34179,,,,,,,,,,2.902001142501831e-06,,3.7178397178649902e-06,,0.2421811819076538,,0.2590973377227783,,0.11215341836214066,,0.04175896570086479,0.0673476904630661,,,,,,,,,,,,,,
16,,34189,,,,,,,,,,2.3134052753448486e-06,,8.293893188238144e-06,,0.2105913609266281,,0.2580013871192932,,0.10625804960727692,,0.038143619894981384,0.06310822069644928,,,,,,,,,,,,,,
16,,34199,,,,,,,,,,3.069639205932617e-06,,4.16068360209465e-06,,0.21992477774620056,,0.271811842918396,,0.09387749433517456,,0.029342902824282646,0.05494105815887451,,,,,,,,,,,,,,
16,,34209,,,,,,,,,,5.036592483520508e-06,,3.7117861211299896e-06,,0.21365797519683838,,0.25771719217300415,,0.0940658301115036,,0.035067811608314514,0.05853680893778801,,,,,,,,,,,,,,
16,,34219,,,,,,,,,,2.1867454051971436e-06,,3.536231815814972e-06,,0.19247806072235107,,0.26704367995262146,,0.11195439845323563,,0.038945071399211884,0.06498941034078598,,,,,,,,,,,,,,
16,,34229,,,,,,,,,,4.174187779426575e-06,,3.134366124868393e-06,,0.20947538316249847,,0.2536383867263794,,0.10580791532993317,,0.03434599190950394,0.059957217425107956,,,,,,,,,,,,,,
16,,34239,,,,,,,,,,4.623085260391235e-06,,3.0011869966983795e-06,,0.20944619178771973,,0.2509816884994507,,0.08994185924530029,,0.030855359509587288,0.05423808842897415,,,,,,,,,,,,,,
16,,34249,,,,,,,,,,3.3061951398849487e-06,,5.806330591440201e-06,,0.17688944935798645,,0.26179176568984985,,0.10171689093112946,,0.03607109934091568,0.06048444285988808,,,,,,,,,,,,,,
16,,34259,,,,,,,,,,4.205852746963501e-06,,3.963243216276169e-06,,0.15454906225204468,,0.2839290499687195,,0.10973377525806427,,0.037667252123355865,0.0639614462852478,,,,,,,,,,,,,,
16,,34269,,,,,,,,,,3.909692168235779e-06,,3.601890057325363e-06,,0.22691157460212708,,0.2545590400695801,,0.1115754097700119,,0.041510775685310364,0.06666133552789688,,,,,,,,,,,,,,
16,,34279,,,,,,,,,,6.068497896194458e-06,,3.364868462085724e-06,,0.2302190661430359,,0.24089956283569336,,0.10517922788858414,,0.0407661572098732,0.06430148333311081,,,,,,,,,,,,,,
16,,34289,,,,,,,,,,2.348795533180237e-06,,3.245193511247635e-06,,0.2453291118144989,,0.25333064794540405,,0.10558957606554031,,0.036836475133895874,0.06219042092561722,,,,,,,,,,,,,,
16,,34299,,,,,,,,,,5.647540092468262e-06,,3.0552037060260773e-06,,0.1834026277065277,,0.2651180922985077,,0.11343611031770706,,0.037004001438617706,0.06361447274684906,,,,,,,,,,,,,,
16,,34309,,,,,,,,,,4.67151403427124e-06,,4.609115421772003e-06,,0.23212158679962158,,0.23849910497665405,,0.10544216632843018,,0.031961508095264435,0.0576554536819458,,,,,,,,,,,,,,
16,,34319,,,,,,,,,,4.4442713260650635e-06,,3.8030557334423065e-06,,0.18671181797981262,,0.27512025833129883,,0.10459203273057938,,0.039523303508758545,0.06435350328683853,,,,,,,,,,,,,,
16,,34322,,,,,,,,,,,,,,,,,,,,,,0.9791715741157532,1.0,1.0,0.9489991068840027,0.9083371162414551,0.9640870690345764,0.9877400994300842,0.06456831097602844,1.1920928955078125e-07,1.7881393432617188e-07,0.2095746099948883,0.259613573551178,0.11218614131212234,0.03852308541536331
16,,34322,0.9791842699050903,1.0,1.0,0.948940634727478,0.9084537625312805,0.9645233154296875,0.9876422882080078,0.06202709302306175,3.7555785183940316e-06,,3.2931322948570596e-06,,0.21018953621387482,,0.2603116035461426,,0.1052200198173523,,0.03682396560907364,,,,,,,,,,,,,,,,
,1.6349021371744834e-05,34323,,,,,,,,,,,,,,,,,,,,,,,,,,,,,,,,,,,
17,,34329,,,,,,,,,,1.0134652256965637e-05,,3.058928996324539e-06,,0.2398662269115448,,0.24855376780033112,,0.10744692385196686,,0.03816256672143936,0.06324557214975357,,,,,,,,,,,,,,
17,,34339,,,,,,,,,,3.6228448152542114e-06,,2.8614886105060577e-06,,0.23999711871147156,,0.24941961467266083,,0.10875121504068375,,0.04052702710032463,0.06530608981847763,,,,,,,,,,,,,,
17,,34349,,,,,,,,,,6.407499313354492e-06,,2.9229559004306793e-06,,0.19991961121559143,,0.26297831535339355,,0.12006501853466034,,0.04273824021220207,0.06925271451473236,,,,,,,,,,,,,,
17,,34359,,,,,,,,,,3.809109330177307e-06,,3.2265670597553253e-06,,0.20004704594612122,,0.27940693497657776,,0.0968995988368988,,0.03378213942050934,0.05896119028329849,,,,,,,,,,,,,,
17,,34369,,,,,,,,,,5.405396223068237e-06,,3.170222043991089e-06,,0.19064989686012268,,0.2728157043457031,,0.10737637430429459,,0.04039015620946884,0.0654640942811966,,,,,,,,,,,,,,
17,,34379,,,,,,,,,,2.8908252716064453e-06,,3.377441316843033e-06,,0.2526988983154297,,0.25497332215309143,,0.10650429129600525,,0.036094941198825836,0.0619690977036953,,,,,,,,,,,,,,
17,,34389,,,,,,,,,,3.419816493988037e-06,,3.437977284193039e-06,,0.23168721795082092,,0.26464390754699707,,0.09780120849609375,,0.03311431035399437,0.05830797553062439,,,,,,,,,,,,,,
17,,34399,,,,,,,,,,3.829598426818848e-06,,3.4961849451065063e-06,,0.21555642783641815,,0.26951318979263306,,0.11079548299312592,,0.041494958102703094,0.06707124412059784,,,,,,,,,,,,,,
17,,34409,,,,,,,,,,3.11434268951416e-06,,2.643093466758728e-06,,0.22042298316955566,,0.2676100730895996,,0.09550009667873383,,0.032044343650341034,0.05708077922463417,,,,,,,,,,,,,,
17,,34419,,,,,,,,,,4.673376679420471e-06,,2.741347998380661e-06,,0.2317102551460266,,0.24112039804458618,,0.12060067057609558,,0.04332198575139046,0.06913888454437256,,,,,,,,,,,,,,
17,,34429,,,,,,,,,,3.0249357223510742e-06,,2.7730129659175873e-06,,0.18442228436470032,,0.2669846713542938,,0.09116257727146149,,0.03139762207865715,0.055330827832221985,,,,,,,,,,,,,,
17,,34439,,,,,,,,,,7.444992661476135e-06,,4.127621650695801e-06,,0.20988234877586365,,0.26687490940093994,,0.10418269038200378,,0.032126106321811676,0.058612480759620667,,,,,,,,,,,,,,
17,,34449,,,,,,,,,,2.1494925022125244e-06,,2.9383227229118347e-06,,0.22764086723327637,,0.25881722569465637,,0.09638702869415283,,0.033288441598415375,0.05785275623202324,,,,,,,,,,,,,,
17,,34459,,,,,,,,,,2.5425106287002563e-06,,3.133900463581085e-06,,0.18528853356838226,,0.2727840840816498,,0.09714864194393158,,0.03386836126446724,0.058589063584804535,,,,,,,,,,,,,,
17,,34469,,,,,,,,,,5.37186861038208e-06,,2.453569322824478e-06,,0.23749147355556488,,0.23719477653503418,,0.09300093352794647,,0.03269750624895096,0.05587606504559517,,,,,,,,,,,,,,
17,,34479,,,,,,,,,,5.302950739860535e-06,,3.788154572248459e-06,,0.22333863377571106,,0.26002490520477295,,0.09878146648406982,,0.036698102951049805,0.06086589768528938,,,,,,,,,,,,,,
17,,34489,,,,,,,,,,1.1986121535301208e-05,,3.4421682357788086e-06,,0.23166945576667786,,0.24617305397987366,,0.10618606954813004,,0.03968323394656181,0.06394218653440475,,,,,,,,,,,,,,
17,,34499,,,,,,,,,,3.982335329055786e-06,,4.963483661413193e-06,,0.18225014209747314,,0.2739596962928772,,0.12180957198143005,,0.043184131383895874,0.0702221617102623,,,,,,,,,,,,,,
17,,34509,,,,,,,,,,3.330409526824951e-06,,4.1066668927669525e-06,,0.19313040375709534,,0.25793394446372986,,0.098409503698349,,0.039529092609882355,0.06246776878833771,,,,,,,,,,,,,,
17,,34519,,,,,,,,,,3.2745301723480225e-06,,3.189314156770706e-06,,0.19384858012199402,,0.2622728943824768,,0.08738073706626892,,0.02746390551328659,0.05156011879444122,,,,,,,,,,,,,,
17,,34529,,,,,,,,,,5.837529897689819e-06,,2.8274953365325928e-06,,0.18497592210769653,,0.2781403958797455,,0.11042661219835281,,0.04493477940559387,0.06962860375642776,,,,,,,,,,,,,,
17,,34539,,,,,,,,,,4.565343260765076e-06,,2.209097146987915e-06,,0.2280130684375763,,0.24864448606967926,,0.10070853680372238,,0.038654543459415436,0.062216199934482574,,,,,,,,,,,,,,
17,,34549,,,,,,,,,,2.6691704988479614e-06,,3.1278468668460846e-06,,0.2054453194141388,,0.2640330195426941,,0.10729873180389404,,0.03845150023698807,0.06375682353973389,,,,,,,,,,,,,,
17,,34559,,,,,,,,,,4.0940940380096436e-06,,5.00120222568512e-06,,0.24232110381126404,,0.23575596511363983,,0.09050297737121582,,0.032813746482133865,0.05548394098877907,,,,,,,,,,,,,,
17,,34569,,,,,,,,,,2.29664146900177e-06,,3.382563591003418e-06,,0.16425630450248718,,0.2620445489883423,,0.11181995272636414,,0.043515756726264954,0.06782784312963486,,,,,,,,,,,,,,
17,,34579,,,,,,,,,,3.777444362640381e-06,,3.1944364309310913e-06,,0.17484180629253387,,0.27049291133880615,,0.10543446242809296,,0.03725963458418846,0.06245723366737366,,,,,,,,,,,,,,
17,,34589,,,,,,,,,,3.689900040626526e-06,,2.4135224521160126e-06,,0.2060660421848297,,0.2529643476009369,,0.10516306757926941,,0.03404071182012558,0.05953569337725639,,,,,,,,,,,,,,
17,,34599,,,,,,,,,,4.453584551811218e-06,,2.5550834834575653e-06,,0.24551227688789368,,0.2549535632133484,,0.09896810352802277,,0.03614391013979912,0.06050728261470795,,,,,,,,,,,,,,
17,,34609,,,,,,,,,,2.5816261768341064e-06,,2.548564225435257e-06,,0.22093845903873444,,0.24833029508590698,,0.09275877475738525,,0.03030328080058098,0.054362617433071136,,,,,,,,,,,,,,
17,,34619,,,,,,,,,,4.986301064491272e-06,,2.737622708082199e-06,,0.2602640986442566,,0.23736199736595154,,0.08869802206754684,,0.028209857642650604,0.051977287977933884,,,,,,,,,,,,,,
17,,34629,,,,,,,,,,3.2782554626464844e-06,,2.0614825189113617e-06,,0.19673866033554077,,0.2563517093658447,,0.10405147820711136,,0.0377143919467926,0.06213264539837837,,,,,,,,,,,,,,
17,,34639,,,,,,,,,,3.295019268989563e-06,,2.074986696243286e-06,,0.1743919551372528,,0.26008784770965576,,0.10281629860401154,,0.040869057178497314,0.06418080627918243,,,,,,,,,,,,,,
17,,34649,,,,,,,,,,4.241243004798889e-06,,2.6193447411060333e-06,,0.19331702589988708,,0.26114895939826965,,0.10115969181060791,,0.037335872650146484,0.061491165310144424,,,,,,,,,,,,,,
17,,34659,,,,,,,,,,3.85381281375885e-06,,3.475695848464966e-06,,0.2525957226753235,,0.25463616847991943,,0.09715953469276428,,0.034147463738918304,0.05873854085803032,,,,,,,,,,,,,,
17,,34669,,,,,,,,,,3.729015588760376e-06,,1.85379758477211e-06,,0.2183254361152649,,0.2537357211112976,,0.10443490743637085,,0.03841294348239899,0.06285896897315979,,,,,,,,,,,,,,
17,,34679,,,,,,,,,,3.734603524208069e-06,,2.209097146987915e-06,,0.22309494018554688,,0.24315446615219116,,0.10038138926029205,,0.037064746022224426,0.0606471486389637,,,,,,,,,,,,,,
17,,34689,,,,,,,,,,3.9637088775634766e-06,,2.520158886909485e-06,,0.21493083238601685,,0.26458024978637695,,0.11270935088396072,,0.03730112314224243,0.06404541432857513,,,,,,,,,,,,,,
17,,34699,,,,,,,,,,4.298985004425049e-06,,2.4922192096710205e-06,,0.18678860366344452,,0.27169251441955566,,0.1081836149096489,,0.03368017449975014,0.06048385053873062,,,,,,,,,,,,,,
17,,34709,,,,,,,,,,5.973502993583679e-06,,4.659406840801239e-06,,0.19010132551193237,,0.2706960141658783,,0.10456860810518265,,0.04034456983208656,0.06479750573635101,,,,,,,,,,,,,,
17,,34719,,,,,,,,,,2.946704626083374e-06,,2.9597431421279907e-06,,0.21463391184806824,,0.2597898840904236,,0.10483190417289734,,0.03588521480560303,0.06127775460481644,,,,,,,,,,,,,,
17,,34729,,,,,,,,,,4.738569259643555e-06,,3.0011869966983795e-06,,0.19475582242012024,,0.2800530791282654,,0.11878354847431183,,0.039173323661088943,0.06707808375358582,,,,,,,,,,,,,,
17,,34739,,,,,,,,,,6.385147571563721e-06,,4.002824425697327e-06,,0.20744189620018005,,0.25872886180877686,,0.08716385066509247,,0.031717706471681595,0.05470374971628189,,,,,,,,,,,,,,
17,,34749,,,,,,,,,,2.5853514671325684e-06,,3.6330893635749817e-06,,0.19192194938659668,,0.26666176319122314,,0.10098132491111755,,0.03505672514438629,0.059990059584379196,,,,,,,,,,,,,,
17,,34759,,,,,,,,,,7.923692464828491e-06,,2.7371570467948914e-06,,0.23374688625335693,,0.24644964933395386,,0.09881152212619781,,0.03512930870056152,0.05918015167117119,,,,,,,,,,,,,,
17,,34769,,,,,,,,,,3.293156623840332e-06,,2.1490268409252167e-06,,0.2089889645576477,,0.2517145276069641,,0.10531222820281982,,0.035800494253635406,0.06085949018597603,,,,,,,,,,,,,,
17,,34779,,,,,,,,,,3.0621886253356934e-06,,3.5674311220645905e-06,,0.2347235083580017,,0.25024864077568054,,0.09907779097557068,,0.03476637229323387,0.05914739519357681,,,,,,,,,,,,,,
17,,34789,,,,,,,,,,4.1853636503219604e-06,,2.4116598069667816e-06,,0.21489937603473663,,0.2737535834312439,,0.0909557193517685,,0.0338718444108963,0.05782276391983032,,,,,,,,,,,,,,
17,,34799,,,,,,,,,,2.5797635316848755e-06,,2.3120082914829254e-06,,0.21719646453857422,,0.25289955735206604,,0.08855786174535751,,0.031268008053302765,0.054468847811222076,,,,,,,,,,,,,,
17,,34809,,,,,,,,,,2.466142177581787e-06,,3.157183527946472e-06,,0.20378875732421875,,0.25272098183631897,,0.09500168263912201,,0.03604574501514435,0.05909601226449013,,,,,,,,,,,,,,
17,,34819,,,,,,,,,,2.3636966943740845e-06,,2.693384885787964e-06,,0.20863854885101318,,0.25549575686454773,,0.1219823881983757,,0.04196852445602417,0.06878624111413956,,,,,,,,,,,,,,
17,,34829,,,,,,,,,,2.516433596611023e-06,,2.453569322824478e-06,,0.22044777870178223,,0.2749977111816406,,0.10627397894859314,,0.034281544387340546,0.06112635135650635,,,,,,,,,,,,,,
17,,34839,,,,,,,,,,3.28943133354187e-06,,4.514586180448532e-06,,0.1944875717163086,,0.2536139488220215,,0.11442695558071136,,0.0383404865860939,0.06439346075057983,,,,,,,,,,,,,,
17,,34849,,,,,,,,,,3.991834819316864e-05,,2.9993243515491486e-06,,0.23632703721523285,,0.2567466199398041,,0.11674857139587402,,0.04148141294717789,0.06782247126102448,,,,,,,,,,,,,,
17,,34859,,,,,,,,,,2.084299921989441e-06,,5.406327545642853e-06,,0.20484963059425354,,0.27219945192337036,,0.10207308828830719,,0.03746667504310608,0.06241389736533165,,,,,,,,,,,,,,
17,,34869,,,,,,,,,,3.207474946975708e-06,,3.516674041748047e-06,,0.18541376292705536,,0.2684778571128845,,0.10310187935829163,,0.035985831171274185,0.06109362095594406,,,,,,,,,,,,,,
17,,34879,,,,,,,,,,3.563240170478821e-06,,2.2975727915763855e-06,,0.18631398677825928,,0.2609127163887024,,0.11384236812591553,,0.036625634878873825,0.06324376910924911,,,,,,,,,,,,,,
17,,34889,,,,,,,,,,4.254281520843506e-06,,3.1027011573314667e-06,,0.18197518587112427,,0.2794134020805359,,0.11350176483392715,,0.03799345716834068,0.06502258777618408,,,,,,,,,,,,,,
17,,34899,,,,,,,,,,2.464279532432556e-06,,3.0314549803733826e-06,,0.20576956868171692,,0.2575761377811432,,0.11087486892938614,,0.033919744193553925,0.060728929936885834,,,,,,,,,,,,,,
17,,34909,,,,,,,,,,4.779547452926636e-06,,2.5560148060321808e-06,,0.20225873589515686,,0.2718577980995178,,0.10930219292640686,,0.038175828754901886,0.06425528973340988,,,,,,,,,,,,,,
17,,34919,,,,,,,,,,3.7364661693573e-06,,4.048924893140793e-06,,0.24050162732601166,,0.2563439607620239,,0.10400471836328506,,0.03578682988882065,0.06119046360254288,,,,,,,,,,,,,,
17,,34929,,,,,,,,,,4.731118679046631e-06,,3.1176023185253143e-06,,0.22505706548690796,,0.25639092922210693,,0.10221201926469803,,0.03830090910196304,0.06256143003702164,,,,,,,,,,,,,,
17,,34939,,,,,,,,,,3.3639371395111084e-06,,3.441702574491501e-06,,0.220140278339386,,0.2682434320449829,,0.1009475588798523,,0.03393641859292984,0.059548214077949524,,,,,,,,,,,,,,
17,,34949,,,,,,,,,,1.994892954826355e-06,,2.5960616767406464e-06,,0.23856067657470703,,0.2653598189353943,,0.0913562998175621,,0.031764596700668335,0.05620085820555687,,,,,,,,,,,,,,
17,,34959,,,,,,,,,,2.769753336906433e-06,,2.368353307247162e-06,,0.21782174706459045,,0.2755923867225647,,0.09313185513019562,,0.029116742312908173,0.05478415638208389,,,,,,,,,,,,,,
17,,34969,,,,,,,,,,3.3602118492126465e-06,,2.757646143436432e-06,,0.21693214774131775,,0.2732917070388794,,0.11221066117286682,,0.0400814414024353,0.06646954268217087,,,,,,,,,,,,,,
17,,34979,,,,,,,,,,3.3974647521972656e-06,,2.498738467693329e-06,,0.21774320304393768,,0.25333842635154724,,0.1036028265953064,,0.03577963262796402,0.06070199981331825,,,,,,,,,,,,,,
17,,34989,,,,,,,,,,3.3155083656311035e-06,,3.0333176255226135e-06,,0.25042998790740967,,0.2570534944534302,,0.10527123510837555,,0.03243620693683624,0.05906405299901962,,,,,,,,,,,,,,
17,,34999,,,,,,,,,,4.978850483894348e-06,,2.2831372916698456e-06,,0.18143627047538757,,0.28405845165252686,,0.11378034204244614,,0.040712594985961914,0.06732615828514099,,,,,,,,,,,,,,
17,,35009,,,,,,,,,,3.693625330924988e-06,,2.5373883545398712e-06,,0.2253638505935669,,0.25502195954322815,,0.11316390335559845,,0.03524237126111984,0.06226035952568054,,,,,,,,,,,,,,
17,,35019,,,,,,,,,,4.859641194343567e-06,,3.203749656677246e-06,,0.21307343244552612,,0.2667081952095032,,0.12100133299827576,,0.043084777891635895,0.07001734524965286,,,,,,,,,,,,,,
17,,35029,,,,,,,,,,3.809109330177307e-06,,2.4903565645217896e-06,,0.1680191457271576,,0.2675475478172302,,0.1072448194026947,,0.04093091934919357,0.0653328225016594,,,,,,,,,,,,,,
17,,35039,,,,,,,,,,3.958120942115784e-06,,2.7436763048171997e-06,,0.20465531945228577,,0.26503580808639526,,0.10761836916208267,,0.03656862676143646,0.062442030757665634,,,,,,,,,,,,,,
17,,35049,,,,,,,,,,2.779066562652588e-06,,3.3574178814888e-06,,0.1807621717453003,,0.2708154320716858,,0.11703169345855713,,0.04208660498261452,0.06833787262439728,,,,,,,,,,,,,,
17,,35059,,,,,,,,,,3.077089786529541e-06,,2.270098775625229e-06,,0.2038285732269287,,0.2527870535850525,,0.10377354174852371,,0.03998798504471779,0.06370210647583008,,,,,,,,,,,,,,
17,,35069,,,,,,,,,,5.219131708145142e-06,,2.927146852016449e-06,,0.19641605019569397,,0.26762378215789795,,0.08090660721063614,,0.027872079983353615,0.0509331114590168,,,,,,,,,,,,,,
17,,35079,,,,,,,,,,2.818182110786438e-06,,2.942979335784912e-06,,0.1877932846546173,,0.266446053981781,,0.08793478459119797,,0.031492672860622406,0.054811030626297,,,,,,,,,,,,,,
17,,35089,,,,,,,,,,3.874301910400391e-06,,2.77860090136528e-06,,0.1857433021068573,,0.2773214280605316,,0.10628965497016907,,0.03865053504705429,0.06410899758338928,,,,,,,,,,,,,,
17,,35099,,,,,,,,,,3.9227306842803955e-06,,3.6191195249557495e-06,,0.1993417888879776,,0.2636167109012604,,0.10441811382770538,,0.03391408920288086,0.059721626341342926,,,,,,,,,,,,,,
17,,35109,,,,,,,,,,3.168359398841858e-06,,3.282446414232254e-06,,0.2115934193134308,,0.24708211421966553,,0.10133367031812668,,0.03508896753191948,0.059392888098955154,,,,,,,,,,,,,,
17,,35119,,,,,,,,,,3.345310688018799e-06,,2.3748725652694702e-06,,0.2036488652229309,,0.25723782181739807,,0.08385667204856873,,0.03157230466604233,0.053860049694776535,,,,,,,,,,,,,,
17,,35129,,,,,,,,,,3.8929283618927e-06,,3.1427480280399323e-06,,0.1867510974407196,,0.27499672770500183,,0.09578485786914825,,0.037063851952552795,0.06085138022899628,,,,,,,,,,,,,,
17,,35139,,,,,,,,,,4.326924681663513e-06,,2.3525208234786987e-06,,0.1992996633052826,,0.2621522545814514,,0.10349050909280777,,0.02633313648402691,0.05379139631986618,,,,,,,,,,,,,,
17,,35149,,,,,,,,,,3.11434268951416e-06,,2.5564804673194885e-06,,0.1909378468990326,,0.2717151939868927,,0.10140928626060486,,0.040891069918870926,0.06467255204916,,,,,,,,,,,,,,
17,,35159,,,,,,,,,,3.462657332420349e-06,,2.577435225248337e-06,,0.2030564546585083,,0.27275484800338745,,0.1084495559334755,,0.04080594703555107,0.06611985713243484,,,,,,,,,,,,,,
17,,35169,,,,,,,,,,5.662441253662109e-06,,2.671964466571808e-06,,0.2169027030467987,,0.26039817929267883,,0.1043526753783226,,0.03668154031038284,0.06184038519859314,,,,,,,,,,,,,,
17,,35179,,,,,,,,,,2.514570951461792e-06,,4.8317015171051025e-06,,0.19131988286972046,,0.268316388130188,,0.10932008922100067,,0.04593929275870323,0.06978840380907059,,,,,,,,,,,,,,
17,,35189,,,,,,,,,,5.694106221199036e-06,,3.5171397030353546e-06,,0.19041335582733154,,0.2645001709461212,,0.10427889227867126,,0.03360923379659653,0.05940358340740204,,,,,,,,,,,,,,
17,,35199,,,,,,,,,,2.9616057872772217e-06,,2.6104971766471863e-06,,0.1859818547964096,,0.2498549520969391,,0.09902821481227875,,0.03233238309621811,0.05672236531972885,,,,,,,,,,,,,,
17,,35209,,,,,,,,,,4.038214683532715e-06,,4.634726792573929e-06,,0.19607102870941162,,0.26114770770072937,,0.10977105051279068,,0.0390506237745285,0.0644247904419899,,,,,,,,,,,,,,
17,,35219,,,,,,,,,,2.6542693376541138e-06,,2.169981598854065e-06,,0.18165947496891022,,0.25395137071609497,,0.10064579546451569,,0.030753176659345627,0.05598244071006775,,,,,,,,,,,,,,
17,,35229,,,,,,,,,,2.78279185295105e-06,,1.93202868103981e-06,,0.19996143877506256,,0.22624459862709045,,0.11242633312940598,,0.03920435532927513,0.06344722211360931,,,,,,,,,,,,,,
17,,35239,,,,,,,,,,2.859160304069519e-06,,2.423767000436783e-06,,0.24968266487121582,,0.2613019347190857,,0.08828511834144592,,0.027994096279144287,0.05273641645908356,,,,,,,,,,,,,,
17,,35249,,,,,,,,,,2.1867454051971436e-06,,1.6507692635059357e-06,,0.19461122155189514,,0.26348909735679626,,0.09950099140405655,,0.04109812527894974,0.0641273483633995,,,,,,,,,,,,,,
17,,35259,,,,,,,,,,5.677342414855957e-06,,2.1741725504398346e-06,,0.19327405095100403,,0.2711964249610901,,0.09669508039951324,,0.03024306520819664,0.05580352619290352,,,,,,,,,,,,,,
17,,35269,,,,,,,,,,2.5909394025802612e-06,,1.976732164621353e-06,,0.23284637928009033,,0.2512141168117523,,0.10366448760032654,,0.03305922448635101,0.05875019729137421,,,,,,,,,,,,,,
17,,35279,,,,,,,,,,4.719942808151245e-06,,3.22144478559494e-06,,0.19068646430969238,,0.2573460042476654,,0.0987328514456749,,0.03537676855921745,0.05935719236731529,,,,,,,,,,,,,,
17,,35289,,,,,,,,,,3.4403055906295776e-06,,3.073830157518387e-06,,0.2049097865819931,,0.2695903480052948,,0.08354292809963226,,0.028313200920820236,0.051950231194496155,,,,,,,,,,,,,,
17,,35299,,,,,,,,,,2.2239983081817627e-06,,2.3050233721733093e-06,,0.21926146745681763,,0.24904313683509827,,0.12079139798879623,,0.042398616671562195,0.06870750337839127,,,,,,,,,,,,,,
17,,35309,,,,,,,,,,1.8440186977386475e-06,,2.380926162004471e-06,,0.21068349480628967,,0.27200081944465637,,0.10083876550197601,,0.040030673146247864,0.06416492909193039,,,,,,,,,,,,,,
17,,35319,,,,,,,,,,3.257766366004944e-06,,1.843087375164032e-06,,0.19136324524879456,,0.2616032660007477,,0.10344665497541428,,0.03506050258874893,0.06021152436733246,,,,,,,,,,,,,,
17,,35329,,,,,,,,,,6.143003702163696e-06,,2.562534064054489e-06,,0.18628862500190735,,0.27717840671539307,,0.10877443850040436,,0.03544190153479576,0.06216762959957123,,,,,,,,,,,,,,
17,,35339,,,,,,,,,,3.864988684654236e-06,,4.186760634183884e-06,,0.18988752365112305,,0.2682393193244934,,0.11774837970733643,,0.03774316608905792,0.0652000904083252,,,,,,,,,,,,,,
17,,35349,,,,,,,,,,1.912936568260193e-06,,2.8479844331741333e-06,,0.2027764916419983,,0.25773751735687256,,0.09601747244596481,,0.034074895083904266,0.0580313615500927,,,,,,,,,,,,,,
17,,35359,,,,,,,,,,2.512708306312561e-06,,3.5795383155345917e-06,,0.1715061366558075,,0.2688097357749939,,0.11626904457807541,,0.041680771857500076,0.06768785417079926,,,,,,,,,,,,,,
17,,35369,,,,,,,,,,1.9818544387817383e-06,,4.4461339712142944e-06,,0.16755004227161407,,0.26994025707244873,,0.10815219581127167,,0.03459354490041733,0.06085549667477608,,,,,,,,,,,,,,
17,,35379,,,,,,,,,,2.7194619178771973e-06,,2.33575701713562e-06,,0.22048138082027435,,0.2544773519039154,,0.09016741812229156,,0.03019922599196434,0.054081421345472336,,,,,,,,,,,,,,
17,,35389,,,,,,,,,,5.8729201555252075e-06,,3.1641684472560883e-06,,0.22601065039634705,,0.2614837884902954,,0.11387291550636292,,0.04085727781057358,0.0669160932302475,,,,,,,,,,,,,,
17,,35399,,,,,,,,,,1.0669231414794922e-05,,2.6831403374671936e-06,,0.23942846059799194,,0.2606160044670105,,0.09502416104078293,,0.032569944858551025,0.05728066712617874,,,,,,,,,,,,,,
17,,35409,,,,,,,,,,2.4996697902679443e-06,,2.2151507437229156e-06,,0.2306007444858551,,0.24676966667175293,,0.10757212340831757,,0.03575938194990158,0.061273958534002304,,,,,,,,,,,,,,
17,,35419,,,,,,,,,,3.0528753995895386e-06,,1.9418075680732727e-06,,0.24098895490169525,,0.25258904695510864,,0.09566635638475418,,0.035701122134923935,0.059391994029283524,,,,,,,,,,,,,,
17,,35429,,,,,,,,,,1.7546117305755615e-06,,4.088971763849258e-06,,0.19901901483535767,,0.25397413969039917,,0.10619422048330307,,0.0352204255759716,0.060578834265470505,,,,,,,,,,,,,,
17,,35439,,,,,,,,,,2.639368176460266e-06,,1.8989667296409607e-06,,0.22247107326984406,,0.2422364503145218,,0.11367066949605942,,0.03943397104740143,0.06486649066209793,,,,,,,,,,,,,,
17,,35449,,,,,,,,,,3.987923264503479e-06,,2.41817906498909e-06,,0.20826846361160278,,0.25921082496643066,,0.10624057799577713,,0.039795905351638794,0.0643739178776741,,,,,,,,,,,,,,
17,,35459,,,,,,,,,,3.6675482988357544e-06,,6.28223642706871e-06,,0.18814338743686676,,0.25939345359802246,,0.10306987166404724,,0.03392871469259262,0.05915047228336334,,,,,,,,,,,,,,
17,,35469,,,,,,,,,,3.1534582376480103e-06,,2.155546098947525e-06,,0.18516084551811218,,0.25751250982284546,,0.10739422589540482,,0.035971030592918396,0.06137043610215187,,,,,,,,,,,,,,
17,,35479,,,,,,,,,,3.686174750328064e-06,,3.175344318151474e-06,,0.2278200089931488,,0.23047322034835815,,0.10398725420236588,,0.030571505427360535,0.05591310188174248,,,,,,,,,,,,,,
17,,35489,,,,,,,,,,2.0600855350494385e-06,,2.034474164247513e-06,,0.24749520421028137,,0.244843527674675,,0.11182655394077301,,0.039174146950244904,0.06474127620458603,,,,,,,,,,,,,,
17,,35499,,,,,,,,,,1.7024576663970947e-06,,3.6866404116153717e-06,,0.22314105927944183,,0.2484622597694397,,0.11539684981107712,,0.035587359219789505,0.06260433048009872,,,,,,,,,,,,,,
17,,35509,,,,,,,,,,2.7492642402648926e-06,,3.0621886253356934e-06,,0.23680654168128967,,0.2515072524547577,,0.0851062685251236,,0.03199828416109085,0.0545339398086071,,,,,,,,,,,,,,
17,,35519,,,,,,,,,,2.8219074010849e-06,,5.702953785657883e-06,,0.20524677634239197,,0.25761526823043823,,0.10180586576461792,,0.03999168798327446,0.06357885897159576,,,,,,,,,,,,,,
17,,35529,,,,,,,,,,4.55416738986969e-06,,2.6971101760864258e-06,,0.19066375494003296,,0.2533290386199951,,0.1085892990231514,,0.03892859071493149,0.06368163228034973,,,,,,,,,,,,,,
17,,35539,,,,,,,,,,5.93625009059906e-06,,4.377216100692749e-06,,0.17761515080928802,,0.2772630453109741,,0.09930068999528885,,0.03859611228108406,0.06265940517187119,,,,,,,,,,,,,,
17,,35549,,,,,,,,,,5.105510354042053e-06,,2.750661224126816e-06,,0.21231132745742798,,0.26819080114364624,,0.11299462616443634,,0.04261688143014908,0.06822528690099716,,,,,,,,,,,,,,
17,,35559,,,,,,,,,,4.9192458391189575e-06,,2.244953066110611e-06,,0.2204354703426361,,0.24992229044437408,,0.11957679688930511,,0.036099329590797424,0.06380907446146011,,,,,,,,,,,,,,
17,,35569,,,,,,,,,,3.1087547540664673e-06,,4.231929779052734e-06,,0.19977597892284393,,0.2617223858833313,,0.10844245553016663,,0.03490029275417328,0.061132483184337616,,,,,,,,,,,,,,
17,,35579,,,,,,,,,,3.428757190704346e-05,,3.595370799303055e-06,,0.2139018177986145,,0.2365521788597107,,0.11045840382575989,,0.037353843450546265,0.06233663856983185,,,,,,,,,,,,,,
17,,35589,,,,,,,,,,2.9765069484710693e-06,,4.340894520282745e-06,,0.2045716494321823,,0.2651628255844116,,0.10516764223575592,,0.043000392615795135,0.06681238859891891,,,,,,,,,,,,,,
17,,35599,,,,,,,,,,3.3490359783172607e-06,,2.414919435977936e-06,,0.19042959809303284,,0.2540784776210785,,0.10445839166641235,,0.0378132089972496,0.0621025525033474,,,,,,,,,,,,,,
17,,35609,,,,,,,,,,2.639368176460266e-06,,3.03611159324646e-06,,0.21720567345619202,,0.27290481328964233,,0.1008310467004776,,0.03478442132472992,0.06034667417407036,,,,,,,,,,,,,,
17,,35619,,,,,,,,,,4.714354872703552e-06,,2.462882548570633e-06,,0.2137078195810318,,0.26421409845352173,,0.09764725714921951,,0.03595708683133125,0.06018080562353134,,,,,,,,,,,,,,
17,,35629,,,,,,,,,,2.3245811462402344e-06,,2.614688128232956e-06,,0.21330350637435913,,0.2585834860801697,,0.09773047268390656,,0.03811948001384735,0.06154986470937729,,,,,,,,,,,,,,
17,,35639,,,,,,,,,,3.086403012275696e-06,,2.2067688405513763e-06,,0.17433378100395203,,0.263173371553421,,0.10734502971172333,,0.03894447535276413,0.06373034417629242,,,,,,,,,,,,,,
17,,35649,,,,,,,,,,3.5837292671203613e-06,,3.915745764970779e-06,,0.21795906126499176,,0.2719600200653076,,0.10822152346372604,,0.03914615511894226,0.06496936827898026,,,,,,,,,,,,,,
17,,35659,,,,,,,,,,1.9241124391555786e-06,,3.6461278796195984e-06,,0.19427230954170227,,0.2785850763320923,,0.12277638912200928,,0.04572461545467377,0.07266709208488464,,,,,,,,,,,,,,
17,,35669,,,,,,,,,,2.687796950340271e-06,,1.8244609236717224e-06,,0.20655614137649536,,0.24546939134597778,,0.10722760111093521,,0.03477984666824341,0.06013171002268791,,,,,,,,,,,,,,
17,,35679,,,,,,,,,,2.6542693376541138e-06,,2.923887223005295e-06,,0.17994815111160278,,0.25518274307250977,,0.10907687246799469,,0.03790408745408058,0.06296582520008087,,,,,,,,,,,,,,
17,,35689,,,,,,,,,,2.678483724594116e-06,,2.3012980818748474e-06,,0.19805780053138733,,0.25657016038894653,,0.11035125702619553,,0.03933422267436981,0.06455501168966293,,,,,,,,,,,,,,
17,,35699,,,,,,,,,,4.498288035392761e-06,,4.6263448894023895e-06,,0.22120560705661774,,0.26154643297195435,,0.10740501433610916,,0.03635839372873306,0.06227469816803932,,,,,,,,,,,,,,
17,,35709,,,,,,,,,,2.93925404548645e-06,,1.933891326189041e-06,,0.18825280666351318,,0.2622449994087219,,0.09587417542934418,,0.03136609494686127,0.05601348355412483,,,,,,,,,,,,,,
17,,35719,,,,,,,,,,5.0533562898635864e-06,,3.5278499126434326e-06,,0.2159809172153473,,0.2791694402694702,,0.09991961717605591,,0.03581400215625763,0.06122748553752899,,,,,,,,,,,,,,
17,,35729,,,,,,,,,,2.376735210418701e-06,,2.1597370505332947e-06,,0.22995272278785706,,0.2581620216369629,,0.10206728428602219,,0.03639944642782211,0.06124826520681381,,,,,,,,,,,,,,
17,,35739,,,,,,,,,,3.0994415283203125e-06,,2.445187419652939e-06,,0.2066342830657959,,0.28377142548561096,,0.11287855356931686,,0.042309053242206573,0.06863656640052795,,,,,,,,,,,,,,
17,,35749,,,,,,,,,,3.6116689443588257e-06,,2.7832575142383575e-06,,0.20747125148773193,,0.26154136657714844,,0.1151336207985878,,0.04257465526461601,0.06822627037763596,,,,,,,,,,,,,,
17,,35759,,,,,,,,,,9.734183549880981e-06,,3.2945536077022552e-06,,0.19312596321105957,,0.2575979232788086,,0.10629262030124664,,0.035732392221689224,0.06108218431472778,,,,,,,,,,,,,,
17,,35769,,,,,,,,,,3.0249357223510742e-06,,2.678949385881424e-06,,0.20641249418258667,,0.2583046853542328,,0.10435373336076736,,0.031553223729133606,0.05777228623628616,,,,,,,,,,,,,,
17,,35779,,,,,,,,,,3.2354146242141724e-06,,4.8782676458358765e-06,,0.23825447261333466,,0.25579434633255005,,0.10011354088783264,,0.03429899364709854,0.05929243192076683,,,,,,,,,,,,,,
17,,35789,,,,,,,,,,4.557892680168152e-06,,4.015862941741943e-06,,0.261660635471344,,0.24352437257766724,,0.09831083565950394,,0.032867349684238434,0.057579405605793,,,,,,,,,,,,,,
17,,35799,,,,,,,,,,2.348795533180237e-06,,3.598630428314209e-06,,0.2110562026500702,,0.2555944323539734,,0.09693387150764465,,0.038099728524684906,0.06121915578842163,,,,,,,,,,,,,,
17,,35809,,,,,,,,,,3.0230730772018433e-06,,2.2244639694690704e-06,,0.23139113187789917,,0.2545660138130188,,0.10529119521379471,,0.03535489737987518,0.060917552560567856,,,,,,,,,,,,,,
17,,35819,,,,,,,,,,2.2649765014648438e-06,,6.1746686697006226e-06,,0.22913259267807007,,0.24649834632873535,,0.10816670954227448,,0.03783097118139267,0.06290962547063828,,,,,,,,,,,,,,
17,,35829,,,,,,,,,,2.0582228899002075e-06,,3.198627382516861e-06,,0.1759336292743683,,0.24931347370147705,,0.10354143381118774,,0.033933158963918686,0.05862650275230408,,,,,,,,,,,,,,
17,,35839,,,,,,,,,,3.676861524581909e-06,,3.414694219827652e-06,,0.20568153262138367,,0.26944446563720703,,0.10768850147724152,,0.03775182366371155,0.06356152892112732,,,,,,,,,,,,,,
17,,35849,,,,,,,,,,3.4850090742111206e-06,,2.507586032152176e-06,,0.19863232970237732,,0.25370413064956665,,0.09069757908582687,,0.03341051936149597,0.05629754438996315,,,,,,,,,,,,,,
17,,35859,,,,,,,,,,2.2836029529571533e-06,,3.1311064958572388e-06,,0.20398017764091492,,0.26749005913734436,,0.09833472967147827,,0.031650856137275696,0.05711884796619415,,,,,,,,,,,,,,
17,,35869,,,,,,,,,,4.375353455543518e-06,,2.098269760608673e-06,,0.1968029886484146,,0.27528828382492065,,0.1098114401102066,,0.037774257361888885,0.06414642930030823,,,,,,,,,,,,,,
17,,35879,,,,,,,,,,3.1106173992156982e-06,,2.3390166461467743e-06,,0.1927429884672165,,0.2731022536754608,,0.09557469189167023,,0.03911003842949867,0.062328387051820755,,,,,,,,,,,,,,
17,,35889,,,,,,,,,,2.825632691383362e-06,,2.7497299015522003e-06,,0.20057964324951172,,0.26059210300445557,,0.09746500849723816,,0.028360716998577118,0.05412425100803375,,,,,,,,,,,,,,
17,,35899,,,,,,,,,,5.129724740982056e-06,,3.189779818058014e-06,,0.23149564862251282,,0.25859886407852173,,0.10950819402933121,,0.03944482281804085,0.06496693938970566,,,,,,,,,,,,,,
17,,35909,,,,,,,,,,5.623325705528259e-06,,2.748798578977585e-06,,0.18638068437576294,,0.26461532711982727,,0.117421455681324,,0.04291117191314697,0.06880470365285873,,,,,,,,,,,,,,
17,,35919,,,,,,,,,,2.4549663066864014e-06,,2.6747584342956543e-06,,0.18909576535224915,,0.2492554932832718,,0.10838465392589569,,0.0337449386715889,0.05954519659280777,,,,,,,,,,,,,,
17,,35929,,,,,,,,,,3.429129719734192e-06,,2.588145434856415e-06,,0.20582173764705658,,0.25307440757751465,,0.11956961452960968,,0.04434309899806976,0.0699685588479042,,,,,,,,,,,,,,
17,,35939,,,,,,,,,,4.59328293800354e-06,,2.2137537598609924e-06,,0.2104163020849228,,0.2615320682525635,,0.09218420088291168,,0.03336506336927414,0.05704740434885025,,,,,,,,,,,,,,
17,,35949,,,,,,,,,,3.898516297340393e-06,,2.489890903234482e-06,,0.21281541883945465,,0.2478201687335968,,0.09521470963954926,,0.03189023584127426,0.05589459463953972,,,,,,,,,,,,,,
17,,35959,,,,,,,,,,3.216788172721863e-06,,1.9441358745098114e-06,,0.18979120254516602,,0.24821047484874725,,0.11361436545848846,,0.03629424795508385,0.062397606670856476,,,,,,,,,,,,,,
17,,35969,,,,,,,,,,3.0566006898880005e-06,,2.030748873949051e-06,,0.21287477016448975,,0.26536989212036133,,0.09832048416137695,,0.035672955214977264,0.060138337314128876,,,,,,,,,,,,,,
17,,35979,,,,,,,,,,5.280598998069763e-06,,1.6870908439159393e-06,,0.1960805058479309,,0.2531128525733948,,0.09009194374084473,,0.031982164829969406,0.05505479499697685,,,,,,,,,,,,,,
17,,35989,,,,,,,,,,5.3104013204574585e-06,,3.861729055643082e-06,,0.16927611827850342,,0.2767876088619232,,0.11378350108861923,,0.04344671219587326,0.0688944011926651,,,,,,,,,,,,,,
17,,35999,,,,,,,,,,4.0531158447265625e-06,,2.6030465960502625e-06,,0.1646278202533722,,0.26168954372406006,,0.11815997958183289,,0.03892212361097336,0.0655585303902626,,,,,,,,,,,,,,
17,,36009,,,,,,,,,,2.4139881134033203e-06,,2.489425241947174e-06,,0.1974993646144867,,0.277352511882782,,0.09805361181497574,,0.03599226847290993,0.060709428042173386,,,,,,,,,,,,,,
17,,36019,,,,,,,,,,4.304572939872742e-06,,4.0405429899692535e-06,,0.19510138034820557,,0.2692681550979614,,0.10112397372722626,,0.034610897302627563,0.0598418302834034,,,,,,,,,,,,,,
17,,36029,,,,,,,,,,3.4570693969726562e-06,,4.100147634744644e-06,,0.16633892059326172,,0.2622779309749603,,0.1100446879863739,,0.03696409612894058,0.06261531263589859,,,,,,,,,,,,,,
17,,36039,,,,,,,,,,5.045905709266663e-06,,2.65706330537796e-06,,0.1872101128101349,,0.259141206741333,,0.10717286914587021,,0.032933421432971954,0.05915054678916931,,,,,,,,,,,,,,
17,,36049,,,,,,,,,,3.5259872674942017e-06,,2.852175384759903e-06,,0.230963334441185,,0.25303739309310913,,0.09882858395576477,,0.03533456474542618,0.059613581746816635,,,,,,,,,,,,,,
17,,36059,,,,,,,,,,2.0600855350494385e-06,,3.5837292671203613e-06,,0.20421487092971802,,0.2550528645515442,,0.10371561348438263,,0.03722158819437027,0.06172670051455498,,,,,,,,,,,,,,
17,,36069,,,,,,,,,,3.201887011528015e-06,,3.8142316043376923e-06,,0.1906813681125641,,0.258708655834198,,0.10097883641719818,,0.03645405173301697,0.060650408267974854,,,,,,,,,,,,,,
17,,36079,,,,,,,,,,3.3993273973464966e-06,,2.0596198737621307e-06,,0.18638737499713898,,0.271509051322937,,0.1032661721110344,,0.03435417637228966,0.06005392223596573,,,,,,,,,,,,,,
17,,36089,,,,,,,,,,2.766028046607971e-06,,2.692919224500656e-06,,0.1817091554403305,,0.25760647654533386,,0.10742279887199402,,0.03794962540268898,0.06282404810190201,,,,,,,,,,,,,,
17,,36099,,,,,,,,,,2.9727816581726074e-06,,2.832617610692978e-06,,0.2290242612361908,,0.2600463032722473,,0.11631236970424652,,0.040587253868579865,0.06713896244764328,,,,,,,,,,,,,,
17,,36109,,,,,,,,,,2.436339855194092e-06,,2.2086314857006073e-06,,0.20881083607673645,,0.2656894624233246,,0.10749830305576324,,0.03433266282081604,0.06082148477435112,,,,,,,,,,,,,,
17,,36119,,,,,,,,,,3.6675482988357544e-06,,2.2226013243198395e-06,,0.22755853831768036,,0.25984933972358704,,0.11412771791219711,,0.03970270976424217,0.06603924930095673,,,,,,,,,,,,,,
17,,36129,,,,,,,,,,3.563240170478821e-06,,2.9588118195533752e-06,,0.22303928434848785,,0.2579663097858429,,0.089568130671978,,0.02992599830031395,0.05395761504769325,,,,,,,,,,,,,,
17,,36139,,,,,,,,,,2.8852373361587524e-06,,3.811437636613846e-06,,0.230642169713974,,0.23356276750564575,,0.09785482287406921,,0.033351365476846695,0.05702633410692215,,,,,,,,,,,,,,
17,,36149,,,,,,,,,,3.1758099794387817e-06,,2.845190465450287e-06,,0.21072083711624146,,0.26157093048095703,,0.08961468935012817,,0.026554370298981667,0.05146162956953049,,,,,,,,,,,,,,
17,,36159,,,,,,,,,,6.143003702163696e-06,,2.6044435799121857e-06,,0.2002943456172943,,0.2615644335746765,,0.11631293594837189,,0.04470880702137947,0.0699654072523117,,,,,,,,,,,,,,
17,,36169,,,,,,,,,,2.561137080192566e-06,,2.5406479835510254e-06,,0.20412006974220276,,0.26813334226608276,,0.0927221029996872,,0.030710794031620026,0.055392805486917496,,,,,,,,,,,,,,
17,,36179,,,,,,,,,,3.3173710107803345e-06,,1.832377165555954e-06,,0.1716577410697937,,0.27153480052948,,0.11625368893146515,,0.0367177315056324,0.06409133225679398,,,,,,,,,,,,,,
17,,36189,,,,,,,,,,2.6132911443710327e-06,,2.3115426301956177e-06,,0.24592077732086182,,0.23552080988883972,,0.10948338359594345,,0.036880820989608765,0.06212584674358368,,,,,,,,,,,,,,
17,,36199,,,,,,,,,,1.7397105693817139e-06,,1.8300488591194153e-06,,0.22207032144069672,,0.26210910081863403,,0.09307140111923218,,0.030596978962421417,0.05530088022351265,,,,,,,,,,,,,,
17,,36209,,,,,,,,,,2.4177134037017822e-06,,1.172628253698349e-05,,0.22556711733341217,,0.25542140007019043,,0.0955933928489685,,0.03104405477643013,0.055836718529462814,,,,,,,,,,,,,,
17,,36219,,,,,,,,,,3.200024366378784e-06,,2.6389025151729584e-06,,0.19482317566871643,,0.25990116596221924,,0.10054358094930649,,0.03498132526874542,0.05956842005252838,,,,,,,,,,,,,,
17,,36229,,,,,,,,,,2.5369226932525635e-06,,1.9711442291736603e-06,,0.19745585322380066,,0.2673158049583435,,0.09901902824640274,,0.03160225600004196,0.05712607875466347,,,,,,,,,,,,,,
17,,36239,,,,,,,,,,3.7606805562973022e-06,,2.54996120929718e-06,,0.16851821541786194,,0.2894947826862335,,0.1318487524986267,,0.049442559480667114,0.07736735045909882,,,,,,,,,,,,,,
17,,36249,,,,,,,,,,4.0121376514434814e-06,,2.144835889339447e-06,,0.19899840652942657,,0.2619229853153229,,0.12040349841117859,,0.038733646273612976,0.0662517324090004,,,,,,,,,,,,,,
17,,36259,,,,,,,,,,3.1311064958572388e-06,,3.4892000257968903e-06,,0.22326499223709106,,0.2605847120285034,,0.09066962450742722,,0.03223592787981033,0.056022487580776215,,,,,,,,,,,,,,
17,,36269,,,,,,,,,,4.144385457038879e-06,,2.6114284992218018e-06,,0.20121532678604126,,0.25643593072891235,,0.09476856887340546,,0.031162872910499573,0.05553325638175011,,,,,,,,,,,,,,
17,,36279,,,,,,,,,,6.671994924545288e-06,,4.789326339960098e-06,,0.21607789397239685,,0.2607487142086029,,0.11313152313232422,,0.0385424830019474,0.06488963961601257,,,,,,,,,,,,,,
17,,36289,,,,,,,,,,3.507360816001892e-06,,1.1225230991840363e-05,,0.20100447535514832,,0.2636106014251709,,0.10929813981056213,,0.034642912447452545,0.06120283156633377,,,,,,,,,,,,,,
17,,36299,,,,,,,,,,3.026798367500305e-06,,6.850343197584152e-06,,0.20644214749336243,,0.26249951124191284,,0.12519915401935577,,0.04880201816558838,0.07481855154037476,,,,,,,,,,,,,,
17,,36309,,,,,,,,,,3.5408884286880493e-06,,3.477092832326889e-06,,0.2031683623790741,,0.255512535572052,,0.1007014811038971,,0.03412419185042381,0.058847080916166306,,,,,,,,,,,,,,
17,,36319,,,,,,,,,,3.809109330177307e-06,,2.6365742087364197e-06,,0.22194698452949524,,0.26591166853904724,,0.1127428263425827,,0.039247505366802216,0.06565650552511215,,,,,,,,,,,,,,
17,,36329,,,,,,,,,,3.3061951398849487e-06,,2.6747584342956543e-06,,0.24018247425556183,,0.2523050606250763,,0.0962621420621872,,0.03236708790063858,0.05697983130812645,,,,,,,,,,,,,,
17,,36339,,,,,,,,,,2.823770046234131e-06,,3.8174912333488464e-06,,0.21147063374519348,,0.2581399977207184,,0.11365357041358948,,0.040933120995759964,0.06660465151071548,,,,,,,,,,,,,,
17,,36341,,,,,,,,,,,,,,,,,,,,,,0.9792231917381287,1.0,1.0,0.9489991068840027,0.9083855152130127,0.9641850590705872,0.987781286239624,0.06453556567430496,1.1920928955078125e-07,1.4901161193847656e-07,0.2095545530319214,0.2593306601047516,0.11215438693761826,0.03850536048412323
17,,36341,0.9792881011962891,1.0,1.0,0.948940634727478,0.908475399017334,0.9646813869476318,0.9877408742904663,0.06166915223002434,4.130527031520614e-06,,3.2173436466109706e-06,,0.21013551950454712,,0.26016539335250854,,0.10461702197790146,,0.03650740161538124,,,,,,,,,,,,,,,,
,7.341522555726972e-06,36342,,,,,,,,,,,,,,,,,,,,,,,,,,,,,,,,,,,
18,,36349,,,,,,,,,,2.8405338525772095e-06,,3.3942051231861115e-06,,0.17377254366874695,,0.2736441493034363,,0.1070176512002945,,0.04172753542661667,0.06624110788106918,,,,,,,,,,,,,,
18,,36359,,,,,,,,,,2.609565854072571e-06,,2.4605542421340942e-06,,0.20901766419410706,,0.26389577984809875,,0.10910769551992416,,0.037815969437360764,0.06365476548671722,,,,,,,,,,,,,,
18,,36369,,,,,,,,,,5.54695725440979e-06,,4.5513734221458435e-06,,0.2353096455335617,,0.23387229442596436,,0.09327487647533417,,0.030267594382166862,0.053923219442367554,,,,,,,,,,,,,,
18,,36379,,,,,,,,,,3.380700945854187e-06,,2.3632310330867767e-06,,0.2108457386493683,,0.2699347138404846,,0.109848253428936,,0.036283981055021286,0.06294894963502884,,,,,,,,,,,,,,
18,,36389,,,,,,,,,,4.429370164871216e-06,,2.5685876607894897e-06,,0.211451917886734,,0.2624456584453583,,0.11467338353395462,,0.039069920778274536,0.06559982150793076,,,,,,,,,,,,,,
18,,36399,,,,,,,,,,5.425885319709778e-06,,4.058238118886948e-06,,0.21938546001911163,,0.257032573223114,,0.09022518992424011,,0.029992714524269104,0.054044295102357864,,,,,,,,,,,,,,
18,,36409,,,,,,,,,,1.942738890647888e-06,,2.2365711629390717e-06,,0.185856893658638,,0.26564890146255493,,0.09238125383853912,,0.03481405973434448,0.058076515793800354,,,,,,,,,,,,,,
18,,36419,,,,,,,,,,3.0454248189926147e-06,,2.934597432613373e-06,,0.22610777616500854,,0.25874871015548706,,0.1002579927444458,,0.03499118983745575,0.059834934771060944,,,,,,,,,,,,,,
18,,36429,,,,,,,,,,3.516674041748047e-06,,2.299901098012924e-06,,0.21514326333999634,,0.26482847332954407,,0.10937699675559998,,0.040115244686603546,0.06554567813873291,,,,,,,,,,,,,,
18,,36439,,,,,,,,,,3.0566006898880005e-06,,5.919951945543289e-06,,0.20118552446365356,,0.2646638751029968,,0.1028158888220787,,0.02968722954392433,0.056320928037166595,,,,,,,,,,,,,,
18,,36449,,,,,,,,,,3.514811396598816e-06,,1.998152583837509e-06,,0.2023828774690628,,0.2408924102783203,,0.10569918900728226,,0.03578907251358032,0.06033865362405777,,,,,,,,,,,,,,
18,,36459,,,,,,,,,,3.684312105178833e-06,,1.9692815840244293e-06,,0.22847509384155273,,0.2554364800453186,,0.09578268229961395,,0.03543555736541748,0.05920140817761421,,,,,,,,,,,,,,
18,,36469,,,,,,,,,,2.99699604511261e-06,,3.1567178666591644e-06,,0.2084096074104309,,0.2522260546684265,,0.11308117210865021,,0.04095643386244774,0.06620161235332489,,,,,,,,,,,,,,
18,,36479,,,,,,,,,,4.10713255405426e-06,,2.0582228899002075e-06,,0.2425650954246521,,0.2499397099018097,,0.11009468883275986,,0.03918790817260742,0.06460794806480408,,,,,,,,,,,,,,
18,,36489,,,,,,,,,,3.973022103309631e-06,,3.5227276384830475e-06,,0.2040112018585205,,0.259449303150177,,0.09354124218225479,,0.032444268465042114,0.056438423693180084,,,,,,,,,,,,,,
18,,36499,,,,,,,,,,2.902001142501831e-06,,3.5194680094718933e-06,,0.16901132464408875,,0.2768445611000061,,0.12388709932565689,,0.04059939086437225,0.06865283846855164,,,,,,,,,,,,,,
18,,36509,,,,,,,,,,5.7220458984375e-06,,2.76835635304451e-06,,0.2392185628414154,,0.2600184679031372,,0.10080128163099289,,0.03336021304130554,0.05892651155591011,,,,,,,,,,,,,,
18,,36519,,,,,,,,,,4.408881068229675e-06,,2.7958303689956665e-06,,0.2371932566165924,,0.2636728286743164,,0.10497518628835678,,0.039596591144800186,0.06453533470630646,,,,,,,,,,,,,,
18,,36529,,,,,,,,,,3.034248948097229e-06,,4.770699888467789e-06,,0.16280755400657654,,0.27886056900024414,,0.09133533388376236,,0.028926320374011993,0.05381275713443756,,,,,,,,,,,,,,
18,,36539,,,,,,,,,,3.1962990760803223e-06,,3.4724362194538116e-06,,0.21144428849220276,,0.28790709376335144,,0.12069877982139587,,0.04964405298233032,0.07585610449314117,,,,,,,,,,,,,,
18,,36549,,,,,,,,,,5.431473255157471e-06,,2.7348287403583527e-06,,0.17285308241844177,,0.2670150399208069,,0.0988074243068695,,0.0330670103430748,0.057882748544216156,,,,,,,,,,,,,,
18,,36559,,,,,,,,,,2.384185791015625e-06,,2.466142177581787e-06,,0.20563820004463196,,0.26527562737464905,,0.11686180531978607,,0.040233731269836426,0.06694786250591278,,,,,,,,,,,,,,
18,,36569,,,,,,,,,,2.16066837310791e-06,,2.5890767574310303e-06,,0.21699927747249603,,0.2663980722427368,,0.0978134274482727,,0.038057513535022736,0.061928652226924896,,,,,,,,,,,,,,
18,,36579,,,,,,,,,,3.0044466257095337e-06,,2.205371856689453e-06,,0.23687240481376648,,0.257102370262146,,0.10022401064634323,,0.03465062007308006,0.059622060507535934,,,,,,,,,,,,,,
18,,36589,,,,,,,,,,3.7439167499542236e-06,,2.7534551918506622e-06,,0.2299937903881073,,0.27804818749427795,,0.10711966454982758,,0.03959264978766441,0.06552418321371078,,,,,,,,,,,,,,
18,,36599,,,,,,,,,,2.4810433387756348e-06,,6.462913006544113e-06,,0.15877670049667358,,0.27752140164375305,,0.10585269331932068,,0.034636836498975754,0.060709334909915924,,,,,,,,,,,,,,
18,,36609,,,,,,,,,,4.667788743972778e-06,,2.3301690816879272e-06,,0.1953526735305786,,0.26218241453170776,,0.10705617070198059,,0.034959252923727036,0.0608864389359951,,,,,,,,,,,,,,
18,,36619,,,,,,,,,,4.7869980335235596e-06,,2.8731301426887512e-06,,0.22429031133651733,,0.25032511353492737,,0.09645915031433105,,0.03577779605984688,0.05929631367325783,,,,,,,,,,,,,,
18,,36629,,,,,,,,,,5.252659320831299e-06,,5.277339369058609e-06,,0.17317473888397217,,0.27938148379325867,,0.10093791782855988,,0.03601474687457085,0.06107725203037262,,,,,,,,,,,,,,
18,,36639,,,,,,,,,,2.9634684324264526e-06,,4.400499165058136e-06,,0.1850288212299347,,0.27775710821151733,,0.09407809376716614,,0.03074241802096367,0.05589829012751579,,,,,,,,,,,,,,
18,,36649,,,,,,,,,,1.914799213409424e-06,,2.9136426746845245e-06,,0.19839249551296234,,0.2673074007034302,,0.1096246987581253,,0.03874511644244194,0.06448417156934738,,,,,,,,,,,,,,
18,,36659,,,,,,,,,,5.478039383888245e-06,,2.21841037273407e-06,,0.17197668552398682,,0.26964861154556274,,0.10057822614908218,,0.03406783193349838,0.05907885730266571,,,,,,,,,,,,,,
18,,36669,,,,,,,,,,4.813075065612793e-06,,4.5872293412685394e-06,,0.21981561183929443,,0.24544140696525574,,0.11064624041318893,,0.0316561684012413,0.05858364701271057,,,,,,,,,,,,,,
18,,36679,,,,,,,,,,3.071501851081848e-06,,2.4102628231048584e-06,,0.19662514328956604,,0.2355765849351883,,0.09583733230829239,,0.03441128879785538,0.057138778269290924,,,,,,,,,,,,,,
18,,36689,,,,,,,,,,3.5651028156280518e-06,,3.2139942049980164e-06,,0.2096523940563202,,0.254535436630249,,0.09663696587085724,,0.026281442493200302,0.05223149061203003,,,,,,,,,,,,,,
18,,36699,,,,,,,,,,3.28943133354187e-06,,2.9010698199272156e-06,,0.1932893991470337,,0.26079320907592773,,0.10780692100524902,,0.036192215979099274,0.06186286732554436,,,,,,,,,,,,,,
18,,36709,,,,,,,,,,3.6526471376419067e-06,,1.8710270524024963e-06,,0.25030654668807983,,0.2387644350528717,,0.09493245929479599,,0.03067476488649845,0.05494469404220581,,,,,,,,,,,,,,
18,,36719,,,,,,,,,,2.216547727584839e-06,,2.105254679918289e-06,,0.2451949566602707,,0.24622392654418945,,0.09741520136594772,,0.03392880782485008,0.05814128741621971,,,,,,,,,,,,,,
18,,36729,,,,,,,,,,3.691762685775757e-06,,2.2863969206809998e-06,,0.18129652738571167,,0.2699994146823883,,0.10839389264583588,,0.03468567878007889,0.061133842915296555,,,,,,,,,,,,,,
18,,36739,,,,,,,,,,4.1387975215911865e-06,,2.091284841299057e-06,,0.16636791825294495,,0.2608029842376709,,0.11200545728206635,,0.034834183752536774,0.06131640449166298,,,,,,,,,,,,,,
18,,36749,,,,,,,,,,3.3602118492126465e-06,,3.6642886698246002e-06,,0.21728850901126862,,0.2570134401321411,,0.09809291362762451,,0.03467487171292305,0.05900685116648674,,,,,,,,,,,,,,
18,,36759,,,,,,,,,,3.2819807529449463e-06,,1.959037035703659e-06,,0.21140581369400024,,0.26509442925453186,,0.11115336418151855,,0.0404457226395607,0.06609540432691574,,,,,,,,,,,,,,
18,,36769,,,,,,,,,,4.5318156480789185e-06,,3.6330893635749817e-06,,0.23367451131343842,,0.2599826753139496,,0.11311928927898407,,0.04107317700982094,0.06695616990327835,,,,,,,,,,,,,,
18,,36779,,,,,,,,,,1.8998980522155762e-06,,2.4274922907352448e-06,,0.19962328672409058,,0.28297048807144165,,0.09994582086801529,,0.03525083139538765,0.06079639494419098,,,,,,,,,,,,,,
18,,36789,,,,,,,,,,4.025176167488098e-06,,3.0975788831710815e-06,,0.22832755744457245,,0.25091707706451416,,0.10416771471500397,,0.03539379686117172,0.060529034584760666,,,,,,,,,,,,,,
18,,36799,,,,,,,,,,3.1776726245880127e-06,,2.5262124836444855e-06,,0.2030254602432251,,0.2574169635772705,,0.12180149555206299,,0.041435301303863525,0.0683765858411789,,,,,,,,,,,,,,
18,,36809,,,,,,,,,,2.989545464515686e-06,,2.7515925467014313e-06,,0.1908331960439682,,0.25935330986976624,,0.10418954491615295,,0.034576207399368286,0.05987583473324776,,,,,,,,,,,,,,
18,,36819,,,,,,,,,,2.7474015951156616e-06,,2.117827534675598e-06,,0.20269553363323212,,0.2749515771865845,,0.11516692489385605,,0.04922287166118622,0.07379266619682312,,,,,,,,,,,,,,
18,,36829,,,,,,,,,,5.898997187614441e-06,,2.4801120162010193e-06,,0.18485164642333984,,0.2606990337371826,,0.10119059681892395,,0.03666762635111809,0.06087532639503479,,,,,,,,,,,,,,
18,,36839,,,,,,,,,,4.649162292480469e-06,,3.1101517379283905e-06,,0.20919513702392578,,0.2693823575973511,,0.1201138123869896,,0.03834891691803932,0.06637804955244064,,,,,,,,,,,,,,
18,,36849,,,,,,,,,,3.112480044364929e-06,,2.080574631690979e-06,,0.21585741639137268,,0.28426235914230347,,0.10415209829807281,,0.03848334774374962,0.06426110118627548,,,,,,,,,,,,,,
18,,36859,,,,,,,,,,3.423541784286499e-06,,3.0263327062129974e-06,,0.21538572013378143,,0.2567823529243469,,0.11529182642698288,,0.04135165363550186,0.06720810383558273,,,,,,,,,,,,,,
18,,36869,,,,,,,,,,4.241243004798889e-06,,2.916436642408371e-06,,0.21577765047550201,,0.26730477809906006,,0.10288333892822266,,0.03205858916044235,0.05840739235281944,,,,,,,,,,,,,,
18,,36879,,,,,,,,,,3.8817524909973145e-06,,3.107823431491852e-06,,0.20432525873184204,,0.2635881006717682,,0.10274116694927216,,0.034971632063388824,0.06025754660367966,,,,,,,,,,,,,,
18,,36889,,,,,,,,,,4.861503839492798e-06,,5.634501576423645e-06,,0.2228420525789261,,0.2531123161315918,,0.10993386059999466,,0.041463207453489304,0.06620226055383682,,,,,,,,,,,,,,
18,,36899,,,,,,,,,,3.3639371395111084e-06,,3.2349489629268646e-06,,0.19578871130943298,,0.2708105146884918,,0.08687911927700043,,0.033111508935689926,0.05612582340836525,,,,,,,,,,,,,,
18,,36909,,,,,,,,,,2.7840957045555115e-05,,2.823770046234131e-06,,0.24903734028339386,,0.2505616843700409,,0.11617908626794815,,0.0417332649230957,0.06776358187198639,,,,,,,,,,,,,,
18,,36919,,,,,,,,,,3.945082426071167e-06,,2.762768417596817e-06,,0.19727090001106262,,0.24211207032203674,,0.09588814526796341,,0.03224995732307434,0.055840909481048584,,,,,,,,,,,,,,
18,,36929,,,,,,,,,,3.591179847717285e-06,,3.2852403819561005e-06,,0.19876353442668915,,0.2581597566604614,,0.10745196789503098,,0.03759061545133591,0.0627860426902771,,,,,,,,,,,,,,
18,,36939,,,,,,,,,,5.9157609939575195e-06,,2.594664692878723e-06,,0.1918785572052002,,0.2575858235359192,,0.11376342177391052,,0.03701791167259216,0.0634324848651886,,,,,,,,,,,,,,
18,,36949,,,,,,,,,,6.303191184997559e-06,,2.251937985420227e-06,,0.18499521911144257,,0.25021326541900635,,0.09947949647903442,,0.03785492107272148,0.06095515191555023,,,,,,,,,,,,,,
18,,36959,,,,,,,,,,3.4887343645095825e-06,,6.236135959625244e-06,,0.20884636044502258,,0.2649900019168854,,0.10098758339881897,,0.033796507865190506,0.059165842831134796,,,,,,,,,,,,,,
18,,36969,,,,,,,,,,2.5238841772079468e-06,,2.6621855795383453e-06,,0.2147451639175415,,0.26801735162734985,,0.11020338535308838,,0.03870666027069092,0.064788818359375,,,,,,,,,,,,,,
18,,36979,,,,,,,,,,5.124136805534363e-06,,2.464279532432556e-06,,0.22088252007961273,,0.24713870882987976,,0.10993635654449463,,0.037383537739515305,0.06283917278051376,,,,,,,,,,,,,,
18,,36989,,,,,,,,,,3.3508986234664917e-06,,3.7946738302707672e-06,,0.1922585666179657,,0.24804212152957916,,0.09629734605550766,,0.03315100073814392,0.056812893599271774,,,,,,,,,,,,,,
18,,36999,,,,,,,,,,3.4943222999572754e-06,,1.5068799257278442e-06,,0.19869297742843628,,0.26553744077682495,,0.09789429605007172,,0.03289063274860382,0.057812780141830444,,,,,,,,,,,,,,
18,,37009,,,,,,,,,,2.8498470783233643e-06,,4.004687070846558e-06,,0.2379978895187378,,0.2525857090950012,,0.09955360740423203,,0.03698069229722023,0.06104573234915733,,,,,,,,,,,,,,
18,,37019,,,,,,,,,,3.3099204301834106e-06,,2.3641623556613922e-06,,0.22680751979351044,,0.2583555579185486,,0.11108585447072983,,0.03385864198207855,0.06100580096244812,,,,,,,,,,,,,,
18,,37029,,,,,,,,,,5.153939127922058e-06,,2.8400681912899017e-06,,0.25630509853363037,,0.24686095118522644,,0.09505867958068848,,0.030931958928704262,0.05561124533414841,,,,,,,,,,,,,,
18,,37039,,,,,,,,,,1.8868595361709595e-06,,3.2945536077022552e-06,,0.17863187193870544,,0.27480489015579224,,0.10674655437469482,,0.036851249635219574,0.06264354288578033,,,,,,,,,,,,,,
18,,37049,,,,,,,,,,2.3096799850463867e-06,,2.3613683879375458e-06,,0.16442248225212097,,0.2761606276035309,,0.10681823641061783,,0.03726903349161148,0.0628674104809761,,,,,,,,,,,,,,
18,,37059,,,,,,,,,,2.469867467880249e-06,,2.7194619178771973e-06,,0.19623598456382751,,0.2639124393463135,,0.11704383790493011,,0.04383038356900215,0.06950601935386658,,,,,,,,,,,,,,
18,,37069,,,,,,,,,,5.1781535148620605e-06,,3.112945705652237e-06,,0.25525274872779846,,0.25235873460769653,,0.11249203234910965,,0.04597461596131325,0.07041098177433014,,,,,,,,,,,,,,
18,,37079,,,,,,,,,,2.8852373361587524e-06,,2.0042061805725098e-06,,0.1512138843536377,,0.27245599031448364,,0.11425971239805222,,0.038313135504722595,0.06471776962280273,,,,,,,,,,,,,,
18,,37089,,,,,,,,,,1.6516074538230896e-05,,3.2461248338222504e-06,,0.22011083364486694,,0.265525221824646,,0.1190251037478447,,0.04248414933681488,0.06922315806150436,,,,,,,,,,,,,,
18,,37099,,,,,,,,,,3.0491501092910767e-06,,2.794899046421051e-06,,0.15699508786201477,,0.2746495008468628,,0.11704984307289124,,0.03730861097574234,0.06465808302164078,,,,,,,,,,,,,,
18,,37109,,,,,,,,,,2.9765069484710693e-06,,2.057291567325592e-06,,0.20754003524780273,,0.25760555267333984,,0.10388243198394775,,0.03793666511774063,0.06245308369398117,,,,,,,,,,,,,,
18,,37119,,,,,,,,,,7.3444098234176636e-06,,2.1997839212417603e-06,,0.24689067900180817,,0.2466517835855484,,0.10719679296016693,,0.0431889072060585,0.06696249544620514,,,,,,,,,,,,,,
18,,37129,,,,,,,,,,3.816559910774231e-06,,2.2104941308498383e-06,,0.20338034629821777,,0.26407390832901,,0.09023571759462357,,0.03207071125507355,0.055747680366039276,,,,,,,,,,,,,,
18,,37139,,,,,,,,,,2.7455389499664307e-06,,1.9012950360774994e-06,,0.21758189797401428,,0.2704189419746399,,0.09996242821216583,,0.03146322816610336,0.057580120861530304,,,,,,,,,,,,,,
18,,37149,,,,,,,,,,3.3061951398849487e-06,,2.40374356508255e-06,,0.175004243850708,,0.25825104117393494,,0.10094083845615387,,0.036830075085163116,0.06072014570236206,,,,,,,,,,,,,,
18,,37159,,,,,,,,,,5.621463060379028e-06,,3.0007213354110718e-06,,0.18164066970348358,,0.263192355632782,,0.10231786966323853,,0.03557629883289337,0.060347314924001694,,,,,,,,,,,,,,
18,,37169,,,,,,,,,,6.949529051780701e-06,,3.2247044146060944e-06,,0.2297315001487732,,0.25285208225250244,,0.10625742375850677,,0.032994065433740616,0.05922790244221687,,,,,,,,,,,,,,
18,,37179,,,,,,,,,,5.206093192100525e-06,,2.6533380150794983e-06,,0.2140686959028244,,0.26414456963539124,,0.114576056599617,,0.04357738792896271,0.06907331943511963,,,,,,,,,,,,,,
18,,37189,,,,,,,,,,2.2370368242263794e-06,,2.723652869462967e-06,,0.2098194658756256,,0.2661163806915283,,0.10115835070610046,,0.03425345569849014,0.05960487201809883,,,,,,,,,,,,,,
18,,37199,,,,,,,,,,1.1101365089416504e-05,,7.006805390119553e-06,,0.2538069486618042,,0.2397814691066742,,0.10627329349517822,,0.03585289791226387,0.061044905334711075,,,,,,,,,,,,,,
18,,37209,,,,,,,,,,5.535781383514404e-06,,3.1692907214164734e-06,,0.19061145186424255,,0.29105859994888306,,0.1218332052230835,,0.04598938673734665,0.07323075830936432,,,,,,,,,,,,,,
18,,37219,,,,,,,,,,3.2410025596618652e-06,,3.2014213502407074e-06,,0.20202483236789703,,0.2487914115190506,,0.09931346029043198,,0.03025507926940918,0.05535568669438362,,,,,,,,,,,,,,
18,,37229,,,,,,,,,,2.0917505025863647e-06,,2.809334546327591e-06,,0.20972979068756104,,0.2683989405632019,,0.09331879019737244,,0.029940590262413025,0.05500512942671776,,,,,,,,,,,,,,
18,,37239,,,,,,,,,,2.9355287551879883e-06,,9.378883987665176e-06,,0.23341956734657288,,0.24750113487243652,,0.09992796182632446,,0.03219791501760483,0.05723593011498451,,,,,,,,,,,,,,
18,,37249,,,,,,,,,,2.5704503059387207e-06,,2.328772097826004e-06,,0.2281920313835144,,0.2593581974506378,,0.09811320155858994,,0.031672798097133636,0.056996289640665054,,,,,,,,,,,,,,
18,,37259,,,,,,,,,,2.8330832719802856e-06,,1.916196197271347e-06,,0.21246525645256042,,0.23886510729789734,,0.10085470974445343,,0.038807258009910583,0.06171740964055061,,,,,,,,,,,,,,
18,,37269,,,,,,,,,,2.117827534675598e-06,,3.93204391002655e-06,,0.18139250576496124,,0.258545458316803,,0.1105334609746933,,0.03986680507659912,0.06488599628210068,,,,,,,,,,,,,,
18,,37279,,,,,,,,,,2.507120370864868e-06,,2.1639280021190643e-06,,0.20531988143920898,,0.2658684253692627,,0.09788855165243149,,0.03470437973737717,0.059265539050102234,,,,,,,,,,,,,,
18,,37289,,,,,,,,,,2.2388994693756104e-06,,2.3883767426013947e-06,,0.17556442320346832,,0.2719685137271881,,0.10414265841245651,,0.03667561709880829,0.061854492872953415,,,,,,,,,,,,,,
18,,37299,,,,,,,,,,3.4030526876449585e-06,,2.384185791015625e-06,,0.22552500665187836,,0.2526768147945404,,0.10197427868843079,,0.03447254002094269,0.05947621166706085,,,,,,,,,,,,,,
18,,37309,,,,,,,,,,4.824250936508179e-06,,8.435454219579697e-06,,0.17980152368545532,,0.2735040783882141,,0.10902494192123413,,0.04211296886205673,0.0669708400964737,,,,,,,,,,,,,,
18,,37319,,,,,,,,,,3.2838433980941772e-06,,2.9350630939006805e-06,,0.1889994591474533,,0.271356463432312,,0.10981934517621994,,0.03388911113142967,0.060957521200180054,,,,,,,,,,,,,,
18,,37329,,,,,,,,,,3.080815076828003e-06,,3.9208680391311646e-06,,0.2264079749584198,,0.25249677896499634,,0.0990128293633461,,0.030960146337747574,0.056287772953510284,,,,,,,,,,,,,,
18,,37339,,,,,,,,,,2.291053533554077e-06,,3.3047981560230255e-06,,0.22346293926239014,,0.24206078052520752,,0.10288435965776443,,0.03842923417687416,0.06209322437644005,,,,,,,,,,,,,,
18,,37349,,,,,,,,,,3.50363552570343e-06,,4.365108907222748e-06,,0.2378482222557068,,0.25192201137542725,,0.10169126093387604,,0.038452617824077606,0.06251798570156097,,,,,,,,,,,,,,
18,,37359,,,,,,,,,,5.561858415603638e-06,,2.6775524020195007e-06,,0.21013081073760986,,0.2531123161315918,,0.10893262922763824,,0.039948318153619766,0.06472903490066528,,,,,,,,,,,,,,
18,,37369,,,,,,,,,,3.6284327507019043e-06,,3.7071295082569122e-06,,0.1902260035276413,,0.2679060101509094,,0.10034235566854477,,0.035501353442668915,0.06024223566055298,,,,,,,,,,,,,,
18,,37379,,,,,,,,,,2.4046748876571655e-06,,2.4382025003433228e-06,,0.21287497878074646,,0.26783934235572815,,0.09262107312679291,,0.02951176092028618,0.05456320196390152,,,,,,,,,,,,,,
18,,37389,,,,,,,,,,3.1329691410064697e-06,,2.100598067045212e-06,,0.24681422114372253,,0.2519090473651886,,0.10203485190868378,,0.03208477422595024,0.057909853756427765,,,,,,,,,,,,,,
18,,37399,,,,,,,,,,4.509463906288147e-06,,3.5460107028484344e-06,,0.1956482231616974,,0.25934427976608276,,0.11074531078338623,,0.04535682499408722,0.06924880295991898,,,,,,,,,,,,,,
18,,37409,,,,,,,,,,2.2724270820617676e-06,,2.592802047729492e-06,,0.1846192181110382,,0.2703486680984497,,0.11589871346950531,,0.04272671043872833,0.06862890720367432,,,,,,,,,,,,,,
18,,37419,,,,,,,,,,3.7867575883865356e-06,,2.4782493710517883e-06,,0.20863059163093567,,0.27101707458496094,,0.09978623688220978,,0.03948550298810005,0.06348837167024612,,,,,,,,,,,,,,
18,,37429,,,,,,,,,,3.0249357223510742e-06,,2.7106143534183502e-06,,0.228648841381073,,0.2608785927295685,,0.1118038147687912,,0.040316760540008545,0.06612510234117508,,,,,,,,,,,,,,
18,,37439,,,,,,,,,,3.4904107451438904e-05,,2.207234501838684e-06,,0.23642241954803467,,0.26248079538345337,,0.10873624682426453,,0.036093637347221375,0.06254793703556061,,,,,,,,,,,,,,
18,,37449,,,,,,,,,,2.6542693376541138e-06,,1.8007121980190277e-06,,0.21366870403289795,,0.2575339674949646,,0.1100277379155159,,0.03957853838801384,0.0649057924747467,,,,,,,,,,,,,,
18,,37459,,,,,,,,,,3.6135315895080566e-06,,1.8589198589324951e-06,,0.20671579241752625,,0.2843230366706848,,0.10811597108840942,,0.04256507754325867,0.06796224415302277,,,,,,,,,,,,,,
18,,37469,,,,,,,,,,4.665926098823547e-06,,2.3688189685344696e-06,,0.2401103973388672,,0.250950425863266,,0.10958011448383331,,0.04055078327655792,0.06555246561765671,,,,,,,,,,,,,,
18,,37479,,,,,,,,,,4.598870873451233e-06,,4.398636519908905e-06,,0.17768631875514984,,0.3007127046585083,,0.10239312052726746,,0.0372258760035038,0.06331175565719604,,,,,,,,,,,,,,
18,,37489,,,,,,,,,,5.185604095458984e-06,,4.980247467756271e-06,,0.24002057313919067,,0.2741415202617645,,0.09866087138652802,,0.03852660953998566,0.06307241320610046,,,,,,,,,,,,,,
18,,37499,,,,,,,,,,2.8777867555618286e-06,,2.4158507585525513e-06,,0.16936540603637695,,0.28238797187805176,,0.11259725689888,,0.04210967570543289,0.06793252378702164,,,,,,,,,,,,,,
18,,37509,,,,,,,,,,2.2239983081817627e-06,,2.4545006453990936e-06,,0.21092849969863892,,0.2619110643863678,,0.11096541583538055,,0.0376431941986084,0.06380289793014526,,,,,,,,,,,,,,
18,,37519,,,,,,,,,,2.3096799850463867e-06,,2.8996728360652924e-06,,0.20206499099731445,,0.27298587560653687,,0.11174283921718597,,0.040682826191186905,0.0666443407535553,,,,,,,,,,,,,,
18,,37529,,,,,,,,,,4.431232810020447e-06,,2.2407621145248413e-06,,0.21210673451423645,,0.25994449853897095,,0.10113777965307236,,0.03464990109205246,0.05963585525751114,,,,,,,,,,,,,,
18,,37539,,,,,,,,,,3.973022103309631e-06,,2.020038664340973e-06,,0.23541834950447083,,0.23991815745830536,,0.09535495936870575,,0.03586471825838089,0.05879693478345871,,,,,,,,,,,,,,
18,,37549,,,,,,,,,,2.769753336906433e-06,,2.800486981868744e-06,,0.20118314027786255,,0.26337572932243347,,0.09448975324630737,,0.035418979823589325,0.05899883061647415,,,,,,,,,,,,,,
18,,37559,,,,,,,,,,2.1476298570632935e-06,,2.5345943868160248e-06,,0.2218402773141861,,0.2471742480993271,,0.09719370305538177,,0.029659954831004143,0.054668128490448,,,,,,,,,,,,,,
18,,37569,,,,,,,,,,4.71062958240509e-06,,3.502238541841507e-06,,0.2034415453672409,,0.27017831802368164,,0.10163021087646484,,0.03961791470646858,0.06383338570594788,,,,,,,,,,,,,,
18,,37579,,,,,,,,,,2.767890691757202e-06,,2.7120113372802734e-06,,0.21496060490608215,,0.2651848793029785,,0.1072811409831047,,0.03597494959831238,0.06206119805574417,,,,,,,,,,,,,,
18,,37589,,,,,,,,,,2.4493783712387085e-06,,5.159527063369751e-06,,0.24242347478866577,,0.2672538161277771,,0.1038171648979187,,0.038912367075681686,0.06403406709432602,,,,,,,,,,,,,,
18,,37599,,,,,,,,,,2.6561319828033447e-06,,2.477318048477173e-06,,0.2181137353181839,,0.2653035521507263,,0.11407558619976044,,0.04149504378437996,0.06751906871795654,,,,,,,,,,,,,,
18,,37609,,,,,,,,,,2.562999725341797e-06,,2.130866050720215e-06,,0.2536203861236572,,0.26393306255340576,,0.11708026379346848,,0.03872649744153023,0.06635761260986328,,,,,,,,,,,,,,
18,,37619,,,,,,,,,,3.727152943611145e-06,,2.8386712074279785e-06,,0.22086232900619507,,0.27023518085479736,,0.08588509261608124,,0.03292299807071686,0.0560649074614048,,,,,,,,,,,,,,
18,,37629,,,,,,,,,,5.731359124183655e-06,,2.47173011302948e-06,,0.21017692983150482,,0.2545740604400635,,0.09483278542757034,,0.033025626093149185,0.05696045607328415,,,,,,,,,,,,,,
18,,37639,,,,,,,,,,2.1401792764663696e-06,,2.8316862881183624e-06,,0.24843284487724304,,0.2505938708782196,,0.11446493864059448,,0.040030818432569504,0.06615936011075974,,,,,,,,,,,,,,
18,,37649,,,,,,,,,,2.436339855194092e-06,,3.053806722164154e-06,,0.19360730051994324,,0.2557970881462097,,0.12080742418766022,,0.0407099723815918,0.06745968014001846,,,,,,,,,,,,,,
18,,37659,,,,,,,,,,2.2258609533309937e-06,,2.4605542421340942e-06,,0.1953788697719574,,0.27563101053237915,,0.12303824722766876,,0.04322829097509384,0.07071796804666519,,,,,,,,,,,,,,
18,,37669,,,,,,,,,,3.0137598514556885e-06,,3.293156623840332e-06,,0.22130629420280457,,0.25706812739372253,,0.1058652400970459,,0.03513198718428612,0.06085709482431412,,,,,,,,,,,,,,
18,,37679,,,,,,,,,,3.0957162380218506e-06,,3.95067036151886e-06,,0.21468393504619598,,0.2549218535423279,,0.10579664260149002,,0.035952821373939514,0.061281751841306686,,,,,,,,,,,,,,
18,,37689,,,,,,,,,,1.9688159227371216e-06,,2.7245841920375824e-06,,0.18909528851509094,,0.27150505781173706,,0.10102393478155136,,0.03128637373447418,0.05736354738473892,,,,,,,,,,,,,,
18,,37699,,,,,,,,,,3.689900040626526e-06,,3.1660310924053192e-06,,0.2037743479013443,,0.2540655732154846,,0.10940227657556534,,0.032904915511608124,0.0595034584403038,,,,,,,,,,,,,,
18,,37709,,,,,,,,,,2.2649765014648438e-06,,2.6747584342956543e-06,,0.19072651863098145,,0.2644002437591553,,0.10256658494472504,,0.03346947953104973,0.05897659435868263,,,,,,,,,,,,,,
18,,37719,,,,,,,,,,3.300607204437256e-06,,3.7192367017269135e-06,,0.1684274822473526,,0.2771644592285156,,0.11109726130962372,,0.0406331904232502,0.06628766655921936,,,,,,,,,,,,,,
18,,37729,,,,,,,,,,2.652406692504883e-06,,2.689659595489502e-06,,0.20868855714797974,,0.24712958931922913,,0.1027877926826477,,0.03856239095330238,0.06223947927355766,,,,,,,,,,,,,,
18,,37739,,,,,,,,,,4.6603381633758545e-06,,2.11130827665329e-06,,0.20916326344013214,,0.25649696588516235,,0.09891039878129959,,0.03632684051990509,0.06027998775243759,,,,,,,,,,,,,,
18,,37749,,,,,,,,,,3.086403012275696e-06,,2.348329871892929e-06,,0.22787871956825256,,0.24759995937347412,,0.09643372893333435,,0.03190821036696434,0.05630294233560562,,,,,,,,,,,,,,
18,,37759,,,,,,,,,,2.682209014892578e-06,,3.1301751732826233e-06,,0.19439300894737244,,0.28334784507751465,,0.09815416485071182,,0.0354095995426178,0.060535870492458344,,,,,,,,,,,,,,
18,,37769,,,,,,,,,,4.066154360771179e-06,,3.2763928174972534e-06,,0.19113512337207794,,0.27422624826431274,,0.10350402444601059,,0.032500527799129486,0.05889101326465607,,,,,,,,,,,,,,
18,,37779,,,,,,,,,,5.777925252914429e-06,,3.541819751262665e-06,,0.2337091863155365,,0.24488648772239685,,0.10112903267145157,,0.030634615570306778,0.056169211864471436,,,,,,,,,,,,,,
18,,37789,,,,,,,,,,3.511086106300354e-06,,2.8079375624656677e-06,,0.19112855195999146,,0.23832851648330688,,0.09217153489589691,,0.03331063315272331,0.055690184235572815,,,,,,,,,,,,,,
18,,37799,,,,,,,,,,3.4887343645095825e-06,,2.5709159672260284e-06,,0.1636480987071991,,0.2800074815750122,,0.10675624758005142,,0.03678400442004204,0.06266321241855621,,,,,,,,,,,,,,
18,,37809,,,,,,,,,,3.112480044364929e-06,,2.9187649488449097e-06,,0.2142292559146881,,0.2566869258880615,,0.08330120891332626,,0.028905600309371948,0.05185354873538017,,,,,,,,,,,,,,
18,,37819,,,,,,,,,,3.041699528694153e-06,,3.2740645110607147e-06,,0.22808344662189484,,0.2513667643070221,,0.103476881980896,,0.036115970462560654,0.060959454625844955,,,,,,,,,,,,,,
18,,37829,,,,,,,,,,3.917142748832703e-06,,3.23588028550148e-06,,0.2093527764081955,,0.2551725506782532,,0.10325982421636581,,0.03588593006134033,0.06070506572723389,,,,,,,,,,,,,,
18,,37839,,,,,,,,,,2.941116690635681e-06,,4.229601472616196e-06,,0.17354410886764526,,0.27337515354156494,,0.11919184774160385,,0.04521321505308151,0.07112394273281097,,,,,,,,,,,,,,
18,,37849,,,,,,,,,,3.5762786865234375e-06,,1.94646418094635e-06,,0.1954246610403061,,0.2691110074520111,,0.09376543760299683,,0.0323563888669014,0.05676688998937607,,,,,,,,,,,,,,
18,,37859,,,,,,,,,,3.295019268989563e-06,,3.95067036151886e-06,,0.2107923924922943,,0.25478070974349976,,0.1047280803322792,,0.04025959223508835,0.06425998359918594,,,,,,,,,,,,,,
18,,37869,,,,,,,,,,3.1534582376480103e-06,,3.321561962366104e-06,,0.22891640663146973,,0.2512911558151245,,0.09994295239448547,,0.03250320255756378,0.057592667639255524,,,,,,,,,,,,,,
18,,37879,,,,,,,,,,6.8284571170806885e-06,,3.5134144127368927e-06,,0.18627560138702393,,0.2592695653438568,,0.10418029129505157,,0.035307854413986206,0.060365624725818634,,,,,,,,,,,,,,
18,,37889,,,,,,,,,,2.4512410163879395e-06,,3.6479905247688293e-06,,0.20975261926651,,0.2514101266860962,,0.09341030567884445,,0.035272106528282166,0.05822562798857689,,,,,,,,,,,,,,
18,,37899,,,,,,,,,,3.559514880180359e-06,,2.5155022740364075e-06,,0.21273964643478394,,0.2634090185165405,,0.09443038702011108,,0.03503837063908577,0.058839187026023865,,,,,,,,,,,,,,
18,,37909,,,,,,,,,,3.909692168235779e-06,,2.9294751584529877e-06,,0.1983044147491455,,0.2677224278450012,,0.11769001930952072,,0.04228178411722183,0.06866836547851562,,,,,,,,,,,,,,
18,,37919,,,,,,,,,,1.7862766981124878e-06,,2.6794150471687317e-06,,0.21215930581092834,,0.2816893458366394,,0.10279995203018188,,0.03776649758219719,0.06330575793981552,,,,,,,,,,,,,,
18,,37929,,,,,,,,,,2.514570951461792e-06,,2.450309693813324e-06,,0.24353739619255066,,0.2740102708339691,,0.1016785055398941,,0.041751012206077576,0.06609231233596802,,,,,,,,,,,,,,
18,,37939,,,,,,,,,,2.3711472749710083e-06,,3.005377948284149e-06,,0.22501790523529053,,0.26886361837387085,,0.10040992498397827,,0.0373537614941597,0.06209726259112358,,,,,,,,,,,,,,
18,,37949,,,,,,,,,,3.913417458534241e-06,,2.0116567611694336e-06,,0.13977383077144623,,0.27971547842025757,,0.10596902668476105,,0.03477177023887634,0.06071248650550842,,,,,,,,,,,,,,
18,,37959,,,,,,,,,,2.034008502960205e-06,,2.0903535187244415e-06,,0.24478775262832642,,0.25198233127593994,,0.08976330608129501,,0.03157727047801018,0.05520733818411827,,,,,,,,,,,,,,
18,,37969,,,,,,,,,,5.889683961868286e-06,,1.6577541828155518e-06,,0.18529745936393738,,0.26361697912216187,,0.11621341109275818,,0.037280358374118805,0.0642944872379303,,,,,,,,,,,,,,
18,,37979,,,,,,,,,,2.127140760421753e-06,,1.9958242774009705e-06,,0.17963451147079468,,0.2571587562561035,,0.11736758053302765,,0.04016122594475746,0.06630294770002365,,,,,,,,,,,,,,
18,,37989,,,,,,,,,,3.680586814880371e-06,,2.0260922610759735e-06,,0.21731388568878174,,0.28041720390319824,,0.1090327650308609,,0.03352966159582138,0.06129706650972366,,,,,,,,,,,,,,
18,,37999,,,,,,,,,,4.511326551437378e-06,,2.148561179637909e-06,,0.2111128866672516,,0.2599461078643799,,0.1080944761633873,,0.03693477064371109,0.06264305114746094,,,,,,,,,,,,,,
18,,38009,,,,,,,,,,3.2782554626464844e-06,,1.807231456041336e-06,,0.16968262195587158,,0.2813127040863037,,0.12087564915418625,,0.038295529782772064,0.06657709181308746,,,,,,,,,,,,,,
18,,38019,,,,,,,,,,1.4547258615493774e-05,,2.2943131625652313e-06,,0.22933879494667053,,0.26281309127807617,,0.09658128768205643,,0.02975577488541603,0.05544630438089371,,,,,,,,,,,,,,
18,,38029,,,,,,,,,,3.205612301826477e-06,,2.280808985233307e-06,,0.23592691123485565,,0.26147255301475525,,0.11004838347434998,,0.036537595093250275,0.06307397037744522,,,,,,,,,,,,,,
18,,38039,,,,,,,,,,3.719702363014221e-06,,2.5243498384952545e-06,,0.19648300111293793,,0.2592158913612366,,0.10477368533611298,,0.035028450191020966,0.060384441167116165,,,,,,,,,,,,,,
18,,38049,,,,,,,,,,3.7010759115219116e-06,,2.711080014705658e-06,,0.21664239466190338,,0.2517035901546478,,0.09552635252475739,,0.030089449137449265,0.054829057306051254,,,,,,,,,,,,,,
18,,38059,,,,,,,,,,6.571412086486816e-06,,2.552289515733719e-06,,0.18849050998687744,,0.26638901233673096,,0.10417909920215607,,0.040021203458309174,0.0642610415816307,,,,,,,,,,,,,,
18,,38069,,,,,,,,,,3.0100345611572266e-06,,3.756023943424225e-06,,0.18891169130802155,,0.259240984916687,,0.09438351541757584,,0.03421277552843094,0.05773632973432541,,,,,,,,,,,,,,
18,,38079,,,,,,,,,,2.2258609533309937e-06,,2.0549632608890533e-06,,0.19827327132225037,,0.27091076970100403,,0.09388421475887299,,0.030385911464691162,0.05542872101068497,,,,,,,,,,,,,,
18,,38089,,,,,,,,,,3.548339009284973e-06,,4.508066922426224e-06,,0.16084858775138855,,0.2880513668060303,,0.11338353157043457,,0.044832538813352585,0.07028834521770477,,,,,,,,,,,,,,
18,,38099,,,,,,,,,,3.0454248189926147e-06,,3.2405368983745575e-06,,0.17487706243991852,,0.2607143521308899,,0.10908706486225128,,0.037717822939157486,0.06302791833877563,,,,,,,,,,,,,,
18,,38109,,,,,,,,,,3.926455974578857e-06,,2.5765039026737213e-06,,0.232182115316391,,0.25946173071861267,,0.10136570781469345,,0.03414192795753479,0.05951020494103432,,,,,,,,,,,,,,
18,,38119,,,,,,,,,,4.062429070472717e-06,,2.1830201148986816e-06,,0.1733759343624115,,0.2645835280418396,,0.11181521415710449,,0.03875778242945671,0.06448354572057724,,,,,,,,,,,,,,
18,,38129,,,,,,,,,,5.114823579788208e-06,,4.253815859556198e-06,,0.1833445429801941,,0.25134116411209106,,0.09912173449993134,,0.030696041882038116,0.05555111914873123,,,,,,,,,,,,,,
18,,38139,,,,,,,,,,1.991167664527893e-06,,1.9832514226436615e-06,,0.21024712920188904,,0.2555920481681824,,0.09906823933124542,,0.032370228320360184,0.05731167644262314,,,,,,,,,,,,,,
18,,38149,,,,,,,,,,4.868954420089722e-06,,2.7990899980068207e-06,,0.19511370360851288,,0.2629774808883667,,0.1092500239610672,,0.03401259332895279,0.0606221966445446,,,,,,,,,,,,,,
18,,38159,,,,,,,,,,4.673376679420471e-06,,2.393033355474472e-06,,0.18110062181949615,,0.2760554552078247,,0.11741545796394348,,0.040112849324941635,0.06717882305383682,,,,,,,,,,,,,,
18,,38169,,,,,,,,,,4.598870873451233e-06,,2.582091838121414e-06,,0.168381005525589,,0.27313509583473206,,0.120064377784729,,0.04449585825204849,0.07067765295505524,,,,,,,,,,,,,,
18,,38179,,,,,,,,,,4.030764102935791e-06,,2.7241185307502747e-06,,0.21422803401947021,,0.26470962166786194,,0.0882524698972702,,0.030723027884960175,0.054521676152944565,,,,,,,,,,,,,,
18,,38189,,,,,,,,,,2.2873282432556152e-06,,5.953479558229446e-06,,0.19409453868865967,,0.26805925369262695,,0.09578332304954529,,0.03192586824297905,0.056757476180791855,,,,,,,,,,,,,,
18,,38199,,,,,,,,,,4.449672996997833e-05,,3.129243850708008e-06,,0.1792026162147522,,0.28783881664276123,,0.10698476433753967,,0.03927278518676758,0.06512264907360077,,,,,,,,,,,,,,
18,,38209,,,,,,,,,,3.471970558166504e-06,,2.5345943868160248e-06,,0.19622112810611725,,0.2610741853713989,,0.1255299597978592,,0.04216860979795456,0.06971767544746399,,,,,,,,,,,,,,
18,,38219,,,,,,,,,,2.2333115339279175e-06,,4.210043698549271e-06,,0.2391444444656372,,0.24697738885879517,,0.11119865626096725,,0.04224728047847748,0.0669311061501503,,,,,,,,,,,,,,
18,,38229,,,,,,,,,,2.3134052753448486e-06,,2.721790224313736e-06,,0.1994708627462387,,0.25147759914398193,,0.10094381123781204,,0.0310233011841774,0.056333769112825394,,,,,,,,,,,,,,
18,,38239,,,,,,,,,,3.123655915260315e-06,,2.3278407752513885e-06,,0.2337794154882431,,0.24376936256885529,,0.09149299561977386,,0.032751500606536865,0.0558985136449337,,,,,,,,,,,,,,
18,,38249,,,,,,,,,,4.423782229423523e-06,,2.670101821422577e-06,,0.17354218661785126,,0.2597595751285553,,0.11694196611642838,,0.043554626405239105,0.0688193291425705,,,,,,,,,,,,,,
18,,38259,,,,,,,,,,3.2242387533187866e-06,,2.6831403374671936e-06,,0.2217761129140854,,0.26321953535079956,,0.09929969161748886,,0.03579301759600639,0.06041557341814041,,,,,,,,,,,,,,
18,,38269,,,,,,,,,,5.189329385757446e-06,,2.196524292230606e-06,,0.22637417912483215,,0.2375791221857071,,0.09465771913528442,,0.029731005430221558,0.053849078714847565,,,,,,,,,,,,,,
18,,38279,,,,,,,,,,3.127381205558777e-06,,2.4940818548202515e-06,,0.22973421216011047,,0.2540434002876282,,0.10586690902709961,,0.03188477084040642,0.058378372341394424,,,,,,,,,,,,,,
18,,38289,,,,,,,,,,3.4067779779434204e-06,,2.99699604511261e-06,,0.18851220607757568,,0.28539663553237915,,0.10372313857078552,,0.04345016926527023,0.06763933598995209,,,,,,,,,,,,,,
18,,38299,,,,,,,,,,4.561617970466614e-06,,2.3301690816879272e-06,,0.21612435579299927,,0.2696657180786133,,0.10355406999588013,,0.034390341490507126,0.0603971891105175,,,,,,,,,,,,,,
18,,38309,,,,,,,,,,3.4850090742111206e-06,,2.085696905851364e-06,,0.2184978723526001,,0.24595396220684052,,0.10904519259929657,,0.043397270143032074,0.06709993630647659,,,,,,,,,,,,,,
18,,38319,,,,,,,,,,2.294778823852539e-06,,3.097113221883774e-06,,0.19790184497833252,,0.276103675365448,,0.0971083864569664,,0.0303301140666008,0.05623067170381546,,,,,,,,,,,,,,
18,,38329,,,,,,,,,,3.5669654607772827e-06,,4.7548674046993256e-06,,0.22142291069030762,,0.238160640001297,,0.09714466333389282,,0.031114159151911736,0.055322349071502686,,,,,,,,,,,,,,
18,,38339,,,,,,,,,,1.225993037223816e-05,,2.4153850972652435e-06,,0.18801385164260864,,0.2542572021484375,,0.11771352589130402,,0.045751046389341354,0.07052339613437653,,,,,,,,,,,,,,
18,,38349,,,,,,,,,,5.055218935012817e-06,,3.019813448190689e-06,,0.1921181082725525,,0.26735731959342957,,0.1050717756152153,,0.03414595499634743,0.06010887771844864,,,,,,,,,,,,,,
18,,38359,,,,,,,,,,4.230067133903503e-06,,2.120155841112137e-06,,0.1890496015548706,,0.26933014392852783,,0.11426837742328644,,0.03734152019023895,0.06428743898868561,,,,,,,,,,,,,,
18,,38360,,,,,,,,,,,,,,,,,,,,,,0.9792398810386658,1.0,1.0,0.9489991068840027,0.9083836078643799,0.9642341732978821,0.9877919554710388,0.06440931558609009,1.1920928955078125e-07,1.1920928955078125e-07,0.20953747630119324,0.25931981205940247,0.11187323927879333,0.03840832784771919
18,,38360,0.9793704152107239,1.0,1.0,0.948940634727478,0.9084709286689758,0.9648439884185791,0.987808346748352,0.061410319060087204,3.930698767362628e-06,,3.113656703135348e-06,,0.21015697717666626,,0.26006561517715454,,0.10417770594358444,,0.03627822920680046,,,,,,,,,,,,,,,,
