epoch,lr-AdamW,step,train/acc,train/acc_s0_1,train/acc_s1_2,train/acc_s2_4,train/acc_s3_8,train/acc_s4_16,train/acc_s5_32,train/loss_epoch,train/loss_s0_1_epoch,train/loss_s0_1_step,train/loss_s1_2_epoch,train/loss_s1_2_step,train/loss_s2_4_epoch,train/loss_s2_4_step,train/loss_s3_8_epoch,train/loss_s3_8_step,train/loss_s4_16_epoch,train/loss_s4_16_step,train/loss_s5_32_epoch,train/loss_s5_32_step,train/loss_step
,0.001,0,,,,,,,,,,,,,,,,,,,,,
0,,0,,,,,,,,,,2.604278802871704,,2.41410493850708,,2.9205331802368164,,3.605184555053711,,3.219754695892334,,3.1725289821624756,3.1960792541503906
0,,0,0.014171245507895947,0.0,0.25,0.005859375,0.00439453125,0.01220703125,0.014495849609375,3.1960792541503906,2.604278802871704,,2.41410493850708,,2.9205331802368164,,3.605184555053711,,3.219754695892334,,3.1725289821624756,,
,0.001,1,,,,,,,,,,,,,,,,,,,,,
1,,1,,,,,,,,,,0.9802573919296265,,0.22162961959838867,,0.8445305824279785,,1.0963413715362549,,1.2395586967468262,,1.4751192331314087,1.4017541408538818
1,,1,0.7578755021095276,1.0,1.0,0.87109375,0.80908203125,0.7755126953125,0.747314453125,1.4017541408538818,0.9802573919296265,,0.22162961959838867,,0.8445305824279785,,1.0963413715362549,,1.2395586967468262,,1.4751192331314087,,
,0.001,2,,,,,,,,,,,,,,,,,,,,,
2,,2,,,,,,,,,,1.3369868993759155,,0.7993038296699524,,1.1645194292068481,,1.356216549873352,,1.4089914560317993,,1.3907420635223389,1.3881217241287231
2,,2,0.749748170375824,1.0,1.0,0.87109375,0.7314453125,0.7515869140625,0.747314453125,1.3881217241287231,1.3369868993759155,,0.7993038296699524,,1.1645194292068481,,1.356216549873352,,1.4089914560317993,,1.3907420635223389,,
,0.001,3,,,,,,,,,,,,,,,,,,,,,
3,,3,,,,,,,,,,0.4100525379180908,,0.30263036489486694,,0.6901608109474182,,0.9173177480697632,,1.0290498733520508,,1.1672632694244385,1.1209419965744019
3,,3,0.7578755021095276,1.0,1.0,0.87109375,0.80908203125,0.7755126953125,0.747314453125,1.1209419965744019,0.4100525379180908,,0.30263036489486694,,0.6901608109474182,,0.9173177480697632,,1.0290498733520508,,1.1672632694244385,,
,0.001,4,,,,,,,,,,,,,,,,,,,,,
4,,4,,,,,,,,,,0.16130270063877106,,0.14025960862636566,,0.6270831823348999,,0.9225221872329712,,1.061112880706787,,1.193924903869629,1.1458030939102173
4,,4,0.7578755021095276,1.0,1.0,0.87109375,0.80908203125,0.7755126953125,0.747314453125,1.1458030939102173,0.16130270063877106,,0.14025960862636566,,0.6270831823348999,,0.9225221872329712,,1.061112880706787,,1.193924903869629,,
,0.001,5,,,,,,,,,,,,,,,,,,,,,
5,,5,,,,,,,,,,0.19355326890945435,,0.18466031551361084,,0.622049868106842,,0.8974970579147339,,1.0326186418533325,,1.1717339754104614,1.122733235359192
5,,5,0.7578755021095276,1.0,1.0,0.87109375,0.80908203125,0.7755126953125,0.747314453125,1.122733235359192,0.19355326890945435,,0.18466031551361084,,0.622049868106842,,0.8974970579147339,,1.0326186418533325,,1.1717339754104614,,
,0.001,6,,,,,,,,,,,,,,,,,,,,,
6,,6,,,,,,,,,,0.3446137607097626,,0.3485718369483948,,0.6777050495147705,,0.9035304188728333,,1.0155199766159058,,1.1690479516983032,1.1190376281738281
6,,6,0.7578755021095276,1.0,1.0,0.87109375,0.80908203125,0.7755126953125,0.747314453125,1.1190376281738281,0.3446137607097626,,0.3485718369483948,,0.6777050495147705,,0.9035304188728333,,1.0155199766159058,,1.1690479516983032,,
,0.001,7,,,,,,,,,,,,,,,,,,,,,
7,,7,,,,,,,,,,0.3518134355545044,,0.36882999539375305,,0.6904364824295044,,0.9096865653991699,,1.0172979831695557,,1.1656427383422852,1.117319107055664
7,,7,0.7578755021095276,1.0,1.0,0.87109375,0.80908203125,0.7755126953125,0.747314453125,1.117319107055664,0.3518134355545044,,0.36882999539375305,,0.6904364824295044,,0.9096865653991699,,1.0172979831695557,,1.1656427383422852,,
,0.001,8,,,,,,,,,,,,,,,,,,,,,
8,,8,,,,,,,,,,0.2655777037143707,,0.2804248631000519,,0.6518218517303467,,0.8884341716766357,,1.004724383354187,,1.1491010189056396,1.1007802486419678
8,,8,0.7578755021095276,1.0,1.0,0.87109375,0.80908203125,0.7755126953125,0.747314453125,1.1007802486419678,0.2655777037143707,,0.2804248631000519,,0.6518218517303467,,0.8884341716766357,,1.004724383354187,,1.1491010189056396,,
,0.001,9,,,,,,,,,,,,,,,,,,,,,
9,,9,,,,,,,,,,0.19679348170757294,,0.20674552023410797,,0.6284003257751465,,0.883656919002533,,1.0091028213500977,,1.1538021564483643,1.1043633222579956
9,,9,0.7578755021095276,1.0,1.0,0.87109375,0.80908203125,0.7755126953125,0.747314453125,1.1043633222579956,0.19679348170757294,,0.20674552023410797,,0.6284003257751465,,0.883656919002533,,1.0091028213500977,,1.1538021564483643,,
,0.001,10,,,,,,,,,,,,,,,,,,,,,
10,,10,,,,,,,,,,0.19486653804779053,,0.2037314772605896,,0.6298178434371948,,0.884559154510498,,1.0104751586914062,,1.1558043956756592,1.1061714887619019
10,,10,0.7578755021095276,1.0,1.0,0.87109375,0.80908203125,0.7755126953125,0.747314453125,1.1061714887619019,0.19486653804779053,,0.2037314772605896,,0.6298178434371948,,0.884559154510498,,1.0104751586914062,,1.1558043956756592,,
,0.001,11,,,,,,,,,,,,,,,,,,,,,
11,,11,,,,,,,,,,0.23702391982078552,,0.24723820388317108,,0.642877459526062,,0.8829271793365479,,1.002218246459961,,1.148884654045105,1.0996668338775635
11,,11,0.7578755021095276,1.0,1.0,0.87109375,0.80908203125,0.7755126953125,0.747314453125,1.0996668338775635,0.23702391982078552,,0.24723820388317108,,0.642877459526062,,0.8829271793365479,,1.002218246459961,,1.148884654045105,,
,0.001,12,,,,,,,,,,,,,,,,,,,,,
12,,12,,,,,,,,,,0.28981897234916687,,0.3017303943634033,,0.6624906659126282,,0.8869894742965698,,0.9992841482162476,,1.1471381187438965,1.098425030708313
12,,12,0.7578755021095276,1.0,1.0,0.87109375,0.80908203125,0.7755126953125,0.747314453125,1.098425030708313,0.28981897234916687,,0.3017303943634033,,0.6624906659126282,,0.8869894742965698,,0.9992841482162476,,1.1471381187438965,,
,0.001,13,,,,,,,,,,,,,,,,,,,,,
13,,13,,,,,,,,,,0.30471935868263245,,0.3168503940105438,,0.6676377654075623,,0.8877605199813843,,0.9988538026809692,,1.1457836627960205,1.0974799394607544
13,,13,0.7578755021095276,1.0,1.0,0.87109375,0.80908203125,0.7755126953125,0.747314453125,1.0974799394607544,0.30471935868263245,,0.3168503940105438,,0.6676377654075623,,0.8877605199813843,,0.9988538026809692,,1.1457836627960205,,
,0.001,14,,,,,,,,,,,,,,,,,,,,,
14,,14,,,,,,,,,,0.27195632457733154,,0.2823125720024109,,0.6516625285148621,,0.8803115487098694,,0.9951409101486206,,1.141478180885315,1.0928919315338135
14,,14,0.7578755021095276,1.0,1.0,0.87109375,0.80908203125,0.7755126953125,0.747314453125,1.0928919315338135,0.27195632457733154,,0.2823125720024109,,0.6516625285148621,,0.8803115487098694,,0.9951409101486206,,1.141478180885315,,
,0.001,15,,,,,,,,,,,,,,,,,,,,,
15,,15,,,,,,,,,,0.22895747423171997,,0.23700831830501556,,0.6334295272827148,,0.8752197027206421,,0.9947422742843628,,1.1425329446792603,1.0929917097091675
15,,15,0.7578755021095276,1.0,1.0,0.87109375,0.80908203125,0.7755126953125,0.747314453125,1.0929917097091675,0.22895747423171997,,0.23700831830501556,,0.6334295272827148,,0.8752197027206421,,0.9947422742843628,,1.1425329446792603,,
,0.001,16,,,,,,,,,,,,,,,,,,,,,
16,,16,,,,,,,,,,0.2070048749446869,,0.21367841958999634,,0.6237932443618774,,0.8739050626754761,,0.9961124658584595,,1.145461082458496,1.0951862335205078
16,,16,0.7578755021095276,1.0,1.0,0.87109375,0.80908203125,0.7755126953125,0.747314453125,1.0951862335205078,0.2070048749446869,,0.21367841958999634,,0.6237932443618774,,0.8739050626754761,,0.9961124658584595,,1.145461082458496,,
,0.001,17,,,,,,,,,,,,,,,,,,,,,
17,,17,,,,,,,,,,0.2130265086889267,,0.2195030152797699,,0.6213628053665161,,0.8710876703262329,,0.9929786324501038,,1.1427369117736816,1.0924158096313477
17,,17,0.7578755021095276,1.0,1.0,0.87109375,0.80908203125,0.7755126953125,0.747314453125,1.0924158096313477,0.2130265086889267,,0.2195030152797699,,0.6213628053665161,,0.8710876703262329,,0.9929786324501038,,1.1427369117736816,,
,0.001,18,,,,,,,,,,,,,,,,,,,,,
18,,18,,,,,,,,,,0.23944143950939178,,0.24664819240570068,,0.6244852542877197,,0.8680781126022339,,0.9877521395683289,,1.138335943222046,1.0881285667419434
18,,18,0.7578755021095276,1.0,1.0,0.87109375,0.80908203125,0.7755126953125,0.747314453125,1.0881285667419434,0.23944143950939178,,0.24664819240570068,,0.6244852542877197,,0.8680781126022339,,0.9877521395683289,,1.138335943222046,,
,0.001,19,,,,,,,,,,,,,,,,,,,,,
19,,19,,,,,,,,,,0.26523807644844055,,0.27347904443740845,,0.6277362108230591,,0.8663639426231384,,0.9839726686477661,,1.137861728668213,1.0871191024780273
19,,19,0.7578755021095276,1.0,1.0,0.87109375,0.80908203125,0.7755126953125,0.747314453125,1.0871191024780273,0.26523807644844055,,0.27347904443740845,,0.6277362108230591,,0.8663639426231384,,0.9839726686477661,,1.137861728668213,,
,0.001,20,,,,,,,,,,,,,,,,,,,,,
20,,20,,,,,,,,,,0.26323235034942627,,0.2715800106525421,,0.6204046010971069,,0.8608250617980957,,0.9780622720718384,,1.1364490985870361,1.0845983028411865
20,,20,0.7578755021095276,1.0,1.0,0.87109375,0.80908203125,0.7755126953125,0.747314453125,1.0845983028411865,0.26323235034942627,,0.2715800106525421,,0.6204046010971069,,0.8608250617980957,,0.9780622720718384,,1.1364490985870361,,
,0.001,21,,,,,,,,,,,,,,,,,,,,,
21,,21,,,,,,,,,,0.23435518145561218,,0.24169650673866272,,0.604574978351593,,0.8524179458618164,,0.9704529047012329,,1.1325879096984863,1.079586148262024
21,,21,0.7578755021095276,1.0,1.0,0.87109375,0.80908203125,0.7755126953125,0.747314453125,1.079586148262024,0.23435518145561218,,0.24169650673866272,,0.604574978351593,,0.8524179458618164,,0.9704529047012329,,1.1325879096984863,,
,0.001,22,,,,,,,,,,,,,,,,,,,,,
22,,22,,,,,,,,,,0.20482318103313446,,0.2107577919960022,,0.5906490087509155,,0.8460853695869446,,0.9632388949394226,,1.131059169769287,1.0765138864517212
22,,22,0.7578755021095276,1.0,1.0,0.87109375,0.80908203125,0.7755126953125,0.747314453125,1.0765138864517212,0.20482318103313446,,0.2107577919960022,,0.5906490087509155,,0.8460853695869446,,0.9632388949394226,,1.131059169769287,,
,0.001,23,,,,,,,,,,,,,,,,,,,,,
23,,23,,,,,,,,,,0.19324742257595062,,0.19838356971740723,,0.5797151923179626,,0.8375641107559204,,0.9486615061759949,,1.1287753582000732,1.071494221687317
23,,23,0.7578755021095276,1.0,1.0,0.87109375,0.80908203125,0.7755126953125,0.747314453125,1.071494221687317,0.19324742257595062,,0.19838356971740723,,0.5797151923179626,,0.8375641107559204,,0.9486615061759949,,1.1287753582000732,,
,0.001,24,,,,,,,,,,,,,,,,,,,,,
24,,24,,,,,,,,,,0.20031939446926117,,0.20503896474838257,,0.5669617056846619,,0.8204470276832581,,0.9282866716384888,,1.12245774269104,1.0620062351226807
24,,24,0.7578755021095276,1.0,1.0,0.87109375,0.80908203125,0.7755126953125,0.747314453125,1.0620062351226807,0.20031939446926117,,0.20503896474838257,,0.5669617056846619,,0.8204470276832581,,0.9282866716384888,,1.12245774269104,,
,0.001,25,,,,,,,,,,,,,,,,,,,,,
25,,25,,,,,,,,,,0.20160765945911407,,0.20363909006118774,,0.5461664795875549,,0.7971813082695007,,0.904944658279419,,1.114572286605835,1.05037522315979
25,,25,0.7581043839454651,1.0,1.0,0.87109375,0.80908203125,0.7767333984375,0.747314453125,1.05037522315979,0.20160765945911407,,0.20363909006118774,,0.5461664795875549,,0.7971813082695007,,0.904944658279419,,1.114572286605835,,
,0.001,26,,,,,,,,,,,,,,,,,,,,,
26,,26,,,,,,,,,,0.1834024339914322,,0.18036603927612305,,0.538497269153595,,0.7800648808479309,,0.8969382643699646,,1.1039643287658691,1.0399419069290161
26,,26,0.7578755021095276,1.0,1.0,0.87109375,0.80908203125,0.7755126953125,0.747314453125,1.0399419069290161,0.1834024339914322,,0.18036603927612305,,0.538497269153595,,0.7800648808479309,,0.8969382643699646,,1.1039643287658691,,
,0.001,27,,,,,,,,,,,,,,,,,,,,,
27,,27,,,,,,,,,,0.17605434358119965,,0.1678120493888855,,0.5289508104324341,,0.7426998019218445,,0.8791377544403076,,1.0872249603271484,1.0221399068832397
27,,27,0.7578755021095276,1.0,1.0,0.87109375,0.80908203125,0.7755126953125,0.747314453125,1.0221399068832397,0.17605434358119965,,0.1678120493888855,,0.5289508104324341,,0.7426998019218445,,0.8791377544403076,,1.0872249603271484,,
,0.001,28,,,,,,,,,,,,,,,,,,,,,
28,,28,,,,,,,,,,0.18687988817691803,,0.1740833967924118,,0.5146961212158203,,0.6619491577148438,,0.7948380708694458,,1.0608584880828857,0.982623279094696
28,,28,0.7590888142585754,1.0,1.0,0.875,0.80908203125,0.78173828125,0.747314453125,0.982623279094696,0.18687988817691803,,0.1740833967924118,,0.5146961212158203,,0.6619491577148438,,0.7948380708694458,,1.0608584880828857,,
,0.001,29,,,,,,,,,,,,,,,,,,,,,
29,,29,,,,,,,,,,0.20017693936824799,,0.1934833973646164,,0.5451746582984924,,0.551218569278717,,0.755973219871521,,1.020524263381958,0.9403083324432373
29,,29,0.7632784247398376,1.0,1.0,0.875,0.81884765625,0.792236328125,0.749664306640625,0.9403083324432373,0.20017693936824799,,0.1934833973646164,,0.5451746582984924,,0.551218569278717,,0.755973219871521,,1.020524263381958,,
,0.001,30,,,,,,,,,,,,,,,,,,,,,
30,,30,,,,,,,,,,0.14957882463932037,,0.09362872689962387,,0.6189011335372925,,0.542407751083374,,0.7383972406387329,,1.0648839473724365,0.9704113602638245
30,,30,0.7596840858459473,1.0,1.0,0.875,0.84130859375,0.7955322265625,0.742645263671875,0.9704113602638245,0.14957882463932037,,0.09362872689962387,,0.6189011335372925,,0.542407751083374,,0.7383972406387329,,1.0648839473724365,,
,0.001,31,,,,,,,,,,,,,,,,,,,,,
31,,31,,,,,,,,,,0.21087299287319183,,0.21861739456653595,,0.5611698627471924,,0.5738418698310852,,0.7177391052246094,,1.245877742767334,1.1035237312316895
31,,31,0.68470698595047,1.0,1.0,0.875,0.83984375,0.800537109375,0.64154052734375,1.1035237312316895,0.21087299287319183,,0.21861739456653595,,0.5611698627471924,,0.5738418698310852,,0.7177391052246094,,1.245877742767334,,
,0.001,32,,,,,,,,,,,,,,,,,,,,,
32,,32,,,,,,,,,,0.1678093671798706,,0.14326708018779755,,0.5095618963241577,,0.5125625729560852,,0.6772909760475159,,1.047486662864685,0.9433777928352356
32,,32,0.7492673993110657,1.0,1.0,0.875,0.8466796875,0.8106689453125,0.724639892578125,0.9433777928352356,0.1678093671798706,,0.14326708018779755,,0.5095618963241577,,0.5125625729560852,,0.6772909760475159,,1.047486662864685,,
,0.001,33,,,,,,,,,,,,,,,,,,,,,
33,,33,,,,,,,,,,0.10181936621665955,,0.07151395082473755,,0.48105883598327637,,0.4763813018798828,,0.7469693422317505,,1.0194501876831055,0.9331240653991699
33,,33,0.7657738327980042,1.0,1.0,0.875,0.8505859375,0.8043212890625,0.74798583984375,0.9331240653991699,0.10181936621665955,,0.07151395082473755,,0.48105883598327637,,0.4763813018798828,,0.7469693422317505,,1.0194501876831055,,
,0.001,34,,,,,,,,,,,,,,,,,,,,,
34,,34,,,,,,,,,,0.11036813259124756,,0.08041437715291977,,0.4566841721534729,,0.48551931977272034,,0.7078297138214111,,1.0411767959594727,0.9422576427459717
34,,34,0.7651098966598511,1.0,1.0,0.875,0.84423828125,0.8050537109375,0.747314453125,0.9422576427459717,0.11036813259124756,,0.08041437715291977,,0.4566841721534729,,0.48551931977272034,,0.7078297138214111,,1.0411767959594727,,
,0.001,35,,,,,,,,,,,,,,,,,,,,,
35,,35,,,,,,,,,,0.16631610691547394,,0.12919557094573975,,0.45182451605796814,,0.49109387397766113,,0.6629449725151062,,0.9944744110107422,0.8991926312446594
35,,35,0.7682005763053894,1.0,1.0,0.875,0.84716796875,0.8172607421875,0.748199462890625,0.8991926312446594,0.16631610691547394,,0.12919557094573975,,0.45182451605796814,,0.49109387397766113,,0.6629449725151062,,0.9944744110107422,,
,0.001,36,,,,,,,,,,,,,,,,,,,,,
36,,36,,,,,,,,,,0.25948789715766907,,0.2063916176557541,,0.47327107191085815,,0.5003868341445923,,0.7027400135993958,,1.0077202320098877,0.9175744652748108
36,,36,0.7696886658668518,1.0,1.0,0.875,0.8564453125,0.818603515625,0.749267578125,0.9175744652748108,0.25948789715766907,,0.2063916176557541,,0.47327107191085815,,0.5003868341445923,,0.7027400135993958,,1.0077202320098877,,
,0.001,37,,,,,,,,,,,,,,,,,,,,,
37,,37,,,,,,,,,,0.2724827826023102,,0.20323580503463745,,0.468387246131897,,0.4782804250717163,,0.6926010847091675,,1.0208032131195068,0.9243941307067871
37,,37,0.7729624509811401,1.0,1.0,0.875,0.85595703125,0.8233642578125,0.752471923828125,0.9243941307067871,0.2724827826023102,,0.20323580503463745,,0.468387246131897,,0.4782804250717163,,0.6926010847091675,,1.0208032131195068,,
,0.001,38,,,,,,,,,,,,,,,,,,,,,
38,,38,,,,,,,,,,0.2089741826057434,,0.13655319809913635,,0.44479453563690186,,0.44335541129112244,,0.614761471748352,,0.9674276113510132,0.8675981760025024
38,,38,0.7720237970352173,1.0,1.0,0.875,0.86669921875,0.8287353515625,0.74920654296875,0.8675981760025024,0.2089741826057434,,0.13655319809913635,,0.44479453563690186,,0.44335541129112244,,0.614761471748352,,0.9674276113510132,,
,0.001,39,,,,,,,,,,,,,,,,,,,,,
39,,39,,,,,,,,,,0.12370084226131439,,0.06574951857328415,,0.43348756432533264,,0.43005508184432983,,0.5720113515853882,,0.9431772828102112,0.8403622508049011
39,,39,0.7721611857414246,1.0,1.0,0.875,0.87255859375,0.8319091796875,0.74822998046875,0.8403622508049011,0.12370084226131439,,0.06574951857328415,,0.43348756432533264,,0.43005508184432983,,0.5720113515853882,,0.9431772828102112,,
,0.001,40,,,,,,,,,,,,,,,,,,,,,
40,,40,,,,,,,,,,0.11282713711261749,,0.0444926917552948,,0.4600754976272583,,0.41772615909576416,,0.5617828369140625,,0.9321280717849731,0.8298183679580688
40,,40,0.7735348343849182,1.0,1.0,0.875,0.8759765625,0.83642578125,0.74871826171875,0.8298183679580688,0.11282713711261749,,0.0444926917552948,,0.4600754976272583,,0.41772615909576416,,0.5617828369140625,,0.9321280717849731,,
,0.001,41,,,,,,,,,,,,,,,,,,,,,
41,,41,,,,,,,,,,0.17775161564350128,,0.04627485200762749,,0.5035656690597534,,0.4177533984184265,,0.5613843202590942,,0.8796955347061157,0.790973424911499
41,,41,0.78385990858078,1.0,1.0,0.875,0.8779296875,0.83935546875,0.761627197265625,0.790973424911499,0.17775161564350128,,0.04627485200762749,,0.5035656690597534,,0.4177533984184265,,0.5613843202590942,,0.8796955347061157,,
,0.001,42,,,,,,,,,,,,,,,,,,,,,
42,,42,,,,,,,,,,0.13661950826644897,,0.04520765319466591,,0.43494343757629395,,0.40203410387039185,,0.5396780967712402,,0.908920168876648,0.8072516918182373
42,,42,0.7710164785385132,1.0,1.0,0.875,0.876953125,0.8416748046875,0.743988037109375,0.8072516918182373,0.13661950826644897,,0.04520765319466591,,0.43494343757629395,,0.40203410387039185,,0.5396780967712402,,0.908920168876648,,
,0.001,43,,,,,,,,,,,,,,,,,,,,,
43,,43,,,,,,,,,,0.12045293301343918,,0.03794566169381142,,0.4258177876472473,,0.39760035276412964,,0.5293160676956177,,0.8664736151695251,0.77311772108078
43,,43,0.7800366282463074,1.0,1.0,0.875,0.86328125,0.8427734375,0.756591796875,0.77311772108078,0.12045293301343918,,0.03794566169381142,,0.4258177876472473,,0.39760035276412964,,0.5293160676956177,,0.8664736151695251,,
,0.001,44,,,,,,,,,,,,,,,,,,,,,
44,,44,,,,,,,,,,0.13154803216457367,,0.027812069281935692,,0.4191598892211914,,0.38064903020858765,,0.5185943841934204,,0.863661527633667,0.7681028842926025
44,,44,0.7876144647598267,1.0,1.0,0.875,0.8720703125,0.8431396484375,0.76605224609375,0.7681028842926025,0.13154803216457367,,0.027812069281935692,,0.4191598892211914,,0.38064903020858765,,0.5185943841934204,,0.863661527633667,,
,0.001,45,,,,,,,,,,,,,,,,,,,,,
45,,45,,,,,,,,,,0.1596459597349167,,0.03890806436538696,,0.4065433740615845,,0.37487801909446716,,0.5143855214118958,,0.8262159824371338,0.7388572096824646
45,,45,0.7884386777877808,1.0,1.0,0.875,0.8740234375,0.838623046875,0.768157958984375,0.7388572096824646,0.1596459597349167,,0.03890806436538696,,0.4065433740615845,,0.37487801909446716,,0.5143855214118958,,0.8262159824371338,,
,0.001,46,,,,,,,,,,,,,,,,,,,,,
46,,46,,,,,,,,,,0.1473485827445984,,0.06062983348965645,,0.3919227719306946,,0.39732399582862854,,0.5089098811149597,,0.798396110534668,0.7178959250450134
46,,46,0.7918956279754639,1.0,1.0,0.875,0.85498046875,0.839599609375,0.773712158203125,0.7178959250450134,0.1473485827445984,,0.06062983348965645,,0.3919227719306946,,0.39732399582862854,,0.5089098811149597,,0.798396110534668,,
,0.001,47,,,,,,,,,,,,,,,,,,,,,
47,,47,,,,,,,,,,0.11738824099302292,,0.04941624402999878,,0.3862508535385132,,0.3702782988548279,,0.4905097484588623,,0.791785478591919,0.7080965042114258
47,,47,0.7949633598327637,1.0,1.0,0.87109375,0.88330078125,0.84765625,0.774078369140625,0.7080965042114258,0.11738824099302292,,0.04941624402999878,,0.3862508535385132,,0.3702782988548279,,0.4905097484588623,,0.791785478591919,,
,0.001,48,,,,,,,,,,,,,,,,,,,,,
48,,48,,,,,,,,,,0.08870035409927368,,0.02834799326956272,,0.3994114398956299,,0.36214882135391235,,0.5077942609786987,,0.7636282444000244,0.6899054050445557
48,,48,0.7941392064094543,1.0,1.0,0.87109375,0.8759765625,0.83740234375,0.7760009765625,0.6899054050445557,0.08870035409927368,,0.02834799326956272,,0.3994114398956299,,0.36214882135391235,,0.5077942609786987,,0.7636282444000244,,
,0.001,49,,,,,,,,,,,,,,,,,,,,,
49,,49,,,,,,,,,,0.06778937578201294,,0.021361930295825005,,0.4004077911376953,,0.3695349097251892,,0.49202364683151245,,0.7482907176017761,0.6757639050483704
49,,49,0.7940247654914856,1.0,1.0,0.87109375,0.8681640625,0.839599609375,0.775787353515625,0.6757639050483704,0.06778937578201294,,0.021361930295825005,,0.4004077911376953,,0.3695349097251892,,0.49202364683151245,,0.7482907176017761,,
,0.001,50,,,,,,,,,,,,,,,,,,,,,
50,,50,,,,,,,,,,0.06719601154327393,,0.02341523766517639,,0.38045746088027954,,0.35241228342056274,,0.46576905250549316,,0.7082030177116394,0.639735758304596
50,,50,0.8126373887062073,1.0,1.0,0.873046875,0.8798828125,0.8487548828125,0.79754638671875,0.639735758304596,0.06719601154327393,,0.02341523766517639,,0.38045746088027954,,0.35241228342056274,,0.46576905250549316,,0.7082030177116394,,
,0.001,51,,,,,,,,,,,,,,,,,,,,,
51,,51,,,,,,,,,,0.07178051769733429,,0.026694392785429955,,0.3687966465950012,,0.3357807397842407,,0.47660306096076965,,0.6956692934036255,0.6314615607261658
51,,51,0.8121108412742615,1.0,1.0,0.876953125,0.89111328125,0.8397216796875,0.79833984375,0.6314615607261658,0.07178051769733429,,0.026694392785429955,,0.3687966465950012,,0.3357807397842407,,0.47660306096076965,,0.6956692934036255,,
,0.001,52,,,,,,,,,,,,,,,,,,,,,
52,,52,,,,,,,,,,0.051095351576805115,,0.018006693571805954,,0.37380099296569824,,0.3285858929157257,,0.4569874405860901,,0.6593337655067444,0.6002051830291748
52,,52,0.8209020495414734,1.0,1.0,0.87109375,0.888671875,0.843994140625,0.809234619140625,0.6002051830291748,0.051095351576805115,,0.018006693571805954,,0.37380099296569824,,0.3285858929157257,,0.4569874405860901,,0.6593337655067444,,
,0.001,53,,,,,,,,,,,,,,,,,,,,,
53,,53,,,,,,,,,,0.03891916945576668,,0.012525167316198349,,0.3756454885005951,,0.32531124353408813,,0.4436321258544922,,0.6532531380653381,0.5929819345474243
53,,53,0.821955144405365,1.0,1.0,0.87109375,0.8857421875,0.8482666015625,0.80975341796875,0.5929819345474243,0.03891916945576668,,0.012525167316198349,,0.3756454885005951,,0.32531124353408813,,0.4436321258544922,,0.6532531380653381,,
,0.001,54,,,,,,,,,,,,,,,,,,,,,
54,,54,,,,,,,,,,0.04131152853369713,,0.012849589809775352,,0.3578959107398987,,0.3237355351448059,,0.4361056089401245,,0.6246404647827148,0.5698263645172119
54,,54,0.8284798860549927,1.0,1.0,0.87109375,0.8818359375,0.8504638671875,0.818145751953125,0.5698263645172119,0.04131152853369713,,0.012849589809775352,,0.3578959107398987,,0.3237355351448059,,0.4361056089401245,,0.6246404647827148,,
,0.001,55,,,,,,,,,,,,,,,,,,,,,
55,,55,,,,,,,,,,0.043107930570840836,,0.014239178970456123,,0.3487907946109772,,0.3189781904220581,,0.4265594184398651,,0.6243147850036621,0.5674673318862915
55,,55,0.828960657119751,1.0,1.0,0.87109375,0.8857421875,0.8564453125,0.817047119140625,0.5674673318862915,0.043107930570840836,,0.014239178970456123,,0.3487907946109772,,0.3189781904220581,,0.4265594184398651,,0.6243147850036621,,
,0.001,56,,,,,,,,,,,,,,,,,,,,,
56,,56,,,,,,,,,,0.04596541449427605,,0.014021119102835655,,0.33710983395576477,,0.3193758726119995,,0.4292711615562439,,0.6021159887313843,0.5512059330940247
56,,56,0.8304258584976196,1.0,1.0,0.87109375,0.88818359375,0.855712890625,0.81903076171875,0.5512059330940247,0.04596541449427605,,0.014021119102835655,,0.33710983395576477,,0.3193758726119995,,0.4292711615562439,,0.6021159887313843,,
,0.001,57,,,,,,,,,,,,,,,,,,,,,
57,,57,,,,,,,,,,0.03379756212234497,,0.0106809101998806,,0.3433424234390259,,0.31784096360206604,,0.4188787341117859,,0.5860719680786133,0.537203311920166
57,,57,0.8348214626312256,1.0,1.0,0.87109375,0.884765625,0.85205078125,0.826019287109375,0.537203311920166,0.03379756212234497,,0.0106809101998806,,0.3433424234390259,,0.31784096360206604,,0.4188787341117859,,0.5860719680786133,,
,0.001,58,,,,,,,,,,,,,,,,,,,,,
58,,58,,,,,,,,,,0.0360952652990818,,0.011256353929638863,,0.3390195071697235,,0.31440556049346924,,0.4075517952442169,,0.5636988282203674,0.5180866122245789
58,,58,0.8393315076828003,1.0,1.0,0.87109375,0.88623046875,0.860107421875,0.829925537109375,0.5180866122245789,0.0360952652990818,,0.011256353929638863,,0.3390195071697235,,0.31440556049346924,,0.4075517952442169,,0.5636988282203674,,
,0.001,59,,,,,,,,,,,,,,,,,,,,,
59,,59,,,,,,,,,,0.03897088021039963,,0.011961358599364758,,0.3378511071205139,,0.3099708557128906,,0.3988126218318939,,0.5465483069419861,0.5033641457557678
59,,59,0.8430861234664917,1.0,1.0,0.87109375,0.8935546875,0.865966796875,0.8330078125,0.5033641457557678,0.03897088021039963,,0.011961358599364758,,0.3378511071205139,,0.3099708557128906,,0.3988126218318939,,0.5465483069419861,,
,0.001,60,,,,,,,,,,,,,,,,,,,,,
60,,60,,,,,,,,,,0.03678871691226959,,0.010996455326676369,,0.3385394215583801,,0.30659252405166626,,0.3995504379272461,,0.5371960997581482,0.4963319003582001
60,,60,0.8442307710647583,1.0,1.0,0.87109375,0.89208984375,0.86083984375,0.835906982421875,0.4963319003582001,0.03678871691226959,,0.010996455326676369,,0.3385394215583801,,0.30659252405166626,,0.3995504379272461,,0.5371960997581482,,
,0.001,61,,,,,,,,,,,,,,,,,,,,,
61,,61,,,,,,,,,,0.03548417240381241,,0.009791836142539978,,0.3324735760688782,,0.2898937165737152,,0.3876153230667114,,0.518604576587677,0.4792879521846771
61,,61,0.8456501960754395,1.0,1.0,0.87109375,0.90478515625,0.8602294921875,0.837158203125,0.4792879521846771,0.03548417240381241,,0.009791836142539978,,0.3324735760688782,,0.2898937165737152,,0.3876153230667114,,0.518604576587677,,
,0.001,62,,,,,,,,,,,,,,,,,,,,,
62,,62,,,,,,,,,,0.026830486953258514,,0.0072521609254181385,,0.3206067979335785,,0.2798464894294739,,0.37436407804489136,,0.5063777565956116,0.4670064151287079
62,,62,0.8527014851570129,1.0,1.0,0.87109375,0.90380859375,0.870361328125,0.844085693359375,0.4670064151287079,0.026830486953258514,,0.0072521609254181385,,0.3206067979335785,,0.2798464894294739,,0.37436407804489136,,0.5063777565956116,,
,0.001,63,,,,,,,,,,,,,,,,,,,,,
63,,63,,,,,,,,,,0.027323013171553612,,0.006715057883411646,,0.3164055049419403,,0.28307288885116577,,0.37186020612716675,,0.5256906151771545,0.4811258316040039
63,,63,0.8426969051361084,1.0,1.0,0.87109375,0.89599609375,0.8675537109375,0.831939697265625,0.4811258316040039,0.027323013171553612,,0.006715057883411646,,0.3164055049419403,,0.28307288885116577,,0.37186020612716675,,0.5256906151771545,,
,0.001,64,,,,,,,,,,,,,,,,,,,,,
64,,64,,,,,,,,,,0.024232976138591766,,0.005820374004542828,,0.3177351653575897,,0.265494704246521,,0.3617170751094818,,0.47983938455581665,0.44401323795318604
64,,64,0.8598901033401489,1.0,1.0,0.87109375,0.9091796875,0.8721923828125,0.852874755859375,0.44401323795318604,0.024232976138591766,,0.005820374004542828,,0.3177351653575897,,0.265494704246521,,0.3617170751094818,,0.47983938455581665,,
,0.001,65,,,,,,,,,,,,,,,,,,,,,
65,,65,,,,,,,,,,0.03146291896700859,,0.006393766030669212,,0.324528306722641,,0.2608913481235504,,0.35405367612838745,,0.46441909670829773,0.4308786988258362
65,,65,0.8649038672447205,1.0,1.0,0.876953125,0.91162109375,0.8756103515625,0.85845947265625,0.4308786988258362,0.03146291896700859,,0.006393766030669212,,0.324528306722641,,0.2608913481235504,,0.35405367612838745,,0.46441909670829773,,
,0.001,66,,,,,,,,,,,,,,,,,,,,,
66,,66,,,,,,,,,,0.030903546139597893,,0.006350070238113403,,0.31895554065704346,,0.2542300522327423,,0.34453099966049194,,0.44659483432769775,0.41534313559532166
66,,66,0.8692536950111389,1.0,1.0,0.876953125,0.908203125,0.88037109375,0.86328125,0.41534313559532166,0.030903546139597893,,0.006350070238113403,,0.31895554065704346,,0.2542300522327423,,0.34453099966049194,,0.44659483432769775,,
,0.001,67,,,,,,,,,,,,,,,,,,,,,
67,,67,,,,,,,,,,0.028470369055867195,,0.0061784894205629826,,0.3172585368156433,,0.24608178436756134,,0.3402371406555176,,0.4383746385574341,0.4079669415950775
67,,67,0.8714743852615356,1.0,1.0,0.87109375,0.91650390625,0.8809814453125,0.86566162109375,0.4079669415950775,0.028470369055867195,,0.0061784894205629826,,0.3172585368156433,,0.24608178436756134,,0.3402371406555176,,0.4383746385574341,,
,0.001,68,,,,,,,,,,,,,,,,,,,,,
68,,68,,,,,,,,,,0.03086887113749981,,0.006542994640767574,,0.3136463761329651,,0.23853656649589539,,0.33107054233551025,,0.43266797065734863,0.40157344937324524
68,,68,0.8733974695205688,1.0,1.0,0.873046875,0.9140625,0.8829345703125,0.86785888671875,0.40157344937324524,0.03086887113749981,,0.006542994640767574,,0.3136463761329651,,0.23853656649589539,,0.33107054233551025,,0.43266797065734863,,
,0.001,69,,,,,,,,,,,,,,,,,,,,,
69,,69,,,,,,,,,,0.03071131557226181,,0.006636531557887793,,0.31189772486686707,,0.23525835573673248,,0.32642677426338196,,0.4317886233329773,0.39986884593963623
69,,69,0.87481689453125,1.0,1.0,0.873046875,0.9189453125,0.8880615234375,0.8681640625,0.39986884593963623,0.03071131557226181,,0.006636531557887793,,0.31189772486686707,,0.23525835573673248,,0.32642677426338196,,0.4317886233329773,,
,0.001,70,,,,,,,,,,,,,,,,,,,,,
70,,70,,,,,,,,,,0.03911246359348297,,0.007609772030264139,,0.30984851717948914,,0.2461548149585724,,0.34098154306411743,,0.43002966046333313,0.4017748534679413
70,,70,0.8706731200218201,1.0,1.0,0.873046875,0.9130859375,0.8765869140625,0.865875244140625,0.4017748534679413,0.03911246359348297,,0.007609772030264139,,0.30984851717948914,,0.2461548149585724,,0.34098154306411743,,0.43002966046333313,,
,0.001,71,,,,,,,,,,,,,,,,,,,,,
71,,71,,,,,,,,,,0.03586722910404205,,0.007197657134383917,,0.3051142692565918,,0.2281569540500641,,0.3157241940498352,,0.4030328392982483,0.37588244676589966
71,,71,0.8875687122344971,1.0,1.0,0.873046875,0.92138671875,0.8974609375,0.882659912109375,0.37588244676589966,0.03586722910404205,,0.007197657134383917,,0.3051142692565918,,0.2281569540500641,,0.3157241940498352,,0.4030328392982483,,
,0.001,72,,,,,,,,,,,,,,,,,,,,,
72,,72,,,,,,,,,,0.035315029323101044,,0.00689009390771389,,0.30637603998184204,,0.22795426845550537,,0.315319299697876,,0.3969178795814514,0.3712231516838074
72,,72,0.8870879411697388,1.0,1.0,0.876953125,0.916015625,0.897216796875,0.882354736328125,0.3712231516838074,0.035315029323101044,,0.00689009390771389,,0.30637603998184204,,0.22795426845550537,,0.315319299697876,,0.3969178795814514,,
,0.001,73,,,,,,,,,,,,,,,,,,,,,
73,,73,,,,,,,,,,0.03600442409515381,,0.006579270586371422,,0.30678609013557434,,0.2232474386692047,,0.3055041432380676,,0.39357250928878784,0.36665645241737366
73,,73,0.8839743733406067,1.0,1.0,0.873046875,0.91650390625,0.8994140625,0.877685546875,0.36665645241737366,0.03600442409515381,,0.006579270586371422,,0.30678609013557434,,0.2232474386692047,,0.3055041432380676,,0.39357250928878784,,
,0.001,74,,,,,,,,,,,,,,,,,,,,,
74,,74,,,,,,,,,,0.03212599828839302,,0.0060153803788125515,,0.3026949167251587,,0.21235539019107819,,0.2890072464942932,,0.3783778250217438,0.35160061717033386
74,,74,0.893658459186554,1.0,1.0,0.87109375,0.9208984375,0.9132080078125,0.88690185546875,0.35160061717033386,0.03212599828839302,,0.0060153803788125515,,0.3026949167251587,,0.21235539019107819,,0.2890072464942932,,0.3783778250217438,,
,0.001,75,,,,,,,,,,,,,,,,,,,,,
75,,75,,,,,,,,,,0.03637417405843735,,0.006424247287213802,,0.3037717640399933,,0.20852042734622955,,0.28172701597213745,,0.3721093535423279,0.345369815826416
75,,75,0.8947344422340393,1.0,1.0,0.873046875,0.93994140625,0.9146728515625,0.886749267578125,0.345369815826416,0.03637417405843735,,0.006424247287213802,,0.3037717640399933,,0.20852042734622955,,0.28172701597213745,,0.3721093535423279,,
,0.001,76,,,,,,,,,,,,,,,,,,,,,
76,,76,,,,,,,,,,0.03812013566493988,,0.0064077782444655895,,0.3024953007698059,,0.20597480237483978,,0.27464228868484497,,0.3634847104549408,0.3374379873275757
76,,76,0.8958333730697632,1.0,1.0,0.875,0.93212890625,0.914794921875,0.888641357421875,0.3374379873275757,0.03812013566493988,,0.0064077782444655895,,0.3024953007698059,,0.20597480237483978,,0.27464228868484497,,0.3634847104549408,,
,0.001,77,,,,,,,,,,,,,,,,,,,,,
77,,77,,,,,,,,,,0.030813157558441162,,0.005412513855844736,,0.30008992552757263,,0.2030564695596695,,0.2679755687713623,,0.3539096415042877,0.3288313150405884
77,,77,0.901762843132019,1.0,1.0,0.87109375,0.92724609375,0.9207763671875,0.895416259765625,0.3288313150405884,0.030813157558441162,,0.005412513855844736,,0.30008992552757263,,0.2030564695596695,,0.2679755687713623,,0.3539096415042877,,
,0.001,78,,,,,,,,,,,,,,,,,,,,,
78,,78,,,,,,,,,,0.02921891212463379,,0.005079573951661587,,0.29783791303634644,,0.1996905505657196,,0.2633136510848999,,0.3451578915119171,0.3212052285671234
78,,78,0.9000458121299744,1.0,1.0,0.873046875,0.93017578125,0.917236328125,0.893798828125,0.3212052285671234,0.02921891212463379,,0.005079573951661587,,0.29783791303634644,,0.1996905505657196,,0.2633136510848999,,0.3451578915119171,,
,0.001,79,,,,,,,,,,,,,,,,,,,,,
79,,79,,,,,,,,,,0.030105482786893845,,0.005102106370031834,,0.3005002439022064,,0.19627463817596436,,0.2568325996398926,,0.3374185562133789,0.31405556201934814
79,,79,0.903869092464447,1.0,1.0,0.873046875,0.9306640625,0.9180908203125,0.898651123046875,0.31405556201934814,0.030105482786893845,,0.005102106370031834,,0.3005002439022064,,0.19627463817596436,,0.2568325996398926,,0.3374185562133789,,
,0.001,80,,,,,,,,,,,,,,,,,,,,,
80,,80,,,,,,,,,,0.028751645237207413,,0.0048720198683440685,,0.3003149628639221,,0.19140228629112244,,0.25101009011268616,,0.3287058174610138,0.30619513988494873
80,,80,0.9069597125053406,1.0,1.0,0.87109375,0.93310546875,0.9241943359375,0.901123046875,0.30619513988494873,0.028751645237207413,,0.0048720198683440685,,0.3003149628639221,,0.19140228629112244,,0.25101009011268616,,0.3287058174610138,,
,0.001,81,,,,,,,,,,,,,,,,,,,,,
81,,81,,,,,,,,,,0.03257415443658829,,0.0051458124071359634,,0.29996517300605774,,0.18671393394470215,,0.24367250502109528,,0.3209695816040039,0.29879507422447205
81,,81,0.9085623025894165,1.0,1.0,0.875,0.94091796875,0.9237060546875,0.90283203125,0.29879507422447205,0.03257415443658829,,0.0051458124071359634,,0.29996517300605774,,0.18671393394470215,,0.24367250502109528,,0.3209695816040039,,
,0.001,82,,,,,,,,,,,,,,,,,,,,,
82,,82,,,,,,,,,,0.030249834060668945,,0.00483680609613657,,0.2989140748977661,,0.1822858601808548,,0.23802241683006287,,0.31287819147109985,0.29144287109375
82,,82,0.9105311632156372,1.0,1.0,0.875,0.93994140625,0.9256591796875,0.905029296875,0.29144287109375,0.030249834060668945,,0.00483680609613657,,0.2989140748977661,,0.1822858601808548,,0.23802241683006287,,0.31287819147109985,,
,0.001,83,,,,,,,,,,,,,,,,,,,,,
83,,83,,,,,,,,,,0.027443408966064453,,0.004454176872968674,,0.29825031757354736,,0.17990219593048096,,0.23211129009723663,,0.30522745847702026,0.28447210788726807
83,,83,0.9164377450942993,1.0,1.0,0.876953125,0.93896484375,0.9326171875,0.91119384765625,0.28447210788726807,0.027443408966064453,,0.004454176872968674,,0.29825031757354736,,0.17990219593048096,,0.23211129009723663,,0.30522745847702026,,
,0.001,84,,,,,,,,,,,,,,,,,,,,,
84,,84,,,,,,,,,,0.028720369562506676,,0.004458795301616192,,0.30037829279899597,,0.17609140276908875,,0.22551079094409943,,0.299194872379303,0.27855587005615234
84,,84,0.916300356388092,1.0,1.0,0.876953125,0.9453125,0.93603515625,0.909759521484375,0.27855587005615234,0.028720369562506676,,0.004458795301616192,,0.30037829279899597,,0.17609140276908875,,0.22551079094409943,,0.299194872379303,,
,0.001,85,,,,,,,,,,,,,,,,,,,,,
85,,85,,,,,,,,,,0.026044264435768127,,0.004141647834330797,,0.2946058511734009,,0.17461518943309784,,0.2199421226978302,,0.2917158901691437,0.27176111936569214
85,,85,0.9182921648025513,1.0,1.0,0.875,0.93896484375,0.93701171875,0.91259765625,0.27176111936569214,0.026044264435768127,,0.004141647834330797,,0.2946058511734009,,0.17461518943309784,,0.2199421226978302,,0.2917158901691437,,
,0.001,86,,,,,,,,,,,,,,,,,,,,,
86,,86,,,,,,,,,,0.031424567103385925,,0.004661987069994211,,0.29952457547187805,,0.17254479229450226,,0.21604329347610474,,0.28855156898498535,0.26862213015556335
86,,86,0.9187042117118835,1.0,1.0,0.876953125,0.93994140625,0.935791015625,0.913360595703125,0.26862213015556335,0.031424567103385925,,0.004661987069994211,,0.29952457547187805,,0.17254479229450226,,0.21604329347610474,,0.28855156898498535,,
,0.001,87,,,,,,,,,,,,,,,,,,,,,
87,,87,,,,,,,,,,0.02362949214875698,,0.0040159691125154495,,0.2970762252807617,,0.16730718314647675,,0.20815233886241913,,0.2915276885032654,0.26909297704696655
87,,87,0.9198946952819824,1.0,1.0,0.87109375,0.94189453125,0.9400634765625,0.913848876953125,0.26909297704696655,0.02362949214875698,,0.0040159691125154495,,0.2970762252807617,,0.16730718314647675,,0.20815233886241913,,0.2915276885032654,,
,0.001,88,,,,,,,,,,,,,,,,,,,,,
88,,88,,,,,,,,,,0.03392720967531204,,0.005317253526300192,,0.3032965064048767,,0.16746081411838531,,0.20615506172180176,,0.2844708263874054,0.2635159492492676
88,,88,0.9178571701049805,1.0,1.0,0.84765625,0.9423828125,0.938720703125,0.91180419921875,0.2635159492492676,0.03392720967531204,,0.005317253526300192,,0.3032965064048767,,0.16746081411838531,,0.20615506172180176,,0.2844708263874054,,
,0.001,89,,,,,,,,,,,,,,,,,,,,,
89,,89,,,,,,,,,,0.02577744424343109,,0.004566510207951069,,0.2954469919204712,,0.16181793808937073,,0.19789376854896545,,0.2640244960784912,0.2462633103132248
89,,89,0.9265797138214111,1.0,1.0,0.87109375,0.9423828125,0.9412841796875,0.92242431640625,0.2462633103132248,0.02577744424343109,,0.004566510207951069,,0.2954469919204712,,0.16181793808937073,,0.19789376854896545,,0.2640244960784912,,
,0.001,90,,,,,,,,,,,,,,,,,,,,,
90,,90,,,,,,,,,,0.025554362684488297,,0.004664806183427572,,0.2958628833293915,,0.15870684385299683,,0.1923050731420517,,0.2596684694290161,0.2418064922094345
90,,90,0.9266254901885986,1.0,1.0,0.87109375,0.9453125,0.9415283203125,0.9222412109375,0.2418064922094345,0.025554362684488297,,0.004664806183427572,,0.2958628833293915,,0.15870684385299683,,0.1923050731420517,,0.2596684694290161,,
,0.001,91,,,,,,,,,,,,,,,,,,,,,
91,,91,,,,,,,,,,0.031139882281422615,,0.005481034982949495,,0.2889116406440735,,0.15517070889472961,,0.1930924952030182,,0.2601151466369629,0.2420484870672226
91,,91,0.9240155816078186,1.0,1.0,0.876953125,0.943359375,0.9415283203125,0.918792724609375,0.2420484870672226,0.031139882281422615,,0.005481034982949495,,0.2889116406440735,,0.15517070889472961,,0.1930924952030182,,0.2601151466369629,,
,0.001,92,,,,,,,,,,,,,,,,,,,,,
92,,92,,,,,,,,,,0.02216145396232605,,0.004435516893863678,,0.2926790118217468,,0.15280544757843018,,0.18490251898765564,,0.25353819131851196,0.2355021834373474
92,,92,0.928205132484436,1.0,1.0,0.873046875,0.9462890625,0.94482421875,0.923431396484375,0.2355021834373474,0.02216145396232605,,0.004435516893863678,,0.2926790118217468,,0.15280544757843018,,0.18490251898765564,,0.25353819131851196,,
,0.001,93,,,,,,,,,,,,,,,,,,,,,
93,,93,,,,,,,,,,0.023072123527526855,,0.00463382713496685,,0.28612658381462097,,0.14989084005355835,,0.1781766563653946,,0.24029478430747986,0.22409357130527496
93,,93,0.9307463765144348,1.0,1.0,0.876953125,0.94384765625,0.94580078125,0.926666259765625,0.22409357130527496,0.023072123527526855,,0.00463382713496685,,0.28612658381462097,,0.14989084005355835,,0.1781766563653946,,0.24029478430747986,,
,0.001,94,,,,,,,,,,,,,,,,,,,,,
94,,94,,,,,,,,,,0.027120346203446388,,0.0051833768375217915,,0.29316335916519165,,0.15204596519470215,,0.17584547400474548,,0.24505138397216797,0.22741279006004333
94,,94,0.924908459186554,1.0,1.0,0.875,0.94140625,0.944580078125,0.91937255859375,0.22741279006004333,0.027120346203446388,,0.0051833768375217915,,0.29316335916519165,,0.15204596519470215,,0.17584547400474548,,0.24505138397216797,,
,0.001,95,,,,,,,,,,,,,,,,,,,,,
95,,95,,,,,,,,,,0.02030152641236782,,0.004206854850053787,,0.28285685181617737,,0.1483512967824936,,0.17072036862373352,,0.2356889843940735,0.21912617981433868
95,,95,0.9306318759918213,1.0,1.0,0.875,0.9453125,0.944091796875,0.9268798828125,0.21912617981433868,0.02030152641236782,,0.004206854850053787,,0.28285685181617737,,0.1483512967824936,,0.17072036862373352,,0.2356889843940735,,
,0.001,96,,,,,,,,,,,,,,,,,,,,,
96,,96,,,,,,,,,,0.020679932087659836,,0.004305672831833363,,0.27962425351142883,,0.14591573178768158,,0.165288507938385,,0.2252938151359558,0.21015769243240356
96,,96,0.9321657419204712,1.0,1.0,0.876953125,0.94384765625,0.9459228515625,0.92852783203125,0.21015769243240356,0.020679932087659836,,0.004305672831833363,,0.27962425351142883,,0.14591573178768158,,0.165288507938385,,0.2252938151359558,,
,0.001,97,,,,,,,,,,,,,,,,,,,,,
97,,97,,,,,,,,,,0.021672561764717102,,0.004428562708199024,,0.28084227442741394,,0.14714035391807556,,0.16352254152297974,,0.2268340289592743,0.2110546976327896
97,,97,0.9305174350738525,1.0,1.0,0.876953125,0.9443359375,0.946533203125,0.9261474609375,0.2110546976327896,0.021672561764717102,,0.004428562708199024,,0.28084227442741394,,0.14714035391807556,,0.16352254152297974,,0.2268340289592743,,
,0.001,98,,,,,,,,,,,,,,,,,,,,,
98,,98,,,,,,,,,,0.016412727534770966,,0.0036090740468353033,,0.28925344347953796,,0.13994228839874268,,0.16265666484832764,,0.21933534741401672,0.20502176880836487
98,,98,0.9324405193328857,1.0,1.0,0.87109375,0.9443359375,0.9456787109375,0.92901611328125,0.20502176880836487,0.016412727534770966,,0.0036090740468353033,,0.28925344347953796,,0.13994228839874268,,0.16265666484832764,,0.21933534741401672,,
,0.001,99,,,,,,,,,,,,,,,,,,,,,
99,,99,,,,,,,,,,0.018256718292832375,,0.003886394202709198,,0.2815301716327667,,0.13770371675491333,,0.15788307785987854,,0.2127535045146942,0.19899559020996094
99,,99,0.9334936141967773,1.0,1.0,0.875,0.9462890625,0.9482421875,0.929595947265625,0.19899559020996094,0.018256718292832375,,0.003886394202709198,,0.2815301716327667,,0.13770371675491333,,0.15788307785987854,,0.2127535045146942,,
,0.001,100,,,,,,,,,,,,,,,,,,,,,
100,,100,,,,,,,,,,0.019490277394652367,,0.004061042796820402,,0.27647531032562256,,0.1339310109615326,,0.15494412183761597,,0.21003489196300507,0.19617021083831787
100,,100,0.9332646727561951,1.0,1.0,0.876953125,0.94921875,0.9481201171875,0.929107666015625,0.19617021083831787,0.019490277394652367,,0.004061042796820402,,0.27647531032562256,,0.1339310109615326,,0.15494412183761597,,0.21003489196300507,,
,0.001,101,,,,,,,,,,,,,,,,,,,,,
101,,101,,,,,,,,,,0.014715113677084446,,0.0032689478248357773,,0.27650314569473267,,0.13578331470489502,,0.15648281574249268,,0.20784375071525574,0.1948963850736618
101,,101,0.935302197933197,1.0,1.0,0.873046875,0.9501953125,0.9466552734375,0.93218994140625,0.1948963850736618,0.014715113677084446,,0.0032689478248357773,,0.27650314569473267,,0.13578331470489502,,0.15648281574249268,,0.20784375071525574,,
,0.001,102,,,,,,,,,,,,,,,,,,,,,
102,,102,,,,,,,,,,0.015754399821162224,,0.0033883522264659405,,0.2758110761642456,,0.1318155825138092,,0.14743268489837646,,0.19950222969055176,0.18674837052822113
102,,102,0.9362179636955261,1.0,1.0,0.873046875,0.94677734375,0.94970703125,0.932861328125,0.18674837052822113,0.015754399821162224,,0.0033883522264659405,,0.2758110761642456,,0.1318155825138092,,0.14743268489837646,,0.19950222969055176,,
,0.001,103,,,,,,,,,,,,,,,,,,,,,
103,,103,,,,,,,,,,0.01630530320107937,,0.0033984261099249125,,0.27743929624557495,,0.13280151784420013,,0.1495451033115387,,0.19908985495567322,0.18690094351768494
103,,103,0.9335851669311523,1.0,1.0,0.875,0.947265625,0.9473876953125,0.92987060546875,0.18690094351768494,0.01630530320107937,,0.0033984261099249125,,0.27743929624557495,,0.13280151784420013,,0.1495451033115387,,0.19908985495567322,,
,0.001,104,,,,,,,,,,,,,,,,,,,,,
104,,104,,,,,,,,,,0.011328539811074734,,0.002606241265311837,,0.2791047692298889,,0.13246376812458038,,0.14906172454357147,,0.20000430941581726,0.18749400973320007
104,,104,0.9365613460540771,1.0,1.0,0.87109375,0.94970703125,0.9478759765625,0.933624267578125,0.18749400973320007,0.011328539811074734,,0.002606241265311837,,0.2791047692298889,,0.13246376812458038,,0.14906172454357147,,0.20000430941581726,,
,0.001,105,,,,,,,,,,,,,,,,,,,,,
105,,105,,,,,,,,,,0.013525983318686485,,0.002956281416118145,,0.27390256524086,,0.12824907898902893,,0.1410827934741974,,0.19231387972831726,0.17997241020202637
105,,105,0.9354395866394043,1.0,1.0,0.876953125,0.94775390625,0.9498291015625,0.931671142578125,0.17997241020202637,0.013525983318686485,,0.002956281416118145,,0.27390256524086,,0.12824907898902893,,0.1410827934741974,,0.19231387972831726,,
,0.001,106,,,,,,,,,,,,,,,,,,,,,
106,,106,,,,,,,,,,0.012510395608842373,,0.0026931054890155792,,0.2716013193130493,,0.12799113988876343,,0.14012235403060913,,0.18704873323440552,0.17580187320709229
106,,106,0.9374542236328125,1.0,1.0,0.875,0.94677734375,0.9500732421875,0.93438720703125,0.17580187320709229,0.012510395608842373,,0.0026931054890155792,,0.2716013193130493,,0.12799113988876343,,0.14012235403060913,,0.18704873323440552,,
,0.001,107,,,,,,,,,,,,,,,,,,,,,
107,,107,,,,,,,,,,0.009829570539295673,,0.0022056170273572206,,0.27503225207328796,,0.12535390257835388,,0.1381017118692398,,0.18928709626197815,0.1770152747631073
107,,107,0.937751829624176,1.0,1.0,0.87109375,0.94970703125,0.9501953125,0.93463134765625,0.1770152747631073,0.009829570539295673,,0.0022056170273572206,,0.27503225207328796,,0.12535390257835388,,0.1381017118692398,,0.18928709626197815,,
,0.001,108,,,,,,,,,,,,,,,,,,,,,
108,,108,,,,,,,,,,0.012210145592689514,,0.002522180089727044,,0.2772837281227112,,0.127420574426651,,0.13893774151802063,,0.18703089654445648,0.17560546100139618
108,,108,0.9358745813369751,1.0,1.0,0.876953125,0.9443359375,0.95263671875,0.9317626953125,0.17560546100139618,0.012210145592689514,,0.002522180089727044,,0.2772837281227112,,0.127420574426651,,0.13893774151802063,,0.18703089654445648,,
,0.001,109,,,,,,,,,,,,,,,,,,,,,
109,,109,,,,,,,,,,0.008833024650812149,,0.0020216242410242558,,0.273061603307724,,0.12434855103492737,,0.1361996829509735,,0.18479672074317932,0.17321844398975372
109,,109,0.9392399191856384,1.0,1.0,0.87109375,0.947265625,0.9521484375,0.936279296875,0.17321844398975372,0.008833024650812149,,0.0020216242410242558,,0.273061603307724,,0.12434855103492737,,0.1361996829509735,,0.18479672074317932,,
,0.001,110,,,,,,,,,,,,,,,,,,,,,
110,,110,,,,,,,,,,0.009702902287244797,,0.002128736814484,,0.271310418844223,,0.12063780426979065,,0.13120213150978088,,0.17479605972766876,0.16458527743816376
110,,110,0.9411401152610779,1.0,1.0,0.873046875,0.94970703125,0.9541015625,0.938140869140625,0.16458527743816376,0.009702902287244797,,0.002128736814484,,0.271310418844223,,0.12063780426979065,,0.13120213150978088,,0.17479605972766876,,
,0.001,111,,,,,,,,,,,,,,,,,,,,,
111,,111,,,,,,,,,,0.010194730013608932,,0.0021669548004865646,,0.27207744121551514,,0.1221376284956932,,0.13025875389575958,,0.17826364934444427,0.16708946228027344
111,,111,0.9378434419631958,1.0,1.0,0.875,0.95166015625,0.95361328125,0.9337158203125,0.16708946228027344,0.010194730013608932,,0.0021669548004865646,,0.27207744121551514,,0.1221376284956932,,0.13025875389575958,,0.17826364934444427,,
,0.001,112,,,,,,,,,,,,,,,,,,,,,
112,,112,,,,,,,,,,0.007177993655204773,,0.001756557379849255,,0.27826905250549316,,0.1242201179265976,,0.1285756528377533,,0.18168646097183228,0.16950835287570953
112,,112,0.9395604729652405,1.0,1.0,0.87109375,0.94921875,0.9532470703125,0.936309814453125,0.16950835287570953,0.007177993655204773,,0.001756557379849255,,0.27826905250549316,,0.1242201179265976,,0.1285756528377533,,0.18168646097183228,,
,0.001,113,,,,,,,,,,,,,,,,,,,,,
113,,113,,,,,,,,,,0.009342995472252369,,0.0020926198922097683,,0.27241286635398865,,0.11796380579471588,,0.13093817234039307,,0.17169977724552155,0.1621001958847046
113,,113,0.94010990858078,1.0,1.0,0.876953125,0.951171875,0.9515380859375,0.937255859375,0.1621001958847046,0.009342995472252369,,0.0020926198922097683,,0.27241286635398865,,0.11796380579471588,,0.13093817234039307,,0.17169977724552155,,
,0.001,114,,,,,,,,,,,,,,,,,,,,,
114,,114,,,,,,,,,,0.008910772390663624,,0.0019524511881172657,,0.27210038900375366,,0.12029219418764114,,0.12937401235103607,,0.16756726801395416,0.15881146490573883
114,,114,0.9409798979759216,1.0,1.0,0.876953125,0.94970703125,0.952392578125,0.93829345703125,0.15881146490573883,0.008910772390663624,,0.0019524511881172657,,0.27210038900375366,,0.12029219418764114,,0.12937401235103607,,0.16756726801395416,,
,0.001,115,,,,,,,,,,,,,,,,,,,,,
115,,115,,,,,,,,,,0.007422488648444414,,0.001720334286801517,,0.27484607696533203,,0.1251763105392456,,0.12594860792160034,,0.1663019359111786,0.15747924149036407
115,,115,0.9417811632156372,1.0,1.0,0.87109375,0.9462890625,0.954833984375,0.939056396484375,0.15747924149036407,0.007422488648444414,,0.001720334286801517,,0.27484607696533203,,0.1251763105392456,,0.12594860792160034,,0.1663019359111786,,
,0.001,116,,,,,,,,,,,,,,,,,,,,,
116,,116,,,,,,,,,,0.008637686260044575,,0.001856223214417696,,0.2699454128742218,,0.11615858972072601,,0.13473938405513763,,0.16079235076904297,0.15451574325561523
116,,116,0.9417811632156372,1.0,1.0,0.875,0.951171875,0.9488525390625,0.940185546875,0.15451574325561523,0.008637686260044575,,0.001856223214417696,,0.2699454128742218,,0.11615858972072601,,0.13473938405513763,,0.16079235076904297,,
,0.001,117,,,,,,,,,,,,,,,,,,,,,
117,,117,,,,,,,,,,0.007559502962976694,,0.0016406094655394554,,0.2805826663970947,,0.13845810294151306,,0.12662208080291748,,0.16060733795166016,0.15402339398860931
117,,117,0.9422848224639893,1.0,1.0,0.873046875,0.94482421875,0.9532470703125,0.940185546875,0.15402339398860931,0.007559502962976694,,0.0016406094655394554,,0.2805826663970947,,0.13845810294151306,,0.12662208080291748,,0.16060733795166016,,
,0.001,118,,,,,,,,,,,,,,,,,,,,,
118,,118,,,,,,,,,,0.006778578739613295,,0.0015473321545869112,,0.26951172947883606,,0.11441357433795929,,0.12368851900100708,,0.15698006749153137,0.14949412643909454
118,,118,0.9431547522544861,1.0,1.0,0.87109375,0.9501953125,0.9541015625,0.940826416015625,0.14949412643909454,0.006778578739613295,,0.0015473321545869112,,0.26951172947883606,,0.11441357433795929,,0.12368851900100708,,0.15698006749153137,,
,0.001,119,,,,,,,,,,,,,,,,,,,,,
119,,119,,,,,,,,,,0.006805574521422386,,0.0015460113063454628,,0.27879798412323,,0.12215913087129593,,0.11977793276309967,,0.1547166258096695,0.14753474295139313
119,,119,0.9435210824012756,1.0,1.0,0.875,0.94775390625,0.95556640625,0.9410400390625,0.14753474295139313,0.006805574521422386,,0.0015460113063454628,,0.27879798412323,,0.12215913087129593,,0.11977793276309967,,0.1547166258096695,,
,0.001,120,,,,,,,,,,,,,,,,,,,,,
120,,120,,,,,,,,,,0.006723045837134123,,0.0014847818529233336,,0.271758496761322,,0.11880899965763092,,0.11799178272485733,,0.1516830027103424,0.14468415081501007
120,,120,0.9445512890815735,1.0,1.0,0.875,0.9482421875,0.954833984375,0.94256591796875,0.14468415081501007,0.006723045837134123,,0.0014847818529233336,,0.271758496761322,,0.11880899965763092,,0.11799178272485733,,0.1516830027103424,,
,0.001,121,,,,,,,,,,,,,,,,,,,,,
121,,121,,,,,,,,,,0.005762393586337566,,0.0012850079219788313,,0.26837217807769775,,0.11227209866046906,,0.11680778861045837,,0.1486281156539917,0.1418229043483734
121,,121,0.9460393786430359,1.0,1.0,0.876953125,0.95556640625,0.956787109375,0.943572998046875,0.1418229043483734,0.005762393586337566,,0.0012850079219788313,,0.26837217807769775,,0.11227209866046906,,0.11680778861045837,,0.1486281156539917,,
,0.001,122,,,,,,,,,,,,,,,,,,,,,
122,,122,,,,,,,,,,0.0046508475206792355,,0.0011148543562740088,,0.27467113733291626,,0.12023382633924484,,0.11627717316150665,,0.14653442800045013,0.14059855043888092
122,,122,0.9454899430274963,1.0,1.0,0.87109375,0.94873046875,0.9573974609375,0.943206787109375,0.14059855043888092,0.0046508475206792355,,0.0011148543562740088,,0.27467113733291626,,0.12023382633924484,,0.11627717316150665,,0.14653442800045013,,
,0.001,123,,,,,,,,,,,,,,,,,,,,,
123,,123,,,,,,,,,,0.0053426106460392475,,0.0011973578948527575,,0.2708456516265869,,0.10955019295215607,,0.1158297210931778,,0.1448335498571396,0.1386936604976654
123,,123,0.94704669713974,1.0,1.0,0.876953125,0.95361328125,0.955810546875,0.945281982421875,0.1386936604976654,0.0053426106460392475,,0.0011973578948527575,,0.2708456516265869,,0.10955019295215607,,0.1158297210931778,,0.1448335498571396,,
,0.001,124,,,,,,,,,,,,,,,,,,,,,
124,,124,,,,,,,,,,0.004236176609992981,,0.0010123536922037601,,0.2669004797935486,,0.10723763704299927,,0.11100631952285767,,0.15181785821914673,0.14287254214286804
124,,124,0.9457188844680786,1.0,1.0,0.876953125,0.95166015625,0.9581298828125,0.94305419921875,0.14287254214286804,0.004236176609992981,,0.0010123536922037601,,0.2669004797935486,,0.10723763704299927,,0.11100631952285767,,0.15181785821914673,,
,0.001,125,,,,,,,,,,,,,,,,,,,,,
125,,125,,,,,,,,,,0.006267535034567118,,0.001319377450272441,,0.29874536395072937,,0.12052430212497711,,0.11402702331542969,,0.18531328439712524,0.16956539452075958
125,,125,0.9286172389984131,1.0,1.0,0.845703125,0.9443359375,0.9566650390625,0.92156982421875,0.16956539452075958,0.006267535034567118,,0.001319377450272441,,0.29874536395072937,,0.12052430212497711,,0.11402702331542969,,0.18531328439712524,,
,0.001,126,,,,,,,,,,,,,,,,,,,,,
126,,126,,,,,,,,,,0.0037965141236782074,,0.0010280582355335355,,0.2721010446548462,,0.11370152980089188,,0.11994169652462006,,0.15740323066711426,0.1491021364927292
126,,126,0.9456959962844849,1.0,1.0,0.87109375,0.953125,0.955078125,0.94378662109375,0.1491021364927292,0.0037965141236782074,,0.0010280582355335355,,0.2721010446548462,,0.11370152980089188,,0.11994169652462006,,0.15740323066711426,,
,0.001,127,,,,,,,,,,,,,,,,,,,,,
127,,127,,,,,,,,,,0.0042302412912249565,,0.0011440219823271036,,0.2734048366546631,,0.11296534538269043,,0.1094866618514061,,0.15052661299705505,0.14196403324604034
127,,127,0.9477335214614868,1.0,1.0,0.875,0.951171875,0.958251953125,0.945770263671875,0.14196403324604034,0.0042302412912249565,,0.0011440219823271036,,0.2734048366546631,,0.11296534538269043,,0.1094866618514061,,0.15052661299705505,,
,0.001,128,,,,,,,,,,,,,,,,,,,,,
128,,128,,,,,,,,,,0.006625470705330372,,0.0015659986529499292,,0.28591063618659973,,0.11315092444419861,,0.1326708048582077,,0.15981833636760712,0.15344089269638062
128,,128,0.9377747178077698,1.0,1.0,0.873046875,0.947265625,0.947998046875,0.935333251953125,0.15344089269638062,0.006625470705330372,,0.0015659986529499292,,0.28591063618659973,,0.11315092444419861,,0.1326708048582077,,0.15981833636760712,,
,0.001,129,,,,,,,,,,,,,,,,,,,,,
129,,129,,,,,,,,,,0.004647287540137768,,0.0011467738077044487,,0.283713698387146,,0.10472506284713745,,0.1126139760017395,,0.1449548900127411,0.13810552656650543
129,,129,0.9482829570770264,1.0,1.0,0.87109375,0.95849609375,0.95751953125,0.9462890625,0.13810552656650543,0.004647287540137768,,0.0011467738077044487,,0.283713698387146,,0.10472506284713745,,0.1126139760017395,,0.1449548900127411,,
,0.001,130,,,,,,,,,,,,,,,,,,,,,
130,,130,,,,,,,,,,0.0044088782742619514,,0.0011010506423190236,,0.2947373390197754,,0.11427079886198044,,0.12212784588336945,,0.15239444375038147,0.14604732394218445
130,,130,0.9452838897705078,1.0,1.0,0.873046875,0.95166015625,0.95556640625,0.94317626953125,0.14604732394218445,0.0044088782742619514,,0.0011010506423190236,,0.2947373390197754,,0.11427079886198044,,0.12212784588336945,,0.15239444375038147,,
,0.001,131,,,,,,,,,,,,,,,,,,,,,
131,,131,,,,,,,,,,0.007238590624183416,,0.001711119432002306,,0.2778535485267639,,0.103474922478199,,0.11053235083818436,,0.1410875916481018,0.13469019532203674
131,,131,0.9482829570770264,1.0,1.0,0.876953125,0.9560546875,0.9564208984375,0.946624755859375,0.13469019532203674,0.007238590624183416,,0.001711119432002306,,0.2778535485267639,,0.103474922478199,,0.11053235083818436,,0.1410875916481018,,
,0.001,132,,,,,,,,,,,,,,,,,,,,,
132,,132,,,,,,,,,,0.007847077213227749,,0.0018833645153790712,,0.2926081717014313,,0.11356884241104126,,0.11277173459529877,,0.14490671455860138,0.13862238824367523
132,,132,0.9470696449279785,1.0,1.0,0.873046875,0.953125,0.957275390625,0.945037841796875,0.13862238824367523,0.007847077213227749,,0.0018833645153790712,,0.2926081717014313,,0.11356884241104126,,0.11277173459529877,,0.14490671455860138,,
,0.001,133,,,,,,,,,,,,,,,,,,,,,
133,,133,,,,,,,,,,0.005903190467506647,,0.0014634053222835064,,0.26992088556289673,,0.10199001431465149,,0.10715654492378235,,0.13696549832820892,0.13080044090747833
133,,133,0.9502060413360596,1.0,1.0,0.873046875,0.95556640625,0.960205078125,0.948333740234375,0.13080044090747833,0.005903190467506647,,0.0014634053222835064,,0.26992088556289673,,0.10199001431465149,,0.10715654492378235,,0.13696549832820892,,
,0.001,134,,,,,,,,,,,,,,,,,,,,,
134,,134,,,,,,,,,,0.005396442022174597,,0.001367890858091414,,0.27459341287612915,,0.10608718544244766,,0.10576316714286804,,0.13816997408866882,0.1316889226436615
134,,134,0.9499313235282898,1.0,1.0,0.873046875,0.9560546875,0.9599609375,0.947998046875,0.1316889226436615,0.005396442022174597,,0.001367890858091414,,0.27459341287612915,,0.10608718544244766,,0.10576316714286804,,0.13816997408866882,,
,0.001,135,,,,,,,,,,,,,,,,,,,,,
135,,135,,,,,,,,,,0.006191951688379049,,0.0015893637901172042,,0.2716858386993408,,0.10128404200077057,,0.10532468557357788,,0.1329495757818222,0.12743237614631653
135,,135,0.9507326483726501,1.0,1.0,0.873046875,0.958984375,0.96044921875,0.948760986328125,0.12743237614631653,0.006191951688379049,,0.0015893637901172042,,0.2716858386993408,,0.10128404200077057,,0.10532468557357788,,0.1329495757818222,,
,0.001,136,,,,,,,,,,,,,,,,,,,,,
136,,136,,,,,,,,,,0.006264691706746817,,0.001590985688380897,,0.27761679887771606,,0.0977514386177063,,0.10184891521930695,,0.13046219944953918,0.12481845915317535
136,,136,0.9516483545303345,1.0,1.0,0.87109375,0.95703125,0.9619140625,0.94976806640625,0.12481845915317535,0.006264691706746817,,0.001590985688380897,,0.27761679887771606,,0.0977514386177063,,0.10184891521930695,,0.13046219944953918,,
,0.001,137,,,,,,,,,,,,,,,,,,,,,
137,,137,,,,,,,,,,0.005767845548689365,,0.0014594607055187225,,0.27817925810813904,,0.103908970952034,,0.10261993110179901,,0.12916423380374908,0.12428390234708786
137,,137,0.9522894024848938,1.0,1.0,0.875,0.94970703125,0.962646484375,0.950836181640625,0.12428390234708786,0.005767845548689365,,0.0014594607055187225,,0.27817925810813904,,0.103908970952034,,0.10261993110179901,,0.12916423380374908,,
,0.001,138,,,,,,,,,,,,,,,,,,,,,
138,,138,,,,,,,,,,0.005485956557095051,,0.0013792389072477818,,0.2667088508605957,,0.09848509728908539,,0.1026538610458374,,0.12482582032680511,0.12064646184444427
138,,138,0.9529762268066406,1.0,1.0,0.875,0.95458984375,0.9600830078125,0.95208740234375,0.12064646184444427,0.005485956557095051,,0.0013792389072477818,,0.2667088508605957,,0.09848509728908539,,0.1026538610458374,,0.12482582032680511,,
,0.001,139,,,,,,,,,,,,,,,,,,,,,
139,,139,,,,,,,,,,0.004878759849816561,,0.0012226889375597239,,0.2705882489681244,,0.0960731953382492,,0.09923899173736572,,0.12141100317239761,0.11737576127052307
139,,139,0.9551969170570374,1.0,1.0,0.876953125,0.95849609375,0.9622802734375,0.9542236328125,0.11737576127052307,0.004878759849816561,,0.0012226889375597239,,0.2705882489681244,,0.0960731953382492,,0.09923899173736572,,0.12141100317239761,,
,0.001,140,,,,,,,,,,,,,,,,,,,,,
140,,140,,,,,,,,,,0.004123874939978123,,0.0010583422845229506,,0.27045193314552307,,0.10454006493091583,,0.10060414671897888,,0.12140528857707977,0.11802185326814651
140,,140,0.9543498158454895,1.0,1.0,0.873046875,0.95703125,0.961181640625,0.953521728515625,0.11802185326814651,0.004123874939978123,,0.0010583422845229506,,0.27045193314552307,,0.10454006493091583,,0.10060414671897888,,0.12140528857707977,,
,0.001,141,,,,,,,,,,,,,,,,,,,,,
141,,141,,,,,,,,,,0.004128861241042614,,0.0010808217339217663,,0.2666324973106384,,0.0957857146859169,,0.0962471216917038,,0.11616327613592148,0.11281708627939224
141,,141,0.9564789533615112,1.0,1.0,0.873046875,0.95849609375,0.962158203125,0.956024169921875,0.11281708627939224,0.004128861241042614,,0.0010808217339217663,,0.2666324973106384,,0.0957857146859169,,0.0962471216917038,,0.11616327613592148,,
,0.001,142,,,,,,,,,,,,,,,,,,,,,
142,,142,,,,,,,,,,0.004384072497487068,,0.0011319989571347833,,0.26780176162719727,,0.0941627100110054,,0.09602943062782288,,0.11550042778253555,0.11221693456172943
142,,142,0.9570971131324768,1.0,1.0,0.876953125,0.9560546875,0.9625244140625,0.95684814453125,0.11221693456172943,0.004384072497487068,,0.0011319989571347833,,0.26780176162719727,,0.0941627100110054,,0.09602943062782288,,0.11550042778253555,,
,0.001,143,,,,,,,,,,,,,,,,,,,,,
143,,143,,,,,,,,,,0.003962404560297728,,0.0009911879897117615,,0.2679396867752075,,0.09426982700824738,,0.09467208385467529,,0.11383223533630371,0.11071684956550598
143,,143,0.9570971131324768,1.0,1.0,0.875,0.96142578125,0.9627685546875,0.95648193359375,0.11071684956550598,0.003962404560297728,,0.0009911879897117615,,0.2679396867752075,,0.09426982700824738,,0.09467208385467529,,0.11383223533630371,,
,0.001,144,,,,,,,,,,,,,,,,,,,,,
144,,144,,,,,,,,,,0.003812902607023716,,0.0009230877039954066,,0.2677369713783264,,0.089010089635849,,0.09178359806537628,,0.11094020307064056,0.10775627195835114
144,,144,0.9589743614196777,1.0,1.0,0.87109375,0.95849609375,0.9638671875,0.958953857421875,0.10775627195835114,0.003812902607023716,,0.0009230877039954066,,0.2677369713783264,,0.089010089635849,,0.09178359806537628,,0.11094020307064056,,
,0.001,145,,,,,,,,,,,,,,,,,,,,,
145,,145,,,,,,,,,,0.003107720520347357,,0.000776515924371779,,0.2725214660167694,,0.09042814373970032,,0.09251826256513596,,0.10990025103092194,0.10723552852869034
145,,145,0.9585164785385132,1.0,1.0,0.87109375,0.9599609375,0.963623046875,0.95831298828125,0.10723552852869034,0.003107720520347357,,0.000776515924371779,,0.2725214660167694,,0.09042814373970032,,0.09251826256513596,,0.10990025103092194,,
,0.001,146,,,,,,,,,,,,,,,,,,,,,
146,,146,,,,,,,,,,0.003197915619239211,,0.0007678798283450305,,0.2677399814128876,,0.09107158333063126,,0.0925598070025444,,0.10906632244586945,0.10659188777208328
146,,146,0.9584935903549194,1.0,1.0,0.873046875,0.95458984375,0.962890625,0.958770751953125,0.10659188777208328,0.003197915619239211,,0.0007678798283450305,,0.2677399814128876,,0.09107158333063126,,0.0925598070025444,,0.10906632244586945,,
,0.001,147,,,,,,,,,,,,,,,,,,,,,
147,,147,,,,,,,,,,0.002480051713064313,,0.0006198851624503732,,0.26926881074905396,,0.0888269692659378,,0.09349144250154495,,0.11382719874382019,0.1102498471736908
147,,147,0.9576694369316101,1.0,1.0,0.875,0.96044921875,0.963134765625,0.95721435546875,0.1102498471736908,0.002480051713064313,,0.0006198851624503732,,0.26926881074905396,,0.0888269692659378,,0.09349144250154495,,0.11382719874382019,,
,0.001,148,,,,,,,,,,,,,,,,,,,,,
148,,148,,,,,,,,,,0.0034563345834612846,,0.0007806194480508566,,0.29173699021339417,,0.09310242533683777,,0.09779439866542816,,0.1278841495513916,0.1220671534538269
148,,148,0.9498397707939148,1.0,1.0,0.873046875,0.95556640625,0.960693359375,0.947723388671875,0.1220671534538269,0.0034563345834612846,,0.0007806194480508566,,0.29173699021339417,,0.09310242533683777,,0.09779439866542816,,0.1278841495513916,,
,0.001,149,,,,,,,,,,,,,,,,,,,,,
149,,149,,,,,,,,,,0.0021126586943864822,,0.0005325315869413316,,0.28118640184402466,,0.09119714051485062,,0.10326151549816132,,0.1307859867811203,0.12505468726158142
149,,149,0.9543727040290833,1.0,1.0,0.87109375,0.958984375,0.96142578125,0.953399658203125,0.12505468726158142,0.0021126586943864822,,0.0005325315869413316,,0.28118640184402466,,0.09119714051485062,,0.10326151549816132,,0.1307859867811203,,
,0.001,150,,,,,,,,,,,,,,,,,,,,,
150,,150,,,,,,,,,,0.00302524259313941,,0.0007391883991658688,,0.27039387822151184,,0.09003539383411407,,0.08997760713100433,,0.11172930151224136,0.10808762907981873
150,,150,0.9578754901885986,1.0,1.0,0.873046875,0.9599609375,0.9635009765625,0.95745849609375,0.10808762907981873,0.00302524259313941,,0.0007391883991658688,,0.27039387822151184,,0.09003539383411407,,0.08997760713100433,,0.11172930151224136,,
,0.001,151,,,,,,,,,,,,,,,,,,,,,
151,,151,,,,,,,,,,0.0041237566620111465,,0.0009467724012210965,,0.2791329324245453,,0.09130802750587463,,0.09349103271961212,,0.11726412922143936,0.11306221783161163
151,,151,0.9539835453033447,1.0,1.0,0.876953125,0.95703125,0.9642333984375,0.95220947265625,0.11306221783161163,0.0041237566620111465,,0.0009467724012210965,,0.2791329324245453,,0.09130802750587463,,0.09349103271961212,,0.11726412922143936,,
,0.001,152,,,,,,,,,,,,,,,,,,,,,
152,,152,,,,,,,,,,0.0033993099350482225,,0.0007725445902906358,,0.27221250534057617,,0.08660861849784851,,0.08908740431070328,,0.10865677893161774,0.1054767444729805
152,,152,0.9593406915664673,1.0,1.0,0.87109375,0.958984375,0.9666748046875,0.958709716796875,0.1054767444729805,0.0033993099350482225,,0.0007725445902906358,,0.27221250534057617,,0.08660861849784851,,0.08908740431070328,,0.10865677893161774,,
,0.001,153,,,,,,,,,,,,,,,,,,,,,
153,,153,,,,,,,,,,0.003736895974725485,,0.0008156236144714057,,0.2712706923484802,,0.09347700327634811,,0.09222179651260376,,0.10739010572433472,0.10542571544647217
153,,153,0.9599130153656006,1.0,1.0,0.87109375,0.9609375,0.96435546875,0.959930419921875,0.10542571544647217,0.003736895974725485,,0.0008156236144714057,,0.2712706923484802,,0.09347700327634811,,0.09222179651260376,,0.10739010572433472,,
,0.001,154,,,,,,,,,,,,,,,,,,,,,
154,,154,,,,,,,,,,0.004694393370300531,,0.0009750921162776649,,0.2749478816986084,,0.09200353920459747,,0.08503813296556473,,0.10243654251098633,0.10033756494522095
154,,154,0.96181321144104,1.0,1.0,0.875,0.958984375,0.968017578125,0.96160888671875,0.10033756494522095,0.004694393370300531,,0.0009750921162776649,,0.2749478816986084,,0.09200353920459747,,0.08503813296556473,,0.10243654251098633,,
,0.001,155,,,,,,,,,,,,,,,,,,,,,
155,,155,,,,,,,,,,0.004742682911455631,,0.0009755917708389461,,0.27974915504455566,,0.08963774144649506,,0.08811984211206436,,0.10203196108341217,0.10055740922689438
155,,155,0.9611263871192932,1.0,1.0,0.873046875,0.95556640625,0.9671630859375,0.961151123046875,0.10055740922689438,0.004742682911455631,,0.0009755917708389461,,0.27974915504455566,,0.08963774144649506,,0.08811984211206436,,0.10203196108341217,,
,0.001,156,,,,,,,,,,,,,,,,,,,,,
156,,156,,,,,,,,,,0.004231072496622801,,0.0008721421472728252,,0.2673589289188385,,0.08963851630687714,,0.08358906209468842,,0.0972498208284378,0.09597431868314743
156,,156,0.9627289772033691,1.0,1.0,0.876953125,0.9580078125,0.9677734375,0.962921142578125,0.09597431868314743,0.004231072496622801,,0.0008721421472728252,,0.2673589289188385,,0.08963851630687714,,0.08358906209468842,,0.0972498208284378,,
,0.001,157,,,,,,,,,,,,,,,,,,,,,
157,,157,,,,,,,,,,0.003919302020221949,,0.0008172717643901706,,0.27121344208717346,,0.09284991025924683,,0.08101989328861237,,0.09572374820709229,0.09454300999641418
157,,157,0.9637134075164795,1.0,1.0,0.876953125,0.9609375,0.9676513671875,0.964080810546875,0.09454300999641418,0.003919302020221949,,0.0008172717643901706,,0.27121344208717346,,0.09284991025924683,,0.08101989328861237,,0.09572374820709229,,
,0.001,158,,,,,,,,,,,,,,,,,,,,,
158,,158,,,,,,,,,,0.004173973109573126,,0.0008544878801330924,,0.2697329521179199,,0.08219800889492035,,0.0804046243429184,,0.09276458621025085,0.09169121831655502
158,,158,0.9643772840499878,1.0,1.0,0.873046875,0.96240234375,0.96826171875,0.96478271484375,0.09169121831655502,0.004173973109573126,,0.0008544878801330924,,0.2697329521179199,,0.08219800889492035,,0.0804046243429184,,0.09276458621025085,,
,0.001,159,,,,,,,,,,,,,,,,,,,,,
159,,159,,,,,,,,,,0.004288286902010441,,0.0008526806486770511,,0.2655166685581207,,0.08390358090400696,,0.07761348783969879,,0.09136942774057388,0.09015175700187683
159,,159,0.9654533267021179,1.0,1.0,0.876953125,0.96142578125,0.9686279296875,0.96612548828125,0.09015175700187683,0.004288286902010441,,0.0008526806486770511,,0.2655166685581207,,0.08390358090400696,,0.07761348783969879,,0.09136942774057388,,
,0.001,160,,,,,,,,,,,,,,,,,,,,,
160,,160,,,,,,,,,,0.0037830944638699293,,0.0007737777195870876,,0.2649805247783661,,0.08384266495704651,,0.07674793899059296,,0.08839283138513565,0.08774669468402863
160,,160,0.9656364917755127,1.0,1.0,0.876953125,0.958984375,0.970703125,0.96600341796875,0.08774669468402863,0.0037830944638699293,,0.0007737777195870876,,0.2649805247783661,,0.08384266495704651,,0.07674793899059296,,0.08839283138513565,,
,0.001,161,,,,,,,,,,,,,,,,,,,,,
161,,161,,,,,,,,,,0.0031098597683012486,,0.0006645788671448827,,0.26725295186042786,,0.0778203010559082,,0.07614797353744507,,0.08543479442596436,0.08515855669975281
161,,161,0.966460645198822,1.0,1.0,0.875,0.96337890625,0.9697265625,0.96710205078125,0.08515855669975281,0.0031098597683012486,,0.0006645788671448827,,0.26725295186042786,,0.0778203010559082,,0.07614797353744507,,0.08543479442596436,,
,0.001,162,,,,,,,,,,,,,,,,,,,,,
162,,162,,,,,,,,,,0.002717138035222888,,0.0005823579849675298,,0.26620128750801086,,0.08007969707250595,,0.07391263544559479,,0.08395244181156158,0.0837203711271286
162,,162,0.9673535227775574,1.0,1.0,0.875,0.96337890625,0.97119140625,0.967926025390625,0.0837203711271286,0.002717138035222888,,0.0005823579849675298,,0.26620128750801086,,0.08007969707250595,,0.07391263544559479,,0.08395244181156158,,
,0.001,163,,,,,,,,,,,,,,,,,,,,,
163,,163,,,,,,,,,,0.002713452558964491,,0.0005508250324055552,,0.26497429609298706,,0.07507273554801941,,0.07294560968875885,,0.0810375064611435,0.08110303431749344
163,,163,0.9688416123390198,1.0,1.0,0.873046875,0.96728515625,0.972412109375,0.969390869140625,0.08110303431749344,0.002713452558964491,,0.0005508250324055552,,0.26497429609298706,,0.07507273554801941,,0.07294560968875885,,0.0810375064611435,,
,0.001,164,,,,,,,,,,,,,,,,,,,,,
164,,164,,,,,,,,,,0.0025361774023622274,,0.0004865618539042771,,0.2707451581954956,,0.07559064030647278,,0.07166807353496552,,0.07951074838638306,0.07980970293283463
164,,164,0.96875,1.0,1.0,0.876953125,0.9638671875,0.973388671875,0.96917724609375,0.07980970293283463,0.0025361774023622274,,0.0004865618539042771,,0.2707451581954956,,0.07559064030647278,,0.07166807353496552,,0.07951074838638306,,
,0.001,165,,,,,,,,,,,,,,,,,,,,,
165,,165,,,,,,,,,,0.00220282468944788,,0.00042556336848065257,,0.26854342222213745,,0.07323138415813446,,0.06853479892015457,,0.07563795149326324,0.07617991417646408
165,,165,0.9703297019004822,1.0,1.0,0.873046875,0.96533203125,0.974365234375,0.97100830078125,0.07617991417646408,0.00220282468944788,,0.00042556336848065257,,0.26854342222213745,,0.07323138415813446,,0.06853479892015457,,0.07563795149326324,,
,0.001,166,,,,,,,,,,,,,,,,,,,,,
166,,166,,,,,,,,,,0.002211864572018385,,0.00041537469951435924,,0.2648632526397705,,0.07203520834445953,,0.06698858737945557,,0.07484517991542816,0.07519595324993134
166,,166,0.970695972442627,1.0,1.0,0.876953125,0.96875,0.9747314453125,0.97113037109375,0.07519595324993134,0.002211864572018385,,0.00041537469951435924,,0.2648632526397705,,0.07203520834445953,,0.06698858737945557,,0.07484517991542816,,
,0.001,167,,,,,,,,,,,,,,,,,,,,,
167,,167,,,,,,,,,,0.001906840712763369,,0.0003673252067528665,,0.26559096574783325,,0.07099144160747528,,0.06552856415510178,,0.07232730090618134,0.07299249619245529
167,,167,0.9711309671401978,1.0,1.0,0.875,0.9658203125,0.97509765625,0.971832275390625,0.07299249619245529,0.001906840712763369,,0.0003673252067528665,,0.26559096574783325,,0.07099144160747528,,0.06552856415510178,,0.07232730090618134,,
,0.001,168,,,,,,,,,,,,,,,,,,,,,
168,,168,,,,,,,,,,0.0019876263104379177,,0.00035115069476887584,,0.2658809423446655,,0.07150093466043472,,0.0642959326505661,,0.07097859680652618,0.0717768445611
168,,168,0.9725732803344727,1.0,1.0,0.875,0.9697265625,0.9759521484375,0.973297119140625,0.0717768445611,0.0019876263104379177,,0.00035115069476887584,,0.2658809423446655,,0.07150093466043472,,0.0642959326505661,,0.07097859680652618,,
,0.001,169,,,,,,,,,,,,,,,,,,,,,
169,,169,,,,,,,,,,0.0015044810716062784,,0.0002799506764858961,,0.2688515782356262,,0.07030226290225983,,0.06861737370491028,,0.07791785150766373,0.07777108252048492
169,,169,0.968910276889801,1.0,1.0,0.87109375,0.96923828125,0.973388671875,0.969146728515625,0.07777108252048492,0.0015044810716062784,,0.0002799506764858961,,0.2688515782356262,,0.07030226290225983,,0.06861737370491028,,0.07791785150766373,,
,0.001,170,,,,,,,,,,,,,,,,,,,,,
170,,170,,,,,,,,,,0.0023317548912018538,,0.0003675644111353904,,0.28428393602371216,,0.07539992779493332,,0.08268049359321594,,0.1325567662715912,0.12181852012872696
170,,170,0.951511025428772,1.0,1.0,0.845703125,0.96337890625,0.96484375,0.9488525390625,0.12181852012872696,0.0023317548912018538,,0.0003675644111353904,,0.28428393602371216,,0.07539992779493332,,0.08268049359321594,,0.1325567662715912,,
,0.001,171,,,,,,,,,,,,,,,,,,,,,
171,,171,,,,,,,,,,0.0016213617054745555,,0.0003002968442160636,,0.2658499479293823,,0.06962323188781738,,0.06435929238796234,,0.07715760171413422,0.07633528858423233
171,,171,0.9697344303131104,1.0,1.0,0.876953125,0.96728515625,0.9749755859375,0.969879150390625,0.07633528858423233,0.0016213617054745555,,0.0003002968442160636,,0.2658499479293823,,0.06962323188781738,,0.06435929238796234,,0.07715760171413422,,
,0.001,172,,,,,,,,,,,,,,,,,,,,,
172,,172,,,,,,,,,,0.0012261499650776386,,0.0002465816796757281,,0.2821868360042572,,0.07807177305221558,,0.07621472328901291,,0.1155320554971695,0.10793376713991165
172,,172,0.9581959843635559,1.0,1.0,0.87109375,0.96728515625,0.9693603515625,0.95599365234375,0.10793376713991165,0.0012261499650776386,,0.0002465816796757281,,0.2821868360042572,,0.07807177305221558,,0.07621472328901291,,0.1155320554971695,,
,0.001,173,,,,,,,,,,,,,,,,,,,,,
173,,173,,,,,,,,,,0.0018346159486100078,,0.00031927606323733926,,0.26887741684913635,,0.07285693287849426,,0.06959106028079987,,0.08234092593193054,0.08139225095510483
173,,173,0.9654075503349304,1.0,1.0,0.87109375,0.96435546875,0.971435546875,0.96527099609375,0.08139225095510483,0.0018346159486100078,,0.00031927606323733926,,0.26887741684913635,,0.07285693287849426,,0.06959106028079987,,0.08234092593193054,,
,0.001,174,,,,,,,,,,,,,,,,,,,,,
174,,174,,,,,,,,,,0.002303210785612464,,0.00039583269972354174,,0.26877719163894653,,0.0750507190823555,,0.0684860497713089,,0.09052935242652893,0.08743008226156235
174,,174,0.9656822681427002,1.0,1.0,0.876953125,0.96728515625,0.9730224609375,0.9649658203125,0.08743008226156235,0.002303210785612464,,0.00039583269972354174,,0.26877719163894653,,0.0750507190823555,,0.0684860497713089,,0.09052935242652893,,
,0.001,175,,,,,,,,,,,,,,,,,,,,,
175,,175,,,,,,,,,,0.0022600365336984396,,0.0004147496074438095,,0.26670920848846436,,0.07624149322509766,,0.07332673668861389,,0.08359549194574356,0.08316788077354431
175,,175,0.9683608412742615,1.0,1.0,0.876953125,0.9677734375,0.9730224609375,0.968505859375,0.08316788077354431,0.0022600365336984396,,0.0004147496074438095,,0.26670920848846436,,0.07624149322509766,,0.07332673668861389,,0.08359549194574356,,
,0.001,176,,,,,,,,,,,,,,,,,,,,,
176,,176,,,,,,,,,,0.0019205235876142979,,0.00036318684578873217,,0.2656245827674866,,0.0708981603384018,,0.06317940354347229,,0.07388836145401001,0.07371901720762253
176,,176,0.9709706902503967,1.0,1.0,0.875,0.96728515625,0.9765625,0.971160888671875,0.07371901720762253,0.0019205235876142979,,0.00036318684578873217,,0.2656245827674866,,0.0708981603384018,,0.06317940354347229,,0.07388836145401001,,
,0.001,177,,,,,,,,,,,,,,,,,,,,,
177,,177,,,,,,,,,,0.002016298472881317,,0.0003725116257555783,,0.2659594416618347,,0.07551585137844086,,0.07076288014650345,,0.07971104979515076,0.07972987741231918
177,,177,0.9691392183303833,1.0,1.0,0.875,0.96875,0.973388671875,0.96942138671875,0.07972987741231918,0.002016298472881317,,0.0003725116257555783,,0.2659594416618347,,0.07551585137844086,,0.07076288014650345,,0.07971104979515076,,
,0.001,178,,,,,,,,,,,,,,,,,,,,,
178,,178,,,,,,,,,,0.002050441922619939,,0.00037373267696239054,,0.2643679082393646,,0.07329298555850983,,0.060705848038196564,,0.06890232115983963,0.06961235404014587
178,,178,0.9726419448852539,1.0,1.0,0.876953125,0.96435546875,0.976806640625,0.973480224609375,0.06961235404014587,0.002050441922619939,,0.00037373267696239054,,0.2643679082393646,,0.07329298555850983,,0.060705848038196564,,0.06890232115983963,,
,0.001,179,,,,,,,,,,,,,,,,,,,,,
179,,179,,,,,,,,,,0.0021257440093904734,,0.0003756674996111542,,0.2664327025413513,,0.07291099429130554,,0.06400594115257263,,0.06980820000171661,0.07091719657182693
179,,179,0.9721382856369019,1.0,1.0,0.875,0.96728515625,0.9752197265625,0.973052978515625,0.07091719657182693,0.0021257440093904734,,0.0003756674996111542,,0.2664327025413513,,0.07291099429130554,,0.06400594115257263,,0.06980820000171661,,
,0.001,180,,,,,,,,,,,,,,,,,,,,,
180,,180,,,,,,,,,,0.002229587407782674,,0.0003751900512725115,,0.26803603768348694,,0.07003960013389587,,0.061455681920051575,,0.06929723918437958,0.06993982940912247
180,,180,0.971703290939331,1.0,1.0,0.875,0.96875,0.9764404296875,0.972076416015625,0.06993982940912247,0.002229587407782674,,0.0003751900512725115,,0.26803603768348694,,0.07003960013389587,,0.061455681920051575,,0.06929723918437958,,
,0.001,181,,,,,,,,,,,,,,,,,,,,,
181,,181,,,,,,,,,,0.0021614301949739456,,0.0003513898409437388,,0.269546777009964,,0.07499392330646515,,0.05683077499270439,,0.0627950057387352,0.06444445997476578
181,,181,0.9742216467857361,1.0,1.0,0.875,0.96826171875,0.97802734375,0.975067138671875,0.06444445997476578,0.0021614301949739456,,0.0003513898409437388,,0.269546777009964,,0.07499392330646515,,0.05683077499270439,,0.0627950057387352,,
,0.001,182,,,,,,,,,,,,,,,,,,,,,
182,,182,,,,,,,,,,0.0017613149248063564,,0.00029303025803528726,,0.2666586637496948,,0.07051821053028107,,0.05787649750709534,,0.061029091477394104,0.06307166069746017
182,,182,0.9748626351356506,1.0,1.0,0.869140625,0.96923828125,0.9775390625,0.97607421875,0.06307166069746017,0.0017613149248063564,,0.00029303025803528726,,0.2666586637496948,,0.07051821053028107,,0.05787649750709534,,0.061029091477394104,,
,0.001,183,,,,,,,,,,,,,,,,,,,,,
183,,183,,,,,,,,,,0.0016285026213154197,,0.00026445879484526813,,0.27343645691871643,,0.07370056211948395,,0.05830474942922592,,0.06154802441596985,0.06376974284648895
183,,183,0.9744047522544861,1.0,1.0,0.873046875,0.96484375,0.976318359375,0.975982666015625,0.06376974284648895,0.0016285026213154197,,0.00026445879484526813,,0.27343645691871643,,0.07370056211948395,,0.05830474942922592,,0.06154802441596985,,
,0.001,184,,,,,,,,,,,,,,,,,,,,,
184,,184,,,,,,,,,,0.0016232660273090005,,0.000247505318839103,,0.26713526248931885,,0.0692761093378067,,0.05318845808506012,,0.05648324638605118,0.05872933566570282
184,,184,0.9767628312110901,1.0,1.0,0.876953125,0.96826171875,0.9794921875,0.978057861328125,0.05872933566570282,0.0016232660273090005,,0.000247505318839103,,0.26713526248931885,,0.0692761093378067,,0.05318845808506012,,0.05648324638605118,,
,0.001,185,,,,,,,,,,,,,,,,,,,,,
185,,185,,,,,,,,,,0.0017477489309385419,,0.00024226091045420617,,0.268909215927124,,0.06943278014659882,,0.05483262985944748,,0.054068103432655334,0.057254109531641006
185,,185,0.9770375490188599,1.0,1.0,0.875,0.96923828125,0.9783935546875,0.978668212890625,0.057254109531641006,0.0017477489309385419,,0.00024226091045420617,,0.268909215927124,,0.06943278014659882,,0.05483262985944748,,0.054068103432655334,,
,0.001,186,,,,,,,,,,,,,,,,,,,,,
186,,186,,,,,,,,,,0.0014959108084440231,,0.00021091720554977655,,0.2703365683555603,,0.06820099800825119,,0.05330811068415642,,0.053236886858940125,0.056303322315216064
186,,186,0.9774038791656494,1.0,1.0,0.875,0.9697265625,0.978759765625,0.979034423828125,0.056303322315216064,0.0014959108084440231,,0.00021091720554977655,,0.2703365683555603,,0.06820099800825119,,0.05330811068415642,,0.053236886858940125,,
,0.001,187,,,,,,,,,,,,,,,,,,,,,
187,,187,,,,,,,,,,0.001302228425629437,,0.00018538243602961302,,0.26809293031692505,,0.0674004927277565,,0.05061442777514458,,0.05032455176115036,0.053549300879240036
187,,187,0.9788461923599243,1.0,1.0,0.87109375,0.96630859375,0.9793701171875,0.9810791015625,0.053549300879240036,0.001302228425629437,,0.00018538243602961302,,0.26809293031692505,,0.0674004927277565,,0.05061442777514458,,0.05032455176115036,,
,0.001,188,,,,,,,,,,,,,,,,,,,,,
188,,188,,,,,,,,,,0.001329015358351171,,0.00017474520427640527,,0.2669585943222046,,0.06689539551734924,,0.05162708833813667,,0.04861992225050926,0.052423447370529175
188,,188,0.9792124629020691,1.0,1.0,0.875,0.97021484375,0.9788818359375,0.98138427734375,0.052423447370529175,0.001329015358351171,,0.00017474520427640527,,0.2669585943222046,,0.06689539551734924,,0.05162708833813667,,0.04861992225050926,,
,0.001,189,,,,,,,,,,,,,,,,,,,,,
189,,189,,,,,,,,,,0.0010028815595433116,,0.00014390490832738578,,0.26737257838249207,,0.0653013214468956,,0.053554337471723557,,0.04992523044347763,0.053693901747465134
189,,189,0.978548526763916,1.0,1.0,0.873046875,0.97119140625,0.97900390625,0.980438232421875,0.053693901747465134,0.0010028815595433116,,0.00014390490832738578,,0.26737257838249207,,0.0653013214468956,,0.053554337471723557,,0.04992523044347763,,
,0.001,190,,,,,,,,,,,,,,,,,,,,,
190,,190,,,,,,,,,,0.0014261561445891857,,0.00016681922716088593,,0.29151657223701477,,0.07398536801338196,,0.05414427071809769,,0.05824436992406845,0.06073596328496933
190,,190,0.9758012890815735,1.0,1.0,0.876953125,0.966796875,0.9794921875,0.97686767578125,0.06073596328496933,0.0014261561445891857,,0.00016681922716088593,,0.29151657223701477,,0.07398536801338196,,0.05414427071809769,,0.05824436992406845,,
,0.001,191,,,,,,,,,,,,,,,,,,,,,
191,,191,,,,,,,,,,0.000633992429357022,,0.00010817647853400558,,0.2908734977245331,,0.08342771232128143,,0.0642969086766243,,0.08676761388778687,0.08447213470935822
191,,191,0.9685439467430115,1.0,1.0,0.87109375,0.96337890625,0.9759521484375,0.9683837890625,0.08447213470935822,0.000633992429357022,,0.00010817647853400558,,0.2908734977245331,,0.08342771232128143,,0.0642969086766243,,0.08676761388778687,,
,0.001,192,,,,,,,,,,,,,,,,,,,,,
192,,192,,,,,,,,,,0.0014221088495105505,,0.0001626474258955568,,0.26858633756637573,,0.0662292018532753,,0.052207157015800476,,0.07747842371463776,0.07416927814483643
192,,192,0.9706501960754395,1.0,1.0,0.876953125,0.96826171875,0.9794921875,0.96990966796875,0.07416927814483643,0.0014221088495105505,,0.0001626474258955568,,0.26858633756637573,,0.0662292018532753,,0.052207157015800476,,0.07747842371463776,,
,0.001,193,,,,,,,,,,,,,,,,,,,,,
193,,193,,,,,,,,,,0.0017528659664094448,,0.00018851112690754235,,0.27120715379714966,,0.07238593697547913,,0.05948657542467117,,0.06271550804376602,0.06477931886911392
193,,193,0.9743818640708923,1.0,1.0,0.876953125,0.96533203125,0.976318359375,0.975860595703125,0.06477931886911392,0.0017528659664094448,,0.00018851112690754235,,0.27120715379714966,,0.07238593697547913,,0.05948657542467117,,0.06271550804376602,,
,0.001,194,,,,,,,,,,,,,,,,,,,,,
194,,194,,,,,,,,,,0.0012837749673053622,,0.0001616046210983768,,0.27387991547584534,,0.07252933084964752,,0.053616657853126526,,0.058490902185440063,0.060546841472387314
194,,194,0.976098895072937,1.0,1.0,0.87109375,0.9677734375,0.9791259765625,0.977386474609375,0.060546841472387314,0.0012837749673053622,,0.0001616046210983768,,0.27387991547584534,,0.07252933084964752,,0.053616657853126526,,0.058490902185440063,,
,0.001,195,,,,,,,,,,,,,,,,,,,,,
195,,195,,,,,,,,,,0.0014180614380165935,,0.00017325532098766416,,0.2716120183467865,,0.07472014427185059,,0.05915794149041176,,0.058887019753456116,0.06195951625704765
195,,195,0.975595235824585,1.0,1.0,0.875,0.96875,0.9774169921875,0.977020263671875,0.06195951625704765,0.0014180614380165935,,0.00017325532098766416,,0.2716120183467865,,0.07472014427185059,,0.05915794149041176,,0.058887019753456116,,
,0.001,196,,,,,,,,,,,,,,,,,,,,,
196,,196,,,,,,,,,,0.0021780834067612886,,0.0002259050088468939,,0.27685612440109253,,0.07745876163244247,,0.05736863613128662,,0.053068142384290695,0.05744929611682892
196,,196,0.9769917726516724,1.0,1.0,0.875,0.96240234375,0.978515625,0.97900390625,0.05744929611682892,0.0021780834067612886,,0.0002259050088468939,,0.27685612440109253,,0.07745876163244247,,0.05736863613128662,,0.053068142384290695,,
,0.001,197,,,,,,,,,,,,,,,,,,,,,
197,,197,,,,,,,,,,0.0025138226337730885,,0.0002448843151796609,,0.27621808648109436,,0.07268434762954712,,0.05501697212457657,,0.05213959515094757,0.056080639362335205
197,,197,0.977861762046814,1.0,1.0,0.873046875,0.96728515625,0.9793701171875,0.97967529296875,0.056080639362335205,0.0025138226337730885,,0.0002448843151796609,,0.27621808648109436,,0.07268434762954712,,0.05501697212457657,,0.05213959515094757,,
,0.001,198,,,,,,,,,,,,,,,,,,,,,
198,,198,,,,,,,,,,0.0021377585362643003,,0.00021112630201969296,,0.26667672395706177,,0.0669507384300232,,0.050641030073165894,,0.048312172293663025,0.05200763791799545
198,,198,0.9797618985176086,1.0,1.0,0.876953125,0.970703125,0.981201171875,0.981475830078125,0.05200763791799545,0.0021377585362643003,,0.00021112630201969296,,0.26667672395706177,,0.0669507384300232,,0.050641030073165894,,0.048312172293663025,,
,0.001,199,,,,,,,,,,,,,,,,,,,,,
199,,199,,,,,,,,,,0.0018786415457725525,,0.00018624641234055161,,0.2748682200908661,,0.07039844989776611,,0.04900634288787842,,0.04657871276140213,0.050658050924539566
199,,199,0.9796245694160461,1.0,1.0,0.873046875,0.96923828125,0.9815673828125,0.981353759765625,0.050658050924539566,0.0018786415457725525,,0.00018624641234055161,,0.2748682200908661,,0.07039844989776611,,0.04900634288787842,,0.04657871276140213,,
,0.001,200,,,,,,,,,,,,,,,,,,,,,
200,,200,,,,,,,,,,0.0017983231227844954,,0.00017933349590748549,,0.27442148327827454,,0.06773418188095093,,0.0499056801199913,,0.04627252370119095,0.050466787070035934
200,,200,0.9799221754074097,1.0,1.0,0.873046875,0.9716796875,0.97998046875,0.98199462890625,0.050466787070035934,0.0017983231227844954,,0.00017933349590748549,,0.27442148327827454,,0.06773418188095093,,0.0499056801199913,,0.04627252370119095,,
,0.001,201,,,,,,,,,,,,,,,,,,,,,
201,,201,,,,,,,,,,0.0017598869744688272,,0.0001759663864504546,,0.26688385009765625,,0.06476446241140366,,0.045918360352516174,,0.04344704747200012,0.04737172648310661
201,,201,0.9815018773078918,1.0,1.0,0.876953125,0.970703125,0.9814453125,0.983734130859375,0.04737172648310661,0.0017598869744688272,,0.0001759663864504546,,0.26688385009765625,,0.06476446241140366,,0.045918360352516174,,0.04344704747200012,,
,0.001,202,,,,,,,,,,,,,,,,,,,,,
202,,202,,,,,,,,,,0.0017702399054542184,,0.00016878526366781443,,0.26572829484939575,,0.06308406591415405,,0.04466959089040756,,0.039956167340278625,0.04442638158798218
202,,202,0.9822344779968262,1.0,1.0,0.876953125,0.970703125,0.981201171875,0.984771728515625,0.04442638158798218,0.0017702399054542184,,0.00016878526366781443,,0.26572829484939575,,0.06308406591415405,,0.04466959089040756,,0.039956167340278625,,
,0.001,203,,,,,,,,,,,,,,,,,,,,,
203,,203,,,,,,,,,,0.0017746428493410349,,0.00015823706053197384,,0.27148982882499695,,0.062259964644908905,,0.04518352448940277,,0.039627015590667725,0.04430470988154411
203,,203,0.9822802543640137,1.0,1.0,0.873046875,0.97216796875,0.9818115234375,0.984649658203125,0.04430470988154411,0.0017746428493410349,,0.00015823706053197384,,0.27148982882499695,,0.062259964644908905,,0.04518352448940277,,0.039627015590667725,,
,0.001,204,,,,,,,,,,,,,,,,,,,,,
204,,204,,,,,,,,,,0.0016884845681488514,,0.00014426209963858128,,0.2681513726711273,,0.05994192138314247,,0.04464643448591232,,0.03751112520694733,0.04246875271201134
204,,204,0.982852578163147,1.0,1.0,0.873046875,0.9716796875,0.9818115234375,0.985443115234375,0.04246875271201134,0.0016884845681488514,,0.00014426209963858128,,0.2681513726711273,,0.05994192138314247,,0.04464643448591232,,0.03751112520694733,,
,0.001,205,,,,,,,,,,,,,,,,,,,,,
205,,205,,,,,,,,,,0.0015519729349762201,,0.0001288267521886155,,0.2660822868347168,,0.059677768498659134,,0.04295437037944794,,0.036007415503263474,0.040986575186252594
205,,205,0.9834249019622803,1.0,1.0,0.87109375,0.97119140625,0.983642578125,0.985809326171875,0.040986575186252594,0.0015519729349762201,,0.0001288267521886155,,0.2660822868347168,,0.059677768498659134,,0.04295437037944794,,0.036007415503263474,,
,0.001,206,,,,,,,,,,,,,,,,,,,,,
206,,206,,,,,,,,,,0.0014688903465867043,,0.00011741397611331195,,0.2674230635166168,,0.05986339971423149,,0.041611406952142715,,0.033781833946704865,0.03908943757414818
206,,206,0.9840659499168396,1.0,1.0,0.869140625,0.97265625,0.9833984375,0.986663818359375,0.03908943757414818,0.0014688903465867043,,0.00011741397611331195,,0.2674230635166168,,0.05986339971423149,,0.041611406952142715,,0.033781833946704865,,
,0.001,207,,,,,,,,,,,,,,,,,,,,,
207,,207,,,,,,,,,,0.0013367536012083292,,0.00010662683052942157,,0.2689504027366638,,0.05906376987695694,,0.04060983657836914,,0.03261374682188034,0.03800560161471367
207,,207,0.9845467209815979,1.0,1.0,0.873046875,0.97412109375,0.983642578125,0.987091064453125,0.03800560161471367,0.0013367536012083292,,0.00010662683052942157,,0.2689504027366638,,0.05906376987695694,,0.04060983657836914,,0.03261374682188034,,
,0.001,208,,,,,,,,,,,,,,,,,,,,,
208,,208,,,,,,,,,,0.0011561383726075292,,9.497535938862711e-05,,0.26913002133369446,,0.05834067612886429,,0.03974303975701332,,0.031416215002536774,0.0369127057492733
208,,208,0.9851877689361572,1.0,1.0,0.876953125,0.97265625,0.984619140625,0.98773193359375,0.0369127057492733,0.0011561383726075292,,9.497535938862711e-05,,0.26913002133369446,,0.05834067612886429,,0.03974303975701332,,0.031416215002536774,,
,0.001,209,,,,,,,,,,,,,,,,,,,,,
209,,209,,,,,,,,,,0.0010621865512803197,,8.642289321869612e-05,,0.26949697732925415,,0.05963912978768349,,0.03865593671798706,,0.029236702248454094,0.03513887897133827
209,,209,0.9859432578086853,1.0,1.0,0.876953125,0.97265625,0.9847412109375,0.98870849609375,0.03513887897133827,0.0010621865512803197,,8.642289321869612e-05,,0.26949697732925415,,0.05963912978768349,,0.03865593671798706,,0.029236702248454094,,
,0.001,210,,,,,,,,,,,,,,,,,,,,,
210,,210,,,,,,,,,,0.0009641766082495451,,7.855574949644506e-05,,0.27164238691329956,,0.057096123695373535,,0.03761705011129379,,0.028434935957193375,0.034248385578393936
210,,210,0.9862408638000488,1.0,1.0,0.876953125,0.97265625,0.9847412109375,0.989105224609375,0.034248385578393936,0.0009641766082495451,,7.855574949644506e-05,,0.27164238691329956,,0.057096123695373535,,0.03761705011129379,,0.028434935957193375,,
,0.001,211,,,,,,,,,,,,,,,,,,,,,
211,,211,,,,,,,,,,0.0008417400531470776,,7.1314352680929e-05,,0.265314519405365,,0.05671873688697815,,0.03703287988901138,,0.027186498045921326,0.03311029449105263
211,,211,0.9872252941131592,1.0,1.0,0.875,0.9736328125,0.98583984375,0.9901123046875,0.03311029449105263,0.0008417400531470776,,7.1314352680929e-05,,0.265314519405365,,0.05671873688697815,,0.03703287988901138,,0.027186498045921326,,
,0.001,212,,,,,,,,,,,,,,,,,,,,,
212,,212,,,,,,,,,,0.0007281036232598126,,6.496690912172198e-05,,0.2751241624355316,,0.05647139623761177,,0.035739585757255554,,0.025680577382445335,0.03184130787849426
212,,212,0.9872481822967529,1.0,1.0,0.87109375,0.9736328125,0.9859619140625,0.99017333984375,0.03184130787849426,0.0007281036232598126,,6.496690912172198e-05,,0.2751241624355316,,0.05647139623761177,,0.035739585757255554,,0.025680577382445335,,
,0.001,213,,,,,,,,,,,,,,,,,,,,,
213,,213,,,,,,,,,,0.0007291757501661777,,6.174847658257931e-05,,0.2733050584793091,,0.05563634634017944,,0.0348130464553833,,0.024805810302495956,0.030950821936130524
213,,213,0.987500011920929,1.0,1.0,0.87109375,0.97412109375,0.9862060546875,0.99041748046875,0.030950821936130524,0.0007291757501661777,,6.174847658257931e-05,,0.2733050584793091,,0.05563634634017944,,0.0348130464553833,,0.024805810302495956,,
,0.001,214,,,,,,,,,,,,,,,,,,,,,
214,,214,,,,,,,,,,0.0006130246329121292,,5.6265176681336015e-05,,0.26438331604003906,,0.05661237984895706,,0.03515753149986267,,0.024186383932828903,0.03049183078110218
214,,214,0.9872252941131592,1.0,1.0,0.873046875,0.970703125,0.985595703125,0.990386962890625,0.03049183078110218,0.0006130246329121292,,5.6265176681336015e-05,,0.26438331604003906,,0.05661237984895706,,0.03515753149986267,,0.024186383932828903,,
,0.001,215,,,,,,,,,,,,,,,,,,,,,
215,,215,,,,,,,,,,0.0007200032705441117,,5.6980392400873825e-05,,0.27556586265563965,,0.055748216807842255,,0.04050537571310997,,0.02858232893049717,0.034883201122283936
215,,215,0.9856456518173218,1.0,1.0,0.876953125,0.97265625,0.9822998046875,0.988922119140625,0.034883201122283936,0.0007200032705441117,,5.6980392400873825e-05,,0.27556586265563965,,0.055748216807842255,,0.04050537571310997,,0.02858232893049717,,
,0.001,216,,,,,,,,,,,,,,,,,,,,,
216,,216,,,,,,,,,,0.0004180987598374486,,4.824878124054521e-05,,0.27769285440444946,,0.06997450441122055,,0.07670526206493378,,0.0675920695066452,0.07162848860025406
216,,216,0.975915789604187,1.0,1.0,0.875,0.9677734375,0.9747314453125,0.978179931640625,0.07162848860025406,0.0004180987598374486,,4.824878124054521e-05,,0.27769285440444946,,0.06997450441122055,,0.07670526206493378,,0.0675920695066452,,
,0.001,217,,,,,,,,,,,,,,,,,,,,,
217,,217,,,,,,,,,,0.000844479538500309,,6.252329330891371e-05,,0.26898956298828125,,0.060594283044338226,,0.040392499417066574,,0.05272538214921951,0.05312398448586464
217,,217,0.9795559048652649,1.0,1.0,0.876953125,0.97265625,0.98486328125,0.98016357421875,0.05312398448586464,0.000844479538500309,,6.252329330891371e-05,,0.26898956298828125,,0.060594283044338226,,0.040392499417066574,,0.05272538214921951,,
,0.001,218,,,,,,,,,,,,,,,,,,,,,
218,,218,,,,,,,,,,0.0007962394156493247,,6.815554661443457e-05,,0.2684875726699829,,0.06394143402576447,,0.05057797580957413,,0.04219486564397812,0.04728544130921364
218,,218,0.981158435344696,1.0,1.0,0.873046875,0.97119140625,0.9779052734375,0.98419189453125,0.04728544130921364,0.0007962394156493247,,6.815554661443457e-05,,0.2684875726699829,,0.06394143402576447,,0.05057797580957413,,0.04219486564397812,,
,0.001,219,,,,,,,,,,,,,,,,,,,,,
219,,219,,,,,,,,,,0.0005670370301231742,,5.993065133225173e-05,,0.28522777557373047,,0.06744025647640228,,0.055743880569934845,,0.052997127175331116,0.05671803653240204
219,,219,0.9785027503967285,1.0,1.0,0.87109375,0.966796875,0.9794921875,0.980560302734375,0.05671803653240204,0.0005670370301231742,,5.993065133225173e-05,,0.28522777557373047,,0.06744025647640228,,0.055743880569934845,,0.052997127175331116,,
,0.001,220,,,,,,,,,,,,,,,,,,,,,
220,,220,,,,,,,,,,0.0011304186191409826,,8.216153946705163e-05,,0.27050602436065674,,0.059263549745082855,,0.04081118851900101,,0.04727436974644661,0.04906889796257019
220,,220,0.9821428656578064,1.0,1.0,0.875,0.9736328125,0.9842529296875,0.983734130859375,0.04906889796257019,0.0011304186191409826,,8.216153946705163e-05,,0.27050602436065674,,0.059263549745082855,,0.04081118851900101,,0.04727436974644661,,
,0.001,221,,,,,,,,,,,,,,,,,,,,,
221,,221,,,,,,,,,,0.0016496871830895543,,0.00010853396088350564,,0.2777805030345917,,0.07411088794469833,,0.04673096910119057,,0.047852762043476105,0.05139488726854324
221,,221,0.9798763990402222,1.0,1.0,0.873046875,0.966796875,0.9808349609375,0.982025146484375,0.05139488726854324,0.0016496871830895543,,0.00010853396088350564,,0.2777805030345917,,0.07411088794469833,,0.04673096910119057,,0.047852762043476105,,
,0.001,222,,,,,,,,,,,,,,,,,,,,,
222,,222,,,,,,,,,,0.0014288941165432334,,0.00010829557140823454,,0.2648256719112396,,0.06071927025914192,,0.039451174437999725,,0.043552473187446594,0.046023692935705185
222,,222,0.9818223714828491,1.0,1.0,0.873046875,0.97021484375,0.9842529296875,0.983551025390625,0.046023692935705185,0.0014288941165432334,,0.00010829557140823454,,0.2648256719112396,,0.06071927025914192,,0.039451174437999725,,0.043552473187446594,,
,0.001,223,,,,,,,,,,,,,,,,,,,,,
223,,223,,,,,,,,,,0.0015748253790661693,,0.00011312293645460159,,0.26947319507598877,,0.07434360682964325,,0.0428553968667984,,0.04175989329814911,0.04601077362895012
223,,223,0.9814331531524658,1.0,1.0,0.875,0.96337890625,0.9830322265625,0.983734130859375,0.04601077362895012,0.0015748253790661693,,0.00011312293645460159,,0.26947319507598877,,0.07434360682964325,,0.0428553968667984,,0.04175989329814911,,
,0.001,224,,,,,,,,,,,,,,,,,,,,,
224,,224,,,,,,,,,,0.001962522976100445,,0.0001247740292456001,,0.27427247166633606,,0.06986329704523087,,0.04381358623504639,,0.039748650044202805,0.044528182595968246
224,,224,0.982692301273346,1.0,1.0,0.87109375,0.9716796875,0.9835205078125,0.984832763671875,0.044528182595968246,0.001962522976100445,,0.0001247740292456001,,0.27427247166633606,,0.06986329704523087,,0.04381358623504639,,0.039748650044202805,,
,0.001,225,,,,,,,,,,,,,,,,,,,,,
225,,225,,,,,,,,,,0.00235958443954587,,0.00014020904200151563,,0.27034252882003784,,0.0737825483083725,,0.041754744946956635,,0.04174532741308212,0.04577796161174774
225,,225,0.9824175834655762,1.0,1.0,0.87109375,0.97265625,0.984130859375,0.9842529296875,0.04577796161174774,0.00235958443954587,,0.00014020904200151563,,0.27034252882003784,,0.0737825483083725,,0.041754744946956635,,0.04174532741308212,,
,0.001,226,,,,,,,,,,,,,,,,,,,,,
226,,226,,,,,,,,,,0.0020672159735113382,,0.0001351732644252479,,0.27323299646377563,,0.0730104148387909,,0.04240857809782028,,0.03264512121677399,0.0390712134540081
226,,226,0.9842948913574219,1.0,1.0,0.873046875,0.9677734375,0.9837646484375,0.98712158203125,0.0390712134540081,0.0020672159735113382,,0.0001351732644252479,,0.27323299646377563,,0.0730104148387909,,0.04240857809782028,,0.03264512121677399,,
,0.001,227,,,,,,,,,,,,,,,,,,,,,
227,,227,,,,,,,,,,0.0018059387803077698,,0.00012551897088997066,,0.2828410267829895,,0.07062484323978424,,0.041238851845264435,,0.03365716338157654,0.03961160033941269
227,,227,0.98505038022995,1.0,1.0,0.873046875,0.96826171875,0.984375,0.987945556640625,0.03961160033941269,0.0018059387803077698,,0.00012551897088997066,,0.2828410267829895,,0.07062484323978424,,0.041238851845264435,,0.03365716338157654,,
,0.001,228,,,,,,,,,,,,,,,,,,,,,
228,,228,,,,,,,,,,0.0015936305280774832,,0.00011580476711969823,,0.2796289920806885,,0.0624496266245842,,0.039014048874378204,,0.031037088483572006,0.036807671189308167
228,,228,0.9856456518173218,1.0,1.0,0.876953125,0.97021484375,0.9849853515625,0.9884033203125,0.036807671189308167,0.0015936305280774832,,0.00011580476711969823,,0.2796289920806885,,0.0624496266245842,,0.039014048874378204,,0.031037088483572006,,
,0.001,229,,,,,,,,,,,,,,,,,,,,,
229,,229,,,,,,,,,,0.001562089892104268,,0.00010829552775248885,,0.2711649239063263,,0.06458012759685516,,0.03939879685640335,,0.028427816927433014,0.03492303192615509
229,,229,0.9864011406898499,1.0,1.0,0.876953125,0.96923828125,0.9842529296875,0.989654541015625,0.03492303192615509,0.001562089892104268,,0.00010829552775248885,,0.2711649239063263,,0.06458012759685516,,0.03939879685640335,,0.028427816927433014,,
,0.001,230,,,,,,,,,,,,,,,,,,,,,
230,,230,,,,,,,,,,0.001705264556221664,,0.00010299133282387629,,0.2682124972343445,,0.06706038117408752,,0.03836993873119354,,0.02773057296872139,0.034288786351680756
230,,230,0.9864240288734436,1.0,1.0,0.873046875,0.9677734375,0.9842529296875,0.989837646484375,0.034288786351680756,0.001705264556221664,,0.00010299133282387629,,0.2682124972343445,,0.06706038117408752,,0.03836993873119354,,0.02773057296872139,,
,0.001,231,,,,,,,,,,,,,,,,,,,,,
231,,231,,,,,,,,,,0.0018225978128612041,,9.899824362946674e-05,,0.27250874042510986,,0.06490255892276764,,0.037391845136880875,,0.025557231158018112,0.0324242077767849
231,,231,0.9875916242599487,1.0,1.0,0.87109375,0.970703125,0.9853515625,0.990966796875,0.0324242077767849,0.0018225978128612041,,9.899824362946674e-05,,0.27250874042510986,,0.06490255892276764,,0.037391845136880875,,0.025557231158018112,,
,0.001,232,,,,,,,,,,,,,,,,,,,,,
232,,232,,,,,,,,,,0.0017247814685106277,,9.485615009907633e-05,,0.27686411142349243,,0.06470630317926407,,0.035744909197092056,,0.023571155965328217,0.030667176470160484
232,,232,0.9878434538841248,1.0,1.0,0.87109375,0.9716796875,0.986083984375,0.991058349609375,0.030667176470160484,0.0017247814685106277,,9.485615009907633e-05,,0.27686411142349243,,0.06470630317926407,,0.035744909197092056,,0.023571155965328217,,
,0.001,233,,,,,,,,,,,,,,,,,,,,,
233,,233,,,,,,,,,,0.0014869834994897246,,9.050543303601444e-05,,0.27084803581237793,,0.059288766235113144,,0.035303305834531784,,0.022495195269584656,0.029452472925186157
233,,233,0.9885302186012268,1.0,1.0,0.87109375,0.9736328125,0.9859619140625,0.99188232421875,0.029452472925186157,0.0014869834994897246,,9.050543303601444e-05,,0.27084803581237793,,0.059288766235113144,,0.035303305834531784,,0.022495195269584656,,
,0.001,234,,,,,,,,,,,,,,,,,,,,,
234,,234,,,,,,,,,,0.0012216256000101566,,8.457531657768413e-05,,0.26570218801498413,,0.06201294809579849,,0.03363443911075592,,0.021118665114045143,0.028174029663205147
234,,234,0.9888736605644226,1.0,1.0,0.869140625,0.97265625,0.98681640625,0.992218017578125,0.028174029663205147,0.0012216256000101566,,8.457531657768413e-05,,0.26570218801498413,,0.06201294809579849,,0.03363443911075592,,0.021118665114045143,,
,0.001,235,,,,,,,,,,,,,,,,,,,,,
235,,235,,,,,,,,,,0.001064687268808484,,7.87941535236314e-05,,0.2701396942138672,,0.062479179352521896,,0.03256862610578537,,0.020127713680267334,0.02730449102818966
235,,235,0.9890568256378174,1.0,1.0,0.873046875,0.97119140625,0.98681640625,0.99249267578125,0.02730449102818966,0.001064687268808484,,7.87941535236314e-05,,0.2701396942138672,,0.062479179352521896,,0.03256862610578537,,0.020127713680267334,,
,0.001,236,,,,,,,,,,,,,,,,,,,,,
236,,236,,,,,,,,,,0.0010531361913308501,,7.52479609218426e-05,,0.2756313979625702,,0.060455016791820526,,0.03230789303779602,,0.018406258895993233,0.025933630764484406
236,,236,0.9894230961799622,1.0,1.0,0.876953125,0.9677734375,0.9866943359375,0.9931640625,0.025933630764484406,0.0010531361913308501,,7.52479609218426e-05,,0.2756313979625702,,0.060455016791820526,,0.03230789303779602,,0.018406258895993233,,
,0.001,237,,,,,,,,,,,,,,,,,,,,,
237,,237,,,,,,,,,,0.0010889797704294324,,7.292355439858511e-05,,0.2722936272621155,,0.06110388785600662,,0.030712224543094635,,0.016762997955083847,0.02439294382929802
237,,237,0.9904761910438538,1.0,1.0,0.876953125,0.9697265625,0.9871826171875,0.99432373046875,0.02439294382929802,0.0010889797704294324,,7.292355439858511e-05,,0.2722936272621155,,0.06110388785600662,,0.030712224543094635,,0.016762997955083847,,
,0.001,238,,,,,,,,,,,,,,,,,,,,,
238,,238,,,,,,,,,,0.0010618292726576328,,6.967533408896998e-05,,0.2645084857940674,,0.05843757838010788,,0.029704060405492783,,0.01657533273100853,0.023846784606575966
238,,238,0.9909340739250183,1.0,1.0,0.876953125,0.9736328125,0.98828125,0.994415283203125,0.023846784606575966,0.0010618292726576328,,6.967533408896998e-05,,0.2645084857940674,,0.05843757838010788,,0.029704060405492783,,0.01657533273100853,,
,0.001,239,,,,,,,,,,,,,,,,,,,,,
239,,239,,,,,,,,,,0.0009949024533852935,,6.595030572498217e-05,,0.26901522278785706,,0.05704149603843689,,0.02868705242872238,,0.015264255926012993,0.02265981025993824
239,,239,0.9912775158882141,1.0,1.0,0.87109375,0.9736328125,0.9881591796875,0.9949951171875,0.02265981025993824,0.0009949024533852935,,6.595030572498217e-05,,0.26901522278785706,,0.05704149603843689,,0.02868705242872238,,0.015264255926012993,,
,0.001,240,,,,,,,,,,,,,,,,,,,,,
240,,240,,,,,,,,,,0.0009358317474834621,,6.204645615071058e-05,,0.27017781138420105,,0.054498910903930664,,0.027400873601436615,,0.013875141739845276,0.021270863711833954
240,,240,0.9917353391647339,1.0,1.0,0.87109375,0.97509765625,0.9886474609375,0.995391845703125,0.021270863711833954,0.0009358317474834621,,6.204645615071058e-05,,0.27017781138420105,,0.054498910903930664,,0.027400873601436615,,0.013875141739845276,,
,0.001,241,,,,,,,,,,,,,,,,,,,,,
241,,241,,,,,,,,,,0.0008422164828516543,,5.724858056055382e-05,,0.26567941904067993,,0.05556539446115494,,0.02739896811544895,,0.013676999136805534,0.02111905626952648
241,,241,0.9918498396873474,1.0,1.0,0.873046875,0.974609375,0.98828125,0.995635986328125,0.02111905626952648,0.0008422164828516543,,5.724858056055382e-05,,0.26567941904067993,,0.05556539446115494,,0.02739896811544895,,0.013676999136805534,,
,0.001,242,,,,,,,,,,,,,,,,,,,,,
242,,242,,,,,,,,,,0.0007571690948680043,,5.346390025806613e-05,,0.2653932571411133,,0.0545678474009037,,0.026101257652044296,,0.012387529015541077,0.019858138635754585
242,,242,0.9918498396873474,1.0,1.0,0.876953125,0.9736328125,0.9871826171875,0.99591064453125,0.019858138635754585,0.0007571690948680043,,5.346390025806613e-05,,0.2653932571411133,,0.0545678474009037,,0.026101257652044296,,0.012387529015541077,,
,0.001,243,,,,,,,,,,,,,,,,,,,,,
243,,243,,,,,,,,,,0.0006974886637181044,,5.021561810281128e-05,,0.2646237015724182,,0.054283905774354935,,0.025324547663331032,,0.011357877403497696,0.01891765370965004
243,,243,0.9922848343849182,1.0,1.0,0.876953125,0.97314453125,0.98828125,0.996246337890625,0.01891765370965004,0.0006974886637181044,,5.021561810281128e-05,,0.2646237015724182,,0.054283905774354935,,0.025324547663331032,,0.011357877403497696,,
,0.001,244,,,,,,,,,,,,,,,,,,,,,
244,,244,,,,,,,,,,0.0006918897270224988,,4.7920955694280565e-05,,0.2645654082298279,,0.053563132882118225,,0.02471279166638851,,0.010705668479204178,0.01827915757894516
244,,244,0.9927427172660828,1.0,1.0,0.875,0.97216796875,0.9892578125,0.9967041015625,0.01827915757894516,0.0006918897270224988,,4.7920955694280565e-05,,0.2645654082298279,,0.053563132882118225,,0.02471279166638851,,0.010705668479204178,,
,0.001,245,,,,,,,,,,,,,,,,,,,,,
245,,245,,,,,,,,,,0.0006617502076551318,,4.5715692976955324e-05,,0.26408180594444275,,0.05477866157889366,,0.023845456540584564,,0.009842008352279663,0.017519885674118996
245,,245,0.9928342700004578,1.0,1.0,0.875,0.9697265625,0.9893798828125,0.9969482421875,0.017519885674118996,0.0006617502076551318,,4.5715692976955324e-05,,0.26408180594444275,,0.05477866157889366,,0.023845456540584564,,0.009842008352279663,,
,0.001,246,,,,,,,,,,,,,,,,,,,,,
246,,246,,,,,,,,,,0.0005772831500507891,,4.285479735699482e-05,,0.26444578170776367,,0.05228918045759201,,0.02318785898387432,,0.00907759927213192,0.01671058125793934
246,,246,0.9934753179550171,1.0,1.0,0.873046875,0.9755859375,0.98974609375,0.99737548828125,0.01671058125793934,0.0005772831500507891,,4.285479735699482e-05,,0.26444578170776367,,0.05228918045759201,,0.02318785898387432,,0.00907759927213192,,
,0.001,247,,,,,,,,,,,,,,,,,,,,,
247,,247,,,,,,,,,,0.0005422552349045873,,4.0917722799349576e-05,,0.263737291097641,,0.052241481840610504,,0.022812118753790855,,0.008261818438768387,0.016017554327845573
247,,247,0.9934065937995911,1.0,1.0,0.876953125,0.97509765625,0.9888916015625,0.997467041015625,0.016017554327845573,0.0005422552349045873,,4.0917722799349576e-05,,0.263737291097641,,0.052241481840610504,,0.022812118753790855,,0.008261818438768387,,
,0.001,248,,,,,,,,,,,,,,,,,,,,,
248,,248,,,,,,,,,,0.00048792376765049994,,3.817602191702463e-05,,0.2651013731956482,,0.05229294300079346,,0.022065328434109688,,0.00756973959505558,0.015376664698123932
248,,248,0.9936584234237671,1.0,1.0,0.876953125,0.974609375,0.9888916015625,0.997833251953125,0.015376664698123932,0.00048792376765049994,,3.817602191702463e-05,,0.2651013731956482,,0.05229294300079346,,0.022065328434109688,,0.00756973959505558,,
,0.001,249,,,,,,,,,,,,,,,,,,,,,
249,,249,,,,,,,,,,0.00044216870446689427,,3.52853094227612e-05,,0.26429420709609985,,0.05189334601163864,,0.02223930135369301,,0.0068496516905725,0.014840856194496155
249,,249,0.9940018653869629,1.0,1.0,0.876953125,0.974609375,0.989501953125,0.998138427734375,0.014840856194496155,0.00044216870446689427,,3.52853094227612e-05,,0.26429420709609985,,0.05189334601163864,,0.02223930135369301,,0.0068496516905725,,
,0.001,250,,,,,,,,,,,,,,,,,,,,,
250,,250,,,,,,,,,,0.00043704494601115584,,3.4421071177348495e-05,,0.264845609664917,,0.053295981138944626,,0.021383756771683693,,0.006381623912602663,0.014401517808437347
250,,250,0.9942994713783264,1.0,1.0,0.873046875,0.97509765625,0.990478515625,0.998321533203125,0.014401517808437347,0.00043704494601115584,,3.4421071177348495e-05,,0.264845609664917,,0.053295981138944626,,0.021383756771683693,,0.006381623912602663,,
,0.001,251,,,,,,,,,,,,,,,,,,,,,
251,,251,,,,,,,,,,0.00037317464011721313,,3.120253313682042e-05,,0.2646770477294922,,0.055258508771657944,,0.021719980984926224,,0.005980425514280796,0.014253587462008
251,,251,0.9941163063049316,1.0,1.0,0.87109375,0.97265625,0.9896240234375,0.99847412109375,0.014253587462008,0.00037317464011721313,,3.120253313682042e-05,,0.2646770477294922,,0.055258508771657944,,0.021719980984926224,,0.005980425514280796,,
,0.001,252,,,,,,,,,,,,,,,,,,,,,
252,,252,,,,,,,,,,0.00035148640745319426,,3.069590820814483e-05,,0.2718021869659424,,0.05607970803976059,,0.021543078124523163,,0.006270403042435646,0.014559950679540634
252,,252,0.9940476417541504,1.0,1.0,0.873046875,0.9736328125,0.989990234375,0.998199462890625,0.014559950679540634,0.00035148640745319426,,3.069590820814483e-05,,0.2718021869659424,,0.05607970803976059,,0.021543078124523163,,0.006270403042435646,,
,0.001,253,,,,,,,,,,,,,,,,,,,,,
253,,253,,,,,,,,,,0.0002559096028562635,,2.6762118068290874e-05,,0.2720773220062256,,0.07092028856277466,,0.028355222195386887,,0.008522845804691315,0.018226249143481255
253,,253,0.9929945468902588,1.0,1.0,0.87109375,0.9697265625,0.9884033203125,0.997467041015625,0.018226249143481255,0.0002559096028562635,,2.6762118068290874e-05,,0.2720773220062256,,0.07092028856277466,,0.028355222195386887,,0.008522845804691315,,
,0.001,254,,,,,,,,,,,,,,,,,,,,,
254,,254,,,,,,,,,,0.00041845624218694866,,3.406345786061138e-05,,0.2851158678531647,,0.07872210443019867,,0.052276358008384705,,0.023911453783512115,0.03477560356259346
254,,254,0.9874771237373352,1.0,1.0,0.873046875,0.96533203125,0.9820556640625,0.991943359375,0.03477560356259346,0.00041845624218694866,,3.406345786061138e-05,,0.2851158678531647,,0.07872210443019867,,0.052276358008384705,,0.023911453783512115,,
,0.001,255,,,,,,,,,,,,,,,,,,,,,
255,,255,,,,,,,,,,0.00014101465058047324,,2.1517040295293555e-05,,0.32746487855911255,,0.07456814497709274,,0.09068261086940765,,0.19729143381118774,0.17234666645526886
255,,255,0.9622482061386108,1.0,1.0,0.87109375,0.97119140625,0.973388671875,0.96014404296875,0.17234666645526886,0.00014101465058047324,,2.1517040295293555e-05,,0.32746487855911255,,0.07456814497709274,,0.09068261086940765,,0.19729143381118774,,
,0.001,256,,,,,,,,,,,,,,,,,,,,,
256,,256,,,,,,,,,,0.0002512616047170013,,2.7089938157587312e-05,,0.34960347414016724,,0.0869995504617691,,0.08690296858549118,,0.09078291803598404,0.09257937967777252
256,,256,0.9768086075782776,1.0,1.0,0.87109375,0.9677734375,0.9747314453125,0.97943115234375,0.09257937967777252,0.0002512616047170013,,2.7089938157587312e-05,,0.34960347414016724,,0.0869995504617691,,0.08690296858549118,,0.09078291803598404,,
,0.001,257,,,,,,,,,,,,,,,,,,,,,
257,,257,,,,,,,,,,0.0011816193582490087,,0.00017100540571846068,,0.2840593159198761,,0.07199519127607346,,0.046423397958278656,,0.12379920482635498,0.10828518867492676
257,,257,0.9664835333824158,1.0,1.0,0.873046875,0.96923828125,0.982177734375,0.96368408203125,0.10828518867492676,0.0011816193582490087,,0.00017100540571846068,,0.2840593159198761,,0.07199519127607346,,0.046423397958278656,,0.12379920482635498,,
,0.001,258,,,,,,,,,,,,,,,,,,,,,
258,,258,,,,,,,,,,0.001023007556796074,,0.00016472663264721632,,0.27000200748443604,,0.07637634873390198,,0.05804991349577904,,0.09530886262655258,0.08913322538137436
258,,258,0.9713370203971863,1.0,1.0,0.876953125,0.96728515625,0.9781494140625,0.971221923828125,0.08913322538137436,0.001023007556796074,,0.00016472663264721632,,0.27000200748443604,,0.07637634873390198,,0.05804991349577904,,0.09530886262655258,,
,0.001,259,,,,,,,,,,,,,,,,,,,,,
259,,259,,,,,,,,,,0.000753357307985425,,0.00011908177839359269,,0.28328874707221985,,0.0679493173956871,,0.041637420654296875,,0.06083584576845169,0.05995435267686844
259,,259,0.9794871807098389,1.0,1.0,0.87109375,0.9697265625,0.984619140625,0.98040771484375,0.05995435267686844,0.000753357307985425,,0.00011908177839359269,,0.28328874707221985,,0.0679493173956871,,0.041637420654296875,,0.06083584576845169,,
,0.001,260,,,,,,,,,,,,,,,,,,,,,
260,,260,,,,,,,,,,0.0007577646756544709,,0.00012224065721966326,,0.2897576689720154,,0.0816628485918045,,0.04025415703654289,,0.04155201092362404,0.04594733938574791
260,,260,0.9834936261177063,1.0,1.0,0.87109375,0.9658203125,0.9842529296875,0.986083984375,0.04594733938574791,0.0007577646756544709,,0.00012224065721966326,,0.2897576689720154,,0.0816628485918045,,0.04025415703654289,,0.04155201092362404,,
,0.001,261,,,,,,,,,,,,,,,,,,,,,
261,,261,,,,,,,,,,0.0011185110779479146,,0.0001628840109333396,,0.26875752210617065,,0.08094574511051178,,0.05383631959557533,,0.043157584965229034,0.049419697374105453
261,,261,0.9821657538414001,1.0,1.0,0.875,0.96826171875,0.980224609375,0.985107421875,0.049419697374105453,0.0011185110779479146,,0.0001628840109333396,,0.26875752210617065,,0.08094574511051178,,0.05383631959557533,,0.043157584965229034,,
,0.001,262,,,,,,,,,,,,,,,,,,,,,
262,,262,,,,,,,,,,0.002049133414402604,,0.00024532631505280733,,0.2877241373062134,,0.06922154128551483,,0.04198874533176422,,0.037349969148635864,0.04251449182629585
262,,262,0.9843177795410156,1.0,1.0,0.873046875,0.97216796875,0.9832763671875,0.98699951171875,0.04251449182629585,0.002049133414402604,,0.00024532631505280733,,0.2877241373062134,,0.06922154128551483,,0.04198874533176422,,0.037349969148635864,,
,0.001,263,,,,,,,,,,,,,,,,,,,,,
263,,263,,,,,,,,,,0.0034689269959926605,,0.00034795881947502494,,0.3361925482749939,,0.07607847452163696,,0.04556601867079735,,0.031033175066113472,0.03933761268854141
263,,263,0.9853708744049072,1.0,1.0,0.841796875,0.96875,0.9818115234375,0.989471435546875,0.03933761268854141,0.0034689269959926605,,0.00034795881947502494,,0.3361925482749939,,0.07607847452163696,,0.04556601867079735,,0.031033175066113472,,
,0.001,264,,,,,,,,,,,,,,,,,,,,,
264,,264,,,,,,,,,,0.0038015018217265606,,0.00037078134482726455,,0.31944194436073303,,0.07692217826843262,,0.04739905148744583,,0.030548688024282455,0.03916145861148834
264,,264,0.9853938221931458,1.0,1.0,0.841796875,0.96826171875,0.981689453125,0.98956298828125,0.03916145861148834,0.0038015018217265606,,0.00037078134482726455,,0.31944194436073303,,0.07692217826843262,,0.04739905148744583,,0.030548688024282455,,
,0.001,265,,,,,,,,,,,,,,,,,,,,,
265,,265,,,,,,,,,,0.003076346591114998,,0.000334498705342412,,0.27880263328552246,,0.07169607281684875,,0.03826497495174408,,0.0268459003418684,0.03394860401749611
265,,265,0.9871337413787842,1.0,1.0,0.875,0.97021484375,0.9847412109375,0.990478515625,0.03394860401749611,0.003076346591114998,,0.000334498705342412,,0.27880263328552246,,0.07169607281684875,,0.03826497495174408,,0.0268459003418684,,
,0.001,266,,,,,,,,,,,,,,,,,,,,,
266,,266,,,,,,,,,,0.0024717275518924,,0.0002925522858276963,,0.2659565210342407,,0.06724308431148529,,0.03788966313004494,,0.02421620860695839,0.03154553472995758
266,,266,0.9883928894996643,1.0,1.0,0.875,0.96923828125,0.985107421875,0.99212646484375,0.03154553472995758,0.0024717275518924,,0.0002925522858276963,,0.2659565210342407,,0.06724308431148529,,0.03788966313004494,,0.02421620860695839,,
,0.001,267,,,,,,,,,,,,,,,,,,,,,
267,,267,,,,,,,,,,0.0022741903085261583,,0.00026558968238532543,,0.28118473291397095,,0.0733179897069931,,0.04104765132069588,,0.02419404312968254,0.03258427977561951
267,,267,0.9882326126098633,1.0,1.0,0.87109375,0.9697265625,0.982666015625,0.9925537109375,0.03258427977561951,0.0022741903085261583,,0.00026558968238532543,,0.28118473291397095,,0.0733179897069931,,0.04104765132069588,,0.02419404312968254,,
,0.001,268,,,,,,,,,,,,,,,,,,,,,
268,,268,,,,,,,,,,0.0024651873391121626,,0.0002554002567194402,,0.2927343249320984,,0.07365971058607101,,0.03607465699315071,,0.022600136697292328,0.03060740791261196
268,,268,0.9886676073074341,1.0,1.0,0.873046875,0.96728515625,0.9840087890625,0.992919921875,0.03060740791261196,0.0024651873391121626,,0.0002554002567194402,,0.2927343249320984,,0.07365971058607101,,0.03607465699315071,,0.022600136697292328,,
,0.001,269,,,,,,,,,,,,,,,,,,,,,
269,,269,,,,,,,,,,0.0028199690859764814,,0.00024687929544597864,,0.2887619733810425,,0.06924408674240112,,0.032272156327962875,,0.019622186198830605,0.02740689367055893
269,,269,0.9901328086853027,1.0,1.0,0.873046875,0.97119140625,0.9873046875,0.993804931640625,0.02740689367055893,0.0028199690859764814,,0.00024687929544597864,,0.2887619733810425,,0.06924408674240112,,0.032272156327962875,,0.019622186198830605,,
,0.001,270,,,,,,,,,,,,,,,,,,,,,
270,,270,,,,,,,,,,0.003048061393201351,,0.0002312374854227528,,0.27749085426330566,,0.06673213839530945,,0.0317811444401741,,0.017876911908388138,0.025755763053894043
270,,270,0.9910256862640381,1.0,1.0,0.873046875,0.97265625,0.98876953125,0.994537353515625,0.025755763053894043,0.003048061393201351,,0.0002312374854227528,,0.27749085426330566,,0.06673213839530945,,0.0317811444401741,,0.017876911908388138,,
,0.001,271,,,,,,,,,,,,,,,,,,,,,
271,,271,,,,,,,,,,0.003074088366702199,,0.00021434386144392192,,0.2684796452522278,,0.06731396913528442,,0.03177497163414955,,0.017043596133589745,0.025051087141036987
271,,271,0.9910485744476318,1.0,1.0,0.873046875,0.97412109375,0.9881591796875,0.99462890625,0.025051087141036987,0.003074088366702199,,0.00021434386144392192,,0.2684796452522278,,0.06731396913528442,,0.03177497163414955,,0.017043596133589745,,
,0.001,272,,,,,,,,,,,,,,,,,,,,,
272,,272,,,,,,,,,,0.003030471969395876,,0.00019831379177048802,,0.2657126486301422,,0.06606224179267883,,0.030734118074178696,,0.015748681500554085,0.023793254047632217
272,,272,0.9918498396873474,1.0,1.0,0.876953125,0.97314453125,0.98828125,0.99566650390625,0.023793254047632217,0.003030471969395876,,0.00019831379177048802,,0.2657126486301422,,0.06606224179267883,,0.030734118074178696,,0.015748681500554085,,
,0.001,273,,,,,,,,,,,,,,,,,,,,,
273,,273,,,,,,,,,,0.0030055134557187557,,0.0001825217332225293,,0.2688387334346771,,0.06301933526992798,,0.02912309765815735,,0.014617212116718292,0.02253621257841587
273,,273,0.9920558929443359,1.0,1.0,0.876953125,0.974609375,0.9886474609375,0.995758056640625,0.02253621257841587,0.0030055134557187557,,0.0001825217332225293,,0.2688387334346771,,0.06301933526992798,,0.02912309765815735,,0.014617212116718292,,
,0.001,274,,,,,,,,,,,,,,,,,,,,,
274,,274,,,,,,,,,,0.0028306676540523767,,0.00016187250730581582,,0.27279964089393616,,0.05983324348926544,,0.02792021818459034,,0.013755979016423225,0.021561389788985252
274,,274,0.9921703338623047,1.0,1.0,0.873046875,0.97412109375,0.989013671875,0.99591064453125,0.021561389788985252,0.0028306676540523767,,0.00016187250730581582,,0.27279964089393616,,0.05983324348926544,,0.02792021818459034,,0.013755979016423225,,
,0.001,275,,,,,,,,,,,,,,,,,,,,,
275,,275,,,,,,,,,,0.0024618576280772686,,0.00013788552314508706,,0.2711780369281769,,0.057603370398283005,,0.02634406089782715,,0.01219929475337267,0.01997409202158451
275,,275,0.992902934551239,1.0,1.0,0.873046875,0.97265625,0.989013671875,0.996978759765625,0.01997409202158451,0.0024618576280772686,,0.00013788552314508706,,0.2711780369281769,,0.057603370398283005,,0.02634406089782715,,0.01219929475337267,,
,0.001,276,,,,,,,,,,,,,,,,,,,,,
276,,276,,,,,,,,,,0.002093387534841895,,0.00011684795026667416,,0.266840398311615,,0.056553393602371216,,0.025463605299592018,,0.01057390496134758,0.01848922111093998
276,,276,0.9934524297714233,1.0,1.0,0.873046875,0.9716796875,0.9891357421875,0.99774169921875,0.01848922111093998,0.002093387534841895,,0.00011684795026667416,,0.266840398311615,,0.056553393602371216,,0.025463605299592018,,0.01057390496134758,,
,0.001,277,,,,,,,,,,,,,,,,,,,,,
277,,277,,,,,,,,,,0.0018543682526797056,,0.00010144191037397832,,0.26547878980636597,,0.05509130656719208,,0.02464008331298828,,0.009535009041428566,0.017470678314566612
277,,277,0.9937500357627869,1.0,1.0,0.875,0.9716796875,0.98974609375,0.997955322265625,0.017470678314566612,0.0018543682526797056,,0.00010144191037397832,,0.26547878980636597,,0.05509130656719208,,0.02464008331298828,,0.009535009041428566,,
,0.001,278,,,,,,,,,,,,,,,,,,,,,
278,,278,,,,,,,,,,0.0016906267264857888,,8.982013969216496e-05,,0.26620376110076904,,0.05341047793626785,,0.023228727281093597,,0.008661314845085144,0.016480090096592903
278,,278,0.9940018653869629,1.0,1.0,0.875,0.97265625,0.9908447265625,0.997955322265625,0.016480090096592903,0.0016906267264857888,,8.982013969216496e-05,,0.26620376110076904,,0.05341047793626785,,0.023228727281093597,,0.008661314845085144,,
,0.001,279,,,,,,,,,,,,,,,,,,,,,
279,,279,,,,,,,,,,0.0015048381173983216,,7.942001684568822e-05,,0.267403781414032,,0.052912503480911255,,0.02252195030450821,,0.007860923185944557,0.01573764719069004
279,,279,0.9942994713783264,1.0,1.0,0.87109375,0.97509765625,0.9901123046875,0.998443603515625,0.01573764719069004,0.0015048381173983216,,7.942001684568822e-05,,0.267403781414032,,0.052912503480911255,,0.02252195030450821,,0.007860923185944557,,
,0.001,280,,,,,,,,,,,,,,,,,,,,,
280,,280,,,,,,,,,,0.00130282377358526,,7.09865998942405e-05,,0.26799482107162476,,0.05333550274372101,,0.022283658385276794,,0.007204258814454079,0.01522692572325468
280,,280,0.9943223595619202,1.0,1.0,0.87109375,0.974609375,0.9906005859375,0.998382568359375,0.01522692572325468,0.00130282377358526,,7.09865998942405e-05,,0.26799482107162476,,0.05333550274372101,,0.022283658385276794,,0.007204258814454079,,
,0.001,281,,,,,,,,,,,,,,,,,,,,,
281,,281,,,,,,,,,,0.0011373248416930437,,6.4430532802362e-05,,0.26635056734085083,,0.053033001720905304,,0.021272215992212296,,0.006410024128854275,0.014407815411686897
281,,281,0.9945055246353149,1.0,1.0,0.873046875,0.97412109375,0.990478515625,0.9986572265625,0.014407815411686897,0.0011373248416930437,,6.4430532802362e-05,,0.26635056734085083,,0.053033001720905304,,0.021272215992212296,,0.006410024128854275,,
,0.001,282,,,,,,,,,,,,,,,,,,,,,
282,,282,,,,,,,,,,0.00102324562612921,,5.924525248701684e-05,,0.2640613317489624,,0.051957275718450546,,0.020488344132900238,,0.005719388835132122,0.013665331527590752
282,,282,0.9947802424430847,1.0,1.0,0.876953125,0.97607421875,0.9906005859375,0.998809814453125,0.013665331527590752,0.00102324562612921,,5.924525248701684e-05,,0.2640613317489624,,0.051957275718450546,,0.020488344132900238,,0.005719388835132122,,
,0.001,283,,,,,,,,,,,,,,,,,,,,,
283,,283,,,,,,,,,,0.000933926145080477,,5.4268552048597485e-05,,0.2641284763813019,,0.0516175739467144,,0.020290445536375046,,0.005034899804741144,0.013099504634737968
283,,283,0.9948717951774597,1.0,1.0,0.876953125,0.97509765625,0.990234375,0.99908447265625,0.013099504634737968,0.000933926145080477,,5.4268552048597485e-05,,0.2641284763813019,,0.0516175739467144,,0.020290445536375046,,0.005034899804741144,,
,0.001,284,,,,,,,,,,,,,,,,,,,,,
284,,284,,,,,,,,,,0.0008382858941331506,,4.9351423513144255e-05,,0.26573947072029114,,0.0515163391828537,,0.01964309997856617,,0.00443086214363575,0.012539010494947433
284,,284,0.9948946833610535,1.0,1.0,0.873046875,0.97314453125,0.990478515625,0.999237060546875,0.012539010494947433,0.0008382858941331506,,4.9351423513144255e-05,,0.26573947072029114,,0.0515163391828537,,0.01964309997856617,,0.00443086214363575,,
,0.001,285,,,,,,,,,,,,,,,,,,,,,
285,,285,,,,,,,,,,0.0007545484695583582,,4.508989513851702e-05,,0.2654452919960022,,0.05094684660434723,,0.019047334790229797,,0.003929576836526394,0.012020996771752834
285,,285,0.995100736618042,1.0,1.0,0.873046875,0.97314453125,0.9910888671875,0.999359130859375,0.012020996771752834,0.0007545484695583582,,4.508989513851702e-05,,0.2654452919960022,,0.05094684660434723,,0.019047334790229797,,0.003929576836526394,,
,0.001,286,,,,,,,,,,,,,,,,,,,,,
286,,286,,,,,,,,,,0.0006997520686127245,,4.181177791906521e-05,,0.2636890709400177,,0.05079131945967674,,0.01899830996990204,,0.003541869344189763,0.011693024076521397
286,,286,0.9953296780586243,1.0,1.0,0.875,0.974609375,0.9912109375,0.99951171875,0.011693024076521397,0.0006997520686127245,,4.181177791906521e-05,,0.2636890709400177,,0.05079131945967674,,0.01899830996990204,,0.003541869344189763,,
,0.001,287,,,,,,,,,,,,,,,,,,,,,
287,,287,,,,,,,,,,0.0006470970110967755,,3.898067370755598e-05,,0.26266974210739136,,0.050273023545742035,,0.018169373273849487,,0.0032516028732061386,0.01128351129591465
287,,287,0.9953754544258118,1.0,1.0,0.875,0.97509765625,0.9912109375,0.999542236328125,0.01128351129591465,0.0006470970110967755,,3.898067370755598e-05,,0.26266974210739136,,0.050273023545742035,,0.018169373273849487,,0.0032516028732061386,,
,0.001,288,,,,,,,,,,,,,,,,,,,,,
288,,288,,,,,,,,,,0.0005956306122243404,,3.644757089205086e-05,,0.2636679410934448,,0.04951682686805725,,0.017503876239061356,,0.0028911312110722065,0.010864480398595333
288,,288,0.9955586194992065,1.0,1.0,0.875,0.97607421875,0.9915771484375,0.9996337890625,0.010864480398595333,0.0005956306122243404,,3.644757089205086e-05,,0.2636679410934448,,0.04951682686805725,,0.017503876239061356,,0.0028911312110722065,,
,0.001,289,,,,,,,,,,,,,,,,,,,,,
289,,289,,,,,,,,,,0.00056429672986269,,3.433167876210064e-05,,0.2647053897380829,,0.04966576397418976,,0.017486628144979477,,0.0025741392746567726,0.010642558336257935
289,,289,0.9956272840499878,1.0,1.0,0.876953125,0.97607421875,0.991455078125,0.999725341796875,0.010642558336257935,0.00056429672986269,,3.433167876210064e-05,,0.2647053897380829,,0.04966576397418976,,0.017486628144979477,,0.0025741392746567726,,
,0.001,290,,,,,,,,,,,,,,,,,,,,,
290,,290,,,,,,,,,,0.0005575056420639157,,3.269260923843831e-05,,0.2639760673046112,,0.04943522438406944,,0.016885027289390564,,0.0023180637508630753,0.010318259708583355
290,,290,0.995604395866394,1.0,1.0,0.876953125,0.97509765625,0.9918212890625,0.999664306640625,0.010318259708583355,0.0005575056420639157,,3.269260923843831e-05,,0.2639760673046112,,0.04943522438406944,,0.016885027289390564,,0.0023180637508630753,,
,0.001,291,,,,,,,,,,,,,,,,,,,,,
291,,291,,,,,,,,,,0.0005376085755415261,,3.0934323149267584e-05,,0.26284700632095337,,0.049019575119018555,,0.016416069120168686,,0.002041273284703493,0.009989922866225243
291,,291,0.9956960082054138,1.0,1.0,0.876953125,0.97509765625,0.991943359375,0.999755859375,0.009989922866225243,0.0005376085755415261,,3.0934323149267584e-05,,0.26284700632095337,,0.049019575119018555,,0.016416069120168686,,0.002041273284703493,,
,0.001,292,,,,,,,,,,,,,,,,,,,,,
292,,292,,,,,,,,,,0.0005081792478449643,,2.9086639187880792e-05,,0.2631537914276123,,0.049041569232940674,,0.016143353655934334,,0.001790491514839232,0.009755244478583336
292,,292,0.9956502318382263,1.0,1.0,0.875,0.97412109375,0.991943359375,0.999786376953125,0.009755244478583336,0.0005081792478449643,,2.9086639187880792e-05,,0.2631537914276123,,0.049041569232940674,,0.016143353655934334,,0.001790491514839232,,
,0.001,293,,,,,,,,,,,,,,,,,,,,,
293,,293,,,,,,,,,,0.000498289882671088,,2.750716157606803e-05,,0.26376280188560486,,0.04853213578462601,,0.015901237726211548,,0.0016409857198596,0.009580920450389385
293,,293,0.9956272840499878,1.0,1.0,0.875,0.9755859375,0.9915771484375,0.999755859375,0.009580920450389385,0.000498289882671088,,2.750716157606803e-05,,0.26376280188560486,,0.04853213578462601,,0.015901237726211548,,0.0016409857198596,,
,0.001,294,,,,,,,,,,,,,,,,,,,,,
294,,294,,,,,,,,,,0.0004587313160300255,,2.5838275178102776e-05,,0.26342064142227173,,0.04851197078824043,,0.015510127879679203,,0.0014819750795140862,0.009383292868733406
294,,294,0.9957646727561951,1.0,1.0,0.876953125,0.97607421875,0.9923095703125,0.99969482421875,0.009383292868733406,0.0004587313160300255,,2.5838275178102776e-05,,0.26342064142227173,,0.04851197078824043,,0.015510127879679203,,0.0014819750795140862,,
,0.001,295,,,,,,,,,,,,,,,,,,,,,
295,,295,,,,,,,,,,0.0004323977918829769,,2.4467401090078056e-05,,0.26286184787750244,,0.04836764559149742,,0.015014922246336937,,0.001310177380219102,0.00914819911122322
295,,295,0.9957875609397888,1.0,1.0,0.876953125,0.9755859375,0.9921875,0.999786376953125,0.00914819911122322,0.0004323977918829769,,2.4467401090078056e-05,,0.26286184787750244,,0.04836764559149742,,0.015014922246336937,,0.001310177380219102,,
,0.001,296,,,,,,,,,,,,,,,,,,,,,
296,,296,,,,,,,,,,0.0004151197790633887,,2.3364742446574382e-05,,0.2626453638076782,,0.04805299639701843,,0.014823388308286667,,0.0011664127232506871,0.008987121284008026
296,,296,0.9959478378295898,1.0,1.0,0.876953125,0.9755859375,0.992919921875,0.99981689453125,0.008987121284008026,0.0004151197790633887,,2.3364742446574382e-05,,0.2626453638076782,,0.04805299639701843,,0.014823388308286667,,0.0011664127232506871,,
,0.001,297,,,,,,,,,,,,,,,,,,,,,
297,,297,,,,,,,,,,0.00038389943074434996,,2.190446321037598e-05,,0.26283562183380127,,0.04820442944765091,,0.014438057318329811,,0.0010764722246676683,0.00885668583214283
297,,297,0.9959249496459961,1.0,1.0,0.875,0.97509765625,0.992919921875,0.999847412109375,0.00885668583214283,0.00038389943074434996,,2.190446321037598e-05,,0.26283562183380127,,0.04820442944765091,,0.014438057318329811,,0.0010764722246676683,,
,0.001,298,,,,,,,,,,,,,,,,,,,,,
298,,298,,,,,,,,,,0.0003599472693167627,,2.062298881355673e-05,,0.26303067803382874,,0.04779793322086334,,0.014141913503408432,,0.0009713725885376334,0.008705506101250648
298,,298,0.9958791136741638,1.0,1.0,0.87109375,0.97607421875,0.99267578125,0.999847412109375,0.008705506101250648,0.0003599472693167627,,2.062298881355673e-05,,0.26303067803382874,,0.04779793322086334,,0.014141913503408432,,0.0009713725885376334,,
,0.001,299,,,,,,,,,,,,,,,,,,,,,
299,,299,,,,,,,,,,0.00034290633630007505,,1.9639534002635628e-05,,0.2622710168361664,,0.04810689017176628,,0.01435020286589861,,0.0008688215748406947,0.008673204109072685
299,,299,0.9959249496459961,1.0,1.0,0.873046875,0.97607421875,0.99267578125,0.9998779296875,0.008673204109072685,0.00034290633630007505,,1.9639534002635628e-05,,0.2622710168361664,,0.04810689017176628,,0.01435020286589861,,0.0008688215748406947,,
,0.001,300,,,,,,,,,,,,,,,,,,,,,
300,,300,,,,,,,,,,0.0003573255962692201,,1.9043498468818143e-05,,0.26262345910072327,,0.04891054332256317,,0.017012370750308037,,0.000802405527792871,0.009164479561150074
300,,300,0.9956960082054138,1.0,1.0,0.876953125,0.9755859375,0.9915771484375,0.99981689453125,0.009164479561150074,0.0003573255962692201,,1.9043498468818143e-05,,0.26262345910072327,,0.04891054332256317,,0.017012370750308037,,0.000802405527792871,,
,0.001,301,,,,,,,,,,,,,,,,,,,,,
301,,301,,,,,,,,,,0.000296310376143083,,1.7702419427223504e-05,,0.26359283924102783,,0.050043314695358276,,0.021993955597281456,,0.0007353712571784854,0.010112891905009747
301,,301,0.9955815076828003,1.0,1.0,0.873046875,0.974609375,0.9910888671875,0.999908447265625,0.010112891905009747,0.000296310376143083,,1.7702419427223504e-05,,0.26359283924102783,,0.050043314695358276,,0.021993955597281456,,0.0007353712571784854,,
,0.001,302,,,,,,,,,,,,,,,,,,,,,
302,,302,,,,,,,,,,0.000376034586224705,,1.8417660612612963e-05,,0.2641329765319824,,0.05050189793109894,,0.02177528664469719,,0.0007265672320500016,0.010093171149492264
302,,302,0.995604395866394,1.0,1.0,0.876953125,0.97412109375,0.9910888671875,0.999908447265625,0.010093171149492264,0.000376034586224705,,1.8417660612612963e-05,,0.2641329765319824,,0.05050189793109894,,0.02177528664469719,,0.0007265672320500016,,
,0.001,303,,,,,,,,,,,,,,,,,,,,,
303,,303,,,,,,,,,,0.0003064401389565319,,1.7165984900202602e-05,,0.26317059993743896,,0.048135243356227875,,0.01682884991168976,,0.0006393789080902934,0.008977780118584633
303,,303,0.9958333373069763,1.0,1.0,0.87109375,0.9755859375,0.9923095703125,0.999908447265625,0.008977780118584633,0.0003064401389565319,,1.7165984900202602e-05,,0.26317059993743896,,0.048135243356227875,,0.01682884991168976,,0.0006393789080902934,,
,0.001,304,,,,,,,,,,,,,,,,,,,,,
304,,304,,,,,,,,,,0.00026723151677288115,,1.6152724128914997e-05,,0.2649604380130768,,0.05054696276783943,,0.019934294745326042,,0.0006014384562149644,0.009665757417678833
304,,304,0.995604395866394,1.0,1.0,0.87109375,0.9736328125,0.991455078125,0.99993896484375,0.009665757417678833,0.00026723151677288115,,1.6152724128914997e-05,,0.2649604380130768,,0.05054696276783943,,0.019934294745326042,,0.0006014384562149644,,
,0.001,305,,,,,,,,,,,,,,,,,,,,,
305,,305,,,,,,,,,,0.0003237200144212693,,1.6540147043997422e-05,,0.2658611834049225,,0.05260707810521126,,0.01816677860915661,,0.0005742838839069009,0.009421087801456451
305,,305,0.9955815076828003,1.0,1.0,0.876953125,0.97265625,0.9913330078125,0.999908447265625,0.009421087801456451,0.0003237200144212693,,1.6540147043997422e-05,,0.2658611834049225,,0.05260707810521126,,0.01816677860915661,,0.0005742838839069009,,
,0.001,306,,,,,,,,,,,,,,,,,,,,,
306,,306,,,,,,,,,,0.0003135904553346336,,1.567589606565889e-05,,0.262836217880249,,0.049095455557107925,,0.01562841609120369,,0.000548642419744283,0.008725677616894245
306,,306,0.9959707260131836,1.0,1.0,0.876953125,0.97509765625,0.99267578125,0.99993896484375,0.008725677616894245,0.0003135904553346336,,1.567589606565889e-05,,0.262836217880249,,0.049095455557107925,,0.01562841609120369,,0.000548642419744283,,
,0.001,307,,,,,,,,,,,,,,,,,,,,,
307,,307,,,,,,,,,,0.0002557904226705432,,1.4722236301167868e-05,,0.26770710945129395,,0.05023455619812012,,0.017792902886867523,,0.0005280058248899877,0.009226594120264053
307,,307,0.9956731200218201,1.0,1.0,0.869140625,0.97509765625,0.99169921875,0.999908447265625,0.009226594120264053,0.0002557904226705432,,1.4722236301167868e-05,,0.26770710945129395,,0.05023455619812012,,0.017792902886867523,,0.0005280058248899877,,
,0.001,308,,,,,,,,,,,,,,,,,,,,,
308,,308,,,,,,,,,,0.0002967870968859643,,1.5467281627934426e-05,,0.2629238963127136,,0.04993157833814621,,0.015046809799969196,,0.00047134875785559416,0.008598833344876766
308,,308,0.9958333373069763,1.0,1.0,0.876953125,0.97314453125,0.992431640625,0.99993896484375,0.008598833344876766,0.0002967870968859643,,1.5467281627934426e-05,,0.2629238963127136,,0.04993157833814621,,0.015046809799969196,,0.00047134875785559416,,
,0.001,309,,,,,,,,,,,,,,,,,,,,,
309,,309,,,,,,,,,,0.00031382881570607424,,1.5437481124536134e-05,,0.26499488949775696,,0.0502137690782547,,0.014999575912952423,,0.00045247242087498307,0.008613333106040955
309,,309,0.9959707260131836,1.0,1.0,0.876953125,0.97412109375,0.9927978515625,0.999969482421875,0.008613333106040955,0.00031382881570607424,,1.5437481124536134e-05,,0.26499488949775696,,0.0502137690782547,,0.014999575912952423,,0.00045247242087498307,,
,0.001,310,,,,,,,,,,,,,,,,,,,,,
310,,310,,,,,,,,,,0.0002828436263371259,,1.4394414392882027e-05,,0.2634214758872986,,0.04928640276193619,,0.013658734038472176,,0.00040503719355911016,0.008264328353106976
310,,310,0.9960622787475586,1.0,1.0,0.875,0.9755859375,0.9931640625,0.99993896484375,0.008264328353106976,0.0002828436263371259,,1.4394414392882027e-05,,0.2634214758872986,,0.04928640276193619,,0.013658734038472176,,0.00040503719355911016,,
,0.001,311,,,,,,,,,,,,,,,,,,,,,
311,,311,,,,,,,,,,0.00027938754647038877,,1.3947386833024211e-05,,0.26351892948150635,,0.04938432201743126,,0.01419488899409771,,0.00040381820872426033,0.008369696326553822
311,,311,0.9959249496459961,1.0,1.0,0.873046875,0.97509765625,0.9925537109375,0.999969482421875,0.008369696326553822,0.00027938754647038877,,1.3947386833024211e-05,,0.26351892948150635,,0.04938432201743126,,0.01419488899409771,,0.00040381820872426033,,
,0.001,312,,,,,,,,,,,,,,,,,,,,,
312,,312,,,,,,,,,,0.0003066784702241421,,1.4066594303585589e-05,,0.2638496458530426,,0.050500668585300446,,0.0130502600222826,,0.00036738079506903887,0.008183930069208145
312,,312,0.9959936141967773,1.0,1.0,0.876953125,0.97216796875,0.993408203125,0.999969482421875,0.008183930069208145,0.0003066784702241421,,1.4066594303585589e-05,,0.2638496458530426,,0.050500668585300446,,0.0130502600222826,,0.00036738079506903887,,
,0.001,313,,,,,,,,,,,,,,,,,,,,,
313,,313,,,,,,,,,,0.0003159739135298878,,1.4066594303585589e-05,,0.26439234614372253,,0.04895675554871559,,0.013081913813948631,,0.00035191187635064125,0.008112241514027119
313,,313,0.9961767792701721,1.0,1.0,0.876953125,0.9755859375,0.99365234375,0.99993896484375,0.008112241514027119,0.0003159739135298878,,1.4066594303585589e-05,,0.26439234614372253,,0.04895675554871559,,0.013081913813948631,,0.00035191187635064125,,
,0.001,314,,,,,,,,,,,,,,,,,,,,,
314,,314,,,,,,,,,,0.0002719986077863723,,1.3291744835441932e-05,,0.262881338596344,,0.04923754930496216,,0.012285524979233742,,0.00033731787698343396,0.007947353646159172
314,,314,0.9961080551147461,1.0,1.0,0.873046875,0.974609375,0.9937744140625,0.99993896484375,0.007947353646159172,0.0002719986077863723,,1.3291744835441932e-05,,0.262881338596344,,0.04923754930496216,,0.012285524979233742,,0.00033731787698343396,,
,0.001,315,,,,,,,,,,,,,,,,,,,,,
315,,315,,,,,,,,,,0.0002650863316375762,,1.2963923836650793e-05,,0.2639895975589752,,0.049539715051651,,0.011752642691135406,,0.00030646746745333076,0.007851422764360905
315,,315,0.9963828325271606,1.0,1.0,0.876953125,0.974609375,0.9947509765625,1.0,0.007851422764360905,0.0002650863316375762,,1.2963923836650793e-05,,0.2639895975589752,,0.049539715051651,,0.011752642691135406,,0.00030646746745333076,,
,0.001,316,,,,,,,,,,,,,,,,,,,,,
316,,316,,,,,,,,,,0.00027056847466155887,,1.281491404370172e-05,,0.26362404227256775,,0.049081310629844666,,0.011553069576621056,,0.0002877986407838762,0.007774214260280132
316,,316,0.9963141083717346,1.0,1.0,0.876953125,0.97412109375,0.9945068359375,1.0,0.007774214260280132,0.00027056847466155887,,1.281491404370172e-05,,0.26362404227256775,,0.049081310629844666,,0.011553069576621056,,0.0002877986407838762,,
,0.001,317,,,,,,,,,,,,,,,,,,,,,
317,,317,,,,,,,,,,0.00026544384309090674,,1.2457290722522885e-05,,0.2627982199192047,,0.04928778111934662,,0.011053662747144699,,0.00026448850985616446,0.007663060910999775
317,,317,0.9963828325271606,1.0,1.0,0.875,0.9755859375,0.99462890625,1.0,0.007663060910999775,0.00026544384309090674,,1.2457290722522885e-05,,0.2627982199192047,,0.04928778111934662,,0.011053662747144699,,0.00026448850985616446,,
,0.001,318,,,,,,,,,,,,,,,,,,,,,
318,,318,,,,,,,,,,0.0002401778765488416,,1.1980459930782672e-05,,0.26340755820274353,,0.04826487600803375,,0.010830296203494072,,0.00025337538681924343,0.007571995258331299
318,,318,0.9963369965553284,1.0,1.0,0.87109375,0.9755859375,0.994873046875,0.99993896484375,0.007571995258331299,0.0002401778765488416,,1.1980459930782672e-05,,0.26340755820274353,,0.04826487600803375,,0.010830296203494072,,0.00025337538681924343,,
,0.001,319,,,,,,,,,,,,,,,,,,,,,
319,,319,,,,,,,,,,0.00022742546570952982,,1.1563231964828447e-05,,0.2621098756790161,,0.04873429611325264,,0.010363485664129257,,0.00023366743698716164,0.00747645040974021
319,,319,0.9963369965553284,1.0,1.0,0.873046875,0.97412109375,0.9951171875,0.99993896484375,0.00747645040974021,0.00022742546570952982,,1.1563231964828447e-05,,0.2621098756790161,,0.04873429611325264,,0.010363485664129257,,0.00023366743698716164,,
,0.001,320,,,,,,,,,,,,,,,,,,,,,
320,,320,,,,,,,,,,0.0002169373765354976,,1.1235410056542605e-05,,0.2627813220024109,,0.048421017825603485,,0.010122283361852169,,0.00021505876793526113,0.007410427555441856
320,,320,0.9965201616287231,1.0,1.0,0.876953125,0.9755859375,0.9952392578125,1.0,0.007410427555441856,0.0002169373765354976,,1.1235410056542605e-05,,0.2627813220024109,,0.048421017825603485,,0.010122283361852169,,0.00021505876793526113,,
,0.001,321,,,,,,,,,,,,,,,,,,,,,
321,,321,,,,,,,,,,0.000200609109015204,,1.075857835530769e-05,,0.26220089197158813,,0.04868023097515106,,0.009849939495325089,,0.00020647395285777748,0.007358246482908726
321,,321,0.9965430498123169,1.0,1.0,0.876953125,0.97509765625,0.9954833984375,1.0,0.007358246482908726,0.000200609109015204,,1.075857835530769e-05,,0.26220089197158813,,0.04868023097515106,,0.009849939495325089,,0.00020647395285777748,,
,0.001,322,,,,,,,,,,,,,,,,,,,,,
322,,322,,,,,,,,,,0.0001991788885788992,,1.0460558769409545e-05,,0.2618281841278076,,0.04765228182077408,,0.009557899087667465,,0.00019239775429014117,0.007240348495543003
322,,322,0.9965888261795044,1.0,1.0,0.876953125,0.9755859375,0.99560546875,1.0,0.007240348495543003,0.0001991788885788992,,1.0460558769409545e-05,,0.2618281841278076,,0.04765228182077408,,0.009557899087667465,,0.00019239775429014117,,
,0.001,323,,,,,,,,,,,,,,,,,,,,,
323,,323,,,,,,,,,,0.00018404220463708043,,9.98372706817463e-06,,0.2622109055519104,,0.04852611944079399,,0.009443658404052258,,0.00018019770504906774,0.007255216129124165
323,,323,0.9964514970779419,1.0,1.0,0.876953125,0.974609375,0.9951171875,1.0,0.007255216129124165,0.00018404220463708043,,9.98372706817463e-06,,0.2622109055519104,,0.04852611944079399,,0.009443658404052258,,0.00018019770504906774,,
,0.001,324,,,,,,,,,,,,,,,,,,,,,
324,,324,,,,,,,,,,0.00017414960893802345,,9.715508895169478e-06,,0.26163122057914734,,0.048110298812389374,,0.009133324958384037,,0.00016710087948013097,0.00716088991612196
324,,324,0.9965430498123169,1.0,1.0,0.876953125,0.97509765625,0.9954833984375,1.0,0.00716088991612196,0.00017414960893802345,,9.715508895169478e-06,,0.26163122057914734,,0.048110298812389374,,0.009133324958384037,,0.00016710087948013097,,
,0.001,325,,,,,,,,,,,,,,,,,,,,,
325,,325,,,,,,,,,,0.000164018536452204,,9.41748839977663e-06,,0.2617761492729187,,0.0493016242980957,,0.008829448372125626,,0.00015069817891344428,0.007149141747504473
325,,325,0.9965659379959106,1.0,1.0,0.876953125,0.9755859375,0.9954833984375,1.0,0.007149141747504473,0.000164018536452204,,9.41748839977663e-06,,0.2617761492729187,,0.0493016242980957,,0.008829448372125626,,0.00015069817891344428,,
,0.001,326,,,,,,,,,,,,,,,,,,,,,
326,,326,,,,,,,,,,0.00016592556494288146,,9.268478606827557e-06,,0.2619771659374237,,0.050781648606061935,,0.008670948445796967,,0.00015240637003444135,0.0071924468502402306
326,,326,0.9965888261795044,1.0,1.0,0.876953125,0.97509765625,0.9957275390625,1.0,0.0071924468502402306,0.00016592556494288146,,9.268478606827557e-06,,0.2619771659374237,,0.050781648606061935,,0.008670948445796967,,0.00015240637003444135,,
,0.001,327,,,,,,,,,,,,,,,,,,,,,
327,,327,,,,,,,,,,0.0001392267586197704,,8.583031558373477e-06,,0.26461631059646606,,0.05121082812547684,,0.008734643459320068,,0.00013889750698581338,0.007245295215398073
327,,327,0.9964057207107544,1.0,1.0,0.873046875,0.97265625,0.99560546875,1.0,0.007245295215398073,0.0001392267586197704,,8.583031558373477e-06,,0.26461631059646606,,0.05121082812547684,,0.008734643459320068,,0.00013889750698581338,,
,0.001,328,,,,,,,,,,,,,,,,,,,,,
328,,328,,,,,,,,,,0.00015877417172305286,,8.791645996097941e-06,,0.26571714878082275,,0.05466442182660103,,0.008700421079993248,,0.00012496000272221863,0.007403266150504351
328,,328,0.9962912201881409,1.0,1.0,0.875,0.9716796875,0.9951171875,1.0,0.007403266150504351,0.00015877417172305286,,8.791645996097941e-06,,0.26571714878082275,,0.05466442182660103,,0.008700421079993248,,0.00012496000272221863,,
,0.001,329,,,,,,,,,,,,,,,,,,,,,
329,,329,,,,,,,,,,0.00012611546844709665,,8.076395715761464e-06,,0.2643452286720276,,0.058965906500816345,,0.009205970913171768,,0.00012371469347272068,0.007682720199227333
329,,329,0.9961309432983398,1.0,1.0,0.873046875,0.96923828125,0.9949951171875,1.0,0.007682720199227333,0.00012611546844709665,,8.076395715761464e-06,,0.2643452286720276,,0.058965906500816345,,0.009205970913171768,,0.00012371469347272068,,
,0.001,330,,,,,,,,,,,,,,,,,,,,,
330,,330,,,,,,,,,,0.00016723664884921163,,8.791645996097941e-06,,0.2644891142845154,,0.062356527894735336,,0.010246137157082558,,0.00014508533058688045,0.008054523728787899
330,,330,0.9961767792701721,1.0,1.0,0.876953125,0.970703125,0.99462890625,1.0,0.008054523728787899,0.00016723664884921163,,8.791645996097941e-06,,0.2644891142845154,,0.062356527894735336,,0.010246137157082558,,0.00014508533058688045,,
,0.001,331,,,,,,,,,,,,,,,,,,,,,
331,,331,,,,,,,,,,0.00013052565918769687,,7.867782187531702e-06,,0.2655734121799469,,0.05537291243672371,,0.009811937808990479,,0.00011198551510460675,0.007633503992110491
331,,331,0.9962912201881409,1.0,1.0,0.87109375,0.9716796875,0.995361328125,1.0,0.007633503992110491,0.00013052565918769687,,7.867782187531702e-06,,0.2655734121799469,,0.05537291243672371,,0.009811937808990479,,0.00011198551510460675,,
,0.001,332,,,,,,,,,,,,,,,,,,,,,
332,,332,,,,,,,,,,0.00013040646445006132,,7.808177542756312e-06,,0.26248717308044434,,0.05511420965194702,,0.009078126400709152,,0.0001250644272658974,0.007457386236637831
332,,332,0.9963369965553284,1.0,1.0,0.87109375,0.97265625,0.995361328125,1.0,0.007457386236637831,0.00013040646445006132,,7.808177542756312e-06,,0.26248717308044434,,0.05511420965194702,,0.009078126400709152,,0.0001250644272658974,,
,0.001,333,,,,,,,,,,,,,,,,,,,,,
333,,333,,,,,,,,,,0.00016926287207752466,,8.583030648878776e-06,,0.2720261216163635,,0.054856568574905396,,0.010575702413916588,,0.00010554034088272601,0.007823366671800613
333,,333,0.9963369965553284,1.0,1.0,0.876953125,0.974609375,0.9945068359375,1.0,0.007823366671800613,0.00016926287207752466,,8.583030648878776e-06,,0.2720261216163635,,0.054856568574905396,,0.010575702413916588,,0.00010554034088272601,,
,0.001,334,,,,,,,,,,,,,,,,,,,,,
334,,334,,,,,,,,,,0.00014375607133843005,,7.92738501331769e-06,,0.2675652801990509,,0.05022132396697998,,0.009147372096776962,,0.00010469609696883708,0.00728521728888154
334,,334,0.9963369965553284,1.0,1.0,0.873046875,0.9736328125,0.9949951171875,1.0,0.00728521728888154,0.00014375607133843005,,7.92738501331769e-06,,0.2675652801990509,,0.05022132396697998,,0.009147372096776962,,0.00010469609696883708,,
,0.001,335,,,,,,,,,,,,,,,,,,,,,
335,,335,,,,,,,,,,0.0001445904199499637,,7.92738501331769e-06,,0.2678765058517456,,0.05180593580007553,,0.009282905608415604,,9.741783287608996e-05,0.007383121643215418
335,,335,0.9962912201881409,1.0,1.0,0.869140625,0.97216796875,0.995361328125,1.0,0.007383121643215418,0.0001445904199499637,,7.92738501331769e-06,,0.2678765058517456,,0.05180593580007553,,0.009282905608415604,,9.741783287608996e-05,,
,0.001,336,,,,,,,,,,,,,,,,,,,,,
336,,336,,,,,,,,,,0.0001842805795604363,,8.55322832649108e-06,,0.27187976241111755,,0.050903476774692535,,0.008808275684714317,,9.373111242894083e-05,0.007295982446521521
336,,336,0.9964057207107544,1.0,1.0,0.875,0.9736328125,0.9952392578125,1.0,0.007295982446521521,0.0001842805795604363,,8.55322832649108e-06,,0.27187976241111755,,0.050903476774692535,,0.008808275684714317,,9.373111242894083e-05,,
,0.001,337,,,,,,,,,,,,,,,,,,,,,
337,,337,,,,,,,,,,0.0001705739414319396,,8.374416211154312e-06,,0.2640308439731598,,0.05101468414068222,,0.008760642260313034,,9.358113311463967e-05,0.00720013864338398
337,,337,0.9964057207107544,1.0,1.0,0.876953125,0.97314453125,0.9952392578125,1.0,0.00720013864338398,0.0001705739414319396,,8.374416211154312e-06,,0.2640308439731598,,0.05101468414068222,,0.008760642260313034,,9.358113311463967e-05,,
,0.001,338,,,,,,,,,,,,,,,,,,,,,
338,,338,,,,,,,,,,0.00015424491721205413,,7.957187335705385e-06,,0.26967087388038635,,0.05087054520845413,,0.008604236878454685,,9.805816080188379e-05,0.007233502343297005
338,,338,0.9964743852615356,1.0,1.0,0.87109375,0.9755859375,0.995361328125,1.0,0.007233502343297005,0.00015424491721205413,,7.957187335705385e-06,,0.26967087388038635,,0.05087054520845413,,0.008604236878454685,,9.805816080188379e-05,,
,0.001,339,,,,,,,,,,,,,,,,,,,,,
339,,339,,,,,,,,,,0.00018535325943958014,,8.285010153485928e-06,,0.2639797329902649,,0.051162149757146835,,0.008471019566059113,,8.245427306974307e-05,0.007143799681216478
339,,339,0.9964972734451294,1.0,1.0,0.875,0.9755859375,0.9952392578125,1.0,0.007143799681216478,0.00018535325943958014,,8.285010153485928e-06,,0.2639797329902649,,0.051162149757146835,,0.008471019566059113,,8.245427306974307e-05,,
,0.001,340,,,,,,,,,,,,,,,,,,,,,
340,,340,,,,,,,,,,0.00019488819816615433,,8.463823178317398e-06,,0.2677688002586365,,0.05029289051890373,,0.008414087817072868,,7.975260086823255e-05,0.007134761195629835
340,,340,0.9964286088943481,1.0,1.0,0.876953125,0.9736328125,0.9952392578125,1.0,0.007134761195629835,0.00019488819816615433,,8.463823178317398e-06,,0.2677688002586365,,0.05029289051890373,,0.008414087817072868,,7.975260086823255e-05,,
,0.001,341,,,,,,,,,,,,,,,,,,,,,
341,,341,,,,,,,,,,0.0001705739414319396,,8.195604095817544e-06,,0.2633788585662842,,0.05083918571472168,,0.008116766810417175,,7.934833411127329e-05,0.007052834145724773
341,,341,0.9964057207107544,1.0,1.0,0.875,0.9736328125,0.9952392578125,1.0,0.007052834145724773,0.0001705739414319396,,8.195604095817544e-06,,0.2633788585662842,,0.05083918571472168,,0.008116766810417175,,7.934833411127329e-05,,
,0.001,342,,,,,,,,,,,,,,,,,,,,,
342,,342,,,,,,,,,,0.00017927470616996288,,8.28501106298063e-06,,0.2659097909927368,,0.050068676471710205,,0.008085283450782299,,8.127347246045247e-05,0.007041919976472855
342,,342,0.9964972734451294,1.0,1.0,0.875,0.9736328125,0.9957275390625,1.0,0.007041919976472855,0.00017927470616996288,,8.28501106298063e-06,,0.2659097909927368,,0.050068676471710205,,0.008085283450782299,,8.127347246045247e-05,,
,0.001,343,,,,,,,,,,,,,,,,,,,,,
343,,343,,,,,,,,,,0.00019131260341964662,,8.463823178317398e-06,,0.2622973918914795,,0.050500571727752686,,0.008000409230589867,,7.396197179332376e-05,0.006998433731496334
343,,343,0.9964514970779419,1.0,1.0,0.873046875,0.97412109375,0.9954833984375,1.0,0.006998433731496334,0.00019131260341964662,,8.463823178317398e-06,,0.2622973918914795,,0.050500571727752686,,0.008000409230589867,,7.396197179332376e-05,,
,0.001,344,,,,,,,,,,,,,,,,,,,,,
344,,344,,,,,,,,,,0.00017998983094003052,,8.255208740592934e-06,,0.26451587677001953,,0.04959467053413391,,0.007980206981301308,,6.89475127728656e-05,0.006974404212087393
344,,344,0.9964972734451294,1.0,1.0,0.873046875,0.9755859375,0.995361328125,1.0,0.006974404212087393,0.00017998983094003052,,8.255208740592934e-06,,0.26451587677001953,,0.04959467053413391,,0.007980206981301308,,6.89475127728656e-05,,
,0.001,345,,,,,,,,,,,,,,,,,,,,,
345,,345,,,,,,,,,,0.00018070495571009815,,8.076395715761464e-06,,0.2621547281742096,,0.04935741424560547,,0.007886906154453754,,6.811058119637892e-05,0.006917477119714022
345,,345,0.9966117143630981,1.0,1.0,0.875,0.97607421875,0.9957275390625,1.0,0.006917477119714022,0.00018070495571009815,,8.076395715761464e-06,,0.2621547281742096,,0.04935741424560547,,0.007886906154453754,,6.811058119637892e-05,,
,0.001,346,,,,,,,,,,,,,,,,,,,,,
346,,346,,,,,,,,,,0.00018821375851985067,,8.106198947643861e-06,,0.26374515891075134,,0.049883414059877396,,0.007962163537740707,,6.453754031099379e-05,0.006972221657633781
346,,346,0.9964972734451294,1.0,1.0,0.875,0.974609375,0.9954833984375,1.0,0.006972221657633781,0.00018821375851985067,,8.106198947643861e-06,,0.26374515891075134,,0.049883414059877396,,0.007962163537740707,,6.453754031099379e-05,,
,0.001,347,,,,,,,,,,,,,,,,,,,,,
347,,347,,,,,,,,,,0.0001740304142003879,,7.808177542756312e-06,,0.2626638412475586,,0.04910361394286156,,0.00793472584336996,,6.275066698435694e-05,0.006916487123817205
347,,347,0.9964743852615356,1.0,1.0,0.87109375,0.97509765625,0.9954833984375,1.0,0.006916487123817205,0.0001740304142003879,,7.808177542756312e-06,,0.2626638412475586,,0.04910361394286156,,0.00793472584336996,,6.275066698435694e-05,,
,0.001,348,,,,,,,,,,,,,,,,,,,,,
348,,348,,,,,,,,,,0.00017617580306250602,,7.808177542756312e-06,,0.2635463774204254,,0.049167126417160034,,0.007847137749195099,,5.9088699345011264e-05,0.006910637021064758
348,,348,0.9965659379959106,1.0,1.0,0.876953125,0.9755859375,0.9954833984375,1.0,0.006910637021064758,0.00017617580306250602,,7.808177542756312e-06,,0.2635463774204254,,0.049167126417160034,,0.007847137749195099,,5.9088699345011264e-05,,
,0.001,349,,,,,,,,,,,,,,,,,,,,,
349,,349,,,,,,,,,,0.00018726025882642716,,7.897583600424696e-06,,0.2634529173374176,,0.04806419461965561,,0.007973764091730118,,5.701378904632293e-05,0.006880028638988733
349,,349,0.9965430498123169,1.0,1.0,0.876953125,0.97509765625,0.9954833984375,1.0,0.006880028638988733,0.00018726025882642716,,7.897583600424696e-06,,0.2634529173374176,,0.04806419461965561,,0.007973764091730118,,5.701378904632293e-05,,
,0.001,350,,,,,,,,,,,,,,,,,,,,,
350,,350,,,,,,,,,,0.000169382052263245,,7.510156592616113e-06,,0.26366573572158813,,0.049109846353530884,,0.00794496200978756,,5.470625910675153e-05,0.006924403831362724
350,,350,0.9964972734451294,1.0,1.0,0.87109375,0.974609375,0.9957275390625,1.0,0.006924403831362724,0.000169382052263245,,7.510156592616113e-06,,0.26366573572158813,,0.049109846353530884,,0.00794496200978756,,5.470625910675153e-05,,
,0.001,351,,,,,,,,,,,,,,,,,,,,,
351,,351,,,,,,,,,,0.00017414960893802345,,7.510156137868762e-06,,0.26316308975219727,,0.04819531366229057,,0.007926748134195805,,5.25441937497817e-05,0.006870598066598177
351,,351,0.9965659379959106,1.0,1.0,0.873046875,0.9755859375,0.9957275390625,1.0,0.006870598066598177,0.00017414960893802345,,7.510156137868762e-06,,0.26316308975219727,,0.04819531366229057,,0.007926748134195805,,5.25441937497817e-05,,
,0.001,352,,,,,,,,,,,,,,,,,,,,,
352,,352,,,,,,,,,,0.0001793938863556832,,7.480354270228418e-06,,0.26306426525115967,,0.048093218356370926,,0.007917448878288269,,4.947720663039945e-05,0.00686061242595315
352,,352,0.9965888261795044,1.0,1.0,0.876953125,0.9755859375,0.99560546875,1.0,0.00686061242595315,0.0001793938863556832,,7.480354270228418e-06,,0.26306426525115967,,0.048093218356370926,,0.007917448878288269,,4.947720663039945e-05,,
,0.001,353,,,,,,,,,,,,,,,,,,,,,
353,,353,,,,,,,,,,0.00016890530241653323,,7.003520295256749e-06,,0.26250383257865906,,0.048270776867866516,,0.007964608259499073,,4.772812098963186e-05,0.006869891192764044
353,,353,0.9965201616287231,1.0,1.0,0.875,0.974609375,0.99560546875,1.0,0.006869891192764044,0.00016890530241653323,,7.003520295256749e-06,,0.26250383257865906,,0.048270776867866516,,0.007964608259499073,,4.772812098963186e-05,,
,0.001,354,,,,,,,,,,,,,,,,,,,,,
354,,354,,,,,,,,,,0.00017081231635529548,,7.003520295256749e-06,,0.26214006543159485,,0.04844839870929718,,0.00785069353878498,,4.6047643991187215e-05,0.006851331330835819
354,,354,0.9965430498123169,1.0,1.0,0.875,0.97509765625,0.99560546875,1.0,0.006851331330835819,0.00017081231635529548,,7.003520295256749e-06,,0.26214006543159485,,0.04844839870929718,,0.00785069353878498,,4.6047643991187215e-05,,
,0.001,355,,,,,,,,,,,,,,,,,,,,,
355,,355,,,,,,,,,,0.00015948931104503572,,6.794905857532285e-06,,0.2631226181983948,,0.048015255481004715,,0.007738274522125721,,4.5288536057341844e-05,0.006820878013968468
355,,355,0.9965201616287231,1.0,1.0,0.87109375,0.97509765625,0.9957275390625,1.0,0.006820878013968468,0.00015948931104503572,,6.794905857532285e-06,,0.2631226181983948,,0.048015255481004715,,0.007738274522125721,,4.5288536057341844e-05,,
,0.001,356,,,,,,,,,,,,,,,,,,,,,
356,,356,,,,,,,,,,0.0001578206429257989,,6.616092832700815e-06,,0.2624099552631378,,0.04773225635290146,,0.007813923060894012,,4.337533755460754e-05,0.006812006235122681
356,,356,0.9966117143630981,1.0,1.0,0.876953125,0.9755859375,0.9957275390625,1.0,0.006812006235122681,0.0001578206429257989,,6.616092832700815e-06,,0.2624099552631378,,0.04773225635290146,,0.007813923060894012,,4.337533755460754e-05,,
,0.001,357,,,,,,,,,,,,,,,,,,,,,
357,,357,,,,,,,,,,0.00016211149340961128,,6.705499799863901e-06,,0.2630248963832855,,0.047597967088222504,,0.007793361321091652,,4.126371641177684e-05,0.006807481870055199
357,,357,0.9965659379959106,1.0,1.0,0.873046875,0.97607421875,0.99560546875,1.0,0.006807481870055199,0.00016211149340961128,,6.705499799863901e-06,,0.2630248963832855,,0.047597967088222504,,0.007793361321091652,,4.126371641177684e-05,,
,0.001,358,,,,,,,,,,,,,,,,,,,,,
358,,358,,,,,,,,,,0.00015054999676067382,,6.347873750200961e-06,,0.26355087757110596,,0.04842570424079895,,0.007908265106379986,,4.0696526411920786e-05,0.006873571313917637
358,,358,0.9964286088943481,1.0,1.0,0.87109375,0.974609375,0.995361328125,1.0,0.006873571313917637,0.00015054999676067382,,6.347873750200961e-06,,0.26355087757110596,,0.04842570424079895,,0.007908265106379986,,4.0696526411920786e-05,,
,0.001,359,,,,,,,,,,,,,,,,,,,,,
359,,359,,,,,,,,,,0.00015686711412854493,,6.467082585004391e-06,,0.26255539059638977,,0.04942166805267334,,0.007810633629560471,,3.863103484036401e-05,0.006888744421303272
359,,359,0.9965888261795044,1.0,1.0,0.876953125,0.9755859375,0.99560546875,1.0,0.006888744421303272,0.00015686711412854493,,6.467082585004391e-06,,0.26255539059638977,,0.04942166805267334,,0.007810633629560471,,3.863103484036401e-05,,
,0.001,360,,,,,,,,,,,,,,,,,,,,,
360,,360,,,,,,,,,,0.00013886917440686375,,6.0796546677011065e-06,,0.2619088292121887,,0.049856387078762054,,0.007815555669367313,,3.750487667275593e-05,0.006901612505316734
360,,360,0.9964972734451294,1.0,1.0,0.876953125,0.97412109375,0.9954833984375,1.0,0.006901612505316734,0.00013886917440686375,,6.0796546677011065e-06,,0.2619088292121887,,0.049856387078762054,,0.007815555669367313,,3.750487667275593e-05,,
,0.001,361,,,,,,,,,,,,,,,,,,,,,
361,,361,,,,,,,,,,0.0001656871900195256,,6.526686775032431e-06,,0.26384446024894714,,0.04981354624032974,,0.008196773938834667,,3.729134186869487e-05,0.00699364859610796
361,,361,0.9965430498123169,1.0,1.0,0.876953125,0.9755859375,0.995361328125,1.0,0.00699364859610796,0.0001656871900195256,,6.526686775032431e-06,,0.26384446024894714,,0.04981354624032974,,0.008196773938834667,,3.729134186869487e-05,,
,0.001,362,,,,,,,,,,,,,,,,,,,,,
362,,362,,,,,,,,,,0.0001308832288486883,,6.049852800060762e-06,,0.2671065330505371,,0.050277624279260635,,0.008194169960916042,,3.558983371476643e-05,0.007051852997392416
362,,362,0.9963828325271606,1.0,1.0,0.873046875,0.97216796875,0.99560546875,1.0,0.007051852997392416,0.0001308832288486883,,6.049852800060762e-06,,0.2671065330505371,,0.050277624279260635,,0.008194169960916042,,3.558983371476643e-05,,
,0.001,363,,,,,,,,,,,,,,,,,,,,,
363,,363,,,,,,,,,,0.00015889335190877318,,6.526686775032431e-06,,0.2650546431541443,,0.05089223384857178,,0.008066737093031406,,3.605102392612025e-05,0.007033086381852627
363,,363,0.9965201616287231,1.0,1.0,0.876953125,0.97412109375,0.99560546875,1.0,0.007033086381852627,0.00015889335190877318,,6.526686775032431e-06,,0.2650546431541443,,0.05089223384857178,,0.008066737093031406,,3.605102392612025e-05,,
,0.001,364,,,,,,,,,,,,,,,,,,,,,
364,,364,,,,,,,,,,0.0001501924270996824,,6.526686775032431e-06,,0.2619525194168091,,0.05047871172428131,,0.007995227351784706,,3.527519584167749e-05,0.006963335908949375
364,,364,0.9965659379959106,1.0,1.0,0.876953125,0.9755859375,0.9954833984375,1.0,0.006963335908949375,0.0001501924270996824,,6.526686775032431e-06,,0.2619525194168091,,0.05047871172428131,,0.007995227351784706,,3.527519584167749e-05,,
,0.001,365,,,,,,,,,,,,,,,,,,,,,
365,,365,,,,,,,,,,0.0001515035255579278,,6.556488642672775e-06,,0.26236364245414734,,0.04837622120976448,,0.007876064628362656,,3.356720844749361e-05,0.006845948752015829
365,,365,0.9964743852615356,1.0,1.0,0.873046875,0.97412109375,0.99560546875,1.0,0.006845948752015829,0.0001515035255579278,,6.556488642672775e-06,,0.26236364245414734,,0.04837622120976448,,0.007876064628362656,,3.356720844749361e-05,,
,0.001,366,,,,,,,,,,,,,,,,,,,,,
366,,366,,,,,,,,,,0.0001787979417713359,,7.092926352925133e-06,,0.2637138068675995,,0.05113114044070244,,0.007952840067446232,,3.3588934456929564e-05,0.007005379535257816
366,,366,0.9965201616287231,1.0,1.0,0.875,0.97509765625,0.9954833984375,1.0,0.007005379535257816,0.0001787979417713359,,7.092926352925133e-06,,0.2637138068675995,,0.05113114044070244,,0.007952840067446232,,3.3588934456929564e-05,,
,0.001,367,,,,,,,,,,,,,,,,,,,,,
367,,367,,,,,,,,,,0.00015233787416946143,,6.82470772517263e-06,,0.26678282022476196,,0.05074741318821907,,0.008031187579035759,,3.41520608344581e-05,0.007038457319140434
367,,367,0.9964286088943481,1.0,1.0,0.873046875,0.974609375,0.9952392578125,1.0,0.007038457319140434,0.00015233787416946143,,6.82470772517263e-06,,0.26678282022476196,,0.05074741318821907,,0.008031187579035759,,3.41520608344581e-05,,
,0.001,368,,,,,,,,,,,,,,,,,,,,,
368,,368,,,,,,,,,,0.0001802282058633864,,7.152530088205822e-06,,0.26392555236816406,,0.049003906548023224,,0.008142365142703056,,3.3302025258308277e-05,0.006943454034626484
368,,368,0.9964972734451294,1.0,1.0,0.875,0.97412109375,0.99560546875,1.0,0.006943454034626484,0.0001802282058633864,,7.152530088205822e-06,,0.26392555236816406,,0.049003906548023224,,0.008142365142703056,,3.3302025258308277e-05,,
,0.001,369,,,,,,,,,,,,,,,,,,,,,
369,,369,,,,,,,,,,0.00018606838420964777,,7.390947303065332e-06,,0.26477259397506714,,0.04906485602259636,,0.008061278611421585,,3.262952668592334e-05,0.006940533872693777
369,,369,0.9964514970779419,1.0,1.0,0.875,0.97412109375,0.995361328125,1.0,0.006940533872693777,0.00018606838420964777,,7.390947303065332e-06,,0.26477259397506714,,0.04906485602259636,,0.008061278611421585,,3.262952668592334e-05,,
,0.001,370,,,,,,,,,,,,,,,,,,,,,
370,,370,,,,,,,,,,0.000161038784426637,,7.092926352925133e-06,,0.2691496014595032,,0.05015718936920166,,0.008062903769314289,,3.2975243811961263e-05,0.007043599616736174
370,,370,0.9963828325271606,1.0,1.0,0.873046875,0.97314453125,0.995361328125,1.0,0.007043599616736174,0.000161038784426637,,7.092926352925133e-06,,0.2691496014595032,,0.05015718936920166,,0.008062903769314289,,3.2975243811961263e-05,,
,0.001,371,,,,,,,,,,,,,,,,,,,,,
371,,371,,,,,,,,,,0.0001931004080688581,,7.5399575507617556e-06,,0.26310092210769653,,0.04842684045433998,,0.008155987598001957,,3.246424603275955e-05,0.006908667739480734
371,,371,0.9965888261795044,1.0,1.0,0.875,0.97607421875,0.99560546875,1.0,0.006908667739480734,0.0001931004080688581,,7.5399575507617556e-06,,0.26310092210769653,,0.04842684045433998,,0.008155987598001957,,3.246424603275955e-05,,
,0.001,372,,,,,,,,,,,,,,,,,,,,,
372,,372,,,,,,,,,,0.00020168177434243262,,7.718770575593226e-06,,0.2656155228614807,,0.04957103729248047,,0.008123442530632019,,3.1965188100002706e-05,0.006985319312661886
372,,372,0.9964743852615356,1.0,1.0,0.875,0.97412109375,0.9954833984375,1.0,0.006985319312661886,0.00020168177434243262,,7.718770575593226e-06,,0.2656155228614807,,0.04957103729248047,,0.008123442530632019,,3.1965188100002706e-05,,
,0.001,373,,,,,,,,,,,,,,,,,,,,,
373,,373,,,,,,,,,,0.0001817776501411572,,7.420749170705676e-06,,0.2636367678642273,,0.04858407378196716,,0.007999647408723831,,3.198844933649525e-05,0.006892635021358728
373,,373,0.9965201616287231,1.0,1.0,0.873046875,0.97607421875,0.995361328125,1.0,0.006892635021358728,0.0001817776501411572,,7.420749170705676e-06,,0.2636367678642273,,0.04858407378196716,,0.007999647408723831,,3.198844933649525e-05,,
,0.001,374,,,,,,,,,,,,,,,,,,,,,
374,,374,,,,,,,,,,0.0002060916303889826,,7.897582690929994e-06,,0.2628796100616455,,0.04826648533344269,,0.008389346301555634,,3.153722354909405e-05,0.0069416360929608345
374,,374,0.9964743852615356,1.0,1.0,0.876953125,0.97509765625,0.9951171875,1.0,0.0069416360929608345,0.0002060916303889826,,7.897582690929994e-06,,0.2628796100616455,,0.04826648533344269,,0.008389346301555634,,3.153722354909405e-05,,
,0.001,375,,,,,,,,,,,,,,,,,,,,,
375,,375,,,,,,,,,,0.0002029928145930171,,7.80817663326161e-06,,0.2632363438606262,,0.04876872897148132,,0.008369643241167068,,3.130540790152736e-05,0.006965494714677334
375,,375,0.9965430498123169,1.0,1.0,0.875,0.974609375,0.9957275390625,1.0,0.006965494714677334,0.0002029928145930171,,7.80817663326161e-06,,0.2632363438606262,,0.04876872897148132,,0.008369643241167068,,3.130540790152736e-05,,
,0.001,376,,,,,,,,,,,,,,,,,,,,,
376,,376,,,,,,,,,,0.00018594920402392745,,7.480353360733716e-06,,0.26213008165359497,,0.04786377772688866,,0.008228160440921783,,3.049263614229858e-05,0.006882939487695694
376,,376,0.9965888261795044,1.0,1.0,0.875,0.97607421875,0.99560546875,1.0,0.006882939487695694,0.00018594920402392745,,7.480353360733716e-06,,0.26213008165359497,,0.04786377772688866,,0.008228160440921783,,3.049263614229858e-05,,
,0.001,377,,,,,,,,,,,,,,,,,,,,,
377,,377,,,,,,,,,,0.00020692592079285532,,7.837978046154603e-06,,0.2633957862854004,,0.04862234741449356,,0.008641470223665237,,3.068771184189245e-05,0.007011020556092262
377,,377,0.9964972734451294,1.0,1.0,0.876953125,0.97607421875,0.9949951171875,1.0,0.007011020556092262,0.00020692592079285532,,7.837978046154603e-06,,0.2633957862854004,,0.04862234741449356,,0.008641470223665237,,3.068771184189245e-05,,
,0.001,378,,,,,,,,,,,,,,,,,,,,,
378,,378,,,,,,,,,,0.00017987063620239496,,7.241937055368908e-06,,0.2631027102470398,,0.048126135021448135,,0.007775162346661091,,2.9609896955662407e-05,0.0068210153840482235
378,,378,0.9965888261795044,1.0,1.0,0.873046875,0.97607421875,0.9957275390625,1.0,0.0068210153840482235,0.00017987063620239496,,7.241937055368908e-06,,0.2631027102470398,,0.048126135021448135,,0.007775162346661091,,2.9609896955662407e-05,,
,0.001,379,,,,,,,,,,,,,,,,,,,,,
379,,379,,,,,,,,,,0.00018463814922142774,,7.480353360733716e-06,,0.26199889183044434,,0.04844529181718826,,0.008178661577403545,,2.9937702493043616e-05,0.006898966152220964
379,,379,0.9964743852615356,1.0,1.0,0.875,0.9736328125,0.99560546875,1.0,0.006898966152220964,0.00018463814922142774,,7.480353360733716e-06,,0.26199889183044434,,0.04844529181718826,,0.008178661577403545,,2.9937702493043616e-05,,
,0.001,380,,,,,,,,,,,,,,,,,,,,,
380,,380,,,,,,,,,,0.00018761781393550336,,7.51015522837406e-06,,0.26327744126319885,,0.04847433790564537,,0.0077482471242547035,,2.941339698736556e-05,0.006834200583398342
380,,380,0.9966117143630981,1.0,1.0,0.876953125,0.9755859375,0.9957275390625,1.0,0.006834200583398342,0.00018761781393550336,,7.51015522837406e-06,,0.26327744126319885,,0.04847433790564537,,0.0077482471242547035,,2.941339698736556e-05,,
,0.001,381,,,,,,,,,,,,,,,,,,,,,
381,,381,,,,,,,,,,0.00017236177518498152,,7.092926352925133e-06,,0.262661874294281,,0.048561569303274155,,0.008031152188777924,,3.0241402782849036e-05,0.006884742062538862
381,,381,0.9964514970779419,1.0,1.0,0.873046875,0.9755859375,0.9951171875,1.0,0.006884742062538862,0.00017236177518498152,,7.092926352925133e-06,,0.262661874294281,,0.048561569303274155,,0.008031152188777924,,3.0241402782849036e-05,,
,0.001,382,,,,,,,,,,,,,,,,,,,,,
382,,382,,,,,,,,,,0.00018571082910057157,,7.182332410593517e-06,,0.26292675733566284,,0.049268633127212524,,0.007680180482566357,,2.8939457479282282e-05,0.006854209583252668
382,,382,0.9965201616287231,1.0,1.0,0.873046875,0.974609375,0.9957275390625,1.0,0.006854209583252668,0.00018571082910057157,,7.182332410593517e-06,,0.26292675733566284,,0.049268633127212524,,0.007680180482566357,,2.8939457479282282e-05,,
,0.001,383,,,,,,,,,,,,,,,,,,,,,
383,,383,,,,,,,,,,0.0001711698860162869,,6.943915650481358e-06,,0.2622932195663452,,0.04815194755792618,,0.007862896658480167,,2.8401085728546605e-05,0.006828277371823788
383,,383,0.9965888261795044,1.0,1.0,0.876953125,0.97509765625,0.9957275390625,1.0,0.006828277371823788,0.0001711698860162869,,6.943915650481358e-06,,0.2622932195663452,,0.04815194755792618,,0.007862896658480167,,2.8401085728546605e-05,,
,0.001,384,,,,,,,,,,,,,,,,,,,,,
384,,384,,,,,,,,,,0.00018189683032687753,,7.092925898177782e-06,,0.26251691579818726,,0.04809708148241043,,0.00790164340287447,,2.8185455448692665e-05,0.00683544110506773
384,,384,0.9964972734451294,1.0,1.0,0.876953125,0.97412109375,0.9954833984375,1.0,0.00683544110506773,0.00018189683032687753,,7.092925898177782e-06,,0.26251691579818726,,0.04809708148241043,,0.00790164340287447,,2.8185455448692665e-05,,
,0.001,385,,,,,,,,,,,,,,,,,,,,,
385,,385,,,,,,,,,,0.00016592556494288146,,6.467082585004391e-06,,0.26279452443122864,,0.047807689756155014,,0.008114266209304333,,2.8171847588964738e-05,0.0068649789318442345
385,,385,0.9964514970779419,1.0,1.0,0.87109375,0.9755859375,0.9952392578125,1.0,0.0068649789318442345,0.00016592556494288146,,6.467082585004391e-06,,0.26279452443122864,,0.047807689756155014,,0.008114266209304333,,2.8171847588964738e-05,,
,0.001,386,,,,,,,,,,,,,,,,,,,,,
386,,386,,,,,,,,,,0.00018416139937471598,,6.914113782841014e-06,,0.2624638080596924,,0.04825849086046219,,0.008126760832965374,,2.8205766284372658e-05,0.006884622387588024
386,,386,0.9965430498123169,1.0,1.0,0.876953125,0.97509765625,0.9954833984375,1.0,0.006884622387588024,0.00018416139937471598,,6.914113782841014e-06,,0.2624638080596924,,0.04825849086046219,,0.008126760832965374,,2.8205766284372658e-05,,
,0.001,387,,,,,,,,,,,,,,,,,,,,,
387,,387,,,,,,,,,,0.0001463782973587513,,6.198863047757186e-06,,0.26324647665023804,,0.05073309317231178,,0.00819251500070095,,2.717753523029387e-05,0.007021353114396334
387,,387,0.9963369965553284,1.0,1.0,0.875,0.9716796875,0.995361328125,1.0,0.007021353114396334,0.0001463782973587513,,6.198863047757186e-06,,0.26324647665023804,,0.05073309317231178,,0.00819251500070095,,2.717753523029387e-05,,
,0.001,388,,,,,,,,,,,,,,,,,,,,,
388,,388,,,,,,,,,,0.0002033503697020933,,7.51015522837406e-06,,0.26474934816360474,,0.05615437403321266,,0.008149365894496441,,2.8284397558309138e-05,0.007285937201231718
388,,388,0.9962912201881409,1.0,1.0,0.876953125,0.9697265625,0.9954833984375,1.0,0.007285937201231718,0.0002033503697020933,,7.51015522837406e-06,,0.26474934816360474,,0.05615437403321266,,0.008149365894496441,,2.8284397558309138e-05,,
,0.001,389,,,,,,,,,,,,,,,,,,,,,
389,,389,,,,,,,,,,0.0001618731184862554,,6.347873750200961e-06,,0.268256276845932,,0.05247850343585014,,0.010877983644604683,,3.236617340007797e-05,0.007669465150684118
389,,389,0.9962225556373596,1.0,1.0,0.87109375,0.97314453125,0.99462890625,1.0,0.007669465150684118,0.0001618731184862554,,6.347873750200961e-06,,0.268256276845932,,0.05247850343585014,,0.010877983644604683,,3.236617340007797e-05,,
,0.001,390,,,,,,,,,,,,,,,,,,,,,
390,,390,,,,,,,,,,0.00016723664884921163,,7.867779459047597e-06,,0.26422661542892456,,0.05284048989415169,,0.02974366396665573,,0.0006008923519402742,0.011603889055550098
390,,390,0.995100736618042,1.0,1.0,0.873046875,0.97119140625,0.9896240234375,0.999847412109375,0.011603889055550098,0.00016723664884921163,,7.867779459047597e-06,,0.26422661542892456,,0.05284048989415169,,0.02974366396665573,,0.0006008923519402742,,
,0.001,391,,,,,,,,,,,,,,,,,,,,,
391,,391,,,,,,,,,,0.0008891443139873445,,1.5735478882561438e-05,,0.2863650321960449,,0.06469638645648956,,0.3984145522117615,,0.08908221870660782,0.14793969690799713
391,,391,0.973649263381958,1.0,1.0,0.875,0.9736328125,0.934326171875,0.984893798828125,0.14793969690799713,0.0008891443139873445,,1.5735478882561438e-05,,0.2863650321960449,,0.06469638645648956,,0.3984145522117615,,0.08908221870660782,,
,0.001,392,,,,,,,,,,,,,,,,,,,,,
392,,392,,,,,,,,,,0.0006812873762100935,,1.3798369764117524e-05,,0.28127825260162354,,0.06920070946216583,,0.1037190780043602,,0.35150396823883057,0.2896865904331207
392,,392,0.9498397707939148,1.0,1.0,0.875,0.96728515625,0.9749755859375,0.943389892578125,0.2896865904331207,0.0006812873762100935,,1.3798369764117524e-05,,0.28127825260162354,,0.06920070946216583,,0.1037190780043602,,0.35150396823883057,,
,0.001,393,,,,,,,,,,,,,,,,,,,,,
393,,393,,,,,,,,,,0.0014423454413190484,,5.6830347602954134e-05,,0.2725478410720825,,0.06123078987002373,,0.15127328038215637,,0.08208514004945755,0.09601637721061707
393,,393,0.975847065448761,1.0,1.0,0.875,0.970703125,0.9669189453125,0.9798583984375,0.09601637721061707,0.0014423454413190484,,5.6830347602954134e-05,,0.2725478410720825,,0.06123078987002373,,0.15127328038215637,,0.08208514004945755,,
,0.001,394,,,,,,,,,,,,,,,,,,,,,
394,,394,,,,,,,,,,0.0024221388157457113,,8.689807873452082e-05,,0.2827465832233429,,0.07161645591259003,,0.07699333131313324,,0.20104233920574188,0.17193247377872467
394,,394,0.958859920501709,1.0,1.0,0.875,0.97021484375,0.97705078125,0.9547119140625,0.17193247377872467,0.0024221388157457113,,8.689807873452082e-05,,0.2827465832233429,,0.07161645591259003,,0.07699333131313324,,0.20104233920574188,,
,0.001,395,,,,,,,,,,,,,,,,,,,,,
395,,395,,,,,,,,,,0.002749593462795019,,9.706031414680183e-05,,0.2867799997329712,,0.08187869936227798,,0.08899661153554916,,0.1800210028886795,0.15894249081611633
395,,395,0.9608516693115234,1.0,1.0,0.875,0.96630859375,0.973876953125,0.958404541015625,0.15894249081611633,0.002749593462795019,,9.706031414680183e-05,,0.2867799997329712,,0.08187869936227798,,0.08899661153554916,,0.1800210028886795,,
,0.001,396,,,,,,,,,,,,,,,,,,,,,
396,,396,,,,,,,,,,0.002781096613034606,,0.00015447937767021358,,0.26889848709106445,,0.07047335058450699,,0.06032859534025192,,0.06999409198760986,0.07028142362833023
396,,396,0.9774496555328369,1.0,1.0,0.87109375,0.97216796875,0.9788818359375,0.978973388671875,0.07028142362833023,0.002781096613034606,,0.00015447937767021358,,0.26889848709106445,,0.07047335058450699,,0.06032859534025192,,0.06999409198760986,,
,0.001,397,,,,,,,,,,,,,,,,,,,,,
397,,397,,,,,,,,,,0.0027363973204046488,,0.00019115698523819447,,0.27575498819351196,,0.07602410763502121,,0.051697831600904465,,0.0676298514008522,0.06722984462976456
397,,397,0.9784111976623535,1.0,1.0,0.869140625,0.970703125,0.9815673828125,0.979705810546875,0.06722984462976456,0.0027363973204046488,,0.00019115698523819447,,0.27575498819351196,,0.07602410763502121,,0.051697831600904465,,0.0676298514008522,,
,0.001,398,,,,,,,,,,,,,,,,,,,,,
398,,398,,,,,,,,,,0.003374835941940546,,0.00032553676282987,,0.2779642641544342,,0.07832042872905731,,0.051275186240673065,,0.05320035666227341,0.05646023526787758
398,,398,0.980563223361969,1.0,1.0,0.873046875,0.966796875,0.9814453125,0.9827880859375,0.05646023526787758,0.003374835941940546,,0.00032553676282987,,0.2779642641544342,,0.07832042872905731,,0.051275186240673065,,0.05320035666227341,,
,0.001,399,,,,,,,,,,,,,,,,,,,,,
399,,399,,,,,,,,,,0.0037731186021119356,,0.00046999743790365756,,0.2753522992134094,,0.07050980627536774,,0.042567770928144455,,0.04118886962532997,0.045420270413160324
399,,399,0.983608067035675,1.0,1.0,0.873046875,0.9677734375,0.9844970703125,0.98602294921875,0.045420270413160324,0.0037731186021119356,,0.00046999743790365756,,0.2753522992134094,,0.07050980627536774,,0.042567770928144455,,0.04118886962532997,,
