epoch,lr-AdamW,step,train/acc,train/acc_s0_1,train/acc_s1_2,train/acc_s2_4,train/acc_s3_8,train/acc_s4_16,train/acc_s5_32,train/loss_epoch,train/loss_s0_1_epoch,train/loss_s0_1_step,train/loss_s1_2_epoch,train/loss_s1_2_step,train/loss_s2_4_epoch,train/loss_s2_4_step,train/loss_s3_8_epoch,train/loss_s3_8_step,train/loss_s4_16_epoch,train/loss_s4_16_step,train/loss_s5_32_epoch,train/loss_s5_32_step,train/loss_step
,0.001,0,,,,,,,,,,,,,,,,,,,,,
0,,0,,,,,,,,,,2.604278802871704,,2.41410493850708,,2.9205331802368164,,3.605184555053711,,3.219754695892334,,3.1725289821624756,3.1960792541503906
0,,0,0.014171245507895947,0.0,0.25,0.005859375,0.00439453125,0.01220703125,0.014495849609375,3.1960792541503906,2.604278802871704,,2.41410493850708,,2.9205331802368164,,3.605184555053711,,3.219754695892334,,3.1725289821624756,,
,0.001,1,,,,,,,,,,,,,,,,,,,,,
1,,1,,,,,,,,,,0.9803122282028198,,0.22160501778125763,,0.8445293307304382,,1.0963399410247803,,1.2395575046539307,,1.4751191139221191,1.4017536640167236
1,,1,0.7578755021095276,1.0,1.0,0.87109375,0.80908203125,0.7755126953125,0.747314453125,1.4017536640167236,0.9803122282028198,,0.22160501778125763,,0.8445293307304382,,1.0963399410247803,,1.2395575046539307,,1.4751191139221191,,
,0.001,2,,,,,,,,,,,,,,,,,,,,,
2,,2,,,,,,,,,,1.3370177745819092,,0.7992937564849854,,1.1645410060882568,,1.3562091588974,,1.4089922904968262,,1.3907420635223389,1.3881217241287231
2,,2,0.749748170375824,1.0,1.0,0.87109375,0.7314453125,0.7515869140625,0.747314453125,1.3881217241287231,1.3370177745819092,,0.7992937564849854,,1.1645410060882568,,1.3562091588974,,1.4089922904968262,,1.3907420635223389,,
,0.001,3,,,,,,,,,,,,,,,,,,,,,
3,,3,,,,,,,,,,0.4100382328033447,,0.3026024103164673,,0.6901624202728271,,0.9173165559768677,,1.0290501117706299,,1.1672635078430176,1.1209421157836914
3,,3,0.7578755021095276,1.0,1.0,0.87109375,0.80908203125,0.7755126953125,0.747314453125,1.1209421157836914,0.4100382328033447,,0.3026024103164673,,0.6901624202728271,,0.9173165559768677,,1.0290501117706299,,1.1672635078430176,,
,0.001,4,,,,,,,,,,,,,,,,,,,,,
4,,4,,,,,,,,,,0.16129976511001587,,0.14026419818401337,,0.6270841360092163,,0.9225218296051025,,1.0611121654510498,,1.1939244270324707,1.145802617073059
4,,4,0.7578755021095276,1.0,1.0,0.87109375,0.80908203125,0.7755126953125,0.747314453125,1.145802617073059,0.16129976511001587,,0.14026419818401337,,0.6270841360092163,,0.9225218296051025,,1.0611121654510498,,1.1939244270324707,,
,0.001,5,,,,,,,,,,,,,,,,,,,,,
5,,5,,,,,,,,,,0.19354717433452606,,0.184663325548172,,0.622050940990448,,0.8974965810775757,,1.0326194763183594,,1.1717338562011719,1.122733235359192
5,,5,0.7578755021095276,1.0,1.0,0.87109375,0.80908203125,0.7755126953125,0.747314453125,1.122733235359192,0.19354717433452606,,0.184663325548172,,0.622050940990448,,0.8974965810775757,,1.0326194763183594,,1.1717338562011719,,
,0.001,6,,,,,,,,,,,,,,,,,,,,,
6,,6,,,,,,,,,,0.3446091115474701,,0.34857413172721863,,0.6777147054672241,,0.9035303592681885,,1.0155200958251953,,1.169048547744751,1.1190382242202759
6,,6,0.7578755021095276,1.0,1.0,0.87109375,0.80908203125,0.7755126953125,0.747314453125,1.1190382242202759,0.3446091115474701,,0.34857413172721863,,0.6777147054672241,,0.9035303592681885,,1.0155200958251953,,1.169048547744751,,
,0.001,7,,,,,,,,,,,,,,,,,,,,,
7,,7,,,,,,,,,,0.35182833671569824,,0.3688323199748993,,0.690437912940979,,0.9096879959106445,,1.0172972679138184,,1.1656421422958374,1.1173186302185059
7,,7,0.7578755021095276,1.0,1.0,0.87109375,0.80908203125,0.7755126953125,0.747314453125,1.1173186302185059,0.35182833671569824,,0.3688323199748993,,0.690437912940979,,0.9096879959106445,,1.0172972679138184,,1.1656421422958374,,
,0.001,8,,,,,,,,,,,,,,,,,,,,,
8,,8,,,,,,,,,,0.2655948996543884,,0.28041329979896545,,0.6518255472183228,,0.8884357213973999,,1.0047245025634766,,1.1491012573242188,1.1007806062698364
8,,8,0.7578755021095276,1.0,1.0,0.87109375,0.80908203125,0.7755126953125,0.747314453125,1.1007806062698364,0.2655948996543884,,0.28041329979896545,,0.6518255472183228,,0.8884357213973999,,1.0047245025634766,,1.1491012573242188,,
,0.001,9,,,,,,,,,,,,,,,,,,,,,
9,,9,,,,,,,,,,0.196806401014328,,0.20674313604831696,,0.6283953189849854,,0.8836562633514404,,1.0091032981872559,,1.1538023948669434,1.1043635606765747
9,,9,0.7578755021095276,1.0,1.0,0.87109375,0.80908203125,0.7755126953125,0.747314453125,1.1043635606765747,0.196806401014328,,0.20674313604831696,,0.6283953189849854,,0.8836562633514404,,1.0091032981872559,,1.1538023948669434,,
,0.001,10,,,,,,,,,,,,,,,,,,,,,
10,,10,,,,,,,,,,0.1948544830083847,,0.20374494791030884,,0.6298165321350098,,0.8845611214637756,,1.0104752779006958,,1.1558045148849487,1.106171727180481
10,,10,0.7578755021095276,1.0,1.0,0.87109375,0.80908203125,0.7755126953125,0.747314453125,1.106171727180481,0.1948544830083847,,0.20374494791030884,,0.6298165321350098,,0.8845611214637756,,1.0104752779006958,,1.1558045148849487,,
,0.001,11,,,,,,,,,,,,,,,,,,,,,
11,,11,,,,,,,,,,0.2370404750108719,,0.24721339344978333,,0.6428773999214172,,0.882926881313324,,1.0022181272506714,,1.148884892463684,1.0996668338775635
11,,11,0.7578755021095276,1.0,1.0,0.87109375,0.80908203125,0.7755126953125,0.747314453125,1.0996668338775635,0.2370404750108719,,0.24721339344978333,,0.6428773999214172,,0.882926881313324,,1.0022181272506714,,1.148884892463684,,
,0.001,12,,,,,,,,,,,,,,,,,,,,,
12,,12,,,,,,,,,,0.2897978127002716,,0.3017270267009735,,0.6624910831451416,,0.8869887590408325,,0.9992838501930237,,1.1471381187438965,1.0984249114990234
12,,12,0.7578755021095276,1.0,1.0,0.87109375,0.80908203125,0.7755126953125,0.747314453125,1.0984249114990234,0.2897978127002716,,0.3017270267009735,,0.6624910831451416,,0.8869887590408325,,0.9992838501930237,,1.1471381187438965,,
,0.001,13,,,,,,,,,,,,,,,,,,,,,
13,,13,,,,,,,,,,0.30470773577690125,,0.31685900688171387,,0.667643666267395,,0.8877609968185425,,0.9988542795181274,,1.1457836627960205,1.097480058670044
13,,13,0.7578755021095276,1.0,1.0,0.87109375,0.80908203125,0.7755126953125,0.747314453125,1.097480058670044,0.30470773577690125,,0.31685900688171387,,0.667643666267395,,0.8877609968185425,,0.9988542795181274,,1.1457836627960205,,
,0.001,14,,,,,,,,,,,,,,,,,,,,,
14,,14,,,,,,,,,,0.27196159958839417,,0.2823027968406677,,0.6516616344451904,,0.8803111910820007,,0.9951409101486206,,1.1414780616760254,1.092891812324524
14,,14,0.7578755021095276,1.0,1.0,0.87109375,0.80908203125,0.7755126953125,0.747314453125,1.092891812324524,0.27196159958839417,,0.2823027968406677,,0.6516616344451904,,0.8803111910820007,,0.9951409101486206,,1.1414780616760254,,
,0.001,15,,,,,,,,,,,,,,,,,,,,,
15,,15,,,,,,,,,,0.22897018492221832,,0.23700644075870514,,0.6334226131439209,,0.8752191066741943,,0.9947420358657837,,1.1425327062606812,1.0929913520812988
15,,15,0.7578755021095276,1.0,1.0,0.87109375,0.80908203125,0.7755126953125,0.747314453125,1.0929913520812988,0.22897018492221832,,0.23700644075870514,,0.6334226131439209,,0.8752191066741943,,0.9947420358657837,,1.1425327062606812,,
,0.001,16,,,,,,,,,,,,,,,,,,,,,
16,,16,,,,,,,,,,0.20700284838676453,,0.21369031071662903,,0.6237932443618774,,0.8739042282104492,,0.9961119890213013,,1.1454603672027588,1.0951857566833496
16,,16,0.7578755021095276,1.0,1.0,0.87109375,0.80908203125,0.7755126953125,0.747314453125,1.0951857566833496,0.20700284838676453,,0.21369031071662903,,0.6237932443618774,,0.8739042282104492,,0.9961119890213013,,1.1454603672027588,,
,0.001,17,,,,,,,,,,,,,,,,,,,,,
17,,17,,,,,,,,,,0.2130241096019745,,0.21951274573802948,,0.6213683485984802,,0.8710883855819702,,0.9929779767990112,,1.1427373886108398,1.0924161672592163
17,,17,0.7578755021095276,1.0,1.0,0.87109375,0.80908203125,0.7755126953125,0.747314453125,1.0924161672592163,0.2130241096019745,,0.21951274573802948,,0.6213683485984802,,0.8710883855819702,,0.9929779767990112,,1.1427373886108398,,
,0.001,18,,,,,,,,,,,,,,,,,,,,,
18,,18,,,,,,,,,,0.23941855132579803,,0.24664707481861115,,0.6244810819625854,,0.8680797815322876,,0.9877505898475647,,1.1383355855941772,1.0881279706954956
18,,18,0.7578755021095276,1.0,1.0,0.87109375,0.80908203125,0.7755126953125,0.747314453125,1.0881279706954956,0.23941855132579803,,0.24664707481861115,,0.6244810819625854,,0.8680797815322876,,0.9877505898475647,,1.1383355855941772,,
,0.001,19,,,,,,,,,,,,,,,,,,,,,
19,,19,,,,,,,,,,0.2652561068534851,,0.2734772562980652,,0.6277355551719666,,0.866362452507019,,0.9839720726013184,,1.137861967086792,1.0871191024780273
19,,19,0.7578755021095276,1.0,1.0,0.87109375,0.80908203125,0.7755126953125,0.747314453125,1.0871191024780273,0.2652561068534851,,0.2734772562980652,,0.6277355551719666,,0.866362452507019,,0.9839720726013184,,1.137861967086792,,
,0.001,20,,,,,,,,,,,,,,,,,,,,,
20,,20,,,,,,,,,,0.2632596492767334,,0.27157139778137207,,0.6204013824462891,,0.860824465751648,,0.9780622720718384,,1.1364494562149048,1.0845985412597656
20,,20,0.7578755021095276,1.0,1.0,0.87109375,0.80908203125,0.7755126953125,0.747314453125,1.0845985412597656,0.2632596492767334,,0.27157139778137207,,0.6204013824462891,,0.860824465751648,,0.9780622720718384,,1.1364494562149048,,
,0.001,21,,,,,,,,,,,,,,,,,,,,,
21,,21,,,,,,,,,,0.23437705636024475,,0.2416992038488388,,0.6045752167701721,,0.8524155616760254,,0.9704516530036926,,1.1325877904891968,1.0795857906341553
21,,21,0.7578755021095276,1.0,1.0,0.87109375,0.80908203125,0.7755126953125,0.747314453125,1.0795857906341553,0.23437705636024475,,0.2416992038488388,,0.6045752167701721,,0.8524155616760254,,0.9704516530036926,,1.1325877904891968,,
,0.001,22,,,,,,,,,,,,,,,,,,,,,
22,,22,,,,,,,,,,0.20482347905635834,,0.21075549721717834,,0.5906477570533752,,0.8460868000984192,,0.9632376432418823,,1.131059169769287,1.076513648033142
22,,22,0.7578755021095276,1.0,1.0,0.87109375,0.80908203125,0.7755126953125,0.747314453125,1.076513648033142,0.20482347905635834,,0.21075549721717834,,0.5906477570533752,,0.8460868000984192,,0.9632376432418823,,1.131059169769287,,
,0.001,23,,,,,,,,,,,,,,,,,,,,,
23,,23,,,,,,,,,,0.19322216510772705,,0.19838428497314453,,0.5797140598297119,,0.8375615477561951,,0.9486578702926636,,1.1287744045257568,1.0714926719665527
23,,23,0.7578755021095276,1.0,1.0,0.87109375,0.80908203125,0.7755126953125,0.747314453125,1.0714926719665527,0.19322216510772705,,0.19838428497314453,,0.5797140598297119,,0.8375615477561951,,0.9486578702926636,,1.1287744045257568,,
,0.001,24,,,,,,,,,,,,,,,,,,,,,
24,,24,,,,,,,,,,0.20033110678195953,,0.20504546165466309,,0.5669583082199097,,0.8204464316368103,,0.928286612033844,,1.122457504272461,1.0620061159133911
24,,24,0.7578755021095276,1.0,1.0,0.87109375,0.80908203125,0.7755126953125,0.747314453125,1.0620061159133911,0.20033110678195953,,0.20504546165466309,,0.5669583082199097,,0.8204464316368103,,0.928286612033844,,1.122457504272461,,
,0.001,25,,,,,,,,,,,,,,,,,,,,,
25,,25,,,,,,,,,,0.2016093134880066,,0.20363493263721466,,0.5461674928665161,,0.7971864342689514,,0.9049099087715149,,1.1145718097686768,1.0503686666488647
25,,25,0.7581043839454651,1.0,1.0,0.87109375,0.80908203125,0.7767333984375,0.747314453125,1.0503686666488647,0.2016093134880066,,0.20363493263721466,,0.5461674928665161,,0.7971864342689514,,0.9049099087715149,,1.1145718097686768,,
,0.001,26,,,,,,,,,,,,,,,,,,,,,
26,,26,,,,,,,,,,0.1833794116973877,,0.1803629994392395,,0.5384820699691772,,0.780060887336731,,0.8969058990478516,,1.1039607524871826,1.0399327278137207
26,,26,0.7578755021095276,1.0,1.0,0.87109375,0.80908203125,0.7755126953125,0.747314453125,1.0399327278137207,0.1833794116973877,,0.1803629994392395,,0.5384820699691772,,0.780060887336731,,0.8969058990478516,,1.1039607524871826,,
,0.001,27,,,,,,,,,,,,,,,,,,,,,
27,,27,,,,,,,,,,0.17605054378509521,,0.16778618097305298,,0.5288931131362915,,0.742662787437439,,0.8790336847305298,,1.0872154235839844,1.0221107006072998
27,,27,0.7578755021095276,1.0,1.0,0.87109375,0.80908203125,0.7755126953125,0.747314453125,1.0221107006072998,0.17605054378509521,,0.16778618097305298,,0.5288931131362915,,0.742662787437439,,0.8790336847305298,,1.0872154235839844,,
,0.001,28,,,,,,,,,,,,,,,,,,,,,
28,,28,,,,,,,,,,0.18692468106746674,,0.17409804463386536,,0.5146750211715698,,0.6618300676345825,,0.7945758104324341,,1.060837745666504,0.9825528264045715
28,,28,0.7590888142585754,1.0,1.0,0.875,0.80908203125,0.78173828125,0.747314453125,0.9825528264045715,0.18692468106746674,,0.17409804463386536,,0.5146750211715698,,0.6618300676345825,,0.7945758104324341,,1.060837745666504,,
,0.001,29,,,,,,,,,,,,,,,,,,,,,
29,,29,,,,,,,,,,0.20018337666988373,,0.19354824721813202,,0.5454753637313843,,0.5510742664337158,,0.7561525106430054,,1.0204882621765137,0.9403119087219238
29,,29,0.7632784247398376,1.0,1.0,0.875,0.81884765625,0.792236328125,0.749664306640625,0.9403119087219238,0.20018337666988373,,0.19354824721813202,,0.5454753637313843,,0.5510742664337158,,0.7561525106430054,,1.0204882621765137,,
,0.001,30,,,,,,,,,,,,,,,,,,,,,
30,,30,,,,,,,,,,0.14939957857131958,,0.09340153634548187,,0.6188865303993225,,0.5422970652580261,,0.7381042838096619,,1.0649096965789795,0.9703695774078369
30,,30,0.759615421295166,1.0,1.0,0.875,0.84130859375,0.7952880859375,0.74261474609375,0.9703695774078369,0.14939957857131958,,0.09340153634548187,,0.6188865303993225,,0.5422970652580261,,0.7381042838096619,,1.0649096965789795,,
,0.001,31,,,,,,,,,,,,,,,,,,,,,
31,,31,,,,,,,,,,0.21061904728412628,,0.21790030598640442,,0.5610176920890808,,0.5734205842018127,,0.7171413898468018,,1.2457466125488281,1.1032894849777222
31,,31,0.6847756505012512,1.0,1.0,0.875,0.83984375,0.80078125,0.641571044921875,1.1032894849777222,0.21061904728412628,,0.21790030598640442,,0.5610176920890808,,0.5734205842018127,,0.7171413898468018,,1.2457466125488281,,
,0.001,32,,,,,,,,,,,,,,,,,,,,,
32,,32,,,,,,,,,,0.1678255945444107,,0.14320161938667297,,0.50932377576828,,0.5123694539070129,,0.6771301031112671,,1.047445297241211,0.9433045983314514
32,,32,0.7492673993110657,1.0,1.0,0.875,0.8466796875,0.8106689453125,0.724639892578125,0.9433045983314514,0.1678255945444107,,0.14320161938667297,,0.50932377576828,,0.5123694539070129,,0.6771301031112671,,1.047445297241211,,
,0.001,33,,,,,,,,,,,,,,,,,,,,,
33,,33,,,,,,,,,,0.10195490717887878,,0.07163215428590775,,0.48079392313957214,,0.47638222575187683,,0.7462104558944702,,1.0193588733673096,0.9329106211662292
33,,33,0.7658424973487854,1.0,1.0,0.875,0.8505859375,0.8046875,0.74798583984375,0.9329106211662292,0.10195490717887878,,0.07163215428590775,,0.48079392313957214,,0.47638222575187683,,0.7462104558944702,,1.0193588733673096,,
,0.001,34,,,,,,,,,,,,,,,,,,,,,
34,,34,,,,,,,,,,0.11053048819303513,,0.08051155507564545,,0.45652297139167786,,0.48548465967178345,,0.7070876955986023,,1.0411014556884766,0.942058801651001
34,,34,0.7651098966598511,1.0,1.0,0.875,0.84423828125,0.8050537109375,0.747314453125,0.942058801651001,0.11053048819303513,,0.08051155507564545,,0.45652297139167786,,0.48548465967178345,,0.7070876955986023,,1.0411014556884766,,
,0.001,35,,,,,,,,,,,,,,,,,,,,,
35,,35,,,,,,,,,,0.16647115349769592,,0.1293148547410965,,0.4517584443092346,,0.4910587966442108,,0.6628230810165405,,0.9944088459014893,0.8991187214851379
35,,35,0.7682692408561707,1.0,1.0,0.875,0.84716796875,0.817626953125,0.748199462890625,0.8991187214851379,0.16647115349769592,,0.1293148547410965,,0.4517584443092346,,0.4910587966442108,,0.6628230810165405,,0.9944088459014893,,
,0.001,36,,,,,,,,,,,,,,,,,,,,,
36,,36,,,,,,,,,,0.25933319330215454,,0.2062050998210907,,0.4731121063232422,,0.5001877546310425,,0.7026261687278748,,1.007548451423645,0.9174123406410217
36,,36,0.7697115540504456,1.0,1.0,0.875,0.8564453125,0.8187255859375,0.749267578125,0.9174123406410217,0.25933319330215454,,0.2062050998210907,,0.4731121063232422,,0.5001877546310425,,0.7026261687278748,,1.007548451423645,,
,0.001,37,,,,,,,,,,,,,,,,,,,,,
37,,37,,,,,,,,,,0.27190864086151123,,0.20270246267318726,,0.4680196940898895,,0.4779079258441925,,0.6916632652282715,,1.0204179286956787,0.9239054322242737
37,,37,0.7729853391647339,1.0,1.0,0.875,0.85595703125,0.823486328125,0.752471923828125,0.9239054322242737,0.27190864086151123,,0.20270246267318726,,0.4680196940898895,,0.4779079258441925,,0.6916632652282715,,1.0204179286956787,,
,0.001,38,,,,,,,,,,,,,,,,,,,,,
38,,38,,,,,,,,,,0.2083202749490738,,0.135940819978714,,0.4445183277130127,,0.4430674910545349,,0.6137122511863708,,0.9670091271400452,0.8670684099197388
38,,38,0.7721611857414246,1.0,1.0,0.875,0.86669921875,0.829345703125,0.749237060546875,0.8670684099197388,0.2083202749490738,,0.135940819978714,,0.4445183277130127,,0.4430674910545349,,0.6137122511863708,,0.9670091271400452,,
,0.001,39,,,,,,,,,,,,,,,,,,,,,
39,,39,,,,,,,,,,0.12317464500665665,,0.06535163521766663,,0.4336218535900116,,0.42991310358047485,,0.5719333291053772,,0.9432446360588074,0.8403915166854858
39,,39,0.7721382975578308,1.0,1.0,0.875,0.87255859375,0.8319091796875,0.748199462890625,0.8403915166854858,0.12317464500665665,,0.06535163521766663,,0.4336218535900116,,0.42991310358047485,,0.5719333291053772,,0.9432446360588074,,
,0.001,40,,,,,,,,,,,,,,,,,,,,,
40,,40,,,,,,,,,,0.11312101036310196,,0.044385649263858795,,0.4608991742134094,,0.41758161783218384,,0.5613996386528015,,0.9318252801895142,0.8295220732688904
40,,40,0.773649275302887,1.0,1.0,0.875,0.8759765625,0.836669921875,0.748809814453125,0.8295220732688904,0.11312101036310196,,0.044385649263858795,,0.4608991742134094,,0.41758161783218384,,0.5613996386528015,,0.9318252801895142,,
,0.001,41,,,,,,,,,,,,,,,,,,,,,
41,,41,,,,,,,,,,0.17909356951713562,,0.046355828642845154,,0.5033696889877319,,0.4179137945175171,,0.5622477531433105,,0.8795217275619507,0.7910114526748657
41,,41,0.7836538553237915,1.0,1.0,0.875,0.87841796875,0.8397216796875,0.76123046875,0.7910114526748657,0.17909356951713562,,0.046355828642845154,,0.5033696889877319,,0.4179137945175171,,0.5622477531433105,,0.8795217275619507,,
,0.001,42,,,,,,,,,,,,,,,,,,,,,
42,,42,,,,,,,,,,0.1347234845161438,,0.04495112597942352,,0.4344865679740906,,0.4023221433162689,,0.5402359962463379,,0.9086986184120178,0.8071961998939514
42,,42,0.771199643611908,1.0,1.0,0.875,0.876953125,0.8421630859375,0.744110107421875,0.8071961998939514,0.1347234845161438,,0.04495112597942352,,0.4344865679740906,,0.4023221433162689,,0.5402359962463379,,0.9086986184120178,,
,0.001,43,,,,,,,,,,,,,,,,,,,,,
43,,43,,,,,,,,,,0.11827289313077927,,0.03761565312743187,,0.4255080223083496,,0.39811810851097107,,0.5299242734909058,,0.86580491065979,0.7727481722831726
43,,43,0.7801282405853271,1.0,1.0,0.875,0.86328125,0.8424072265625,0.756805419921875,0.7727481722831726,0.11827289313077927,,0.03761565312743187,,0.4255080223083496,,0.39811810851097107,,0.5299242734909058,,0.86580491065979,,
,0.001,44,,,,,,,,,,,,,,,,,,,,,
44,,44,,,,,,,,,,0.12970133125782013,,0.02780354954302311,,0.41912391781806946,,0.38101327419281006,,0.5187777280807495,,0.8631190061569214,0.7677455544471741
44,,44,0.7877289652824402,1.0,1.0,0.875,0.8720703125,0.8436279296875,0.766082763671875,0.7677455544471741,0.12970133125782013,,0.02780354954302311,,0.41912391781806946,,0.38101327419281006,,0.5187777280807495,,0.8631190061569214,,
,0.001,45,,,,,,,,,,,,,,,,,,,,,
45,,45,,,,,,,,,,0.15910235047340393,,0.03924407437443733,,0.4067084491252899,,0.37510693073272705,,0.5156289339065552,,0.8252874612808228,0.7384070754051208
45,,45,0.7881868481636047,1.0,1.0,0.875,0.87255859375,0.838134765625,0.768035888671875,0.7384070754051208,0.15910235047340393,,0.03924407437443733,,0.4067084491252899,,0.37510693073272705,,0.5156289339065552,,0.8252874612808228,,
,0.001,46,,,,,,,,,,,,,,,,,,,,,
46,,46,,,,,,,,,,0.14772771298885345,,0.06142372637987137,,0.3922230005264282,,0.3988208472728729,,0.5107353329658508,,0.7987525463104248,0.7185819745063782
46,,46,0.7919414043426514,1.0,1.0,0.875,0.85546875,0.83935546875,0.7738037109375,0.7185819745063782,0.14772771298885345,,0.06142372637987137,,0.3922230005264282,,0.3988208472728729,,0.5107353329658508,,0.7987525463104248,,
,0.001,47,,,,,,,,,,,,,,,,,,,,,
47,,47,,,,,,,,,,0.11774107068777084,,0.04955153912305832,,0.38632309436798096,,0.3713493347167969,,0.4908151626586914,,0.7901073098182678,0.7069465517997742
47,,47,0.7960851788520813,1.0,1.0,0.87109375,0.87939453125,0.847900390625,0.7757568359375,0.7069465517997742,0.11774107068777084,,0.04955153912305832,,0.38632309436798096,,0.3713493347167969,,0.4908151626586914,,0.7901073098182678,,
,0.001,48,,,,,,,,,,,,,,,,,,,,,
48,,48,,,,,,,,,,0.0883471667766571,,0.028482917696237564,,0.39932218194007874,,0.36218327283859253,,0.508253812789917,,0.7634849548339844,0.6898847818374634
48,,48,0.7942078709602356,1.0,1.0,0.87109375,0.8759765625,0.8392333984375,0.775634765625,0.6898847818374634,0.0883471667766571,,0.028482917696237564,,0.39932218194007874,,0.36218327283859253,,0.508253812789917,,0.7634849548339844,,
,0.001,49,,,,,,,,,,,,,,,,,,,,,
49,,49,,,,,,,,,,0.06778692454099655,,0.021554727107286453,,0.4004345238208771,,0.3694203794002533,,0.4934559762477875,,0.7472421526908875,0.6752414703369141
49,,49,0.7945970892906189,1.0,1.0,0.87109375,0.86865234375,0.839599609375,0.776519775390625,0.6752414703369141,0.06778692454099655,,0.021554727107286453,,0.4004345238208771,,0.3694203794002533,,0.4934559762477875,,0.7472421526908875,,
,0.001,50,,,,,,,,,,,,,,,,,,,,,
50,,50,,,,,,,,,,0.06775172054767609,,0.023652229458093643,,0.38069605827331543,,0.3530644178390503,,0.46611204743385315,,0.7075372338294983,0.6393351554870605
50,,50,0.8125228881835938,1.0,1.0,0.873046875,0.876953125,0.848876953125,0.79754638671875,0.6393351554870605,0.06775172054767609,,0.023652229458093643,,0.38069605827331543,,0.3530644178390503,,0.46611204743385315,,0.7075372338294983,,
,0.001,51,,,,,,,,,,,,,,,,,,,,,
51,,51,,,,,,,,,,0.07137101888656616,,0.026430008932948112,,0.3690640926361084,,0.3364219665527344,,0.4759310185909271,,0.6953926086425781,0.6311600804328918
51,,51,0.8123855590820312,1.0,1.0,0.876953125,0.8896484375,0.8408203125,0.79852294921875,0.6311600804328918,0.07137101888656616,,0.026430008932948112,,0.3690640926361084,,0.3364219665527344,,0.4759310185909271,,0.6953926086425781,,
,0.001,52,,,,,,,,,,,,,,,,,,,,,
52,,52,,,,,,,,,,0.05078154057264328,,0.017905162647366524,,0.37411320209503174,,0.3290962874889374,,0.4571800231933594,,0.6596677303314209,0.6005188822746277
52,,52,0.8209020495414734,1.0,1.0,0.87109375,0.888671875,0.843505859375,0.809356689453125,0.6005188822746277,0.05078154057264328,,0.017905162647366524,,0.37411320209503174,,0.3290962874889374,,0.4571800231933594,,0.6596677303314209,,
,0.001,53,,,,,,,,,,,,,,,,,,,,,
53,,53,,,,,,,,,,0.03977839648723602,,0.012805298902094364,,0.3743422031402588,,0.3250361680984497,,0.44346341490745544,,0.6534239053726196,0.5930516719818115
53,,53,0.8220695853233337,1.0,1.0,0.87109375,0.8857421875,0.8497314453125,0.809539794921875,0.5930516719818115,0.03977839648723602,,0.012805298902094364,,0.3743422031402588,,0.3250361680984497,,0.44346341490745544,,0.6534239053726196,,
,0.001,54,,,,,,,,,,,,,,,,,,,,,
54,,54,,,,,,,,,,0.041714541614055634,,0.013210257515311241,,0.35834217071533203,,0.3226023316383362,,0.43586012721061707,,0.6219944953918457,0.5677488446235657
54,,54,0.8306089639663696,1.0,1.0,0.87109375,0.8818359375,0.8529052734375,0.82037353515625,0.5677488446235657,0.041714541614055634,,0.013210257515311241,,0.35834217071533203,,0.3226023316383362,,0.43586012721061707,,0.6219944953918457,,
,0.001,55,,,,,,,,,,,,,,,,,,,,,
55,,55,,,,,,,,,,0.04450337216258049,,0.01476852037012577,,0.3471107482910156,,0.3195391297340393,,0.4270660877227783,,0.6189968585968018,0.5635821223258972
55,,55,0.8284111618995667,1.0,1.0,0.87109375,0.8876953125,0.8570556640625,0.8160400390625,0.5635821223258972,0.04450337216258049,,0.01476852037012577,,0.3471107482910156,,0.3195391297340393,,0.4270660877227783,,0.6189968585968018,,
,0.001,56,,,,,,,,,,,,,,,,,,,,,
56,,56,,,,,,,,,,0.044601768255233765,,0.013677461072802544,,0.3378143906593323,,0.3191297650337219,,0.4301571846008301,,0.5971881151199341,0.5476700067520142
56,,56,0.834111750125885,1.0,1.0,0.87109375,0.88623046875,0.857666015625,0.823577880859375,0.5476700067520142,0.044601768255233765,,0.013677461072802544,,0.3378143906593323,,0.3191297650337219,,0.4301571846008301,,0.5971881151199341,,
,0.001,57,,,,,,,,,,,,,,,,,,,,,
57,,57,,,,,,,,,,0.032573577016592026,,0.010460663586854935,,0.3462332785129547,,0.3184119462966919,,0.4206697940826416,,0.5966386198997498,0.5455251932144165
57,,57,0.8330128192901611,1.0,1.0,0.87109375,0.88623046875,0.8515625,0.823638916015625,0.5455251932144165,0.032573577016592026,,0.010460663586854935,,0.3462332785129547,,0.3184119462966919,,0.4206697940826416,,0.5966386198997498,,
,0.001,58,,,,,,,,,,,,,,,,,,,,,
58,,58,,,,,,,,,,0.03944966942071915,,0.012125496752560139,,0.3389166593551636,,0.3134070634841919,,0.4088955521583557,,0.5725476741790771,0.5249338746070862
58,,58,0.8365384936332703,1.0,1.0,0.87109375,0.88818359375,0.860595703125,0.825958251953125,0.5249338746070862,0.03944966942071915,,0.012125496752560139,,0.3389166593551636,,0.3134070634841919,,0.4088955521583557,,0.5725476741790771,,
,0.001,59,,,,,,,,,,,,,,,,,,,,,
59,,59,,,,,,,,,,0.03998366743326187,,0.012356143444776535,,0.33903074264526367,,0.3122020363807678,,0.4016682505607605,,0.5455267429351807,0.503253698348999
59,,59,0.8435210585594177,1.0,1.0,0.87109375,0.8916015625,0.8629150390625,0.83447265625,0.503253698348999,0.03998366743326187,,0.012356143444776535,,0.33903074264526367,,0.3122020363807678,,0.4016682505607605,,0.5455267429351807,,
,0.001,60,,,,,,,,,,,,,,,,,,,,,
60,,60,,,,,,,,,,0.038416147232055664,,0.011483266018331051,,0.33877629041671753,,0.30733776092529297,,0.4005799889564514,,0.5378342270851135,0.49704402685165405
60,,60,0.8440476655960083,1.0,1.0,0.87109375,0.88720703125,0.8612060546875,0.83587646484375,0.49704402685165405,0.038416147232055664,,0.011483266018331051,,0.33877629041671753,,0.30733776092529297,,0.4005799889564514,,0.5378342270851135,,
,0.001,61,,,,,,,,,,,,,,,,,,,,,
61,,61,,,,,,,,,,0.036823417991399765,,0.010107265785336494,,0.3311985731124878,,0.2901729345321655,,0.38755542039871216,,0.5202734470367432,0.48052871227264404
61,,61,0.8463141322135925,1.0,1.0,0.87109375,0.90283203125,0.8612060546875,0.837921142578125,0.48052871227264404,0.036823417991399765,,0.010107265785336494,,0.3311985731124878,,0.2901729345321655,,0.38755542039871216,,0.5202734470367432,,
,0.001,62,,,,,,,,,,,,,,,,,,,,,
62,,62,,,,,,,,,,0.028601979836821556,,0.007591980509459972,,0.31988799571990967,,0.2811906933784485,,0.37543460726737976,,0.5048123598098755,0.46608978509902954
62,,62,0.8538233041763306,1.0,1.0,0.87109375,0.90478515625,0.8695068359375,0.845733642578125,0.46608978509902954,0.028601979836821556,,0.007591980509459972,,0.31988799571990967,,0.2811906933784485,,0.37543460726737976,,0.5048123598098755,,
,0.001,63,,,,,,,,,,,,,,,,,,,,,
63,,63,,,,,,,,,,0.027443408966064453,,0.006799616850912571,,0.31551527976989746,,0.28123366832733154,,0.36957839131355286,,0.5002928972244263,0.4615486264228821
63,,63,0.8515567779541016,1.0,1.0,0.87109375,0.89990234375,0.8663330078125,0.84381103515625,0.4615486264228821,0.027443408966064453,,0.006799616850912571,,0.31551527976989746,,0.28123366832733154,,0.36957839131355286,,0.5002928972244263,,
,0.001,64,,,,,,,,,,,,,,,,,,,,,
64,,64,,,,,,,,,,0.024847490713000298,,0.005985800176858902,,0.32369691133499146,,0.27004140615463257,,0.36805784702301025,,0.5186811685562134,0.4746248424053192
64,,64,0.848214328289032,1.0,1.0,0.87109375,0.90185546875,0.870849609375,0.838104248046875,0.4746248424053192,0.024847490713000298,,0.005985800176858902,,0.32369691133499146,,0.27004140615463257,,0.36805784702301025,,0.5186811685562134,,
,0.001,65,,,,,,,,,,,,,,,,,,,,,
65,,65,,,,,,,,,,0.03193284943699837,,0.006513405591249466,,0.32422739267349243,,0.26314401626586914,,0.3540571331977844,,0.4703311324119568,0.4354172646999359
65,,65,0.862912118434906,1.0,1.0,0.876953125,0.9111328125,0.8763427734375,0.85565185546875,0.4354172646999359,0.03193284943699837,,0.006513405591249466,,0.32422739267349243,,0.26314401626586914,,0.3540571331977844,,0.4703311324119568,,
,0.001,66,,,,,,,,,,,,,,,,,,,,,
66,,66,,,,,,,,,,0.03544539958238602,,0.006769856903702021,,0.31970295310020447,,0.2591458857059479,,0.36278724670410156,,0.5041642785072327,0.4621984660625458
66,,66,0.8501603007316589,1.0,1.0,0.873046875,0.91357421875,0.870361328125,0.840057373046875,0.4621984660625458,0.03544539958238602,,0.006769856903702021,,0.31970295310020447,,0.2591458857059479,,0.36278724670410156,,0.5041642785072327,,
,0.001,67,,,,,,,,,,,,,,,,,,,,,
67,,67,,,,,,,,,,0.02933618798851967,,0.006142204627394676,,0.3165823221206665,,0.25087404251098633,,0.344077467918396,,0.44891902804374695,0.4168147146701813
67,,67,0.870169460773468,1.0,1.0,0.869140625,0.912109375,0.8792724609375,0.864654541015625,0.4168147146701813,0.02933618798851967,,0.006142204627394676,,0.3165823221206665,,0.25087404251098633,,0.344077467918396,,0.44891902804374695,,
,0.001,68,,,,,,,,,,,,,,,,,,,,,
68,,68,,,,,,,,,,0.02917202189564705,,0.006222630850970745,,0.3194148540496826,,0.2513328790664673,,0.3482029438018799,,0.4518533945083618,0.4198445677757263
68,,68,0.8683837056159973,1.0,1.0,0.869140625,0.912109375,0.8817138671875,0.861663818359375,0.4198445677757263,0.02917202189564705,,0.006222630850970745,,0.3194148540496826,,0.2513328790664673,,0.3482029438018799,,0.4518533945083618,,
,0.001,69,,,,,,,,,,,,,,,,,,,,,
69,,69,,,,,,,,,,0.041387706995010376,,0.007748413365334272,,0.3155631422996521,,0.24382823705673218,,0.3388654887676239,,0.4571067690849304,0.421650767326355
69,,69,0.8622024059295654,1.0,1.0,0.873046875,0.91455078125,0.8819580078125,0.8531494140625,0.421650767326355,0.041387706995010376,,0.007748413365334272,,0.3155631422996521,,0.24382823705673218,,0.3388654887676239,,0.4571067690849304,,
,0.001,70,,,,,,,,,,,,,,,,,,,,,
70,,70,,,,,,,,,,0.0402316115796566,,0.007859919220209122,,0.30728989839553833,,0.239333838224411,,0.32819491624832153,,0.4166465401649475,0.388988733291626
70,,70,0.8796016573905945,1.0,1.0,0.873046875,0.919921875,0.88525390625,0.87518310546875,0.388988733291626,0.0402316115796566,,0.007859919220209122,,0.30728989839553833,,0.239333838224411,,0.32819491624832153,,0.4166465401649475,,
,0.001,71,,,,,,,,,,,,,,,,,,,,,
71,,71,,,,,,,,,,0.03648463636636734,,0.007478643208742142,,0.30676013231277466,,0.23664376139640808,,0.32699668407440186,,0.43135935068130493,0.39966514706611633
71,,71,0.8751831650733948,1.0,1.0,0.875,0.91064453125,0.8919677734375,0.8681640625,0.39966514706611633,0.03648463636636734,,0.007478643208742142,,0.30676013231277466,,0.23664376139640808,,0.32699668407440186,,0.43135935068130493,,
,0.001,72,,,,,,,,,,,,,,,,,,,,,
72,,72,,,,,,,,,,0.044310204684734344,,0.008273576386272907,,0.30728885531425476,,0.22895312309265137,,0.3120914101600647,,0.40185123682022095,0.37438687682151794
72,,72,0.8864926695823669,1.0,1.0,0.876953125,0.91650390625,0.901123046875,0.88055419921875,0.37438687682151794,0.044310204684734344,,0.008273576386272907,,0.30728885531425476,,0.22895312309265137,,0.3120914101600647,,0.40185123682022095,,
,0.001,73,,,,,,,,,,,,,,,,,,,,,
73,,73,,,,,,,,,,0.04829101637005806,,0.008238081820309162,,0.3150443732738495,,0.22408998012542725,,0.30396920442581177,,0.4075503945350647,0.3770047426223755
73,,73,0.8828525543212891,1.0,1.0,0.876953125,0.92236328125,0.9093017578125,0.873291015625,0.3770047426223755,0.04829101637005806,,0.008238081820309162,,0.3150443732738495,,0.22408998012542725,,0.30396920442581177,,0.4075503945350647,,
,0.001,74,,,,,,,,,,,,,,,,,,,,,
74,,74,,,,,,,,,,0.038036707788705826,,0.006623637396842241,,0.30404356122016907,,0.21997562050819397,,0.29586756229400635,,0.38146883249282837,0.3555852472782135
74,,74,0.8928800821304321,1.0,1.0,0.869140625,0.91943359375,0.9097900390625,0.8868408203125,0.3555852472782135,0.038036707788705826,,0.006623637396842241,,0.30404356122016907,,0.21997562050819397,,0.29586756229400635,,0.38146883249282837,,
,0.001,75,,,,,,,,,,,,,,,,,,,,,
75,,75,,,,,,,,,,0.03325552120804787,,0.005898003466427326,,0.30376479029655457,,0.21486790478229523,,0.28937530517578125,,0.3889082074165344,0.35970017313957214
75,,75,0.891391932964325,1.0,1.0,0.869140625,0.9267578125,0.909912109375,0.884368896484375,0.35970017313957214,0.03325552120804787,,0.005898003466427326,,0.30376479029655457,,0.21486790478229523,,0.28937530517578125,,0.3889082074165344,,
,0.001,76,,,,,,,,,,,,,,,,,,,,,
76,,76,,,,,,,,,,0.04173557832837105,,0.006736827082931995,,0.301512748003006,,0.20630860328674316,,0.27971190214157104,,0.36840057373046875,0.3420843183994293
76,,76,0.8953067660331726,1.0,1.0,0.873046875,0.93310546875,0.9169921875,0.887359619140625,0.3420843183994293,0.04173557832837105,,0.006736827082931995,,0.301512748003006,,0.20630860328674316,,0.27971190214157104,,0.36840057373046875,,
,0.001,77,,,,,,,,,,,,,,,,,,,,,
77,,77,,,,,,,,,,0.04777507483959198,,0.007372517604380846,,0.30311158299446106,,0.20787695050239563,,0.2747391164302826,,0.37070828676223755,0.3429814577102661
77,,77,0.8941392302513123,1.0,1.0,0.876953125,0.93115234375,0.9156494140625,0.886199951171875,0.3429814577102661,0.04777507483959198,,0.007372517604380846,,0.30311158299446106,,0.20787695050239563,,0.2747391164302826,,0.37070828676223755,,
,0.001,78,,,,,,,,,,,,,,,,,,,,,
78,,78,,,,,,,,,,0.03802523389458656,,0.0063024889677762985,,0.299885094165802,,0.2018044888973236,,0.2689676582813263,,0.35310280323028564,0.32835888862609863
78,,78,0.9012362957000732,1.0,1.0,0.87109375,0.93408203125,0.91943359375,0.894622802734375,0.32835888862609863,0.03802523389458656,,0.0063024889677762985,,0.299885094165802,,0.2018044888973236,,0.2689676582813263,,0.35310280323028564,,
,0.001,79,,,,,,,,,,,,,,,,,,,,,
79,,79,,,,,,,,,,0.031513284891843796,,0.005462470464408398,,0.30656152963638306,,0.19710764288902283,,0.2623807191848755,,0.3511121869087219,0.32548102736473083
79,,79,0.9023809432983398,1.0,1.0,0.87109375,0.9326171875,0.9193115234375,0.896270751953125,0.32548102736473083,0.031513284891843796,,0.005462470464408398,,0.30656152963638306,,0.19710764288902283,,0.2623807191848755,,0.3511121869087219,,
,0.001,80,,,,,,,,,,,,,,,,,,,,,
80,,80,,,,,,,,,,0.034736160188913345,,0.005755980499088764,,0.298841267824173,,0.19381871819496155,,0.2619953155517578,,0.338891863822937,0.3159997761249542
80,,80,0.9020833373069763,1.0,1.0,0.87109375,0.93505859375,0.917236328125,0.896240234375,0.3159997761249542,0.034736160188913345,,0.005755980499088764,,0.298841267824173,,0.19381871819496155,,0.2619953155517578,,0.338891863822937,,
,0.001,81,,,,,,,,,,,,,,,,,,,,,
81,,81,,,,,,,,,,0.038540493696928024,,0.006125221028923988,,0.29857879877090454,,0.19130225479602814,,0.24943572282791138,,0.33215397596359253,0.3084724545478821
81,,81,0.9045787453651428,1.0,1.0,0.876953125,0.93603515625,0.923095703125,0.89794921875,0.3084724545478821,0.038540493696928024,,0.006125221028923988,,0.29857879877090454,,0.19130225479602814,,0.24943572282791138,,0.33215397596359253,,
,0.001,82,,,,,,,,,,,,,,,,,,,,,
82,,82,,,,,,,,,,0.03684421628713608,,0.005751695018261671,,0.2990230917930603,,0.1871134340763092,,0.24937720596790314,,0.324115514755249,0.3022376000881195
82,,82,0.9072573184967041,1.0,1.0,0.875,0.93896484375,0.921142578125,0.90185546875,0.3022376000881195,0.03684421628713608,,0.005751695018261671,,0.2990230917930603,,0.1871134340763092,,0.24937720596790314,,0.324115514755249,,
,0.001,83,,,,,,,,,,,,,,,,,,,,,
83,,83,,,,,,,,,,0.03526267036795616,,0.005406200885772705,,0.2971190810203552,,0.18357537686824799,,0.23794333636760712,,0.31612443923950195,0.29390808939933777
83,,83,0.9107829928398132,1.0,1.0,0.875,0.935546875,0.928466796875,0.904937744140625,0.29390808939933777,0.03526267036795616,,0.005406200885772705,,0.2971190810203552,,0.18357537686824799,,0.23794333636760712,,0.31612443923950195,,
,0.001,84,,,,,,,,,,,,,,,,,,,,,
84,,84,,,,,,,,,,0.03665024787187576,,0.005392042919993401,,0.2987825870513916,,0.1825885772705078,,0.2380298376083374,,0.3091479539871216,0.28866487741470337
84,,84,0.9120879173278809,1.0,1.0,0.876953125,0.939453125,0.92822265625,0.906463623046875,0.28866487741470337,0.03665024787187576,,0.005392042919993401,,0.2987825870513916,,0.1825885772705078,,0.2380298376083374,,0.3091479539871216,,
,0.001,85,,,,,,,,,,,,,,,,,,,,,
85,,85,,,,,,,,,,0.03460615873336792,,0.005041500087827444,,0.29856938123703003,,0.17706000804901123,,0.22597786784172058,,0.29958149790763855,0.27896374464035034
85,,85,0.9158883094787598,1.0,1.0,0.876953125,0.9384765625,0.93359375,0.910247802734375,0.27896374464035034,0.03460615873336792,,0.005041500087827444,,0.29856938123703003,,0.17706000804901123,,0.22597786784172058,,0.29958149790763855,,
,0.001,86,,,,,,,,,,,,,,,,,,,,,
86,,86,,,,,,,,,,0.03232165053486824,,0.004695801064372063,,0.29611656069755554,,0.17227806150913239,,0.2238767445087433,,0.29410189390182495,0.2742033302783966
86,,86,0.9177426695823669,1.0,1.0,0.876953125,0.9462890625,0.9342041015625,0.912078857421875,0.2742033302783966,0.03232165053486824,,0.004695801064372063,,0.29611656069755554,,0.17227806150913239,,0.2238767445087433,,0.29410189390182495,,
,0.001,87,,,,,,,,,,,,,,,,,,,,,
87,,87,,,,,,,,,,0.03329415246844292,,0.004802364856004715,,0.2962290048599243,,0.17244283854961395,,0.21326103806495667,,0.2851315140724182,0.2654930651187897
87,,87,0.920352578163147,1.0,1.0,0.876953125,0.93408203125,0.93798828125,0.915374755859375,0.2654930651187897,0.03329415246844292,,0.004802364856004715,,0.2962290048599243,,0.17244283854961395,,0.21326103806495667,,0.2851315140724182,,
,0.001,88,,,,,,,,,,,,,,,,,,,,,
88,,88,,,,,,,,,,0.03259088471531868,,0.004798343405127525,,0.2916375398635864,,0.16791239380836487,,0.21021224558353424,,0.27912530303001404,0.2601487338542938
88,,88,0.9220238327980042,1.0,1.0,0.876953125,0.93896484375,0.936279296875,0.917724609375,0.2601487338542938,0.03259088471531868,,0.004798343405127525,,0.2916375398635864,,0.16791239380836487,,0.21021224558353424,,0.27912530303001404,,
,0.001,89,,,,,,,,,,,,,,,,,,,,,
89,,89,,,,,,,,,,0.029459236189723015,,0.004567915573716164,,0.29302889108657837,,0.16323068737983704,,0.2002669870853424,,0.2703293561935425,0.25147879123687744
89,,89,0.9242216348648071,1.0,1.0,0.87109375,0.94384765625,0.9420166015625,0.91900634765625,0.25147879123687744,0.029459236189723015,,0.004567915573716164,,0.29302889108657837,,0.16323068737983704,,0.2002669870853424,,0.2703293561935425,,
,0.001,90,,,,,,,,,,,,,,,,,,,,,
90,,90,,,,,,,,,,0.031696584075689316,,0.004922816995531321,,0.2911434769630432,,0.162602037191391,,0.19652512669563293,,0.26544898748397827,0.24706695973873138
90,,90,0.9257097244262695,1.0,1.0,0.87109375,0.94140625,0.9429931640625,0.9208984375,0.24706695973873138,0.031696584075689316,,0.004922816995531321,,0.2911434769630432,,0.162602037191391,,0.19652512669563293,,0.26544898748397827,,
,0.001,91,,,,,,,,,,,,,,,,,,,,,
91,,91,,,,,,,,,,0.029066886752843857,,0.004838553257286549,,0.2886536121368408,,0.15833896398544312,,0.1901371031999588,,0.25623205304145813,0.23872330784797668
91,,91,0.9279304146766663,1.0,1.0,0.87109375,0.9404296875,0.942626953125,0.92401123046875,0.23872330784797668,0.029066886752843857,,0.004838553257286549,,0.2886536121368408,,0.15833896398544312,,0.1901371031999588,,0.25623205304145813,,
,0.001,92,,,,,,,,,,,,,,,,,,,,,
92,,92,,,,,,,,,,0.027845323085784912,,0.00480751134455204,,0.2912404239177704,,0.15701651573181152,,0.1851314902305603,,0.25072717666625977,0.23362219333648682
92,,92,0.9287545680999756,1.0,1.0,0.87109375,0.93603515625,0.9432373046875,0.92523193359375,0.23362219333648682,0.027845323085784912,,0.00480751134455204,,0.2912404239177704,,0.15701651573181152,,0.1851314902305603,,0.25072717666625977,,
,0.001,93,,,,,,,,,,,,,,,,,,,,,
93,,93,,,,,,,,,,0.025994321331381798,,0.004569046199321747,,0.28437554836273193,,0.15168556571006775,,0.1797410547733307,,0.24336624145507812,0.22675669193267822
93,,93,0.9301053285598755,1.0,1.0,0.876953125,0.9423828125,0.943603515625,0.92645263671875,0.22675669193267822,0.025994321331381798,,0.004569046199321747,,0.28437554836273193,,0.15168556571006775,,0.1797410547733307,,0.24336624145507812,,
,0.001,94,,,,,,,,,,,,,,,,,,,,,
94,,94,,,,,,,,,,0.022614561021327972,,0.0041134534403681755,,0.28929802775382996,,0.14866530895233154,,0.1762378215789795,,0.23755040764808655,0.22164902091026306
94,,94,0.9312958121299744,1.0,1.0,0.873046875,0.943359375,0.9451904296875,0.927642822265625,0.22164902091026306,0.022614561021327972,,0.0041134534403681755,,0.28929802775382996,,0.14866530895233154,,0.1762378215789795,,0.23755040764808655,,
,0.001,95,,,,,,,,,,,,,,,,,,,,,
95,,95,,,,,,,,,,0.022976014763116837,,0.004182792268693447,,0.283834844827652,,0.14594680070877075,,0.17032593488693237,,0.2330690622329712,0.21698740124702454
95,,95,0.9309982061386108,1.0,1.0,0.876953125,0.94970703125,0.9456787109375,0.926666259765625,0.21698740124702454,0.022976014763116837,,0.004182792268693447,,0.283834844827652,,0.14594680070877075,,0.17032593488693237,,0.2330690622329712,,
,0.001,96,,,,,,,,,,,,,,,,,,,,,
96,,96,,,,,,,,,,0.018621623516082764,,0.003740377724170685,,0.27963411808013916,,0.14104226231575012,,0.1656901240348816,,0.2351049780845642,0.21736162900924683
96,,96,0.9310668706893921,1.0,1.0,0.875,0.94384765625,0.945556640625,0.92718505859375,0.21736162900924683,0.018621623516082764,,0.003740377724170685,,0.27963411808013916,,0.14104226231575012,,0.1656901240348816,,0.2351049780845642,,
,0.001,97,,,,,,,,,,,,,,,,,,,,,
97,,97,,,,,,,,,,0.024885980412364006,,0.004944877233356237,,0.30329105257987976,,0.1464286893606186,,0.1729569435119629,,0.2468317151069641,0.22805964946746826
97,,97,0.9208104610443115,1.0,1.0,0.873046875,0.94482421875,0.9417724609375,0.9144287109375,0.22805964946746826,0.024885980412364006,,0.004944877233356237,,0.30329105257987976,,0.1464286893606186,,0.1729569435119629,,0.2468317151069641,,
,0.001,98,,,,,,,,,,,,,,,,,,,,,
98,,98,,,,,,,,,,0.01400300394743681,,0.003359305439516902,,0.3163859248161316,,0.15054893493652344,,0.1943478286266327,,0.2503088712692261,0.23501397669315338
98,,98,0.928113579750061,1.0,1.0,0.87109375,0.94140625,0.9400634765625,0.924835205078125,0.23501397669315338,0.01400300394743681,,0.003359305439516902,,0.3163859248161316,,0.15054893493652344,,0.1943478286266327,,0.2503088712692261,,
,0.001,99,,,,,,,,,,,,,,,,,,,,,
99,,99,,,,,,,,,,0.019828787073493004,,0.004610869102180004,,0.2789619565010071,,0.13738970458507538,,0.15977784991264343,,0.2187672257423401,0.20382077991962433
99,,99,0.9323717951774597,1.0,1.0,0.875,0.94140625,0.9461669921875,0.928924560546875,0.20382077991962433,0.019828787073493004,,0.004610869102180004,,0.2789619565010071,,0.13738970458507538,,0.15977784991264343,,0.2187672257423401,,
,0.001,100,,,,,,,,,,,,,,,,,,,,,
100,,100,,,,,,,,,,0.027788976207375526,,0.0060975621454417706,,0.2830795645713806,,0.14177349209785461,,0.18310794234275818,,0.23418930172920227,0.22002962231636047
100,,100,0.9219551682472229,1.0,1.0,0.873046875,0.9453125,0.932373046875,0.91827392578125,0.22002962231636047,0.027788976207375526,,0.0060975621454417706,,0.2830795645713806,,0.14177349209785461,,0.18310794234275818,,0.23418930172920227,,
,0.001,101,,,,,,,,,,,,,,,,,,,,,
101,,101,,,,,,,,,,0.019033880904316902,,0.004493969492614269,,0.2846011221408844,,0.13701339066028595,,0.1560138463973999,,0.21357282996177673,0.19926565885543823
101,,101,0.9350961446762085,1.0,1.0,0.87109375,0.94921875,0.94677734375,0.931976318359375,0.19926565885543823,0.019033880904316902,,0.004493969492614269,,0.2846011221408844,,0.13701339066028595,,0.1560138463973999,,0.21357282996177673,,
,0.001,102,,,,,,,,,,,,,,,,,,,,,
102,,102,,,,,,,,,,0.016636569052934647,,0.003964237868785858,,0.2918623089790344,,0.13843593001365662,,0.16703295707702637,,0.21954961121082306,0.20596441626548767
102,,102,0.9338598847389221,1.0,1.0,0.87109375,0.95263671875,0.9453125,0.93048095703125,0.20596441626548767,0.016636569052934647,,0.003964237868785858,,0.2918623089790344,,0.13843593001365662,,0.16703295707702637,,0.21954961121082306,,
,0.001,103,,,,,,,,,,,,,,,,,,,,,
103,,103,,,,,,,,,,0.022369323298335075,,0.004862968809902668,,0.2837863266468048,,0.13111725449562073,,0.15279674530029297,,0.20724503695964813,0.1936328113079071
103,,103,0.9331731200218201,1.0,1.0,0.876953125,0.94873046875,0.9473876953125,0.92919921875,0.1936328113079071,0.022369323298335075,,0.004862968809902668,,0.2837863266468048,,0.13111725449562073,,0.15279674530029297,,0.20724503695964813,,
,0.001,104,,,,,,,,,,,,,,,,,,,,,
104,,104,,,,,,,,,,0.026104193180799484,,0.005323568359017372,,0.2984776198863983,,0.13466665148735046,,0.15382348001003265,,0.20968753099441528,0.19600041210651398
104,,104,0.9312042593955994,1.0,1.0,0.873046875,0.9462890625,0.94775390625,0.92669677734375,0.19600041210651398,0.026104193180799484,,0.005323568359017372,,0.2984776198863983,,0.13466665148735046,,0.15382348001003265,,0.20968753099441528,,
,0.001,105,,,,,,,,,,,,,,,,,,,,,
105,,105,,,,,,,,,,0.020579153671860695,,0.004290984943509102,,0.27857813239097595,,0.1320226788520813,,0.1474674642086029,,0.1995135247707367,0.1868116855621338
105,,105,0.9361950755119324,1.0,1.0,0.873046875,0.94677734375,0.9488525390625,0.93304443359375,0.1868116855621338,0.020579153671860695,,0.004290984943509102,,0.27857813239097595,,0.1320226788520813,,0.1474674642086029,,0.1995135247707367,,
,0.001,106,,,,,,,,,,,,,,,,,,,,,
106,,106,,,,,,,,,,0.016717813909053802,,0.0036107548512518406,,0.2824236750602722,,0.1346765160560608,,0.1462000012397766,,0.20000924170017242,0.1871105581521988
106,,106,0.9366071820259094,1.0,1.0,0.875,0.94580078125,0.948974609375,0.93359375,0.1871105581521988,0.016717813909053802,,0.0036107548512518406,,0.2824236750602722,,0.1346765160560608,,0.1462000012397766,,0.20000924170017242,,
,0.001,107,,,,,,,,,,,,,,,,,,,,,
107,,107,,,,,,,,,,0.017092538997530937,,0.003600779455155134,,0.28282982110977173,,0.13144096732139587,,0.14286403357982635,,0.19321119785308838,0.18123842775821686
107,,107,0.9370879530906677,1.0,1.0,0.875,0.9482421875,0.949951171875,0.933837890625,0.18123842775821686,0.017092538997530937,,0.003600779455155134,,0.28282982110977173,,0.13144096732139587,,0.14286403357982635,,0.19321119785308838,,
,0.001,108,,,,,,,,,,,,,,,,,,,,,
108,,108,,,,,,,,,,0.01659201644361019,,0.0033616668079048395,,0.27832096815109253,,0.14235180616378784,,0.14089661836624146,,0.19103491306304932,0.17969448864459991
108,,108,0.9354853630065918,1.0,1.0,0.876953125,0.943359375,0.9503173828125,0.931884765625,0.17969448864459991,0.01659201644361019,,0.0033616668079048395,,0.27832096815109253,,0.14235180616378784,,0.14089661836624146,,0.19103491306304932,,
,0.001,109,,,,,,,,,,,,,,,,,,,,,
109,,109,,,,,,,,,,0.013949398882687092,,0.002867414616048336,,0.2727777063846588,,0.13146497309207916,,0.1383025199174881,,0.18579742312431335,0.17470011115074158
109,,109,0.9373626708984375,1.0,1.0,0.87109375,0.9482421875,0.9512939453125,0.933929443359375,0.17470011115074158,0.013949398882687092,,0.002867414616048336,,0.2727777063846588,,0.13146497309207916,,0.1383025199174881,,0.18579742312431335,,
,0.001,110,,,,,,,,,,,,,,,,,,,,,
110,,110,,,,,,,,,,0.012718632817268372,,0.0026236113626509905,,0.27871593832969666,,0.13483206927776337,,0.13848328590393066,,0.18195119500160217,0.17207448184490204
110,,110,0.9397206902503967,1.0,1.0,0.875,0.94921875,0.9525146484375,0.9366455078125,0.17207448184490204,0.012718632817268372,,0.0026236113626509905,,0.27871593832969666,,0.13483206927776337,,0.13848328590393066,,0.18195119500160217,,
,0.001,111,,,,,,,,,,,,,,,,,,,,,
111,,111,,,,,,,,,,0.012605397030711174,,0.002552185207605362,,0.27401599287986755,,0.13642849028110504,,0.13420681655406952,,0.1799229383468628,0.16977034509181976
111,,111,0.9399267435073853,1.0,1.0,0.875,0.9462890625,0.953125,0.93695068359375,0.16977034509181976,0.012605397030711174,,0.002552185207605362,,0.27401599287986755,,0.13642849028110504,,0.13420681655406952,,0.1799229383468628,,
,0.001,112,,,,,,,,,,,,,,,,,,,,,
112,,112,,,,,,,,,,0.011590169742703438,,0.00233598705381155,,0.2728019058704376,,0.12611553072929382,,0.13257545232772827,,0.17483565211296082,0.16514886915683746
112,,112,0.9401556849479675,1.0,1.0,0.873046875,0.9521484375,0.952880859375,0.936981201171875,0.16514886915683746,0.011590169742703438,,0.00233598705381155,,0.2728019058704376,,0.12611553072929382,,0.13257545232772827,,0.17483565211296082,,
,0.001,113,,,,,,,,,,,,,,,,,,,,,
113,,113,,,,,,,,,,0.010069996118545532,,0.002113197697326541,,0.27915358543395996,,0.13462650775909424,,0.13008928298950195,,0.1733936071395874,0.16407251358032227
113,,113,0.9400641322135925,1.0,1.0,0.873046875,0.94482421875,0.9525146484375,0.937408447265625,0.16407251358032227,0.010069996118545532,,0.002113197697326541,,0.27915358543395996,,0.13462650775909424,,0.13008928298950195,,0.1733936071395874,,
,0.001,114,,,,,,,,,,,,,,,,,,,,,
114,,114,,,,,,,,,,0.009439715184271336,,0.002073032548651099,,0.27390795946121216,,0.1245231032371521,,0.12859730422496796,,0.16796410083770752,0.1591838002204895
114,,114,0.9413690567016602,1.0,1.0,0.876953125,0.9462890625,0.9542236328125,0.938568115234375,0.1591838002204895,0.009439715184271336,,0.002073032548651099,,0.27390795946121216,,0.1245231032371521,,0.12859730422496796,,0.16796410083770752,,
,0.001,115,,,,,,,,,,,,,,,,,,,,,
115,,115,,,,,,,,,,0.008781624026596546,,0.0019775170367211103,,0.27105385065078735,,0.12518516182899475,,0.1258825659751892,,0.16700279712677002,0.15795034170150757
115,,115,0.9419414401054382,1.0,1.0,0.875,0.94580078125,0.953857421875,0.939483642578125,0.15795034170150757,0.008781624026596546,,0.0019775170367211103,,0.27105385065078735,,0.12518516182899475,,0.1258825659751892,,0.16700279712677002,,
,0.001,116,,,,,,,,,,,,,,,,,,,,,
116,,116,,,,,,,,,,0.008277395740151405,,0.0018200817285105586,,0.2716759443283081,,0.12639153003692627,,0.1251469999551773,,0.16207487881183624,0.15417855978012085
116,,116,0.9430403113365173,1.0,1.0,0.875,0.94580078125,0.9537353515625,0.94097900390625,0.15417855978012085,0.008277395740151405,,0.0018200817285105586,,0.2716759443283081,,0.12639153003692627,,0.1251469999551773,,0.16207487881183624,,
,0.001,117,,,,,,,,,,,,,,,,,,,,,
117,,117,,,,,,,,,,0.007931169122457504,,0.001672552665695548,,0.26972123980522156,,0.1197015717625618,,0.12122216820716858,,0.1605646312236786,0.15197224915027618
117,,117,0.9429945349693298,1.0,1.0,0.875,0.94384765625,0.954345703125,0.940887451171875,0.15197224915027618,0.007931169122457504,,0.001672552665695548,,0.26972123980522156,,0.1197015717625618,,0.12122216820716858,,0.1605646312236786,,
,0.001,118,,,,,,,,,,,,,,,,,,,,,
118,,118,,,,,,,,,,0.006932491902261972,,0.0014656131388619542,,0.26975029706954956,,0.11560677736997604,,0.11991940438747406,,0.1570166051387787,0.14887326955795288
118,,118,0.94425368309021,1.0,1.0,0.876953125,0.95458984375,0.9544677734375,0.94183349609375,0.14887326955795288,0.006932491902261972,,0.0014656131388619542,,0.26975029706954956,,0.11560677736997604,,0.11991940438747406,,0.1570166051387787,,
,0.001,119,,,,,,,,,,,,,,,,,,,,,
119,,119,,,,,,,,,,0.006519003305584192,,0.0013650654582306743,,0.26856371760368347,,0.11757710576057434,,0.1191370040178299,,0.15515689551830292,0.14740929007530212
119,,119,0.9445284008979797,1.0,1.0,0.876953125,0.953125,0.954833984375,0.94219970703125,0.14740929007530212,0.006519003305584192,,0.0013650654582306743,,0.26856371760368347,,0.11757710576057434,,0.1191370040178299,,0.15515689551830292,,
,0.001,120,,,,,,,,,,,,,,,,,,,,,
120,,120,,,,,,,,,,0.005627029575407505,,0.001203852822072804,,0.26936280727386475,,0.11314141750335693,,0.11645223945379257,,0.15198607742786407,0.1443273276090622
120,,120,0.9453755021095276,1.0,1.0,0.873046875,0.953125,0.9554443359375,0.9432373046875,0.1443273276090622,0.005627029575407505,,0.001203852822072804,,0.26936280727386475,,0.11314141750335693,,0.11645223945379257,,0.15198607742786407,,
,0.001,121,,,,,,,,,,,,,,,,,,,,,
121,,121,,,,,,,,,,0.006158541887998581,,0.0012478367425501347,,0.2727547287940979,,0.11595320701599121,,0.11888504028320312,,0.15307366847991943,0.14577160775661469
121,,121,0.9437958002090454,1.0,1.0,0.875,0.9462890625,0.9566650390625,0.94122314453125,0.14577160775661469,0.006158541887998581,,0.0012478367425501347,,0.2727547287940979,,0.11595320701599121,,0.11888504028320312,,0.15307366847991943,,
,0.001,122,,,,,,,,,,,,,,,,,,,,,
122,,122,,,,,,,,,,0.004852423910051584,,0.0010495127644389868,,0.27389276027679443,,0.11110318452119827,,0.12460256367921829,,0.1740751415491104,0.16238325834274292
122,,122,0.9408196210861206,1.0,1.0,0.873046875,0.95458984375,0.9534912109375,0.93756103515625,0.16238325834274292,0.004852423910051584,,0.0010495127644389868,,0.27389276027679443,,0.11110318452119827,,0.12460256367921829,,0.1740751415491104,,
,0.001,123,,,,,,,,,,,,,,,,,,,,,
123,,123,,,,,,,,,,0.006969901267439127,,0.0014023190597072244,,0.3012874126434326,,0.13064394891262054,,0.13346782326698303,,0.19480879604816437,0.18083982169628143
123,,123,0.9287087917327881,1.0,1.0,0.84765625,0.9462890625,0.9482421875,0.92364501953125,0.18083982169628143,0.006969901267439127,,0.0014023190597072244,,0.3012874126434326,,0.13064394891262054,,0.13346782326698303,,0.19480879604816437,,
,0.001,124,,,,,,,,,,,,,,,,,,,,,
124,,124,,,,,,,,,,0.005263874307274818,,0.0012176343007013202,,0.27418941259384155,,0.1181805431842804,,0.11915837228298187,,0.15804436802864075,0.14967231452465057
124,,124,0.9438186883926392,1.0,1.0,0.875,0.9443359375,0.9537353515625,0.942108154296875,0.14967231452465057,0.005263874307274818,,0.0012176343007013202,,0.27418941259384155,,0.1181805431842804,,0.11915837228298187,,0.15804436802864075,,
,0.001,125,,,,,,,,,,,,,,,,,,,,,
125,,125,,,,,,,,,,0.004061071202158928,,0.001004671910777688,,0.2856900990009308,,0.12178638577461243,,0.1271442025899887,,0.17330367863178253,0.16291965544223785
125,,125,0.939262866973877,1.0,1.0,0.873046875,0.9482421875,0.953369140625,0.9359130859375,0.16291965544223785,0.004061071202158928,,0.001004671910777688,,0.2856900990009308,,0.12178638577461243,,0.1271442025899887,,0.17330367863178253,,
,0.001,126,,,,,,,,,,,,,,,,,,,,,
126,,126,,,,,,,,,,0.00588659942150116,,0.0012538875453174114,,0.27142858505249023,,0.11426280438899994,,0.11762060225009918,,0.1593191921710968,0.15012477338314056
126,,126,0.9413232803344727,1.0,1.0,0.873046875,0.95361328125,0.9566650390625,0.9375,0.15012477338314056,0.00588659942150116,,0.0012538875453174114,,0.27142858505249023,,0.11426280438899994,,0.11762060225009918,,0.1593191921710968,,
,0.001,127,,,,,,,,,,,,,,,,,,,,,
127,,127,,,,,,,,,,0.00521442387253046,,0.001171322539448738,,0.2731022536754608,,0.11533775180578232,,0.12789306044578552,,0.16146805882453918,0.15373264253139496
127,,127,0.9416437745094299,1.0,1.0,0.875,0.95556640625,0.9522705078125,0.938873291015625,0.15373264253139496,0.00521442387253046,,0.001171322539448738,,0.2731022536754608,,0.11533775180578232,,0.12789306044578552,,0.16146805882453918,,
,0.001,128,,,,,,,,,,,,,,,,,,,,,
128,,128,,,,,,,,,,0.0043168929405510426,,0.0010634537320584059,,0.26972728967666626,,0.11017291992902756,,0.11594982445240021,,0.15297174453735352,0.14483626186847687
128,,128,0.945100724697113,1.0,1.0,0.869140625,0.9541015625,0.9559326171875,0.9427490234375,0.14483626186847687,0.0043168929405510426,,0.0010634537320584059,,0.26972728967666626,,0.11017291992902756,,0.11594982445240021,,0.15297174453735352,,
,0.001,129,,,,,,,,,,,,,,,,,,,,,
129,,129,,,,,,,,,,0.004818613175302744,,0.001171973068267107,,0.27589860558509827,,0.11387629806995392,,0.11761917173862457,,0.15183228254318237,0.1445412039756775
129,,129,0.9444826245307922,1.0,1.0,0.876953125,0.94677734375,0.9556884765625,0.94232177734375,0.1445412039756775,0.004818613175302744,,0.001171973068267107,,0.27589860558509827,,0.11387629806995392,,0.11761917173862457,,0.15183228254318237,,
,0.001,130,,,,,,,,,,,,,,,,,,,,,
130,,130,,,,,,,,,,0.004800579976290464,,0.0011787936091423035,,0.2730201184749603,,0.1111827939748764,,0.1149185374379158,,0.14589935541152954,0.1394239068031311
130,,130,0.9464514851570129,1.0,1.0,0.875,0.9482421875,0.95654296875,0.944671630859375,0.1394239068031311,0.004800579976290464,,0.0011787936091423035,,0.2730201184749603,,0.1111827939748764,,0.1149185374379158,,0.14589935541152954,,
,0.001,131,,,,,,,,,,,,,,,,,,,,,
131,,131,,,,,,,,,,0.005111838690936565,,0.0012327379081398249,,0.2817280888557434,,0.11018683761358261,,0.1149088516831398,,0.14477412402629852,0.13863371312618256
131,,131,0.9470696449279785,1.0,1.0,0.875,0.95361328125,0.9556884765625,0.94537353515625,0.13863371312618256,0.005111838690936565,,0.0012327379081398249,,0.2817280888557434,,0.11018683761358261,,0.1149088516831398,,0.14477412402629852,,
,0.001,132,,,,,,,,,,,,,,,,,,,,,
132,,132,,,,,,,,,,0.004717767238616943,,0.0011571900686249137,,0.27417612075805664,,0.11365536600351334,,0.11371569335460663,,0.1416049301624298,0.13610605895519257
132,,132,0.9475733041763306,1.0,1.0,0.876953125,0.95361328125,0.957275390625,0.94561767578125,0.13610605895519257,0.004717767238616943,,0.0011571900686249137,,0.27417612075805664,,0.11365536600351334,,0.11371569335460663,,0.1416049301624298,,
,0.001,133,,,,,,,,,,,,,,,,,,,,,
133,,133,,,,,,,,,,0.0034659572411328554,,0.0009126628865487874,,0.2818162143230438,,0.11353607475757599,,0.11285307258367538,,0.1382603943347931,0.13351759314537048
133,,133,0.9482371807098389,1.0,1.0,0.873046875,0.95361328125,0.9571533203125,0.94659423828125,0.13351759314537048,0.0034659572411328554,,0.0009126628865487874,,0.2818162143230438,,0.11353607475757599,,0.11285307258367538,,0.1382603943347931,,
,0.001,134,,,,,,,,,,,,,,,,,,,,,
134,,134,,,,,,,,,,0.003308420069515705,,0.000878098129760474,,0.2801756262779236,,0.10318959504365921,,0.1124536469578743,,0.13471512496471405,0.13027852773666382
134,,134,0.9491987228393555,1.0,1.0,0.869140625,0.95556640625,0.95751953125,0.947723388671875,0.13027852773666382,0.003308420069515705,,0.000878098129760474,,0.2801756262779236,,0.10318959504365921,,0.1124536469578743,,0.13471512496471405,,
,0.001,135,,,,,,,,,,,,,,,,,,,,,
135,,135,,,,,,,,,,0.0036284581292420626,,0.0009454396786168218,,0.27926167845726013,,0.11273699998855591,,0.10718758404254913,,0.13401338458061218,0.12920182943344116
135,,135,0.9502976536750793,1.0,1.0,0.876953125,0.9501953125,0.958740234375,0.9490966796875,0.12920182943344116,0.0036284581292420626,,0.0009454396786168218,,0.27926167845726013,,0.11273699998855591,,0.10718758404254913,,0.13401338458061218,,
,0.001,136,,,,,,,,,,,,,,,,,,,,,
136,,136,,,,,,,,,,0.003040098585188389,,0.0008239695453085005,,0.26814132928848267,,0.10524992644786835,,0.10596009343862534,,0.1324121356010437,0.12728822231292725
136,,136,0.9510531425476074,1.0,1.0,0.876953125,0.95703125,0.95947265625,0.949493408203125,0.12728822231292725,0.003040098585188389,,0.0008239695453085005,,0.26814132928848267,,0.10524992644786835,,0.10596009343862534,,0.1324121356010437,,
,0.001,137,,,,,,,,,,,,,,,,,,,,,
137,,137,,,,,,,,,,0.0029428766574710608,,0.0007991623715497553,,0.26697999238967896,,0.09978228807449341,,0.10307169705629349,,0.12918077409267426,0.12405227869749069
137,,137,0.9522436261177063,1.0,1.0,0.875,0.955078125,0.9615478515625,0.950714111328125,0.12405227869749069,0.0029428766574710608,,0.0007991623715497553,,0.26697999238967896,,0.09978228807449341,,0.10307169705629349,,0.12918077409267426,,
,0.001,138,,,,,,,,,,,,,,,,,,,,,
138,,138,,,,,,,,,,0.002625948516651988,,0.0007267126929946244,,0.2758063077926636,,0.10245164483785629,,0.10531555116176605,,0.12568926811218262,0.12208200991153717
138,,138,0.9530906677246094,1.0,1.0,0.875,0.95458984375,0.9593505859375,0.952423095703125,0.12208200991153717,0.002625948516651988,,0.0007267126929946244,,0.2758063077926636,,0.10245164483785629,,0.10531555116176605,,0.12568926811218262,,
,0.001,139,,,,,,,,,,,,,,,,,,,,,
139,,139,,,,,,,,,,0.002676597097888589,,0.0007167637813836336,,0.27396267652511597,,0.10091591626405716,,0.10137324035167694,,0.12285211682319641,0.11912064999341965
139,,139,0.9541895985603333,1.0,1.0,0.875,0.95703125,0.961181640625,0.953277587890625,0.11912064999341965,0.002676597097888589,,0.0007167637813836336,,0.27396267652511597,,0.10091591626405716,,0.10137324035167694,,0.12285211682319641,,
,0.001,140,,,,,,,,,,,,,,,,,,,,,
140,,140,,,,,,,,,,0.0026102541014552116,,0.0006764750578440726,,0.2689027488231659,,0.09662791341543198,,0.10178705304861069,,0.1213633269071579,0.1178208589553833
140,,140,0.9542811512947083,1.0,1.0,0.873046875,0.95751953125,0.961669921875,0.953277587890625,0.1178208589553833,0.0026102541014552116,,0.0006764750578440726,,0.2689027488231659,,0.09662791341543198,,0.10178705304861069,,0.1213633269071579,,
,0.001,141,,,,,,,,,,,,,,,,,,,,,
141,,141,,,,,,,,,,0.0020785173401236534,,0.0005691138794645667,,0.27411770820617676,,0.09499400854110718,,0.10157623887062073,,0.11972799897193909,0.11653835326433182
141,,141,0.9546016454696655,1.0,1.0,0.873046875,0.955078125,0.960205078125,0.9542236328125,0.11653835326433182,0.0020785173401236534,,0.0005691138794645667,,0.27411770820617676,,0.09499400854110718,,0.10157623887062073,,0.11972799897193909,,
,0.001,142,,,,,,,,,,,,,,,,,,,,,
142,,142,,,,,,,,,,0.0023550651967525482,,0.000619832775555551,,0.2690966725349426,,0.09622476994991302,,0.09773194789886475,,0.12386956810951233,0.11892350763082504
142,,142,0.9534341096878052,1.0,1.0,0.876953125,0.955078125,0.961669921875,0.952239990234375,0.11892350763082504,0.0023550651967525482,,0.000619832775555551,,0.2690966725349426,,0.09622476994991302,,0.09773194789886475,,0.12386956810951233,,
,0.001,143,,,,,,,,,,,,,,,,,,,,,
143,,143,,,,,,,,,,0.001652305480092764,,0.0004889923147857189,,0.2772698998451233,,0.09884052723646164,,0.10114692896604538,,0.14190229773521423,0.13330936431884766
143,,143,0.951602578163147,1.0,1.0,0.87109375,0.95849609375,0.9613037109375,0.94976806640625,0.13330936431884766,0.001652305480092764,,0.0004889923147857189,,0.2772698998451233,,0.09884052723646164,,0.10114692896604538,,0.14190229773521423,,
,0.001,144,,,,,,,,,,,,,,,,,,,,,
144,,144,,,,,,,,,,0.0030996394343674183,,0.0008319879416376352,,0.3175053298473358,,0.10194701701402664,,0.12029577791690826,,0.15179255604743958,0.14493951201438904
144,,144,0.9407967329025269,1.0,1.0,0.876953125,0.9501953125,0.950927734375,0.938385009765625,0.14493951201438904,0.0030996394343674183,,0.0008319879416376352,,0.3175053298473358,,0.10194701701402664,,0.12029577791690826,,0.15179255604743958,,
,0.001,145,,,,,,,,,,,,,,,,,,,,,
145,,145,,,,,,,,,,0.002245049923658371,,0.0006891237571835518,,0.2669747769832611,,0.09264907985925674,,0.0981723815202713,,0.1171233206987381,0.11375278979539871
145,,145,0.9558837413787842,1.0,1.0,0.873046875,0.95703125,0.9613037109375,0.955535888671875,0.11375278979539871,0.002245049923658371,,0.0006891237571835518,,0.2669747769832611,,0.09264907985925674,,0.0981723815202713,,0.1171233206987381,,
,0.001,146,,,,,,,,,,,,,,,,,,,,,
146,,146,,,,,,,,,,0.00205163168720901,,0.0006426695035770535,,0.278620183467865,,0.09810587763786316,,0.11141972243785858,,0.13014444708824158,0.12639757990837097
146,,146,0.9520833492279053,1.0,1.0,0.87109375,0.958984375,0.956298828125,0.951629638671875,0.12639757990837097,0.00205163168720901,,0.0006426695035770535,,0.278620183467865,,0.09810587763786316,,0.11141972243785858,,0.13014444708824158,,
,0.001,147,,,,,,,,,,,,,,,,,,,,,
147,,147,,,,,,,,,,0.003197202691808343,,0.0009317098301835358,,0.2697392702102661,,0.09396756440401077,,0.099634550511837,,0.1167667955160141,0.11385518312454224
147,,147,0.9551740288734436,1.0,1.0,0.876953125,0.95751953125,0.9627685546875,0.954132080078125,0.11385518312454224,0.003197202691808343,,0.0009317098301835358,,0.2697392702102661,,0.09396756440401077,,0.099634550511837,,0.1167667955160141,,
,0.001,148,,,,,,,,,,,,,,,,,,,,,
148,,148,,,,,,,,,,0.003936044406145811,,0.0011285581858828664,,0.27478331327438354,,0.09970346093177795,,0.10848553478717804,,0.11796308308839798,0.11674176901578903
148,,148,0.954807698726654,1.0,1.0,0.876953125,0.95703125,0.957763671875,0.954925537109375,0.11674176901578903,0.003936044406145811,,0.0011285581858828664,,0.27478331327438354,,0.09970346093177795,,0.10848553478717804,,0.11796308308839798,,
,0.001,149,,,,,,,,,,,,,,,,,,,,,
149,,149,,,,,,,,,,0.0033404999412596226,,0.0009428722551092505,,0.2679039537906647,,0.09041255712509155,,0.09506945312023163,,0.11272487044334412,0.10977877676486969
149,,149,0.9575549364089966,1.0,1.0,0.869140625,0.95703125,0.9635009765625,0.957275390625,0.10977877676486969,0.0033404999412596226,,0.0009428722551092505,,0.2679039537906647,,0.09041255712509155,,0.09506945312023163,,0.11272487044334412,,
,0.001,150,,,,,,,,,,,,,,,,,,,,,
150,,150,,,,,,,,,,0.0033439453691244125,,0.0008886080468073487,,0.276111364364624,,0.09515230357646942,,0.099668487906456,,0.1138683557510376,0.11181740462779999
150,,150,0.9571657776832581,1.0,1.0,0.869140625,0.95947265625,0.9627685546875,0.956787109375,0.11181740462779999,0.0033439453691244125,,0.0008886080468073487,,0.276111364364624,,0.09515230357646942,,0.099668487906456,,0.1138683557510376,,
,0.001,151,,,,,,,,,,,,,,,,,,,,,
151,,151,,,,,,,,,,0.00418774364516139,,0.0010713047813624144,,0.271736204624176,,0.09101685881614685,,0.09331563115119934,,0.10930759459733963,0.10696052759885788
151,,151,0.9589972496032715,1.0,1.0,0.87109375,0.9599609375,0.9647216796875,0.95867919921875,0.10696052759885788,0.00418774364516139,,0.0010713047813624144,,0.271736204624176,,0.09101685881614685,,0.09331563115119934,,0.10930759459733963,,
,0.001,152,,,,,,,,,,,,,,,,,,,,,
152,,152,,,,,,,,,,0.004624742548912764,,0.001202206825837493,,0.27113083004951477,,0.08657523989677429,,0.09097298979759216,,0.10717743635177612,0.10470851510763168
152,,152,0.9597985744476318,1.0,1.0,0.875,0.96142578125,0.9639892578125,0.95977783203125,0.10470851510763168,0.004624742548912764,,0.001202206825837493,,0.27113083004951477,,0.08657523989677429,,0.09097298979759216,,0.10717743635177612,,
,0.001,153,,,,,,,,,,,,,,,,,,,,,
153,,153,,,,,,,,,,0.004092176910489798,,0.0010628236923366785,,0.267853319644928,,0.08661611378192902,,0.09008008241653442,,0.10558515042066574,0.1033092513680458
153,,153,0.9597985744476318,1.0,1.0,0.876953125,0.96044921875,0.9635009765625,0.959930419921875,0.1033092513680458,0.004092176910489798,,0.0010628236923366785,,0.267853319644928,,0.08661611378192902,,0.09008008241653442,,0.10558515042066574,,
,0.001,154,,,,,,,,,,,,,,,,,,,,,
154,,154,,,,,,,,,,0.0036572017706930637,,0.0009220702922903001,,0.26710906624794006,,0.0851789265871048,,0.08653269708156586,,0.10287579149007797,0.1005345955491066
154,,154,0.9604853391647339,1.0,1.0,0.876953125,0.96240234375,0.966552734375,0.9599609375,0.1005345955491066,0.0036572017706930637,,0.0009220702922903001,,0.26710906624794006,,0.0851789265871048,,0.08653269708156586,,0.10287579149007797,,
,0.001,155,,,,,,,,,,,,,,,,,,,,,
155,,155,,,,,,,,,,0.003655063919723034,,0.0008915000944398344,,0.26674744486808777,,0.08368527889251709,,0.08676408231258392,,0.10020175576210022,0.09849762171506882
155,,155,0.9621794819831848,1.0,1.0,0.876953125,0.9619140625,0.9661865234375,0.96234130859375,0.09849762171506882,0.003655063919723034,,0.0008915000944398344,,0.26674744486808777,,0.08368527889251709,,0.08676408231258392,,0.10020175576210022,,
,0.001,156,,,,,,,,,,,,,,,,,,,,,
156,,156,,,,,,,,,,0.0035051594022661448,,0.0008415436604991555,,0.2658438980579376,,0.08430348336696625,,0.08500906080007553,,0.0983826071023941,0.09682191163301468
156,,156,0.9625915884971619,1.0,1.0,0.876953125,0.9619140625,0.9671630859375,0.962646484375,0.09682191163301468,0.0035051594022661448,,0.0008415436604991555,,0.2658438980579376,,0.08430348336696625,,0.08500906080007553,,0.0983826071023941,,
,0.001,157,,,,,,,,,,,,,,,,,,,,,
157,,157,,,,,,,,,,0.003267903346568346,,0.0007710370700806379,,0.2651671767234802,,0.08406087756156921,,0.08405596017837524,,0.09526151418685913,0.09428208321332932
157,,157,0.9635531306266785,1.0,1.0,0.876953125,0.96435546875,0.9674072265625,0.963714599609375,0.09428208321332932,0.003267903346568346,,0.0007710370700806379,,0.2651671767234802,,0.08406087756156921,,0.08405596017837524,,0.09526151418685913,,
,0.001,158,,,,,,,,,,,,,,,,,,,,,
158,,158,,,,,,,,,,0.0033169749658554792,,0.0007385220378637314,,0.2733418345451355,,0.08072874695062637,,0.08259442448616028,,0.09419786930084229,0.0931495800614357
158,,158,0.964354395866394,1.0,1.0,0.873046875,0.9619140625,0.9683837890625,0.964752197265625,0.0931495800614357,0.0033169749658554792,,0.0007385220378637314,,0.2733418345451355,,0.08072874695062637,,0.08259442448616028,,0.09419786930084229,,
,0.001,159,,,,,,,,,,,,,,,,,,,,,
159,,159,,,,,,,,,,0.0030433074571192265,,0.0006616649916395545,,0.26964038610458374,,0.08153703808784485,,0.0814952701330185,,0.08944597840309143,0.08937273174524307
159,,159,0.9657280445098877,1.0,1.0,0.869140625,0.96533203125,0.9693603515625,0.9661865234375,0.08937273174524307,0.0030433074571192265,,0.0006616649916395545,,0.26964038610458374,,0.08153703808784485,,0.0814952701330185,,0.08944597840309143,,
,0.001,160,,,,,,,,,,,,,,,,,,,,,
160,,160,,,,,,,,,,0.0028249616734683514,,0.0005995128303766251,,0.26926690340042114,,0.08120530843734741,,0.08006729930639267,,0.0893160030245781,0.08898714929819107
160,,160,0.9660027623176575,1.0,1.0,0.87109375,0.96533203125,0.96923828125,0.966552734375,0.08898714929819107,0.0028249616734683514,,0.0005995128303766251,,0.26926690340042114,,0.08120530843734741,,0.08006729930639267,,0.0893160030245781,,
,0.001,161,,,,,,,,,,,,,,,,,,,,,
161,,161,,,,,,,,,,0.0026739814784377813,,0.0005515347002074122,,0.26602262258529663,,0.0797819122672081,,0.07779981940984726,,0.08572284132242203,0.08576133847236633
161,,161,0.9671703577041626,1.0,1.0,0.876953125,0.966796875,0.9697265625,0.967803955078125,0.08576133847236633,0.0026739814784377813,,0.0005515347002074122,,0.26602262258529663,,0.0797819122672081,,0.07779981940984726,,0.08572284132242203,,
,0.001,162,,,,,,,,,,,,,,,,,,,,,
162,,162,,,,,,,,,,0.0024467550683766603,,0.000489821017254144,,0.2721352279186249,,0.0776141881942749,,0.07651446759700775,,0.08410685509443283,0.08427765965461731
162,,162,0.9671016931533813,1.0,1.0,0.876953125,0.966796875,0.9693603515625,0.967803955078125,0.08427765965461731,0.0024467550683766603,,0.000489821017254144,,0.2721352279186249,,0.0776141881942749,,0.07651446759700775,,0.08410685509443283,,
,0.001,163,,,,,,,,,,,,,,,,,,,,,
163,,163,,,,,,,,,,0.002319504739716649,,0.0004520215152297169,,0.26885995268821716,,0.07562091946601868,,0.07381901144981384,,0.08106175065040588,0.08135569840669632
163,,163,0.968154788017273,1.0,1.0,0.876953125,0.9658203125,0.971435546875,0.96875,0.08135569840669632,0.002319504739716649,,0.0004520215152297169,,0.26885995268821716,,0.07562091946601868,,0.07381901144981384,,0.08106175065040588,,
,0.001,164,,,,,,,,,,,,,,,,,,,,,
164,,164,,,,,,,,,,0.0020818482153117657,,0.0004115989140700549,,0.26479190587997437,,0.07638060301542282,,0.07315029203891754,,0.08036178350448608,0.080692820250988
164,,164,0.9693223834037781,1.0,1.0,0.87109375,0.96923828125,0.972412109375,0.969940185546875,0.080692820250988,0.0020818482153117657,,0.0004115989140700549,,0.26479190587997437,,0.07638060301542282,,0.07315029203891754,,0.08036178350448608,,
,0.001,165,,,,,,,,,,,,,,,,,,,,,
165,,165,,,,,,,,,,0.0022176930215209723,,0.00041818185127340257,,0.27464988827705383,,0.07977943122386932,,0.07320810854434967,,0.08007118105888367,0.08076069504022598
165,,165,0.9682921171188354,1.0,1.0,0.873046875,0.96484375,0.970947265625,0.96917724609375,0.08076069504022598,0.0022176930215209723,,0.00041818185127340257,,0.27464988827705383,,0.07977943122386932,,0.07320810854434967,,0.08007118105888367,,
,0.001,166,,,,,,,,,,,,,,,,,,,,,
166,,166,,,,,,,,,,0.0014894831692799926,,0.00031990432762540877,,0.28595080971717834,,0.07972845435142517,,0.07888264954090118,,0.0937356948852539,0.09220506250858307
166,,166,0.964171290397644,1.0,1.0,0.87109375,0.9609375,0.97021484375,0.964141845703125,0.09220506250858307,0.0014894831692799926,,0.00031990432762540877,,0.28595080971717834,,0.07972845435142517,,0.07888264954090118,,0.0937356948852539,,
,0.001,167,,,,,,,,,,,,,,,,,,,,,
167,,167,,,,,,,,,,0.002393121598288417,,0.00042804161785170436,,0.27706876397132874,,0.07574652135372162,,0.0825670063495636,,0.12803742289543152,0.11833880096673965
167,,167,0.9500916004180908,1.0,1.0,0.873046875,0.966796875,0.967041015625,0.945770263671875,0.11833880096673965,0.002393121598288417,,0.00042804161785170436,,0.27706876397132874,,0.07574652135372162,,0.0825670063495636,,0.12803742289543152,,
,0.001,168,,,,,,,,,,,,,,,,,,,,,
168,,168,,,,,,,,,,0.001997858053073287,,0.0003799028927460313,,0.2655094861984253,,0.07851465046405792,,0.06845274567604065,,0.09156642109155655,0.08832566440105438
168,,168,0.9654991030693054,1.0,1.0,0.876953125,0.96435546875,0.9732666015625,0.96484375,0.08832566440105438,0.001997858053073287,,0.0003799028927460313,,0.2655094861984253,,0.07851465046405792,,0.06845274567604065,,0.09156642109155655,,
,0.001,169,,,,,,,,,,,,,,,,,,,,,
169,,169,,,,,,,,,,0.0017847575945779681,,0.00038151093758642673,,0.2670143246650696,,0.08239872753620148,,0.07812505960464478,,0.10791958123445511,0.1026071310043335
169,,169,0.9608287811279297,1.0,1.0,0.873046875,0.9658203125,0.970458984375,0.95928955078125,0.1026071310043335,0.0017847575945779681,,0.00038151093758642673,,0.2670143246650696,,0.08239872753620148,,0.07812505960464478,,0.10791958123445511,,
,0.001,170,,,,,,,,,,,,,,,,,,,,,
170,,170,,,,,,,,,,0.0029932716861367226,,0.000524305971339345,,0.27247533202171326,,0.0815296471118927,,0.07698702812194824,,0.09352967143058777,0.09162319451570511
170,,170,0.9630723595619202,1.0,1.0,0.876953125,0.96484375,0.9688720703125,0.962677001953125,0.09162319451570511,0.0029932716861367226,,0.000524305971339345,,0.27247533202171326,,0.0815296471118927,,0.07698702812194824,,0.09352967143058777,,
,0.001,171,,,,,,,,,,,,,,,,,,,,,
171,,171,,,,,,,,,,0.0035475671757012606,,0.0005595110123977065,,0.27129098773002625,,0.09056071937084198,,0.08014268428087234,,0.10113824158906937,0.09833290427923203
171,,171,0.9606913924217224,1.0,1.0,0.876953125,0.95556640625,0.969482421875,0.959930419921875,0.09833290427923203,0.0035475671757012606,,0.0005595110123977065,,0.27129098773002625,,0.09056071937084198,,0.08014268428087234,,0.10113824158906937,,
,0.001,172,,,,,,,,,,,,,,,,,,,,,
172,,172,,,,,,,,,,0.00280831940472126,,0.0004829663666896522,,0.2698071300983429,,0.07084834575653076,,0.07338055223226547,,0.08185471594333649,0.08165612071752548
172,,172,0.9675366282463074,1.0,1.0,0.87109375,0.96728515625,0.9703369140625,0.96820068359375,0.08165612071752548,0.00280831940472126,,0.0004829663666896522,,0.2698071300983429,,0.07084834575653076,,0.07338055223226547,,0.08185471594333649,,
,0.001,173,,,,,,,,,,,,,,,,,,,,,
173,,173,,,,,,,,,,0.002703465986996889,,0.0004672692157328129,,0.2715712785720825,,0.08523742854595184,,0.07771804928779602,,0.09127146750688553,0.0902290940284729
173,,173,0.9648580551147461,1.0,1.0,0.87109375,0.96484375,0.969970703125,0.964874267578125,0.0902290940284729,0.002703465986996889,,0.0004672692157328129,,0.2715712785720825,,0.08523742854595184,,0.07771804928779602,,0.09127146750688553,,
,0.001,174,,,,,,,,,,,,,,,,,,,,,
174,,174,,,,,,,,,,0.0031832996755838394,,0.0004978591459803283,,0.26587629318237305,,0.0807642713189125,,0.070949986577034,,0.08353603631258011,0.08288073539733887
174,,174,0.9676740169525146,1.0,1.0,0.873046875,0.96435546875,0.9715576171875,0.968231201171875,0.08288073539733887,0.0031832996755838394,,0.0004978591459803283,,0.26587629318237305,,0.0807642713189125,,0.070949986577034,,0.08353603631258011,,
,0.001,175,,,,,,,,,,,,,,,,,,,,,
175,,175,,,,,,,,,,0.0036662286147475243,,0.0005323183140717447,,0.27038830518722534,,0.07783768326044083,,0.07128019630908966,,0.07838912308216095,0.0789976641535759
175,,175,0.9689560532569885,1.0,1.0,0.875,0.9677734375,0.971923828125,0.9696044921875,0.0789976641535759,0.0036662286147475243,,0.0005323183140717447,,0.27038830518722534,,0.07783768326044083,,0.07128019630908966,,0.07838912308216095,,
,0.001,176,,,,,,,,,,,,,,,,,,,,,
176,,176,,,,,,,,,,0.0037637364584952593,,0.0005383016541600227,,0.2720305323600769,,0.0757678896188736,,0.07016167789697647,,0.07964475452899933,0.07965213805437088
176,,176,0.969162106513977,1.0,1.0,0.873046875,0.9677734375,0.975341796875,0.96905517578125,0.07965213805437088,0.0037637364584952593,,0.0005383016541600227,,0.2720305323600769,,0.0757678896188736,,0.07016167789697647,,0.07964475452899933,,
,0.001,177,,,,,,,,,,,,,,,,,,,,,
177,,177,,,,,,,,,,0.0033311136066913605,,0.0004971094895154238,,0.26468515396118164,,0.07453355193138123,,0.06911195069551468,,0.07590534538030624,0.0765056163072586
177,,177,0.9700549840927124,1.0,1.0,0.876953125,0.96484375,0.9744873046875,0.9705810546875,0.0765056163072586,0.0033311136066913605,,0.0004971094895154238,,0.26468515396118164,,0.07453355193138123,,0.06911195069551468,,0.07590534538030624,,
,0.001,178,,,,,,,,,,,,,,,,,,,,,
178,,178,,,,,,,,,,0.0031463427003473043,,0.00048421151586808264,,0.2675451934337616,,0.07205402106046677,,0.06620948016643524,,0.0734294205904007,0.07402096688747406
178,,178,0.9712225198745728,1.0,1.0,0.875,0.97021484375,0.9752197265625,0.971649169921875,0.07402096688747406,0.0031463427003473043,,0.00048421151586808264,,0.2675451934337616,,0.07205402106046677,,0.06620948016643524,,0.0734294205904007,,
,0.001,179,,,,,,,,,,,,,,,,,,,,,
179,,179,,,,,,,,,,0.0031201986130326986,,0.00047268252819776535,,0.2669067084789276,,0.07381317764520645,,0.06542880088090897,,0.07071375101804733,0.0719122514128685
179,,179,0.9720009565353394,1.0,1.0,0.875,0.96435546875,0.974609375,0.97320556640625,0.0719122514128685,0.0031201986130326986,,0.00047268252819776535,,0.2669067084789276,,0.07381317764520645,,0.06542880088090897,,0.07071375101804733,,
,0.001,180,,,,,,,,,,,,,,,,,,,,,
180,,180,,,,,,,,,,0.0027576773427426815,,0.00040798657573759556,,0.26553887128829956,,0.07237803936004639,,0.06166017800569534,,0.06939563155174255,0.07013285160064697
180,,180,0.9722756743431091,1.0,1.0,0.873046875,0.96484375,0.976806640625,0.9730224609375,0.07013285160064697,0.0027576773427426815,,0.00040798657573759556,,0.26553887128829956,,0.07237803936004639,,0.06166017800569534,,0.06939563155174255,,
,0.001,181,,,,,,,,,,,,,,,,,,,,,
181,,181,,,,,,,,,,0.0025506841484457254,,0.00035043456591665745,,0.2644319534301758,,0.0696050226688385,,0.0604296550154686,,0.06609699130058289,0.06728417426347733
181,,181,0.9734203219413757,1.0,1.0,0.876953125,0.970703125,0.976806640625,0.97412109375,0.06728417426347733,0.0025506841484457254,,0.00035043456591665745,,0.2644319534301758,,0.0696050226688385,,0.0604296550154686,,0.06609699130058289,,
,0.001,182,,,,,,,,,,,,,,,,,,,,,
182,,182,,,,,,,,,,0.0025969373527914286,,0.000319422222673893,,0.2673300802707672,,0.07204721122980118,,0.059357620775699615,,0.0649014562368393,0.06633467227220535
182,,182,0.973466157913208,1.0,1.0,0.876953125,0.96875,0.975830078125,0.97454833984375,0.06633467227220535,0.0025969373527914286,,0.000319422222673893,,0.2673300802707672,,0.07204721122980118,,0.059357620775699615,,0.0649014562368393,,
,0.001,183,,,,,,,,,,,,,,,,,,,,,
183,,183,,,,,,,,,,0.0021784401033073664,,0.00027482432778924704,,0.2650585472583771,,0.07101466506719589,,0.05841364711523056,,0.06147880107164383,0.06351453810930252
183,,183,0.9752289652824402,1.0,1.0,0.873046875,0.9677734375,0.976806640625,0.976776123046875,0.06351453810930252,0.0021784401033073664,,0.00027482432778924704,,0.2650585472583771,,0.07101466506719589,,0.05841364711523056,,0.06147880107164383,,
,0.001,184,,,,,,,,,,,,,,,,,,,,,
184,,184,,,,,,,,,,0.0020542489364743233,,0.0002668701345100999,,0.2639358341693878,,0.06968365609645844,,0.056063465774059296,,0.05915170907974243,0.061252348124980927
184,,184,0.9757784008979797,1.0,1.0,0.876953125,0.966796875,0.9791259765625,0.9769287109375,0.061252348124980927,0.0020542489364743233,,0.0002668701345100999,,0.2639358341693878,,0.06968365609645844,,0.056063465774059296,,0.05915170907974243,,
,0.001,185,,,,,,,,,,,,,,,,,,,,,
185,,185,,,,,,,,,,0.0018531783716753125,,0.0002522119029890746,,0.26606136560440063,,0.06883156299591064,,0.054392315447330475,,0.05743885785341263,0.059638749808073044
185,,185,0.9759615659713745,1.0,1.0,0.873046875,0.96826171875,0.977294921875,0.97760009765625,0.059638749808073044,0.0018531783716753125,,0.0002522119029890746,,0.26606136560440063,,0.06883156299591064,,0.054392315447330475,,0.05743885785341263,,
,0.001,186,,,,,,,,,,,,,,,,,,,,,
186,,186,,,,,,,,,,0.0015931545058265328,,0.00022208988957572728,,0.26531490683555603,,0.06481087952852249,,0.053321242332458496,,0.055316001176834106,0.05764779448509216
186,,186,0.9773351550102234,1.0,1.0,0.873046875,0.9716796875,0.9793701171875,0.97869873046875,0.05764779448509216,0.0015931545058265328,,0.00022208988957572728,,0.26531490683555603,,0.06481087952852249,,0.053321242332458496,,0.055316001176834106,,
,0.001,187,,,,,,,,,,,,,,,,,,,,,
187,,187,,,,,,,,,,0.0015891077928245068,,0.00020468961156439036,,0.2638046145439148,,0.06609369814395905,,0.05183008685708046,,0.05344302952289581,0.05600545182824135
187,,187,0.9779304265975952,1.0,1.0,0.873046875,0.9716796875,0.9801025390625,0.97930908203125,0.05600545182824135,0.0015891077928245068,,0.00020468961156439036,,0.2638046145439148,,0.06609369814395905,,0.05183008685708046,,0.05344302952289581,,
,0.001,188,,,,,,,,,,,,,,,,,,,,,
188,,188,,,,,,,,,,0.0011938833631575108,,0.00016529910499230027,,0.27431604266166687,,0.0698571726679802,,0.05231054872274399,,0.055269982665777206,0.05776537209749222
188,,188,0.9771749377250671,1.0,1.0,0.87109375,0.96923828125,0.97998046875,0.978515625,0.05776537209749222,0.0011938833631575108,,0.00016529910499230027,,0.27431604266166687,,0.0698571726679802,,0.05231054872274399,,0.055269982665777206,,
,0.001,189,,,,,,,,,,,,,,,,,,,,,
189,,189,,,,,,,,,,0.001782139646820724,,0.00019119227363262326,,0.2767060399055481,,0.06697863340377808,,0.061088502407073975,,0.07485233247280121,0.07399554550647736
189,,189,0.9704899191856384,1.0,1.0,0.876953125,0.97119140625,0.9744873046875,0.97076416015625,0.07399554550647736,0.001782139646820724,,0.00019119227363262326,,0.2767060399055481,,0.06697863340377808,,0.061088502407073975,,0.07485233247280121,,
,0.001,190,,,,,,,,,,,,,,,,,,,,,
190,,190,,,,,,,,,,0.0008995062671601772,,0.0001411036355420947,,0.2862139344215393,,0.06926389038562775,,0.05631215125322342,,0.09134811162948608,0.08569242060184479
190,,190,0.9676282405853271,1.0,1.0,0.87109375,0.966796875,0.9796142578125,0.966033935546875,0.08569242060184479,0.0008995062671601772,,0.0001411036355420947,,0.2862139344215393,,0.06926389038562775,,0.05631215125322342,,0.09134811162948608,,
,0.001,191,,,,,,,,,,,,,,,,,,,,,
191,,191,,,,,,,,,,0.001177451922558248,,0.00016666973533574492,,0.26931527256965637,,0.06737037003040314,,0.052961960434913635,,0.05307723954319954,0.056067366153001785
191,,191,0.9775183200836182,1.0,1.0,0.87109375,0.96923828125,0.979736328125,0.979034423828125,0.056067366153001785,0.001177451922558248,,0.00016666973533574492,,0.26931527256965637,,0.06737037003040314,,0.052961960434913635,,0.05307723954319954,,
,0.001,192,,,,,,,,,,,,,,,,,,,,,
192,,192,,,,,,,,,,0.0023315169382840395,,0.00024443597067147493,,0.30002716183662415,,0.08330530673265457,,0.05740270018577576,,0.08034423738718033,0.07846364378929138
192,,192,0.9672619104385376,1.0,1.0,0.845703125,0.9599609375,0.9754638671875,0.9674072265625,0.07846364378929138,0.0023315169382840395,,0.00024443597067147493,,0.30002716183662415,,0.08330530673265457,,0.05740270018577576,,0.08034423738718033,,
,0.001,193,,,,,,,,,,,,,,,,,,,,,
193,,193,,,,,,,,,,0.001652424456551671,,0.00020278277224861085,,0.27319782972335815,,0.06630335748195648,,0.049790531396865845,,0.05267654359340668,0.05516791343688965
193,,193,0.9783196449279785,1.0,1.0,0.876953125,0.96923828125,0.9813232421875,0.9796142578125,0.05516791343688965,0.001652424456551671,,0.00020278277224861085,,0.27319782972335815,,0.06630335748195648,,0.049790531396865845,,0.05267654359340668,,
,0.001,194,,,,,,,,,,,,,,,,,,,,,
194,,194,,,,,,,,,,0.0011854295153170824,,0.00016580568626523018,,0.2720155119895935,,0.07681205868721008,,0.054249975830316544,,0.0712953731417656,0.07045020163059235
194,,194,0.9723443388938904,1.0,1.0,0.87109375,0.966796875,0.978759765625,0.9725341796875,0.07045020163059235,0.0011854295153170824,,0.00016580568626523018,,0.2720155119895935,,0.07681205868721008,,0.054249975830316544,,0.0712953731417656,,
,0.001,195,,,,,,,,,,,,,,,,,,,,,
195,,195,,,,,,,,,,0.0019647832959890366,,0.00023025399423204362,,0.2712654173374176,,0.06505051255226135,,0.04947039112448692,,0.055146533995866776,0.056879736483097076
195,,195,0.9772207140922546,1.0,1.0,0.875,0.97265625,0.9801025390625,0.978271484375,0.056879736483097076,0.0019647832959890366,,0.00023025399423204362,,0.2712654173374176,,0.06505051255226135,,0.04947039112448692,,0.055146533995866776,,
,0.001,196,,,,,,,,,,,,,,,,,,,,,
196,,196,,,,,,,,,,0.0026353413704782724,,0.0002918663958553225,,0.26679250597953796,,0.07106272876262665,,0.052988193929195404,,0.06235282123088837,0.06317565590143204
196,,196,0.9753662943840027,1.0,1.0,0.875,0.9716796875,0.97998046875,0.97589111328125,0.06317565590143204,0.0026353413704782724,,0.0002918663958553225,,0.26679250597953796,,0.07106272876262665,,0.052988193929195404,,0.06235282123088837,,
,0.001,197,,,,,,,,,,,,,,,,,,,,,
197,,197,,,,,,,,,,0.0019511011196300387,,0.00023871535086072981,,0.2755524218082428,,0.06379992514848709,,0.046628255397081375,,0.04894040897488594,0.05168260261416435
197,,197,0.9791209101676941,1.0,1.0,0.87109375,0.9697265625,0.9820556640625,0.980560302734375,0.05168260261416435,0.0019511011196300387,,0.00023871535086072981,,0.2755524218082428,,0.06379992514848709,,0.046628255397081375,,0.04894040897488594,,
,0.001,198,,,,,,,,,,,,,,,,,,,,,
198,,198,,,,,,,,,,0.00154292699880898,,0.00020126340677961707,,0.290596604347229,,0.06653944402933121,,0.05161823332309723,,0.058226387947797775,0.059889014810323715
198,,198,0.9760302305221558,1.0,1.0,0.87109375,0.9697265625,0.9801025390625,0.9769287109375,0.059889014810323715,0.00154292699880898,,0.00020126340677961707,,0.290596604347229,,0.06653944402933121,,0.05161823332309723,,0.058226387947797775,,
,0.001,199,,,,,,,,,,,,,,,,,,,,,
199,,199,,,,,,,,,,0.0019524098606780171,,0.00022620204254053533,,0.26840388774871826,,0.0618802085518837,,0.04711055010557175,,0.04463512450456619,0.04836946725845337
199,,199,0.9806318879127502,1.0,1.0,0.87109375,0.97216796875,0.98193359375,0.982452392578125,0.04836946725845337,0.0019524098606780171,,0.00022620204254053533,,0.26840388774871826,,0.0618802085518837,,0.04711055010557175,,0.04463512450456619,,
,0.001,200,,,,,,,,,,,,,,,,,,,,,
200,,200,,,,,,,,,,0.0026619734708219767,,0.00026350392727181315,,0.2803810238838196,,0.06343728303909302,,0.045230716466903687,,0.04920613020658493,0.05166002735495567
200,,200,0.9801053404808044,1.0,1.0,0.876953125,0.97314453125,0.9827880859375,0.98138427734375,0.05166002735495567,0.0026619734708219767,,0.00026350392727181315,,0.2803810238838196,,0.06343728303909302,,0.045230716466903687,,0.04920613020658493,,
,0.001,201,,,,,,,,,,,,,,,,,,,,,
201,,201,,,,,,,,,,0.0024731545709073544,,0.00024056271649897099,,0.28969308733940125,,0.06826117634773254,,0.048414550721645355,,0.043440014123916626,0.04826662316918373
201,,201,0.9808837175369263,1.0,1.0,0.873046875,0.9697265625,0.9801025390625,0.983367919921875,0.04826662316918373,0.0024731545709073544,,0.00024056271649897099,,0.28969308733940125,,0.06826117634773254,,0.048414550721645355,,0.043440014123916626,,
,0.001,202,,,,,,,,,,,,,,,,,,,,,
202,,202,,,,,,,,,,0.0017728578532114625,,0.00018436904065310955,,0.2677198648452759,,0.062379058450460434,,0.044248323887586594,,0.04231627285480499,0.046108219772577286
202,,202,0.9811813235282898,1.0,1.0,0.876953125,0.96875,0.9820556640625,0.9832763671875,0.046108219772577286,0.0017728578532114625,,0.00018436904065310955,,0.2677198648452759,,0.062379058450460434,,0.044248323887586594,,0.04231627285480499,,
,0.001,203,,,,,,,,,,,,,,,,,,,,,
203,,203,,,,,,,,,,0.0016827721847221255,,0.00016544826212339103,,0.26674193143844604,,0.06520615518093109,,0.04365836828947067,,0.040883664041757584,0.04504382982850075
203,,203,0.9819597005844116,1.0,1.0,0.87109375,0.97265625,0.9830322265625,0.983917236328125,0.04504382982850075,0.0016827721847221255,,0.00016544826212339103,,0.26674193143844604,,0.06520615518093109,,0.04365836828947067,,0.040883664041757584,,
,0.001,204,,,,,,,,,,,,,,,,,,,,,
204,,204,,,,,,,,,,0.0020616245456039906,,0.00017119913536589593,,0.27012574672698975,,0.06879726052284241,,0.04296146333217621,,0.037480901926755905,0.042568765580654144
204,,204,0.983012855052948,1.0,1.0,0.87109375,0.97216796875,0.9825439453125,0.9854736328125,0.042568765580654144,0.0020616245456039906,,0.00017119913536589593,,0.27012574672698975,,0.06879726052284241,,0.04296146333217621,,0.037480901926755905,,
,0.001,205,,,,,,,,,,,,,,,,,,,,,
205,,205,,,,,,,,,,0.0018786415457725525,,0.0001582969562150538,,0.268856406211853,,0.06084315851330757,,0.04096833989024162,,0.03752840310335159,0.04184260591864586
205,,205,0.9828983545303345,1.0,1.0,0.87109375,0.9716796875,0.9833984375,0.985137939453125,0.04184260591864586,0.0018786415457725525,,0.0001582969562150538,,0.268856406211853,,0.06084315851330757,,0.04096833989024162,,0.03752840310335159,,
,0.001,206,,,,,,,,,,,,,,,,,,,,,
206,,206,,,,,,,,,,0.0012843701988458633,,0.00013141937961336225,,0.2699163854122162,,0.06699530780315399,,0.0418139323592186,,0.0341351181268692,0.03975597023963928
206,,206,0.9841346144676208,1.0,1.0,0.873046875,0.9677734375,0.9833984375,0.98699951171875,0.03975597023963928,0.0012843701988458633,,0.00013141937961336225,,0.2699163854122162,,0.06699530780315399,,0.0418139323592186,,0.0341351181268692,,
,0.001,207,,,,,,,,,,,,,,,,,,,,,
207,,207,,,,,,,,,,0.0010987442219629884,,0.00011899342644028366,,0.2649621367454529,,0.06454639881849289,,0.03953421115875244,,0.03329123929142952,0.03852228820323944
207,,207,0.9843635559082031,1.0,1.0,0.873046875,0.96826171875,0.9842529296875,0.987060546875,0.03852228820323944,0.0010987442219629884,,0.00011899342644028366,,0.2649621367454529,,0.06454639881849289,,0.03953421115875244,,0.03329123929142952,,
,0.001,208,,,,,,,,,,,,,,,,,,,,,
208,,208,,,,,,,,,,0.0012036467669531703,,0.00011663929035421461,,0.27617958188056946,,0.057521916925907135,,0.03974232077598572,,0.031190335750579834,0.03678746148943901
208,,208,0.9855082631111145,1.0,1.0,0.875,0.97314453125,0.98486328125,0.98809814453125,0.03678746148943901,0.0012036467669531703,,0.00011663929035421461,,0.27617958188056946,,0.057521916925907135,,0.03974232077598572,,0.031190335750579834,,
,0.001,209,,,,,,,,,,,,,,,,,,,,,
209,,209,,,,,,,,,,0.0012257928028702736,,0.00010948760609608144,,0.27366167306900024,,0.0642937570810318,,0.03783077746629715,,0.030370665714144707,0.036102045327425
209,,209,0.9860119223594666,1.0,1.0,0.875,0.97314453125,0.98583984375,0.988525390625,0.036102045327425,0.0012257928028702736,,0.00010948760609608144,,0.27366167306900024,,0.0642937570810318,,0.03783077746629715,,0.030370665714144707,,
,0.001,210,,,,,,,,,,,,,,,,,,,,,
210,,210,,,,,,,,,,0.0010003806091845036,,9.423044684808701e-05,,0.26666486263275146,,0.06051100045442581,,0.0390353724360466,,0.02879362367093563,0.034885309636592865
210,,210,0.9862408638000488,1.0,1.0,0.873046875,0.97314453125,0.9847412109375,0.9891357421875,0.034885309636592865,0.0010003806091845036,,9.423044684808701e-05,,0.26666486263275146,,0.06051100045442581,,0.0390353724360466,,0.02879362367093563,,
,0.001,211,,,,,,,,,,,,,,,,,,,,,
211,,211,,,,,,,,,,0.0008808070560917258,,8.710834663361311e-05,,0.2745554447174072,,0.056591298431158066,,0.0368887335062027,,0.02668585628271103,0.03281010687351227
211,,211,0.9862866401672363,1.0,1.0,0.873046875,0.97314453125,0.9847412109375,0.98919677734375,0.03281010687351227,0.0008808070560917258,,8.710834663361311e-05,,0.2745554447174072,,0.056591298431158066,,0.0368887335062027,,0.02668585628271103,,
,0.001,212,,,,,,,,,,,,,,,,,,,,,
212,,212,,,,,,,,,,0.0007711059297434986,,8.126757893478498e-05,,0.26880601048469543,,0.0566471591591835,,0.03511938452720642,,0.0261276513338089,0.031994644552469254
212,,212,0.9866300821304321,1.0,1.0,0.87109375,0.97216796875,0.9853515625,0.989593505859375,0.031994644552469254,0.0007711059297434986,,8.126757893478498e-05,,0.26880601048469543,,0.0566471591591835,,0.03511938452720642,,0.0261276513338089,,
,0.001,213,,,,,,,,,,,,,,,,,,,,,
213,,213,,,,,,,,,,0.000732868502382189,,7.73637875681743e-05,,0.266285240650177,,0.057274214923381805,,0.03564576059579849,,0.024491768330335617,0.03086596541106701
213,,213,0.9873397350311279,1.0,1.0,0.875,0.97119140625,0.9854736328125,0.990509033203125,0.03086596541106701,0.000732868502382189,,7.73637875681743e-05,,0.266285240650177,,0.057274214923381805,,0.03564576059579849,,0.024491768330335617,,
,0.001,214,,,,,,,,,,,,,,,,,,,,,
214,,214,,,,,,,,,,0.0007184546557255089,,7.384738273685798e-05,,0.2726554274559021,,0.056325145065784454,,0.033441588282585144,,0.023205220699310303,0.029517585411667824
214,,214,0.9877289533615112,1.0,1.0,0.875,0.97265625,0.9869384765625,0.990570068359375,0.029517585411667824,0.0007184546557255089,,7.384738273685798e-05,,0.2726554274559021,,0.056325145065784454,,0.033441588282585144,,0.023205220699310303,,
,0.001,215,,,,,,,,,,,,,,,,,,,,,
215,,215,,,,,,,,,,0.0006699701189063489,,6.872175436001271e-05,,0.26892799139022827,,0.05434264615178108,,0.0340602844953537,,0.022420745342969894,0.028908424079418182
215,,215,0.9881868362426758,1.0,1.0,0.875,0.97314453125,0.986328125,0.991302490234375,0.028908424079418182,0.0006699701189063489,,6.872175436001271e-05,,0.26892799139022827,,0.05434264615178108,,0.0340602844953537,,0.022420745342969894,,
,0.001,216,,,,,,,,,,,,,,,,,,,,,
216,,216,,,,,,,,,,0.0005800233921036124,,6.201668293215334e-05,,0.2645832300186157,,0.05488276481628418,,0.033501558005809784,,0.021467138081789017,0.028062568977475166
216,,216,0.9887362718582153,1.0,1.0,0.873046875,0.97412109375,0.987060546875,0.9918212890625,0.028062568977475166,0.0005800233921036124,,6.201668293215334e-05,,0.2645832300186157,,0.05488276481628418,,0.033501558005809784,,0.021467138081789017,,
,0.001,217,,,,,,,,,,,,,,,,,,,,,
217,,217,,,,,,,,,,0.0005615564878098667,,6.0318059695418924e-05,,0.26736390590667725,,0.055924851447343826,,0.03208496421575546,,0.022303573787212372,0.028505807742476463
217,,217,0.9881181716918945,1.0,1.0,0.873046875,0.97216796875,0.9866943359375,0.9912109375,0.028505807742476463,0.0005615564878098667,,6.0318059695418924e-05,,0.26736390590667725,,0.055924851447343826,,0.03208496421575546,,0.022303573787212372,,
,0.001,218,,,,,,,,,,,,,,,,,,,,,
218,,218,,,,,,,,,,0.0005066303419880569,,5.63247776881326e-05,,0.2703498601913452,,0.05877145007252693,,0.033633410930633545,,0.02731570415198803,0.032724641263484955
218,,218,0.9870879054069519,1.0,1.0,0.873046875,0.970703125,0.9864501953125,0.989990234375,0.032724641263484955,0.0005066303419880569,,5.63247776881326e-05,,0.2703498601913452,,0.05877145007252693,,0.033633410930633545,,0.02731570415198803,,
,0.001,219,,,,,,,,,,,,,,,,,,,,,
219,,219,,,,,,,,,,0.000620768463704735,,6.043726170901209e-05,,0.2695375978946686,,0.06726320087909698,,0.05083455145359039,,0.04102259874343872,0.04662204906344414
219,,219,0.9814331531524658,1.0,1.0,0.873046875,0.97021484375,0.979736328125,0.984161376953125,0.04662204906344414,0.000620768463704735,,6.043726170901209e-05,,0.2695375978946686,,0.06726320087909698,,0.05083455145359039,,0.04102259874343872,,
,0.001,220,,,,,,,,,,,,,,,,,,,,,
220,,220,,,,,,,,,,0.0003797286772169173,,5.015603528590873e-05,,0.27440178394317627,,0.06921349465847015,,0.06722964346408844,,0.0727049708366394,0.07361271232366562
220,,220,0.9744505882263184,1.0,1.0,0.875,0.96728515625,0.9765625,0.975799560546875,0.07361271232366562,0.0003797286772169173,,5.015603528590873e-05,,0.27440178394317627,,0.06921349465847015,,0.06722964346408844,,0.0727049708366394,,
,0.001,221,,,,,,,,,,,,,,,,,,,,,
221,,221,,,,,,,,,,0.001004786929115653,,7.024155638646334e-05,,0.2765815854072571,,0.06259824335575104,,0.047925494611263275,,0.062254082411527634,0.06186811998486519
221,,221,0.9781593680381775,1.0,1.0,0.875,0.97119140625,0.982421875,0.979034423828125,0.06186811998486519,0.001004786929115653,,7.024155638646334e-05,,0.2765815854072571,,0.06259824335575104,,0.047925494611263275,,0.062254082411527634,,
,0.001,222,,,,,,,,,,,,,,,,,,,,,
222,,222,,,,,,,,,,0.0006814065272919834,,7.226799061754718e-05,,0.2676289975643158,,0.06016840785741806,,0.04183332622051239,,0.04458193480968475,0.047249116003513336
222,,222,0.9815705418586731,1.0,1.0,0.869140625,0.97216796875,0.9842529296875,0.983154296875,0.047249116003513336,0.0006814065272919834,,7.226799061754718e-05,,0.2676289975643158,,0.06016840785741806,,0.04183332622051239,,0.04458193480968475,,
,0.001,223,,,,,,,,,,,,,,,,,,,,,
223,,223,,,,,,,,,,0.0006297035724855959,,7.432421261910349e-05,,0.2757605314254761,,0.06023532152175903,,0.040799763053655624,,0.046067748218774796,0.04826832935214043
223,,223,0.9807921648025513,1.0,1.0,0.87109375,0.970703125,0.98388671875,0.982269287109375,0.04826832935214043,0.0006297035724855959,,7.432421261910349e-05,,0.2757605314254761,,0.06023532152175903,,0.040799763053655624,,0.046067748218774796,,
,0.001,224,,,,,,,,,,,,,,,,,,,,,
224,,224,,,,,,,,,,0.0008671099785715342,,8.502240234520286e-05,,0.27148157358169556,,0.0621364526450634,,0.03987523913383484,,0.03882473707199097,0.042700543999671936
224,,224,0.983195960521698,1.0,1.0,0.876953125,0.97021484375,0.9847412109375,0.985198974609375,0.042700543999671936,0.0008671099785715342,,8.502240234520286e-05,,0.27148157358169556,,0.0621364526450634,,0.03987523913383484,,0.03882473707199097,,
,0.001,225,,,,,,,,,,,,,,,,,,,,,
225,,225,,,,,,,,,,0.0012215065071359277,,9.700184455141425e-05,,0.27281272411346436,,0.059542395174503326,,0.04120762646198273,,0.038152821362018585,0.042340636253356934
225,,225,0.9832875728607178,1.0,1.0,0.876953125,0.9716796875,0.9835205078125,0.98553466796875,0.042340636253356934,0.0012215065071359277,,9.700184455141425e-05,,0.27281272411346436,,0.059542395174503326,,0.04120762646198273,,0.038152821362018585,,
,0.001,226,,,,,,,,,,,,,,,,,,,,,
226,,226,,,,,,,,,,0.0015737541252747178,,0.0001069846039172262,,0.28591451048851013,,0.058110788464546204,,0.041675616055727005,,0.033394861966371536,0.03894580528140068
226,,226,0.9847298860549927,1.0,1.0,0.875,0.97412109375,0.983154296875,0.9874267578125,0.03894580528140068,0.0015737541252747178,,0.0001069846039172262,,0.28591451048851013,,0.058110788464546204,,0.041675616055727005,,0.033394861966371536,,
,0.001,227,,,,,,,,,,,,,,,,,,,,,
227,,227,,,,,,,,,,0.0017035985365509987,,0.0001080871734302491,,0.2851758897304535,,0.05993027985095978,,0.03983541205525398,,0.03245340287685394,0.03797116503119469
227,,227,0.9846382737159729,1.0,1.0,0.84765625,0.9716796875,0.9840087890625,0.9876708984375,0.03797116503119469,0.0017035985365509987,,0.0001080871734302491,,0.2851758897304535,,0.05993027985095978,,0.03983541205525398,,0.03245340287685394,,
,0.001,228,,,,,,,,,,,,,,,,,,,,,
228,,228,,,,,,,,,,0.0015767297009006143,,0.0001019783376250416,,0.27518633008003235,,0.06139387935400009,,0.04027649760246277,,0.030580993741750717,0.03660065680742264
228,,228,0.9847527742385864,1.0,1.0,0.873046875,0.97021484375,0.9822998046875,0.987945556640625,0.03660065680742264,0.0015767297009006143,,0.0001019783376250416,,0.27518633008003235,,0.06139387935400009,,0.04027649760246277,,0.030580993741750717,,
,0.001,229,,,,,,,,,,,,,,,,,,,,,
229,,229,,,,,,,,,,0.001423894427716732,,9.762764238985255e-05,,0.2811708450317383,,0.06033943593502045,,0.03683861345052719,,0.028322461992502213,0.03428216651082039
229,,229,0.9858974814414978,1.0,1.0,0.869140625,0.9697265625,0.98583984375,0.988677978515625,0.03428216651082039,0.001423894427716732,,9.762764238985255e-05,,0.2811708450317383,,0.06033943593502045,,0.03683861345052719,,0.028322461992502213,,
,0.001,230,,,,,,,,,,,,,,,,,,,,,
230,,230,,,,,,,,,,0.0013878247700631618,,9.62866615736857e-05,,0.29299595952033997,,0.05979744717478752,,0.03664127737283707,,0.027593854814767838,0.03381173685193062
230,,230,0.9865384697914124,1.0,1.0,0.873046875,0.9697265625,0.9859619140625,0.98944091796875,0.03381173685193062,0.0013878247700631618,,9.62866615736857e-05,,0.29299595952033997,,0.05979744717478752,,0.03664127737283707,,0.027593854814767838,,
,0.001,231,,,,,,,,,,,,,,,,,,,,,
231,,231,,,,,,,,,,0.001474246964789927,,9.57204683800228e-05,,0.2900526821613312,,0.057961974292993546,,0.036802224814891815,,0.025764165446162224,0.03234882280230522
231,,231,0.9872481822967529,1.0,1.0,0.873046875,0.97314453125,0.9857177734375,0.990234375,0.03234882280230522,0.001474246964789927,,9.57204683800228e-05,,0.2900526821613312,,0.057961974292993546,,0.036802224814891815,,0.025764165446162224,,
,0.001,232,,,,,,,,,,,,,,,,,,,,,
232,,232,,,,,,,,,,0.001608269871212542,,9.494567348156124e-05,,0.27217525243759155,,0.05893637239933014,,0.036514364182949066,,0.024100741371512413,0.030883191153407097
232,,232,0.988255500793457,1.0,1.0,0.876953125,0.9736328125,0.98583984375,0.991455078125,0.030883191153407097,0.001608269871212542,,9.494567348156124e-05,,0.27217525243759155,,0.05893637239933014,,0.036514364182949066,,0.024100741371512413,,
,0.001,233,,,,,,,,,,,,,,,,,,,,,
233,,233,,,,,,,,,,0.0016608743462711573,,9.366429003421217e-05,,0.26710933446884155,,0.0591185986995697,,0.03454815596342087,,0.022644899785518646,0.029371486976742744
233,,233,0.9888049364089966,1.0,1.0,0.875,0.97265625,0.987060546875,0.991973876953125,0.029371486976742744,0.0016608743462711573,,9.366429003421217e-05,,0.26710933446884155,,0.0591185986995697,,0.03454815596342087,,0.022644899785518646,,
,0.001,234,,,,,,,,,,,,,,,,,,,,,
234,,234,,,,,,,,,,0.0015522110043093562,,8.952214557211846e-05,,0.27447378635406494,,0.05666200816631317,,0.032592762261629105,,0.021565144881606102,0.028165796771645546
234,,234,0.9890568256378174,1.0,1.0,0.875,0.97314453125,0.9873046875,0.992218017578125,0.028165796771645546,0.0015522110043093562,,8.952214557211846e-05,,0.27447378635406494,,0.05666200816631317,,0.032592762261629105,,0.021565144881606102,,
,0.001,235,,,,,,,,,,,,,,,,,,,,,
235,,235,,,,,,,,,,0.0013344916515052319,,8.16848041722551e-05,,0.2706031799316406,,0.05615430325269699,,0.03221222013235092,,0.019875086843967438,0.026757219806313515
235,,235,0.9893544316291809,1.0,1.0,0.875,0.97216796875,0.9873046875,0.99267578125,0.026757219806313515,0.0013344916515052319,,8.16848041722551e-05,,0.2706031799316406,,0.05615430325269699,,0.03221222013235092,,0.019875086843967438,,
,0.001,236,,,,,,,,,,,,,,,,,,,,,
236,,236,,,,,,,,,,0.0012041230220347643,,7.55460059735924e-05,,0.2669478952884674,,0.05569954216480255,,0.03175177425146103,,0.018773483112454414,0.02578018046915531
236,,236,0.9899038672447205,1.0,1.0,0.875,0.9736328125,0.98681640625,0.993438720703125,0.02578018046915531,0.0012041230220347643,,7.55460059735924e-05,,0.2669478952884674,,0.05569954216480255,,0.03175177425146103,,0.018773483112454414,,
,0.001,237,,,,,,,,,,,,,,,,,,,,,
237,,237,,,,,,,,,,0.0011426832061260939,,7.089719292707741e-05,,0.2670460343360901,,0.05478063225746155,,0.030932042747735977,,0.01777813769876957,0.024837760254740715
237,,237,0.9902930855751038,1.0,1.0,0.87109375,0.97265625,0.987548828125,0.993896484375,0.024837760254740715,0.0011426832061260939,,7.089719292707741e-05,,0.2670460343360901,,0.05478063225746155,,0.030932042747735977,,0.01777813769876957,,
,0.001,238,,,,,,,,,,,,,,,,,,,,,
238,,238,,,,,,,,,,0.0010344398906454444,,6.529472739202902e-05,,0.26848161220550537,,0.05366862565279007,,0.029925258830189705,,0.01619022712111473,0.02342231012880802
238,,238,0.9908882975578308,1.0,1.0,0.87109375,0.9755859375,0.9866943359375,0.994720458984375,0.02342231012880802,0.0010344398906454444,,6.529472739202902e-05,,0.26848161220550537,,0.05366862565279007,,0.029925258830189705,,0.01619022712111473,,
,0.001,239,,,,,,,,,,,,,,,,,,,,,
239,,239,,,,,,,,,,0.000957150012254715,,6.07650654274039e-05,,0.2662251591682434,,0.052005015313625336,,0.028935234993696213,,0.015015693381428719,0.02225099876523018
239,,239,0.9915522336959839,1.0,1.0,0.873046875,0.97607421875,0.988525390625,0.995086669921875,0.02225099876523018,0.000957150012254715,,6.07650654274039e-05,,0.2662251591682434,,0.052005015313625336,,0.028935234993696213,,0.015015693381428719,,
,0.001,240,,,,,,,,,,,,,,,,,,,,,
240,,240,,,,,,,,,,0.0008823553798720241,,5.6622786360094324e-05,,0.2645951807498932,,0.05296723172068596,,0.0284026637673378,,0.014218268916010857,0.021578846499323845
240,,240,0.9913004040718079,1.0,1.0,0.876953125,0.97314453125,0.9881591796875,0.994964599609375,0.021578846499323845,0.0008823553798720241,,5.6622786360094324e-05,,0.2645951807498932,,0.05296723172068596,,0.0284026637673378,,0.014218268916010857,,
,0.001,241,,,,,,,,,,,,,,,,,,,,,
241,,241,,,,,,,,,,0.0008042200352065265,,5.29275021108333e-05,,0.2665979862213135,,0.05240839719772339,,0.02700616978108883,,0.013314928859472275,0.020636476576328278
241,,241,0.9916895627975464,1.0,1.0,0.876953125,0.9736328125,0.9884033203125,0.995391845703125,0.020636476576328278,0.0008042200352065265,,5.29275021108333e-05,,0.2665979862213135,,0.05240839719772339,,0.02700616978108883,,0.013314928859472275,,
,0.001,242,,,,,,,,,,,,,,,,,,,,,
242,,242,,,,,,,,,,0.0007706294418312609,,5.033482739236206e-05,,0.2677075266838074,,0.05160108581185341,,0.027138296514749527,,0.012246883474290371,0.01983514614403248
242,,242,0.9920330047607422,1.0,1.0,0.876953125,0.97509765625,0.988525390625,0.9957275390625,0.01983514614403248,0.0007706294418312609,,5.033482739236206e-05,,0.2677075266838074,,0.05160108581185341,,0.027138296514749527,,0.012246883474290371,,
,0.001,243,,,,,,,,,,,,,,,,,,,,,
243,,243,,,,,,,,,,0.0006848612101748586,,4.652031930163503e-05,,0.2643260359764099,,0.05096648633480072,,0.026333339512348175,,0.01111614890396595,0.018766457214951515
243,,243,0.992559552192688,1.0,1.0,0.876953125,0.9755859375,0.988525390625,0.99639892578125,0.018766457214951515,0.0006848612101748586,,4.652031930163503e-05,,0.2643260359764099,,0.05096648633480072,,0.026333339512348175,,0.01111614890396595,,
,0.001,244,,,,,,,,,,,,,,,,,,,,,
244,,244,,,,,,,,,,0.000614216027315706,,4.2974006646545604e-05,,0.2657141387462616,,0.051239483058452606,,0.025481298565864563,,0.010388302616775036,0.018089652061462402
244,,244,0.9928800463676453,1.0,1.0,0.873046875,0.9736328125,0.9892578125,0.996826171875,0.018089652061462402,0.000614216027315706,,4.2974006646545604e-05,,0.2657141387462616,,0.051239483058452606,,0.025481298565864563,,0.010388302616775036,,
,0.001,245,,,,,,,,,,,,,,,,,,,,,
245,,245,,,,,,,,,,0.0006028980133123696,,4.05005193897523e-05,,0.2662094235420227,,0.05144170671701431,,0.024280201643705368,,0.009463468566536903,0.017185866832733154
245,,245,0.992971658706665,1.0,1.0,0.873046875,0.9736328125,0.989501953125,0.99688720703125,0.017185866832733154,0.0006028980133123696,,4.05005193897523e-05,,0.2662094235420227,,0.05144170671701431,,0.024280201643705368,,0.009463468566536903,,
,0.001,246,,,,,,,,,,,,,,,,,,,,,
246,,246,,,,,,,,,,0.0005754960584454238,,3.790782284340821e-05,,0.26490503549575806,,0.05056092515587807,,0.02359899878501892,,0.008793709799647331,0.016499055549502373
246,,246,0.9931776523590088,1.0,1.0,0.875,0.974609375,0.9886474609375,0.997283935546875,0.016499055549502373,0.0005754960584454238,,3.790782284340821e-05,,0.26490503549575806,,0.05056092515587807,,0.02359899878501892,,0.008793709799647331,,
,0.001,247,,,,,,,,,,,,,,,,,,,,,
247,,247,,,,,,,,,,0.0006068295333534479,,3.6298559280112386e-05,,0.2660669684410095,,0.05090399086475372,,0.023501018062233925,,0.008234979584813118,0.016091251745820045
247,,247,0.9932463765144348,1.0,1.0,0.873046875,0.97509765625,0.9884033203125,0.9974365234375,0.016091251745820045,0.0006068295333534479,,3.6298559280112386e-05,,0.2660669684410095,,0.05090399086475372,,0.023501018062233925,,0.008234979584813118,,
,0.001,248,,,,,,,,,,,,,,,,,,,,,
248,,248,,,,,,,,,,0.0005187834613025188,,3.349723920109682e-05,,0.2635902464389801,,0.05071306973695755,,0.025602443143725395,,0.007685142569243908,0.01603483222424984
248,,248,0.9936126470565796,1.0,1.0,0.875,0.974609375,0.989013671875,0.997772216796875,0.01603483222424984,0.0005187834613025188,,3.349723920109682e-05,,0.2635902464389801,,0.05071306973695755,,0.025602443143725395,,0.007685142569243908,,
,0.001,249,,,,,,,,,,,,,,,,,,,,,
249,,249,,,,,,,,,,0.0006246999255381525,,3.3676045859465376e-05,,0.2702410817146301,,0.05332577973604202,,0.03128847852349281,,0.007771110627800226,0.017366252839565277
249,,249,0.9929487109184265,1.0,1.0,0.875,0.97265625,0.98681640625,0.99755859375,0.017366252839565277,0.0006246999255381525,,3.3676045859465376e-05,,0.2702410817146301,,0.05332577973604202,,0.03128847852349281,,0.007771110627800226,,
,0.001,250,,,,,,,,,,,,,,,,,,,,,
250,,250,,,,,,,,,,0.0003983181086368859,,2.9354850994423032e-05,,0.28765806555747986,,0.06595544517040253,,0.03693065792322159,,0.012544854544103146,0.02280174009501934
250,,250,0.9912316799163818,1.0,1.0,0.87109375,0.96826171875,0.9859619140625,0.995819091796875,0.02280174009501934,0.0003983181086368859,,2.9354850994423032e-05,,0.28765806555747986,,0.06595544517040253,,0.03693065792322159,,0.012544854544103146,,
,0.001,251,,,,,,,,,,,,,,,,,,,,,
251,,251,,,,,,,,,,0.0007868293323554099,,3.528532033669762e-05,,0.2944059669971466,,0.08238260447978973,,0.04251987114548683,,0.09399637579917908,0.08580314368009567
251,,251,0.9742445349693298,1.0,1.0,0.845703125,0.96142578125,0.9835205078125,0.974609375,0.08580314368009567,0.0007868293323554099,,3.528532033669762e-05,,0.2944059669971466,,0.08238260447978973,,0.04251987114548683,,0.09399637579917908,,
,0.001,252,,,,,,,,,,,,,,,,,,,,,
252,,252,,,,,,,,,,0.0006216024048626423,,3.391446080058813e-05,,0.2756943702697754,,0.06916046142578125,,0.0362868532538414,,0.017735280096530914,0.026584981009364128
252,,252,0.9901785850524902,1.0,1.0,0.876953125,0.96533203125,0.985595703125,0.994598388671875,0.026584981009364128,0.0006216024048626423,,3.391446080058813e-05,,0.2756943702697754,,0.06916046142578125,,0.0362868532538414,,0.017735280096530914,,
,0.001,253,,,,,,,,,,,,,,,,,,,,,
253,,253,,,,,,,,,,0.00029571453342214227,,2.7626363589661196e-05,,0.31288519501686096,,0.09630223363637924,,0.04435285925865173,,0.11423150449991226,0.10219582915306091
253,,253,0.9725732803344727,1.0,1.0,0.87109375,0.96875,0.98291015625,0.9716796875,0.10219582915306091,0.00029571453342214227,,2.7626363589661196e-05,,0.31288519501686096,,0.09630223363637924,,0.04435285925865173,,0.11423150449991226,,
,0.001,254,,,,,,,,,,,,,,,,,,,,,
254,,254,,,,,,,,,,0.0004363300104159862,,3.328863385831937e-05,,0.31504955887794495,,0.11132838577032089,,0.050792425870895386,,0.029384061694145203,0.04048243165016174
254,,254,0.9861493110656738,1.0,1.0,0.87109375,0.96875,0.98193359375,0.990020751953125,0.04048243165016174,0.0004363300104159862,,3.328863385831937e-05,,0.31504955887794495,,0.11132838577032089,,0.050792425870895386,,0.029384061694145203,,
,0.001,255,,,,,,,,,,,,,,,,,,,,,
255,,255,,,,,,,,,,0.0013921103673055768,,6.592043064301834e-05,,0.27286702394485474,,0.06519414484500885,,0.03561900183558464,,0.04617338627576828,0.04757506772875786
255,,255,0.9817307591438293,1.0,1.0,0.875,0.97216796875,0.985595703125,0.982940673828125,0.04757506772875786,0.0013921103673055768,,6.592043064301834e-05,,0.27286702394485474,,0.06519414484500885,,0.03561900183558464,,0.04617338627576828,,
,0.001,256,,,,,,,,,,,,,,,,,,,,,
256,,256,,,,,,,,,,0.0012404375011101365,,7.9598423326388e-05,,0.2764891982078552,,0.06913849711418152,,0.03607185184955597,,0.031140213832259178,0.03660968691110611
256,,256,0.985554039478302,1.0,1.0,0.875,0.9697265625,0.9844970703125,0.98846435546875,0.03660968691110611,0.0012404375011101365,,7.9598423326388e-05,,0.2764891982078552,,0.06913849711418152,,0.03607185184955597,,0.031140213832259178,,
,0.001,257,,,,,,,,,,,,,,,,,,,,,
257,,257,,,,,,,,,,0.0007418026216328144,,7.030104461591691e-05,,0.2744785249233246,,0.0645914226770401,,0.03311696648597717,,0.02663709968328476,0.0324401929974556
257,,257,0.9866071343421936,1.0,1.0,0.875,0.970703125,0.9857177734375,0.989501953125,0.0324401929974556,0.0007418026216328144,,7.030104461591691e-05,,0.2744785249233246,,0.0645914226770401,,0.03311696648597717,,0.02663709968328476,,
,0.001,258,,,,,,,,,,,,,,,,,,,,,
258,,258,,,,,,,,,,0.000747758662328124,,7.581405952805653e-05,,0.27243831753730774,,0.06188052147626877,,0.035724908113479614,,0.02655823901295662,0.032719142735004425
258,,258,0.9866529703140259,1.0,1.0,0.87109375,0.9716796875,0.9840087890625,0.989990234375,0.032719142735004425,0.000747758662328124,,7.581405952805653e-05,,0.27243831753730774,,0.06188052147626877,,0.035724908113479614,,0.02655823901295662,,
,0.001,259,,,,,,,,,,,,,,,,,,,,,
259,,259,,,,,,,,,,0.001023364719003439,,9.282957762479782e-05,,0.2773372530937195,,0.06269229203462601,,0.0343446210026741,,0.022429201751947403,0.029458478093147278
259,,259,0.9883928894996643,1.0,1.0,0.873046875,0.97119140625,0.9866943359375,0.99163818359375,0.029458478093147278,0.001023364719003439,,9.282957762479782e-05,,0.2773372530937195,,0.06269229203462601,,0.0343446210026741,,0.022429201751947403,,
,0.001,260,,,,,,,,,,,,,,,,,,,,,
260,,260,,,,,,,,,,0.00156816013623029,,0.00011908224405487999,,0.2784249484539032,,0.06445947289466858,,0.03273443877696991,,0.017324067652225494,0.02542279101908207
260,,260,0.990201473236084,1.0,1.0,0.876953125,0.96923828125,0.98681640625,0.99407958984375,0.02542279101908207,0.00156816013623029,,0.00011908224405487999,,0.2784249484539032,,0.06445947289466858,,0.03273443877696991,,0.017324067652225494,,
,0.001,261,,,,,,,,,,,,,,,,,,,,,
261,,261,,,,,,,,,,0.0023679095320403576,,0.000152425782289356,,0.27957698702812195,,0.06740884482860565,,0.03409691900014877,,0.018243905156850815,0.02652084082365036
261,,261,0.9896978139877319,1.0,1.0,0.845703125,0.970703125,0.9874267578125,0.99365234375,0.02652084082365036,0.0023679095320403576,,0.000152425782289356,,0.27957698702812195,,0.06740884482860565,,0.03409691900014877,,0.018243905156850815,,
,0.001,262,,,,,,,,,,,,,,,,,,,,,
262,,262,,,,,,,,,,0.0026352223940193653,,0.00016458290338050574,,0.27153098583221436,,0.05851687118411064,,0.03153500705957413,,0.016677968204021454,0.024354631081223488
262,,262,0.9907967448234558,1.0,1.0,0.876953125,0.97314453125,0.9876708984375,0.994415283203125,0.024354631081223488,0.0026352223940193653,,0.00016458290338050574,,0.27153098583221436,,0.05851687118411064,,0.03153500705957413,,0.016677968204021454,,
,0.001,263,,,,,,,,,,,,,,,,,,,,,
263,,263,,,,,,,,,,0.0022155519109219313,,0.00014890983584336936,,0.2658446431159973,,0.06196777895092964,,0.028927508741617203,,0.014662079513072968,0.022448113188147545
263,,263,0.9914606213569641,1.0,1.0,0.87109375,0.97412109375,0.988525390625,0.9951171875,0.022448113188147545,0.0022155519109219313,,0.00014890983584336936,,0.2658446431159973,,0.06196777895092964,,0.028927508741617203,,0.014662079513072968,,
,0.001,264,,,,,,,,,,,,,,,,,,,,,
264,,264,,,,,,,,,,0.0017719058087095618,,0.00013055463205091655,,0.2714857757091522,,0.07146155834197998,,0.029153231531381607,,0.013170791789889336,0.02188258245587349
264,,264,0.9921932220458984,1.0,1.0,0.87109375,0.9716796875,0.988037109375,0.996368408203125,0.02188258245587349,0.0017719058087095618,,0.00013055463205091655,,0.2714857757091522,,0.07146155834197998,,0.029153231531381607,,0.013170791789889336,,
,0.001,265,,,,,,,,,,,,,,,,,,,,,
265,,265,,,,,,,,,,0.001587679609656334,,0.00012200258788652718,,0.27348726987838745,,0.0662875697016716,,0.029839210212230682,,0.01249031350016594,0.021281462162733078
265,,265,0.9920101165771484,1.0,1.0,0.87109375,0.97216796875,0.9881591796875,0.996063232421875,0.021281462162733078,0.001587679609656334,,0.00012200258788652718,,0.27348726987838745,,0.0662875697016716,,0.029839210212230682,,0.01249031350016594,,
,0.001,266,,,,,,,,,,,,,,,,,,,,,
266,,266,,,,,,,,,,0.0016811060486361384,,0.0001233136426890269,,0.2703985869884491,,0.057910606265068054,,0.025737907737493515,,0.010947293601930141,0.018925834447145462
266,,266,0.9928800463676453,1.0,1.0,0.87109375,0.974609375,0.9891357421875,0.996826171875,0.018925834447145462,0.0016811060486361384,,0.0001233136426890269,,0.2703985869884491,,0.057910606265068054,,0.025737907737493515,,0.010947293601930141,,
,0.001,267,,,,,,,,,,,,,,,,,,,,,
267,,267,,,,,,,,,,0.0019023193744942546,,0.000125280290376395,,0.2699844241142273,,0.05922576040029526,,0.025831088423728943,,0.00970395840704441,0.018067557364702225
267,,267,0.9933150410652161,1.0,1.0,0.875,0.9716796875,0.989501953125,0.9974365234375,0.018067557364702225,0.0019023193744942546,,0.000125280290376395,,0.2699844241142273,,0.05922576040029526,,0.025831088423728943,,0.00970395840704441,,
,0.001,268,,,,,,,,,,,,,,,,,,,,,
268,,268,,,,,,,,,,0.0019202856346964836,,0.00011848632857436314,,0.26950258016586304,,0.06297066807746887,,0.02406209707260132,,0.008965611457824707,0.017351826652884483
268,,268,0.9934294819831848,1.0,1.0,0.875,0.96826171875,0.990234375,0.99761962890625,0.017351826652884483,0.0019202856346964836,,0.00011848632857436314,,0.26950258016586304,,0.06297066807746887,,0.02406209707260132,,0.008965611457824707,,
,0.001,269,,,,,,,,,,,,,,,,,,,,,
269,,269,,,,,,,,,,0.00172371044754982,,0.00010433202987769619,,0.2704429030418396,,0.05999608337879181,,0.023969080299139023,,0.008351946249604225,0.016745388507843018
269,,269,0.9938873648643494,1.0,1.0,0.876953125,0.9716796875,0.9906005859375,0.997894287109375,0.016745388507843018,0.00172371044754982,,0.00010433202987769619,,0.2704429030418396,,0.05999608337879181,,0.023969080299139023,,0.008351946249604225,,
,0.001,270,,,,,,,,,,,,,,,,,,,,,
270,,270,,,,,,,,,,0.0015356664080172777,,9.175683953799307e-05,,0.27029553055763245,,0.05445070564746857,,0.023416968062520027,,0.007598617114126682,0.015814801678061485
270,,270,0.9939102530479431,1.0,1.0,0.876953125,0.97265625,0.9901123046875,0.99798583984375,0.015814801678061485,0.0015356664080172777,,9.175683953799307e-05,,0.27029553055763245,,0.05445070564746857,,0.023416968062520027,,0.007598617114126682,,
,0.001,271,,,,,,,,,,,,,,,,,,,,,
271,,271,,,,,,,,,,0.0014062763657420874,,8.320440974785015e-05,,0.267276406288147,,0.05525707080960274,,0.022113841027021408,,0.00710109481588006,0.015199471265077591
271,,271,0.9940705299377441,1.0,1.0,0.873046875,0.97265625,0.990478515625,0.9981689453125,0.015199471265077591,0.0014062763657420874,,8.320440974785015e-05,,0.267276406288147,,0.05525707080960274,,0.022113841027021408,,0.00710109481588006,,
,0.001,272,,,,,,,,,,,,,,,,,,,,,
272,,272,,,,,,,,,,0.0012944899499416351,,7.727427873760462e-05,,0.2678028345108032,,0.05676073953509331,,0.02115781605243683,,0.006202362012118101,0.014422532171010971
272,,272,0.9946199655532837,1.0,1.0,0.873046875,0.9736328125,0.990966796875,0.99871826171875,0.014422532171010971,0.0012944899499416351,,7.727427873760462e-05,,0.2678028345108032,,0.05676073953509331,,0.02115781605243683,,0.006202362012118101,,
,0.001,273,,,,,,,,,,,,,,,,,,,,,
273,,273,,,,,,,,,,0.0011815002653747797,,7.173149060690776e-05,,0.2732318639755249,,0.05427584797143936,,0.02030012756586075,,0.005363877862691879,0.013579689897596836
273,,273,0.994757354259491,1.0,1.0,0.87109375,0.97314453125,0.990966796875,0.99896240234375,0.013579689897596836,0.0011815002653747797,,7.173149060690776e-05,,0.2732318639755249,,0.05427584797143936,,0.02030012756586075,,0.005363877862691879,,
,0.001,274,,,,,,,,,,,,,,,,,,,,,
274,,274,,,,,,,,,,0.0010887415846809745,,6.66356718284078e-05,,0.27119874954223633,,0.052043356001377106,,0.020501423627138138,,0.004890800453722477,0.013133957982063293
274,,274,0.9946428537368774,1.0,1.0,0.87109375,0.9736328125,0.9903564453125,0.998931884765625,0.013133957982063293,0.0010887415846809745,,6.66356718284078e-05,,0.27119874954223633,,0.052043356001377106,,0.020501423627138138,,0.004890800453722477,,
,0.001,275,,,,,,,,,,,,,,,,,,,,,
275,,275,,,,,,,,,,0.0010266992030665278,,6.24934327788651e-05,,0.26536285877227783,,0.053248465061187744,,0.02027442865073681,,0.004425737075507641,0.012730545364320278
275,,275,0.9949862957000732,1.0,1.0,0.873046875,0.9716796875,0.990966796875,0.99932861328125,0.012730545364320278,0.0010266992030665278,,6.24934327788651e-05,,0.26536285877227783,,0.053248465061187744,,0.02027442865073681,,0.004425737075507641,,
,0.001,276,,,,,,,,,,,,,,,,,,,,,
276,,276,,,,,,,,,,0.000977038755081594,,5.852997855981812e-05,,0.26629894971847534,,0.052441537380218506,,0.019486213102936745,,0.003957541659474373,0.012204576283693314
276,,276,0.9951465129852295,1.0,1.0,0.876953125,0.97265625,0.9910888671875,0.9993896484375,0.012204576283693314,0.000977038755081594,,5.852997855981812e-05,,0.26629894971847534,,0.052441537380218506,,0.019486213102936745,,0.003957541659474373,,
,0.001,277,,,,,,,,,,,,,,,,,,,,,
277,,277,,,,,,,,,,0.0009052231325767934,,5.423869879450649e-05,,0.27035441994667053,,0.050133563578128815,,0.019019106402993202,,0.0035653633531183004,0.011762025766074657
277,,277,0.9953067898750305,1.0,1.0,0.876953125,0.9755859375,0.9915771484375,0.999298095703125,0.011762025766074657,0.0009052231325767934,,5.423869879450649e-05,,0.27035441994667053,,0.050133563578128815,,0.019019106402993202,,0.0035653633531183004,,
,0.001,278,,,,,,,,,,,,,,,,,,,,,
278,,278,,,,,,,,,,0.0008120815036818385,,4.9500391469337046e-05,,0.2699863314628601,,0.050722550600767136,,0.018963340669870377,,0.0031894627027213573,0.011492791585624218
278,,278,0.9953983426094055,1.0,1.0,0.876953125,0.97607421875,0.99169921875,0.999359130859375,0.011492791585624218,0.0008120815036818385,,4.9500391469337046e-05,,0.2699863314628601,,0.050722550600767136,,0.018963340669870377,,0.0031894627027213573,,
,0.001,279,,,,,,,,,,,,,,,,,,,,,
279,,279,,,,,,,,,,0.0007313199457712471,,4.514946704148315e-05,,0.26517990231513977,,0.050867628306150436,,0.018574737012386322,,0.0029036537744104862,0.011155892163515091
279,,279,0.9953754544258118,1.0,1.0,0.876953125,0.9755859375,0.9910888671875,0.99951171875,0.011155892163515091,0.0007313199457712471,,4.514946704148315e-05,,0.26517990231513977,,0.050867628306150436,,0.018574737012386322,,0.0029036537744104862,,
,0.001,280,,,,,,,,,,,,,,,,,,,,,
280,,280,,,,,,,,,,0.0006831934442743659,,4.16925540775992e-05,,0.2632902264595032,,0.05005183070898056,,0.01770966500043869,,0.00253561744466424,0.010657111182808876
280,,280,0.995352566242218,1.0,1.0,0.87109375,0.9736328125,0.9910888671875,0.99969482421875,0.010657111182808876,0.0006831934442743659,,4.16925540775992e-05,,0.2632902264595032,,0.05005183070898056,,0.01770966500043869,,0.00253561744466424,,
,0.001,281,,,,,,,,,,,,,,,,,,,,,
281,,281,,,,,,,,,,0.0006434039096347988,,3.877204653690569e-05,,0.2665902376174927,,0.04941970109939575,,0.017476949840784073,,0.0022174366749823093,0.010383778251707554
281,,281,0.9955357313156128,1.0,1.0,0.87109375,0.9736328125,0.991943359375,0.999725341796875,0.010383778251707554,0.0006434039096347988,,3.877204653690569e-05,,0.2665902376174927,,0.04941970109939575,,0.017476949840784073,,0.0022174366749823093,,
,0.001,282,,,,,,,,,,,,,,,,,,,,,
282,,282,,,,,,,,,,0.0005907459417358041,,3.608994302339852e-05,,0.266895055770874,,0.04962978512048721,,0.016950570046901703,,0.00206932844594121,0.010187326930463314
282,,282,0.9954899549484253,1.0,1.0,0.87109375,0.974609375,0.991455078125,0.999725341796875,0.010187326930463314,0.0005907459417358041,,3.608994302339852e-05,,0.266895055770874,,0.04962978512048721,,0.016950570046901703,,0.00206932844594121,,
,0.001,283,,,,,,,,,,,,,,,,,,,,,
283,,283,,,,,,,,,,0.0005367745761759579,,3.3795244235079736e-05,,0.26384738087654114,,0.04920438677072525,,0.016438748687505722,,0.0018036141991615295,0.009836286306381226
283,,283,0.9955815076828003,1.0,1.0,0.873046875,0.97412109375,0.99169921875,0.999786376953125,0.009836286306381226,0.0005367745761759579,,3.3795244235079736e-05,,0.26384738087654114,,0.04920438677072525,,0.016438748687505722,,0.0018036141991615295,,
,0.001,284,,,,,,,,,,,,,,,,,,,,,
284,,284,,,,,,,,,,0.0004732680681627244,,3.117272717645392e-05,,0.2642948031425476,,0.048922695219516754,,0.016264690086245537,,0.0016027512028813362,0.009644941426813602
284,,284,0.9956731200218201,1.0,1.0,0.876953125,0.9755859375,0.99169921875,0.999755859375,0.009644941426813602,0.0004732680681627244,,3.117272717645392e-05,,0.2642948031425476,,0.048922695219516754,,0.016264690086245537,,0.0016027512028813362,,
,0.001,285,,,,,,,,,,,,,,,,,,,,,
285,,285,,,,,,,,,,0.000408327643526718,,2.8699210815830156e-05,,0.2661307752132416,,0.04897947236895561,,0.01567850075662136,,0.0014918918022885919,0.009475967846810818
285,,285,0.9956960082054138,1.0,1.0,0.876953125,0.974609375,0.991943359375,0.999786376953125,0.009475967846810818,0.000408327643526718,,2.8699210815830156e-05,,0.2661307752132416,,0.04897947236895561,,0.01567850075662136,,0.0014918918022885919,,
,0.001,286,,,,,,,,,,,,,,,,,,,,,
286,,286,,,,,,,,,,0.00037674958002753556,,2.7089930881629698e-05,,0.26419535279273987,,0.049088530242443085,,0.015554065816104412,,0.0013489114353433251,0.009327767416834831
286,,286,0.9956960082054138,1.0,1.0,0.876953125,0.974609375,0.9918212890625,0.99981689453125,0.009327767416834831,0.00037674958002753556,,2.7089930881629698e-05,,0.26419535279273987,,0.049088530242443085,,0.015554065816104412,,0.0013489114353433251,,
,0.001,287,,,,,,,,,,,,,,,,,,,,,
287,,287,,,,,,,,,,0.00034445550409145653,,2.5540251954225823e-05,,0.2628217339515686,,0.048665061593055725,,0.015297716483473778,,0.0011795943137258291,0.009116687811911106
287,,287,0.9958333373069763,1.0,1.0,0.875,0.97509765625,0.9925537109375,0.99981689453125,0.009116687811911106,0.00034445550409145653,,2.5540251954225823e-05,,0.2628217339515686,,0.048665061593055725,,0.015297716483473778,,0.0011795943137258291,,
,0.001,288,,,,,,,,,,,,,,,,,,,,,
288,,288,,,,,,,,,,0.00031192204914987087,,2.393097020103596e-05,,0.26421815156936646,,0.04826302081346512,,0.014783337712287903,,0.0010437066666781902,0.008915766142308712
288,,288,0.9957646727561951,1.0,1.0,0.87109375,0.97509765625,0.992431640625,0.99981689453125,0.008915766142308712,0.00031192204914987087,,2.393097020103596e-05,,0.26421815156936646,,0.04826302081346512,,0.014783337712287903,,0.0010437066666781902,,
,0.001,289,,,,,,,,,,,,,,,,,,,,,
289,,289,,,,,,,,,,0.0002965487365145236,,2.2917713067727163e-05,,0.2644229829311371,,0.048347823321819305,,0.014753995463252068,,0.0009442094014957547,0.0088419858366251
289,,289,0.9957875609397888,1.0,1.0,0.87109375,0.974609375,0.992431640625,0.9998779296875,0.0088419858366251,0.0002965487365145236,,2.2917713067727163e-05,,0.2644229829311371,,0.048347823321819305,,0.014753995463252068,,0.0009442094014957547,,
,0.001,290,,,,,,,,,,,,,,,,,,,,,
290,,290,,,,,,,,,,0.00025900822947733104,,2.1338226360967383e-05,,0.2630305886268616,,0.04847516864538193,,0.01493159681558609,,0.0008860868401825428,0.008821308612823486
290,,290,0.9957417845726013,1.0,1.0,0.87109375,0.97412109375,0.992431640625,0.999847412109375,0.008821308612823486,0.00025900822947733104,,2.1338226360967383e-05,,0.2630305886268616,,0.04847516864538193,,0.01493159681558609,,0.0008860868401825428,,
,0.001,291,,,,,,,,,,,,,,,,,,,,,
291,,291,,,,,,,,,,0.0002536452084314078,,2.0712390323751606e-05,,0.26271501183509827,,0.04799181967973709,,0.014831035397946835,,0.0007989107398316264,0.00871068425476551
291,,291,0.9959020614624023,1.0,1.0,0.876953125,0.97607421875,0.9921875,0.999908447265625,0.00871068425476551,0.0002536452084314078,,2.0712390323751606e-05,,0.26271501183509827,,0.04799181967973709,,0.014831035397946835,,0.0007989107398316264,,
,0.001,292,,,,,,,,,,,,,,,,,,,,,
292,,292,,,,,,,,,,0.0002138386043952778,,1.92223051271867e-05,,0.26328781247138977,,0.04848628118634224,,0.014857325702905655,,0.0006823805160820484,0.008658058941364288
292,,292,0.9959020614624023,1.0,1.0,0.876953125,0.97509765625,0.992431640625,0.999908447265625,0.008658058941364288,0.0002138386043952778,,1.92223051271867e-05,,0.26328781247138977,,0.04848628118634224,,0.014857325702905655,,0.0006823805160820484,,
,0.001,293,,,,,,,,,,,,,,,,,,,,,
293,,293,,,,,,,,,,0.00022218143567442894,,1.901369250845164e-05,,0.2630072236061096,,0.04873811826109886,,0.014612719416618347,,0.0006149592809379101,0.008570129983127117
293,,293,0.9959707260131836,1.0,1.0,0.876953125,0.97509765625,0.992919921875,0.9998779296875,0.008570129983127117,0.00022218143567442894,,1.901369250845164e-05,,0.2630072236061096,,0.04873811826109886,,0.014612719416618347,,0.0006149592809379101,,
,0.001,294,,,,,,,,,,,,,,,,,,,,,
294,,294,,,,,,,,,,0.0001958416833076626,,1.7702415789244696e-05,,0.2623901963233948,,0.048241302371025085,,0.014227466657757759,,0.0005664576310664415,0.00843094289302826
294,,294,0.9959936141967773,1.0,1.0,0.876953125,0.97509765625,0.99267578125,0.999969482421875,0.00843094289302826,0.0001958416833076626,,1.7702415789244696e-05,,0.2623901963233948,,0.048241302371025085,,0.014227466657757759,,0.0005664576310664415,,
,0.001,295,,,,,,,,,,,,,,,,,,,,,
295,,295,,,,,,,,,,0.00019107422849629074,,1.7434198525734246e-05,,0.26300695538520813,,0.048238687217235565,,0.014731224626302719,,0.0005037679802626371,0.008485494181513786
295,,295,0.9960622787475586,1.0,1.0,0.87109375,0.9755859375,0.9931640625,1.0,0.008485494181513786,0.00019107422849629074,,1.7434198525734246e-05,,0.26300695538520813,,0.048238687217235565,,0.014731224626302719,,0.0005037679802626371,,
,0.001,296,,,,,,,,,,,,,,,,,,,,,
296,,296,,,,,,,,,,0.00016711745411157608,,1.6242127458099276e-05,,0.26268190145492554,,0.049048058688640594,,0.01453339122235775,,0.00045979005517438054,0.008449518121778965
296,,296,0.9958562254905701,1.0,1.0,0.87109375,0.97412109375,0.99267578125,0.99993896484375,0.008449518121778965,0.00016711745411157608,,1.6242127458099276e-05,,0.26268190145492554,,0.049048058688640594,,0.01453339122235775,,0.00045979005517438054,,
,0.001,297,,,,,,,,,,,,,,,,,,,,,
297,,297,,,,,,,,,,0.00017534149810671806,,1.692756632110104e-05,,0.26287704706192017,,0.04827262461185455,,0.013725645840168,,0.00041315885027870536,0.008228984661400318
297,,297,0.9960622787475586,1.0,1.0,0.875,0.9755859375,0.9930419921875,0.999969482421875,0.008228984661400318,0.00017534149810671806,,1.692756632110104e-05,,0.26287704706192017,,0.04827262461185455,,0.013725645840168,,0.00041315885027870536,,
,0.001,298,,,,,,,,,,,,,,,,,,,,,
298,,298,,,,,,,,,,0.00014995403762441128,,1.5854702724027447e-05,,0.26245319843292236,,0.049337781965732574,,0.013730058446526527,,0.0003969412646256387,0.008262597024440765
298,,298,0.9959249496459961,1.0,1.0,0.876953125,0.97265625,0.9930419921875,0.99993896484375,0.008262597024440765,0.00014995403762441128,,1.5854702724027447e-05,,0.26245319843292236,,0.049337781965732574,,0.013730058446526527,,0.0003969412646256387,,
,0.001,299,,,,,,,,,,,,,,,,,,,,,
299,,299,,,,,,,,,,0.00016282663273159415,,1.5973910194588825e-05,,0.2636202275753021,,0.05118054524064064,,0.012766730040311813,,0.0003445217735134065,0.008142693899571896
299,,299,0.9960393905639648,1.0,1.0,0.876953125,0.97314453125,0.9932861328125,1.0,0.008142693899571896,0.00016282663273159415,,1.5973910194588825e-05,,0.2636202275753021,,0.05118054524064064,,0.012766730040311813,,0.0003445217735134065,,
,0.001,300,,,,,,,,,,,,,,,,,,,,,
300,,300,,,,,,,,,,0.0001397035230183974,,1.5079854165378492e-05,,0.2635628283023834,,0.048826977610588074,,0.013952972367405891,,0.00031011676765047014,0.008228316903114319
300,,300,0.9959707260131836,1.0,1.0,0.873046875,0.974609375,0.9927978515625,1.0,0.008228316903114319,0.0001397035230183974,,1.5079854165378492e-05,,0.2635628283023834,,0.048826977610588074,,0.013952972367405891,,0.00031011676765047014,,
,0.001,301,,,,,,,,,,,,,,,,,,,,,
301,,301,,,,,,,,,,0.00015472168161068112,,1.5556681319139898e-05,,0.26185595989227295,,0.04884713143110275,,0.013555052690207958,,0.00027429021429270506,0.008107762783765793
301,,301,0.9960622787475586,1.0,1.0,0.876953125,0.9755859375,0.9927978515625,1.0,0.008107762783765793,0.00015472168161068112,,1.5556681319139898e-05,,0.26185595989227295,,0.04884713143110275,,0.013555052690207958,,0.00027429021429270506,,
,0.001,302,,,,,,,,,,,,,,,,,,,,,
302,,302,,,,,,,,,,0.00014590153296012431,,1.5109654668776784e-05,,0.26205599308013916,,0.048404157161712646,,0.012917819432914257,,0.0002531371428631246,0.007953950203955173
302,,302,0.9962912201881409,1.0,1.0,0.875,0.97509765625,0.9942626953125,1.0,0.007953950203955173,0.00014590153296012431,,1.5109654668776784e-05,,0.26205599308013916,,0.048404157161712646,,0.012917819432914257,,0.0002531371428631246,,
,0.001,303,,,,,,,,,,,,,,,,,,,,,
303,,303,,,,,,,,,,0.00013731967192143202,,1.4781833669985645e-05,,0.26185160875320435,,0.04887111112475395,,0.012887831777334213,,0.0002324440865777433,0.007952294312417507
303,,303,0.9961080551147461,1.0,1.0,0.875,0.97412109375,0.9935302734375,1.0,0.007952294312417507,0.00013731967192143202,,1.4781833669985645e-05,,0.26185160875320435,,0.04887111112475395,,0.012887831777334213,,0.0002324440865777433,,
,0.001,304,,,,,,,,,,,,,,,,,,,,,
304,,304,,,,,,,,,,0.00014554394874721766,,1.5020245882624295e-05,,0.2620764374732971,,0.049744270741939545,,0.012210188433527946,,0.00022396765416488051,0.007862427271902561
304,,304,0.9961767792701721,1.0,1.0,0.876953125,0.97509765625,0.9935302734375,1.0,0.007862427271902561,0.00014554394874721766,,1.5020245882624295e-05,,0.2620764374732971,,0.049744270741939545,,0.012210188433527946,,0.00022396765416488051,,
,0.001,305,,,,,,,,,,,,,,,,,,,,,
305,,305,,,,,,,,,,0.00012814177898690104,,1.4364604794536717e-05,,0.26290690898895264,,0.04865821450948715,,0.011995573528110981,,0.00020265448256395757,0.007764986716210842
305,,305,0.9961538910865784,1.0,1.0,0.873046875,0.974609375,0.9937744140625,1.0,0.007764986716210842,0.00012814177898690104,,1.4364604794536717e-05,,0.26290690898895264,,0.04865821450948715,,0.011995573528110981,,0.00020265448256395757,,
,0.001,306,,,,,,,,,,,,,,,,,,,,,
306,,306,,,,,,,,,,0.0001394651480950415,,1.4930838915461209e-05,,0.2620014548301697,,0.049241840839385986,,0.011636615730822086,,0.0001861807977547869,0.007702067960053682
306,,306,0.9962912201881409,1.0,1.0,0.876953125,0.97412109375,0.994384765625,1.0,0.007702067960053682,0.0001394651480950415,,1.4930838915461209e-05,,0.2620014548301697,,0.049241840839385986,,0.011636615730822086,,0.0001861807977547869,,
,0.001,307,,,,,,,,,,,,,,,,,,,,,
307,,307,,,,,,,,,,0.00013100242358632386,,1.4215595001587644e-05,,0.26306161284446716,,0.048438332974910736,,0.01160396821796894,,0.00017189343634527177,0.007659971714019775
307,,307,0.9962912201881409,1.0,1.0,0.876953125,0.9755859375,0.9940185546875,1.0,0.007659971714019775,0.00013100242358632386,,1.4215595001587644e-05,,0.26306161284446716,,0.048438332974910736,,0.01160396821796894,,0.00017189343634527177,,
,0.001,308,,,,,,,,,,,,,,,,,,,,,
308,,308,,,,,,,,,,0.00012027494085486978,,1.3977179150970187e-05,,0.2630959749221802,,0.048970747739076614,,0.011807793751358986,,0.00015809113392606378,0.007713201455771923
308,,308,0.9960393905639648,1.0,1.0,0.873046875,0.97314453125,0.9935302734375,1.0,0.007713201455771923,0.00012027494085486978,,1.3977179150970187e-05,,0.2630959749221802,,0.048970747739076614,,0.011807793751358986,,0.00015809113392606378,,
,0.001,309,,,,,,,,,,,,,,,,,,,,,
309,,309,,,,,,,,,,0.00013207517622504383,,1.3887772183807101e-05,,0.2629188299179077,,0.049154337495565414,,0.01107242051512003,,0.0001522563979960978,0.007577447686344385
309,,309,0.9963141083717346,1.0,1.0,0.873046875,0.97509765625,0.9945068359375,1.0,0.007577447686344385,0.00013207517622504383,,1.3887772183807101e-05,,0.2629188299179077,,0.049154337495565414,,0.01107242051512003,,0.0001522563979960978,,
,0.001,310,,,,,,,,,,,,,,,,,,,,,
310,,310,,,,,,,,,,0.00011312322021694854,,1.2874510503024794e-05,,0.2639654278755188,,0.048812136054039,,0.010969595052301884,,0.00013509823475033045,0.007541498634964228
310,,310,0.9962912201881409,1.0,1.0,0.87109375,0.974609375,0.99462890625,1.0,0.007541498634964228,0.00011312322021694854,,1.2874510503024794e-05,,0.2639654278755188,,0.048812136054039,,0.010969595052301884,,0.00013509823475033045,,
,0.001,311,,,,,,,,,,,,,,,,,,,,,
311,,311,,,,,,,,,,0.00012337400403339416,,1.2963914741703775e-05,,0.26237159967422485,,0.04875243082642555,,0.010750518180429935,,0.00012463837629184127,0.00747109018266201
311,,311,0.9962683320045471,1.0,1.0,0.875,0.97314453125,0.99462890625,1.0,0.00747109018266201,0.00012337400403339416,,1.2963914741703775e-05,,0.26237159967422485,,0.04875243082642555,,0.010750518180429935,,0.00012463837629184127,,
,0.001,312,,,,,,,,,,,,,,,,,,,,,
312,,312,,,,,,,,,,0.00011705666838679463,,1.2546688594738953e-05,,0.26190581917762756,,0.04893084987998009,,0.010000706650316715,,0.00011810460273409262,0.007328465580940247
312,,312,0.9964286088943481,1.0,1.0,0.876953125,0.9755859375,0.9947509765625,1.0,0.007328465580940247,0.00011705666838679463,,1.2546688594738953e-05,,0.26190581917762756,,0.04893084987998009,,0.010000706650316715,,0.00011810460273409262,,
,0.001,313,,,,,,,,,,,,,,,,,,,,,
313,,313,,,,,,,,,,0.0001081169830285944,,1.218906618305482e-05,,0.26389849185943604,,0.04915290325880051,,0.010029850527644157,,0.00011159882706124336,0.007362811826169491
313,,313,0.9963369965553284,1.0,1.0,0.873046875,0.97607421875,0.994384765625,1.0,0.007362811826169491,0.0001081169830285944,,1.218906618305482e-05,,0.26389849185943604,,0.04915290325880051,,0.010029850527644157,,0.00011159882706124336,,
,0.001,314,,,,,,,,,,,,,,,,,,,,,
314,,314,,,,,,,,,,0.00011550712952157483,,1.17420368042076e-05,,0.2633860111236572,,0.04963477700948715,,0.009943680837750435,,0.00010555596236372367,0.00735870748758316
314,,314,0.9963828325271606,1.0,1.0,0.875,0.97314453125,0.9952392578125,1.0,0.00735870748758316,0.00011550712952157483,,1.17420368042076e-05,,0.2633860111236572,,0.04963477700948715,,0.009943680837750435,,0.00010555596236372367,,
,0.001,315,,,,,,,,,,,,,,,,,,,,,
315,,315,,,,,,,,,,0.00010346830822527409,,1.1295008334855083e-05,,0.2636946439743042,,0.04872343689203262,,0.01057654619216919,,9.94622241705656e-05,0.007433705497533083
315,,315,0.9964286088943481,1.0,1.0,0.87109375,0.9755859375,0.9951171875,1.0,0.007433705497533083,0.00010346830822527409,,1.1295008334855083e-05,,0.2636946439743042,,0.04872343689203262,,0.01057654619216919,,9.94622241705656e-05,,
,0.001,316,,,,,,,,,,,,,,,,,,,,,
316,,316,,,,,,,,,,0.0001102625101339072,,1.1175799954799004e-05,,0.26219990849494934,,0.050619423389434814,,0.01048663817346096,,9.622478683013469e-05,0.007485795300453901
316,,316,0.9964057207107544,1.0,1.0,0.876953125,0.974609375,0.994873046875,1.0,0.007485795300453901,0.0001102625101339072,,1.1175799954799004e-05,,0.26219990849494934,,0.050619423389434814,,0.01048663817346096,,9.622478683013469e-05,,
,0.001,317,,,,,,,,,,,,,,,,,,,,,
317,,317,,,,,,,,,,0.00010394509445177391,,1.0996987839462236e-05,,0.2624213695526123,,0.052797384560108185,,0.009783751331269741,,9.082547330763191e-05,0.007454628590494394
317,,317,0.9962683320045471,1.0,1.0,0.873046875,0.9736328125,0.99462890625,1.0,0.007454628590494394,0.00010394509445177391,,1.0996987839462236e-05,,0.2624213695526123,,0.052797384560108185,,0.009783751331269741,,9.082547330763191e-05,,
,0.001,318,,,,,,,,,,,,,,,,,,,,,
318,,318,,,,,,,,,,9.595887240720913e-05,,1.0371148164267652e-05,,0.2638012766838074,,0.051113616675138474,,0.009175323881208897,,8.501675620209426e-05,0.007273384369909763
318,,318,0.9964743852615356,1.0,1.0,0.873046875,0.9755859375,0.9952392578125,1.0,0.007273384369909763,9.595887240720913e-05,,1.0371148164267652e-05,,0.2638012766838074,,0.051113616675138474,,0.009175323881208897,,8.501675620209426e-05,,
,0.001,319,,,,,,,,,,,,,,,,,,,,,
319,,319,,,,,,,,,,0.00011920218821614981,,1.129500651586568e-05,,0.2679045498371124,,0.05030504986643791,,0.009881414473056793,,8.227875514421612e-05,0.00741396052762866
319,,319,0.9964514970779419,1.0,1.0,0.875,0.97509765625,0.9951171875,1.0,0.00741396052762866,0.00011920218821614981,,1.129500651586568e-05,,0.2679045498371124,,0.05030504986643791,,0.009881414473056793,,8.227875514421612e-05,,
,0.001,320,,,,,,,,,,,,,,,,,,,,,
320,,320,,,,,,,,,,9.023735765367746e-05,,1.0102930900757201e-05,,0.267658531665802,,0.05290490761399269,,0.009078023955225945,,7.967885176185519e-05,0.007380327675491571
320,,320,0.9962912201881409,1.0,1.0,0.873046875,0.97021484375,0.99560546875,1.0,0.007380327675491571,9.023735765367746e-05,,1.0102930900757201e-05,,0.267658531665802,,0.05290490761399269,,0.009078023955225945,,7.967885176185519e-05,,
,0.001,321,,,,,,,,,,,,,,,,,,,,,
321,,321,,,,,,,,,,0.000105375460407231,,1.0728769666457083e-05,,0.2621740698814392,,0.05152960121631622,,0.008748892694711685,,7.555986667284742e-05,0.0071867527440190315
321,,321,0.9964286088943481,1.0,1.0,0.873046875,0.97509765625,0.9951171875,1.0,0.0071867527440190315,0.000105375460407231,,1.0728769666457083e-05,,0.2621740698814392,,0.05152960121631622,,0.008748892694711685,,7.555986667284742e-05,,
,0.001,322,,,,,,,,,,,,,,,,,,,,,
322,,322,,,,,,,,,,0.00010513706365600228,,1.0371146345278248e-05,,0.2628120183944702,,0.05185193940997124,,0.0107258390635252,,7.613747584400699e-05,0.007580544333904982
322,,322,0.9964743852615356,1.0,1.0,0.875,0.97607421875,0.9949951171875,1.0,0.007580544333904982,0.00010513706365600228,,1.0371146345278248e-05,,0.2628120183944702,,0.05185193940997124,,0.0107258390635252,,7.613747584400699e-05,,
,0.001,323,,,,,,,,,,,,,,,,,,,,,
323,,323,,,,,,,,,,9.762764238985255e-05,,1.0281739378115162e-05,,0.26432210206985474,,0.05275632441043854,,0.01298351027071476,,7.762083259876817e-05,0.008065172471106052
323,,323,0.9961767792701721,1.0,1.0,0.873046875,0.97265625,0.994384765625,1.0,0.008065172471106052,9.762764238985255e-05,,1.0281739378115162e-05,,0.26432210206985474,,0.05275632441043854,,0.01298351027071476,,7.762083259876817e-05,,
,0.001,324,,,,,,,,,,,,,,,,,,,,,
324,,324,,,,,,,,,,0.00013469743134919554,,1.1295004696876276e-05,,0.26430612802505493,,0.051903270184993744,,0.01723330095410347,,8.005478593986481e-05,0.008823874406516552
324,,324,0.9960622787475586,1.0,1.0,0.875,0.97412109375,0.9932861328125,1.0,0.008823874406516552,0.00013469743134919554,,1.1295004696876276e-05,,0.26430612802505493,,0.051903270184993744,,0.01723330095410347,,8.005478593986481e-05,,
,0.001,325,,,,,,,,,,,,,,,,,,,,,
325,,325,,,,,,,,,,0.00010072677832795307,,9.26847496884875e-06,,0.26482275128364563,,0.05818314477801323,,0.01782820373773575,,0.00012371699267532676,0.009268666617572308
325,,325,0.9957417845726013,1.0,1.0,0.87109375,0.9697265625,0.992919921875,1.0,0.009268666617572308,0.00010072677832795307,,9.26847496884875e-06,,0.26482275128364563,,0.05818314477801323,,0.01782820373773575,,0.00012371699267532676,,
,0.001,326,,,,,,,,,,,,,,,,,,,,,
326,,326,,,,,,,,,,0.00016425691137555987,,1.2606288692040835e-05,,0.26361972093582153,,0.05719004571437836,,0.01911460980772972,,0.00011895278294105083,0.009445744566619396
326,,326,0.9959020614624023,1.0,1.0,0.876953125,0.97265625,0.99267578125,1.0,0.009445744566619396,0.00016425691137555987,,1.2606288692040835e-05,,0.26361972093582153,,0.05719004571437836,,0.01911460980772972,,0.00011895278294105083,,
,0.001,327,,,,,,,,,,,,,,,,,,,,,
327,,327,,,,,,,,,,0.00016127715934999287,,1.2248668099346105e-05,,0.26700812578201294,,0.05097898468375206,,0.015026437118649483,,0.00010787599603645504,0.008419214747846127
327,,327,0.9963141083717346,1.0,1.0,0.875,0.9755859375,0.9942626953125,1.0,0.008419214747846127,0.00016127715934999287,,1.2248668099346105e-05,,0.26700812578201294,,0.05097898468375206,,0.015026437118649483,,0.00010787599603645504,,
,0.001,328,,,,,,,,,,,,,,,,,,,,,
328,,328,,,,,,,,,,0.00015686711412854493,,1.1920848919544369e-05,,0.2650323808193207,,0.05316333472728729,,0.018988216295838356,,0.00012368630268611014,0.009253344498574734
328,,328,0.9959478378295898,1.0,1.0,0.875,0.974609375,0.9925537109375,1.0,0.009253344498574734,0.00015686711412854493,,1.1920848919544369e-05,,0.2650323808193207,,0.05316333472728729,,0.018988216295838356,,0.00012368630268611014,,
,0.001,329,,,,,,,,,,,,,,,,,,,,,
329,,329,,,,,,,,,,0.00022623363474849612,,1.4126188034424558e-05,,0.2694815397262573,,0.05214362591505051,,0.021947074681520462,,0.00028100720373913646,0.009930682368576527
329,,329,0.9956731200218201,1.0,1.0,0.873046875,0.974609375,0.9913330078125,0.999969482421875,0.009930682368576527,0.00022623363474849612,,1.4126188034424558e-05,,0.2694815397262573,,0.05214362591505051,,0.021947074681520462,,0.00028100720373913646,,
,0.001,330,,,,,,,,,,,,,,,,,,,,,
330,,330,,,,,,,,,,0.00019071667338721454,,1.415598853782285e-05,,0.27429601550102234,,0.05602073669433594,,0.04013746231794357,,0.001546195475384593,0.01452952716499567
330,,330,0.9944597482681274,1.0,1.0,0.873046875,0.97314453125,0.986572265625,0.9996337890625,0.01452952716499567,0.00019071667338721454,,1.415598853782285e-05,,0.27429601550102234,,0.05602073669433594,,0.04013746231794357,,0.001546195475384593,,
,0.001,331,,,,,,,,,,,,,,,,,,,,,
331,,331,,,,,,,,,,0.0004234609368722886,,1.8298431314178742e-05,,0.27677008509635925,,0.05781775340437889,,0.048256825655698776,,0.006800459697842598,0.02010737918317318
331,,331,0.9929487109184265,1.0,1.0,0.875,0.9716796875,0.9840087890625,0.998321533203125,0.02010737918317318,0.0004234609368722886,,1.8298431314178742e-05,,0.27677008509635925,,0.05781775340437889,,0.048256825655698776,,0.006800459697842598,,
,0.001,332,,,,,,,,,,,,,,,,,,,,,
332,,332,,,,,,,,,,0.00027771908207796514,,1.823883576435037e-05,,0.27280110120773315,,0.05716785788536072,,0.03004908747971058,,0.051498427987098694,0.0501471571624279
332,,332,0.9860348105430603,1.0,1.0,0.873046875,0.96826171875,0.99072265625,0.9876708984375,0.0501471571624279,0.00027771908207796514,,1.823883576435037e-05,,0.27280110120773315,,0.05716785788536072,,0.03004908747971058,,0.051498427987098694,,
,0.001,333,,,,,,,,,,,,,,,,,,,,,
333,,333,,,,,,,,,,0.0006505518686026335,,4.553606049739756e-05,,0.275036484003067,,0.05993220582604408,,0.03503565117716789,,0.08733317255973816,0.07812115550041199
333,,333,0.9791895747184753,1.0,1.0,0.875,0.96728515625,0.9879150390625,0.979278564453125,0.07812115550041199,0.0006505518686026335,,4.553606049739756e-05,,0.275036484003067,,0.05993220582604408,,0.03503565117716789,,0.08733317255973816,,
,0.001,334,,,,,,,,,,,,,,,,,,,,,
334,,334,,,,,,,,,,0.00051771110156551,,3.0606337531935424e-05,,0.29561203718185425,,0.06362567842006683,,0.048095207661390305,,0.04700612276792526,0.050731953233480453
334,,334,0.9845924973487854,1.0,1.0,0.87109375,0.966796875,0.9835205078125,0.9876708984375,0.050731953233480453,0.00051771110156551,,3.0606337531935424e-05,,0.29561203718185425,,0.06362567842006683,,0.048095207661390305,,0.04700612276792526,,
,0.001,335,,,,,,,,,,,,,,,,,,,,,
335,,335,,,,,,,,,,0.0003999863693024963,,3.835451934719458e-05,,0.2850574254989624,,0.057825278490781784,,0.03646311163902283,,0.018006136640906334,0.026399364694952965
335,,335,0.990613579750061,1.0,1.0,0.87109375,0.9716796875,0.9879150390625,0.994293212890625,0.026399364694952965,0.0003999863693024963,,3.835451934719458e-05,,0.2850574254989624,,0.057825278490781784,,0.03646311163902283,,0.018006136640906334,,
,0.001,336,,,,,,,,,,,,,,,,,,,,,
336,,336,,,,,,,,,,0.0007571690948680043,,9.297481301473454e-05,,0.2660062313079834,,0.07556025683879852,,0.04513102024793625,,0.035301707684993744,0.041608478873968124
336,,336,0.9858974814414978,1.0,1.0,0.87109375,0.96826171875,0.98486328125,0.988983154296875,0.041608478873968124,0.0007571690948680043,,9.297481301473454e-05,,0.2660062313079834,,0.07556025683879852,,0.04513102024793625,,0.035301707684993744,,
,0.001,337,,,,,,,,,,,,,,,,,,,,,
337,,337,,,,,,,,,,0.0011807858245447278,,0.0001039409326040186,,0.2745991349220276,,0.06516699492931366,,0.032442886382341385,,0.016665302217006683,0.02486191876232624
337,,337,0.9908196330070496,1.0,1.0,0.873046875,0.9716796875,0.98828125,0.99444580078125,0.02486191876232624,0.0011807858245447278,,0.0001039409326040186,,0.2745991349220276,,0.06516699492931366,,0.032442886382341385,,0.016665302217006683,,
,0.001,338,,,,,,,,,,,,,,,,,,,,,
338,,338,,,,,,,,,,0.0011319665936753154,,7.050887506920844e-05,,0.2776752710342407,,0.05675090476870537,,0.025927552953362465,,0.015170730650424957,0.022160116583108902
338,,338,0.9913461804389954,1.0,1.0,0.873046875,0.9716796875,0.9903564453125,0.99462890625,0.022160116583108902,0.0011319665936753154,,7.050887506920844e-05,,0.2776752710342407,,0.05675090476870537,,0.025927552953362465,,0.015170730650424957,,
,0.001,339,,,,,,,,,,,,,,,,,,,,,
339,,339,,,,,,,,,,0.0010831448016688228,,6.460870645241812e-05,,0.28302499651908875,,0.06224162131547928,,0.02347533032298088,,0.012470260262489319,0.019994458183646202
339,,339,0.9921932220458984,1.0,1.0,0.873046875,0.96923828125,0.9913330078125,0.99566650390625,0.019994458183646202,0.0010831448016688228,,6.460870645241812e-05,,0.28302499651908875,,0.06224162131547928,,0.02347533032298088,,0.012470260262489319,,
,0.001,340,,,,,,,,,,,,,,,,,,,,,
340,,340,,,,,,,,,,0.0008860476082190871,,6.106257933424786e-05,,0.2698911428451538,,0.06126090884208679,,0.024698598310351372,,0.012948742136359215,0.02038273960351944
340,,340,0.9919185042381287,1.0,1.0,0.873046875,0.96826171875,0.9898681640625,0.9957275390625,0.02038273960351944,0.0008860476082190871,,6.106257933424786e-05,,0.2698911428451538,,0.06126090884208679,,0.024698598310351372,,0.012948742136359215,,
,0.001,341,,,,,,,,,,,,,,,,,,,,,
341,,341,,,,,,,,,,0.0006504327175207436,,5.551984941121191e-05,,0.2727203369140625,,0.05865184962749481,,0.02489805594086647,,0.010326291434466839,0.018363473936915398
341,,341,0.992971658706665,1.0,1.0,0.875,0.970703125,0.990234375,0.996856689453125,0.018363473936915398,0.0006504327175207436,,5.551984941121191e-05,,0.2727203369140625,,0.05865184962749481,,0.02489805594086647,,0.010326291434466839,,
,0.001,342,,,,,,,,,,,,,,,,,,,,,
342,,342,,,,,,,,,,0.000573351513594389,,5.6741708249319345e-05,,0.27778932452201843,,0.05727365240454674,,0.021814659237861633,,0.008454609662294388,0.016375835984945297
342,,342,0.9937500357627869,1.0,1.0,0.873046875,0.97265625,0.9920654296875,0.997344970703125,0.016375835984945297,0.000573351513594389,,5.6741708249319345e-05,,0.27778932452201843,,0.05727365240454674,,0.021814659237861633,,0.008454609662294388,,
,0.001,343,,,,,,,,,,,,,,,,,,,,,
343,,343,,,,,,,,,,0.0005743046058341861,,5.858940494363196e-05,,0.27513372898101807,,0.05816268548369408,,0.020245037972927094,,0.00708766607567668,0.01506656501442194
343,,343,0.9940934181213379,1.0,1.0,0.873046875,0.97314453125,0.991943359375,0.997802734375,0.01506656501442194,0.0005743046058341861,,5.858940494363196e-05,,0.27513372898101807,,0.05816268548369408,,0.020245037972927094,,0.00708766607567668,,
,0.001,344,,,,,,,,,,,,,,,,,,,,,
344,,344,,,,,,,,,,0.0005757343024015427,,5.677167064277455e-05,,0.2751935124397278,,0.05782156437635422,,0.019099004566669464,,0.006198070477694273,0.01416897401213646
344,,344,0.9946886897087097,1.0,1.0,0.87109375,0.974609375,0.9927978515625,0.998321533203125,0.01416897401213646,0.0005757343024015427,,5.677167064277455e-05,,0.2751935124397278,,0.05782156437635422,,0.019099004566669464,,0.006198070477694273,,
,0.001,345,,,,,,,,,,,,,,,,,,,,,
345,,345,,,,,,,,,,0.0005645350320264697,,5.25698451383505e-05,,0.27376753091812134,,0.054713934659957886,,0.017679361626505852,,0.005120028275996447,0.01293155550956726
345,,345,0.995421290397644,1.0,1.0,0.87109375,0.9755859375,0.9931640625,0.9991455078125,0.01293155550956726,0.0005645350320264697,,5.25698451383505e-05,,0.27376753091812134,,0.054713934659957886,,0.017679361626505852,,0.005120028275996447,,
,0.001,346,,,,,,,,,,,,,,,,,,,,,
346,,346,,,,,,,,,,0.0005360596696846187,,4.744412945001386e-05,,0.267233669757843,,0.05257992073893547,,0.016138220205903053,,0.0049692923203110695,0.012352760881185532
346,,346,0.9952839016914368,1.0,1.0,0.876953125,0.97412109375,0.9940185546875,0.998748779296875,0.012352760881185532,0.0005360596696846187,,4.744412945001386e-05,,0.267233669757843,,0.05257992073893547,,0.016138220205903053,,0.0049692923203110695,,
,0.001,347,,,,,,,,,,,,,,,,,,,,,
347,,347,,,,,,,,,,0.0005035324720665812,,4.282499139662832e-05,,0.27026668190956116,,0.05459862947463989,,0.015639008954167366,,0.004629317671060562,0.012134257704019547
347,,347,0.9952839016914368,1.0,1.0,0.873046875,0.970703125,0.9940185546875,0.9990234375,0.012134257704019547,0.0005035324720665812,,4.282499139662832e-05,,0.27026668190956116,,0.05459862947463989,,0.015639008954167366,,0.004629317671060562,,
,0.001,348,,,,,,,,,,,,,,,,,,,,,
348,,348,,,,,,,,,,0.0004533693427219987,,3.877204653690569e-05,,0.2729632258415222,,0.05452568456530571,,0.015327580273151398,,0.004041657783091068,0.011663137003779411
348,,348,0.9954899549484253,1.0,1.0,0.873046875,0.97119140625,0.993896484375,0.999298095703125,0.011663137003779411,0.0004533693427219987,,3.877204653690569e-05,,0.2729632258415222,,0.05452568456530571,,0.015327580273151398,,0.004041657783091068,,
,0.001,349,,,,,,,,,,,,,,,,,,,,,
349,,349,,,,,,,,,,0.0003763920976780355,,3.4331667848164216e-05,,0.26788562536239624,,0.051320355385541916,,0.013905569911003113,,0.003132352139800787,0.010504425503313541
349,,349,0.9960622787475586,1.0,1.0,0.875,0.97509765625,0.99462890625,0.999603271484375,0.010504425503313541,0.0003763920976780355,,3.4331667848164216e-05,,0.26788562536239624,,0.051320355385541916,,0.013905569911003113,,0.003132352139800787,,
,0.001,350,,,,,,,,,,,,,,,,,,,,,
350,,350,,,,,,,,,,0.00030763185350224376,,3.0576702556572855e-05,,0.266735315322876,,0.051447898149490356,,0.012450422160327435,,0.002600093837827444,0.009824663400650024
350,,350,0.9961767792701721,1.0,1.0,0.875,0.9755859375,0.9951171875,0.999603271484375,0.009824663400650024,0.00030763185350224376,,3.0576702556572855e-05,,0.266735315322876,,0.051447898149490356,,0.012450422160327435,,0.002600093837827444,,
,0.001,351,,,,,,,,,,,,,,,,,,,,,
351,,351,,,,,,,,,,0.00026472879108041525,,2.759655581030529e-05,,0.2685350775718689,,0.052143342792987823,,0.011838074773550034,,0.00227963924407959,0.009523083455860615
351,,351,0.9961996674537659,1.0,1.0,0.87109375,0.97509765625,0.9952392578125,0.99969482421875,0.009523083455860615,0.00026472879108041525,,2.759655581030529e-05,,0.2685350775718689,,0.052143342792987823,,0.011838074773550034,,0.00227963924407959,,
,0.001,352,,,,,,,,,,,,,,,,,,,,,
352,,352,,,,,,,,,,0.0002451834443490952,,2.5450844987062737e-05,,0.2671493589878082,,0.051918383687734604,,0.011658964678645134,,0.002054714597761631,0.00929394643753767
352,,352,0.9962225556373596,1.0,1.0,0.873046875,0.97412109375,0.9952392578125,0.999755859375,0.00929394643753767,0.0002451834443490952,,2.5450844987062737e-05,,0.2671493589878082,,0.051918383687734604,,0.011658964678645134,,0.002054714597761631,,
,0.001,353,,,,,,,,,,,,,,,,,,,,,
353,,353,,,,,,,,,,0.0002351722796447575,,2.3603146473760717e-05,,0.26394322514533997,,0.05022304132580757,,0.011297596618533134,,0.0017554301302880049,0.008884571492671967
353,,353,0.9962683320045471,1.0,1.0,0.87109375,0.97412109375,0.9951171875,0.9998779296875,0.008884571492671967,0.0002351722796447575,,2.3603146473760717e-05,,0.26394322514533997,,0.05022304132580757,,0.011297596618533134,,0.0017554301302880049,,
,0.001,354,,,,,,,,,,,,,,,,,,,,,
354,,354,,,,,,,,,,0.0002196785935666412,,2.1636240489897318e-05,,0.26463043689727783,,0.049124494194984436,,0.01076621375977993,,0.0015261240769177675,0.008569423109292984
354,,354,0.9964286088943481,1.0,1.0,0.875,0.97509765625,0.9951171875,0.999969482421875,0.008569423109292984,0.0002196785935666412,,2.1636240489897318e-05,,0.26463043689727783,,0.049124494194984436,,0.01076621375977993,,0.0015261240769177675,,
,0.001,355,,,,,,,,,,,,,,,,,,,,,
355,,355,,,,,,,,,,0.000196556793525815,,1.9430915926932357e-05,,0.26663702726364136,,0.049556538462638855,,0.010307750664651394,,0.0013241455890238285,0.008375673554837704
355,,355,0.9963141083717346,1.0,1.0,0.873046875,0.97412109375,0.9951171875,0.999908447265625,0.008375673554837704,0.000196556793525815,,1.9430915926932357e-05,,0.26663702726364136,,0.049556538462638855,,0.010307750664651394,,0.0013241455890238285,,
,0.001,356,,,,,,,,,,,,,,,,,,,,,
356,,356,,,,,,,,,,0.00017045476124621928,,1.761300882208161e-05,,0.26457977294921875,,0.05002910643815994,,0.009966888464987278,,0.001074430299922824,0.008122432045638561
356,,356,0.9964057207107544,1.0,1.0,0.873046875,0.974609375,0.995361328125,0.99993896484375,0.008122432045638561,0.00017045476124621928,,1.761300882208161e-05,,0.26457977294921875,,0.05002910643815994,,0.009966888464987278,,0.001074430299922824,,
,0.001,357,,,,,,,,,,,,,,,,,,,,,
357,,357,,,,,,,,,,0.00014625910262111574,,1.6063315342762507e-05,,0.2621682584285736,,0.049950942397117615,,0.009643127210438251,,0.0008826884441077709,0.007885917089879513
357,,357,0.9965201616287231,1.0,1.0,0.876953125,0.974609375,0.9954833984375,1.0,0.007885917089879513,0.00014625910262111574,,1.6063315342762507e-05,,0.2621682584285736,,0.049950942397117615,,0.009643127210438251,,0.0008826884441077709,,
,0.001,358,,,,,,,,,,,,,,,,,,,,,
358,,358,,,,,,,,,,0.00012563870404846966,,1.469243215979077e-05,,0.2631608247756958,,0.04892969876527786,,0.009346620179712772,,0.0007669394835829735,0.0077072083950042725
358,,358,0.9964972734451294,1.0,1.0,0.873046875,0.97509765625,0.9954833984375,1.0,0.0077072083950042725,0.00012563870404846966,,1.469243215979077e-05,,0.2631608247756958,,0.04892969876527786,,0.009346620179712772,,0.0007669394835829735,,
,0.001,359,,,,,,,,,,,,,,,,,,,,,
359,,359,,,,,,,,,,0.00010990492592100054,,1.3589761692855973e-05,,0.2643565833568573,,0.04853828251361847,,0.009160147979855537,,0.0007142209215089679,0.007628337014466524
359,,359,0.9965430498123169,1.0,1.0,0.87109375,0.9755859375,0.9957275390625,1.0,0.007628337014466524,0.00010990492592100054,,1.3589761692855973e-05,,0.2643565833568573,,0.04853828251361847,,0.009160147979855537,,0.0007142209215089679,,
,0.001,360,,,,,,,,,,,,,,,,,,,,,
360,,360,,,,,,,,,,9.810443589231e-05,,1.263610101887025e-05,,0.26371973752975464,,0.04908145219087601,,0.0091320239007473,,0.0006135104922577739,0.00756550207734108
360,,360,0.9965430498123169,1.0,1.0,0.875,0.97509765625,0.99560546875,1.0,0.00756550207734108,9.810443589231e-05,,1.263610101887025e-05,,0.26371973752975464,,0.04908145219087601,,0.0091320239007473,,0.0006135104922577739,,
,0.001,361,,,,,,,,,,,,,,,,,,,,,
361,,361,,,,,,,,,,8.856858039507642e-05,,1.1831448318844195e-05,,0.2623291015625,,0.04883749783039093,,0.008944809436798096,,0.0005280689802020788,0.007438546512275934
361,,361,0.9965201616287231,1.0,1.0,0.875,0.97509765625,0.9954833984375,1.0,0.007438546512275934,8.856858039507642e-05,,1.1831448318844195e-05,,0.2623291015625,,0.04883749783039093,,0.008944809436798096,,0.0005280689802020788,,
,0.001,362,,,,,,,,,,,,,,,,,,,,,
362,,362,,,,,,,,,,8.05822346592322e-05,,1.114600308937952e-05,,0.2620201110839844,,0.0483764111995697,,0.008692018687725067,,0.0004608193994499743,0.007315438240766525
362,,362,0.9966346621513367,1.0,1.0,0.876953125,0.97607421875,0.9957275390625,1.0,0.007315438240766525,8.05822346592322e-05,,1.114600308937952e-05,,0.2620201110839844,,0.0483764111995697,,0.008692018687725067,,0.0004608193994499743,,
,0.001,363,,,,,,,,,,,,,,,,,,,,,
363,,363,,,,,,,,,,7.259582343976945e-05,,1.0341349479858764e-05,,0.2626382112503052,,0.04816122725605965,,0.008535988628864288,,0.00040057796286419034,0.007238131016492844
363,,363,0.9965888261795044,1.0,1.0,0.876953125,0.9755859375,0.99560546875,1.0,0.007238131016492844,7.259582343976945e-05,,1.0341349479858764e-05,,0.2626382112503052,,0.04816122725605965,,0.008535988628864288,,0.00040057796286419034,,
,0.001,364,,,,,,,,,,,,,,,,,,,,,
364,,364,,,,,,,,,,6.460934673668817e-05,,9.715507985674776e-06,,0.2624684274196625,,0.048442479223012924,,0.00838620588183403,,0.0003480904269963503,0.007181853987276554
364,,364,0.9965659379959106,1.0,1.0,0.876953125,0.97509765625,0.99560546875,1.0,0.007181853987276554,6.460934673668817e-05,,9.715507985674776e-06,,0.2624684274196625,,0.048442479223012924,,0.00838620588183403,,0.0003480904269963503,,
,0.001,365,,,,,,,,,,,,,,,,,,,,,
365,,365,,,,,,,,,,5.686121585313231e-05,,8.970457201940008e-06,,0.26199662685394287,,0.048026490956544876,,0.008266556076705456,,0.0003097325097769499,0.007105596363544464
365,,365,0.9965430498123169,1.0,1.0,0.873046875,0.9755859375,0.99560546875,1.0,0.007105596363544464,5.686121585313231e-05,,8.970457201940008e-06,,0.26199662685394287,,0.048026490956544876,,0.008266556076705456,,0.0003097325097769499,,
,0.001,366,,,,,,,,,,,,,,,,,,,,,
366,,366,,,,,,,,,,5.07818695041351e-05,,8.285009243991226e-06,,0.2618001401424408,,0.04771526902914047,,0.008224169723689556,,0.00028318585827946663,0.007060830015689135
366,,366,0.9966117143630981,1.0,1.0,0.876953125,0.97607421875,0.99560546875,1.0,0.007060830015689135,5.07818695041351e-05,,8.285009243991226e-06,,0.2618001401424408,,0.04771526902914047,,0.008224169723689556,,0.00028318585827946663,,
,0.001,367,,,,,,,,,,,,,,,,,,,,,
367,,367,,,,,,,,,,4.565611743601039e-05,,7.80817663326161e-06,,0.2618978023529053,,0.04808792099356651,,0.00817297212779522,,0.0002581597655080259,0.007051066495478153
367,,367,0.9965888261795044,1.0,1.0,0.876953125,0.97607421875,0.9954833984375,1.0,0.007051066495478153,4.565611743601039e-05,,7.80817663326161e-06,,0.2618978023529053,,0.04808792099356651,,0.00817297212779522,,0.0002581597655080259,,
,0.001,368,,,,,,,,,,,,,,,,,,,,,
368,,368,,,,,,,,,,4.0649541915627196e-05,,7.361145435424987e-06,,0.2619912326335907,,0.04773806035518646,,0.00806994829326868,,0.00023065645655151457,0.006995798088610172
368,,368,0.9965888261795044,1.0,1.0,0.875,0.97607421875,0.99560546875,1.0,0.006995798088610172,4.0649541915627196e-05,,7.361145435424987e-06,,0.2619912326335907,,0.04773806035518646,,0.00806994829326868,,0.00023065645655151457,,
,0.001,369,,,,,,,,,,,,,,,,,,,,,
369,,369,,,,,,,,,,3.7788631743751466e-05,,7.033322162897093e-06,,0.26178038120269775,,0.04749290645122528,,0.008078868500888348,,0.00020365887030493468,0.006963249295949936
369,,369,0.9966117143630981,1.0,1.0,0.875,0.97607421875,0.9957275390625,1.0,0.006963249295949936,3.7788631743751466e-05,,7.033322162897093e-06,,0.26178038120269775,,0.04749290645122528,,0.008078868500888348,,0.00020365887030493468,,
,0.001,370,,,,,,,,,,,,,,,,,,,,,
370,,370,,,,,,,,,,3.635817120084539e-05,,6.794905857532285e-06,,0.26168423891067505,,0.0475921630859375,,0.007991975173354149,,0.00017870403826236725,0.006931757088750601
370,,370,0.9966346621513367,1.0,1.0,0.876953125,0.97607421875,0.9957275390625,1.0,0.006931757088750601,3.635817120084539e-05,,6.794905857532285e-06,,0.26168423891067505,,0.0475921630859375,,0.007991975173354149,,0.00017870403826236725,,
,0.001,371,,,,,,,,,,,,,,,,,,,,,
371,,371,,,,,,,,,,3.4450891689630225e-05,,6.437280262616696e-06,,0.2618505358695984,,0.04759664833545685,,0.00786394253373146,,0.0001602592528797686,0.006896065082401037
371,,371,0.9966346621513367,1.0,1.0,0.876953125,0.97607421875,0.9957275390625,1.0,0.006896065082401037,3.4450891689630225e-05,,6.437280262616696e-06,,0.2618505358695984,,0.04759664833545685,,0.00786394253373146,,0.0001602592528797686,,
,0.001,372,,,,,,,,,,,,,,,,,,,,,
372,,372,,,,,,,,,,3.2305197237292305e-05,,6.049852345313411e-06,,0.26178452372550964,,0.047467611730098724,,0.007887477055191994,,0.00014780278434045613,0.006884307600557804
372,,372,0.9965888261795044,1.0,1.0,0.876953125,0.97607421875,0.9954833984375,1.0,0.006884307600557804,3.2305197237292305e-05,,6.049852345313411e-06,,0.26178452372550964,,0.047467611730098724,,0.007887477055191994,,0.00014780278434045613,,
,0.001,373,,,,,,,,,,,,,,,,,,,,,
373,,373,,,,,,,,,,3.0040289857424796e-05,,5.811435130453901e-06,,0.261605441570282,,0.047268226742744446,,0.007868075743317604,,0.0001368748489767313,0.006861020810902119
373,,373,0.9966117143630981,1.0,1.0,0.876953125,0.97607421875,0.99560546875,1.0,0.006861020810902119,3.0040289857424796e-05,,5.811435130453901e-06,,0.261605441570282,,0.047268226742744446,,0.007868075743317604,,0.0001368748489767313,,
,0.001,374,,,,,,,,,,,,,,,,,,,,,
374,,374,,,,,,,,,,2.7656173188006505e-05,,5.602820237982087e-06,,0.26186317205429077,,0.047530584037303925,,0.007757988758385181,,0.00012741354294121265,0.006848596502095461
374,,374,0.9966117143630981,1.0,1.0,0.875,0.97607421875,0.9957275390625,1.0,0.006848596502095461,2.7656173188006505e-05,,5.602820237982087e-06,,0.26186317205429077,,0.047530584037303925,,0.007757988758385181,,0.00012741354294121265,,
,0.001,375,,,,,,,,,,,,,,,,,,,,,
375,,375,,,,,,,,,,2.7179348762729205e-05,,5.424007213150617e-06,,0.26194149255752563,,0.04784826189279556,,0.007766774855554104,,0.00011617652489803731,0.00685762707144022
375,,375,0.9966117143630981,1.0,1.0,0.875,0.97607421875,0.9957275390625,1.0,0.00685762707144022,2.7179348762729205e-05,,5.424007213150617e-06,,0.26194149255752563,,0.04784826189279556,,0.007766774855554104,,0.00011617652489803731,,
,0.001,376,,,,,,,,,,,,,,,,,,,,,
376,,376,,,,,,,,,,2.5033637939486653e-05,,5.185590453038458e-06,,0.2618176341056824,,0.04806430637836456,,0.007833436131477356,,0.00010544802353251725,0.006870756391435862
376,,376,0.9965888261795044,1.0,1.0,0.876953125,0.97509765625,0.9957275390625,1.0,0.006870756391435862,2.5033637939486653e-05,,5.185590453038458e-06,,0.2618176341056824,,0.04806430637836456,,0.007833436131477356,,0.00010544802353251725,,
,0.001,377,,,,,,,,,,,,,,,,,,,,,
377,,377,,,,,,,,,,2.6464111215318553e-05,,5.215392320678802e-06,,0.2625293433666229,,0.050643399357795715,,0.007969719357788563,,9.332692570751533e-05,0.007016490213572979
377,,377,0.9965430498123169,1.0,1.0,0.876953125,0.97509765625,0.9954833984375,1.0,0.007016490213572979,2.6464111215318553e-05,,5.215392320678802e-06,,0.2625293433666229,,0.050643399357795715,,0.007969719357788563,,9.332692570751533e-05,,
,0.001,378,,,,,,,,,,,,,,,,,,,,,
378,,378,,,,,,,,,,2.2053474822314456e-05,,4.798162080987822e-06,,0.2669263780117035,,0.05339334160089493,,0.008368166163563728,,8.931502816267312e-05,0.007268678862601519
378,,378,0.9963141083717346,1.0,1.0,0.873046875,0.9716796875,0.995361328125,1.0,0.007268678862601519,2.2053474822314456e-05,,4.798162080987822e-06,,0.2669263780117035,,0.05339334160089493,,0.008368166163563728,,8.931502816267312e-05,,
,0.001,379,,,,,,,,,,,,,,,,,,,,,
379,,379,,,,,,,,,,2.706014311115723e-05,,5.096183485875372e-06,,0.2697373628616333,,0.056422945111989975,,0.008681452833116055,,8.222039468819275e-05,0.007497112732380629
379,,379,0.9963369965553284,1.0,1.0,0.876953125,0.9716796875,0.9952392578125,1.0,0.007497112732380629,2.706014311115723e-05,,5.096183485875372e-06,,0.2697373628616333,,0.056422945111989975,,0.008681452833116055,,8.222039468819275e-05,,
,0.001,380,,,,,,,,,,,,,,,,,,,,,
380,,380,,,,,,,,,,2.276871418871451e-05,,4.768359758600127e-06,,0.2654091417789459,,0.050884462893009186,,0.007893301546573639,,7.545786502305418e-05,0.007033808156847954
380,,380,0.9965201616287231,1.0,1.0,0.87109375,0.97509765625,0.9957275390625,1.0,0.007033808156847954,2.276871418871451e-05,,4.768359758600127e-06,,0.2654091417789459,,0.050884462893009186,,0.007893301546573639,,7.545786502305418e-05,,
,0.001,381,,,,,,,,,,,,,,,,,,,,,
381,,381,,,,,,,,,,2.2172682292875834e-05,,4.6491513785440475e-06,,0.26517388224601746,,0.05189695954322815,,0.008013570681214333,,7.194120553322136e-05,0.007098439149558544
381,,381,0.9964514970779419,1.0,1.0,0.87109375,0.9736328125,0.9957275390625,1.0,0.007098439149558544,2.2172682292875834e-05,,4.6491513785440475e-06,,0.26517388224601746,,0.05189695954322815,,0.008013570681214333,,7.194120553322136e-05,,
,0.001,382,,,,,,,,,,,,,,,,,,,,,
382,,382,,,,,,,,,,2.8132995794294402e-05,,5.096183485875372e-06,,0.2717437744140625,,0.05079993978142738,,0.008652056567370892,,7.035935414023697e-05,0.007242579013109207
382,,382,0.9963828325271606,1.0,1.0,0.876953125,0.9736328125,0.9949951171875,1.0,0.007242579013109207,2.8132995794294402e-05,,5.096183485875372e-06,,0.2717437744140625,,0.05079993978142738,,0.008652056567370892,,7.035935414023697e-05,,
,0.001,383,,,,,,,,,,,,,,,,,,,,,
383,,383,,,,,,,,,,2.5748875486897305e-05,,4.947172783431597e-06,,0.26207128167152405,,0.04874066263437271,,0.007730821147561073,,6.56978809274733e-05,0.006856376305222511
383,,383,0.9964743852615356,1.0,1.0,0.873046875,0.9736328125,0.9957275390625,1.0,0.006856376305222511,2.5748875486897305e-05,,4.947172783431597e-06,,0.26207128167152405,,0.04874066263437271,,0.007730821147561073,,6.56978809274733e-05,,
,0.001,384,,,,,,,,,,,,,,,,,,,,,
384,,384,,,,,,,,,,2.4914430468925275e-05,,4.7385578909597825e-06,,0.26617106795310974,,0.0492200069129467,,0.008191237226128578,,6.360159022733569e-05,0.007011681795120239
384,,384,0.9963828325271606,1.0,1.0,0.873046875,0.97314453125,0.995361328125,1.0,0.007011681795120239,2.4914430468925275e-05,,4.7385578909597825e-06,,0.26617106795310974,,0.0492200069129467,,0.008191237226128578,,6.360159022733569e-05,,
,0.001,385,,,,,,,,,,,,,,,,,,,,,
385,,385,,,,,,,,,,3.123234637314454e-05,,5.364403477869928e-06,,0.2633161246776581,,0.04971921816468239,,0.007986868731677532,,6.294796185102314e-05,0.006962812040001154
385,,385,0.9965659379959106,1.0,1.0,0.876953125,0.97607421875,0.995361328125,1.0,0.006962812040001154,3.123234637314454e-05,,5.364403477869928e-06,,0.2633161246776581,,0.04971921816468239,,0.007986868731677532,,6.294796185102314e-05,,
,0.001,386,,,,,,,,,,,,,,,,,,,,,
386,,386,,,,,,,,,,3.218599158572033e-05,,5.424007667897968e-06,,0.2618875801563263,,0.04919589310884476,,0.00790304783731699,,5.9936108300462365e-05,0.006903551518917084
386,,386,0.9965659379959106,1.0,1.0,0.876953125,0.974609375,0.9957275390625,1.0,0.006903551518917084,3.218599158572033e-05,,5.424007667897968e-06,,0.2618875801563263,,0.04919589310884476,,0.00790304783731699,,5.9936108300462365e-05,,
,0.001,387,,,,,,,,,,,,,,,,,,,,,
387,,387,,,,,,,,,,3.0040289857424796e-05,,5.185590453038458e-06,,0.26326102018356323,,0.05021487921476364,,0.007873287424445152,,5.609840081888251e-05,0.006958963815122843
387,,387,0.9963369965553284,1.0,1.0,0.87109375,0.9716796875,0.99560546875,1.0,0.006958963815122843,3.0040289857424796e-05,,5.185590453038458e-06,,0.26326102018356323,,0.05021487921476364,,0.007873287424445152,,5.609840081888251e-05,,
,0.001,388,,,,,,,,,,,,,,,,,,,,,
388,,388,,,,,,,,,,3.4927710657939315e-05,,5.543216502701398e-06,,0.2615095376968384,,0.047964707016944885,,0.007771349977701902,,5.3430834668688476e-05,0.006811817176640034
388,,388,0.9966117143630981,1.0,1.0,0.876953125,0.9755859375,0.9957275390625,1.0,0.006811817176640034,3.4927710657939315e-05,,5.543216502701398e-06,,0.2615095376968384,,0.047964707016944885,,0.007771349977701902,,5.3430834668688476e-05,,
,0.001,389,,,,,,,,,,,,,,,,,,,,,
389,,389,,,,,,,,,,4.005352093372494e-05,,6.139259312476497e-06,,0.2622920572757721,,0.049749284982681274,,0.00778304785490036,,5.261997284833342e-05,0.006906252354383469
389,,389,0.9965201616287231,1.0,1.0,0.876953125,0.97412109375,0.99560546875,1.0,0.006906252354383469,4.005352093372494e-05,,6.139259312476497e-06,,0.2622920572757721,,0.049749284982681274,,0.00778304785490036,,5.261997284833342e-05,,
,0.001,390,,,,,,,,,,,,,,,,,,,,,
390,,390,,,,,,,,,,3.814624506048858e-05,,5.990248610032722e-06,,0.2619035840034485,,0.04882657527923584,,0.007759809959679842,,5.039639654569328e-05,0.006852408405393362
390,,390,0.9965201616287231,1.0,1.0,0.873046875,0.974609375,0.9957275390625,1.0,0.006852408405393362,3.814624506048858e-05,,5.990248610032722e-06,,0.2619035840034485,,0.04882657527923584,,0.007759809959679842,,5.039639654569328e-05,,
,0.001,391,,,,,,,,,,,,,,,,,,,,,
391,,391,,,,,,,,,,3.790783375734463e-05,,5.871039775229292e-06,,0.2619290053844452,,0.04939538240432739,,0.00775184528902173,,4.9349073378834873e-05,0.006877095904201269
391,,391,0.9964286088943481,1.0,1.0,0.873046875,0.97265625,0.9957275390625,1.0,0.006877095904201269,3.790783375734463e-05,,5.871039775229292e-06,,0.2619290053844452,,0.04939538240432739,,0.00775184528902173,,4.9349073378834873e-05,,
,0.001,392,,,,,,,,,,,,,,,,,,,,,
392,,392,,,,,,,,,,4.3987260141875595e-05,,6.318072337307967e-06,,0.2621956169605255,,0.04837735742330551,,0.0077651431784033775,,4.716265539173037e-05,0.006833348888903856
392,,392,0.9965201616287231,1.0,1.0,0.876953125,0.974609375,0.9954833984375,1.0,0.006833348888903856,4.3987260141875595e-05,,6.318072337307967e-06,,0.2621956169605255,,0.04837735742330551,,0.0077651431784033775,,4.716265539173037e-05,,
,0.001,393,,,,,,,,,,,,,,,,,,,,,
393,,393,,,,,,,,,,4.565611743601039e-05,,6.407478394976351e-06,,0.261818528175354,,0.0483570396900177,,0.0077170380391180515,,4.504948446992785e-05,0.006817370653152466
393,,393,0.9966346621513367,1.0,1.0,0.876953125,0.97607421875,0.9957275390625,1.0,0.006817370653152466,4.565611743601039e-05,,6.407478394976351e-06,,0.261818528175354,,0.0483570396900177,,0.0077170380391180515,,4.504948446992785e-05,,
,0.001,394,,,,,,,,,,,,,,,,,,,,,
394,,394,,,,,,,,,,4.23184028477408e-05,,6.020050477673067e-06,,0.26244881749153137,,0.04859267920255661,,0.007781991735100746,,4.4059375795768574e-05,0.006847241893410683
394,,394,0.9964514970779419,1.0,1.0,0.873046875,0.9736328125,0.99560546875,1.0,0.006847241893410683,4.23184028477408e-05,,6.020050477673067e-06,,0.26244881749153137,,0.04859267920255661,,0.007781991735100746,,4.4059375795768574e-05,,
,0.001,395,,,,,,,,,,,,,,,,,,,,,
395,,395,,,,,,,,,,4.458328112377785e-05,,6.139259312476497e-06,,0.26183390617370605,,0.04818669334053993,,0.007699803914874792,,4.1376566514372826e-05,0.006803574971854687
395,,395,0.9966346621513367,1.0,1.0,0.876953125,0.97607421875,0.9957275390625,1.0,0.006803574971854687,4.458328112377785e-05,,6.139259312476497e-06,,0.26183390617370605,,0.04818669334053993,,0.007699803914874792,,4.1376566514372826e-05,,
,0.001,396,,,,,,,,,,,,,,,,,,,,,
396,,396,,,,,,,,,,4.8636207793606445e-05,,6.228665370144881e-06,,0.2622569799423218,,0.0480138435959816,,0.0077276346273720264,,3.933213884010911e-05,0.0068041193298995495
396,,396,0.9965659379959106,1.0,1.0,0.876953125,0.974609375,0.9957275390625,1.0,0.0068041193298995495,4.8636207793606445e-05,,6.228665370144881e-06,,0.2622569799423218,,0.0480138435959816,,0.0077276346273720264,,3.933213884010911e-05,,
,0.001,397,,,,,,,,,,,,,,,,,,,,,
397,,397,,,,,,,,,,4.6132929128361866e-05,,5.960446287645027e-06,,0.2615722715854645,,0.047922901809215546,,0.007702246308326721,,3.776921221287921e-05,0.00678589241579175
397,,397,0.9966117143630981,1.0,1.0,0.876953125,0.9755859375,0.9957275390625,1.0,0.00678589241579175,4.6132929128361866e-05,,5.960446287645027e-06,,0.2615722715854645,,0.047922901809215546,,0.007702246308326721,,3.776921221287921e-05,,
,0.001,398,,,,,,,,,,,,,,,,,,,,,
398,,398,,,,,,,,,,4.386805812828243e-05,,5.781633262813557e-06,,0.26188573241233826,,0.04813011735677719,,0.007645183242857456,,3.599085539462976e-05,0.006787243764847517
398,,398,0.9965888261795044,1.0,1.0,0.873046875,0.97607421875,0.9957275390625,1.0,0.006787243764847517,4.386805812828243e-05,,5.781633262813557e-06,,0.26188573241233826,,0.04813011735677719,,0.007645183242857456,,3.599085539462976e-05,,
,0.001,399,,,,,,,,,,,,,,,,,,,,,
399,,399,,,,,,,,,,4.5536911784438416e-05,,5.751830940425862e-06,,0.2614801824092865,,0.04804515838623047,,0.00769457221031189,,3.431100776651874e-05,0.006786510813981295
399,,399,0.9965430498123169,1.0,1.0,0.876953125,0.974609375,0.99560546875,1.0,0.006786510813981295,4.5536911784438416e-05,,5.751830940425862e-06,,0.2614801824092865,,0.04804515838623047,,0.00769457221031189,,3.431100776651874e-05,,
