epoch,lr-AdamW,step,train/acc,train/acc_s0_1,train/acc_s1_2,train/acc_s2_4,train/acc_s3_8,train/acc_s4_16,train/acc_s5_32,train/loss_epoch,train/loss_s0_1_epoch,train/loss_s0_1_step,train/loss_s1_2_epoch,train/loss_s1_2_step,train/loss_s2_4_epoch,train/loss_s2_4_step,train/loss_s3_8_epoch,train/loss_s3_8_step,train/loss_s4_16_epoch,train/loss_s4_16_step,train/loss_s5_32_epoch,train/loss_s5_32_step,train/loss_step,val/acc,val/acc_s0_1,val/acc_s1_2,val/acc_s2_4,val/acc_s3_8,val/acc_s4_16,val/acc_s5_32,val/loss,val/loss_s0_1,val/loss_s1_2,val/loss_s2_4,val/loss_s3_8,val/loss_s4_16,val/loss_s5_32
,0.0002713525491562421,12744,,,,,,,,,,,,,,,,,,,,,,,,,,,,,,,,,,,
4,,12749,,,,,,,,,,7.633119821548462e-06,,2.9616057872772217e-06,,0.2572093605995178,,0.26302480697631836,,0.07901464402675629,,0.029157154262065887,0.052039291709661484,,,,,,,,,,,,,,
4,,12759,,,,,,,,,,8.724629878997803e-06,,3.6568380892276764e-06,,0.2642790973186493,,0.2577493190765381,,0.09089121222496033,,0.02861376479268074,0.05369457229971886,,,,,,,,,,,,,,
4,,12769,,,,,,,,,,1.3412907719612122e-05,,4.081055521965027e-06,,0.25391048192977905,,0.2675073742866516,,0.0980810821056366,,0.03779945895075798,0.062269944697618484,,,,,,,,,,,,,,
4,,12779,,,,,,,,,,1.3107433915138245e-05,,2.5890767574310303e-06,,0.24882547557353973,,0.25332051515579224,,0.07877995073795319,,0.02616356685757637,0.0491962693631649,,,,,,,,,,,,,,
4,,12789,,,,,,,,,,8.823350071907043e-06,,2.727378159761429e-06,,0.2892647683620453,,0.25863486528396606,,0.0936649814248085,,0.03533582389354706,0.05959194526076317,,,,,,,,,,,,,,
4,,12799,,,,,,,,,,1.5858560800552368e-05,,2.1690502762794495e-06,,0.22452643513679504,,0.2764573395252228,,0.09686416387557983,,0.027536509558558464,0.054417822510004044,,,,,,,,,,,,,,
4,,12809,,,,,,,,,,8.473172783851624e-06,,3.0328519642353058e-06,,0.21708305180072784,,0.2862081527709961,,0.08939364552497864,,0.03244736045598984,0.05707072839140892,,,,,,,,,,,,,,
4,,12819,,,,,,,,,,1.340918242931366e-05,,2.359505742788315e-06,,0.24325740337371826,,0.25896745920181274,,0.10053054988384247,,0.03964744508266449,0.06359037756919861,,,,,,,,,,,,,,
4,,12829,,,,,,,,,,2.454221248626709e-05,,4.210975021123886e-06,,0.26970386505126953,,0.2637330889701843,,0.07603642344474792,,0.020041102543473244,0.044821709394454956,,,,,,,,,,,,,,
4,,12839,,,,,,,,,,1.4320015907287598e-05,,5.982816219329834e-06,,0.24771949648857117,,0.2686942219734192,,0.09341762214899063,,0.040769949555397034,0.06360682845115662,,,,,,,,,,,,,,
4,,12849,,,,,,,,,,1.6879290342330933e-05,,3.153923898935318e-06,,0.19381600618362427,,0.26204103231430054,,0.08976472914218903,,0.026628905907273293,0.05136958509683609,,,,,,,,,,,,,,
4,,12859,,,,,,,,,,1.430511474609375e-05,,6.878748536109924e-06,,0.22047355771064758,,0.28573042154312134,,0.09067193418741226,,0.03419392928481102,0.0586380735039711,,,,,,,,,,,,,,
4,,12869,,,,,,,,,,1.3751909136772156e-05,,5.992129445075989e-06,,0.23605108261108398,,0.27001166343688965,,0.1083146333694458,,0.043594516813755035,0.0684446394443512,,,,,,,,,,,,,,
4,,12879,,,,,,,,,,1.2161210179328918e-05,,3.3471733331680298e-06,,0.24653564393520355,,0.2578560709953308,,0.08817906677722931,,0.026321452111005783,0.051263295114040375,,,,,,,,,,,,,,
4,,12889,,,,,,,,,,1.625344157218933e-05,,4.445668309926987e-06,,0.25349199771881104,,0.2600340247154236,,0.09236623346805573,,0.028930779546499252,0.05418971925973892,,,,,,,,,,,,,,
4,,12899,,,,,,,,,,1.675821840763092e-05,,2.975109964609146e-06,,0.2322768270969391,,0.2710359990596771,,0.08754140138626099,,0.028547409921884537,0.053264398127794266,,,,,,,,,,,,,,
4,,12909,,,,,,,,,,1.796148717403412e-05,,9.197741746902466e-06,,0.2406507134437561,,0.2637949287891388,,0.09367655962705612,,0.03408347815275192,0.058326754719018936,,,,,,,,,,,,,,
4,,12919,,,,,,,,,,1.3343989849090576e-05,,7.819849997758865e-06,,0.2445296049118042,,0.260415256023407,,0.0841255933046341,,0.026456594467163086,0.05070095509290695,,,,,,,,,,,,,,
4,,12929,,,,,,,,,,1.4057382941246033e-05,,1.3308599591255188e-05,,0.23251423239707947,,0.2455194890499115,,0.08519533276557922,,0.02424144558608532,0.048400577157735825,,,,,,,,,,,,,,
4,,12939,,,,,,,,,,2.349354326725006e-05,,2.455431967973709e-06,,0.2274344265460968,,0.27227914333343506,,0.0883147343993187,,0.029791932553052902,0.05434458702802658,,,,,,,,,,,,,,
4,,12949,,,,,,,,,,1.4076009392738342e-05,,2.705957740545273e-06,,0.24186179041862488,,0.2739073634147644,,0.08791953325271606,,0.032162465155124664,0.05629425123333931,,,,,,,,,,,,,,
4,,12959,,,,,,,,,,1.5048310160636902e-05,,3.244727849960327e-06,,0.20705652236938477,,0.27553024888038635,,0.08711650222539902,,0.03256697952747345,0.056115224957466125,,,,,,,,,,,,,,
4,,12969,,,,,,,,,,1.5500932931900024e-05,,7.272697985172272e-06,,0.22873970866203308,,0.25748875737190247,,0.07389022409915924,,0.024134792387485504,0.04671727865934372,,,,,,,,,,,,,,
4,,12979,,,,,,,,,,1.6208738088607788e-05,,3.448221832513809e-06,,0.24277326464653015,,0.2784484922885895,,0.08672665059566498,,0.028141386806964874,0.05327758938074112,,,,,,,,,,,,,,
4,,12989,,,,,,,,,,8.419156074523926e-06,,7.0300884544849396e-06,,0.22817671298980713,,0.26566845178604126,,0.10394614189863205,,0.03550761565566063,0.06126275286078453,,,,,,,,,,,,,,
4,,12999,,,,,,,,,,1.2200325727462769e-05,,3.3820979297161102e-06,,0.2677428722381592,,0.24396735429763794,,0.08561466634273529,,0.032094985246658325,0.05471094697713852,,,,,,,,,,,,,,
4,,13009,,,,,,,,,,1.0933727025985718e-05,,4.901085048913956e-06,,0.25842392444610596,,0.26294711232185364,,0.09722142666578293,,0.029767237603664398,0.05592217296361923,,,,,,,,,,,,,,
4,,13019,,,,,,,,,,8.028000593185425e-06,,6.901100277900696e-06,,0.2987492084503174,,0.25418388843536377,,0.09457051753997803,,0.03798481076955795,0.06165149435400963,,,,,,,,,,,,,,
4,,13029,,,,,,,,,,1.1164695024490356e-05,,5.473848432302475e-06,,0.24428841471672058,,0.2684818208217621,,0.0939934030175209,,0.029437853023409843,0.05516348406672478,,,,,,,,,,,,,,
4,,13039,,,,,,,,,,9.931623935699463e-06,,1.1489726603031158e-05,,0.2052815556526184,,0.2812719941139221,,0.10418256372213364,,0.03393711894750595,0.060592170804739,,,,,,,,,,,,,,
4,,13049,,,,,,,,,,5.556270480155945e-06,,3.3802352845668793e-06,,0.2216053307056427,,0.27271437644958496,,0.0930938720703125,,0.03288384526968002,0.05751246586441994,,,,,,,,,,,,,,
4,,13059,,,,,,,,,,6.75395131111145e-06,,4.565343260765076e-06,,0.2073162943124771,,0.26592952013015747,,0.0856214240193367,,0.023974744603037834,0.04894198104739189,,,,,,,,,,,,,,
4,,13069,,,,,,,,,,7.690861821174622e-06,,4.603993147611618e-06,,0.25656187534332275,,0.25832879543304443,,0.09955912828445435,,0.035009630024433136,0.06005499139428139,,,,,,,,,,,,,,
4,,13079,,,,,,,,,,6.215646862983704e-06,,4.593748599290848e-06,,0.2745323181152344,,0.25627440214157104,,0.09512729942798615,,0.035244427621364594,0.059514276683330536,,,,,,,,,,,,,,
4,,13089,,,,,,,,,,6.0908496379852295e-06,,3.373250365257263e-06,,0.25597482919692993,,0.26726800203323364,,0.08577661216259003,,0.031898923218250275,0.0555487796664238,,,,,,,,,,,,,,
4,,13099,,,,,,,,,,4.237517714500427e-06,,2.7711503207683563e-06,,0.19983814656734467,,0.2749727964401245,,0.09753531217575073,,0.027535779401659966,0.05418414995074272,,,,,,,,,,,,,,
4,,13109,,,,,,,,,,5.9623271226882935e-06,,3.482215106487274e-06,,0.2238917350769043,,0.267563134431839,,0.0920030027627945,,0.03624653071165085,0.059615783393383026,,,,,,,,,,,,,,
4,,13119,,,,,,,,,,1.0915100574493408e-05,,5.695503205060959e-06,,0.2226596176624298,,0.24817365407943726,,0.08359947800636292,,0.028845233842730522,0.05156387761235237,,,,,,,,,,,,,,
4,,13129,,,,,,,,,,8.404254913330078e-06,,1.0778196156024933e-05,,0.22607992589473724,,0.25639551877975464,,0.08933104574680328,,0.030302543193101883,0.05415765941143036,,,,,,,,,,,,,,
4,,13139,,,,,,,,,,9.480863809585571e-06,,4.388391971588135e-06,,0.20016729831695557,,0.2794167995452881,,0.09031543135643005,,0.029836060479283333,0.05476795509457588,,,,,,,,,,,,,,
4,,13149,,,,,,,,,,1.1373311281204224e-05,,5.044043064117432e-06,,0.2015523612499237,,0.26141056418418884,,0.09549924731254578,,0.027741380035877228,0.05334075540304184,,,,,,,,,,,,,,
4,,13159,,,,,,,,,,8.650124073028564e-06,,1.0028481483459473e-05,,0.19216914474964142,,0.27219435572624207,,0.09254086762666702,,0.03310048207640648,0.057201869785785675,,,,,,,,,,,,,,
4,,13169,,,,,,,,,,7.383525371551514e-06,,4.28222119808197e-06,,0.24741443991661072,,0.2615519165992737,,0.08494623005390167,,0.030414648354053497,0.05391122028231621,,,,,,,,,,,,,,
4,,13179,,,,,,,,,,1.014024019241333e-05,,3.8798898458480835e-06,,0.2419377565383911,,0.2583511471748352,,0.09115077555179596,,0.029544522985816002,0.054207831621170044,,,,,,,,,,,,,,
4,,13189,,,,,,,,,,8.670613169670105e-06,,4.03309240937233e-06,,0.26997697353363037,,0.2530331015586853,,0.08293265104293823,,0.02581963501870632,0.04995153099298477,,,,,,,,,,,,,,
4,,13199,,,,,,,,,,1.2017786502838135e-05,,4.945788532495499e-06,,0.24272215366363525,,0.2727017402648926,,0.09858982264995575,,0.03725320100784302,0.062067966908216476,,,,,,,,,,,,,,
4,,13209,,,,,,,,,,1.0270625352859497e-05,,3.0477531254291534e-06,,0.23530280590057373,,0.2595978081226349,,0.08934859931468964,,0.02996193803846836,0.05416366085410118,,,,,,,,,,,,,,
4,,13219,,,,,,,,,,8.322298526763916e-06,,5.300622433423996e-06,,0.22845175862312317,,0.2617388963699341,,0.08138006925582886,,0.028510911390185356,0.05160074681043625,,,,,,,,,,,,,,
4,,13229,,,,,,,,,,1.3280659914016724e-05,,9.257812052965164e-06,,0.2390245497226715,,0.258897602558136,,0.0882016122341156,,0.02891591563820839,0.05317465588450432,,,,,,,,,,,,,,
4,,13239,,,,,,,,,,9.501352906227112e-06,,3.23588028550148e-06,,0.24843983352184296,,0.25518327951431274,,0.08704741299152374,,0.026798496022820473,0.051305923610925674,,,,,,,,,,,,,,
4,,13249,,,,,,,,,,1.2798234820365906e-05,,3.853347152471542e-06,,0.2324974089860916,,0.2512141764163971,,0.08972299844026566,,0.02829185128211975,0.05255505070090294,,,,,,,,,,,,,,
4,,13259,,,,,,,,,,6.953254342079163e-06,,2.1704472601413727e-06,,0.2107575684785843,,0.2749253809452057,,0.09171268343925476,,0.025839902460575104,0.05194569379091263,,,,,,,,,,,,,,
4,,13269,,,,,,,,,,7.268041372299194e-06,,2.284534275531769e-06,,0.2161756455898285,,0.27126526832580566,,0.09816811978816986,,0.03575946390628815,0.06048977002501488,,,,,,,,,,,,,,
4,,13279,,,,,,,,,,6.2193721532821655e-06,,2.5560148060321808e-06,,0.2262057065963745,,0.2644067406654358,,0.08445410430431366,,0.027445150539278984,0.051476504653692245,,,,,,,,,,,,,,
4,,13289,,,,,,,,,,1.0399147868156433e-05,,7.908791303634644e-06,,0.29134517908096313,,0.26022133231163025,,0.10962283611297607,,0.03375215828418732,0.061495523899793625,,,,,,,,,,,,,,
4,,13299,,,,,,,,,,7.6051801443099976e-06,,4.030298441648483e-06,,0.2236236184835434,,0.2616879940032959,,0.0998811423778534,,0.0317230299115181,0.0574212372303009,,,,,,,,,,,,,,
4,,13309,,,,,,,,,,6.735324859619141e-06,,3.1064264476299286e-06,,0.2660055160522461,,0.26631641387939453,,0.08592559397220612,,0.028818834573030472,0.053339049220085144,,,,,,,,,,,,,,
4,,13319,,,,,,,,,,7.811933755874634e-06,,4.2906031012535095e-06,,0.2342713475227356,,0.26353877782821655,,0.08177202194929123,,0.021423831582069397,0.046510249376297,,,,,,,,,,,,,,
4,,13329,,,,,,,,,,6.632879376411438e-06,,3.4491531550884247e-06,,0.21317096054553986,,0.2740172743797302,,0.08984668552875519,,0.02517668530344963,0.05108391121029854,,,,,,,,,,,,,,
4,,13339,,,,,,,,,,1.479312777519226e-05,,3.2815150916576385e-06,,0.2459552139043808,,0.25012752413749695,,0.10408857464790344,,0.030729200690984726,0.05718450993299484,,,,,,,,,,,,,,
4,,13349,,,,,,,,,,9.959563612937927e-06,,3.9907172322273254e-06,,0.2711809277534485,,0.2622517943382263,,0.09165727347135544,,0.0306377075612545,0.05564858019351959,,,,,,,,,,,,,,
4,,13359,,,,,,,,,,1.0831281542778015e-05,,2.039596438407898e-06,,0.23983415961265564,,0.2588459849357605,,0.08587291836738586,,0.03242167830467224,0.05537492781877518,,,,,,,,,,,,,,
4,,13369,,,,,,,,,,9.736046195030212e-06,,7.15767964720726e-06,,0.24958957731723785,,0.25716644525527954,,0.07247060537338257,,0.019564855843782425,0.04325202479958534,,,,,,,,,,,,,,
4,,13379,,,,,,,,,,1.1110678315162659e-05,,9.158160537481308e-06,,0.2799838185310364,,0.24789217114448547,,0.08737513422966003,,0.027633553370833397,0.05202174559235573,,,,,,,,,,,,,,
4,,13389,,,,,,,,,,1.3725832104682922e-05,,4.0372833609580994e-05,,0.2204364538192749,,0.2753654718399048,,0.10661016404628754,,0.03586885333061218,0.06239740550518036,,,,,,,,,,,,,,
4,,13399,,,,,,,,,,1.027621328830719e-05,,3.114808350801468e-06,,0.21469397842884064,,0.274372935295105,,0.09456655383110046,,0.0353618860244751,0.05964440107345581,,,,,,,,,,,,,,
4,,13409,,,,,,,,,,8.853152394294739e-06,,3.5748817026615143e-06,,0.24747487902641296,,0.2700554132461548,,0.08787849545478821,,0.035083167254924774,0.058362800627946854,,,,,,,,,,,,,,
4,,13419,,,,,,,,,,5.537644028663635e-06,,2.9727816581726074e-06,,0.26111263036727905,,0.2676045298576355,,0.108408123254776,,0.035525038838386536,0.06258947402238846,,,,,,,,,,,,,,
4,,13429,,,,,,,,,,8.042901754379272e-06,,2.794899046421051e-06,,0.27314135432243347,,0.26758480072021484,,0.12238744646310806,,0.04312458634376526,0.07105236500501633,,,,,,,,,,,,,,
4,,13439,,,,,,,,,,8.326023817062378e-06,,3.6954879760742188e-06,,0.2822752594947815,,0.2363499402999878,,0.0908837616443634,,0.025240587070584297,0.05037027597427368,,,,,,,,,,,,,,
4,,13449,,,,,,,,,,5.805864930152893e-06,,4.9066729843616486e-06,,0.27877557277679443,,0.24658337235450745,,0.08612186461687088,,0.029145125299692154,0.05284511297941208,,,,,,,,,,,,,,
4,,13459,,,,,,,,,,6.01448118686676e-06,,3.971625119447708e-06,,0.238682359457016,,0.2504875361919403,,0.08440305292606354,,0.025987152010202408,0.04986678436398506,,,,,,,,,,,,,,
4,,13469,,,,,,,,,,7.368624210357666e-06,,3.7420541048049927e-06,,0.2559143602848053,,0.26755502820014954,,0.07396392524242401,,0.02633499540388584,0.049172140657901764,,,,,,,,,,,,,,
4,,13479,,,,,,,,,,4.92483377456665e-06,,2.0512379705905914e-06,,0.2250634729862213,,0.26837560534477234,,0.08484024554491043,,0.02837226539850235,0.052417121827602386,,,,,,,,,,,,,,
4,,13489,,,,,,,,,,3.8016587495803833e-06,,2.3222528398036957e-06,,0.23460079729557037,,0.2590198516845703,,0.09172077476978302,,0.03273620456457138,0.0566544272005558,,,,,,,,,,,,,,
4,,13499,,,,,,,,,,5.479902029037476e-06,,2.7213245630264282e-06,,0.236131951212883,,0.25883471965789795,,0.0968051552772522,,0.033119190484285355,0.05790455639362335,,,,,,,,,,,,,,
4,,13509,,,,,,,,,,5.370005965232849e-06,,2.7865171432495117e-06,,0.22187820076942444,,0.2699422836303711,,0.08993745595216751,,0.029538843780755997,0.05428435653448105,,,,,,,,,,,,,,
4,,13519,,,,,,,,,,5.131587386131287e-06,,2.4368055164813995e-06,,0.20734935998916626,,0.2695382237434387,,0.09852054715156555,,0.031059935688972473,0.05684592202305794,,,,,,,,,,,,,,
4,,13529,,,,,,,,,,6.528571248054504e-06,,2.0405277609825134e-06,,0.22825829684734344,,0.2657276391983032,,0.07238533347845078,,0.024489901959896088,0.04708206653594971,,,,,,,,,,,,,,
4,,13539,,,,,,,,,,4.930421710014343e-06,,6.525777280330658e-06,,0.25246626138687134,,0.2557796239852905,,0.08393074572086334,,0.02402075007557869,0.048712752759456635,,,,,,,,,,,,,,
4,,13549,,,,,,,,,,5.9138983488082886e-06,,4.66126948595047e-06,,0.20747655630111694,,0.28346797823905945,,0.11099927127361298,,0.041105568408966064,0.06737693399190903,,,,,,,,,,,,,,
4,,13559,,,,,,,,,,6.1802566051483154e-06,,2.2561289370059967e-06,,0.3245021104812622,,0.2481784224510193,,0.08105957508087158,,0.03169421851634979,0.05441875755786896,,,,,,,,,,,,,,
4,,13569,,,,,,,,,,7.3052942752838135e-06,,2.752058207988739e-06,,0.25625503063201904,,0.26221638917922974,,0.08087143301963806,,0.024252260103821754,0.04865886643528938,,,,,,,,,,,,,,
4,,13579,,,,,,,,,,1.0831281542778015e-05,,2.7078203856945038e-06,,0.2629055082798004,,0.2582238018512726,,0.09029570966959,,0.022769510746002197,0.04920477047562599,,,,,,,,,,,,,,
4,,13589,,,,,,,,,,1.1896714568138123e-05,,2.5508925318717957e-06,,0.2506980895996094,,0.2542176842689514,,0.07702191174030304,,0.022074833512306213,0.04586327075958252,,,,,,,,,,,,,,
4,,13599,,,,,,,,,,1.0706484317779541e-05,,3.7709251046180725e-06,,0.25864189863204956,,0.2546062469482422,,0.09207934141159058,,0.028014298528432846,0.05325424671173096,,,,,,,,,,,,,,
4,,13609,,,,,,,,,,1.4591962099075317e-05,,2.2025778889656067e-06,,0.23829573392868042,,0.27245569229125977,,0.09843961894512177,,0.03545064479112625,0.06062411889433861,,,,,,,,,,,,,,
4,,13619,,,,,,,,,,7.325783371925354e-06,,2.4954788386821747e-06,,0.2587752342224121,,0.24861717224121094,,0.09249721467494965,,0.02741464227437973,0.05260352045297623,,,,,,,,,,,,,,
4,,13629,,,,,,,,,,8.985400199890137e-06,,1.6968697309494019e-06,,0.2755306661128998,,0.2714024782180786,,0.09622174501419067,,0.030494412407279015,0.05687715485692024,,,,,,,,,,,,,,
4,,13639,,,,,,,,,,5.815178155899048e-06,,2.491287887096405e-06,,0.22451260685920715,,0.27353110909461975,,0.10062149167060852,,0.02925991266965866,0.05627799406647682,,,,,,,,,,,,,,
4,,13649,,,,,,,,,,9.367242455482483e-06,,2.252403646707535e-06,,0.23461902141571045,,0.2787226438522339,,0.08465554565191269,,0.030155474320054054,0.05431736260652542,,,,,,,,,,,,,,
4,,13659,,,,,,,,,,9.551644325256348e-06,,2.8600916266441345e-06,,0.2263355255126953,,0.2754318118095398,,0.10442902147769928,,0.035980015993118286,0.062143877148628235,,,,,,,,,,,,,,
4,,13669,,,,,,,,,,8.25338065624237e-06,,2.3068860173225403e-06,,0.3096840977668762,,0.25421708822250366,,0.09571333229541779,,0.036466121673583984,0.06085624918341637,,,,,,,,,,,,,,
4,,13679,,,,,,,,,,9.091570973396301e-06,,4.836823791265488e-06,,0.26270365715026855,,0.25181078910827637,,0.09040667116641998,,0.02889171987771988,0.053515318781137466,,,,,,,,,,,,,,
4,,13689,,,,,,,,,,1.1997297406196594e-05,,2.995133399963379e-06,,0.25885555148124695,,0.2616335153579712,,0.11163386702537537,,0.03989516571164131,0.06616643071174622,,,,,,,,,,,,,,
4,,13699,,,,,,,,,,1.463666558265686e-05,,3.865454345941544e-06,,0.26999765634536743,,0.2389284074306488,,0.09524647146463394,,0.03440132737159729,0.05803770571947098,,,,,,,,,,,,,,
4,,13709,,,,,,,,,,7.37607479095459e-06,,3.295019268989563e-06,,0.22368860244750977,,0.26692697405815125,,0.08029954135417938,,0.025363052263855934,0.04922403767704964,,,,,,,,,,,,,,
4,,13719,,,,,,,,,,9.531155228614807e-06,,2.3478642106056213e-06,,0.2704773545265198,,0.2560202479362488,,0.08968702703714371,,0.03529920428991318,0.058475617319345474,,,,,,,,,,,,,,
4,,13729,,,,,,,,,,1.3655051589012146e-05,,3.0761584639549255e-06,,0.23117326200008392,,0.2705974876880646,,0.10511849820613861,,0.042171724140644073,0.06674814969301224,,,,,,,,,,,,,,
4,,13739,,,,,,,,,,6.930902600288391e-06,,2.3655593395233154e-06,,0.2350495159626007,,0.27695202827453613,,0.09825949370861053,,0.039941564202308655,0.06413210928440094,,,,,,,,,,,,,,
4,,13749,,,,,,,,,,7.0426613092422485e-06,,2.101995050907135e-06,,0.23300078511238098,,0.2676701545715332,,0.08838759362697601,,0.02959938533604145,0.054062940180301666,,,,,,,,,,,,,,
4,,13759,,,,,,,,,,7.243826985359192e-06,,3.2638199627399445e-06,,0.2281891405582428,,0.24907228350639343,,0.09788210690021515,,0.025475356727838516,0.051821429282426834,,,,,,,,,,,,,,
4,,13769,,,,,,,,,,8.48621129989624e-06,,3.0728988349437714e-06,,0.2753061056137085,,0.2480422705411911,,0.07975584268569946,,0.024158034473657608,0.04793769493699074,,,,,,,,,,,,,,
4,,13779,,,,,,,,,,5.7443976402282715e-06,,1.9669532775878906e-06,,0.22352203726768494,,0.2610800862312317,,0.0903000757098198,,0.029128683730959892,0.053648415952920914,,,,,,,,,,,,,,
4,,13789,,,,,,,,,,6.5248459577560425e-06,,2.4866312742233276e-06,,0.24747997522354126,,0.2580157220363617,,0.0903569757938385,,0.029553912580013275,0.054115235805511475,,,,,,,,,,,,,,
4,,13799,,,,,,,,,,6.474554538726807e-06,,2.2747553884983063e-06,,0.25216448307037354,,0.2528868317604065,,0.08767139166593552,,0.02982333116233349,0.053628109395504,,,,,,,,,,,,,,
4,,13809,,,,,,,,,,4.695728421211243e-06,,1.3685785233974457e-06,,0.2467072308063507,,0.2542760968208313,,0.09321734309196472,,0.0380319282412529,0.0608273483812809,,,,,,,,,,,,,,
4,,13819,,,,,,,,,,4.6156346797943115e-06,,3.7401914596557617e-06,,0.22777797281742096,,0.28066492080688477,,0.07701055705547333,,0.0277439896017313,0.051085397601127625,,,,,,,,,,,,,,
4,,13829,,,,,,,,,,6.679445505142212e-06,,3.816094249486923e-06,,0.24229510128498077,,0.27190548181533813,,0.096437007188797,,0.037946175783872604,0.06214172765612602,,,,,,,,,,,,,,
4,,13839,,,,,,,,,,1.4469027519226074e-05,,4.298053681850433e-06,,0.22293710708618164,,0.26612138748168945,,0.07691202312707901,,0.029429323971271515,0.05159260332584381,,,,,,,,,,,,,,
4,,13849,,,,,,,,,,1.566484570503235e-05,,5.611218512058258e-06,,0.19527876377105713,,0.2870485782623291,,0.09736863523721695,,0.028454074636101723,0.05535454675555229,,,,,,,,,,,,,,
4,,13859,,,,,,,,,,1.1799857020378113e-05,,3.835652023553848e-06,,0.26519110798835754,,0.26695629954338074,,0.08846770226955414,,0.02627154253423214,0.051925335079431534,,,,,,,,,,,,,,
4,,13869,,,,,,,,,,1.7913058400154114e-05,,5.5264681577682495e-06,,0.23553985357284546,,0.25743240118026733,,0.10626065731048584,,0.03872153162956238,0.06380800902843475,,,,,,,,,,,,,,
4,,13879,,,,,,,,,,1.3364478945732117e-05,,6.827525794506073e-06,,0.2650483548641205,,0.2562203109264374,,0.09212130308151245,,0.027352403849363327,0.05291636288166046,,,,,,,,,,,,,,
4,,13889,,,,,,,,,,1.6493722796440125e-05,,5.115289241075516e-06,,0.21837471425533295,,0.2590339183807373,,0.09512036293745041,,0.02933419868350029,0.05455035716295242,,,,,,,,,,,,,,
4,,13899,,,,,,,,,,1.4334917068481445e-05,,4.731118679046631e-06,,0.224729984998703,,0.27280154824256897,,0.08817245066165924,,0.03060879372060299,0.054923493415117264,,,,,,,,,,,,,,
4,,13909,,,,,,,,,,1.4429911971092224e-05,,4.6459026634693146e-06,,0.25025585293769836,,0.28062817454338074,,0.09403098374605179,,0.037583936005830765,0.06192103773355484,,,,,,,,,,,,,,
4,,13919,,,,,,,,,,9.547919034957886e-06,,3.4030526876449585e-06,,0.2267914116382599,,0.2755313515663147,,0.10648433864116669,,0.039536572992801666,0.06520742177963257,,,,,,,,,,,,,,
4,,13929,,,,,,,,,,7.014721632003784e-06,,2.1369196474552155e-06,,0.29092898964881897,,0.2548690438270569,,0.09314337372779846,,0.030484400689601898,0.05569760501384735,,,,,,,,,,,,,,
4,,13939,,,,,,,,,,8.616596460342407e-06,,2.7241185307502747e-06,,0.2435278743505478,,0.267927885055542,,0.12214049696922302,,0.03892585635185242,0.06752519309520721,,,,,,,,,,,,,,
4,,13949,,,,,,,,,,7.14324414730072e-06,,2.08243727684021e-06,,0.25054043531417847,,0.2640140652656555,,0.08818308264017105,,0.03500724211335182,0.0581156425178051,,,,,,,,,,,,,,
4,,13959,,,,,,,,,,1.6106292605400085e-05,,3.5436823964118958e-06,,0.2413983792066574,,0.2579619884490967,,0.09253440797328949,,0.03287724032998085,0.05694291368126869,,,,,,,,,,,,,,
4,,13969,,,,,,,,,,9.898096323013306e-06,,9.724870324134827e-06,,0.2642819583415985,,0.2499728947877884,,0.08962488174438477,,0.02915497124195099,0.0534985214471817,,,,,,,,,,,,,,
4,,13979,,,,,,,,,,9.801238775253296e-06,,2.32551246881485e-06,,0.21139442920684814,,0.2713092565536499,,0.11275716125965118,,0.03501341491937637,0.06261222809553146,,,,,,,,,,,,,,
4,,13989,,,,,,,,,,8.983537554740906e-06,,1.9050203263759613e-06,,0.2641870975494385,,0.24436937272548676,,0.10170271247625351,,0.031939566135406494,0.05758875980973244,,,,,,,,,,,,,,
4,,13999,,,,,,,,,,1.8382444977760315e-05,,3.650318831205368e-06,,0.2756197452545166,,0.2578270137310028,,0.08358781784772873,,0.02483954466879368,0.049630071967840195,,,,,,,,,,,,,,
4,,14009,,,,,,,,,,1.074373722076416e-05,,3.4174881875514984e-06,,0.27348148822784424,,0.24932482838630676,,0.0965103879570961,,0.03790716081857681,0.06143304705619812,,,,,,,,,,,,,,
4,,14019,,,,,,,,,,1.0970979928970337e-05,,2.3902393877506256e-06,,0.21304407715797424,,0.28019678592681885,,0.09493047744035721,,0.031163331121206284,0.05681668967008591,,,,,,,,,,,,,,
4,,14029,,,,,,,,,,8.25338065624237e-06,,2.246815711259842e-06,,0.2232031524181366,,0.28276345133781433,,0.09856836497783661,,0.039426304399967194,0.06393712013959885,,,,,,,,,,,,,,
4,,14039,,,,,,,,,,8.838251233100891e-06,,1.6111880540847778e-06,,0.2672448456287384,,0.2580462098121643,,0.07613556832075119,,0.02297746017575264,0.04674762859940529,,,,,,,,,,,,,,
4,,14049,,,,,,,,,,1.6430392861366272e-05,,1.8489081412553787e-05,,0.22940906882286072,,0.27915850281715393,,0.08869040012359619,,0.02626911923289299,0.05211802199482918,,,,,,,,,,,,,,
4,,14059,,,,,,,,,,6.901100277900696e-06,,2.401880919933319e-06,,0.2668711841106415,,0.2474011331796646,,0.0922309011220932,,0.03228267282247543,0.05624336749315262,,,,,,,,,,,,,,
4,,14069,,,,,,,,,,8.536502718925476e-06,,2.4759210646152496e-06,,0.2748155891895294,,0.2548692524433136,,0.08228696137666702,,0.028406662866473198,0.05191398411989212,,,,,,,,,,,,,,
4,,14079,,,,,,,,,,1.1008232831954956e-05,,3.0784867703914642e-06,,0.25480544567108154,,0.2658556401729584,,0.09502188861370087,,0.031048353761434555,0.05656467750668526,,,,,,,,,,,,,,
4,,14089,,,,,,,,,,9.220093488693237e-06,,3.3015385270118713e-06,,0.2399468719959259,,0.2791094481945038,,0.10613730549812317,,0.034243881702423096,0.06149382144212723,,,,,,,,,,,,,,
4,,14099,,,,,,,,,,7.387250661849976e-06,,3.087799996137619e-06,,0.23608094453811646,,0.2714909315109253,,0.0810423493385315,,0.032087542116642,0.054767195135354996,,,,,,,,,,,,,,
4,,14109,,,,,,,,,,6.0927122831344604e-06,,2.77860090136528e-06,,0.23818859457969666,,0.25949206948280334,,0.10824739933013916,,0.038453713059425354,0.06410729885101318,,,,,,,,,,,,,,
4,,14119,,,,,,,,,,7.5194984674453735e-06,,1.8835999071598053e-06,,0.25273945927619934,,0.2727575898170471,,0.09505534172058105,,0.03395991772413254,0.05905454605817795,,,,,,,,,,,,,,
4,,14129,,,,,,,,,,5.666166543960571e-06,,3.077089786529541e-06,,0.213422030210495,,0.26569104194641113,,0.09089217334985733,,0.03796004503965378,0.06048240512609482,,,,,,,,,,,,,,
4,,14139,,,,,,,,,,7.80448317527771e-06,,3.1283125281333923e-06,,0.19279640913009644,,0.2931060791015625,,0.08297556638717651,,0.0284365676343441,0.05289695784449577,,,,,,,,,,,,,,
4,,14149,,,,,,,,,,9.78820025920868e-06,,2.8079375624656677e-06,,0.2590665817260742,,0.25506192445755005,,0.10957716405391693,,0.037986986339092255,0.0640435740351677,,,,,,,,,,,,,,
4,,14159,,,,,,,,,,6.973743438720703e-06,,2.1387822926044464e-06,,0.28352612257003784,,0.24215249717235565,,0.09699321538209915,,0.028951497748494148,0.054586660116910934,,,,,,,,,,,,,,
4,,14169,,,,,,,,,,6.798654794692993e-06,,2.7418136596679688e-06,,0.22916153073310852,,0.26918572187423706,,0.09658833593130112,,0.0370427705347538,0.06121091917157173,,,,,,,,,,,,,,
4,,14179,,,,,,,,,,6.036832928657532e-06,,5.098525434732437e-06,,0.2162349820137024,,0.281196266412735,,0.09719335287809372,,0.03412816673517227,0.05954951420426369,,,,,,,,,,,,,,
4,,14189,,,,,,,,,,4.583969712257385e-06,,3.1818635761737823e-06,,0.2649306058883667,,0.2695702016353607,,0.08908477425575256,,0.026131849735975266,0.05205576866865158,,,,,,,,,,,,,,
4,,14199,,,,,,,,,,9.573996067047119e-06,,7.452443242073059e-06,,0.2573801279067993,,0.2720381021499634,,0.0968681126832962,,0.02990025468170643,0.05636971443891525,,,,,,,,,,,,,,
4,,14209,,,,,,,,,,1.2567266821861267e-05,,3.1762756407260895e-06,,0.25947654247283936,,0.2711474895477295,,0.10665974020957947,,0.03617222607135773,0.06289402395486832,,,,,,,,,,,,,,
4,,14219,,,,,,,,,,6.061047315597534e-06,,2.8260983526706696e-06,,0.22620660066604614,,0.2729796767234802,,0.08697526156902313,,0.03293188661336899,0.05646735802292824,,,,,,,,,,,,,,
4,,14229,,,,,,,,,,4.751607775688171e-06,,1.5441328287124634e-06,,0.1917385309934616,,0.2833566665649414,,0.0987357497215271,,0.035546980798244476,0.060717299580574036,,,,,,,,,,,,,,
4,,14239,,,,,,,,,,5.695968866348267e-06,,2.5024637579917908e-06,,0.2743416428565979,,0.2536187469959259,,0.0859963595867157,,0.03244451433420181,0.05557459965348244,,,,,,,,,,,,,,
4,,14249,,,,,,,,,,5.131587386131287e-06,,3.253575414419174e-06,,0.23312292993068695,,0.2563050389289856,,0.08939266204833984,,0.0254034586250782,0.050572291016578674,,,,,,,,,,,,,,
4,,14259,,,,,,,,,,6.932765245437622e-06,,3.0240043997764587e-06,,0.2730786204338074,,0.24113787710666656,,0.08441558480262756,,0.026988323777914047,0.05058500915765762,,,,,,,,,,,,,,
4,,14269,,,,,,,,,,8.745118975639343e-06,,3.5404227674007416e-06,,0.25948065519332886,,0.2497204840183258,,0.07429094612598419,,0.021954862400889397,0.0451531782746315,,,,,,,,,,,,,,
4,,14279,,,,,,,,,,3.935769200325012e-06,,1.6260892152786255e-06,,0.2604619264602661,,0.2588162422180176,,0.08973852545022964,,0.029454674571752548,0.05411449819803238,,,,,,,,,,,,,,
4,,14289,,,,,,,,,,6.664544343948364e-06,,2.2407621145248413e-06,,0.2463587373495102,,0.2716788947582245,,0.07721756398677826,,0.02340361848473549,0.04766462370753288,,,,,,,,,,,,,,
4,,14299,,,,,,,,,,5.841255187988281e-06,,1.943204551935196e-06,,0.23491811752319336,,0.26201075315475464,,0.0961691215634346,,0.03098687343299389,0.056320324540138245,,,,,,,,,,,,,,
4,,14309,,,,,,,,,,7.482245564460754e-06,,3.241468220949173e-06,,0.2315083146095276,,0.27660131454467773,,0.10117137432098389,,0.03544829040765762,0.061249494552612305,,,,,,,,,,,,,,
4,,14319,,,,,,,,,,4.071742296218872e-06,,2.4205073714256287e-06,,0.22316870093345642,,0.26704180240631104,,0.08010145276784897,,0.0281851626932621,0.05130326747894287,,,,,,,,,,,,,,
4,,14329,,,,,,,,,,4.976987838745117e-06,,2.7976930141448975e-06,,0.24735118448734283,,0.26264721155166626,,0.09769491851329803,,0.037170350551605225,0.061420802026987076,,,,,,,,,,,,,,
4,,14339,,,,,,,,,,5.7406723499298096e-06,,2.911314368247986e-06,,0.20256122946739197,,0.28633618354797363,,0.0983748584985733,,0.036462537944316864,0.06160302087664604,,,,,,,,,,,,,,
4,,14349,,,,,,,,,,9.898096323013306e-06,,3.4873373806476593e-06,,0.2573879361152649,,0.26428529620170593,,0.08396504074335098,,0.02279353141784668,0.048255033791065216,,,,,,,,,,,,,,
4,,14359,,,,,,,,,,6.923452019691467e-06,,4.248227924108505e-06,,0.22416731715202332,,0.26519301533699036,,0.07928112894296646,,0.021348807960748672,0.04594593495130539,,,,,,,,,,,,,,
4,,14369,,,,,,,,,,8.184462785720825e-06,,4.176050424575806e-06,,0.2542921006679535,,0.2582983374595642,,0.10609464347362518,,0.03499310836195946,0.061240267008543015,,,,,,,,,,,,,,
4,,14379,,,,,,,,,,8.03731381893158e-06,,3.997236490249634e-06,,0.24764680862426758,,0.2570987939834595,,0.09551821649074554,,0.03547272831201553,0.05948237329721451,,,,,,,,,,,,,,
4,,14389,,,,,,,,,,7.743015885353088e-06,,2.487562596797943e-06,,0.23418717086315155,,0.2616065740585327,,0.09409043937921524,,0.03663624823093414,0.060141030699014664,,,,,,,,,,,,,,
4,,14399,,,,,,,,,,8.95187258720398e-06,,5.309469997882843e-06,,0.2587498724460602,,0.2697529196739197,,0.08591943234205246,,0.02578464150428772,0.051137775182724,,,,,,,,,,,,,,
4,,14409,,,,,,,,,,1.451931893825531e-05,,8.469447493553162e-06,,0.2655213177204132,,0.2506633698940277,,0.09071533381938934,,0.030138330534100533,0.05448763445019722,,,,,,,,,,,,,,
4,,14419,,,,,,,,,,7.625669240951538e-06,,8.014962077140808e-06,,0.27111202478408813,,0.2600224018096924,,0.09112216532230377,,0.03262856602668762,0.05693640559911728,,,,,,,,,,,,,,
4,,14429,,,,,,,,,,6.517395377159119e-06,,4.7157518565654755e-06,,0.2689880132675171,,0.24645103514194489,,0.08942556381225586,,0.025817513465881348,0.050847455859184265,,,,,,,,,,,,,,
4,,14439,,,,,,,,,,6.897374987602234e-06,,3.2763928174972534e-06,,0.25243377685546875,,0.26319611072540283,,0.09872110188007355,,0.03688127174973488,0.06148171052336693,,,,,,,,,,,,,,
4,,14449,,,,,,,,,,8.60169529914856e-06,,7.683411240577698e-06,,0.2739993929862976,,0.24570852518081665,,0.09098486602306366,,0.029448453336954117,0.053887706249952316,,,,,,,,,,,,,,
4,,14459,,,,,,,,,,7.597729563713074e-06,,3.3937394618988037e-06,,0.24234849214553833,,0.2693910300731659,,0.08553168922662735,,0.029096204787492752,0.053340110927820206,,,,,,,,,,,,,,
4,,14469,,,,,,,,,,6.588175892829895e-06,,1.125270500779152e-05,,0.2959215044975281,,0.2575005888938904,,0.09056618809700012,,0.028382062911987305,0.05381905660033226,,,,,,,,,,,,,,
4,,14479,,,,,,,,,,5.817040801048279e-06,,3.830064088106155e-06,,0.2573092579841614,,0.27517133951187134,,0.10362506657838821,,0.03812289610505104,0.06395149976015091,,,,,,,,,,,,,,
4,,14489,,,,,,,,,,7.420778274536133e-06,,5.829613655805588e-06,,0.2420235425233841,,0.2522510588169098,,0.09220196306705475,,0.02569548785686493,0.05123249813914299,,,,,,,,,,,,,,
4,,14499,,,,,,,,,,4.954636096954346e-06,,1.2462027370929718e-05,,0.23920002579689026,,0.2641086280345917,,0.0918421521782875,,0.02854679897427559,0.05382690578699112,,,,,,,,,,,,,,
4,,14509,,,,,,,,,,5.27501106262207e-06,,2.9653310775756836e-06,,0.21350175142288208,,0.2905784547328949,,0.09295991063117981,,0.034270256757736206,0.05927000194787979,,,,,,,,,,,,,,
4,,14519,,,,,,,,,,7.329508662223816e-06,,1.9166618585586548e-06,,0.2710270583629608,,0.25616878271102905,,0.07379382848739624,,0.02391791343688965,0.04697026312351227,,,,,,,,,,,,,,
4,,14529,,,,,,,,,,8.178874850273132e-06,,3.4249387681484222e-06,,0.26768845319747925,,0.2814585566520691,,0.09729620814323425,,0.033915258944034576,0.06002449989318848,,,,,,,,,,,,,,
4,,14539,,,,,,,,,,5.859881639480591e-06,,4.776753485202789e-06,,0.28777605295181274,,0.2662404179573059,,0.08581556379795074,,0.03136911988258362,0.05548321455717087,,,,,,,,,,,,,,
4,,14549,,,,,,,,,,4.3157488107681274e-06,,5.383044481277466e-06,,0.24089989066123962,,0.2618524432182312,,0.100733682513237,,0.035060781985521317,0.06029526889324188,,,,,,,,,,,,,,
4,,14559,,,,,,,,,,5.075708031654358e-06,,5.3104013204574585e-06,,0.32261723279953003,,0.24956467747688293,,0.07990002632141113,,0.02158336527645588,0.046659205108881,,,,,,,,,,,,,,
4,,14569,,,,,,,,,,4.69014048576355e-06,,3.4798868000507355e-06,,0.26140064001083374,,0.24697254598140717,,0.08450761437416077,,0.027894658967852592,0.05141886696219444,,,,,,,,,,,,,,
4,,14579,,,,,,,,,,3.7029385566711426e-06,,3.880821168422699e-06,,0.22622613608837128,,0.26972612738609314,,0.07434990257024765,,0.022579621523618698,0.04618111625313759,,,,,,,,,,,,,,
4,,14589,,,,,,,,,,3.769993782043457e-06,,4.998408257961273e-06,,0.25344669818878174,,0.2686327397823334,,0.07728029042482376,,0.02671787142753601,0.050102945417165756,,,,,,,,,,,,,,
4,,14599,,,,,,,,,,3.810971975326538e-06,,3.166496753692627e-06,,0.21667809784412384,,0.2626887559890747,,0.09106184542179108,,0.03557998687028885,0.058626145124435425,,,,,,,,,,,,,,
4,,14609,,,,,,,,,,4.2691826820373535e-06,,3.773253411054611e-06,,0.25852012634277344,,0.2591683268547058,,0.10585639625787735,,0.03116028755903244,0.058410611003637314,,,,,,,,,,,,,,
4,,14619,,,,,,,,,,4.630535840988159e-06,,2.6114284992218018e-06,,0.254120796918869,,0.25443243980407715,,0.08484762907028198,,0.029961436986923218,0.053297530859708786,,,,,,,,,,,,,,
4,,14629,,,,,,,,,,3.248453140258789e-06,,5.255918949842453e-06,,0.21680611371994019,,0.2756168246269226,,0.11646753549575806,,0.035014986991882324,0.06357467919588089,,,,,,,,,,,,,,
4,,14639,,,,,,,,,,3.5371631383895874e-06,,1.7979182302951813e-06,,0.23292362689971924,,0.27804189920425415,,0.09241580218076706,,0.034951649606227875,0.05931897833943367,,,,,,,,,,,,,,
4,,14649,,,,,,,,,,4.114583134651184e-06,,1.96089968085289e-06,,0.24588461220264435,,0.25497525930404663,,0.09840722382068634,,0.03347200155258179,0.058403048664331436,,,,,,,,,,,,,,
4,,14659,,,,,,,,,,5.230307579040527e-06,,2.7311034500598907e-06,,0.21418115496635437,,0.2736097276210785,,0.09156537055969238,,0.032540224492549896,0.056922975927591324,,,,,,,,,,,,,,
4,,14669,,,,,,,,,,6.195157766342163e-06,,2.682209014892578e-06,,0.25804564356803894,,0.24626675248146057,,0.07411910593509674,,0.02401081472635269,0.046484533697366714,,,,,,,,,,,,,,
4,,14679,,,,,,,,,,6.249174475669861e-06,,2.83634290099144e-06,,0.21337708830833435,,0.25178810954093933,,0.08294650912284851,,0.027060048654675484,0.050162844359874725,,,,,,,,,,,,,,
4,,14689,,,,,,,,,,6.100162863731384e-06,,1.8542632460594177e-06,,0.2555609345436096,,0.2542985677719116,,0.09520727396011353,,0.03056594543159008,0.05570453405380249,,,,,,,,,,,,,,
4,,14699,,,,,,,,,,5.405396223068237e-06,,2.10711732506752e-06,,0.2324199378490448,,0.2689445912837982,,0.10440322756767273,,0.03543743118643761,0.06149915233254433,,,,,,,,,,,,,,
4,,14709,,,,,,,,,,5.7406723499298096e-06,,1.993030309677124e-06,,0.22702637314796448,,0.2665168344974518,,0.07955482602119446,,0.027037519961595535,0.05036042258143425,,,,,,,,,,,,,,
4,,14719,,,,,,,,,,8.326023817062378e-06,,2.2226013243198395e-06,,0.20834776759147644,,0.27648115158081055,,0.08808749169111252,,0.02745857834815979,0.05252480506896973,,,,,,,,,,,,,,
4,,14729,,,,,,,,,,9.413808584213257e-06,,1.8370337784290314e-06,,0.26163777709007263,,0.2520453929901123,,0.07402803748846054,,0.019993387162685394,0.04376669228076935,,,,,,,,,,,,,,
4,,14739,,,,,,,,,,1.3418495655059814e-05,,3.0887313187122345e-06,,0.23252645134925842,,0.27014076709747314,,0.08813868463039398,,0.029366174712777138,0.05395159125328064,,,,,,,,,,,,,,
4,,14749,,,,,,,,,,7.035210728645325e-06,,3.427267074584961e-06,,0.21671870350837708,,0.25743481516838074,,0.09934602677822113,,0.03483778238296509,0.05937715992331505,,,,,,,,,,,,,,
4,,14759,,,,,,,,,,6.560236215591431e-06,,1.28941610455513e-06,,0.25627389550209045,,0.25343838334083557,,0.08342841267585754,,0.027712974697351456,0.05132323503494263,,,,,,,,,,,,,,
4,,14769,,,,,,,,,,5.7015568017959595e-06,,4.427973181009293e-06,,0.23057712614536285,,0.2630929946899414,,0.08591493964195251,,0.022584449499845505,0.048093702644109726,,,,,,,,,,,,,,
4,,14779,,,,,,,,,,9.607523679733276e-06,,1.789536327123642e-06,,0.27283063530921936,,0.25985631346702576,,0.09554329514503479,,0.03595505654811859,0.06027338653802872,,,,,,,,,,,,,,
4,,14789,,,,,,,,,,8.106231689453125e-06,,1.484062522649765e-06,,0.2541179656982422,,0.26603448390960693,,0.10261547565460205,,0.03735867142677307,0.06272304058074951,,,,,,,,,,,,,,
4,,14799,,,,,,,,,,7.987022399902344e-06,,2.1103769540786743e-06,,0.2304057478904724,,0.26090601086616516,,0.0821811854839325,,0.023567231371998787,0.04802616685628891,,,,,,,,,,,,,,
4,,14809,,,,,,,,,,1.5037134289741516e-05,,3.17208468914032e-06,,0.26172029972076416,,0.24956461787223816,,0.082697294652462,,0.025714505463838577,0.04956912249326706,,,,,,,,,,,,,,
4,,14819,,,,,,,,,,1.1349096894264221e-05,,2.619810402393341e-06,,0.2210569828748703,,0.2658207416534424,,0.08935769647359848,,0.03073074109852314,0.05486689507961273,,,,,,,,,,,,,,
4,,14829,,,,,,,,,,9.605661034584045e-06,,2.0167790353298187e-06,,0.24935853481292725,,0.2666471004486084,,0.08247879147529602,,0.025334559381008148,0.0498991422355175,,,,,,,,,,,,,,
4,,14839,,,,,,,,,,1.3180077075958252e-05,,1.8370337784290314e-06,,0.1956448256969452,,0.27053213119506836,,0.09420393407344818,,0.027559667825698853,0.05331992730498314,,,,,,,,,,,,,,
4,,14849,,,,,,,,,,7.910653948783875e-06,,1.5422701835632324e-06,,0.2252800315618515,,0.26567378640174866,,0.09874984622001648,,0.03769867122173309,0.06189817935228348,,,,,,,,,,,,,,
4,,14859,,,,,,,,,,8.36886465549469e-06,,2.8479844331741333e-06,,0.24964874982833862,,0.2714674472808838,,0.08328539878129959,,0.02395438589155674,0.04924444481730461,,,,,,,,,,,,,,
4,,14869,,,,,,,,,,1.014024019241333e-05,,2.764631062746048e-06,,0.2639358341693878,,0.2631743550300598,,0.08591749519109726,,0.028576241806149483,0.05298396199941635,,,,,,,,,,,,,,
4,,14879,,,,,,,,,,1.0151416063308716e-05,,2.277083694934845e-06,,0.26328814029693604,,0.2644472122192383,,0.09568199515342712,,0.035186346620321274,0.05982612445950508,,,,,,,,,,,,,,
4,,14889,,,,,,,,,,8.966773748397827e-06,,1.8971040844917297e-06,,0.2997312545776367,,0.24742022156715393,,0.08355282992124557,,0.024456273764371872,0.04913066327571869,,,,,,,,,,,,,,
4,,14899,,,,,,,,,,2.2960826754570007e-05,,4.0833838284015656e-06,,0.26079127192497253,,0.24939140677452087,,0.08472403883934021,,0.02874014340341091,0.052200011909008026,,,,,,,,,,,,,,
4,,14909,,,,,,,,,,9.659677743911743e-06,,2.628657966852188e-06,,0.22766727209091187,,0.2777658700942993,,0.08944908529520035,,0.033537060022354126,0.057626836001873016,,,,,,,,,,,,,,
4,,14919,,,,,,,,,,1.0894611477851868e-05,,2.0992010831832886e-06,,0.2355797290802002,,0.2740647792816162,,0.09801335632801056,,0.03658211976289749,0.061436593532562256,,,,,,,,,,,,,,
4,,14929,,,,,,,,,,2.183392643928528e-05,,3.3997930586338043e-06,,0.2123984843492508,,0.26739853620529175,,0.09929466992616653,,0.026271387934684753,0.053357694298028946,,,,,,,,,,,,,,
4,,14939,,,,,,,,,,2.310425043106079e-05,,1.6114674508571625e-05,,0.21081691980361938,,0.2758491039276123,,0.08542114496231079,,0.027182426303625107,0.05181693658232689,,,,,,,,,,,,,,
4,,14949,,,,,,,,,,1.2343749403953552e-05,,4.634726792573929e-06,,0.23146286606788635,,0.2827190160751343,,0.08681647479534149,,0.025245917961001396,0.051189959049224854,,,,,,,,,,,,,,
4,,14959,,,,,,,,,,1.4781951904296875e-05,,3.1264498829841614e-06,,0.26152920722961426,,0.265021950006485,,0.09104366600513458,,0.03494594618678093,0.058782223612070084,,,,,,,,,,,,,,
4,,14969,,,,,,,,,,1.8905848264694214e-05,,4.378613084554672e-06,,0.23297172784805298,,0.2635381519794464,,0.07764693349599838,,0.020288346335291862,0.04486953094601631,,,,,,,,,,,,,,
4,,14979,,,,,,,,,,2.039596438407898e-05,,2.437736839056015e-06,,0.2423931360244751,,0.26247739791870117,,0.10199670493602753,,0.04370889440178871,0.06706662476062775,,,,,,,,,,,,,,
4,,14989,,,,,,,,,,9.767711162567139e-06,,3.1874515116214752e-06,,0.2549140453338623,,0.25680577754974365,,0.10067635774612427,,0.035874031484127045,0.060822248458862305,,,,,,,,,,,,,,
4,,14999,,,,,,,,,,9.410083293914795e-06,,3.4836120903491974e-06,,0.22287750244140625,,0.2620169520378113,,0.1036003977060318,,0.03723786026239395,0.062262579798698425,,,,,,,,,,,,,,
4,,15009,,,,,,,,,,5.662441253662109e-06,,1.3974495232105255e-06,,0.2297767698764801,,0.2684240937232971,,0.07954322546720505,,0.02426048368215561,0.04839662089943886,,,,,,,,,,,,,,
4,,15019,,,,,,,,,,7.1767717599868774e-06,,2.291519194841385e-06,,0.23904258012771606,,0.2714163064956665,,0.08126603066921234,,0.036139607429504395,0.05788014829158783,,,,,,,,,,,,,,
4,,15029,,,,,,,,,,7.662922143936157e-06,,3.3653341233730316e-06,,0.2570812702178955,,0.2548151910305023,,0.08644651621580124,,0.030641328543424606,0.05416009575128555,,,,,,,,,,,,,,
4,,15039,,,,,,,,,,1.2092292308807373e-05,,5.745328962802887e-06,,0.20479083061218262,,0.2692711353302002,,0.07927050441503525,,0.026040494441986084,0.049427662044763565,,,,,,,,,,,,,,
4,,15049,,,,,,,,,,1.3573095202445984e-05,,4.089437425136566e-06,,0.2768881916999817,,0.2538321018218994,,0.07746146619319916,,0.024163782596588135,0.04780171811580658,,,,,,,,,,,,,,
4,,15059,,,,,,,,,,8.035451173782349e-06,,4.011206328868866e-06,,0.2208094596862793,,0.26109811663627625,,0.09627906233072281,,0.027808424085378647,0.05374836549162865,,,,,,,,,,,,,,
4,,15069,,,,,,,,,,8.586794137954712e-06,,1.6689300537109375e-06,,0.2994266748428345,,0.23996102809906006,,0.09291965514421463,,0.028674939647316933,0.053698841482400894,,,,,,,,,,,,,,
4,,15079,,,,,,,,,,6.5695494413375854e-06,,1.6493722796440125e-06,,0.2176150381565094,,0.26934516429901123,,0.09045661240816116,,0.032344669103622437,0.056408632546663284,,,,,,,,,,,,,,
4,,15089,,,,,,,,,,4.649162292480469e-06,,1.5748664736747742e-06,,0.2224447876214981,,0.2670767307281494,,0.10125795006752014,,0.03562159091234207,0.06084292009472847,,,,,,,,,,,,,,
4,,15099,,,,,,,,,,9.298324584960938e-06,,2.0158477127552032e-06,,0.25973743200302124,,0.2531547546386719,,0.09380112588405609,,0.029739433899521828,0.0548161119222641,,,,,,,,,,,,,,
4,,15109,,,,,,,,,,4.773959517478943e-06,,2.2975727915763855e-06,,0.19076651334762573,,0.27339887619018555,,0.09697233885526657,,0.032951582223176956,0.05796127766370773,,,,,,,,,,,,,,
4,,15119,,,,,,,,,,6.234273314476013e-06,,1.7015263438224792e-06,,0.22499367594718933,,0.25932854413986206,,0.08463843166828156,,0.020336292684078217,0.045925822108983994,,,,,,,,,,,,,,
4,,15129,,,,,,,,,,5.9604644775390625e-06,,1.7168931663036346e-06,,0.2790640592575073,,0.24277374148368835,,0.08546770364046097,,0.034386761486530304,0.05647936463356018,,,,,,,,,,,,,,
4,,15139,,,,,,,,,,1.002289354801178e-05,,2.694781869649887e-06,,0.2141520082950592,,0.274249792098999,,0.07123072445392609,,0.025470878928899765,0.04783566668629646,,,,,,,,,,,,,,
4,,15149,,,,,,,,,,7.865950465202332e-06,,1.6763806343078613e-06,,0.2308429330587387,,0.24918872117996216,,0.09443412721157074,,0.034172359853982925,0.057735688984394073,,,,,,,,,,,,,,
4,,15159,,,,,,,,,,5.522742867469788e-06,,3.3266842365264893e-06,,0.24547609686851501,,0.2608668804168701,,0.08912266045808792,,0.02342117577791214,0.04939325898885727,,,,,,,,,,,,,,
4,,15169,,,,,,,,,,6.8731606006622314e-06,,2.65706330537796e-06,,0.284294068813324,,0.24914191663265228,,0.0920521467924118,,0.028009599074721336,0.053290098905563354,,,,,,,,,,,,,,
4,,15179,,,,,,,,,,8.299946784973145e-06,,2.244953066110611e-06,,0.2627946436405182,,0.24186134338378906,,0.09846392273902893,,0.03460368514060974,0.05884600803256035,,,,,,,,,,,,,,
4,,15189,,,,,,,,,,9.663403034210205e-06,,1.6791746020317078e-06,,0.20217841863632202,,0.27036404609680176,,0.10788125544786453,,0.03334004431962967,0.06029009073972702,,,,,,,,,,,,,,
4,,15199,,,,,,,,,,1.1922791600227356e-05,,3.2046809792518616e-06,,0.24186134338378906,,0.2549731135368347,,0.08400903642177582,,0.027928482741117477,0.051496826112270355,,,,,,,,,,,,,,
4,,15209,,,,,,,,,,8.882954716682434e-06,,3.7639401853084564e-06,,0.27466630935668945,,0.24603113532066345,,0.09206031262874603,,0.029612360522150993,0.054235294461250305,,,,,,,,,,,,,,
4,,15219,,,,,,,,,,7.243826985359192e-06,,8.429400622844696e-06,,0.2543414235115051,,0.2520882189273834,,0.08762842416763306,,0.02906065620481968,0.05303599685430527,,,,,,,,,,,,,,
4,,15229,,,,,,,,,,6.632879376411438e-06,,1.6624107956886292e-06,,0.21340999007225037,,0.2660629153251648,,0.10065662860870361,,0.03803262114524841,0.06238542124629021,,,,,,,,,,,,,,
4,,15239,,,,,,,,,,6.822869181632996e-06,,2.1457672119140625e-06,,0.2586243152618408,,0.2629544138908386,,0.08800894767045975,,0.027021218091249466,0.052137069404125214,,,,,,,,,,,,,,
4,,15249,,,,,,,,,,4.366040229797363e-06,,2.7213245630264282e-06,,0.24441802501678467,,0.26690220832824707,,0.09483223408460617,,0.03598438948392868,0.0601593479514122,,,,,,,,,,,,,,
4,,15259,,,,,,,,,,6.0014426708221436e-06,,1.882202923297882e-06,,0.2800750136375427,,0.260545015335083,,0.09230168163776398,,0.03220220282673836,0.05696731060743332,,,,,,,,,,,,,,
4,,15269,,,,,,,,,,5.431473255157471e-06,,1.9730068743228912e-06,,0.206740140914917,,0.2749898433685303,,0.10370177030563354,,0.029018256813287735,0.05653447285294533,,,,,,,,,,,,,,
4,,15279,,,,,,,,,,7.718801498413086e-06,,2.0759180188179016e-06,,0.22129195928573608,,0.2764418125152588,,0.09988301992416382,,0.03147107735276222,0.05789700150489807,,,,,,,,,,,,,,
4,,15289,,,,,,,,,,5.956739187240601e-06,,2.1816231310367584e-06,,0.23069551587104797,,0.27156394720077515,,0.08274447172880173,,0.0306839756667614,0.05397378280758858,,,,,,,,,,,,,,
4,,15299,,,,,,,,,,5.37186861038208e-06,,1.8598511815071106e-06,,0.26780587434768677,,0.2475452870130539,,0.09828509390354156,,0.03365122526884079,0.05842318385839462,,,,,,,,,,,,,,
4,,15309,,,,,,,,,,1.3340264558792114e-05,,1.8989667296409607e-06,,0.21112275123596191,,0.28332066535949707,,0.1081961840391159,,0.0370459109544754,0.0638415738940239,,,,,,,,,,,,,,
4,,15319,,,,,,,,,,5.358830094337463e-06,,6.844755262136459e-06,,0.24232299625873566,,0.2678788900375366,,0.09359288960695267,,0.03153805434703827,0.05661259964108467,,,,,,,,,,,,,,
4,,15329,,,,,,,,,,5.166977643966675e-06,,2.427026629447937e-06,,0.2145843207836151,,0.28253501653671265,,0.10256762057542801,,0.0315740630030632,0.058684807270765305,,,,,,,,,,,,,,
4,,15339,,,,,,,,,,5.258247256278992e-06,,1.8612481653690338e-06,,0.24341070652008057,,0.27004191279411316,,0.08936803787946701,,0.02701469510793686,0.05254105478525162,,,,,,,,,,,,,,
4,,15349,,,,,,,,,,8.145347237586975e-06,,1.83936208486557e-06,,0.24078941345214844,,0.2642824947834015,,0.09550581127405167,,0.035134200006723404,0.05948251858353615,,,,,,,,,,,,,,
4,,15359,,,,,,,,,,6.752088665962219e-06,,1.4826655387878418e-06,,0.2184627652168274,,0.26171374320983887,,0.09600639343261719,,0.031058579683303833,0.05613679066300392,,,,,,,,,,,,,,
4,,15369,,,,,,,,,,5.11854887008667e-06,,3.2926909625530243e-06,,0.2306642234325409,,0.26792842149734497,,0.0905226543545723,,0.02354179322719574,0.04990378022193909,,,,,,,,,,,,,,
4,,15379,,,,,,,,,,9.05059278011322e-06,,5.1120296120643616e-06,,0.2650865614414215,,0.260489821434021,,0.08928780257701874,,0.029882777482271194,0.054483816027641296,,,,,,,,,,,,,,
4,,15389,,,,,,,,,,6.323680281639099e-06,,2.2919848561286926e-06,,0.2100415825843811,,0.27803900837898254,,0.09024185687303543,,0.02919994294643402,0.05432808771729469,,,,,,,,,,,,,,
4,,15399,,,,,,,,,,5.509704351425171e-06,,2.0740553736686707e-06,,0.24431172013282776,,0.2683967649936676,,0.09022115170955658,,0.02734464220702648,0.05288199335336685,,,,,,,,,,,,,,
4,,15409,,,,,,,,,,6.312504410743713e-06,,1.9529834389686584e-06,,0.257815957069397,,0.2710649371147156,,0.08612530678510666,,0.02711140364408493,0.05222225561738014,,,,,,,,,,,,,,
4,,15419,,,,,,,,,,7.811933755874634e-06,,2.052169293165207e-06,,0.24058735370635986,,0.25641894340515137,,0.08351351320743561,,0.029441766440868378,0.05259198322892189,,,,,,,,,,,,,,
4,,15429,,,,,,,,,,6.942078471183777e-06,,2.6444904506206512e-06,,0.2356548011302948,,0.27028560638427734,,0.10990779101848602,,0.03871515020728111,0.06509120017290115,,,,,,,,,,,,,,
4,,15439,,,,,,,,,,1.2913718819618225e-05,,4.3800100684165955e-06,,0.2566365599632263,,0.24338608980178833,,0.09541204571723938,,0.02903422899544239,0.054094843566417694,,,,,,,,,,,,,,
4,,15449,,,,,,,,,,1.197122037410736e-05,,6.109476089477539e-06,,0.21609699726104736,,0.27185291051864624,,0.10673811286687851,,0.038153938949108124,0.06391997635364532,,,,,,,,,,,,,,
4,,15459,,,,,,,,,,7.99819827079773e-06,,2.704095095396042e-06,,0.24124348163604736,,0.2575923800468445,,0.09768352657556534,,0.03526340425014496,0.05967951565980911,,,,,,,,,,,,,,
4,,15469,,,,,,,,,,8.372589945793152e-06,,2.9052607715129852e-06,,0.2244740128517151,,0.2615366578102112,,0.07945346087217331,,0.022289445623755455,0.046516068279743195,,,,,,,,,,,,,,
4,,15479,,,,,,,,,,7.251277565956116e-06,,5.2531249821186066e-06,,0.21395273506641388,,0.2567194104194641,,0.09830930829048157,,0.030915459617972374,0.05617430433630943,,,,,,,,,,,,,,
4,,15489,,,,,,,,,,6.789341568946838e-06,,1.6870908439159393e-06,,0.26212602853775024,,0.2623295485973358,,0.0761132538318634,,0.024452395737171173,0.047990746796131134,,,,,,,,,,,,,,
4,,15499,,,,,,,,,,6.427988409996033e-06,,1.409091055393219e-06,,0.23806223273277283,,0.25317487120628357,,0.08456923812627792,,0.02660435251891613,0.0504796989262104,,,,,,,,,,,,,,
4,,15509,,,,,,,,,,3.95067036151886e-06,,2.9834918677806854e-06,,0.22802123427391052,,0.26351988315582275,,0.11051096767187119,,0.044935036450624466,0.06946367770433426,,,,,,,,,,,,,,
4,,15519,,,,,,,,,,7.84359872341156e-06,,2.3138709366321564e-06,,0.26610302925109863,,0.2589956223964691,,0.1047428697347641,,0.03312515839934349,0.0597565732896328,,,,,,,,,,,,,,
4,,15529,,,,,,,,,,7.722526788711548e-06,,1.73225998878479e-06,,0.2542811632156372,,0.23937276005744934,,0.07619281113147736,,0.02925155870616436,0.050437603145837784,,,,,,,,,,,,,,
4,,15539,,,,,,,,,,7.266178727149963e-06,,2.582557499408722e-06,,0.29653769731521606,,0.23706912994384766,,0.08215770125389099,,0.025535758584737778,0.0491560734808445,,,,,,,,,,,,,,
4,,15549,,,,,,,,,,1.208670437335968e-05,,1.6856938600540161e-06,,0.23178304731845856,,0.2736518383026123,,0.08630289882421494,,0.03444714471697807,0.057574860751628876,,,,,,,,,,,,,,
4,,15559,,,,,,,,,,8.191913366317749e-06,,2.0693987607955933e-06,,0.24723109602928162,,0.2755434513092041,,0.08156952261924744,,0.02794036455452442,0.052075620740652084,,,,,,,,,,,,,,
4,,15569,,,,,,,,,,9.819865226745605e-06,,5.086418241262436e-06,,0.23442652821540833,,0.2635800838470459,,0.08491955697536469,,0.030644036829471588,0.05402115732431412,,,,,,,,,,,,,,
4,,15579,,,,,,,,,,5.150213837623596e-06,,1.3657845556735992e-06,,0.29087984561920166,,0.2628386318683624,,0.08655942976474762,,0.031204665079712868,0.05537623167037964,,,,,,,,,,,,,,
4,,15589,,,,,,,,,,5.926936864852905e-06,,1.1650845408439636e-06,,0.2239062488079071,,0.2771596908569336,,0.08824586123228073,,0.0360029861330986,0.059178560972213745,,,,,,,,,,,,,,
4,,15599,,,,,,,,,,8.013099431991577e-06,,1.8668361008167267e-06,,0.24885952472686768,,0.2433740198612213,,0.08962821960449219,,0.029918422922492027,0.05358168110251427,,,,,,,,,,,,,,
4,,15609,,,,,,,,,,1.4659017324447632e-05,,2.095010131597519e-06,,0.25403881072998047,,0.26864510774612427,,0.0976661890745163,,0.03536425903439522,0.06042013317346573,,,,,,,,,,,,,,
4,,15619,,,,,,,,,,1.0635703802108765e-05,,2.537854015827179e-06,,0.23591601848602295,,0.26894158124923706,,0.08611523360013962,,0.03004053235054016,0.05406149849295616,,,,,,,,,,,,,,
4,,15629,,,,,,,,,,7.770955562591553e-06,,4.04752790927887e-06,,0.25343504548072815,,0.2834063172340393,,0.09812264144420624,,0.03285747021436691,0.05931020900607109,,,,,,,,,,,,,,
4,,15639,,,,,,,,,,9.806826710700989e-06,,6.314367055892944e-06,,0.2533034682273865,,0.24380479753017426,,0.10838520526885986,,0.033150408416986465,0.059596359729766846,,,,,,,,,,,,,,
4,,15649,,,,,,,,,,1.1632218956947327e-05,,3.1422823667526245e-06,,0.28183871507644653,,0.25113847851753235,,0.09245147556066513,,0.03382347524166107,0.05779130011796951,,,,,,,,,,,,,,
4,,15659,,,,,,,,,,1.416727900505066e-05,,2.8382055461406708e-06,,0.27144762873649597,,0.26994919776916504,,0.09581958502531052,,0.03170612081885338,0.05759474262595177,,,,,,,,,,,,,,
4,,15669,,,,,,,,,,1.8648803234100342e-05,,2.6831403374671936e-06,,0.24844080209732056,,0.2602526843547821,,0.07342777401208878,,0.024945754557847977,0.0475994311273098,,,,,,,,,,,,,,
4,,15679,,,,,,,,,,1.807883381843567e-05,,2.718064934015274e-06,,0.2671174108982086,,0.24937701225280762,,0.08521881699562073,,0.026738107204437256,0.05086437612771988,,,,,,,,,,,,,,
4,,15689,,,,,,,,,,1.0304152965545654e-05,,3.6605633795261383e-06,,0.2647951543331146,,0.2646012008190155,,0.0977708250284195,,0.030570441856980324,0.05677998811006546,,,,,,,,,,,,,,
4,,15699,,,,,,,,,,8.236616849899292e-06,,2.8992071747779846e-06,,0.23789173364639282,,0.2776601016521454,,0.09829684346914291,,0.04181579500436783,0.06561164557933807,,,,,,,,,,,,,,
4,,15709,,,,,,,,,,8.7786465883255e-06,,2.3548491299152374e-06,,0.20300108194351196,,0.27897197008132935,,0.0756177008152008,,0.018210172653198242,0.0433022640645504,,,,,,,,,,,,,,
4,,15719,,,,,,,,,,8.748844265937805e-06,,2.298504114151001e-06,,0.202352374792099,,0.2629188895225525,,0.08775550127029419,,0.029826052486896515,0.05353241786360741,,,,,,,,,,,,,,
4,,15729,,,,,,,,,,8.72090458869934e-06,,2.3865140974521637e-06,,0.2571771740913391,,0.2649698853492737,,0.08510830253362656,,0.029471375048160553,0.05350867286324501,,,,,,,,,,,,,,
4,,15739,,,,,,,,,,7.670372724533081e-06,,2.100132405757904e-06,,0.25991252064704895,,0.2519979476928711,,0.0918896347284317,,0.02900511585175991,0.0538545623421669,,,,,,,,,,,,,,
4,,15749,,,,,,,,,,9.585171937942505e-06,,1.9115395843982697e-06,,0.2537853717803955,,0.26770758628845215,,0.07572145015001297,,0.023490259423851967,0.047349877655506134,,,,,,,,,,,,,,
4,,15759,,,,,,,,,,1.1350959539413452e-05,,4.351139068603516e-06,,0.24975770711898804,,0.2698461413383484,,0.08319660276174545,,0.026841044425964355,0.05131858214735985,,,,,,,,,,,,,,
4,,15769,,,,,,,,,,1.1010095477104187e-05,,3.3187679946422577e-06,,0.23344984650611877,,0.2641182541847229,,0.0811753123998642,,0.021230043843388557,0.046270500868558884,,,,,,,,,,,,,,
4,,15779,,,,,,,,,,1.1835247278213501e-05,,2.5420449674129486e-06,,0.21547254920005798,,0.2687441110610962,,0.09284378588199615,,0.028850458562374115,0.054181747138500214,,,,,,,,,,,,,,
4,,15789,,,,,,,,,,7.284805178642273e-06,,2.0596198737621307e-06,,0.2751963138580322,,0.27013710141181946,,0.10117100179195404,,0.03310462832450867,0.05970025435090065,,,,,,,,,,,,,,
4,,15799,,,,,,,,,,8.409842848777771e-06,,4.1280873119831085e-06,,0.2568730115890503,,0.26518285274505615,,0.07168841361999512,,0.025698453187942505,0.0481678731739521,,,,,,,,,,,,,,
4,,15809,,,,,,,,,,9.3802809715271e-06,,2.732500433921814e-06,,0.20727604627609253,,0.27571791410446167,,0.09768582880496979,,0.031019972637295723,0.056948281824588776,,,,,,,,,,,,,,
4,,15819,,,,,,,,,,7.672235369682312e-06,,2.169515937566757e-06,,0.2737204134464264,,0.26430386304855347,,0.0930759608745575,,0.03244636207818985,0.05739744380116463,,,,,,,,,,,,,,
4,,15829,,,,,,,,,,1.1336058378219604e-05,,3.4780241549015045e-06,,0.25453221797943115,,0.2642555832862854,,0.0741976946592331,,0.021475840359926224,0.045399829745292664,,,,,,,,,,,,,,
4,,15839,,,,,,,,,,8.296221494674683e-06,,2.4372711777687073e-06,,0.2649041414260864,,0.2559274435043335,,0.08241420984268188,,0.028874944895505905,0.05222257971763611,,,,,,,,,,,,,,
4,,15849,,,,,,,,,,9.408220648765564e-06,,2.0954757928848267e-06,,0.21023984253406525,,0.2625851333141327,,0.10053181648254395,,0.03260057419538498,0.05808676779270172,,,,,,,,,,,,,,
4,,15859,,,,,,,,,,8.100643754005432e-06,,2.2458843886852264e-06,,0.21848027408123016,,0.27218949794769287,,0.09001524746417999,,0.027396533638238907,0.052757348865270615,,,,,,,,,,,,,,
4,,15869,,,,,,,,,,8.011236786842346e-06,,2.21841037273407e-06,,0.24163579940795898,,0.2663043141365051,,0.0936538353562355,,0.028676915913820267,0.05439576134085655,,,,,,,,,,,,,,
4,,15879,,,,,,,,,,8.553266525268555e-06,,2.192799001932144e-06,,0.24258700013160706,,0.26806020736694336,,0.09711290895938873,,0.038146864622831345,0.062242165207862854,,,,,,,,,,,,,,
4,,15889,,,,,,,,,,9.171664714813232e-06,,3.310851752758026e-06,,0.24298210442066193,,0.26901569962501526,,0.09055230021476746,,0.02946034073829651,0.054544705897569656,,,,,,,,,,,,,,
4,,15899,,,,,,,,,,1.3707205653190613e-05,,1.8589198589324951e-06,,0.22737842798233032,,0.2485443651676178,,0.0883786678314209,,0.025675535202026367,0.050155021250247955,,,,,,,,,,,,,,
4,,15909,,,,,,,,,,1.2293457984924316e-05,,4.1425228118896484e-06,,0.2401035726070404,,0.27168014645576477,,0.08197090774774551,,0.02564195729792118,0.05016200244426727,,,,,,,,,,,,,,
4,,15919,,,,,,,,,,1.0851770639419556e-05,,2.284068614244461e-06,,0.2672542631626129,,0.2667195200920105,,0.09047567844390869,,0.02674252912402153,0.05266832187771797,,,,,,,,,,,,,,
4,,15929,,,,,,,,,,9.758131454873364e-06,,2.1457672119140625e-06,,0.38116565346717834,,0.23214660584926605,,0.09085100889205933,,0.02036217227578163,0.047666504979133606,,,,,,,,,,,,,,
4,,15929,,,,,,,,,,,,,,,,,,,,,,0.9826946258544922,1.0,1.0,0.9388084411621094,0.9065495133399963,0.9707545638084412,0.9910406470298767,0.054514478892087936,1.6689300537109375e-06,2.682209014892578e-07,0.24376250803470612,0.2614075839519501,0.0909571498632431,0.029782162979245186
4,,15929,0.9818788766860962,1.0,1.0,0.9394984245300293,0.9062269926071167,0.9695305824279785,0.990267813205719,0.05557038635015488,9.055344889929984e-06,,3.5882658266928047e-06,,0.24386721849441528,,0.26321566104888916,,0.09184261411428452,,0.03085373342037201,,,,,,,,,,,,,,,,
,0.0002560660171779821,15930,,,,,,,,,,,,,,,,,,,,,,,,,,,,,,,,,,,
5,,15939,,,,,,,,,,8.35023820400238e-06,,2.52528116106987e-06,,0.24153196811676025,,0.25970759987831116,,0.11045384407043457,,0.03617265075445175,0.0628591924905777,,,,,,,,,,,,,,
5,,15949,,,,,,,,,,7.871538400650024e-06,,8.369795978069305e-06,,0.23009833693504333,,0.2793594002723694,,0.08410593122243881,,0.030415082350373268,0.054385919123888016,,,,,,,,,,,,,,
5,,15959,,,,,,,,,,6.310641765594482e-06,,5.8747828006744385e-06,,0.2428421974182129,,0.25905466079711914,,0.08259154856204987,,0.028980426490306854,0.052223000675439835,,,,,,,,,,,,,,
5,,15969,,,,,,,,,,1.420639455318451e-05,,9.844079613685608e-06,,0.22081595659255981,,0.26300767064094543,,0.09313175082206726,,0.0290731992572546,0.054196547716856,,,,,,,,,,,,,,
5,,15979,,,,,,,,,,1.0706484317779541e-05,,5.738344043493271e-06,,0.22840744256973267,,0.27120476961135864,,0.09192430973052979,,0.02781400829553604,0.053498774766922,,,,,,,,,,,,,,
5,,15989,,,,,,,,,,8.48434865474701e-06,,5.470588803291321e-06,,0.2558457553386688,,0.2578136622905731,,0.08664265275001526,,0.029614895582199097,0.05355297401547432,,,,,,,,,,,,,,
5,,15999,,,,,,,,,,1.1468306183815002e-05,,3.4677796065807343e-06,,0.2622107267379761,,0.2572580873966217,,0.0938524380326271,,0.02525785006582737,0.051685113459825516,,,,,,,,,,,,,,
5,,16009,,,,,,,,,,7.241964340209961e-06,,4.186760634183884e-06,,0.21272221207618713,,0.2640400826931,,0.10399772971868515,,0.036448508501052856,0.06172076240181923,,,,,,,,,,,,,,
5,,16019,,,,,,,,,,1.2051314115524292e-05,,3.448221832513809e-06,,0.22847610712051392,,0.26210153102874756,,0.08880139142274857,,0.030291849747300148,0.05434589833021164,,,,,,,,,,,,,,
5,,16029,,,,,,,,,,9.838491678237915e-06,,5.710870027542114e-06,,0.24954631924629211,,0.2644995450973511,,0.10057365894317627,,0.030595675110816956,0.057141080498695374,,,,,,,,,,,,,,
5,,16039,,,,,,,,,,9.86829400062561e-06,,8.84057953953743e-06,,0.23885318636894226,,0.2593349814414978,,0.09334349632263184,,0.034395597875118256,0.05826825276017189,,,,,,,,,,,,,,
5,,16049,,,,,,,,,,7.625669240951538e-06,,5.431473255157471e-06,,0.273310124874115,,0.2638043463230133,,0.08444372564554214,,0.02185988985002041,0.04780849069356918,,,,,,,,,,,,,,
5,,16059,,,,,,,,,,8.502975106239319e-06,,7.702037692070007e-06,,0.27394235134124756,,0.2337283492088318,,0.10650749504566193,,0.040221601724624634,0.06431836634874344,,,,,,,,,,,,,,
5,,16069,,,,,,,,,,6.981194019317627e-06,,6.410293281078339e-06,,0.23928314447402954,,0.2627885639667511,,0.07777637988328934,,0.026344481855630875,0.04947584867477417,,,,,,,,,,,,,,
5,,16079,,,,,,,,,,7.560476660728455e-06,,5.969777703285217e-06,,0.24330180883407593,,0.272190123796463,,0.0941031202673912,,0.03344692289829254,0.05835390463471413,,,,,,,,,,,,,,
5,,16089,,,,,,,,,,4.14624810218811e-06,,2.9210932552814484e-06,,0.26961520314216614,,0.2615741789340973,,0.07684576511383057,,0.030504677444696426,0.0527208149433136,,,,,,,,,,,,,,
5,,16099,,,,,,,,,,6.511807441711426e-06,,2.8354115784168243e-06,,0.20369693636894226,,0.26747632026672363,,0.10281319916248322,,0.028360968455672264,0.05548678711056709,,,,,,,,,,,,,,
5,,16109,,,,,,,,,,8.277595043182373e-06,,4.480127245187759e-06,,0.2875933349132538,,0.27170616388320923,,0.10383881628513336,,0.03001467138528824,0.05810144543647766,,,,,,,,,,,,,,
5,,16119,,,,,,,,,,5.589798092842102e-06,,3.020279109477997e-06,,0.24106311798095703,,0.26573288440704346,,0.0903102234005928,,0.02731257490813732,0.052711665630340576,,,,,,,,,,,,,,
5,,16129,,,,,,,,,,4.682689905166626e-06,,4.206318408250809e-06,,0.19963908195495605,,0.2654728889465332,,0.0923527330160141,,0.026409674435853958,0.05191964656114578,,,,,,,,,,,,,,
5,,16139,,,,,,,,,,4.697591066360474e-06,,1.7792917788028717e-06,,0.23874199390411377,,0.2618623375892639,,0.0962996706366539,,0.029212363064289093,0.05505146458745003,,,,,,,,,,,,,,
5,,16149,,,,,,,,,,5.7443976402282715e-06,,4.667323082685471e-06,,0.2742021977901459,,0.25670745968818665,,0.08683858066797256,,0.029500912874937057,0.05366750806570053,,,,,,,,,,,,,,
5,,16159,,,,,,,,,,6.582587957382202e-06,,3.96091490983963e-06,,0.25072675943374634,,0.250979483127594,,0.08633144199848175,,0.02526019513607025,0.04984734579920769,,,,,,,,,,,,,,
5,,16169,,,,,,,,,,7.722526788711548e-06,,3.1441450119018555e-06,,0.2273167073726654,,0.26414358615875244,,0.07943358272314072,,0.026982150971889496,0.050188276916742325,,,,,,,,,,,,,,
5,,16179,,,,,,,,,,1.2058764696121216e-05,,2.673827111721039e-06,,0.2247207909822464,,0.27043092250823975,,0.09014537930488586,,0.030505282804369926,0.055104587227106094,,,,,,,,,,,,,,
5,,16189,,,,,,,,,,6.962567567825317e-06,,3.743451088666916e-06,,0.19570565223693848,,0.27153921127319336,,0.09593496471643448,,0.02985714003443718,0.055416032671928406,,,,,,,,,,,,,,
5,,16199,,,,,,,,,,6.5229833126068115e-06,,2.7865171432495117e-06,,0.1837727576494217,,0.2889667749404907,,0.08535285294055939,,0.026626545935869217,0.05168510973453522,,,,,,,,,,,,,,
5,,16209,,,,,,,,,,4.9620866775512695e-06,,1.35740265250206e-06,,0.22913752496242523,,0.27487149834632874,,0.08965364843606949,,0.03196069598197937,0.05636415630578995,,,,,,,,,,,,,,
5,,16219,,,,,,,,,,4.898756742477417e-06,,1.603737473487854e-06,,0.21887771785259247,,0.267791748046875,,0.08180810511112213,,0.029440654441714287,0.0525500625371933,,,,,,,,,,,,,,
5,,16229,,,,,,,,,,4.952773451805115e-06,,2.648681402206421e-06,,0.21716609597206116,,0.2713072896003723,,0.08972904086112976,,0.028133168816566467,0.05319951847195625,,,,,,,,,,,,,,
5,,16239,,,,,,,,,,5.720183253288269e-06,,3.0496157705783844e-06,,0.26513931155204773,,0.2559886574745178,,0.09124542772769928,,0.03037601336836815,0.055010538548231125,,,,,,,,,,,,,,
5,,16249,,,,,,,,,,6.161630153656006e-06,,3.1241215765476227e-06,,0.23343709111213684,,0.25880303978919983,,0.10391782969236374,,0.0316549576818943,0.05810699611902237,,,,,,,,,,,,,,
5,,16259,,,,,,,,,,5.593523383140564e-06,,3.068242222070694e-06,,0.24014653265476227,,0.26761743426322937,,0.07646118104457855,,0.02193198725581169,0.04615553095936775,,,,,,,,,,,,,,
5,,16269,,,,,,,,,,5.6568533182144165e-06,,2.8479844331741333e-06,,0.2361692488193512,,0.25797635316848755,,0.07478982955217361,,0.01765451580286026,0.04213453084230423,,,,,,,,,,,,,,
5,,16279,,,,,,,,,,7.685273885726929e-06,,4.270114004611969e-06,,0.21357178688049316,,0.2645239233970642,,0.09168124198913574,,0.02999834343791008,0.05460469052195549,,,,,,,,,,,,,,
5,,16289,,,,,,,,,,6.936490535736084e-06,,2.7245841920375824e-06,,0.2537556290626526,,0.25720715522766113,,0.07923286408185959,,0.02902165614068508,0.05166531726717949,,,,,,,,,,,,,,
5,,16299,,,,,,,,,,6.170943379402161e-06,,2.7348287403583527e-06,,0.26802828907966614,,0.2596791088581085,,0.09058086574077606,,0.026418955996632576,0.052124280482530594,,,,,,,,,,,,,,
5,,16309,,,,,,,,,,5.532056093215942e-06,,2.31107696890831e-06,,0.2112269401550293,,0.26016509532928467,,0.08197496086359024,,0.029201548546552658,0.051954712718725204,,,,,,,,,,,,,,
5,,16319,,,,,,,,,,6.3087791204452515e-06,,3.2070092856884003e-06,,0.18251068890094757,,0.27755212783813477,,0.08902113884687424,,0.02808472514152527,0.0529169961810112,,,,,,,,,,,,,,
5,,16329,,,,,,,,,,5.384907126426697e-06,,2.3529864847660065e-06,,0.2457156479358673,,0.258237361907959,,0.08439218997955322,,0.0275263674557209,0.051465246826410294,,,,,,,,,,,,,,
5,,16339,,,,,,,,,,4.118308424949646e-06,,3.1171366572380066e-06,,0.2661145329475403,,0.2479013353586197,,0.08384603261947632,,0.030562695115804672,0.0533951111137867,,,,,,,,,,,,,,
5,,16349,,,,,,,,,,5.271285772323608e-06,,2.116430550813675e-06,,0.2806602716445923,,0.263852596282959,,0.08082475513219833,,0.033438608050346375,0.0559043362736702,,,,,,,,,,,,,,
5,,16359,,,,,,,,,,3.6265701055526733e-06,,2.5029294192790985e-06,,0.25089913606643677,,0.2523086369037628,,0.09582597017288208,,0.026994694024324417,0.0529935285449028,,,,,,,,,,,,,,
5,,16369,,,,,,,,,,4.3548643589019775e-06,,2.023298293352127e-06,,0.22725418210029602,,0.2726110816001892,,0.10633236914873123,,0.037121713161468506,0.06323583424091339,,,,,,,,,,,,,,
5,,16379,,,,,,,,,,7.603317499160767e-06,,1.1916272342205048e-06,,0.22056007385253906,,0.27888786792755127,,0.09113041311502457,,0.03124847263097763,0.056194595992565155,,,,,,,,,,,,,,
5,,16389,,,,,,,,,,5.329027771949768e-06,,2.098735421895981e-06,,0.24171268939971924,,0.26862871646881104,,0.07806003838777542,,0.02823428437113762,0.051249030977487564,,,,,,,,,,,,,,
5,,16399,,,,,,,,,,1.0767951607704163e-05,,1.266133040189743e-06,,0.28088289499282837,,0.24545755982398987,,0.09206992387771606,,0.030993627384305,0.055319271981716156,,,,,,,,,,,,,,
5,,16409,,,,,,,,,,8.165836334228516e-06,,2.4382025003433228e-06,,0.25001922249794006,,0.26187393069267273,,0.0900912955403328,,0.029600447043776512,0.054310984909534454,,,,,,,,,,,,,,
5,,16419,,,,,,,,,,8.558854460716248e-06,,2.041459083557129e-06,,0.23624402284622192,,0.2546185851097107,,0.08303291350603104,,0.026106517761945724,0.049864478409290314,,,,,,,,,,,,,,
5,,16429,,,,,,,,,,6.701797246932983e-06,,1.9492581486701965e-06,,0.26379072666168213,,0.2670031785964966,,0.07429224997758865,,0.02597638964653015,0.04903114214539528,,,,,,,,,,,,,,
5,,16439,,,,,,,,,,6.012618541717529e-06,,1.4738179743289948e-06,,0.20637109875679016,,0.2658146619796753,,0.08489568531513214,,0.030078915879130363,0.05336863920092583,,,,,,,,,,,,,,
5,,16449,,,,,,,,,,7.327646017074585e-06,,2.1015293896198273e-06,,0.2433517724275589,,0.2615480422973633,,0.09445342421531677,,0.029903840273618698,0.05526324361562729,,,,,,,,,,,,,,
5,,16459,,,,,,,,,,9.138137102127075e-06,,1.828651875257492e-06,,0.23008331656455994,,0.25086909532546997,,0.08495721220970154,,0.024328548461198807,0.048643555492162704,,,,,,,,,,,,,,
5,,16469,,,,,,,,,,9.106472134590149e-06,,7.373746484518051e-06,,0.23378530144691467,,0.2786625027656555,,0.084001824259758,,0.0221584253013134,0.048182930797338486,,,,,,,,,,,,,,
5,,16479,,,,,,,,,,7.70576298236847e-06,,2.344604581594467e-06,,0.2625369429588318,,0.2447337508201599,,0.09028533846139908,,0.028604650869965553,0.05294342711567879,,,,,,,,,,,,,,
5,,16489,,,,,,,,,,5.496665835380554e-06,,2.0400620996952057e-06,,0.2580433785915375,,0.25886523723602295,,0.0855657309293747,,0.02808479219675064,0.052278198301792145,,,,,,,,,,,,,,
5,,16499,,,,,,,,,,7.2605907917022705e-06,,1.8361024558544159e-06,,0.22543421387672424,,0.25101542472839355,,0.08917236328125,,0.0331316813826561,0.055990416556596756,,,,,,,,,,,,,,
5,,16509,,,,,,,,,,6.582587957382202e-06,,2.41817906498909e-06,,0.22371502220630646,,0.2712095379829407,,0.09765975922346115,,0.037505634129047394,0.061790138483047485,,,,,,,,,,,,,,
5,,16519,,,,,,,,,,7.634982466697693e-06,,1.3057142496109009e-06,,0.24417434632778168,,0.2763737738132477,,0.09466369450092316,,0.03744455799460411,0.06166436895728111,,,,,,,,,,,,,,
5,,16529,,,,,,,,,,6.791204214096069e-06,,1.2926757335662842e-06,,0.2259608805179596,,0.27313387393951416,,0.07503092288970947,,0.023296533152461052,0.04700331389904022,,,,,,,,,,,,,,
5,,16539,,,,,,,,,,7.178634405136108e-06,,3.423541784286499e-06,,0.24965766072273254,,0.27629756927490234,,0.09835761785507202,,0.029028847813606262,0.05610452964901924,,,,,,,,,,,,,,
5,,16549,,,,,,,,,,5.645677447319031e-06,,1.2423843145370483e-06,,0.24175211787223816,,0.2577427327632904,,0.07611894607543945,,0.023577619343996048,0.046881694346666336,,,,,,,,,,,,,,
5,,16559,,,,,,,,,,6.770715117454529e-06,,1.3918615877628326e-06,,0.21455171704292297,,0.2674550414085388,,0.0818379670381546,,0.02635648101568222,0.05017547309398651,,,,,,,,,,,,,,
5,,16569,,,,,,,,,,6.686896085739136e-06,,2.0167790353298187e-06,,0.2740245759487152,,0.25631290674209595,,0.08216933906078339,,0.02234339900314808,0.04740177467465401,,,,,,,,,,,,,,
5,,16579,,,,,,,,,,8.044764399528503e-06,,4.881527274847031e-06,,0.24757952988147736,,0.2606353163719177,,0.06948183476924896,,0.02318611741065979,0.04554717615246773,,,,,,,,,,,,,,
5,,16589,,,,,,,,,,7.975846529006958e-06,,1.5404075384140015e-06,,0.23576661944389343,,0.27557337284088135,,0.07719656825065613,,0.028295602649450302,0.05138900876045227,,,,,,,,,,,,,,
5,,16599,,,,,,,,,,1.1375173926353455e-05,,2.098735421895981e-06,,0.2508482038974762,,0.27219003438949585,,0.09329992532730103,,0.027818121016025543,0.05406907945871353,,,,,,,,,,,,,,
5,,16609,,,,,,,,,,7.228925824165344e-06,,2.132728695869446e-06,,0.2182714343070984,,0.2659751772880554,,0.09399200975894928,,0.0361701063811779,0.05979114770889282,,,,,,,,,,,,,,
5,,16619,,,,,,,,,,7.247552275657654e-06,,1.5827827155590057e-06,,0.24012650549411774,,0.26685190200805664,,0.10567460209131241,,0.03847043961286545,0.06400512158870697,,,,,,,,,,,,,,
5,,16629,,,,,,,,,,6.726011633872986e-06,,1.4617107808589935e-06,,0.2220204472541809,,0.2839471697807312,,0.09746767580509186,,0.03559297323226929,0.0608966201543808,,,,,,,,,,,,,,
5,,16639,,,,,,,,,,6.886199116706848e-06,,1.5012919902801514e-06,,0.2250671684741974,,0.2657849192619324,,0.0863434374332428,,0.02651664987206459,0.05118555948138237,,,,,,,,,,,,,,
5,,16649,,,,,,,,,,9.59448516368866e-06,,1.6521662473678589e-06,,0.25601905584335327,,0.2628956437110901,,0.0871737003326416,,0.027859825640916824,0.05257624387741089,,,,,,,,,,,,,,
5,,16659,,,,,,,,,,4.708766937255859e-06,,1.3974495232105255e-06,,0.21504178643226624,,0.2635533809661865,,0.08545137196779251,,0.02020927146077156,0.04606442525982857,,,,,,,,,,,,,,
5,,16669,,,,,,,,,,8.124858140945435e-06,,1.684296876192093e-06,,0.24361573159694672,,0.276175856590271,,0.10468226671218872,,0.03198325261473656,0.059430502355098724,,,,,,,,,,,,,,
5,,16679,,,,,,,,,,6.115064024925232e-06,,1.6097910702228546e-06,,0.21178579330444336,,0.26759377121925354,,0.09320256114006042,,0.03492105007171631,0.05870593339204788,,,,,,,,,,,,,,
5,,16689,,,,,,,,,,9.184703230857849e-06,,1.9581057131290436e-06,,0.2856314778327942,,0.25868505239486694,,0.07683020830154419,,0.029846075922250748,0.05227610468864441,,,,,,,,,,,,,,
5,,16699,,,,,,,,,,1.30385160446167e-05,,1.5837140381336212e-06,,0.22070877254009247,,0.2684135138988495,,0.09426314383745193,,0.03562770038843155,0.05957798659801483,,,,,,,,,,,,,,
5,,16709,,,,,,,,,,1.57281756401062e-05,,2.793502062559128e-06,,0.24483180046081543,,0.2586057186126709,,0.08639733493328094,,0.027037814259529114,0.051481712609529495,,,,,,,,,,,,,,
5,,16719,,,,,,,,,,1.1067837476730347e-05,,2.3934990167617798e-06,,0.2224287986755371,,0.2725851535797119,,0.09783437103033066,,0.033989209681749344,0.05923434719443321,,,,,,,,,,,,,,
5,,16729,,,,,,,,,,1.4303252100944519e-05,,1.9776634871959686e-06,,0.2520175278186798,,0.2527291476726532,,0.08685247600078583,,0.02811484970152378,0.052183739840984344,,,,,,,,,,,,,,
5,,16739,,,,,,,,,,1.527927815914154e-05,,2.2472813725471497e-06,,0.2814348340034485,,0.2682526111602783,,0.0954129546880722,,0.034187257289886475,0.059417299926280975,,,,,,,,,,,,,,
5,,16749,,,,,,,,,,9.842216968536377e-06,,2.018176019191742e-06,,0.23633389174938202,,0.25199711322784424,,0.0882316380739212,,0.024041589349508286,0.04916854947805405,,,,,,,,,,,,,,
5,,16759,,,,,,,,,,8.463859558105469e-06,,3.1404197216033936e-06,,0.22598722577095032,,0.2613595128059387,,0.08831430971622467,,0.02902643010020256,0.05324128270149231,,,,,,,,,,,,,,
5,,16769,,,,,,,,,,1.1514872312545776e-05,,4.930421710014343e-06,,0.26499176025390625,,0.24367375671863556,,0.07909832894802094,,0.027442604303359985,0.049952685832977295,,,,,,,,,,,,,,
5,,16779,,,,,,,,,,1.2526288628578186e-05,,3.5017728805541992e-06,,0.27216607332229614,,0.2743566930294037,,0.0970589816570282,,0.03608155995607376,0.06132463738322258,,,,,,,,,,,,,,
5,,16789,,,,,,,,,,8.169561624526978e-06,,2.226792275905609e-06,,0.25222721695899963,,0.25441253185272217,,0.08991922438144684,,0.029861705377697945,0.054150745272636414,,,,,,,,,,,,,,
5,,16799,,,,,,,,,,7.955357432365417e-06,,3.3620744943618774e-06,,0.22406774759292603,,0.2559084892272949,,0.09588918089866638,,0.04111090302467346,0.06344941258430481,,,,,,,,,,,,,,
5,,16809,,,,,,,,,,7.82497227191925e-06,,1.6451813280582428e-06,,0.25806260108947754,,0.251300573348999,,0.0740513950586319,,0.023274660110473633,0.04615579918026924,,,,,,,,,,,,,,
5,,16819,,,,,,,,,,8.411705493927002e-06,,8.575152605772018e-06,,0.22088518738746643,,0.2789515554904938,,0.09687317907810211,,0.03355046361684799,0.05900535732507706,,,,,,,,,,,,,,
5,,16829,,,,,,,,,,1.0609626770019531e-05,,4.0014274418354034e-06,,0.2262035459280014,,0.27495914697647095,,0.09097984433174133,,0.029202565550804138,0.05451350659132004,,,,,,,,,,,,,,
5,,16839,,,,,,,,,,1.3329088687896729e-05,,2.771615982055664e-06,,0.251895546913147,,0.2745552659034729,,0.08836368471384048,,0.0298900343477726,0.054820794612169266,,,,,,,,,,,,,,
5,,16849,,,,,,,,,,1.5581026673316956e-05,,3.11853364109993e-06,,0.19723540544509888,,0.2901080250740051,,0.09037871658802032,,0.03421298786997795,0.05853022262454033,,,,,,,,,,,,,,
5,,16859,,,,,,,,,,1.2775883078575134e-05,,3.179069608449936e-06,,0.23213928937911987,,0.25311389565467834,,0.08121958374977112,,0.02878725714981556,0.051416780799627304,,,,,,,,,,,,,,
5,,16869,,,,,,,,,,1.4921650290489197e-05,,3.296416252851486e-06,,0.23181584477424622,,0.2501514256000519,,0.07384643703699112,,0.022396991029381752,0.04509741812944412,,,,,,,,,,,,,,
5,,16879,,,,,,,,,,2.773292362689972e-05,,2.952292561531067e-06,,0.22960084676742554,,0.2675788402557373,,0.10342781990766525,,0.032939255237579346,0.0593450702726841,,,,,,,,,,,,,,
5,,16889,,,,,,,,,,1.4640390872955322e-05,,2.207234501838684e-06,,0.24118036031723022,,0.26733505725860596,,0.09398868680000305,,0.03343091532588005,0.0580679215490818,,,,,,,,,,,,,,
5,,16899,,,,,,,,,,1.455843448638916e-05,,1.2732576578855515e-05,,0.23227989673614502,,0.2571326792240143,,0.1004168689250946,,0.03416745364665985,0.05924338847398758,,,,,,,,,,,,,,
5,,16909,,,,,,,,,,1.2978911399841309e-05,,3.3047981560230255e-06,,0.2539900839328766,,0.260858952999115,,0.0837031826376915,,0.03289400413632393,0.05558265000581741,,,,,,,,,,,,,,
5,,16919,,,,,,,,,,1.6489997506141663e-05,,3.239605575799942e-06,,0.24136126041412354,,0.255168080329895,,0.08666937053203583,,0.0255202017724514,0.05019238963723183,,,,,,,,,,,,,,
5,,16929,,,,,,,,,,1.1090189218521118e-05,,3.3723190426826477e-06,,0.2267397940158844,,0.27182263135910034,,0.0792403519153595,,0.026387188583612442,0.050058990716934204,,,,,,,,,,,,,,
5,,16939,,,,,,,,,,6.295740604400635e-06,,4.755333065986633e-06,,0.2481335550546646,,0.2654716968536377,,0.09696681052446365,,0.0362422913312912,0.06072964146733284,,,,,,,,,,,,,,
5,,16949,,,,,,,,,,1.0751187801361084e-05,,2.692919224500656e-06,,0.17828726768493652,,0.27617740631103516,,0.09395033121109009,,0.03636094182729721,0.05993616208434105,,,,,,,,,,,,,,
5,,16959,,,,,,,,,,7.0892274379730225e-06,,2.479180693626404e-06,,0.2195417582988739,,0.26434752345085144,,0.07670179754495621,,0.029650140553712845,0.05159584805369377,,,,,,,,,,,,,,
5,,16969,,,,,,,,,,1.074187457561493e-05,,3.8105063140392303e-06,,0.2442270815372467,,0.2569733262062073,,0.08134886622428894,,0.023217521607875824,0.04758534952998161,,,,,,,,,,,,,,
5,,16979,,,,,,,,,,1.0559335350990295e-05,,3.5548582673072815e-06,,0.23515409231185913,,0.25846874713897705,,0.08592917025089264,,0.024929827079176903,0.04969267174601555,,,,,,,,,,,,,,
5,,16989,,,,,,,,,,8.387491106987e-06,,2.9597431421279907e-06,,0.2741723656654358,,0.25487715005874634,,0.0778619721531868,,0.027056822553277016,0.05006429925560951,,,,,,,,,,,,,,
5,,16999,,,,,,,,,,1.2392178177833557e-05,,1.778826117515564e-06,,0.25390228629112244,,0.24638375639915466,,0.07951295375823975,,0.02121574804186821,0.045356232672929764,,,,,,,,,,,,,,
5,,17009,,,,,,,,,,1.193024218082428e-05,,7.026828825473785e-06,,0.2602084279060364,,0.2548310160636902,,0.09063133597373962,,0.022819016128778458,0.04911418259143829,,,,,,,,,,,,,,
5,,17019,,,,,,,,,,5.193054676055908e-06,,3.7355348467826843e-06,,0.19957536458969116,,0.27138885855674744,,0.08675384521484375,,0.03315605968236923,0.05620725452899933,,,,,,,,,,,,,,
5,,17029,,,,,,,,,,5.6996941566467285e-06,,2.9830262064933777e-06,,0.2568243145942688,,0.260414719581604,,0.07939232885837555,,0.02171599306166172,0.0464010015130043,,,,,,,,,,,,,,
5,,17039,,,,,,,,,,1.1088326573371887e-05,,3.453809767961502e-06,,0.2718631625175476,,0.2554577589035034,,0.10801790654659271,,0.04050079360604286,0.06580550968647003,,,,,,,,,,,,,,
5,,17049,,,,,,,,,,1.280754804611206e-05,,4.285480827093124e-06,,0.2134556770324707,,0.2674802541732788,,0.0727446973323822,,0.022769974544644356,0.045767877250909805,,,,,,,,,,,,,,
5,,17059,,,,,,,,,,1.3081356883049011e-05,,6.411690264940262e-06,,0.23816873133182526,,0.2577801048755646,,0.09630566835403442,,0.03119492344558239,0.05634177103638649,,,,,,,,,,,,,,
5,,17069,,,,,,,,,,1.0583549737930298e-05,,2.7799978852272034e-06,,0.2526054382324219,,0.26818376779556274,,0.08782830834388733,,0.034255072474479675,0.05770454928278923,,,,,,,,,,,,,,
5,,17079,,,,,,,,,,1.282617449760437e-05,,3.7848949432373047e-06,,0.2610126733779907,,0.2518870532512665,,0.0851338803768158,,0.030114971101284027,0.05342784523963928,,,,,,,,,,,,,,
5,,17089,,,,,,,,,,1.3804063200950623e-05,,4.274304956197739e-06,,0.24165275692939758,,0.27104100584983826,,0.09561072289943695,,0.030772823840379715,0.05655737966299057,,,,,,,,,,,,,,
5,,17099,,,,,,,,,,6.118789315223694e-06,,3.084074705839157e-06,,0.22805041074752808,,0.26602864265441895,,0.0941716879606247,,0.030247725546360016,0.055499106645584106,,,,,,,,,,,,,,
5,,17109,,,,,,,,,,1.0685995221138e-05,,2.789311110973358e-06,,0.2594570517539978,,0.25420960783958435,,0.09489504992961884,,0.02930309809744358,0.05474011227488518,,,,,,,,,,,,,,
5,,17119,,,,,,,,,,9.18656587600708e-06,,1.8603168427944183e-06,,0.2469654679298401,,0.2806432247161865,,0.08971431106328964,,0.03260079398751259,0.057335320860147476,,,,,,,,,,,,,,
5,,17129,,,,,,,,,,6.282702088356018e-06,,1.7825514078140259e-06,,0.2560361325740814,,0.255116730928421,,0.09364540874958038,,0.03442221134901047,0.05834844708442688,,,,,,,,,,,,,,
5,,17139,,,,,,,,,,6.917864084243774e-06,,4.53554093837738e-06,,0.27872806787490845,,0.252986878156662,,0.09443783760070801,,0.03162664547562599,0.05656600743532181,,,,,,,,,,,,,,
5,,17149,,,,,,,,,,8.981674909591675e-06,,2.250541001558304e-06,,0.2553388774394989,,0.25772592425346375,,0.08624949306249619,,0.02588852494955063,0.0506737120449543,,,,,,,,,,,,,,
5,,17159,,,,,,,,,,5.155801773071289e-06,,1.850072294473648e-06,,0.26255571842193604,,0.2607188820838928,,0.08907771855592728,,0.031528130173683167,0.05565979331731796,,,,,,,,,,,,,,
5,,17169,,,,,,,,,,7.329508662223816e-06,,2.419576048851013e-06,,0.24305497109889984,,0.2373361736536026,,0.09165290743112564,,0.02136160433292389,0.04719109088182449,,,,,,,,,,,,,,
5,,17179,,,,,,,,,,7.398426532745361e-06,,1.7187558114528656e-06,,0.1883317530155182,,0.2727890610694885,,0.09541432559490204,,0.03495100885629654,0.059111885726451874,,,,,,,,,,,,,,
5,,17189,,,,,,,,,,5.755573511123657e-06,,5.012378096580505e-06,,0.2628607749938965,,0.2529665231704712,,0.09772595763206482,,0.032777342945337296,0.05785897746682167,,,,,,,,,,,,,,
5,,17199,,,,,,,,,,8.461996912956238e-06,,2.6621855795383453e-06,,0.23790186643600464,,0.27571362257003784,,0.09129782021045685,,0.02798919752240181,0.05383538827300072,,,,,,,,,,,,,,
5,,17209,,,,,,,,,,9.888783097267151e-06,,1.430511474609375e-06,,0.2449914664030075,,0.26090097427368164,,0.0909368246793747,,0.02681880071759224,0.05227825418114662,,,,,,,,,,,,,,
5,,17219,,,,,,,,,,8.91275703907013e-06,,1.8156133592128754e-06,,0.23516708612442017,,0.2695627808570862,,0.10283652693033218,,0.040125470608472824,0.06478339433670044,,,,,,,,,,,,,,
5,,17229,,,,,,,,,,5.166977643966675e-06,,2.2030435502529144e-06,,0.21667622029781342,,0.273612916469574,,0.08438900113105774,,0.032334063202142715,0.05545181408524513,,,,,,,,,,,,,,
5,,17239,,,,,,,,,,9.411945939064026e-06,,3.6195851862430573e-06,,0.24275436997413635,,0.2691243886947632,,0.08406488597393036,,0.026104357093572617,0.05081284046173096,,,,,,,,,,,,,,
5,,17249,,,,,,,,,,6.385147571563721e-06,,1.7452985048294067e-06,,0.22982674837112427,,0.2739109396934509,,0.08199270069599152,,0.02275301143527031,0.047982972115278244,,,,,,,,,,,,,,
5,,17259,,,,,,,,,,8.022412657737732e-06,,1.909211277961731e-06,,0.25101128220558167,,0.2711021900177002,,0.08971564471721649,,0.028206419199705124,0.053639061748981476,,,,,,,,,,,,,,
5,,17269,,,,,,,,,,7.005408406257629e-06,,1.9078142940998077e-06,,0.2025250792503357,,0.26895302534103394,,0.09117130190134048,,0.032284654676914215,0.05630238354206085,,,,,,,,,,,,,,
5,,17279,,,,,,,,,,5.97536563873291e-06,,2.1955929696559906e-06,,0.24383103847503662,,0.2534286081790924,,0.12064722180366516,,0.033927008509635925,0.06281881779432297,,,,,,,,,,,,,,
5,,17289,,,,,,,,,,4.82611358165741e-06,,1.9548460841178894e-06,,0.25706836581230164,,0.24109169840812683,,0.09665195643901825,,0.03356360271573067,0.05762271583080292,,,,,,,,,,,,,,
5,,17299,,,,,,,,,,6.0480087995529175e-06,,2.234242856502533e-06,,0.29470476508140564,,0.24269714951515198,,0.08628863096237183,,0.0248410627245903,0.04965205118060112,,,,,,,,,,,,,,
5,,17309,,,,,,,,,,1.0408461093902588e-05,,3.091525286436081e-06,,0.28871795535087585,,0.2495693415403366,,0.07950296252965927,,0.02671196684241295,0.050034988671541214,,,,,,,,,,,,,,
5,,17319,,,,,,,,,,6.027519702911377e-06,,1.4738179743289948e-06,,0.2973836660385132,,0.25118136405944824,,0.09934195876121521,,0.03137952461838722,0.057434383779764175,,,,,,,,,,,,,,
5,,17329,,,,,,,,,,7.117167115211487e-06,,1.993030309677124e-06,,0.2584235668182373,,0.2690334916114807,,0.09391999244689941,,0.034435052424669266,0.05909007042646408,,,,,,,,,,,,,,
5,,17339,,,,,,,,,,1.2530013918876648e-05,,5.121342837810516e-06,,0.2395668923854828,,0.25837281346321106,,0.08299270272254944,,0.030680488795042038,0.05350324138998985,,,,,,,,,,,,,,
5,,17349,,,,,,,,,,8.840113878250122e-06,,1.9404105842113495e-06,,0.19938811659812927,,0.2679966688156128,,0.09586906433105469,,0.03549084812402725,0.05950705334544182,,,,,,,,,,,,,,
5,,17359,,,,,,,,,,6.876885890960693e-06,,2.262648195028305e-06,,0.2517607510089874,,0.24500679969787598,,0.08388344943523407,,0.02489396184682846,0.0488455705344677,,,,,,,,,,,,,,
5,,17369,,,,,,,,,,6.187707185745239e-06,,2.8400681912899017e-06,,0.2122964709997177,,0.28456902503967285,,0.08931836485862732,,0.032727137207984924,0.05713352933526039,,,,,,,,,,,,,,
5,,17379,,,,,,,,,,5.781650543212891e-06,,2.2654421627521515e-06,,0.28549307584762573,,0.24378038942813873,,0.08800101280212402,,0.030268121510744095,0.053987301886081696,,,,,,,,,,,,,,
5,,17389,,,,,,,,,,8.130446076393127e-06,,3.214459866285324e-06,,0.21137720346450806,,0.29027503728866577,,0.10542455315589905,,0.03427103906869888,0.06156914681196213,,,,,,,,,,,,,,
5,,17399,,,,,,,,,,8.245930075645447e-06,,2.1904706954956055e-06,,0.22905537486076355,,0.27177929878234863,,0.10090500116348267,,0.03582984209060669,0.06123092770576477,,,,,,,,,,,,,,
5,,17409,,,,,,,,,,7.80448317527771e-06,,1.8281862139701843e-06,,0.24994045495986938,,0.26073840260505676,,0.08142119646072388,,0.02683235891163349,0.050554197281599045,,,,,,,,,,,,,,
5,,17419,,,,,,,,,,9.616836905479431e-06,,2.8046779334545135e-06,,0.2198668271303177,,0.2611704170703888,,0.10735514014959335,,0.0363738127052784,0.062243588268756866,,,,,,,,,,,,,,
5,,17429,,,,,,,,,,1.111254096031189e-05,,2.3068860173225403e-06,,0.2526683807373047,,0.2636401951313019,,0.1163625717163086,,0.04474843293428421,0.07071568071842194,,,,,,,,,,,,,,
5,,17439,,,,,,,,,,9.153038263320923e-06,,4.415865987539291e-06,,0.26708152890205383,,0.25985801219940186,,0.08782193064689636,,0.03109794482588768,0.0551142543554306,,,,,,,,,,,,,,
5,,17449,,,,,,,,,,9.628012776374817e-06,,9.224750101566315e-06,,0.23615141212940216,,0.25307872891426086,,0.08306317776441574,,0.029847633093595505,0.05260341241955757,,,,,,,,,,,,,,
5,,17459,,,,,,,,,,1.4321878552436829e-05,,3.441236913204193e-06,,0.22406220436096191,,0.2906269431114197,,0.08481045067310333,,0.030347779393196106,0.054925091564655304,,,,,,,,,,,,,,
5,,17469,,,,,,,,,,7.657334208488464e-06,,4.660803824663162e-06,,0.22956013679504395,,0.2827172875404358,,0.0798279196023941,,0.02966218814253807,0.05316990613937378,,,,,,,,,,,,,,
5,,17479,,,,,,,,,,5.988404154777527e-06,,1.049879938364029e-05,,0.28077882528305054,,0.25817519426345825,,0.07704141736030579,,0.023312432691454887,0.047333523631095886,,,,,,,,,,,,,,
5,,17489,,,,,,,,,,6.126239895820618e-06,,3.8044527173042297e-06,,0.21650470793247223,,0.2765214145183563,,0.11052513122558594,,0.03852077201008797,0.06512906402349472,,,,,,,,,,,,,,
5,,17499,,,,,,,,,,9.082257747650146e-06,,5.965586751699448e-06,,0.2257448434829712,,0.26656365394592285,,0.09641330689191818,,0.0343971885740757,0.0590304434299469,,,,,,,,,,,,,,
5,,17509,,,,,,,,,,5.856156349182129e-06,,4.0335580706596375e-06,,0.2592732310295105,,0.25831297039985657,,0.08788830786943436,,0.03155714273452759,0.055307213217020035,,,,,,,,,,,,,,
5,,17519,,,,,,,,,,7.400289177894592e-06,,3.986060619354248e-06,,0.25013524293899536,,0.26282206177711487,,0.08171923458576202,,0.029162215068936348,0.05245790258049965,,,,,,,,,,,,,,
5,,17529,,,,,,,,,,6.487593054771423e-06,,4.3460167944431305e-06,,0.25451380014419556,,0.25355398654937744,,0.09429319202899933,,0.03397960960865021,0.05804679915308952,,,,,,,,,,,,,,
5,,17539,,,,,,,,,,6.662681698799133e-06,,4.773028194904327e-06,,0.26900792121887207,,0.24968025088310242,,0.07916329056024551,,0.02753078192472458,0.05035971850156784,,,,,,,,,,,,,,
5,,17549,,,,,,,,,,7.120892405509949e-06,,3.3173710107803345e-06,,0.22454558312892914,,0.276636004447937,,0.09444223344326019,,0.03223724663257599,0.057498618960380554,,,,,,,,,,,,,,
5,,17559,,,,,,,,,,8.245930075645447e-06,,2.7799978852272034e-06,,0.27011650800704956,,0.2671297490596771,,0.07837562263011932,,0.025647513568401337,0.04963032901287079,,,,,,,,,,,,,,
5,,17569,,,,,,,,,,9.661540389060974e-06,,2.2472813725471497e-06,,0.2766333818435669,,0.2531813383102417,,0.08056533336639404,,0.02836335264146328,0.05150077864527702,,,,,,,,,,,,,,
5,,17579,,,,,,,,,,9.994953870773315e-06,,3.0780211091041565e-06,,0.21438521146774292,,0.2655973434448242,,0.10203109681606293,,0.03405427187681198,0.059648316353559494,,,,,,,,,,,,,,
5,,17589,,,,,,,,,,5.854293704032898e-06,,3.1138770282268524e-06,,0.27411308884620667,,0.2592484951019287,,0.0768384039402008,,0.02049318142235279,0.045152656733989716,,,,,,,,,,,,,,
5,,17599,,,,,,,,,,9.639188647270203e-06,,3.7676654756069183e-06,,0.20656351745128632,,0.2652398943901062,,0.09131751209497452,,0.035443104803562164,0.05857246741652489,,,,,,,,,,,,,,
5,,17609,,,,,,,,,,9.132549166679382e-06,,2.839602530002594e-06,,0.2288600206375122,,0.2600826025009155,,0.09802478551864624,,0.030982226133346558,0.056503452360630035,,,,,,,,,,,,,,
5,,17619,,,,,,,,,,7.677823305130005e-06,,3.2479874789714813e-06,,0.2676812410354614,,0.24848845601081848,,0.0831296518445015,,0.025084001943469048,0.049196623265743256,,,,,,,,,,,,,,
5,,17629,,,,,,,,,,5.794689059257507e-06,,2.7818605303764343e-06,,0.24091029167175293,,0.26884233951568604,,0.07890532910823822,,0.023553626611828804,0.04789682477712631,,,,,,,,,,,,,,
5,,17639,,,,,,,,,,8.376315236091614e-06,,2.8973445296287537e-06,,0.21681490540504456,,0.2813834846019745,,0.09138466417789459,,0.030021432787179947,0.05539489537477493,,,,,,,,,,,,,,
5,,17649,,,,,,,,,,7.657334208488464e-06,,3.7821009755134583e-06,,0.25457102060317993,,0.24711671471595764,,0.08807981014251709,,0.029380545020103455,0.05313020944595337,,,,,,,,,,,,,,
5,,17659,,,,,,,,,,1.1557713150978088e-05,,4.508066922426224e-06,,0.20197011530399323,,0.2719680070877075,,0.09299872815608978,,0.03306729346513748,0.057367101311683655,,,,,,,,,,,,,,
5,,17669,,,,,,,,,,7.41519033908844e-06,,4.242639988660812e-06,,0.2519206404685974,,0.2528125047683716,,0.09496690332889557,,0.02935498207807541,0.05463867262005806,,,,,,,,,,,,,,
5,,17679,,,,,,,,,,7.322058081626892e-06,,2.7106143534183502e-06,,0.24499964714050293,,0.24601301550865173,,0.08957447111606598,,0.028782377019524574,0.052797846496105194,,,,,,,,,,,,,,
5,,17689,,,,,,,,,,8.01868736743927e-06,,3.771856427192688e-06,,0.22070981562137604,,0.26370206475257874,,0.09826751053333282,,0.03461306542158127,0.059346944093704224,,,,,,,,,,,,,,
5,,17699,,,,,,,,,,4.7888606786727905e-06,,2.5960616767406464e-06,,0.23231026530265808,,0.26621192693710327,,0.07855936884880066,,0.020592711865901947,0.045386578887701035,,,,,,,,,,,,,,
5,,17709,,,,,,,,,,7.97957181930542e-06,,4.817266017198563e-06,,0.2332507222890854,,0.26465457677841187,,0.11790721118450165,,0.04361259937286377,0.06997324526309967,,,,,,,,,,,,,,
5,,17719,,,,,,,,,,5.336478352546692e-06,,1.6540288925170898e-06,,0.21363483369350433,,0.26727986335754395,,0.07450570166110992,,0.02563096396625042,0.04823710769414902,,,,,,,,,,,,,,
5,,17729,,,,,,,,,,6.277114152908325e-06,,2.1359883248806e-06,,0.19675713777542114,,0.2933560013771057,,0.0888795554637909,,0.030333489179611206,0.055485401302576065,,,,,,,,,,,,,,
5,,17739,,,,,,,,,,6.970018148422241e-06,,4.379544407129288e-06,,0.24362853169441223,,0.2763030529022217,,0.0765853077173233,,0.026861809194087982,0.05032513663172722,,,,,,,,,,,,,,
5,,17749,,,,,,,,,,6.670132279396057e-06,,2.6477500796318054e-06,,0.2614552676677704,,0.25500860810279846,,0.09630554914474487,,0.04077910631895065,0.06367463618516922,,,,,,,,,,,,,,
5,,17759,,,,,,,,,,1.4485791325569153e-05,,2.49641016125679e-06,,0.25706160068511963,,0.2537459433078766,,0.0917019248008728,,0.028926286846399307,0.05380876362323761,,,,,,,,,,,,,,
5,,17769,,,,,,,,,,5.5655837059021e-06,,2.4796463549137115e-06,,0.23381318151950836,,0.27168071269989014,,0.09105399250984192,,0.036577947437763214,0.059995777904987335,,,,,,,,,,,,,,
5,,17779,,,,,,,,,,4.168599843978882e-06,,3.5706907510757446e-06,,0.24306726455688477,,0.2655542492866516,,0.08597830682992935,,0.030834000557661057,0.05455606430768967,,,,,,,,,,,,,,
5,,17789,,,,,,,,,,5.826354026794434e-06,,2.6938505470752716e-06,,0.23550018668174744,,0.2596374750137329,,0.078580841422081,,0.02403751015663147,0.047703973948955536,,,,,,,,,,,,,,
5,,17799,,,,,,,,,,4.319474101066589e-06,,2.148095518350601e-06,,0.20571020245552063,,0.27917593717575073,,0.08296647667884827,,0.02333066612482071,0.048563119024038315,,,,,,,,,,,,,,
5,,17809,,,,,,,,,,5.627050995826721e-06,,4.577916115522385e-06,,0.20995934307575226,,0.2609446048736572,,0.07709988951683044,,0.023661809042096138,0.04690629616379738,,,,,,,,,,,,,,
5,,17819,,,,,,,,,,9.026378393173218e-06,,2.5350600481033325e-06,,0.2291623204946518,,0.2664947509765625,,0.0886727049946785,,0.03456271439790726,0.05773971602320671,,,,,,,,,,,,,,
5,,17829,,,,,,,,,,4.785135388374329e-06,,2.8260983526706696e-06,,0.2479105293750763,,0.2721633315086365,,0.08205033093690872,,0.027149302884936333,0.051421839743852615,,,,,,,,,,,,,,
5,,17839,,,,,,,,,,6.057322025299072e-06,,3.7816353142261505e-06,,0.2519335448741913,,0.2542583644390106,,0.08584089577198029,,0.029342783614993095,0.052985917776823044,,,,,,,,,,,,,,
5,,17849,,,,,,,,,,6.152316927909851e-06,,5.591195076704025e-06,,0.30516594648361206,,0.24695855379104614,,0.08209429681301117,,0.03477697819471359,0.056641608476638794,,,,,,,,,,,,,,
5,,17859,,,,,,,,,,9.976327419281006e-06,,2.4097971618175507e-06,,0.23430857062339783,,0.27872133255004883,,0.0947522297501564,,0.03429597243666649,0.05931338295340538,,,,,,,,,,,,,,
5,,17869,,,,,,,,,,5.880370736122131e-06,,1.0007061064243317e-05,,0.22008848190307617,,0.263882040977478,,0.0927448645234108,,0.029781140387058258,0.054687533527612686,,,,,,,,,,,,,,
5,,17879,,,,,,,,,,7.24010169506073e-06,,8.064322173595428e-06,,0.2050502896308899,,0.2636016607284546,,0.10238061845302582,,0.0364697128534317,0.06132291257381439,,,,,,,,,,,,,,
5,,17889,,,,,,,,,,5.621463060379028e-06,,1.9078142940998077e-06,,0.21665984392166138,,0.26588988304138184,,0.08176819235086441,,0.02947337180376053,0.052451953291893005,,,,,,,,,,,,,,
5,,17899,,,,,,,,,,6.662681698799133e-06,,3.535766154527664e-06,,0.24150224030017853,,0.26098838448524475,,0.09047843515872955,,0.02918163128197193,0.05392805114388466,,,,,,,,,,,,,,
5,,17909,,,,,,,,,,1.2138858437538147e-05,,1.3564713299274445e-06,,0.21215489506721497,,0.2812516689300537,,0.10220368206501007,,0.039617523550987244,0.06456197053194046,,,,,,,,,,,,,,
5,,17919,,,,,,,,,,1.233816146850586e-05,,2.09687277674675e-06,,0.21712854504585266,,0.2726113200187683,,0.08408457040786743,,0.03121928498148918,0.054516781121492386,,,,,,,,,,,,,,
5,,17929,,,,,,,,,,1.8263235688209534e-05,,2.5480985641479492e-06,,0.2569581866264343,,0.27157872915267944,,0.08409059792757034,,0.026910435408353806,0.05170394480228424,,,,,,,,,,,,,,
5,,17939,,,,,,,,,,1.1954456567764282e-05,,2.1299347281455994e-06,,0.22675788402557373,,0.2612721025943756,,0.0857430174946785,,0.02838348224759102,0.05228165537118912,,,,,,,,,,,,,,
5,,17949,,,,,,,,,,1.2731179594993591e-05,,1.9245781004428864e-06,,0.2465287446975708,,0.2668619453907013,,0.07368962466716766,,0.02273200824856758,0.04627528786659241,,,,,,,,,,,,,,
5,,17959,,,,,,,,,,9.363517165184021e-06,,3.3620744943618774e-06,,0.25019770860671997,,0.2516480088233948,,0.08899456262588501,,0.03477349877357483,0.057508666068315506,,,,,,,,,,,,,,
5,,17969,,,,,,,,,,8.376315236091614e-06,,1.8854625523090363e-06,,0.22193178534507751,,0.27221107482910156,,0.09224151819944382,,0.028344588354229927,0.05392756313085556,,,,,,,,,,,,,,
5,,17979,,,,,,,,,,1.117028295993805e-05,,4.2244791984558105e-06,,0.2876609265804291,,0.27243733406066895,,0.08261708170175552,,0.02748573012650013,0.052259307354688644,,,,,,,,,,,,,,
5,,17989,,,,,,,,,,1.0553747415542603e-05,,2.848450094461441e-06,,0.27515536546707153,,0.2589840292930603,,0.09415394067764282,,0.0333387553691864,0.05803646892309189,,,,,,,,,,,,,,
5,,17999,,,,,,,,,,5.766749382019043e-06,,3.0454248189926147e-06,,0.25682002305984497,,0.25832539796829224,,0.09591534733772278,,0.032178670167922974,0.0572507306933403,,,,,,,,,,,,,,
5,,18009,,,,,,,,,,6.945803761482239e-06,,2.4279579520225525e-06,,0.25563931465148926,,0.2559242248535156,,0.08516481518745422,,0.02705492079257965,0.05126434564590454,,,,,,,,,,,,,,
5,,18019,,,,,,,,,,6.407499313354492e-06,,4.3567270040512085e-06,,0.2740877866744995,,0.248847097158432,,0.09836277365684509,,0.03156790882349014,0.057009562849998474,,,,,,,,,,,,,,
5,,18029,,,,,,,,,,7.797032594680786e-06,,2.4903565645217896e-06,,0.238003671169281,,0.2551080584526062,,0.06872469186782837,,0.022195808589458466,0.04429085925221443,,,,,,,,,,,,,,
5,,18039,,,,,,,,,,5.029141902923584e-06,,2.0908191800117493e-06,,0.24862094223499298,,0.24699893593788147,,0.09586140513420105,,0.03215432167053223,0.05659518390893936,,,,,,,,,,,,,,
5,,18049,,,,,,,,,,4.639849066734314e-06,,1.4882534742355347e-06,,0.20070980489253998,,0.2703389525413513,,0.0957736149430275,,0.027676187455654144,0.05375203117728233,,,,,,,,,,,,,,
5,,18059,,,,,,,,,,6.727874279022217e-06,,1.8738210201263428e-06,,0.26205724477767944,,0.2674133777618408,,0.09248369932174683,,0.0271538607776165,0.0533251091837883,,,,,,,,,,,,,,
5,,18069,,,,,,,,,,4.526227712631226e-06,,1.8076971173286438e-06,,0.27429115772247314,,0.24865269660949707,,0.10165856778621674,,0.03057047724723816,0.05687267705798149,,,,,,,,,,,,,,
5,,18079,,,,,,,,,,4.630535840988159e-06,,1.7490237951278687e-06,,0.2622166574001312,,0.2576870918273926,,0.07739028334617615,,0.019302917644381523,0.044150590896606445,,,,,,,,,,,,,,
5,,18089,,,,,,,,,,4.306435585021973e-06,,1.948326826095581e-06,,0.2149137407541275,,0.2516114115715027,,0.07933785021305084,,0.028733663260936737,0.050751302391290665,,,,,,,,,,,,,,
5,,18099,,,,,,,,,,7.66851007938385e-06,,2.0703300833702087e-06,,0.30011308193206787,,0.26206961274147034,,0.0721183717250824,,0.022606603801250458,0.046289924532175064,,,,,,,,,,,,,,
5,,18109,,,,,,,,,,8.685514330863953e-06,,3.38628888130188e-06,,0.21022111177444458,,0.2661193311214447,,0.1122736930847168,,0.03612297773361206,0.06309684365987778,,,,,,,,,,,,,,
5,,18119,,,,,,,,,,6.215646862983704e-06,,4.9602240324020386e-06,,0.2566390335559845,,0.26323753595352173,,0.0779896229505539,,0.026038294658064842,0.04951062798500061,,,,,,,,,,,,,,
5,,18129,,,,,,,,,,5.774199962615967e-06,,4.622619599103928e-06,,0.29162925481796265,,0.2587619721889496,,0.07699111104011536,,0.025747492909431458,0.049305509775877,,,,,,,,,,,,,,
5,,18139,,,,,,,,,,3.961846232414246e-06,,3.1352974474430084e-06,,0.25581711530685425,,0.26021599769592285,,0.0954260528087616,,0.0289616659283638,0.054822515696287155,,,,,,,,,,,,,,
5,,18149,,,,,,,,,,6.536021828651428e-06,,2.544838935136795e-06,,0.2192232608795166,,0.25949087738990784,,0.09010128676891327,,0.030695073306560516,0.05466131120920181,,,,,,,,,,,,,,
5,,18159,,,,,,,,,,5.783513188362122e-06,,2.9481016099452972e-06,,0.20600087940692902,,0.2738369107246399,,0.08340395241975784,,0.025762252509593964,0.050222381949424744,,,,,,,,,,,,,,
5,,18169,,,,,,,,,,5.492940545082092e-06,,3.6871060729026794e-06,,0.22780516743659973,,0.26971977949142456,,0.08405819535255432,,0.030813543125987053,0.054197024554014206,,,,,,,,,,,,,,
5,,18179,,,,,,,,,,6.61797821521759e-06,,5.144625902175903e-06,,0.25901877880096436,,0.25800570845603943,,0.0951462984085083,,0.03480694442987442,0.05908897891640663,,,,,,,,,,,,,,
5,,18189,,,,,,,,,,4.7441571950912476e-06,,2.462882548570633e-06,,0.2332906872034073,,0.26094961166381836,,0.08222401142120361,,0.028111934661865234,0.05147942155599594,,,,,,,,,,,,,,
5,,18199,,,,,,,,,,6.6943466663360596e-06,,4.0298327803611755e-06,,0.23935185372829437,,0.2533254027366638,,0.09043921530246735,,0.029558490961790085,0.05381891131401062,,,,,,,,,,,,,,
5,,18209,,,,,,,,,,3.984197974205017e-06,,3.8053840398788452e-06,,0.2419922649860382,,0.26451021432876587,,0.08747930079698563,,0.027628375217318535,0.05237121507525444,,,,,,,,,,,,,,
5,,18219,,,,,,,,,,4.198402166366577e-06,,7.291790097951889e-06,,0.27637556195259094,,0.24484556913375854,,0.08265478909015656,,0.028383061289787292,0.05151358246803284,,,,,,,,,,,,,,
5,,18229,,,,,,,,,,4.503875970840454e-06,,5.105976015329361e-06,,0.2530556321144104,,0.24912285804748535,,0.08804601430892944,,0.030215539038181305,0.05382657051086426,,,,,,,,,,,,,,
5,,18239,,,,,,,,,,5.647540092468262e-06,,3.4044496715068817e-06,,0.254179984331131,,0.26529398560523987,,0.0869402214884758,,0.026583950966596603,0.05166621133685112,,,,,,,,,,,,,,
5,,18249,,,,,,,,,,5.0049275159835815e-06,,2.796761691570282e-06,,0.2596343457698822,,0.26736754179000854,,0.1041974350810051,,0.038595035672187805,0.06407439708709717,,,,,,,,,,,,,,
5,,18259,,,,,,,,,,4.252418875694275e-06,,3.625638782978058e-06,,0.22829130291938782,,0.28130972385406494,,0.094537153840065,,0.03901416435837746,0.06286338716745377,,,,,,,,,,,,,,
5,,18269,,,,,,,,,,7.582828402519226e-06,,2.703629434108734e-06,,0.2358238697052002,,0.2619067430496216,,0.08584015816450119,,0.030487243086099625,0.05401410162448883,,,,,,,,,,,,,,
5,,18279,,,,,,,,,,6.24731183052063e-06,,2.5136396288871765e-06,,0.2746497094631195,,0.25013303756713867,,0.08447553962469101,,0.029125642031431198,0.05263979360461235,,,,,,,,,,,,,,
5,,18289,,,,,,,,,,4.814937710762024e-06,,1.23586505651474e-06,,0.2520209550857544,,0.25006383657455444,,0.10755650699138641,,0.03425910323858261,0.060551080852746964,,,,,,,,,,,,,,
5,,18299,,,,,,,,,,7.871538400650024e-06,,2.1099112927913666e-06,,0.22880907356739044,,0.2743278741836548,,0.09170310199260712,,0.03131134435534477,0.056232061237096786,,,,,,,,,,,,,,
5,,18309,,,,,,,,,,5.105510354042053e-06,,2.169515937566757e-06,,0.2539072632789612,,0.25572097301483154,,0.10112307965755463,,0.035075366497039795,0.06024421378970146,,,,,,,,,,,,,,
5,,18319,,,,,,,,,,3.5408884286880493e-06,,1.7783604562282562e-06,,0.21684205532073975,,0.26595306396484375,,0.10415342450141907,,0.03778539597988129,0.06289084255695343,,,,,,,,,,,,,,
5,,18329,,,,,,,,,,5.969777703285217e-06,,1.7443671822547913e-06,,0.24180373549461365,,0.26074135303497314,,0.07817254960536957,,0.026246845722198486,0.04941045120358467,,,,,,,,,,,,,,
5,,18339,,,,,,,,,,4.429370164871216e-06,,2.348329871892929e-06,,0.18967106938362122,,0.27244120836257935,,0.0833708643913269,,0.03081226348876953,0.053747761994600296,,,,,,,,,,,,,,
5,,18349,,,,,,,,,,2.7548521757125854e-06,,2.771615982055664e-06,,0.21021142601966858,,0.26557883620262146,,0.1054309830069542,,0.031000671908259392,0.05794539675116539,,,,,,,,,,,,,,
5,,18359,,,,,,,,,,5.62518835067749e-06,,2.837739884853363e-06,,0.23626717925071716,,0.2706567645072937,,0.09351620078086853,,0.039997078478336334,0.0630032867193222,,,,,,,,,,,,,,
5,,18369,,,,,,,,,,3.818422555923462e-06,,1.9781291484832764e-06,,0.23305580019950867,,0.26645195484161377,,0.07149258255958557,,0.02092757076025009,0.04433242976665497,,,,,,,,,,,,,,
5,,18379,,,,,,,,,,3.809109330177307e-06,,2.0889565348625183e-06,,0.24445882439613342,,0.2667151689529419,,0.09033994376659393,,0.034612223505973816,0.05827917531132698,,,,,,,,,,,,,,
5,,18389,,,,,,,,,,2.7064234018325806e-06,,4.294794052839279e-06,,0.2683749496936798,,0.24070218205451965,,0.08104570209980011,,0.029143664985895157,0.05149434134364128,,,,,,,,,,,,,,
5,,18399,,,,,,,,,,4.7907233238220215e-06,,3.261025995016098e-06,,0.2473263442516327,,0.25477486848831177,,0.07798492908477783,,0.027905330061912537,0.050404421985149384,,,,,,,,,,,,,,
5,,18409,,,,,,,,,,4.49642539024353e-06,,2.3408792912960052e-06,,0.24397927522659302,,0.24983647465705872,,0.07719250023365021,,0.02663373574614525,0.0490310974419117,,,,,,,,,,,,,,
5,,18419,,,,,,,,,,4.351139068603516e-06,,2.0335428416728973e-06,,0.23933565616607666,,0.25843799114227295,,0.07036338746547699,,0.01958472654223442,0.042811136692762375,,,,,,,,,,,,,,
5,,18429,,,,,,,,,,4.682689905166626e-06,,3.573484718799591e-06,,0.259380578994751,,0.27951085567474365,,0.07614172995090485,,0.021009014919400215,0.04618631675839424,,,,,,,,,,,,,,
5,,18439,,,,,,,,,,4.468485713005066e-06,,2.394896000623703e-06,,0.2264534831047058,,0.26548099517822266,,0.08044472336769104,,0.026579536497592926,0.05012845993041992,,,,,,,,,,,,,,
5,,18449,,,,,,,,,,4.937872290611267e-06,,4.795845597982407e-06,,0.2601802945137024,,0.2746092677116394,,0.107210174202919,,0.037171341478824615,0.06391733884811401,,,,,,,,,,,,,,
5,,18459,,,,,,,,,,6.493180990219116e-06,,4.689674824476242e-06,,0.25479087233543396,,0.24333105981349945,,0.07550391554832458,,0.026013899594545364,0.04807113856077194,,,,,,,,,,,,,,
5,,18469,,,,,,,,,,4.980713129043579e-06,,4.0209852159023285e-06,,0.23560647666454315,,0.26609063148498535,,0.08646546304225922,,0.03380914032459259,0.05681702867150307,,,,,,,,,,,,,,
5,,18479,,,,,,,,,,4.863366484642029e-06,,3.841705620288849e-06,,0.2925749123096466,,0.2576809525489807,,0.06714025139808655,,0.021081065759062767,0.04391774162650108,,,,,,,,,,,,,,
5,,18489,,,,,,,,,,4.3120235204696655e-06,,2.445187419652939e-06,,0.2638915777206421,,0.2571640610694885,,0.089581198990345,,0.033792611211538315,0.057301975786685944,,,,,,,,,,,,,,
5,,18499,,,,,,,,,,3.032386302947998e-06,,1.846812665462494e-06,,0.24059665203094482,,0.2570381760597229,,0.08720990270376205,,0.029952164739370346,0.05369725450873375,,,,,,,,,,,,,,
5,,18509,,,,,,,,,,5.17629086971283e-06,,5.0407834351062775e-06,,0.2020392268896103,,0.2826719284057617,,0.09131855517625809,,0.027461599558591843,0.053349368274211884,,,,,,,,,,,,,,
5,,18519,,,,,,,,,,4.719942808151245e-06,,2.726912498474121e-06,,0.25783973932266235,,0.2559759020805359,,0.08965181559324265,,0.030973300337791443,0.0550735779106617,,,,,,,,,,,,,,
5,,18529,,,,,,,,,,7.10412859916687e-06,,2.7758069336414337e-06,,0.26408329606056213,,0.2338920533657074,,0.06949877738952637,,0.017586875706911087,0.040289442986249924,,,,,,,,,,,,,,
5,,18539,,,,,,,,,,5.27501106262207e-06,,2.84658744931221e-06,,0.2619505226612091,,0.25063493847846985,,0.08404840528964996,,0.027602732181549072,0.05129190534353256,,,,,,,,,,,,,,
5,,18549,,,,,,,,,,5.599111318588257e-06,,2.5085173547267914e-06,,0.21621355414390564,,0.269499808549881,,0.09237964451313019,,0.03215041384100914,0.056614384055137634,,,,,,,,,,,,,,
5,,18559,,,,,,,,,,4.082918167114258e-06,,2.052169293165207e-06,,0.21920236945152283,,0.2629375159740448,,0.07670632004737854,,0.022020399570465088,0.045802898705005646,,,,,,,,,,,,,,
5,,18569,,,,,,,,,,4.697591066360474e-06,,3.0258670449256897e-06,,0.2473418265581131,,0.2740972340106964,,0.10001471638679504,,0.038663703948259354,0.0635129064321518,,,,,,,,,,,,,,
5,,18579,,,,,,,,,,4.263594746589661e-06,,9.398441761732101e-06,,0.23521427810192108,,0.25533127784729004,,0.09659557789564133,,0.027587439864873886,0.0535404197871685,,,,,,,,,,,,,,
5,,18589,,,,,,,,,,5.062669515609741e-06,,3.350432962179184e-06,,0.29529663920402527,,0.2526852488517761,,0.09256443381309509,,0.02442633919417858,0.0509931817650795,,,,,,,,,,,,,,
5,,18599,,,,,,,,,,6.61797821521759e-06,,2.5210902094841003e-06,,0.23297248780727386,,0.26131272315979004,,0.08468091487884521,,0.026731174439191818,0.050917673856019974,,,,,,,,,,,,,,
5,,18609,,,,,,,,,,4.388391971588135e-06,,3.79001721739769e-06,,0.2710455656051636,,0.26050451397895813,,0.08591563254594803,,0.03149574249982834,0.055131927132606506,,,,,,,,,,,,,,
5,,18619,,,,,,,,,,3.078952431678772e-06,,1.6167759895324707e-06,,0.26062867045402527,,0.2501057982444763,,0.07384908199310303,,0.021356426179409027,0.04465288668870926,,,,,,,,,,,,,,
5,,18629,,,,,,,,,,4.7013163566589355e-06,,2.759043127298355e-06,,0.23902228474617004,,0.26172637939453125,,0.08859443664550781,,0.02999073825776577,0.054187219589948654,,,,,,,,,,,,,,
5,,18639,,,,,,,,,,3.069639205932617e-06,,1.3499520719051361e-06,,0.2516631484031677,,0.24907198548316956,,0.07112085819244385,,0.02503199502825737,0.04674500226974487,,,,,,,,,,,,,,
5,,18649,,,,,,,,,,7.741153240203857e-06,,2.541579306125641e-06,,0.25591787695884705,,0.26989251375198364,,0.08716042339801788,,0.025776449590921402,0.05133771151304245,,,,,,,,,,,,,,
5,,18659,,,,,,,,,,3.848224878311157e-06,,2.3329630494117737e-06,,0.1812441349029541,,0.2907790541648865,,0.08590805530548096,,0.027865532785654068,0.05277402698993683,,,,,,,,,,,,,,
5,,18669,,,,,,,,,,5.630776286125183e-06,,3.257300704717636e-06,,0.23191773891448975,,0.2646852135658264,,0.09399977326393127,,0.029894307255744934,0.05518408119678497,,,,,,,,,,,,,,
5,,18679,,,,,,,,,,4.695728421211243e-06,,3.0207447707653046e-06,,0.261181116104126,,0.24850335717201233,,0.10419820249080658,,0.03283582627773285,0.05888773873448372,,,,,,,,,,,,,,
5,,18689,,,,,,,,,,6.128102540969849e-06,,9.218696504831314e-06,,0.26605117321014404,,0.25138139724731445,,0.07056461274623871,,0.02507290430366993,0.046948328614234924,,,,,,,,,,,,,,
5,,18699,,,,,,,,,,6.075948476791382e-06,,5.423091351985931e-06,,0.2642696499824524,,0.26037561893463135,,0.08297853171825409,,0.024141408503055573,0.0489785298705101,,,,,,,,,,,,,,
5,,18709,,,,,,,,,,4.416331648826599e-06,,5.419831722974777e-06,,0.22957824170589447,,0.25760143995285034,,0.10297051817178726,,0.03361435607075691,0.059297677129507065,,,,,,,,,,,,,,
5,,18719,,,,,,,,,,5.492940545082092e-06,,1.0753516107797623e-05,,0.19751214981079102,,0.29102835059165955,,0.08861095458269119,,0.030704587697982788,0.05561315640807152,,,,,,,,,,,,,,
5,,18729,,,,,,,,,,1.171603798866272e-05,,4.784669727087021e-06,,0.1941535770893097,,0.2955498993396759,,0.08275794982910156,,0.025892317295074463,0.051077987998723984,,,,,,,,,,,,,,
5,,18739,,,,,,,,,,3.7830322980880737e-06,,7.255002856254578e-06,,0.2768279016017914,,0.26316654682159424,,0.08482303470373154,,0.02364179491996765,0.04922771453857422,,,,,,,,,,,,,,
5,,18749,,,,,,,,,,5.681067705154419e-06,,5.793757736682892e-06,,0.21735051274299622,,0.2634149193763733,,0.07763896137475967,,0.025888895615935326,0.04888058081269264,,,,,,,,,,,,,,
5,,18759,,,,,,,,,,7.005408406257629e-06,,7.090624421834946e-06,,0.24056249856948853,,0.26692134141921997,,0.08461304008960724,,0.026588141918182373,0.05114959552884102,,,,,,,,,,,,,,
5,,18769,,,,,,,,,,6.102025508880615e-06,,6.3050538301467896e-06,,0.2590371370315552,,0.2526665925979614,,0.08096138387918472,,0.026535192504525185,0.04997321590781212,,,,,,,,,,,,,,
5,,18779,,,,,,,,,,6.468966603279114e-06,,9.219162166118622e-06,,0.23883703351020813,,0.27057337760925293,,0.09995422512292862,,0.03580258786678314,0.06109030172228813,,,,,,,,,,,,,,
5,,18789,,,,,,,,,,5.632638931274414e-06,,9.675510227680206e-06,,0.19814208149909973,,0.2937528192996979,,0.10127612948417664,,0.03602240979671478,0.062112919986248016,,,,,,,,,,,,,,
5,,18799,,,,,,,,,,1.0032206773757935e-05,,1.1689960956573486e-05,,0.23659968376159668,,0.26705798506736755,,0.07427804172039032,,0.016792861744761467,0.04182302951812744,,,,,,,,,,,,,,
5,,18809,,,,,,,,,,7.525086402893066e-06,,9.282957762479782e-06,,0.2541002035140991,,0.2534857988357544,,0.09680217504501343,,0.03328147158026695,0.0579855851829052,,,,,,,,,,,,,,
5,,18819,,,,,,,,,,3.7159770727157593e-06,,4.957430064678192e-06,,0.2372080534696579,,0.26386862993240356,,0.10662693530321121,,0.03294844180345535,0.05986713990569115,,,,,,,,,,,,,,
5,,18829,,,,,,,,,,3.42540442943573e-06,,5.272217094898224e-06,,0.2415928840637207,,0.2639314532279968,,0.075141042470932,,0.029955128207802773,0.051770903170108795,,,,,,,,,,,,,,
5,,18839,,,,,,,,,,3.766268491744995e-06,,4.211906343698502e-06,,0.27871063351631165,,0.2560216188430786,,0.09889352321624756,,0.03209470584988594,0.05789486691355705,,,,,,,,,,,,,,
5,,18849,,,,,,,,,,5.6587159633636475e-06,,4.195142537355423e-06,,0.20022578537464142,,0.2805107831954956,,0.09531435370445251,,0.027757523581385612,0.05419817566871643,,,,,,,,,,,,,,
5,,18859,,,,,,,,,,5.474314093589783e-06,,5.156267434358597e-06,,0.26435238122940063,,0.26883643865585327,,0.08735789358615875,,0.02912932261824608,0.053939372301101685,,,,,,,,,,,,,,
5,,18869,,,,,,,,,,5.673617124557495e-06,,4.803761839866638e-06,,0.2673417329788208,,0.24909426271915436,,0.07469427585601807,,0.024496566504240036,0.0471983477473259,,,,,,,,,,,,,,
5,,18879,,,,,,,,,,6.971880793571472e-06,,4.112254828214645e-06,,0.26735588908195496,,0.2367936372756958,,0.07986560463905334,,0.02201766148209572,0.045732010155916214,,,,,,,,,,,,,,
5,,18889,,,,,,,,,,5.843117833137512e-06,,4.482455551624298e-06,,0.29302966594696045,,0.25991928577423096,,0.07368067651987076,,0.023777209222316742,0.04727725312113762,,,,,,,,,,,,,,
5,,18899,,,,,,,,,,3.4067779779434204e-06,,3.1925737857818604e-06,,0.22453495860099792,,0.2610135078430176,,0.07275144010782242,,0.02220822498202324,0.045174382627010345,,,,,,,,,,,,,,
5,,18909,,,,,,,,,,6.215646862983704e-06,,5.822163075208664e-06,,0.2465277910232544,,0.2585662007331848,,0.09898870438337326,,0.03461079299449921,0.05954232066869736,,,,,,,,,,,,,,
5,,18919,,,,,,,,,,6.025657057762146e-06,,5.880370736122131e-06,,0.2183046042919159,,0.27686813473701477,,0.07482549548149109,,0.024529874324798584,0.04797537252306938,,,,,,,,,,,,,,
5,,18929,,,,,,,,,,4.813075065612793e-06,,4.1103921830654144e-06,,0.2530907392501831,,0.24877223372459412,,0.0956939086318016,,0.032953742891550064,0.05729902163147926,,,,,,,,,,,,,,
5,,18939,,,,,,,,,,6.040558218955994e-06,,3.126915544271469e-06,,0.25587934255599976,,0.2612605094909668,,0.09025022387504578,,0.031026208773255348,0.05545029416680336,,,,,,,,,,,,,,
5,,18949,,,,,,,,,,1.0475516319274902e-05,,8.124392479658127e-06,,0.26776185631752014,,0.26359447836875916,,0.07856636494398117,,0.02235029637813568,0.0469992496073246,,,,,,,,,,,,,,
5,,18959,,,,,,,,,,5.219131708145142e-06,,4.616566002368927e-06,,0.25121307373046875,,0.24930131435394287,,0.06731178611516953,,0.020992951467633247,0.04300609230995178,,,,,,,,,,,,,,
5,,18969,,,,,,,,,,7.20098614692688e-06,,4.5727938413619995e-06,,0.279533714056015,,0.23756444454193115,,0.07390835881233215,,0.0221598818898201,0.044900327920913696,,,,,,,,,,,,,,
5,,18979,,,,,,,,,,3.915280103683472e-06,,3.60049307346344e-06,,0.26122501492500305,,0.2496030032634735,,0.0770770013332367,,0.024629615247249603,0.04769718274474144,,,,,,,,,,,,,,
5,,18989,,,,,,,,,,3.6675482988357544e-06,,1.9579660147428513e-05,,0.23878991603851318,,0.2576709985733032,,0.10220800340175629,,0.02833670750260353,0.05530674010515213,,,,,,,,,,,,,,
5,,18999,,,,,,,,,,4.479661583900452e-06,,2.864748239517212e-06,,0.22114886343479156,,0.2747734487056732,,0.0758429765701294,,0.024363258853554726,0.04797632247209549,,,,,,,,,,,,,,
5,,19009,,,,,,,,,,4.213303327560425e-06,,3.2284297049045563e-06,,0.26348307728767395,,0.27508312463760376,,0.07770811766386032,,0.025887830182909966,0.04998057335615158,,,,,,,,,,,,,,
5,,19019,,,,,,,,,,4.4442713260650635e-06,,1.1486932635307312e-05,,0.27218884229660034,,0.2620769441127777,,0.08186689019203186,,0.0270523838698864,0.051126424223184586,,,,,,,,,,,,,,
5,,19029,,,,,,,,,,4.241243004798889e-06,,3.164634108543396e-06,,0.2497168630361557,,0.27315592765808105,,0.07953283190727234,,0.02745075896382332,0.051243554800748825,,,,,,,,,,,,,,
5,,19039,,,,,,,,,,4.675239324569702e-06,,4.8102810978889465e-06,,0.25080281496047974,,0.25816839933395386,,0.07566626369953156,,0.019177976995706558,0.04362231492996216,,,,,,,,,,,,,,
5,,19049,,,,,,,,,,7.4785202741622925e-06,,4.373490810394287e-06,,0.24468520283699036,,0.25844162702560425,,0.09442958235740662,,0.03395474702119827,0.05816768482327461,,,,,,,,,,,,,,
5,,19059,,,,,,,,,,7.413327693939209e-06,,4.5299530029296875e-06,,0.22372624278068542,,0.25738295912742615,,0.09622422605752945,,0.028217636048793793,0.05390506610274315,,,,,,,,,,,,,,
5,,19069,,,,,,,,,,7.899478077888489e-06,,2.7730129659175873e-06,,0.21215346455574036,,0.2823444902896881,,0.0894574448466301,,0.02849031798541546,0.05387524887919426,,,,,,,,,,,,,,
5,,19079,,,,,,,,,,5.736947059631348e-06,,3.4370459616184235e-06,,0.24342834949493408,,0.25110507011413574,,0.08381398767232895,,0.027927646413445473,0.051296625286340714,,,,,,,,,,,,,,
5,,19089,,,,,,,,,,1.3343989849090576e-05,,4.186294972896576e-06,,0.2811776399612427,,0.25410133600234985,,0.0835777074098587,,0.025065984576940536,0.04968851059675217,,,,,,,,,,,,,,
5,,19099,,,,,,,,,,5.105510354042053e-06,,1.4468096196651459e-06,,0.22280335426330566,,0.26954185962677,,0.09532630443572998,,0.0315416157245636,0.056789521127939224,,,,,,,,,,,,,,
5,,19109,,,,,,,,,,1.0184943675994873e-05,,2.4600885808467865e-06,,0.22221824526786804,,0.27818065881729126,,0.0958714634180069,,0.025558270514011383,0.05280134826898575,,,,,,,,,,,,,,
5,,19115,,,,,,,,,,,,,,,,,,,,,,0.9829228520393372,1.0,1.0,0.9388084411621094,0.9067044854164124,0.9711050987243652,0.9912475347518921,0.05358847603201866,1.0728836059570312e-06,2.980232238769531e-07,0.24346226453781128,0.26077714562416077,0.09038124233484268,0.02873585745692253
5,,19115,0.982311487197876,1.0,1.0,0.9394984245300293,0.9064136743545532,0.9703859686851501,0.9906208515167236,0.053940966725349426,7.498776540160179e-06,,3.7541092297033174e-06,,0.24364180862903595,,0.2623191475868225,,0.08889776468276978,,0.029477421194314957,,,,,,,,,,,,,,,,
,0.000238167787843871,19116,,,,,,,,,,,,,,,,,,,,,,,,,,,,,,,,,,,
6,,19119,,,,,,,,,,9.441748261451721e-06,,2.2551976144313812e-06,,0.2954414188861847,,0.23402559757232666,,0.083615742623806,,0.024330534040927887,0.04836983233690262,,,,,,,,,,,,,,
6,,19129,,,,,,,,,,6.9998204708099365e-06,,1.787673681974411e-06,,0.2894706130027771,,0.2537480890750885,,0.08270156383514404,,0.027127403765916824,0.051151275634765625,,,,,,,,,,,,,,
6,,19139,,,,,,,,,,4.338100552558899e-06,,1.682434231042862e-06,,0.27768757939338684,,0.2578524649143219,,0.07706547528505325,,0.024376487359404564,0.04808487743139267,,,,,,,,,,,,,,
6,,19149,,,,,,,,,,6.156042218208313e-06,,1.6186386346817017e-06,,0.2747240662574768,,0.2675600051879883,,0.09171463549137115,,0.029131893068552017,0.05482010170817375,,,,,,,,,,,,,,
6,,19159,,,,,,,,,,1.1555850505828857e-05,,3.925058990716934e-06,,0.2590719759464264,,0.2811632752418518,,0.08854394406080246,,0.028957664966583252,0.05454910546541214,,,,,,,,,,,,,,
6,,19169,,,,,,,,,,5.46872615814209e-06,,2.073589712381363e-06,,0.24163886904716492,,0.2528080344200134,,0.07591557502746582,,0.025429774075746536,0.04800031706690788,,,,,,,,,,,,,,
6,,19179,,,,,,,,,,9.952113032341003e-06,,3.03611159324646e-06,,0.24591529369354248,,0.2718876600265503,,0.0753459483385086,,0.02217467501759529,0.046396270394325256,,,,,,,,,,,,,,
6,,19189,,,,,,,,,,4.7460198402404785e-06,,1.3052485883235931e-06,,0.2521204650402069,,0.2643784284591675,,0.07107627391815186,,0.020722687244415283,0.04422689601778984,,,,,,,,,,,,,,
6,,19199,,,,,,,,,,4.429370164871216e-06,,1.405365765094757e-06,,0.2552970349788666,,0.27113354206085205,,0.06922866404056549,,0.024491960182785988,0.047061990946531296,,,,,,,,,,,,,,
6,,19209,,,,,,,,,,7.6107680797576904e-06,,1.7718411982059479e-06,,0.21603024005889893,,0.26631245017051697,,0.08467338979244232,,0.020830094814300537,0.04652520269155502,,,,,,,,,,,,,,
6,,19219,,,,,,,,,,4.829838871955872e-06,,2.309214323759079e-06,,0.24584108591079712,,0.2575961649417877,,0.08862316608428955,,0.025874411687254906,0.05099088326096535,,,,,,,,,,,,,,
6,,19229,,,,,,,,,,3.4421682357788086e-06,,1.398380845785141e-06,,0.22739562392234802,,0.274448037147522,,0.09497120976448059,,0.02848735637962818,0.054715532809495926,,,,,,,,,,,,,,
6,,19239,,,,,,,,,,4.000961780548096e-06,,1.5990808606147766e-06,,0.2520124316215515,,0.2583017647266388,,0.08408019691705704,,0.029769167304039,0.053166065365076065,,,,,,,,,,,,,,
6,,19249,,,,,,,,,,4.805624485015869e-06,,2.230517566204071e-06,,0.24602116644382477,,0.2612385153770447,,0.08057859539985657,,0.027059270069003105,0.05054390802979469,,,,,,,,,,,,,,
6,,19259,,,,,,,,,,3.7364661693573e-06,,1.2530945241451263e-06,,0.21668177843093872,,0.2720954716205597,,0.075180783867836,,0.020547879859805107,0.04481196776032448,,,,,,,,,,,,,,
6,,19269,,,,,,,,,,3.917142748832703e-06,,9.443610906600952e-07,,0.20947358012199402,,0.24815356731414795,,0.0868888795375824,,0.03548182174563408,0.057003919035196304,,,,,,,,,,,,,,
6,,19279,,,,,,,,,,4.250556230545044e-06,,1.6195699572563171e-06,,0.23653703927993774,,0.2561658024787903,,0.08679614961147308,,0.027734071016311646,0.05186719447374344,,,,,,,,,,,,,,
6,,19289,,,,,,,,,,8.488073945045471e-06,,1.3737007975578308e-06,,0.2334740161895752,,0.24763983488082886,,0.09097713232040405,,0.028815843164920807,0.05302719399333,,,,,,,,,,,,,,
6,,19299,,,,,,,,,,3.7048012018203735e-06,,2.3366883397102356e-06,,0.21474620699882507,,0.2519284188747406,,0.08468753099441528,,0.021284205839037895,0.04617905616760254,,,,,,,,,,,,,,
6,,19309,,,,,,,,,,4.872679710388184e-06,,1.2712553143501282e-06,,0.308838427066803,,0.2311597764492035,,0.07929717004299164,,0.028963422402739525,0.051058076322078705,,,,,,,,,,,,,,
6,,19319,,,,,,,,,,5.207955837249756e-06,,1.280568540096283e-06,,0.23224127292633057,,0.26129186153411865,,0.08249074220657349,,0.026940926909446716,0.05065472051501274,,,,,,,,,,,,,,
6,,19329,,,,,,,,,,3.689900040626526e-06,,1.1380761861801147e-06,,0.2112315446138382,,0.2587226629257202,,0.09184599667787552,,0.02906610444188118,0.05363680049777031,,,,,,,,,,,,,,
6,,19339,,,,,,,,,,5.956739187240601e-06,,1.8975697457790375e-06,,0.2469092458486557,,0.2571266293525696,,0.0858115404844284,,0.027130432426929474,0.05139632523059845,,,,,,,,,,,,,,
6,,19349,,,,,,,,,,6.545335054397583e-06,,1.7122365534305573e-06,,0.254197895526886,,0.24352896213531494,,0.07433390617370605,,0.020763536915183067,0.043915294110774994,,,,,,,,,,,,,,
6,,19359,,,,,,,,,,5.315989255905151e-06,,2.2328458726406097e-06,,0.2411646693944931,,0.2529083490371704,,0.11452151089906693,,0.04350004345178604,0.06879585236310959,,,,,,,,,,,,,,
6,,19369,,,,,,,,,,4.67151403427124e-06,,1.421663910150528e-06,,0.23713192343711853,,0.2798495590686798,,0.07647812366485596,,0.028701741248369217,0.05177544057369232,,,,,,,,,,,,,,
6,,19379,,,,,,,,,,5.315989255905151e-06,,1.0924413800239563e-06,,0.21278327703475952,,0.2717375159263611,,0.10740523040294647,,0.036982856690883636,0.06312229484319687,,,,,,,,,,,,,,
6,,19389,,,,,,,,,,3.902241587638855e-06,,1.041218638420105e-06,,0.2126196026802063,,0.26987147331237793,,0.08488982170820236,,0.027101567015051842,0.05139743164181709,,,,,,,,,,,,,,
6,,19399,,,,,,,,,,4.498288035392761e-06,,3.605615347623825e-06,,0.24974799156188965,,0.2387850433588028,,0.08408871293067932,,0.02338206209242344,0.04743455722928047,,,,,,,,,,,,,,
6,,19409,,,,,,,,,,4.623085260391235e-06,,1.369975507259369e-06,,0.2279057502746582,,0.25975871086120605,,0.08656425029039383,,0.03286442905664444,0.05573969706892967,,,,,,,,,,,,,,
6,,19419,,,,,,,,,,5.174428224563599e-06,,1.1278316378593445e-06,,0.24074621498584747,,0.2811272144317627,,0.08162717521190643,,0.031748514622449875,0.0551290325820446,,,,,,,,,,,,,,
6,,19429,,,,,,,,,,5.347654223442078e-06,,1.3047829270362854e-06,,0.21051272749900818,,0.26611989736557007,,0.0968584343791008,,0.027774477377533913,0.05394630879163742,,,,,,,,,,,,,,
6,,19439,,,,,,,,,,6.485730409622192e-06,,2.7068890631198883e-06,,0.24508097767829895,,0.24848425388336182,,0.10066268593072891,,0.032577671110630035,0.05784138664603233,,,,,,,,,,,,,,
6,,19449,,,,,,,,,,4.155561327934265e-06,,2.182554453611374e-06,,0.21985743939876556,,0.260238915681839,,0.0797458291053772,,0.02228393405675888,0.04645179957151413,,,,,,,,,,,,,,
6,,19459,,,,,,,,,,4.6156346797943115e-06,,2.157408744096756e-06,,0.24021518230438232,,0.2700667977333069,,0.07070474326610565,,0.02545839361846447,0.0478370264172554,,,,,,,,,,,,,,
6,,19469,,,,,,,,,,5.032867193222046e-06,,2.180226147174835e-06,,0.2412244975566864,,0.2755616009235382,,0.09042635560035706,,0.02912028506398201,0.05455228313803673,,,,,,,,,,,,,,
6,,19479,,,,,,,,,,5.60469925403595e-06,,1.5799887478351593e-06,,0.25923407077789307,,0.24814152717590332,,0.09376269578933716,,0.03165918588638306,0.05600811168551445,,,,,,,,,,,,,,
6,,19489,,,,,,,,,,2.5406479835510254e-06,,2.618413418531418e-06,,0.20232358574867249,,0.27930575609207153,,0.08516707271337509,,0.029928825795650482,0.05389204993844032,,,,,,,,,,,,,,
6,,19499,,,,,,,,,,2.8852373361587524e-06,,2.527143806219101e-06,,0.26024752855300903,,0.25317633152008057,,0.0879940539598465,,0.031765133142471313,0.05525365099310875,,,,,,,,,,,,,,
6,,19509,,,,,,,,,,5.2247196435928345e-06,,1.7816200852394104e-06,,0.2623205780982971,,0.25990480184555054,,0.09824137389659882,,0.027448531240224838,0.05427702143788338,,,,,,,,,,,,,,
6,,19519,,,,,,,,,,4.338100552558899e-06,,2.269633114337921e-06,,0.23663263022899628,,0.26278650760650635,,0.07707999646663666,,0.02657463774085045,0.04948672279715538,,,,,,,,,,,,,,
6,,19529,,,,,,,,,,4.8857182264328e-06,,2.169515937566757e-06,,0.23331427574157715,,0.2751145660877228,,0.07487541437149048,,0.02546343393623829,0.04877878352999687,,,,,,,,,,,,,,
6,,19539,,,,,,,,,,5.833804607391357e-06,,1.4016404747962952e-06,,0.28705844283103943,,0.25405389070510864,,0.07849626243114471,,0.028789091855287552,0.05159522220492363,,,,,,,,,,,,,,
6,,19549,,,,,,,,,,5.628913640975952e-06,,1.6242265701293945e-06,,0.2661984860897064,,0.2515838146209717,,0.07291965931653976,,0.02264389768242836,0.04557900130748749,,,,,,,,,,,,,,
6,,19559,,,,,,,,,,5.491077899932861e-06,,1.959502696990967e-06,,0.24095392227172852,,0.24927106499671936,,0.0811234712600708,,0.026593342423439026,0.04967605695128441,,,,,,,,,,,,,,
6,,19569,,,,,,,,,,4.43682074546814e-06,,1.4612451195716858e-06,,0.23945045471191406,,0.2554484009742737,,0.09238413721323013,,0.029200509190559387,0.054015807807445526,,,,,,,,,,,,,,
6,,19579,,,,,,,,,,6.4838677644729614e-06,,1.6228295862674713e-06,,0.2031446099281311,,0.2723426818847656,,0.09516505897045135,,0.032980963587760925,0.05773993954062462,,,,,,,,,,,,,,
6,,19589,,,,,,,,,,4.990026354789734e-06,,2.1024607121944427e-06,,0.23253220319747925,,0.2672377824783325,,0.1032332181930542,,0.028409473598003387,0.055928755551576614,,,,,,,,,,,,,,
6,,19599,,,,,,,,,,8.832663297653198e-06,,2.624932676553726e-06,,0.25761523842811584,,0.24966053664684296,,0.07269454747438431,,0.03138779476284981,0.05190552771091461,,,,,,,,,,,,,,
6,,19609,,,,,,,,,,6.332993507385254e-06,,2.7962960302829742e-06,,0.23005355894565582,,0.26200562715530396,,0.07971368730068207,,0.023816291242837906,0.04779767245054245,,,,,,,,,,,,,,
6,,19619,,,,,,,,,,8.029863238334656e-06,,2.812594175338745e-06,,0.2313406765460968,,0.2753891348838806,,0.10632534325122833,,0.03640091419219971,0.06287194043397903,,,,,,,,,,,,,,
6,,19629,,,,,,,,,,6.923452019691467e-06,,1.4789402484893799e-06,,0.2871463894844055,,0.24431616067886353,,0.08608301728963852,,0.021406251937150955,0.047024063766002655,,,,,,,,,,,,,,
6,,19639,,,,,,,,,,6.197020411491394e-06,,1.9120052456855774e-06,,0.27899226546287537,,0.2496275007724762,,0.07608632743358612,,0.021365080028772354,0.04527179151773453,,,,,,,,,,,,,,
6,,19649,,,,,,,,,,6.411224603652954e-06,,1.5906989574432373e-06,,0.248342365026474,,0.2544061243534088,,0.09861022979021072,,0.029778312891721725,0.0556723028421402,,,,,,,,,,,,,,
6,,19659,,,,,,,,,,7.202848792076111e-06,,1.5422701835632324e-06,,0.23047959804534912,,0.2624157667160034,,0.0877542644739151,,0.032808952033519745,0.056076012551784515,,,,,,,,,,,,,,
6,,19669,,,,,,,,,,1.584365963935852e-05,,5.937647074460983e-06,,0.2224222719669342,,0.27552443742752075,,0.08990763127803802,,0.03087812289595604,0.05555158481001854,,,,,,,,,,,,,,
6,,19679,,,,,,,,,,1.0760501027107239e-05,,5.163718014955521e-06,,0.2438710331916809,,0.25303328037261963,,0.08373594284057617,,0.0356515496969223,0.057171933352947235,,,,,,,,,,,,,,
6,,19689,,,,,,,,,,1.3057142496109009e-05,,2.0135194063186646e-06,,0.2246188223361969,,0.26515626907348633,,0.08926646411418915,,0.02847605012357235,0.053168948739767075,,,,,,,,,,,,,,
6,,19699,,,,,,,,,,8.33161175251007e-06,,1.4677643775939941e-06,,0.2540290355682373,,0.253127783536911,,0.0938328206539154,,0.03384917229413986,0.05783693119883537,,,,,,,,,,,,,,
6,,19709,,,,,,,,,,6.9551169872283936e-06,,3.396999090909958e-06,,0.21457292139530182,,0.27881789207458496,,0.0864579975605011,,0.0277389045804739,0.05261203274130821,,,,,,,,,,,,,,
6,,19719,,,,,,,,,,5.342066287994385e-06,,2.801883965730667e-06,,0.2229156345129013,,0.28031837940216064,,0.09487004578113556,,0.034463487565517426,0.059402476996183395,,,,,,,,,,,,,,
6,,19729,,,,,,,,,,5.036592483520508e-06,,9.112991392612457e-07,,0.24995622038841248,,0.24857740104198456,,0.09565369784832001,,0.027550537139177322,0.05319220572710037,,,,,,,,,,,,,,
6,,19739,,,,,,,,,,3.7606805562973022e-06,,2.1774321794509888e-06,,0.2574669122695923,,0.26944199204444885,,0.08963412046432495,,0.030231721699237823,0.05514094606041908,,,,,,,,,,,,,,
6,,19749,,,,,,,,,,5.492940545082092e-06,,1.267995685338974e-06,,0.24314990639686584,,0.2637120187282562,,0.08606825023889542,,0.021463580429553986,0.047457993030548096,,,,,,,,,,,,,,
6,,19759,,,,,,,,,,7.353723049163818e-06,,1.4728866517543793e-06,,0.25913065671920776,,0.2596258521080017,,0.09204556047916412,,0.02506909891963005,0.051279548555612564,,,,,,,,,,,,,,
6,,19769,,,,,,,,,,5.582347512245178e-06,,3.81888821721077e-06,,0.1948259174823761,,0.2588941752910614,,0.09513306617736816,,0.03154964745044708,0.05593213811516762,,,,,,,,,,,,,,
6,,19779,,,,,,,,,,7.6089054346084595e-06,,1.7392449080944061e-06,,0.215985506772995,,0.2588233947753906,,0.09704430401325226,,0.034758858382701874,0.058942779898643494,,,,,,,,,,,,,,
6,,19789,,,,,,,,,,9.793788194656372e-06,,1.4202669262886047e-06,,0.2809837758541107,,0.2521982491016388,,0.07935884594917297,,0.024460559710860252,0.04835159331560135,,,,,,,,,,,,,,
6,,19799,,,,,,,,,,5.902722477912903e-06,,1.6568228602409363e-06,,0.2707063555717468,,0.26065295934677124,,0.10168707370758057,,0.03379856422543526,0.05982031300663948,,,,,,,,,,,,,,
6,,19809,,,,,,,,,,6.2230974435806274e-06,,1.8943101167678833e-06,,0.22358879446983337,,0.25859326124191284,,0.09929545223712921,,0.03157094493508339,0.05705178529024124,,,,,,,,,,,,,,
6,,19819,,,,,,,,,,1.1518597602844238e-05,,2.1136365830898285e-06,,0.28944680094718933,,0.2592744529247284,,0.08600084483623505,,0.02570258639752865,0.0509600006043911,,,,,,,,,,,,,,
6,,19829,,,,,,,,,,2.6207417249679565e-06,,1.3867393136024475e-06,,0.2455509603023529,,0.24863280355930328,,0.06625689566135406,,0.018668565899133682,0.04096681624650955,,,,,,,,,,,,,,
6,,19839,,,,,,,,,,5.887821316719055e-06,,1.6898848116397858e-06,,0.2679370641708374,,0.25594133138656616,,0.07000209391117096,,0.023364629596471786,0.0457971952855587,,,,,,,,,,,,,,
6,,19849,,,,,,,,,,4.105269908905029e-06,,1.3886019587516785e-06,,0.22328943014144897,,0.2532520294189453,,0.08071953058242798,,0.022251799702644348,0.04632294178009033,,,,,,,,,,,,,,
6,,19859,,,,,,,,,,4.647299647331238e-06,,1.8728896975517273e-06,,0.2918565571308136,,0.2304362952709198,,0.0809127688407898,,0.021958600729703903,0.04587319865822792,,,,,,,,,,,,,,
6,,19869,,,,,,,,,,5.291774868965149e-06,,2.3473985493183136e-06,,0.19402658939361572,,0.2750786542892456,,0.0937800481915474,,0.037141576409339905,0.06062281131744385,,,,,,,,,,,,,,
6,,19879,,,,,,,,,,4.714354872703552e-06,,2.664513885974884e-06,,0.276285320520401,,0.2739447355270386,,0.07417691498994827,,0.023823026567697525,0.04786601662635803,,,,,,,,,,,,,,
6,,19889,,,,,,,,,,5.85801899433136e-06,,3.245193511247635e-06,,0.24344690144062042,,0.26938265562057495,,0.08294814825057983,,0.028708357363939285,0.05257710441946983,,,,,,,,,,,,,,
6,,19899,,,,,,,,,,9.24430787563324e-06,,2.221670001745224e-06,,0.2526959478855133,,0.26226019859313965,,0.0731869488954544,,0.025738662108778954,0.048293083906173706,,,,,,,,,,,,,,
6,,19909,,,,,,,,,,4.732981324195862e-06,,2.355780452489853e-06,,0.2427000105381012,,0.24631980061531067,,0.09848012030124664,,0.03112100064754486,0.05620989203453064,,,,,,,,,,,,,,
6,,19919,,,,,,,,,,6.755813956260681e-06,,2.8763897716999054e-06,,0.2810993194580078,,0.2369217723608017,,0.08018746227025986,,0.028152301907539368,0.05056157335639,,,,,,,,,,,,,,
6,,19929,,,,,,,,,,6.115064024925232e-06,,1.8463470041751862e-06,,0.2724064290523529,,0.24172070622444153,,0.07054012268781662,,0.019686667248606682,0.042524587363004684,,,,,,,,,,,,,,
6,,19939,,,,,,,,,,7.80448317527771e-06,,2.4694018065929413e-06,,0.2533762753009796,,0.2546502351760864,,0.10091716796159744,,0.032391324639320374,0.05813565105199814,,,,,,,,,,,,,,
6,,19949,,,,,,,,,,6.632879376411438e-06,,1.946929842233658e-06,,0.24085168540477753,,0.25902259349823,,0.08192240446805954,,0.02814556285738945,0.05144635587930679,,,,,,,,,,,,,,
6,,19959,,,,,,,,,,5.200505256652832e-06,,2.4866312742233276e-06,,0.23830990493297577,,0.24843448400497437,,0.1015724167227745,,0.029299698770046234,0.05547121539711952,,,,,,,,,,,,,,
6,,19969,,,,,,,,,,4.1387975215911865e-06,,1.4151446521282196e-06,,0.2486947774887085,,0.26869213581085205,,0.08888159692287445,,0.025821855291724205,0.05155361816287041,,,,,,,,,,,,,,
6,,19979,,,,,,,,,,5.6587159633636475e-06,,2.380926162004471e-06,,0.2619786560535431,,0.2761620283126831,,0.09772829711437225,,0.03345567733049393,0.059445492923259735,,,,,,,,,,,,,,
6,,19989,,,,,,,,,,3.458932042121887e-06,,1.94646418094635e-06,,0.26300162076950073,,0.25906112790107727,,0.06827600300312042,,0.02285446785390377,0.045179180800914764,,,,,,,,,,,,,,
6,,19999,,,,,,,,,,7.860362529754639e-06,,2.3473985493183136e-06,,0.2430928349494934,,0.26065707206726074,,0.08449657261371613,,0.027596518397331238,0.051620159298181534,,,,,,,,,,,,,,
6,,20009,,,,,,,,,,5.50784170627594e-06,,1.2326054275035858e-06,,0.23943427205085754,,0.27403804659843445,,0.08917209506034851,,0.027784112840890884,0.053222253918647766,,,,,,,,,,,,,,
6,,20019,,,,,,,,,,6.504356861114502e-06,,2.3511238396167755e-06,,0.22525891661643982,,0.2735956311225891,,0.07930103689432144,,0.023837976157665253,0.04822375997900963,,,,,,,,,,,,,,
6,,20029,,,,,,,,,,6.9160014390945435e-06,,1.7005950212478638e-06,,0.22061535716056824,,0.2724534869194031,,0.08637011051177979,,0.027455247938632965,0.05215516686439514,,,,,,,,,,,,,,
6,,20039,,,,,,,,,,9.933486580848694e-06,,2.4032779037952423e-06,,0.2457408607006073,,0.2641148567199707,,0.08420119434595108,,0.029358098283410072,0.053079430013895035,,,,,,,,,,,,,,
6,,20049,,,,,,,,,,7.59027898311615e-06,,1.83936208486557e-06,,0.2626311779022217,,0.2521432936191559,,0.07118390500545502,,0.019624393433332443,0.04297270625829697,,,,,,,,,,,,,,
6,,20059,,,,,,,,,,5.843117833137512e-06,,5.815178155899048e-06,,0.24636578559875488,,0.26290374994277954,,0.07762496173381805,,0.02428164705634117,0.04798836633563042,,,,,,,,,,,,,,
6,,20069,,,,,,,,,,4.939734935760498e-06,,2.7529895305633545e-06,,0.19113469123840332,,0.2792215943336487,,0.0808868557214737,,0.024574175477027893,0.048937249928712845,,,,,,,,,,,,,,
6,,20079,,,,,,,,,,4.5746564865112305e-06,,4.192814230918884e-06,,0.27016186714172363,,0.2639102339744568,,0.0966610461473465,,0.036060720682144165,0.060721077024936676,,,,,,,,,,,,,,
6,,20089,,,,,,,,,,4.4442713260650635e-06,,3.762543201446533e-06,,0.22491800785064697,,0.2665184438228607,,0.09543296694755554,,0.028872711583971977,0.054690390825271606,,,,,,,,,,,,,,
6,,20099,,,,,,,,,,4.637986421585083e-06,,1.8761493265628815e-06,,0.2723648250102997,,0.24685682356357574,,0.08553346246480942,,0.029914533719420433,0.053249627351760864,,,,,,,,,,,,,,
6,,20109,,,,,,,,,,4.131346940994263e-06,,3.0943192541599274e-06,,0.24659483134746552,,0.26483434438705444,,0.08828186988830566,,0.027599623426795006,0.05256930738687515,,,,,,,,,,,,,,
6,,20119,,,,,,,,,,5.21540641784668e-06,,1.94646418094635e-06,,0.2573975622653961,,0.26297247409820557,,0.08888546377420425,,0.02708703652024269,0.05233730003237724,,,,,,,,,,,,,,
6,,20129,,,,,,,,,,4.494562745094299e-06,,2.3241154849529266e-06,,0.25150686502456665,,0.2536833584308624,,0.0839039534330368,,0.027295026928186417,0.051054488867521286,,,,,,,,,,,,,,
6,,20139,,,,,,,,,,6.686896085739136e-06,,1.7331913113594055e-06,,0.2170453667640686,,0.25933361053466797,,0.09525023400783539,,0.0371621698141098,0.060445576906204224,,,,,,,,,,,,,,
6,,20149,,,,,,,,,,5.261972546577454e-06,,1.6964040696620941e-06,,0.2350366711616516,,0.2632507085800171,,0.09665089100599289,,0.03037939965724945,0.05601448938250542,,,,,,,,,,,,,,
6,,20159,,,,,,,,,,5.0496309995651245e-06,,1.3210810720920563e-06,,0.19770348072052002,,0.27015459537506104,,0.0955687016248703,,0.032806359231472015,0.057518284767866135,,,,,,,,,,,,,,
6,,20169,,,,,,,,,,6.243586540222168e-06,,1.4458782970905304e-06,,0.23233313858509064,,0.2578980326652527,,0.0729280486702919,,0.026745855808258057,0.04855688661336899,,,,,,,,,,,,,,
6,,20179,,,,,,,,,,6.284564733505249e-06,,4.064757376909256e-06,,0.23500706255435944,,0.2628914713859558,,0.08256471902132034,,0.024933626875281334,0.049270179122686386,,,,,,,,,,,,,,
6,,20189,,,,,,,,,,7.502734661102295e-06,,2.9904767870903015e-06,,0.24171115458011627,,0.2530819773674011,,0.11154578626155853,,0.03557915240526199,0.062310200184583664,,,,,,,,,,,,,,
6,,20199,,,,,,,,,,5.31412661075592e-06,,2.1080486476421356e-06,,0.24586158990859985,,0.24950605630874634,,0.09187739342451096,,0.030506914481520653,0.05469734966754913,,,,,,,,,,,,,,
6,,20209,,,,,,,,,,8.922070264816284e-06,,2.2454187273979187e-06,,0.22626447677612305,,0.26201531291007996,,0.11070019751787186,,0.03407301381230354,0.061259523034095764,,,,,,,,,,,,,,
6,,20219,,,,,,,,,,4.541128873825073e-06,,2.205837517976761e-06,,0.2609711289405823,,0.25448060035705566,,0.07803566753864288,,0.028247307986021042,0.050816621631383896,,,,,,,,,,,,,,
6,,20229,,,,,,,,,,3.7867575883865356e-06,,3.5669654607772827e-06,,0.2634962499141693,,0.25529372692108154,,0.07717741280794144,,0.02134905382990837,0.04554842785000801,,,,,,,,,,,,,,
6,,20239,,,,,,,,,,4.2691826820373535e-06,,1.5897676348686218e-06,,0.24759450554847717,,0.28218746185302734,,0.0740092396736145,,0.01853107288479805,0.0439148023724556,,,,,,,,,,,,,,
6,,20249,,,,,,,,,,4.500150680541992e-06,,2.989545464515686e-06,,0.23463895916938782,,0.26687854528427124,,0.09128106385469437,,0.029906686395406723,0.05481821671128273,,,,,,,,,,,,,,
6,,20259,,,,,,,,,,6.385147571563721e-06,,3.940891474485397e-06,,0.24255280196666718,,0.25801581144332886,,0.07878242433071136,,0.028170812875032425,0.050849150866270065,,,,,,,,,,,,,,
6,,20269,,,,,,,,,,4.092231392860413e-06,,3.3979304134845734e-06,,0.24027089774608612,,0.250114381313324,,0.09637666493654251,,0.034566402435302734,0.05854952335357666,,,,,,,,,,,,,,
6,,20279,,,,,,,,,,4.190951585769653e-06,,3.3266842365264893e-06,,0.2710356116294861,,0.2496216595172882,,0.09685607254505157,,0.032345183193683624,0.057310622185468674,,,,,,,,,,,,,,
6,,20289,,,,,,,,,,3.6954879760742188e-06,,2.6547349989414215e-06,,0.2412193864583969,,0.2553249001502991,,0.08076569437980652,,0.025780227035284042,0.049285922199487686,,,,,,,,,,,,,,
6,,20299,,,,,,,,,,6.187707185745239e-06,,3.798399120569229e-06,,0.227525532245636,,0.2547489404678345,,0.08737708628177643,,0.02679760381579399,0.051101572811603546,,,,,,,,,,,,,,
6,,20309,,,,,,,,,,3.976747393608093e-06,,2.8889626264572144e-06,,0.2519179582595825,,0.27268242835998535,,0.081065833568573,,0.026622392237186432,0.05091322958469391,,,,,,,,,,,,,,
6,,20319,,,,,,,,,,5.716457962989807e-06,,2.748798578977585e-06,,0.261987566947937,,0.27433115243911743,,0.09209039807319641,,0.03260912001132965,0.057667326182127,,,,,,,,,,,,,,
6,,20329,,,,,,,,,,8.108094334602356e-06,,2.1257437765598297e-06,,0.2710794508457184,,0.24235430359840393,,0.08057239651679993,,0.025472227483987808,0.04876048490405083,,,,,,,,,,,,,,
6,,20339,,,,,,,,,,5.627050995826721e-06,,1.3853423297405243e-06,,0.2764282822608948,,0.24799655377864838,,0.07170162349939346,,0.0208219476044178,0.04393548518419266,,,,,,,,,,,,,,
6,,20349,,,,,,,,,,3.42540442943573e-06,,2.898741513490677e-06,,0.2447526752948761,,0.26644080877304077,,0.08541782200336456,,0.028310047462582588,0.0526188462972641,,,,,,,,,,,,,,
6,,20359,,,,,,,,,,4.889443516731262e-06,,2.548564225435257e-06,,0.24724993109703064,,0.2633172571659088,,0.09375426918268204,,0.033350177109241486,0.05784614756703377,,,,,,,,,,,,,,
6,,20369,,,,,,,,,,6.105750799179077e-06,,2.1667219698429108e-06,,0.2613726258277893,,0.2549123167991638,,0.07405707240104675,,0.024448255077004433,0.047245416790246964,,,,,,,,,,,,,,
6,,20379,,,,,,,,,,3.0566006898880005e-06,,2.0852312445640564e-06,,0.22473889589309692,,0.25756651163101196,,0.08645663410425186,,0.02611471340060234,0.05051608383655548,,,,,,,,,,,,,,
6,,20389,,,,,,,,,,3.980472683906555e-06,,3.166496753692627e-06,,0.26024967432022095,,0.27117466926574707,,0.08556370437145233,,0.027738254517316818,0.05262085795402527,,,,,,,,,,,,,,
6,,20399,,,,,,,,,,6.059184670448303e-06,,2.6598572731018066e-06,,0.27093642950057983,,0.24828578531742096,,0.09275218844413757,,0.02973630651831627,0.05452002212405205,,,,,,,,,,,,,,
6,,20409,,,,,,,,,,3.520399332046509e-06,,1.6475096344947815e-06,,0.26369529962539673,,0.2614234685897827,,0.10446127504110336,,0.030947625637054443,0.05815581977367401,,,,,,,,,,,,,,
6,,20419,,,,,,,,,,5.358830094337463e-06,,5.476176738739014e-06,,0.2675239145755768,,0.2698046565055847,,0.08643705397844315,,0.02387421205639839,0.04990695044398308,,,,,,,,,,,,,,
6,,20429,,,,,,,,,,4.47593629360199e-06,,3.170222043991089e-06,,0.24311542510986328,,0.2667744755744934,,0.09198667854070663,,0.029566781595349312,0.05479004234075546,,,,,,,,,,,,,,
6,,20439,,,,,,,,,,3.822147846221924e-06,,1.6405247151851654e-06,,0.2848409414291382,,0.2537095546722412,,0.07233045995235443,,0.02528472989797592,0.04776779189705849,,,,,,,,,,,,,,
6,,20449,,,,,,,,,,7.286667823791504e-06,,1.3420358300209045e-06,,0.22328722476959229,,0.2657874822616577,,0.09199267625808716,,0.02947697788476944,0.05444509908556938,,,,,,,,,,,,,,
6,,20459,,,,,,,,,,4.0121376514434814e-06,,1.0882504284381866e-06,,0.22377556562423706,,0.2714553475379944,,0.09104860574007034,,0.03125810623168945,0.05587568134069443,,,,,,,,,,,,,,
6,,20469,,,,,,,,,,3.973022103309631e-06,,1.1241063475608826e-06,,0.2865772843360901,,0.2427370250225067,,0.08733528107404709,,0.025040114298462868,0.049904268234968185,,,,,,,,,,,,,,
6,,20479,,,,,,,,,,4.583969712257385e-06,,5.003996193408966e-06,,0.27045321464538574,,0.2690560221672058,,0.06518886983394623,,0.017514977604150772,0.04115058854222298,,,,,,,,,,,,,,
6,,20489,,,,,,,,,,3.686174750328064e-06,,1.9669532775878906e-06,,0.2315746694803238,,0.2763523459434509,,0.10729672014713287,,0.03523796796798706,0.062229596078395844,,,,,,,,,,,,,,
6,,20499,,,,,,,,,,2.9206275939941406e-06,,2.08243727684021e-06,,0.23757360875606537,,0.2619350552558899,,0.08730433881282806,,0.03089352697134018,0.0546153225004673,,,,,,,,,,,,,,
6,,20509,,,,,,,,,,7.987022399902344e-06,,1.6749836504459381e-06,,0.20717832446098328,,0.2567834258079529,,0.10273908823728561,,0.03297382593154907,0.058472830802202225,,,,,,,,,,,,,,
6,,20519,,,,,,,,,,3.296881914138794e-06,,1.5110708773136139e-06,,0.25822120904922485,,0.2879931330680847,,0.09551050513982773,,0.031028827652335167,0.057719651609659195,,,,,,,,,,,,,,
6,,20529,,,,,,,,,,4.4461339712142944e-06,,2.6351772248744965e-06,,0.2588375508785248,,0.251675009727478,,0.0823710560798645,,0.022837812080979347,0.04741504043340683,,,,,,,,,,,,,,
6,,20539,,,,,,,,,,6.513670086860657e-06,,2.0335428416728973e-06,,0.262971431016922,,0.24761980772018433,,0.08896631002426147,,0.03602995350956917,0.05840679630637169,,,,,,,,,,,,,,
6,,20549,,,,,,,,,,3.38628888130188e-06,,4.047062247991562e-06,,0.2391711175441742,,0.2541959285736084,,0.0825803130865097,,0.024499505758285522,0.04858853667974472,,,,,,,,,,,,,,
6,,20559,,,,,,,,,,6.4820051193237305e-06,,4.1085295379161835e-06,,0.24122926592826843,,0.2710549533367157,,0.07846852391958237,,0.021170824766159058,0.04613485559821129,,,,,,,,,,,,,,
6,,20569,,,,,,,,,,4.610046744346619e-06,,2.0279549062252045e-06,,0.22215738892555237,,0.2683599591255188,,0.08606335520744324,,0.028504561632871628,0.05271095782518387,,,,,,,,,,,,,,
6,,20579,,,,,,,,,,3.030523657798767e-06,,2.291519194841385e-06,,0.26902544498443604,,0.23190075159072876,,0.08456791937351227,,0.022374214604496956,0.046671539545059204,,,,,,,,,,,,,,
6,,20589,,,,,,,,,,3.259629011154175e-06,,3.428664058446884e-06,,0.23150432109832764,,0.26612389087677,,0.08832039684057236,,0.027765322476625443,0.052584413439035416,,,,,,,,,,,,,,
6,,20599,,,,,,,,,,3.5353004932403564e-06,,1.9855797290802e-06,,0.23838600516319275,,0.2674638032913208,,0.08093715459108353,,0.028815463185310364,0.05213100090622902,,,,,,,,,,,,,,
6,,20609,,,,,,,,,,4.16487455368042e-06,,4.351604729890823e-06,,0.23856425285339355,,0.2610529661178589,,0.08804607391357422,,0.02420218102633953,0.049704957753419876,,,,,,,,,,,,,,
6,,20619,,,,,,,,,,3.423541784286499e-06,,2.0740553736686707e-06,,0.2250426858663559,,0.2497684806585312,,0.10226283222436905,,0.03618122264742851,0.06067012995481491,,,,,,,,,,,,,,
6,,20629,,,,,,,,,,3.216788172721863e-06,,3.6582350730895996e-06,,0.2216261625289917,,0.281786173582077,,0.09151554852724075,,0.034438423812389374,0.05880826339125633,,,,,,,,,,,,,,
6,,20639,,,,,,,,,,4.122033715248108e-06,,4.825182259082794e-06,,0.22418564558029175,,0.25670868158340454,,0.09161718189716339,,0.030171100050210953,0.054480262100696564,,,,,,,,,,,,,,
6,,20649,,,,,,,,,,4.665926098823547e-06,,3.2549723982810974e-06,,0.2560281753540039,,0.2559376358985901,,0.09742295742034912,,0.029592033475637436,0.055471792817115784,,,,,,,,,,,,,,
6,,20659,,,,,,,,,,1.0170042514801025e-05,,5.550216883420944e-06,,0.20594967901706696,,0.26581114530563354,,0.07889200747013092,,0.023641273379325867,0.047408174723386765,,,,,,,,,,,,,,
6,,20669,,,,,,,,,,8.121132850646973e-06,,3.2600946724414825e-06,,0.2758790850639343,,0.2537825107574463,,0.08068579435348511,,0.02475515380501747,0.04883590713143349,,,,,,,,,,,,,,
6,,20679,,,,,,,,,,7.536262273788452e-06,,3.0728988349437714e-06,,0.27393776178359985,,0.2565775513648987,,0.08174435049295425,,0.028528383001685143,0.051973335444927216,,,,,,,,,,,,,,
6,,20689,,,,,,,,,,3.885477781295776e-06,,3.4584663808345795e-06,,0.2299228310585022,,0.25532352924346924,,0.08964425325393677,,0.029507499188184738,0.053614724427461624,,,,,,,,,,,,,,
6,,20699,,,,,,,,,,6.3087791204452515e-06,,5.384907126426697e-06,,0.21039855480194092,,0.27218616008758545,,0.09257861971855164,,0.038138389587402344,0.061201583594083786,,,,,,,,,,,,,,
6,,20709,,,,,,,,,,4.474073648452759e-06,,3.885943442583084e-06,,0.25324782729148865,,0.26207852363586426,,0.08233104646205902,,0.031565677374601364,0.054377295076847076,,,,,,,,,,,,,,
6,,20719,,,,,,,,,,5.366280674934387e-06,,2.7241185307502747e-06,,0.23684340715408325,,0.28181684017181396,,0.09213674813508987,,0.031004630029201508,0.05652859807014465,,,,,,,,,,,,,,
6,,20729,,,,,,,,,,5.6158751249313354e-06,,6.12577423453331e-06,,0.2223832607269287,,0.25407660007476807,,0.08347776532173157,,0.022737732157111168,0.04723282903432846,,,,,,,,,,,,,,
6,,20739,,,,,,,,,,4.490837454795837e-06,,8.021481335163116e-06,,0.24297329783439636,,0.24153384566307068,,0.08597718179225922,,0.027360113337635994,0.050822481513023376,,,,,,,,,,,,,,
6,,20749,,,,,,,,,,3.6135315895080566e-06,,2.323649823665619e-06,,0.2470143884420395,,0.273266464471817,,0.08446162939071655,,0.029142597690224648,0.053410619497299194,,,,,,,,,,,,,,
6,,20759,,,,,,,,,,8.670613169670105e-06,,4.264991730451584e-06,,0.26554542779922485,,0.2516048550605774,,0.08532381057739258,,0.028190098702907562,0.052059356123209,,,,,,,,,,,,,,
6,,20769,,,,,,,,,,4.770234227180481e-06,,2.435874193906784e-06,,0.22950959205627441,,0.2604281008243561,,0.07667218148708344,,0.026313502341508865,0.049020275473594666,,,,,,,,,,,,,,
6,,20779,,,,,,,,,,7.538124918937683e-06,,5.739275366067886e-06,,0.23326826095581055,,0.2765389084815979,,0.08105127513408661,,0.02566954493522644,0.05015791580080986,,,,,,,,,,,,,,
6,,20789,,,,,,,,,,1.1583790183067322e-05,,4.551839083433151e-06,,0.25795653462409973,,0.2527123689651489,,0.08396265655755997,,0.02791525423526764,0.051560867577791214,,,,,,,,,,,,,,
6,,20799,,,,,,,,,,7.3481351137161255e-06,,6.841961294412613e-06,,0.21158623695373535,,0.273432195186615,,0.08578471839427948,,0.031162258237600327,0.05476638674736023,,,,,,,,,,,,,,
6,,20809,,,,,,,,,,1.3872981071472168e-05,,4.28641214966774e-06,,0.25027137994766235,,0.2598661184310913,,0.08947023749351501,,0.03275425359606743,0.056469257920980453,,,,,,,,,,,,,,
6,,20819,,,,,,,,,,3.85381281375885e-06,,5.8766454458236694e-06,,0.24640944600105286,,0.2517334520816803,,0.09717472642660141,,0.02892819046974182,0.05461737886071205,,,,,,,,,,,,,,
6,,20829,,,,,,,,,,7.35744833946228e-06,,6.0657039284706116e-06,,0.22149530053138733,,0.2633207440376282,,0.08600836992263794,,0.02886027656495571,0.0527234822511673,,,,,,,,,,,,,,
6,,20839,,,,,,,,,,6.701797246932983e-06,,3.430526703596115e-06,,0.2548027038574219,,0.2674640417098999,,0.0829947218298912,,0.024685358628630638,0.04961100220680237,,,,,,,,,,,,,,
6,,20849,,,,,,,,,,6.685033440589905e-06,,2.802349627017975e-06,,0.20401428639888763,,0.2685721218585968,,0.08967724442481995,,0.03758890554308891,0.060000937432050705,,,,,,,,,,,,,,
6,,20859,,,,,,,,,,9.601935744285583e-06,,5.227979272603989e-06,,0.2717074155807495,,0.2356916069984436,,0.06804385781288147,,0.02161090075969696,0.04320908337831497,,,,,,,,,,,,,,
6,,20869,,,,,,,,,,1.138634979724884e-05,,5.587469786405563e-06,,0.2513056695461273,,0.2519294321537018,,0.08663640916347504,,0.028017673641443253,0.052024491131305695,,,,,,,,,,,,,,
6,,20879,,,,,,,,,,5.5246055126190186e-06,,4.387926310300827e-06,,0.26948434114456177,,0.26042085886001587,,0.08597977459430695,,0.024067459627985954,0.0495491623878479,,,,,,,,,,,,,,
6,,20889,,,,,,,,,,7.359310984611511e-06,,3.4244731068611145e-06,,0.2486495077610016,,0.258139967918396,,0.09031267464160919,,0.029202274978160858,0.05386267229914665,,,,,,,,,,,,,,
6,,20899,,,,,,,,,,6.498768925666809e-06,,3.909692168235779e-06,,0.2906394898891449,,0.24612224102020264,,0.08180497586727142,,0.02149626612663269,0.04641489312052727,,,,,,,,,,,,,,
6,,20909,,,,,,,,,,5.95487654209137e-06,,2.752058207988739e-06,,0.22537246346473694,,0.26627546548843384,,0.08458369225263596,,0.029890041798353195,0.053412772715091705,,,,,,,,,,,,,,
6,,20919,,,,,,,,,,4.723668098449707e-06,,3.1064264476299286e-06,,0.2750028371810913,,0.2470008283853531,,0.07153183966875076,,0.017423707991838455,0.041290946304798126,,,,,,,,,,,,,,
6,,20929,,,,,,,,,,5.487352609634399e-06,,3.715045750141144e-06,,0.27599745988845825,,0.2679763734340668,,0.07880918681621552,,0.0255918949842453,0.04977855458855629,,,,,,,,,,,,,,
6,,20939,,,,,,,,,,6.8303197622299194e-06,,2.8810463845729828e-06,,0.24793288111686707,,0.26046860218048096,,0.07969161123037338,,0.025665342807769775,0.04931816831231117,,,,,,,,,,,,,,
6,,20949,,,,,,,,,,5.105510354042053e-06,,2.912711352109909e-06,,0.24795237183570862,,0.273541659116745,,0.09845449030399323,,0.037668779492378235,0.06245501711964607,,,,,,,,,,,,,,
6,,20959,,,,,,,,,,4.973262548446655e-06,,3.3602118492126465e-06,,0.25596651434898376,,0.25469446182250977,,0.09644126892089844,,0.034737445414066315,0.05908867344260216,,,,,,,,,,,,,,
6,,20969,,,,,,,,,,4.855915904045105e-06,,3.6889687180519104e-06,,0.2757364809513092,,0.2450762838125229,,0.08958263695240021,,0.025375187397003174,0.05055972933769226,,,,,,,,,,,,,,
6,,20979,,,,,,,,,,6.67572021484375e-06,,2.023298293352127e-06,,0.2716108560562134,,0.2550726532936096,,0.07587182521820068,,0.02799597941339016,0.05037473514676094,,,,,,,,,,,,,,
6,,20989,,,,,,,,,,6.098300218582153e-06,,3.043562173843384e-06,,0.2474117875099182,,0.256122887134552,,0.1027325689792633,,0.03572186827659607,0.06097377464175224,,,,,,,,,,,,,,
6,,20999,,,,,,,,,,5.673617124557495e-06,,2.366025000810623e-06,,0.23608678579330444,,0.24950307607650757,,0.08954901993274689,,0.02995336800813675,0.05373069643974304,,,,,,,,,,,,,,
6,,21009,,,,,,,,,,1.512095332145691e-05,,5.539506673812866e-06,,0.25604966282844543,,0.2562766373157501,,0.09374004602432251,,0.025919513776898384,0.05204217508435249,,,,,,,,,,,,,,
6,,21019,,,,,,,,,,1.4528632164001465e-05,,4.4656917452812195e-06,,0.21679797768592834,,0.2831639349460602,,0.09505657106637955,,0.033600542694330215,0.05885181948542595,,,,,,,,,,,,,,
6,,21029,,,,,,,,,,1.1200085282325745e-05,,3.1213276088237762e-06,,0.23274779319763184,,0.27034837007522583,,0.09091249853372574,,0.028073161840438843,0.053514137864112854,,,,,,,,,,,,,,
6,,21039,,,,,,,,,,1.2742355465888977e-05,,3.2833777368068695e-06,,0.2781561017036438,,0.2388848066329956,,0.07486313581466675,,0.02464248798787594,0.046987563371658325,,,,,,,,,,,,,,
6,,21049,,,,,,,,,,9.22568142414093e-06,,4.776753485202789e-06,,0.25859546661376953,,0.2591283917427063,,0.09496575593948364,,0.0269215926527977,0.05318733677268028,,,,,,,,,,,,,,
6,,21059,,,,,,,,,,7.752329111099243e-06,,2.7064234018325806e-06,,0.24425339698791504,,0.25929009914398193,,0.09158613532781601,,0.03039657697081566,0.05499984323978424,,,,,,,,,,,,,,
6,,21069,,,,,,,,,,8.691102266311646e-06,,2.8167851269245148e-06,,0.2508941888809204,,0.27960529923439026,,0.08911137282848358,,0.030542585998773575,0.05567559599876404,,,,,,,,,,,,,,
6,,21079,,,,,,,,,,8.424744009971619e-06,,2.194661647081375e-06,,0.18410171568393707,,0.292819082736969,,0.09082324802875519,,0.03536072000861168,0.0594477616250515,,,,,,,,,,,,,,
6,,21089,,,,,,,,,,9.112060070037842e-06,,4.081521183252335e-06,,0.2531335949897766,,0.24737203121185303,,0.07953178882598877,,0.02487148717045784,0.04813956841826439,,,,,,,,,,,,,,
6,,21099,,,,,,,,,,1.1838972568511963e-05,,3.46451997756958e-06,,0.22672998905181885,,0.2561626434326172,,0.07491883635520935,,0.028330592438578606,0.049972061067819595,,,,,,,,,,,,,,
6,,21109,,,,,,,,,,1.1613592505455017e-05,,1.7154961824417114e-06,,0.2082427442073822,,0.2817568778991699,,0.08783844113349915,,0.029338257387280464,0.05413432791829109,,,,,,,,,,,,,,
6,,21119,,,,,,,,,,6.0051679611206055e-06,,1.9399449229240417e-06,,0.2411474883556366,,0.2618492841720581,,0.08338098973035812,,0.02980192005634308,0.05309848487377167,,,,,,,,,,,,,,
6,,21129,,,,,,,,,,5.988404154777527e-06,,4.098284989595413e-06,,0.21886609494686127,,0.2716544270515442,,0.0763150006532669,,0.0226263627409935,0.04658886417746544,,,,,,,,,,,,,,
6,,21139,,,,,,,,,,8.761882781982422e-06,,2.0922161638736725e-06,,0.24264578521251678,,0.27006757259368896,,0.09471634030342102,,0.035646162927150726,0.060011520981788635,,,,,,,,,,,,,,
6,,21149,,,,,,,,,,1.2004747986793518e-05,,2.989545464515686e-06,,0.2485843151807785,,0.27369391918182373,,0.08166874945163727,,0.030101727694272995,0.053644806146621704,,,,,,,,,,,,,,
6,,21159,,,,,,,,,,4.176050424575806e-06,,1.945067197084427e-06,,0.25170987844467163,,0.2748320698738098,,0.08676963299512863,,0.028583582490682602,0.05355256050825119,,,,,,,,,,,,,,
6,,21169,,,,,,,,,,4.8782676458358765e-06,,1.7113052308559418e-06,,0.23029249906539917,,0.272235631942749,,0.07707706093788147,,0.025145774707198143,0.04878298565745354,,,,,,,,,,,,,,
6,,21179,,,,,,,,,,5.910173058509827e-06,,1.573469489812851e-06,,0.27042651176452637,,0.2573019564151764,,0.07537117600440979,,0.02859419770538807,0.050820253789424896,,,,,,,,,,,,,,
6,,21189,,,,,,,,,,8.866190910339355e-06,,2.454034984111786e-06,,0.1984388828277588,,0.28358176350593567,,0.09342020004987717,,0.03199940174818039,0.05714815855026245,,,,,,,,,,,,,,
6,,21199,,,,,,,,,,4.842877388000488e-06,,2.192799001932144e-06,,0.23107093572616577,,0.26164010167121887,,0.09252579510211945,,0.03430929780006409,0.058066993951797485,,,,,,,,,,,,,,
6,,21209,,,,,,,,,,6.036832928657532e-06,,1.8435530364513397e-06,,0.31390130519866943,,0.25277113914489746,,0.07775746285915375,,0.0301179401576519,0.05270804092288017,,,,,,,,,,,,,,
6,,21219,,,,,,,,,,5.2656978368759155e-06,,1.9883736968040466e-06,,0.1897694170475006,,0.2742733359336853,,0.08454562723636627,,0.022581130266189575,0.047880277037620544,,,,,,,,,,,,,,
6,,21229,,,,,,,,,,5.392357707023621e-06,,2.484302967786789e-06,,0.26193931698799133,,0.2668832540512085,,0.08215159177780151,,0.028394758701324463,0.052292026579380035,,,,,,,,,,,,,,
6,,21239,,,,,,,,,,8.851289749145508e-06,,1.935753971338272e-06,,0.2516480088233948,,0.26284101605415344,,0.07185317575931549,,0.024463631212711334,0.047101378440856934,,,,,,,,,,,,,,
6,,21249,,,,,,,,,,6.2193721532821655e-06,,2.3152679204940796e-06,,0.2592068612575531,,0.25907689332962036,,0.09963293373584747,,0.03639323636889458,0.06117285415530205,,,,,,,,,,,,,,
6,,21259,,,,,,,,,,6.170943379402161e-06,,5.56139275431633e-06,,0.29422229528427124,,0.24909448623657227,,0.09299568831920624,,0.024156035855412483,0.05069033429026604,,,,,,,,,,,,,,
6,,21269,,,,,,,,,,7.618218660354614e-06,,1.9050203263759613e-06,,0.24324911832809448,,0.2501261234283447,,0.0914657860994339,,0.0285906083881855,0.05318102985620499,,,,,,,,,,,,,,
6,,21279,,,,,,,,,,1.4925375580787659e-05,,1.780688762664795e-06,,0.22460143268108368,,0.26077407598495483,,0.09655480086803436,,0.030433230102062225,0.05579841881990433,,,,,,,,,,,,,,
6,,21289,,,,,,,,,,6.280839443206787e-06,,1.8873251974582672e-06,,0.25176042318344116,,0.268779456615448,,0.08034364134073257,,0.03394129127264023,0.05608346313238144,,,,,,,,,,,,,,
6,,21299,,,,,,,,,,1.2956559658050537e-05,,1.634005457162857e-06,,0.26433709263801575,,0.24618381261825562,,0.08912093192338943,,0.03138551115989685,0.05490029230713844,,,,,,,,,,,,,,
6,,21309,,,,,,,,,,7.154420018196106e-06,,4.270114004611969e-06,,0.21573235094547272,,0.27174514532089233,,0.10642698407173157,,0.03483165055513382,0.061359964311122894,,,,,,,,,,,,,,
6,,21319,,,,,,,,,,1.0553747415542603e-05,,1.3438984751701355e-06,,0.23851558566093445,,0.2633487582206726,,0.08469422906637192,,0.02849380485713482,0.052402909845113754,,,,,,,,,,,,,,
6,,21329,,,,,,,,,,7.225200533866882e-06,,1.5511177480220795e-06,,0.23335255682468414,,0.2678455412387848,,0.08822976052761078,,0.02889375202357769,0.05351633206009865,,,,,,,,,,,,,,
6,,21339,,,,,,,,,,1.0015442967414856e-05,,2.0740553736686707e-06,,0.231685072183609,,0.268749475479126,,0.1014404296875,,0.03526195138692856,0.06079409271478653,,,,,,,,,,,,,,
6,,21349,,,,,,,,,,5.2656978368759155e-06,,2.341344952583313e-06,,0.242708221077919,,0.26494279503822327,,0.08992999792098999,,0.03062194399535656,0.05510522797703743,,,,,,,,,,,,,,
6,,21359,,,,,,,,,,5.898997187614441e-06,,1.087784767150879e-06,,0.2932893633842468,,0.25626981258392334,,0.09481450915336609,,0.02780793607234955,0.0540965236723423,,,,,,,,,,,,,,
6,,21369,,,,,,,,,,7.59027898311615e-06,,1.7704442143440247e-06,,0.21851381659507751,,0.2803274989128113,,0.09754673391580582,,0.0346493273973465,0.059992726892232895,,,,,,,,,,,,,,
6,,21379,,,,,,,,,,6.768852472305298e-06,,2.9657967388629913e-06,,0.23339718580245972,,0.2661375403404236,,0.07373973727226257,,0.023608636111021042,0.04675442725419998,,,,,,,,,,,,,,
6,,21389,,,,,,,,,,6.118789315223694e-06,,1.5283003449440002e-06,,0.25225937366485596,,0.2540161609649658,,0.07733866572380066,,0.028071213513612747,0.05042990669608116,,,,,,,,,,,,,,
6,,21399,,,,,,,,,,5.358830094337463e-06,,1.9529834389686584e-06,,0.21843144297599792,,0.26148179173469543,,0.09293561428785324,,0.03242329880595207,0.05657343193888664,,,,,,,,,,,,,,
6,,21409,,,,,,,,,,6.061047315597534e-06,,1.8044374883174896e-06,,0.2106238305568695,,0.27622026205062866,,0.09851878881454468,,0.03261539340019226,0.058364152908325195,,,,,,,,,,,,,,
6,,21419,,,,,,,,,,7.1749091148376465e-06,,2.7390196919441223e-06,,0.26079684495925903,,0.27370476722717285,,0.09068091213703156,,0.034008294343948364,0.05840929225087166,,,,,,,,,,,,,,
6,,21429,,,,,,,,,,3.7159770727157593e-06,,1.959502696990967e-06,,0.29133936762809753,,0.24851244688034058,,0.08739029616117477,,0.02894960343837738,0.05317403003573418,,,,,,,,,,,,,,
6,,21439,,,,,,,,,,5.97536563873291e-06,,2.6891939342021942e-06,,0.25929945707321167,,0.2732727527618408,,0.07944713532924652,,0.025919951498508453,0.05019689351320267,,,,,,,,,,,,,,
6,,21449,,,,,,,,,,5.6438148021698e-06,,1.6265548765659332e-06,,0.22959017753601074,,0.2597169876098633,,0.09630963206291199,,0.028610963374376297,0.05439430847764015,,,,,,,,,,,,,,
6,,21459,,,,,,,,,,7.081776857376099e-06,,2.5080516934394836e-06,,0.240278422832489,,0.26313355565071106,,0.08643792569637299,,0.026161063462495804,0.0509905181825161,,,,,,,,,,,,,,
6,,21469,,,,,,,,,,5.487352609634399e-06,,3.044959157705307e-06,,0.2285105288028717,,0.27388519048690796,,0.08003818243741989,,0.028990529477596283,0.05227905884385109,,,,,,,,,,,,,,
6,,21479,,,,,,,,,,6.401911377906799e-06,,3.4123659133911133e-06,,0.24765360355377197,,0.2530249357223511,,0.08796222507953644,,0.02384619228541851,0.04915231093764305,,,,,,,,,,,,,,
6,,21489,,,,,,,,,,7.4356794357299805e-06,,2.1723099052906036e-06,,0.2497905045747757,,0.27355679869651794,,0.09176723659038544,,0.034218769520521164,0.05863496661186218,,,,,,,,,,,,,,
6,,21499,,,,,,,,,,4.338100552558899e-06,,3.79001721739769e-06,,0.24742086231708527,,0.2570079267024994,,0.08657185733318329,,0.02746383100748062,0.05178946629166603,,,,,,,,,,,,,,
6,,21509,,,,,,,,,,3.5725533962249756e-06,,2.291519194841385e-06,,0.2606859505176544,,0.25675851106643677,,0.0881246030330658,,0.027697943150997162,0.05240008980035782,,,,,,,,,,,,,,
6,,21519,,,,,,,,,,5.023553967475891e-06,,2.852175384759903e-06,,0.20791956782341003,,0.272758424282074,,0.10295125842094421,,0.030707810074090958,0.05757039412856102,,,,,,,,,,,,,,
6,,21529,,,,,,,,,,4.474073648452759e-06,,1.8193386495113373e-06,,0.24217268824577332,,0.25860270857810974,,0.08033199608325958,,0.022467222064733505,0.04688408598303795,,,,,,,,,,,,,,
6,,21539,,,,,,,,,,5.360692739486694e-06,,1.6628764569759369e-06,,0.23492583632469177,,0.26651424169540405,,0.09797084331512451,,0.03260791301727295,0.058085549622774124,,,,,,,,,,,,,,
6,,21549,,,,,,,,,,6.444752216339111e-06,,2.6221387088298798e-06,,0.28264856338500977,,0.25176799297332764,,0.07545632123947144,,0.02561311610043049,0.04848365858197212,,,,,,,,,,,,,,
6,,21559,,,,,,,,,,4.69014048576355e-06,,2.934597432613373e-06,,0.21517117321491241,,0.2519453167915344,,0.09077703207731247,,0.029669873416423798,0.053617674857378006,,,,,,,,,,,,,,
6,,21569,,,,,,,,,,6.817281246185303e-06,,6.618443876504898e-06,,0.2711792290210724,,0.25519371032714844,,0.08639412373304367,,0.02716166153550148,0.05172288045287132,,,,,,,,,,,,,,
6,,21579,,,,,,,,,,4.9211084842681885e-06,,3.405380994081497e-06,,0.2292039692401886,,0.26940515637397766,,0.06868778169155121,,0.02514505572617054,0.04706360772252083,,,,,,,,,,,,,,
6,,21589,,,,,,,,,,3.4775584936141968e-06,,2.6598572731018066e-06,,0.23089642822742462,,0.2683887779712677,,0.07655422389507294,,0.02642475813627243,0.04947111755609512,,,,,,,,,,,,,,
6,,21599,,,,,,,,,,6.658956408500671e-06,,3.8440339267253876e-06,,0.26273345947265625,,0.25074994564056396,,0.08185592293739319,,0.02269100770354271,0.04721059277653694,,,,,,,,,,,,,,
6,,21609,,,,,,,,,,4.773959517478943e-06,,1.691281795501709e-06,,0.21142244338989258,,0.27826571464538574,,0.08132358640432358,,0.027107609435915947,0.05111267790198326,,,,,,,,,,,,,,
6,,21619,,,,,,,,,,3.466382622718811e-06,,2.8945505619049072e-06,,0.28391051292419434,,0.25772565603256226,,0.06929817795753479,,0.01990627497434616,0.04334167391061783,,,,,,,,,,,,,,
6,,21629,,,,,,,,,,8.519738912582397e-06,,3.214925527572632e-06,,0.26122260093688965,,0.2663987874984741,,0.08973817527294159,,0.024751335382461548,0.050950512290000916,,,,,,,,,,,,,,
6,,21639,,,,,,,,,,1.046992838382721e-05,,3.0016526579856873e-06,,0.26891452074050903,,0.2506469488143921,,0.08038987219333649,,0.026473332196474075,0.04984070733189583,,,,,,,,,,,,,,
6,,21649,,,,,,,,,,4.783272743225098e-06,,2.2426247596740723e-06,,0.2262505292892456,,0.25956329703330994,,0.08723004162311554,,0.023149296641349792,0.04854787141084671,,,,,,,,,,,,,,
6,,21659,,,,,,,,,,6.083399057388306e-06,,2.341344952583313e-06,,0.23980611562728882,,0.25767838954925537,,0.08939142525196075,,0.026679806411266327,0.051672276109457016,,,,,,,,,,,,,,
6,,21669,,,,,,,,,,6.943941116333008e-06,,8.065719157457352e-06,,0.23086576163768768,,0.26904910802841187,,0.07880114018917084,,0.026964731514453888,0.05032821744680405,,,,,,,,,,,,,,
6,,21679,,,,,,,,,,1.5400350093841553e-05,,4.920642822980881e-06,,0.24478861689567566,,0.25395458936691284,,0.07882703840732574,,0.021512199193239212,0.0456981398165226,,,,,,,,,,,,,,
6,,21689,,,,,,,,,,7.189810276031494e-06,,2.6714988052845e-06,,0.21875977516174316,,0.26322633028030396,,0.07865740358829498,,0.025373470038175583,0.04869259521365166,,,,,,,,,,,,,,
6,,21699,,,,,,,,,,6.621703505516052e-06,,2.6067718863487244e-06,,0.23089000582695007,,0.271212100982666,,0.09199567884206772,,0.03696005046367645,0.06040279567241669,,,,,,,,,,,,,,
6,,21709,,,,,,,,,,5.602836608886719e-06,,2.178829163312912e-06,,0.1884826123714447,,0.2842423915863037,,0.0849800854921341,,0.03144644945859909,0.05506470054388046,,,,,,,,,,,,,,
6,,21719,,,,,,,,,,5.597248673439026e-06,,1.7588026821613312e-06,,0.23861682415008545,,0.26121729612350464,,0.09057251363992691,,0.02746712602674961,0.05263639986515045,,,,,,,,,,,,,,
6,,21729,,,,,,,,,,7.968395948410034e-06,,1.0930933058261871e-05,,0.22307094931602478,,0.2854226529598236,,0.09491775184869766,,0.0336538664996624,0.05904523283243179,,,,,,,,,,,,,,
6,,21739,,,,,,,,,,6.11133873462677e-06,,2.816319465637207e-06,,0.2437971532344818,,0.2793247103691101,,0.11638873815536499,,0.04067029058933258,0.06829264014959335,,,,,,,,,,,,,,
6,,21749,,,,,,,,,,4.608184099197388e-06,,3.4230761229991913e-06,,0.24074365198612213,,0.280348539352417,,0.09472112357616425,,0.03432272747159004,0.05947934091091156,,,,,,,,,,,,,,
6,,21759,,,,,,,,,,6.673857569694519e-06,,1.6088597476482391e-06,,0.20373624563217163,,0.27624696493148804,,0.09214147180318832,,0.028360554948449135,0.053896721452474594,,,,,,,,,,,,,,
6,,21769,,,,,,,,,,4.429370164871216e-06,,2.185814082622528e-06,,0.21318072080612183,,0.2586893141269684,,0.09498735517263412,,0.028808236122131348,0.054053787142038345,,,,,,,,,,,,,,
6,,21779,,,,,,,,,,6.599351763725281e-06,,3.462657332420349e-06,,0.22902613878250122,,0.25841885805130005,,0.08647990226745605,,0.02553008869290352,0.050172094255685806,,,,,,,,,,,,,,
6,,21789,,,,,,,,,,7.247552275657654e-06,,1.8952414393424988e-06,,0.21834838390350342,,0.27153682708740234,,0.08504267781972885,,0.03033498488366604,0.05399699509143829,,,,,,,,,,,,,,
6,,21799,,,,,,,,,,5.558133125305176e-06,,1.6200356185436249e-06,,0.24904577434062958,,0.2752309739589691,,0.09539919346570969,,0.029381446540355682,0.05575701221823692,,,,,,,,,,,,,,
6,,21809,,,,,,,,,,6.398186087608337e-06,,2.4694018065929413e-06,,0.24121138453483582,,0.25525373220443726,,0.09270946681499481,,0.031154751777648926,0.055554378777742386,,,,,,,,,,,,,,
6,,21819,,,,,,,,,,5.124136805534363e-06,,2.6351772248744965e-06,,0.2479829341173172,,0.2659643888473511,,0.07185589522123337,,0.02414010465145111,0.046962667256593704,,,,,,,,,,,,,,
6,,21829,,,,,,,,,,6.509944796562195e-06,,2.055894583463669e-06,,0.24461668729782104,,0.25813567638397217,,0.09342114627361298,,0.028994016349315643,0.05424194410443306,,,,,,,,,,,,,,
6,,21839,,,,,,,,,,3.945082426071167e-06,,1.8766149878501892e-06,,0.2787335216999054,,0.25428247451782227,,0.07347304373979568,,0.024565570056438446,0.04739785194396973,,,,,,,,,,,,,,
6,,21849,,,,,,,,,,6.2230974435806274e-06,,2.0316801965236664e-06,,0.2625042796134949,,0.24654218554496765,,0.0857122465968132,,0.028069112449884415,0.05176842212677002,,,,,,,,,,,,,,
6,,21859,,,,,,,,,,6.183981895446777e-06,,1.335982233285904e-06,,0.25443893671035767,,0.2726898491382599,,0.08208370208740234,,0.02745790034532547,0.05176080763339996,,,,,,,,,,,,,,
6,,21869,,,,,,,,,,8.258968591690063e-06,,4.373025149106979e-06,,0.26855361461639404,,0.2446153461933136,,0.07982133328914642,,0.02948668599128723,0.051707614213228226,,,,,,,,,,,,,,
6,,21879,,,,,,,,,,5.014240741729736e-06,,2.8121285140514374e-06,,0.2439841628074646,,0.26004812121391296,,0.0759449303150177,,0.023089993745088577,0.04661751165986061,,,,,,,,,,,,,,
6,,21889,,,,,,,,,,5.200505256652832e-06,,2.28220596909523e-06,,0.24666282534599304,,0.25628313422203064,,0.09577250480651855,,0.034572917968034744,0.05880524963140488,,,,,,,,,,,,,,
6,,21899,,,,,,,,,,4.706904292106628e-06,,2.2314488887786865e-06,,0.27592384815216064,,0.24006257951259613,,0.08686645328998566,,0.030111536383628845,0.05337057262659073,,,,,,,,,,,,,,
6,,21909,,,,,,,,,,4.988163709640503e-06,,4.2351894080638885e-06,,0.2395198941230774,,0.2577096223831177,,0.07576470822095871,,0.02052866294980049,0.04450027272105217,,,,,,,,,,,,,,
6,,21919,,,,,,,,,,5.7853758335113525e-06,,5.763024091720581e-06,,0.22924309968948364,,0.2722168564796448,,0.09688322991132736,,0.03330404311418533,0.05860457941889763,,,,,,,,,,,,,,
6,,21929,,,,,,,,,,6.875023245811462e-06,,3.296881914138794e-06,,0.22283367812633514,,0.2580564022064209,,0.09351339191198349,,0.025040924549102783,0.05103465914726257,,,,,,,,,,,,,,
6,,21939,,,,,,,,,,6.1765313148498535e-06,,1.6968697309494019e-06,,0.24151451885700226,,0.26043006777763367,,0.08387695997953415,,0.027391724288463593,0.05132117122411728,,,,,,,,,,,,,,
6,,21949,,,,,,,,,,5.286186933517456e-06,,2.3436732590198517e-06,,0.2716064751148224,,0.26063764095306396,,0.09959708899259567,,0.03414028882980347,0.05969453603029251,,,,,,,,,,,,,,
6,,21959,,,,,,,,,,5.548819899559021e-06,,2.693384885787964e-06,,0.2144870162010193,,0.2766082286834717,,0.09528294205665588,,0.034180041402578354,0.05899452790617943,,,,,,,,,,,,,,
6,,21969,,,,,,,,,,8.52532684803009e-06,,2.641230821609497e-06,,0.25349685549736023,,0.25358158349990845,,0.08618751168251038,,0.028586039319634438,0.05246981605887413,,,,,,,,,,,,,,
6,,21979,,,,,,,,,,5.798414349555969e-06,,3.818422555923462e-06,,0.21885094046592712,,0.25087741017341614,,0.0855802595615387,,0.028597038239240646,0.05183129012584686,,,,,,,,,,,,,,
6,,21989,,,,,,,,,,5.39049506187439e-06,,2.0009465515613556e-06,,0.20617526769638062,,0.27460750937461853,,0.11017162352800369,,0.03961946815252304,0.06567617505788803,,,,,,,,,,,,,,
6,,21999,,,,,,,,,,5.336478352546692e-06,,1.8798746168613434e-06,,0.2581813633441925,,0.268269807100296,,0.07995583862066269,,0.0251341350376606,0.04945510998368263,,,,,,,,,,,,,,
6,,22009,,,,,,,,,,1.2634322047233582e-05,,4.787929356098175e-06,,0.25269824266433716,,0.24141329526901245,,0.09463465213775635,,0.03036634251475334,0.05480971559882164,,,,,,,,,,,,,,
6,,22019,,,,,,,,,,7.333233952522278e-06,,6.145797669887543e-06,,0.2971690595149994,,0.25774168968200684,,0.07435759902000427,,0.02624383196234703,0.049201056361198425,,,,,,,,,,,,,,
6,,22029,,,,,,,,,,8.145347237586975e-06,,3.137625753879547e-06,,0.2537223994731903,,0.26486387848854065,,0.08573019504547119,,0.023428846150636673,0.049046840518713,,,,,,,,,,,,,,
6,,22039,,,,,,,,,,6.813555955886841e-06,,2.9741786420345306e-06,,0.24812611937522888,,0.25934165716171265,,0.08792515099048615,,0.028421469032764435,0.05287936329841614,,,,,,,,,,,,,,
6,,22049,,,,,,,,,,8.130446076393127e-06,,2.5122426450252533e-06,,0.2854680120944977,,0.25039196014404297,,0.09196507185697556,,0.027022261172533035,0.05260545387864113,,,,,,,,,,,,,,
6,,22059,,,,,,,,,,6.452202796936035e-06,,4.816800355911255e-06,,0.2515292465686798,,0.25842350721359253,,0.09107203781604767,,0.031085722148418427,0.05546507239341736,,,,,,,,,,,,,,
6,,22069,,,,,,,,,,5.276873707771301e-06,,2.289190888404846e-06,,0.24983766674995422,,0.27030307054519653,,0.09084010124206543,,0.025790993124246597,0.051986705511808395,,,,,,,,,,,,,,
6,,22079,,,,,,,,,,6.7427754402160645e-06,,2.4456530809402466e-06,,0.22330185770988464,,0.2840661406517029,,0.10245014727115631,,0.030003707855939865,0.05765869468450546,,,,,,,,,,,,,,
6,,22089,,,,,,,,,,9.095296263694763e-06,,3.177206963300705e-06,,0.25687599182128906,,0.2641497254371643,,0.07607409358024597,,0.02613014541566372,0.04926582798361778,,,,,,,,,,,,,,
6,,22099,,,,,,,,,,6.467103958129883e-06,,3.2833777368068695e-06,,0.2667001485824585,,0.26560696959495544,,0.09114130586385727,,0.028794284909963608,0.05427369102835655,,,,,,,,,,,,,,
6,,22109,,,,,,,,,,5.256384611129761e-06,,2.0703300833702087e-06,,0.2804180383682251,,0.26348257064819336,,0.06507496535778046,,0.020313313230872154,0.04308396205306053,,,,,,,,,,,,,,
6,,22119,,,,,,,,,,6.2230974435806274e-06,,2.304092049598694e-06,,0.24131444096565247,,0.24865934252738953,,0.08516357094049454,,0.026967879384756088,0.05069027841091156,,,,,,,,,,,,,,
6,,22129,,,,,,,,,,5.815178155899048e-06,,1.5385448932647705e-06,,0.2676991820335388,,0.26178640127182007,,0.08241438120603561,,0.02994522824883461,0.053332991898059845,,,,,,,,,,,,,,
6,,22139,,,,,,,,,,9.151175618171692e-06,,4.4335611164569855e-06,,0.2031649649143219,,0.2708470821380615,,0.09513634443283081,,0.029453236609697342,0.055018242448568344,,,,,,,,,,,,,,
6,,22149,,,,,,,,,,1.0129064321517944e-05,,2.719927579164505e-06,,0.24808630347251892,,0.26159101724624634,,0.08748917281627655,,0.03468183055520058,0.057599011808633804,,,,,,,,,,,,,,
6,,22159,,,,,,,,,,6.975606083869934e-06,,1.8300488591194153e-06,,0.2661513388156891,,0.2553633153438568,,0.08403356373310089,,0.026361094787716866,0.050628602504730225,,,,,,,,,,,,,,
6,,22169,,,,,,,,,,6.77257776260376e-06,,2.430751919746399e-06,,0.24873086810112,,0.26206082105636597,,0.093952976167202,,0.0326622799038887,0.0573258176445961,,,,,,,,,,,,,,
6,,22179,,,,,,,,,,7.269904017448425e-06,,1.4258548617362976e-06,,0.22326597571372986,,0.2504339814186096,,0.09431163966655731,,0.029794687405228615,0.05439823120832443,,,,,,,,,,,,,,
6,,22189,,,,,,,,,,8.666887879371643e-06,,1.9371509552001953e-06,,0.22354435920715332,,0.25463414192199707,,0.09119490534067154,,0.0314863920211792,0.05528298392891884,,,,,,,,,,,,,,
6,,22199,,,,,,,,,,5.405396223068237e-06,,2.421904355287552e-06,,0.2064972072839737,,0.2614744305610657,,0.0974700078368187,,0.0374026820063591,0.06101904809474945,,,,,,,,,,,,,,
6,,22209,,,,,,,,,,7.484108209609985e-06,,2.3455359041690826e-06,,0.22429046034812927,,0.25590357184410095,,0.08853904157876968,,0.02844693511724472,0.05257300287485123,,,,,,,,,,,,,,
6,,22219,,,,,,,,,,8.432194590568542e-06,,2.1168962121009827e-06,,0.29290974140167236,,0.2518691420555115,,0.08048149198293686,,0.026767343282699585,0.050417013466358185,,,,,,,,,,,,,,
6,,22229,,,,,,,,,,8.402392268180847e-06,,1.0863877832889557e-06,,0.2250371277332306,,0.27470001578330994,,0.07267241179943085,,0.024611100554466248,0.04760975390672684,,,,,,,,,,,,,,
6,,22239,,,,,,,,,,9.620562195777893e-06,,3.439374268054962e-06,,0.23152223229408264,,0.26910918951034546,,0.08045333623886108,,0.02382342517375946,0.048292022198438644,,,,,,,,,,,,,,
6,,22249,,,,,,,,,,1.0516494512557983e-05,,2.7301721274852753e-06,,0.272735595703125,,0.2689524292945862,,0.08241387456655502,,0.02051706612110138,0.04665507376194,,,,,,,,,,,,,,
6,,22259,,,,,,,,,,6.990507245063782e-06,,2.5355257093906403e-06,,0.2250986397266388,,0.24992963671684265,,0.07001577317714691,,0.023287374526262283,0.044957805424928665,,,,,,,,,,,,,,
6,,22269,,,,,,,,,,9.996816515922546e-06,,1.6423873603343964e-06,,0.20838046073913574,,0.2664898633956909,,0.10436691343784332,,0.032114021480083466,0.05860230326652527,,,,,,,,,,,,,,
6,,22279,,,,,,,,,,7.333233952522278e-06,,2.1210871636867523e-06,,0.2530781924724579,,0.251249223947525,,0.09391069412231445,,0.028768237680196762,0.053940679877996445,,,,,,,,,,,,,,
6,,22289,,,,,,,,,,7.187947630882263e-06,,1.794658601284027e-06,,0.2218628227710724,,0.25925302505493164,,0.08772747963666916,,0.03132295235991478,0.05470693111419678,,,,,,,,,,,,,,
6,,22299,,,,,,,,,,5.623325705528259e-06,,1.3480894267559052e-06,,0.28630226850509644,,0.2557491958141327,,0.091902956366539,,0.029356839135289192,0.0546061210334301,,,,,,,,,,,,,,
6,,22301,,,,,,,,,,,,,,,,,,,,,,0.9830891489982605,1.0,1.0,0.9388084411621094,0.9068754315376282,0.9714847207069397,0.991363525390625,0.05298686772584915,8.344650268554688e-07,1.1920928955078125e-07,0.2437027394771576,0.2607296407222748,0.08918410539627075,0.028232432901859283
6,,22301,0.9826347231864929,1.0,1.0,0.9394984245300293,0.9065791964530945,0.9710115194320679,0.9908854961395264,0.05270667001605034,6.332315024337731e-06,,2.788859546853928e-06,,0.2435465306043625,,0.2616851329803467,,0.08674009144306183,,0.02841254509985447,,,,,,,,,,,,,,,,
,0.00021809857496093204,22302,,,,,,,,,,,,,,,,,,,,,,,,,,,,,,,,,,,
7,,22309,,,,,,,,,,9.5367431640625e-06,,1.923646777868271e-06,,0.2501479983329773,,0.2476361095905304,,0.0867699384689331,,0.03088225983083248,0.05398361757397652,,,,,,,,,,,,,,
7,,22319,,,,,,,,,,7.938593626022339e-06,,1.666136085987091e-06,,0.2569293677806854,,0.23754900693893433,,0.09019776433706284,,0.03027391992509365,0.053776662796735764,,,,,,,,,,,,,,
7,,22329,,,,,,,,,,7.0873647928237915e-06,,2.148095518350601e-06,,0.2835054099559784,,0.24785397946834564,,0.0772903710603714,,0.027571333572268486,0.0501231774687767,,,,,,,,,,,,,,
7,,22339,,,,,,,,,,5.660578608512878e-06,,1.2908130884170532e-06,,0.19594526290893555,,0.27446648478507996,,0.09927898645401001,,0.036284834146499634,0.061005186289548874,,,,,,,,,,,,,,
7,,22349,,,,,,,,,,7.038936018943787e-06,,1.4081597328186035e-06,,0.23414254188537598,,0.24898084998130798,,0.07319852709770203,,0.023863593116402626,0.04604850709438324,,,,,,,,,,,,,,
7,,22359,,,,,,,,,,6.843358278274536e-06,,1.1040829122066498e-06,,0.23784932494163513,,0.25312769412994385,,0.0717397928237915,,0.02173292078077793,0.04441441223025322,,,,,,,,,,,,,,
7,,22369,,,,,,,,,,8.799135684967041e-06,,1.330394297838211e-06,,0.22283023595809937,,0.27018019556999207,,0.08113262057304382,,0.029666494578123093,0.05275111645460129,,,,,,,,,,,,,,
7,,22379,,,,,,,,,,6.245449185371399e-06,,1.4835968613624573e-06,,0.21550655364990234,,0.27955880761146545,,0.0917208269238472,,0.03554536774754524,0.059501007199287415,,,,,,,,,,,,,,
7,,22389,,,,,,,,,,7.890164852142334e-06,,1.5003606677055359e-06,,0.27704405784606934,,0.23531506955623627,,0.09089122712612152,,0.03224380314350128,0.05551552772521973,,,,,,,,,,,,,,
7,,22399,,,,,,,,,,7.189810276031494e-06,,1.1147931218147278e-06,,0.2089226096868515,,0.2672266960144043,,0.07977978885173798,,0.02217034250497818,0.04657240957021713,,,,,,,,,,,,,,
7,,22409,,,,,,,,,,9.192153811454773e-06,,1.1157244443893433e-06,,0.2163141667842865,,0.2571728825569153,,0.09729394316673279,,0.030469976365566254,0.05569861829280853,,,,,,,,,,,,,,
7,,22419,,,,,,,,,,4.883855581283569e-06,,1.3541430234909058e-06,,0.2868042588233948,,0.2529139518737793,,0.09871372580528259,,0.030191782861948013,0.056382764130830765,,,,,,,,,,,,,,
7,,22429,,,,,,,,,,8.599832653999329e-06,,1.967884600162506e-06,,0.22426195442676544,,0.2771698236465454,,0.08628484606742859,,0.03258269280195236,0.056249577552080154,,,,,,,,,,,,,,
7,,22439,,,,,,,,,,1.2004747986793518e-05,,1.1883676052093506e-06,,0.23012429475784302,,0.2661219835281372,,0.0775722861289978,,0.024361468851566315,0.04799887537956238,,,,,,,,,,,,,,
7,,22449,,,,,,,,,,9.952113032341003e-06,,2.193264663219452e-06,,0.24723131954669952,,0.270658016204834,,0.0756572037935257,,0.026845969259738922,0.049916744232177734,,,,,,,,,,,,,,
7,,22459,,,,,,,,,,4.995614290237427e-06,,1.5100464224815369e-05,,0.22306358814239502,,0.2615717053413391,,0.10108843445777893,,0.030457500368356705,0.056686289608478546,,,,,,,,,,,,,,
7,,22469,,,,,,,,,,1.1064112186431885e-05,,1.2996606528759003e-06,,0.26875266432762146,,0.24674972891807556,,0.09879139810800552,,0.03041744977235794,0.056066013872623444,,,,,,,,,,,,,,
7,,22479,,,,,,,,,,5.045905709266663e-06,,2.241227775812149e-06,,0.18880656361579895,,0.28199630975723267,,0.10639119148254395,,0.03705219924449921,0.06318408995866776,,,,,,,,,,,,,,
7,,22489,,,,,,,,,,6.847083568572998e-06,,1.6409903764724731e-06,,0.26264244318008423,,0.23947912454605103,,0.06457842886447906,,0.017666013911366463,0.03967108577489853,,,,,,,,,,,,,,
7,,22499,,,,,,,,,,7.286667823791504e-06,,1.719687134027481e-06,,0.26045048236846924,,0.25599604845046997,,0.07217389345169067,,0.023761682212352753,0.046417176723480225,,,,,,,,,,,,,,
7,,22509,,,,,,,,,,6.882473826408386e-06,,3.4780241549015045e-06,,0.25534605979919434,,0.2676911950111389,,0.08903289586305618,,0.03444813936948776,0.05808433145284653,,,,,,,,,,,,,,
7,,22519,,,,,,,,,,5.356967449188232e-06,,2.9080547392368317e-06,,0.2854044437408447,,0.25564974546432495,,0.07145799696445465,,0.026638459414243698,0.04871729016304016,,,,,,,,,,,,,,
7,,22529,,,,,,,,,,8.046627044677734e-06,,1.8309801816940308e-06,,0.22520944476127625,,0.2656503915786743,,0.0733594000339508,,0.023301422595977783,0.04633381590247154,,,,,,,,,,,,,,
7,,22539,,,,,,,,,,7.2587281465530396e-06,,1.5809200704097748e-06,,0.29265791177749634,,0.26516520977020264,,0.07700859010219574,,0.02134564332664013,0.046318866312503815,,,,,,,,,,,,,,
7,,22549,,,,,,,,,,8.298084139823914e-06,,1.3578683137893677e-06,,0.215182363986969,,0.2663601338863373,,0.08110031485557556,,0.025341760367155075,0.049231965094804764,,,,,,,,,,,,,,
7,,22559,,,,,,,,,,4.811212420463562e-06,,2.2458843886852264e-06,,0.23000667989253998,,0.2684093415737152,,0.09672221541404724,,0.028011469170451164,0.0544343963265419,,,,,,,,,,,,,,
7,,22569,,,,,,,,,,4.153698682785034e-06,,1.6242265701293945e-06,,0.24724386632442474,,0.2679758071899414,,0.08969629555940628,,0.031805455684661865,0.05614462122321129,,,,,,,,,,,,,,
7,,22579,,,,,,,,,,4.034489393234253e-06,,1.691281795501709e-06,,0.2074732482433319,,0.27190959453582764,,0.09794940054416656,,0.03253256529569626,0.057956185191869736,,,,,,,,,,,,,,
7,,22589,,,,,,,,,,3.4477561712265015e-06,,1.366250216960907e-06,,0.20746397972106934,,0.2714262008666992,,0.08206822723150253,,0.025660419836640358,0.049799595028162,,,,,,,,,,,,,,
7,,22599,,,,,,,,,,3.7383288145065308e-06,,1.1343508958816528e-06,,0.18822342157363892,,0.2840387523174286,,0.07262413203716278,,0.023610003292560577,0.04685603454709053,,,,,,,,,,,,,,
7,,22609,,,,,,,,,,4.569068551063538e-06,,1.282431185245514e-06,,0.22384166717529297,,0.2694582939147949,,0.09679065644741058,,0.03173061087727547,0.05721418932080269,,,,,,,,,,,,,,
7,,22619,,,,,,,,,,4.298985004425049e-06,,1.125037670135498e-06,,0.2242768406867981,,0.2610407769680023,,0.060924023389816284,,0.01632421463727951,0.03854036331176758,,,,,,,,,,,,,,
7,,22629,,,,,,,,,,7.661059498786926e-06,,1.0170042514801025e-06,,0.29343700408935547,,0.26943185925483704,,0.09117895364761353,,0.0248419139534235,0.05180848017334938,,,,,,,,,,,,,,
7,,22639,,,,,,,,,,6.113201379776001e-06,,2.4801120162010193e-06,,0.2484128475189209,,0.25966644287109375,,0.0923210084438324,,0.029355531558394432,0.05442308634519577,,,,,,,,,,,,,,
7,,22649,,,,,,,,,,5.932524800300598e-06,,1.048203557729721e-06,,0.22922247648239136,,0.25688284635543823,,0.07381446659564972,,0.02709650993347168,0.048902127891778946,,,,,,,,,,,,,,
7,,22659,,,,,,,,,,6.726011633872986e-06,,1.0211952030658722e-06,,0.2474735975265503,,0.26025116443634033,,0.0819161981344223,,0.02946174144744873,0.05256779119372368,,,,,,,,,,,,,,
7,,22669,,,,,,,,,,5.377456545829773e-06,,1.2479722499847412e-06,,0.3033158779144287,,0.24197302758693695,,0.06345303356647491,,0.020599838346242905,0.04225461557507515,,,,,,,,,,,,,,
7,,22679,,,,,,,,,,6.6515058279037476e-06,,1.18231400847435e-06,,0.23670318722724915,,0.2680400609970093,,0.08555930107831955,,0.024318600073456764,0.04963168874382973,,,,,,,,,,,,,,
7,,22689,,,,,,,,,,3.5278499126434326e-06,,1.498498022556305e-06,,0.2748348116874695,,0.2512984275817871,,0.08854323625564575,,0.024721089750528336,0.05015525966882706,,,,,,,,,,,,,,
7,,22699,,,,,,,,,,5.5730342864990234e-06,,1.5981495380401611e-06,,0.24685098230838776,,0.2638847231864929,,0.09394975006580353,,0.0307304747402668,0.055939480662345886,,,,,,,,,,,,,,
7,,22709,,,,,,,,,,3.4403055906295776e-06,,1.8831342458724976e-06,,0.20337237417697906,,0.2758418321609497,,0.09120847284793854,,0.035549014806747437,0.05909114331007004,,,,,,,,,,,,,,
7,,22719,,,,,,,,,,3.423541784286499e-06,,1.1902302503585815e-06,,0.2411717176437378,,0.24809692800045013,,0.08429697155952454,,0.022214772179722786,0.04693400114774704,,,,,,,,,,,,,,
7,,22729,,,,,,,,,,2.3990869522094727e-06,,1.2796372175216675e-06,,0.2325388789176941,,0.25285452604293823,,0.09682659804821014,,0.029174361377954483,0.054626721888780594,,,,,,,,,,,,,,
7,,22739,,,,,,,,,,3.458932042121887e-06,,1.5650875866413116e-06,,0.22439420223236084,,0.2673165798187256,,0.1020248681306839,,0.041018046438694,0.06506917625665665,,,,,,,,,,,,,,
7,,22749,,,,,,,,,,3.4980475902557373e-06,,2.0903535187244415e-06,,0.23750102519989014,,0.2723146677017212,,0.07678796350955963,,0.023129180073738098,0.04730415344238281,,,,,,,,,,,,,,
7,,22759,,,,,,,,,,5.2209943532943726e-06,,4.802364856004715e-06,,0.2627434730529785,,0.25307270884513855,,0.08031760901212692,,0.032481849193573,0.05437604337930679,,,,,,,,,,,,,,
7,,22769,,,,,,,,,,2.808868885040283e-06,,1.3369135558605194e-06,,0.26856720447540283,,0.24433454871177673,,0.0859273225069046,,0.029990268871188164,0.05321752652525902,,,,,,,,,,,,,,
7,,22779,,,,,,,,,,4.103407263755798e-06,,1.1683441698551178e-06,,0.25538527965545654,,0.2748681902885437,,0.09829707443714142,,0.02801986038684845,0.0553363561630249,,,,,,,,,,,,,,
7,,22789,,,,,,,,,,3.870576620101929e-06,,1.248437911272049e-06,,0.22651603817939758,,0.26576006412506104,,0.08273854851722717,,0.02229112759232521,0.04735537990927696,,,,,,,,,,,,,,
7,,22799,,,,,,,,,,5.587935447692871e-06,,2.173706889152527e-06,,0.2648508846759796,,0.2604983448982239,,0.08269650489091873,,0.03175637125968933,0.05465080589056015,,,,,,,,,,,,,,
7,,22809,,,,,,,,,,3.07522714138031e-06,,2.3781321942806244e-06,,0.20396152138710022,,0.2740868926048279,,0.08793054521083832,,0.03040596842765808,0.05454277619719505,,,,,,,,,,,,,,
7,,22819,,,,,,,,,,4.699453711509705e-06,,2.1276064217090607e-06,,0.23544719815254211,,0.2674817442893982,,0.08983919024467468,,0.031186876818537712,0.05554593354463577,,,,,,,,,,,,,,
7,,22829,,,,,,,,,,4.459172487258911e-06,,1.8333084881305695e-06,,0.21779415011405945,,0.28239911794662476,,0.08802445232868195,,0.03661515191197395,0.059770286083221436,,,,,,,,,,,,,,
7,,22839,,,,,,,,,,5.271285772323608e-06,,1.480337232351303e-06,,0.22846749424934387,,0.2671261429786682,,0.08621448278427124,,0.03001278266310692,0.05388685688376427,,,,,,,,,,,,,,
7,,22849,,,,,,,,,,5.321577191352844e-06,,1.2828968465328217e-06,,0.22331345081329346,,0.2633249759674072,,0.08936609327793121,,0.03373564034700394,0.05703211575746536,,,,,,,,,,,,,,
7,,22859,,,,,,,,,,4.017725586891174e-06,,2.1420419216156006e-06,,0.2573261559009552,,0.26375019550323486,,0.10071651637554169,,0.03219008818268776,0.05842001363635063,,,,,,,,,,,,,,
7,,22869,,,,,,,,,,4.45730984210968e-06,,2.016313374042511e-06,,0.24444185197353363,,0.251039981842041,,0.09340542554855347,,0.03238995373249054,0.05645183101296425,,,,,,,,,,,,,,
7,,22879,,,,,,,,,,4.414469003677368e-06,,1.5194527804851532e-06,,0.2556794285774231,,0.2751672863960266,,0.08327051252126694,,0.02773572877049446,0.05232251062989235,,,,,,,,,,,,,,
7,,22889,,,,,,,,,,4.915520548820496e-06,,1.5124678611755371e-06,,0.24306616187095642,,0.26431912183761597,,0.08059291541576385,,0.025252949446439743,0.04930131509900093,,,,,,,,,,,,,,
7,,22899,,,,,,,,,,4.291534423828125e-06,,2.7171336114406586e-06,,0.22111934423446655,,0.2855144143104553,,0.09437116980552673,,0.029847918078303337,0.056068964302539825,,,,,,,,,,,,,,
7,,22909,,,,,,,,,,5.1353126764297485e-06,,1.735985279083252e-06,,0.2934795916080475,,0.24069282412528992,,0.05637560784816742,,0.016431760042905807,0.03762513026595116,,,,,,,,,,,,,,
7,,22919,,,,,,,,,,9.641051292419434e-06,,1.375516876578331e-05,,0.23985977470874786,,0.26765137910842896,,0.09764585644006729,,0.035991132259368896,0.060673825442790985,,,,,,,,,,,,,,
7,,22929,,,,,,,,,,4.3548643589019775e-06,,2.264510840177536e-06,,0.20648454129695892,,0.27513387799263,,0.09078501909971237,,0.028037695214152336,0.053380146622657776,,,,,,,,,,,,,,
7,,22939,,,,,,,,,,4.43682074546814e-06,,4.239380359649658e-06,,0.29386210441589355,,0.23361672461032867,,0.07699590921401978,,0.030779246240854263,0.05192834138870239,,,,,,,,,,,,,,
7,,22949,,,,,,,,,,3.7513673305511475e-06,,3.6940909922122955e-06,,0.23378902673721313,,0.27119001746177673,,0.08575528115034103,,0.032873038202524185,0.05619937181472778,,,,,,,,,,,,,,
7,,22959,,,,,,,,,,5.809590220451355e-06,,2.235639840364456e-06,,0.22669850289821625,,0.27376285195350647,,0.08034102618694305,,0.02660059556365013,0.05051599442958832,,,,,,,,,,,,,,
7,,22969,,,,,,,,,,4.120171070098877e-06,,2.0116567611694336e-06,,0.24503539502620697,,0.2615790367126465,,0.10654263943433762,,0.0323580838739872,0.05939284339547157,,,,,,,,,,,,,,
7,,22979,,,,,,,,,,7.290393114089966e-06,,2.995133399963379e-06,,0.24031025171279907,,0.2585163712501526,,0.10146746039390564,,0.032569125294685364,0.05840035527944565,,,,,,,,,,,,,,
7,,22989,,,,,,,,,,4.073604941368103e-06,,2.60351225733757e-06,,0.21343344449996948,,0.2562440037727356,,0.11696763336658478,,0.033936191350221634,0.061911314725875854,,,,,,,,,,,,,,
7,,22999,,,,,,,,,,5.694106221199036e-06,,1.5986151993274689e-06,,0.24348223209381104,,0.279714971780777,,0.08330938965082169,,0.025279995054006577,0.050557803362607956,,,,,,,,,,,,,,
7,,23009,,,,,,,,,,4.706904292106628e-06,,1.8007121980190277e-06,,0.2337571680545807,,0.2620418667793274,,0.09415385127067566,,0.03595695644617081,0.05965869128704071,,,,,,,,,,,,,,
7,,23019,,,,,,,,,,4.734843969345093e-06,,2.3189932107925415e-06,,0.23536880314350128,,0.259665846824646,,0.08608851581811905,,0.027071356773376465,0.0513877347111702,,,,,,,,,,,,,,
7,,23029,,,,,,,,,,5.479902029037476e-06,,2.1168962121009827e-06,,0.26024848222732544,,0.2602468729019165,,0.07381916791200638,,0.025731630623340607,0.048400506377220154,,,,,,,,,,,,,,
7,,23039,,,,,,,,,,6.448477506637573e-06,,2.76835635304451e-06,,0.203914612531662,,0.2637869119644165,,0.08761971443891525,,0.029744520783424377,0.05350479856133461,,,,,,,,,,,,,,
7,,23049,,,,,,,,,,4.621222615242004e-06,,1.644715666770935e-06,,0.23557239770889282,,0.2579423189163208,,0.07710593938827515,,0.023779675364494324,0.04715530574321747,,,,,,,,,,,,,,
7,,23059,,,,,,,,,,7.72625207901001e-06,,3.0263327062129974e-06,,0.24248051643371582,,0.2635590434074402,,0.08792879432439804,,0.024123664945364,0.04978746175765991,,,,,,,,,,,,,,
7,,23069,,,,,,,,,,8.022412657737732e-06,,2.2477470338344574e-06,,0.24919357895851135,,0.25843116641044617,,0.0985865667462349,,0.02910691872239113,0.05536290258169174,,,,,,,,,,,,,,
7,,23079,,,,,,,,,,1.4679506421089172e-05,,2.580694854259491e-06,,0.2535613775253296,,0.25719189643859863,,0.08459345251321793,,0.02723747119307518,0.05132921412587166,,,,,,,,,,,,,,
7,,23089,,,,,,,,,,1.5441328287124634e-05,,2.2132880985736847e-06,,0.25945520401000977,,0.251583456993103,,0.07273665815591812,,0.021928220987319946,0.044928740710020065,,,,,,,,,,,,,,
7,,23099,,,,,,,,,,1.0531395673751831e-05,,2.944841980934143e-06,,0.30350255966186523,,0.24718144536018372,,0.09686999022960663,,0.03484923765063286,0.059457890689373016,,,,,,,,,,,,,,
7,,23109,,,,,,,,,,8.434057235717773e-06,,2.8437934815883636e-06,,0.2753012776374817,,0.2547633647918701,,0.06988677382469177,,0.021327193826436996,0.044278208166360855,,,,,,,,,,,,,,
7,,23119,,,,,,,,,,6.284564733505249e-06,,2.9550865292549133e-06,,0.24571135640144348,,0.263670414686203,,0.07086214423179626,,0.022189291194081306,0.045178644359111786,,,,,,,,,,,,,,
7,,23129,,,,,,,,,,5.93625009059906e-06,,3.910623490810394e-06,,0.2546381652355194,,0.26172515749931335,,0.09386927634477615,,0.030798666179180145,0.05596558004617691,,,,,,,,,,,,,,
7,,23139,,,,,,,,,,2.6524066925048828e-05,,2.603977918624878e-06,,0.20474517345428467,,0.25766751170158386,,0.10648216307163239,,0.03951343148946762,0.064093679189682,,,,,,,,,,,,,,
7,,23149,,,,,,,,,,6.712973117828369e-06,,2.8978101909160614e-06,,0.264460027217865,,0.2499774694442749,,0.077598936855793,,0.023064032196998596,0.046676069498062134,,,,,,,,,,,,,,
7,,23159,,,,,,,,,,7.681548595428467e-06,,2.6873312890529633e-06,,0.23270004987716675,,0.2643599510192871,,0.07696832716464996,,0.027022380381822586,0.04982934892177582,,,,,,,,,,,,,,
7,,23169,,,,,,,,,,1.1019408702850342e-05,,3.817025572061539e-06,,0.22285926342010498,,0.269417941570282,,0.10877463221549988,,0.04278179258108139,0.06773874908685684,,,,,,,,,,,,,,
7,,23179,,,,,,,,,,5.370005965232849e-06,,2.9490329325199127e-06,,0.2621781826019287,,0.2557027339935303,,0.0861983597278595,,0.030448637902736664,0.054070353507995605,,,,,,,,,,,,,,
7,,23189,,,,,,,,,,8.326023817062378e-06,,5.311798304319382e-06,,0.264992356300354,,0.25077828764915466,,0.07861316204071045,,0.023210421204566956,0.047019898891448975,,,,,,,,,,,,,,
7,,23199,,,,,,,,,,6.059184670448303e-06,,4.469417035579681e-06,,0.24252812564373016,,0.27718961238861084,,0.08084087818861008,,0.02873748168349266,0.0525590181350708,,,,,,,,,,,,,,
7,,23209,,,,,,,,,,8.650124073028564e-06,,6.934627890586853e-06,,0.23719382286071777,,0.25678569078445435,,0.09366541355848312,,0.028176967054605484,0.05352453142404556,,,,,,,,,,,,,,
7,,23219,,,,,,,,,,7.372349500656128e-06,,3.1781382858753204e-06,,0.241655632853508,,0.2571289539337158,,0.07615943253040314,,0.019321169704198837,0.04366626963019371,,,,,,,,,,,,,,
7,,23229,,,,,,,,,,1.432560384273529e-05,,2.798624336719513e-06,,0.248920738697052,,0.2724892795085907,,0.08808623254299164,,0.023983445018529892,0.05020600184798241,,,,,,,,,,,,,,
7,,23239,,,,,,,,,,6.4354389905929565e-06,,4.546716809272766e-06,,0.23678165674209595,,0.28035497665405273,,0.08006484061479568,,0.026529185473918915,0.05083790421485901,,,,,,,,,,,,,,
7,,23249,,,,,,,,,,1.4485791325569153e-05,,5.000736564397812e-06,,0.2711668014526367,,0.24713432788848877,,0.07225251197814941,,0.0289012398570776,0.049997664988040924,,,,,,,,,,,,,,
7,,23259,,,,,,,,,,1.062825322151184e-05,,1.8374994397163391e-06,,0.22500157356262207,,0.2766917943954468,,0.09890975058078766,,0.028340522199869156,0.05542117357254028,,,,,,,,,,,,,,
7,,23269,,,,,,,,,,5.543231964111328e-06,,3.2242387533187866e-06,,0.246355801820755,,0.2589403986930847,,0.10382796823978424,,0.028957463800907135,0.05622439831495285,,,,,,,,,,,,,,
7,,23279,,,,,,,,,,5.3513795137405396e-06,,2.25752592086792e-06,,0.2558659315109253,,0.25851157307624817,,0.07681035995483398,,0.023908115923404694,0.04746078699827194,,,,,,,,,,,,,,
7,,23289,,,,,,,,,,6.770715117454529e-06,,2.1923333406448364e-06,,0.25965651869773865,,0.2550457715988159,,0.09936217963695526,,0.03958161547780037,0.06333021074533463,,,,,,,,,,,,,,
7,,23299,,,,,,,,,,8.024275302886963e-06,,2.2100284695625305e-06,,0.258679062128067,,0.2412743717432022,,0.08172212541103363,,0.02992420457303524,0.05211992189288139,,,,,,,,,,,,,,
7,,23309,,,,,,,,,,1.037493348121643e-05,,1.7820857465267181e-06,,0.2798454761505127,,0.25418299436569214,,0.0720578283071518,,0.022022739052772522,0.04523322358727455,,,,,,,,,,,,,,
7,,23319,,,,,,,,,,1.370161771774292e-05,,2.0833685994148254e-06,,0.25225159525871277,,0.2581535577774048,,0.08010857552289963,,0.025664085522294044,0.04933750629425049,,,,,,,,,,,,,,
7,,23329,,,,,,,,,,7.098540663719177e-06,,2.073124051094055e-06,,0.22421994805335999,,0.27494004368782043,,0.07845145463943481,,0.027766812592744827,0.051062628626823425,,,,,,,,,,,,,,
7,,23339,,,,,,,,,,7.543712854385376e-06,,2.4740584194660187e-06,,0.2258034348487854,,0.26966360211372375,,0.09354892373085022,,0.034015439450740814,0.05835288017988205,,,,,,,,,,,,,,
7,,23349,,,,,,,,,,1.0784715414047241e-05,,2.2887252271175385e-06,,0.21454209089279175,,0.2613189220428467,,0.10313159227371216,,0.03287322819232941,0.05876994878053665,,,,,,,,,,,,,,
7,,23359,,,,,,,,,,4.732981324195862e-06,,1.725275069475174e-06,,0.20056024193763733,,0.2767370641231537,,0.07435177266597748,,0.021833300590515137,0.0456494502723217,,,,,,,,,,,,,,
7,,23369,,,,,,,,,,5.77978789806366e-06,,9.323004633188248e-06,,0.27070796489715576,,0.2520635724067688,,0.072079598903656,,0.022689327597618103,0.045530907809734344,,,,,,,,,,,,,,
7,,23379,,,,,,,,,,7.439404726028442e-06,,3.1548552215099335e-06,,0.24641528725624084,,0.2513419985771179,,0.06626385450363159,,0.023318419232964516,0.04459352791309357,,,,,,,,,,,,,,
7,,23389,,,,,,,,,,5.338340997695923e-06,,2.562534064054489e-06,,0.2822798788547516,,0.237647145986557,,0.06477521359920502,,0.018536118790507317,0.040505021810531616,,,,,,,,,,,,,,
7,,23399,,,,,,,,,,7.368624210357666e-06,,1.873355358839035e-06,,0.2017715722322464,,0.27393871545791626,,0.08641283214092255,,0.029032940044999123,0.05319549888372421,,,,,,,,,,,,,,
7,,23409,,,,,,,,,,5.621463060379028e-06,,1.9692815840244293e-06,,0.24830666184425354,,0.2648710608482361,,0.0733870342373848,,0.023971378803253174,0.0470757782459259,,,,,,,,,,,,,,
7,,23419,,,,,,,,,,6.884336471557617e-06,,1.8472783267498016e-06,,0.26322704553604126,,0.2542952001094818,,0.09483088552951813,,0.029708007350564003,0.05508003383874893,,,,,,,,,,,,,,
7,,23429,,,,,,,,,,4.474073648452759e-06,,1.911073923110962e-06,,0.22700105607509613,,0.2516614496707916,,0.08365105092525482,,0.02721879445016384,0.05056782439351082,,,,,,,,,,,,,,
7,,23439,,,,,,,,,,6.703659892082214e-06,,2.6086345314979553e-06,,0.27556347846984863,,0.24892830848693848,,0.07508941739797592,,0.024957193061709404,0.047706592828035355,,,,,,,,,,,,,,
7,,23449,,,,,,,,,,6.901100277900696e-06,,3.72203066945076e-06,,0.2797498106956482,,0.24647760391235352,,0.07108961790800095,,0.020671378821134567,0.04367547482252121,,,,,,,,,,,,,,
7,,23459,,,,,,,,,,5.768612027168274e-06,,1.6349367797374725e-06,,0.22302943468093872,,0.2859024405479431,,0.09562061727046967,,0.036429066210985184,0.06128093972802162,,,,,,,,,,,,,,
7,,23469,,,,,,,,,,3.345310688018799e-06,,2.225395292043686e-06,,0.226927250623703,,0.2735014855861664,,0.09971414506435394,,0.030722131952643394,0.05723167210817337,,,,,,,,,,,,,,
7,,23479,,,,,,,,,,8.122995495796204e-06,,2.5816261768341064e-06,,0.24671907722949982,,0.25076088309288025,,0.09153234213590622,,0.03043840453028679,0.05465013161301613,,,,,,,,,,,,,,
7,,23489,,,,,,,,,,7.869675755500793e-06,,2.5122426450252533e-06,,0.2209562063217163,,0.27547597885131836,,0.07916093617677689,,0.02576681412756443,0.049682192504405975,,,,,,,,,,,,,,
7,,23499,,,,,,,,,,5.496665835380554e-06,,2.034008502960205e-06,,0.22451543807983398,,0.2672859728336334,,0.08311188220977783,,0.026075033470988274,0.05031212046742439,,,,,,,,,,,,,,
7,,23509,,,,,,,,,,6.847083568572998e-06,,2.5476329028606415e-06,,0.22977453470230103,,0.25816234946250916,,0.09564748406410217,,0.029504459351301193,0.05486968904733658,,,,,,,,,,,,,,
7,,23519,,,,,,,,,,9.475275874137878e-06,,1.5883706510066986e-06,,0.27001050114631653,,0.25172609090805054,,0.08320649713277817,,0.026428017765283585,0.05039839446544647,,,,,,,,,,,,,,
7,,23529,,,,,,,,,,6.26780092716217e-06,,2.2212043404579163e-06,,0.202201247215271,,0.26656681299209595,,0.10557182133197784,,0.031182166188955307,0.05806039646267891,,,,,,,,,,,,,,
7,,23539,,,,,,,,,,6.450340151786804e-06,,3.2316893339157104e-06,,0.2462000548839569,,0.26901599764823914,,0.06494434177875519,,0.02075430564582348,0.043248653411865234,,,,,,,,,,,,,,
7,,23549,,,,,,,,,,5.003064870834351e-06,,2.6472844183444977e-06,,0.2598877251148224,,0.2726910710334778,,0.0913890153169632,,0.032798588275909424,0.05757640302181244,,,,,,,,,,,,,,
7,,23559,,,,,,,,,,3.6284327507019043e-06,,1.4416873455047607e-06,,0.21762067079544067,,0.270871102809906,,0.08102165162563324,,0.02883581817150116,0.05207847058773041,,,,,,,,,,,,,,
7,,23569,,,,,,,,,,1.1395663022994995e-05,,1.9455328583717346e-06,,0.20276015996932983,,0.2621559500694275,,0.07304318249225616,,0.022269684821367264,0.04507353529334068,,,,,,,,,,,,,,
7,,23579,,,,,,,,,,4.51505184173584e-06,,2.684537321329117e-06,,0.22361832857131958,,0.26305902004241943,,0.09017807245254517,,0.03461983799934387,0.057838816195726395,,,,,,,,,,,,,,
7,,23589,,,,,,,,,,6.1783939599990845e-06,,1.543201506137848e-06,,0.22912222146987915,,0.2672803997993469,,0.08107957243919373,,0.026947729289531708,0.05063938349485397,,,,,,,,,,,,,,
7,,23599,,,,,,,,,,3.7606805562973022e-06,,1.2619420886039734e-06,,0.24258163571357727,,0.2719094753265381,,0.10695228725671768,,0.03381383419036865,0.061017345637083054,,,,,,,,,,,,,,
7,,23609,,,,,,,,,,5.194917321205139e-06,,2.316199243068695e-06,,0.2775704562664032,,0.25963056087493896,,0.09172537922859192,,0.03332868218421936,0.05763206258416176,,,,,,,,,,,,,,
7,,23619,,,,,,,,,,3.676861524581909e-06,,2.03913077712059e-06,,0.27428221702575684,,0.2452118694782257,,0.0769205242395401,,0.028074655681848526,0.05019940435886383,,,,,,,,,,,,,,
7,,23629,,,,,,,,,,3.125518560409546e-06,,1.3317912817001343e-06,,0.175361767411232,,0.28709807991981506,,0.08175579458475113,,0.026878103613853455,0.05101299285888672,,,,,,,,,,,,,,
7,,23639,,,,,,,,,,3.645196557044983e-06,,1.4435499906539917e-06,,0.19687825441360474,,0.28113770484924316,,0.08296608924865723,,0.026450440287590027,0.050891902297735214,,,,,,,,,,,,,,
7,,23649,,,,,,,,,,3.421679139137268e-06,,1.6153790056705475e-06,,0.25181832909584045,,0.2699376344680786,,0.07614760100841522,,0.021933402866125107,0.0463433712720871,,,,,,,,,,,,,,
7,,23659,,,,,,,,,,5.906447768211365e-06,,1.27498060464859e-06,,0.22274670004844666,,0.2705996334552765,,0.08706842362880707,,0.024860095232725143,0.05027735233306885,,,,,,,,,,,,,,
7,,23669,,,,,,,,,,5.364418029785156e-06,,2.88989394903183e-06,,0.25242993235588074,,0.2747821807861328,,0.07872577011585236,,0.027901576831936836,0.051538437604904175,,,,,,,,,,,,,,
7,,23679,,,,,,,,,,5.97536563873291e-06,,1.5832483768463135e-06,,0.24722354114055634,,0.24479073286056519,,0.07830169796943665,,0.024680670350790024,0.047575414180755615,,,,,,,,,,,,,,
7,,23689,,,,,,,,,,9.335577487945557e-06,,1.7317943274974823e-06,,0.2574614882469177,,0.25918397307395935,,0.07995721697807312,,0.02767779678106308,0.050929147750139236,,,,,,,,,,,,,,
7,,23699,,,,,,,,,,4.176050424575806e-06,,2.149958163499832e-06,,0.26590269804000854,,0.25529325008392334,,0.08840370178222656,,0.027141693979501724,0.05202759802341461,,,,,,,,,,,,,,
7,,23709,,,,,,,,,,5.533918738365173e-06,,1.0761432349681854e-06,,0.24760490655899048,,0.26377373933792114,,0.08164120465517044,,0.026947297155857086,0.050796620547771454,,,,,,,,,,,,,,
7,,23719,,,,,,,,,,8.327886462211609e-06,,2.848450094461441e-06,,0.24859261512756348,,0.2546578645706177,,0.08005125820636749,,0.02903408370912075,0.051648080348968506,,,,,,,,,,,,,,
7,,23729,,,,,,,,,,3.7029385566711426e-06,,1.9222497940063477e-06,,0.2624700367450714,,0.23012185096740723,,0.07870720326900482,,0.02160070836544037,0.04483186826109886,,,,,,,,,,,,,,
7,,23739,,,,,,,,,,3.557652235031128e-06,,2.3311004042625427e-06,,0.22656720876693726,,0.2702515721321106,,0.08410675078630447,,0.02352817729115486,0.04875118285417557,,,,,,,,,,,,,,
7,,23749,,,,,,,,,,5.2228569984436035e-06,,2.38930806517601e-06,,0.2084314227104187,,0.2725546956062317,,0.08506063371896744,,0.028392210602760315,0.052474405616521835,,,,,,,,,,,,,,
7,,23759,,,,,,,,,,5.261972546577454e-06,,2.73948535323143e-06,,0.25609785318374634,,0.2541239261627197,,0.0755704939365387,,0.01855112612247467,0.0430065281689167,,,,,,,,,,,,,,
7,,23769,,,,,,,,,,4.59328293800354e-06,,8.128117769956589e-06,,0.2106996476650238,,0.2671526074409485,,0.10354553908109665,,0.031188635155558586,0.057812321931123734,,,,,,,,,,,,,,
7,,23779,,,,,,,,,,4.4833868741989136e-06,,5.566049367189407e-06,,0.22770893573760986,,0.27799397706985474,,0.08676839619874954,,0.02724136784672737,0.05241234973073006,,,,,,,,,,,,,,
7,,23789,,,,,,,,,,4.872679710388184e-06,,1.7331913113594055e-06,,0.2310149371623993,,0.2727055847644806,,0.06957969069480896,,0.02358967997133732,0.046240027993917465,,,,,,,,,,,,,,
7,,23799,,,,,,,,,,5.863606929779053e-06,,1.6847625374794006e-06,,0.26560038328170776,,0.2555776834487915,,0.07268229871988297,,0.025869220495224,0.04813431575894356,,,,,,,,,,,,,,
7,,23809,,,,,,,,,,1.1922791600227356e-05,,1.8132850527763367e-06,,0.2334735244512558,,0.26180073618888855,,0.09214025735855103,,0.03260694816708565,0.056753307580947876,,,,,,,,,,,,,,
7,,23819,,,,,,,,,,6.6552311182022095e-06,,2.3636966943740845e-06,,0.24413272738456726,,0.2630798816680908,,0.08522425591945648,,0.02474804036319256,0.04974553734064102,,,,,,,,,,,,,,
7,,23829,,,,,,,,,,1.0959804058074951e-05,,2.336222678422928e-06,,0.24003496766090393,,0.27155935764312744,,0.08286698907613754,,0.024028470739722252,0.04911317303776741,,,,,,,,,,,,,,
7,,23839,,,,,,,,,,5.0496309995651245e-06,,2.9122456908226013e-06,,0.21639412641525269,,0.2585805654525757,,0.08541617542505264,,0.024881083518266678,0.0493452362716198,,,,,,,,,,,,,,
7,,23849,,,,,,,,,,3.991648554801941e-06,,2.0740553736686707e-06,,0.2675168812274933,,0.25977057218551636,,0.08678817749023438,,0.029386471956968307,0.05363744869828224,,,,,,,,,,,,,,
7,,23859,,,,,,,,,,6.685033440589905e-06,,2.842862159013748e-06,,0.24817684292793274,,0.266193687915802,,0.08530686795711517,,0.03421743959188461,0.05705821514129639,,,,,,,,,,,,,,
7,,23869,,,,,,,,,,6.05359673500061e-06,,1.7276033759117126e-06,,0.2568434476852417,,0.2695387601852417,,0.08837492763996124,,0.028187276795506477,0.053368307650089264,,,,,,,,,,,,,,
7,,23879,,,,,,,,,,6.4838677644729614e-06,,1.5120021998882294e-06,,0.27806293964385986,,0.23639360070228577,,0.07068385928869247,,0.02199588716030121,0.04410041496157646,,,,,,,,,,,,,,
7,,23889,,,,,,,,,,3.917142748832703e-06,,2.2659078240394592e-06,,0.2244260311126709,,0.28117644786834717,,0.08210687339305878,,0.024003924801945686,0.04922014847397804,,,,,,,,,,,,,,
7,,23899,,,,,,,,,,5.086883902549744e-06,,2.178829163312912e-06,,0.19270023703575134,,0.27480724453926086,,0.09018228203058243,,0.03403359651565552,0.05758824199438095,,,,,,,,,,,,,,
7,,23909,,,,,,,,,,6.660819053649902e-06,,1.93202868103981e-06,,0.25034093856811523,,0.2600325644016266,,0.0828029215335846,,0.028645021840929985,0.052144765853881836,,,,,,,,,,,,,,
7,,23919,,,,,,,,,,1.7832964658737183e-05,,2.3283064365386963e-06,,0.21732279658317566,,0.2678661644458771,,0.07112322747707367,,0.022733209654688835,0.04549961909651756,,,,,,,,,,,,,,
7,,23929,,,,,,,,,,8.763745427131653e-06,,1.691281795501709e-06,,0.24227429926395416,,0.2655373215675354,,0.0686558187007904,,0.016980567947030067,0.04090460389852524,,,,,,,,,,,,,,
7,,23939,,,,,,,,,,2.150610089302063e-05,,3.0561350286006927e-06,,0.25136810541152954,,0.24945491552352905,,0.07976309955120087,,0.02494203858077526,0.048312846571207047,,,,,,,,,,,,,,
7,,23949,,,,,,,,,,7.5660645961761475e-06,,2.825632691383362e-06,,0.2564765512943268,,0.25794118642807007,,0.09810099005699158,,0.03395935893058777,0.05897444486618042,,,,,,,,,,,,,,
7,,23959,,,,,,,,,,8.998438715934753e-06,,2.0014122128486633e-06,,0.26574522256851196,,0.2604261636734009,,0.075538769364357,,0.02235236018896103,0.0462607741355896,,,,,,,,,,,,,,
7,,23969,,,,,,,,,,7.16187059879303e-06,,1.7290003597736359e-06,,0.2834519147872925,,0.24577899277210236,,0.08136588335037231,,0.02810678631067276,0.0511912927031517,,,,,,,,,,,,,,
7,,23979,,,,,,,,,,6.794929504394531e-06,,1.8365681171417236e-06,,0.2278365194797516,,0.26029762625694275,,0.08629688620567322,,0.02383888140320778,0.04894319921731949,,,,,,,,,,,,,,
7,,23989,,,,,,,,,,8.005648851394653e-06,,2.3068860173225403e-06,,0.25857803225517273,,0.23961099982261658,,0.0742763876914978,,0.02303023636341095,0.04547259211540222,,,,,,,,,,,,,,
7,,23999,,,,,,,,,,9.173527359962463e-06,,1.9529834389686584e-06,,0.24781636893749237,,0.2574925720691681,,0.07729482650756836,,0.027334950864315033,0.049980271607637405,,,,,,,,,,,,,,
7,,24009,,,,,,,,,,6.7427754402160645e-06,,2.2435560822486877e-06,,0.2454647719860077,,0.26984715461730957,,0.09783376008272171,,0.031596675515174866,0.05758102983236313,,,,,,,,,,,,,,
7,,24019,,,,,,,,,,8.003786206245422e-06,,2.9117800295352936e-06,,0.23070263862609863,,0.2667393684387207,,0.08361971378326416,,0.027405552566051483,0.0514523908495903,,,,,,,,,,,,,,
7,,24029,,,,,,,,,,8.853152394294739e-06,,5.762558430433273e-06,,0.25699296593666077,,0.24331189692020416,,0.0750473290681839,,0.02302078902721405,0.045765046030282974,,,,,,,,,,,,,,
7,,24039,,,,,,,,,,5.7853758335113525e-06,,1.1860392987728119e-06,,0.21327465772628784,,0.25456538796424866,,0.09029193967580795,,0.029987409710884094,0.053865522146224976,,,,,,,,,,,,,,
7,,24049,,,,,,,,,,7.4319541454315186e-06,,1.5594996511936188e-06,,0.2807687520980835,,0.24924618005752563,,0.06444622576236725,,0.018695514649152756,0.0410890206694603,,,,,,,,,,,,,,
7,,24059,,,,,,,,,,6.644055247306824e-06,,1.0128132998943329e-06,,0.23197723925113678,,0.26151829957962036,,0.08946467936038971,,0.03304498270153999,0.056549329310655594,,,,,,,,,,,,,,
7,,24069,,,,,,,,,,5.738809704780579e-06,,1.1757947504520416e-06,,0.253803014755249,,0.2491445690393448,,0.08470024168491364,,0.02932911179959774,0.052543871104717255,,,,,,,,,,,,,,
7,,24079,,,,,,,,,,4.101544618606567e-06,,1.755543053150177e-06,,0.27509617805480957,,0.260410338640213,,0.08658488094806671,,0.03215673565864563,0.055796366184949875,,,,,,,,,,,,,,
7,,24089,,,,,,,,,,3.46451997756958e-06,,1.1953525245189667e-06,,0.26697421073913574,,0.2569578289985657,,0.08417321741580963,,0.024898480623960495,0.049641966819763184,,,,,,,,,,,,,,
7,,24099,,,,,,,,,,3.2298266887664795e-06,,1.0919757187366486e-06,,0.20715519785881042,,0.2747228741645813,,0.09211211651563644,,0.032822247594594955,0.057206910103559494,,,,,,,,,,,,,,
7,,24109,,,,,,,,,,4.451721906661987e-06,,2.798158675432205e-06,,0.2442319691181183,,0.2698380947113037,,0.0847223699092865,,0.028414301574230194,0.052719809114933014,,,,,,,,,,,,,,
7,,24119,,,,,,,,,,4.295259714126587e-06,,1.564621925354004e-06,,0.24189220368862152,,0.2618749141693115,,0.09110312163829803,,0.023833848536014557,0.05007951334118843,,,,,,,,,,,,,,
7,,24129,,,,,,,,,,3.829598426818848e-06,,1.957174390554428e-06,,0.19742687046527863,,0.27980905771255493,,0.07731922715902328,,0.0250314399600029,0.048712484538555145,,,,,,,,,,,,,,
7,,24139,,,,,,,,,,5.770474672317505e-06,,1.5995465219020844e-06,,0.22873033583164215,,0.26088038086891174,,0.09269136190414429,,0.028474673628807068,0.05365794524550438,,,,,,,,,,,,,,
7,,24149,,,,,,,,,,5.248934030532837e-06,,3.0240043997764587e-06,,0.23049777746200562,,0.2687568664550781,,0.0891498401761055,,0.027997460216283798,0.05302577465772629,,,,,,,,,,,,,,
7,,24159,,,,,,,,,,6.206333637237549e-06,,2.4498440325260162e-06,,0.23601621389389038,,0.26523512601852417,,0.08686993271112442,,0.024045690894126892,0.04953319951891899,,,,,,,,,,,,,,
7,,24169,,,,,,,,,,1.2341886758804321e-05,,1.762527972459793e-06,,0.2062794417142868,,0.27316173911094666,,0.10429322719573975,,0.0358651727437973,0.06169072538614273,,,,,,,,,,,,,,
7,,24179,,,,,,,,,,6.388872861862183e-06,,1.2451782822608948e-06,,0.2656558156013489,,0.25596874952316284,,0.0734587013721466,,0.025508232414722443,0.04802810773253441,,,,,,,,,,,,,,
7,,24189,,,,,,,,,,1.0251998901367188e-05,,1.5133991837501526e-06,,0.2593824565410614,,0.26106488704681396,,0.071317158639431,,0.02478598989546299,0.04725005850195885,,,,,,,,,,,,,,
7,,24199,,,,,,,,,,9.55536961555481e-06,,1.2102536857128143e-06,,0.25527259707450867,,0.2583652138710022,,0.08833944797515869,,0.027504712343215942,0.052307307720184326,,,,,,,,,,,,,,
7,,24209,,,,,,,,,,7.966533303260803e-06,,1.9301660358905792e-06,,0.27522528171539307,,0.25922515988349915,,0.08002371340990067,,0.024194374680519104,0.04853856563568115,,,,,,,,,,,,,,
7,,24219,,,,,,,,,,7.538124918937683e-06,,2.223532646894455e-06,,0.2219359576702118,,0.2612617313861847,,0.10104291141033173,,0.03926564007997513,0.06325768679380417,,,,,,,,,,,,,,
7,,24229,,,,,,,,,,1.9997358322143555e-05,,2.318061888217926e-06,,0.3018410801887512,,0.24734216928482056,,0.07278431206941605,,0.02426939457654953,0.04699196293950081,,,,,,,,,,,,,,
7,,24239,,,,,,,,,,1.0943040251731873e-05,,2.378597855567932e-06,,0.2030525505542755,,0.2577120065689087,,0.09191077947616577,,0.03058096021413803,0.054642122238874435,,,,,,,,,,,,,,
7,,24249,,,,,,,,,,4.995614290237427e-06,,1.8980354070663452e-06,,0.21716362237930298,,0.26125043630599976,,0.08847729861736298,,0.028925202786922455,0.05308736860752106,,,,,,,,,,,,,,
7,,24259,,,,,,,,,,6.100162863731384e-06,,1.391395926475525e-06,,0.2698264718055725,,0.23810356855392456,,0.08199907094240189,,0.024681581184267998,0.0482209250330925,,,,,,,,,,,,,,
7,,24269,,,,,,,,,,9.348616003990173e-06,,1.4146789908409119e-06,,0.2101507931947708,,0.2671014070510864,,0.08333174884319305,,0.025454528629779816,0.04971083253622055,,,,,,,,,,,,,,
7,,24279,,,,,,,,,,5.714595317840576e-06,,1.3578683137893677e-06,,0.279448926448822,,0.24863958358764648,,0.098107248544693,,0.0288512222468853,0.054976724088191986,,,,,,,,,,,,,,
7,,24289,,,,,,,,,,5.414709448814392e-06,,1.2950040400028229e-06,,0.22251209616661072,,0.26277583837509155,,0.09236292541027069,,0.02553805708885193,0.05140933021903038,,,,,,,,,,,,,,
7,,24299,,,,,,,,,,7.990747690200806e-06,,1.5962868928909302e-06,,0.25969499349594116,,0.26146066188812256,,0.10997049510478973,,0.045398518443107605,0.06998471915721893,,,,,,,,,,,,,,
7,,24309,,,,,,,,,,6.429851055145264e-06,,1.3406388461589813e-06,,0.2708439230918884,,0.26572561264038086,,0.09531697630882263,,0.02997327595949173,0.055995408445596695,,,,,,,,,,,,,,
7,,24319,,,,,,,,,,4.472211003303528e-06,,8.908100426197052e-07,,0.22918644547462463,,0.2670794725418091,,0.08149410039186478,,0.027589645236730576,0.051190007477998734,,,,,,,,,,,,,,
7,,24329,,,,,,,,,,6.102025508880615e-06,,9.229406714439392e-07,,0.2057628035545349,,0.2856454849243164,,0.08162220567464828,,0.03125159442424774,0.05455710366368294,,,,,,,,,,,,,,
7,,24339,,,,,,,,,,5.012378096580505e-06,,1.735985279083252e-06,,0.22580532729625702,,0.26782894134521484,,0.08722952008247375,,0.03222142904996872,0.055735863745212555,,,,,,,,,,,,,,
7,,24349,,,,,,,,,,5.109235644340515e-06,,1.8975697457790375e-06,,0.26667675375938416,,0.23874357342720032,,0.09151463210582733,,0.028953589498996735,0.05320340767502785,,,,,,,,,,,,,,
7,,24359,,,,,,,,,,4.120171070098877e-06,,3.6205165088176727e-06,,0.2145049124956131,,0.28421443700790405,,0.09382650256156921,,0.03215977922081947,0.05756264925003052,,,,,,,,,,,,,,
7,,24369,,,,,,,,,,6.489455699920654e-06,,2.2333115339279175e-06,,0.23507839441299438,,0.2714506983757019,,0.09129072725772858,,0.030660562217235565,0.055605094879865646,,,,,,,,,,,,,,
7,,24379,,,,,,,,,,6.3907355070114136e-06,,1.2209638953208923e-06,,0.22514232993125916,,0.2623254060745239,,0.09748554974794388,,0.030877824872732162,0.056385576725006104,,,,,,,,,,,,,,
7,,24389,,,,,,,,,,2.8274953365325928e-06,,1.3168901205062866e-06,,0.23260146379470825,,0.25674694776535034,,0.08460113406181335,,0.026424910873174667,0.05045453459024429,,,,,,,,,,,,,,
7,,24399,,,,,,,,,,2.8274953365325928e-06,,1.0998919606208801e-06,,0.2329450249671936,,0.27237480878829956,,0.07285834848880768,,0.02467360347509384,0.047675181180238724,,,,,,,,,,,,,,
7,,24409,,,,,,,,,,4.809349775314331e-06,,1.5124678611755371e-06,,0.19380897283554077,,0.2807808518409729,,0.08814933896064758,,0.024425361305475235,0.050292108207941055,,,,,,,,,,,,,,
7,,24419,,,,,,,,,,3.5334378480911255e-06,,1.0230578482151031e-06,,0.23650261759757996,,0.25807487964630127,,0.08454298973083496,,0.029059451073408127,0.052528008818626404,,,,,,,,,,,,,,
7,,24429,,,,,,,,,,5.645677447319031e-06,,1.3653188943862915e-06,,0.26566609740257263,,0.260233998298645,,0.08013826608657837,,0.027867324650287628,0.05125068500638008,,,,,,,,,,,,,,
7,,24439,,,,,,,,,,4.362314939498901e-06,,1.0207295417785645e-06,,0.2409462034702301,,0.26587411761283875,,0.07716073095798492,,0.025207065045833588,0.048671260476112366,,,,,,,,,,,,,,
7,,24449,,,,,,,,,,4.248693585395813e-06,,1.148320734500885e-06,,0.17876872420310974,,0.2685108184814453,,0.08627624064683914,,0.026406779885292053,0.0506756454706192,,,,,,,,,,,,,,
7,,24459,,,,,,,,,,5.319714546203613e-06,,1.0807998478412628e-06,,0.22778376936912537,,0.26132750511169434,,0.07681833207607269,,0.027982134371995926,0.05032139644026756,,,,,,,,,,,,,,
7,,24469,,,,,,,,,,5.392357707023621e-06,,1.455657184123993e-06,,0.2296166718006134,,0.2654743790626526,,0.09321707487106323,,0.031827446073293686,0.056497517973184586,,,,,,,,,,,,,,
7,,24479,,,,,,,,,,4.4852495193481445e-06,,1.8640421330928802e-06,,0.2613814175128937,,0.2426857054233551,,0.06501704454421997,,0.019262006506323814,0.04108619689941406,,,,,,,,,,,,,,
7,,24489,,,,,,,,,,5.02169132232666e-06,,1.8444843590259552e-06,,0.2578205168247223,,0.2506116032600403,,0.08540232479572296,,0.02283063530921936,0.04791637882590294,,,,,,,,,,,,,,
7,,24499,,,,,,,,,,8.361414074897766e-06,,9.867362678050995e-07,,0.2545969486236572,,0.2596060037612915,,0.08063765615224838,,0.0288794357329607,0.051944419741630554,,,,,,,,,,,,,,
7,,24509,,,,,,,,,,9.799376130104065e-06,,1.428648829460144e-06,,0.23377035558223724,,0.2528013288974762,,0.08278706669807434,,0.028143547475337982,0.05123231187462807,,,,,,,,,,,,,,
7,,24519,,,,,,,,,,5.7462602853775024e-06,,1.8957071006298065e-06,,0.21128720045089722,,0.25964438915252686,,0.09618686884641647,,0.027810746803879738,0.053553033620119095,,,,,,,,,,,,,,
7,,24529,,,,,,,,,,5.39049506187439e-06,,2.910848706960678e-06,,0.27535656094551086,,0.2625407576560974,,0.07989480346441269,,0.024385975673794746,0.04881512001156807,,,,,,,,,,,,,,
7,,24539,,,,,,,,,,5.463138222694397e-06,,1.6624107956886292e-06,,0.257255494594574,,0.2644634246826172,,0.08934634923934937,,0.03111051768064499,0.055510323494672775,,,,,,,,,,,,,,
7,,24549,,,,,,,,,,4.332512617111206e-06,,1.3667158782482147e-06,,0.2622944712638855,,0.24939356744289398,,0.07295992970466614,,0.021704252809286118,0.0447331927716732,,,,,,,,,,,,,,
7,,24559,,,,,,,,,,5.055218935012817e-06,,1.7867423593997955e-06,,0.27981501817703247,,0.25433436036109924,,0.07630855590105057,,0.021688688546419144,0.04578656703233719,,,,,,,,,,,,,,
7,,24569,,,,,,,,,,3.6079436540603638e-06,,9.401701390743256e-07,,0.2817820906639099,,0.26500728726387024,,0.08450281620025635,,0.024065986275672913,0.049630239605903625,,,,,,,,,,,,,,
7,,24579,,,,,,,,,,6.118789315223694e-06,,1.3238750398159027e-06,,0.2506313920021057,,0.25478315353393555,,0.07737481594085693,,0.0245011318475008,0.04777534678578377,,,,,,,,,,,,,,
7,,24589,,,,,,,,,,3.5651028156280518e-06,,1.684296876192093e-06,,0.260670006275177,,0.2673299312591553,,0.0643744245171547,,0.025870414450764656,0.04707033187150955,,,,,,,,,,,,,,
7,,24599,,,,,,,,,,6.707385182380676e-06,,1.4817342162132263e-06,,0.2515803873538971,,0.25247031450271606,,0.0763992965221405,,0.02337084710597992,0.04664715752005577,,,,,,,,,,,,,,
7,,24609,,,,,,,,,,4.7478824853897095e-06,,2.074986696243286e-06,,0.24608629941940308,,0.2569376826286316,,0.07964368909597397,,0.02577223628759384,0.04920216649770737,,,,,,,,,,,,,,
7,,24619,,,,,,,,,,6.759539246559143e-06,,1.2763775885105133e-06,,0.2295713573694229,,0.26124489307403564,,0.08566974848508835,,0.025115054100751877,0.049847692251205444,,,,,,,,,,,,,,
7,,24629,,,,,,,,,,4.742294549942017e-06,,2.4889595806598663e-06,,0.27952149510383606,,0.24450460076332092,,0.0801887959241867,,0.022618340328335762,0.04674737527966499,,,,,,,,,,,,,,
7,,24639,,,,,,,,,,5.597248673439026e-06,,1.6344711184501648e-06,,0.2321757823228836,,0.2745070457458496,,0.0842914953827858,,0.02970234863460064,0.05368286371231079,,,,,,,,,,,,,,
7,,24649,,,,,,,,,,7.946044206619263e-06,,2.1900050342082977e-06,,0.21567252278327942,,0.2780603766441345,,0.08217110484838486,,0.027813540771603584,0.05184140056371689,,,,,,,,,,,,,,
7,,24659,,,,,,,,,,5.686655640602112e-06,,1.2847594916820526e-06,,0.2396603524684906,,0.2621334195137024,,0.06733964383602142,,0.018828313797712326,0.04185367003083229,,,,,,,,,,,,,,
7,,24669,,,,,,,,,,4.341825842857361e-06,,1.9022263586521149e-06,,0.2349759042263031,,0.2719225287437439,,0.09270390123128891,,0.03203392028808594,0.05692132189869881,,,,,,,,,,,,,,
7,,24679,,,,,,,,,,5.5246055126190186e-06,,1.6354024410247803e-06,,0.2321670949459076,,0.2754480242729187,,0.06818454712629318,,0.021895859390497208,0.04484979063272476,,,,,,,,,,,,,,
7,,24689,,,,,,,,,,9.845942258834839e-06,,1.979060471057892e-06,,0.28406625986099243,,0.24927033483982086,,0.07431863248348236,,0.024568181484937668,0.04738590866327286,,,,,,,,,,,,,,
7,,24699,,,,,,,,,,5.148351192474365e-06,,2.2924505174160004e-06,,0.20873112976551056,,0.2693125605583191,,0.0910855233669281,,0.03270130604505539,0.05668845772743225,,,,,,,,,,,,,,
7,,24709,,,,,,,,,,5.234032869338989e-06,,3.1711533665657043e-06,,0.2106592059135437,,0.2739112377166748,,0.08604258298873901,,0.027389254420995712,0.051995884627103806,,,,,,,,,,,,,,
7,,24719,,,,,,,,,,7.91996717453003e-06,,2.096407115459442e-06,,0.264534592628479,,0.25665995478630066,,0.09166475385427475,,0.03049565851688385,0.05520332604646683,,,,,,,,,,,,,,
7,,24729,,,,,,,,,,0.00013804994523525238,,2.971850335597992e-06,,0.24781717360019684,,0.2635340690612793,,0.09559452533721924,,0.028942791745066643,0.0549018494784832,,,,,,,,,,,,,,
7,,24739,,,,,,,,,,5.7891011238098145e-06,,2.387911081314087e-06,,0.19827105104923248,,0.2649901509284973,,0.09135197103023529,,0.02587762102484703,0.051294147968292236,,,,,,,,,,,,,,
7,,24749,,,,,,,,,,9.173527359962463e-06,,2.5597400963306427e-06,,0.28008541464805603,,0.24383869767189026,,0.08250363171100616,,0.028206977993249893,0.05134940519928932,,,,,,,,,,,,,,
7,,24759,,,,,,,,,,4.520639777183533e-06,,1.6191042959690094e-06,,0.27677878737449646,,0.24683038890361786,,0.07421142607927322,,0.021051809191703796,0.0445280522108078,,,,,,,,,,,,,,
7,,24769,,,,,,,,,,8.763745427131653e-06,,7.451046258211136e-06,,0.29100295901298523,,0.2477414906024933,,0.081754170358181,,0.023626502603292465,0.048083625733852386,,,,,,,,,,,,,,
7,,24779,,,,,,,,,,3.887340426445007e-06,,2.295244485139847e-06,,0.28984570503234863,,0.2497798502445221,,0.07856446504592896,,0.026989400386810303,0.05009019002318382,,,,,,,,,,,,,,
7,,24789,,,,,,,,,,3.647059202194214e-06,,1.945067197084427e-06,,0.26963016390800476,,0.24977236986160278,,0.08445069938898087,,0.02424350380897522,0.04889689013361931,,,,,,,,,,,,,,
7,,24799,,,,,,,,,,8.106231689453125e-06,,2.1141022443771362e-06,,0.2487020194530487,,0.2658543884754181,,0.08929134160280228,,0.026532825082540512,0.052030861377716064,,,,,,,,,,,,,,
7,,24809,,,,,,,,,,5.5283308029174805e-06,,2.620276063680649e-06,,0.2074912190437317,,0.2666805386543274,,0.07961975038051605,,0.02955199033021927,0.05203760415315628,,,,,,,,,,,,,,
7,,24819,,,,,,,,,,5.844980478286743e-06,,2.3581087589263916e-06,,0.2373613864183426,,0.2573402225971222,,0.06556783616542816,,0.019603237509727478,0.04185102880001068,,,,,,,,,,,,,,
7,,24829,,,,,,,,,,1.0099261999130249e-05,,2.2314488887786865e-06,,0.25907066464424133,,0.2637534737586975,,0.07850821316242218,,0.026905832812190056,0.050311390310525894,,,,,,,,,,,,,,
7,,24839,,,,,,,,,,5.96754252910614e-05,,1.6414560377597809e-06,,0.25679153203964233,,0.26110342144966125,,0.08332668244838715,,0.029975565150380135,0.053367000073194504,,,,,,,,,,,,,,
7,,24849,,,,,,,,,,8.538365364074707e-06,,1.5147961676120758e-06,,0.22779913246631622,,0.2670474350452423,,0.09819382429122925,,0.03305153176188469,0.05840162932872772,,,,,,,,,,,,,,
7,,24859,,,,,,,,,,5.731359124183655e-06,,1.3383105397224426e-06,,0.2250562310218811,,0.2620672583580017,,0.09405137598514557,,0.030731355771422386,0.055618517100811005,,,,,,,,,,,,,,
7,,24869,,,,,,,,,,6.388872861862183e-06,,1.5650875866413116e-06,,0.2605111002922058,,0.27467578649520874,,0.08552667498588562,,0.02830854244530201,0.05320895090699196,,,,,,,,,,,,,,
7,,24879,,,,,,,,,,6.780028343200684e-06,,1.4728866517543793e-06,,0.24399852752685547,,0.2633237838745117,,0.06418898701667786,,0.015670642256736755,0.03900061175227165,,,,,,,,,,,,,,
7,,24889,,,,,,,,,,8.67992639541626e-06,,3.034248948097229e-06,,0.20580925047397614,,0.2842552959918976,,0.08299659192562103,,0.026403434574604034,0.051113229244947433,,,,,,,,,,,,,,
7,,24899,,,,,,,,,,8.404254913330078e-06,,1.3667158782482147e-06,,0.267962247133255,,0.26952695846557617,,0.07720191776752472,,0.025613460689783096,0.04947179928421974,,,,,,,,,,,,,,
7,,24909,,,,,,,,,,8.231028914451599e-06,,2.0903535187244415e-06,,0.23747628927230835,,0.270529180765152,,0.08315187692642212,,0.029227379709482193,0.0529884435236454,,,,,,,,,,,,,,
7,,24919,,,,,,,,,,5.809590220451355e-06,,3.853347152471542e-06,,0.2676428556442261,,0.25602856278419495,,0.09089301526546478,,0.02797018736600876,0.05317085608839989,,,,,,,,,,,,,,
7,,24929,,,,,,,,,,9.233132004737854e-06,,4.6510249376297e-06,,0.2489817589521408,,0.25749945640563965,,0.08504202216863632,,0.02749905362725258,0.05157032608985901,,,,,,,,,,,,,,
7,,24939,,,,,,,,,,8.249655365943909e-06,,2.345070242881775e-06,,0.23838749527931213,,0.251120001077652,,0.07591310143470764,,0.021688073873519897,0.045075636357069016,,,,,,,,,,,,,,
7,,24949,,,,,,,,,,7.80448317527771e-06,,2.085696905851364e-06,,0.2878131866455078,,0.2445947676897049,,0.0721757635474205,,0.023965397849678993,0.046356525272130966,,,,,,,,,,,,,,
7,,24959,,,,,,,,,,6.787478923797607e-06,,3.093387931585312e-06,,0.2112778276205063,,0.2658187747001648,,0.10347410291433334,,0.02913488820195198,0.05620246380567551,,,,,,,,,,,,,,
7,,24969,,,,,,,,,,9.035691618919373e-06,,2.101995050907135e-06,,0.27620816230773926,,0.2560760974884033,,0.07628287374973297,,0.024143613874912262,0.047662779688835144,,,,,,,,,,,,,,
7,,24979,,,,,,,,,,7.5660645961761475e-06,,2.7921050786972046e-06,,0.20404493808746338,,0.2563614845275879,,0.08406136184930801,,0.027223143726587296,0.05059932917356491,,,,,,,,,,,,,,
7,,24989,,,,,,,,,,6.245449185371399e-06,,3.2763928174972534e-06,,0.2730802893638611,,0.2573687434196472,,0.0914517492055893,,0.03226851671934128,0.05662675201892853,,,,,,,,,,,,,,
7,,24999,,,,,,,,,,1.6851350665092468e-05,,1.9995495676994324e-06,,0.21027782559394836,,0.26139765977859497,,0.07630287110805511,,0.025488149374723434,0.0481518879532814,,,,,,,,,,,,,,
7,,25009,,,,,,,,,,1.593679189682007e-05,,2.3348256945610046e-06,,0.2774520814418793,,0.24831166863441467,,0.07792384177446365,,0.02273084968328476,0.04656124487519264,,,,,,,,,,,,,,
7,,25019,,,,,,,,,,6.029382348060608e-06,,1.3783574104309082e-06,,0.23975606262683868,,0.2588381767272949,,0.08031897991895676,,0.0258469395339489,0.04939976707100868,,,,,,,,,,,,,,
7,,25029,,,,,,,,,,1.753494143486023e-05,,3.3508986234664917e-06,,0.24106255173683167,,0.25119292736053467,,0.07355721294879913,,0.022269882261753082,0.045105043798685074,,,,,,,,,,,,,,
7,,25039,,,,,,,,,,2.602487802505493e-05,,5.012843757867813e-06,,0.20606330037117004,,0.28049421310424805,,0.08119255304336548,,0.026811422780156136,0.05090760439634323,,,,,,,,,,,,,,
7,,25049,,,,,,,,,,1.2401491403579712e-05,,1.6326084733009338e-06,,0.23968254029750824,,0.2597103714942932,,0.07972853630781174,,0.026000041514635086,0.04944392293691635,,,,,,,,,,,,,,
7,,25059,,,,,,,,,,5.966052412986755e-06,,2.2756867110729218e-06,,0.26145508885383606,,0.24739804863929749,,0.07624794542789459,,0.025419294834136963,0.04803341254591942,,,,,,,,,,,,,,
7,,25069,,,,,,,,,,1.2006610631942749e-05,,2.1904706954956055e-06,,0.24993965029716492,,0.2649027705192566,,0.07806878536939621,,0.026545334607362747,0.04990539699792862,,,,,,,,,,,,,,
7,,25079,,,,,,,,,,8.5439532995224e-06,,1.7345882952213287e-06,,0.23858964443206787,,0.2643924653530121,,0.0971909761428833,,0.030602140352129936,0.05637805908918381,,,,,,,,,,,,,,
7,,25089,,,,,,,,,,9.59448516368866e-06,,2.2156164050102234e-06,,0.2368830144405365,,0.2693989872932434,,0.0895913764834404,,0.03100905939936638,0.05547278746962547,,,,,,,,,,,,,,
7,,25099,,,,,,,,,,1.2407079339027405e-05,,1.9562430679798126e-06,,0.24326491355895996,,0.264557808637619,,0.08135528862476349,,0.029889240860939026,0.052935890853405,,,,,,,,,,,,,,
7,,25109,,,,,,,,,,6.446614861488342e-06,,4.345551133155823e-06,,0.24836911261081696,,0.2464238703250885,,0.0752798467874527,,0.021159134805202484,0.04445689171552658,,,,,,,,,,,,,,
7,,25119,,,,,,,,,,9.121373295783997e-06,,2.595130354166031e-06,,0.2311643809080124,,0.27110791206359863,,0.09634518623352051,,0.028218718245625496,0.05465926229953766,,,,,,,,,,,,,,
7,,25129,,,,,,,,,,9.519979357719421e-06,,2.6011839509010315e-06,,0.24387118220329285,,0.2768394351005554,,0.07733894139528275,,0.02659907191991806,0.050297364592552185,,,,,,,,,,,,,,
7,,25139,,,,,,,,,,7.286667823791504e-06,,4.501547664403915e-06,,0.2846972346305847,,0.25204095244407654,,0.09563431888818741,,0.030216077342629433,0.05575783923268318,,,,,,,,,,,,,,
7,,25149,,,,,,,,,,4.956498742103577e-06,,2.2444874048233032e-06,,0.2524433732032776,,0.2627367079257965,,0.09809766709804535,,0.029891997575759888,0.05610012263059616,,,,,,,,,,,,,,
7,,25159,,,,,,,,,,4.276633262634277e-06,,2.1103769540786743e-06,,0.22297050058841705,,0.27390971779823303,,0.08595683425664902,,0.035381391644477844,0.05811960622668266,,,,,,,,,,,,,,
7,,25169,,,,,,,,,,4.20399010181427e-06,,1.1296942830085754e-06,,0.24663370847702026,,0.2561965584754944,,0.0867716372013092,,0.026909278705716133,0.051363639533519745,,,,,,,,,,,,,,
7,,25179,,,,,,,,,,7.335096597671509e-06,,4.941131919622421e-06,,0.2174728810787201,,0.2762647867202759,,0.08860432356595993,,0.03355686739087105,0.05729338899254799,,,,,,,,,,,,,,
7,,25189,,,,,,,,,,5.54695725440979e-06,,4.312489181756973e-06,,0.24583998322486877,,0.2685149312019348,,0.07218873500823975,,0.019481288269162178,0.04362459480762482,,,,,,,,,,,,,,
7,,25199,,,,,,,,,,4.8317015171051025e-06,,2.9043294489383698e-06,,0.25001224875450134,,0.26735442876815796,,0.07432133704423904,,0.027648242190480232,0.05014576017856598,,,,,,,,,,,,,,
7,,25209,,,,,,,,,,4.258006811141968e-06,,2.564862370491028e-06,,0.25894615054130554,,0.25770995020866394,,0.08970223367214203,,0.02514144964516163,0.05080235004425049,,,,,,,,,,,,,,
7,,25219,,,,,,,,,,3.5744160413742065e-06,,1.3997778296470642e-06,,0.2575746178627014,,0.25970184803009033,,0.08564038574695587,,0.028938576579093933,0.052966419607400894,,,,,,,,,,,,,,
7,,25229,,,,,,,,,,5.0496309995651245e-06,,2.1765008568763733e-06,,0.2817976474761963,,0.24509766697883606,,0.06965456902980804,,0.02061285823583603,0.04332173243165016,,,,,,,,,,,,,,
7,,25239,,,,,,,,,,5.748122930526733e-06,,1.671724021434784e-06,,0.2392513006925583,,0.2509997487068176,,0.06962122023105621,,0.021169139072299004,0.0435108058154583,,,,,,,,,,,,,,
7,,25249,,,,,,,,,,6.118789315223694e-06,,1.2344680726528168e-06,,0.26351073384284973,,0.23765918612480164,,0.07765210419893265,,0.02471182867884636,0.0473334975540638,,,,,,,,,,,,,,
7,,25259,,,,,,,,,,1.0650604963302612e-05,,3.3909454941749573e-06,,0.24332080781459808,,0.2521933317184448,,0.07462476193904877,,0.021441707387566566,0.04475734755396843,,,,,,,,,,,,,,
7,,25269,,,,,,,,,,6.634742021560669e-06,,1.9920989871025085e-06,,0.25964170694351196,,0.2570880353450775,,0.08973148465156555,,0.02852053940296173,0.05332176759839058,,,,,,,,,,,,,,
7,,25279,,,,,,,,,,1.405179500579834e-05,,2.4400651454925537e-06,,0.28669631481170654,,0.2394387423992157,,0.07281463593244553,,0.019371123984456062,0.04277496039867401,,,,,,,,,,,,,,
7,,25289,,,,,,,,,,6.472691893577576e-06,,1.977197825908661e-06,,0.20844720304012299,,0.26531609892845154,,0.07987331598997116,,0.024536313489079475,0.048269711434841156,,,,,,,,,,,,,,
7,,25299,,,,,,,,,,5.932524800300598e-06,,3.727152943611145e-06,,0.2455591857433319,,0.2868795394897461,,0.09761933982372284,,0.036762550473213196,0.06221586838364601,,,,,,,,,,,,,,
7,,25309,,,,,,,,,,7.625669240951538e-06,,1.4328397810459137e-06,,0.2486628293991089,,0.2665950357913971,,0.08082108199596405,,0.029918532818555832,0.05301646888256073,,,,,,,,,,,,,,
7,,25319,,,,,,,,,,7.005408406257629e-06,,9.85804945230484e-07,,0.198491632938385,,0.28377509117126465,,0.07736798375844955,,0.026027511805295944,0.04966729134321213,,,,,,,,,,,,,,
7,,25329,,,,,,,,,,5.366280674934387e-06,,2.0922161638736725e-06,,0.26804932951927185,,0.2588880658149719,,0.08561025559902191,,0.025500938296318054,0.050466541200876236,,,,,,,,,,,,,,
7,,25339,,,,,,,,,,5.3532421588897705e-06,,1.1040829122066498e-06,,0.2702636420726776,,0.26058849692344666,,0.07331373542547226,,0.026403646916151047,0.048943255096673965,,,,,,,,,,,,,,
7,,25349,,,,,,,,,,7.716938853263855e-06,,1.4030374586582184e-06,,0.24249660968780518,,0.2654528021812439,,0.072517991065979,,0.025692861527204514,0.04816339537501335,,,,,,,,,,,,,,
7,,25359,,,,,,,,,,1.0499730706214905e-05,,1.266133040189743e-06,,0.23195770382881165,,0.25603240728378296,,0.10245724022388458,,0.034040309488773346,0.05947527289390564,,,,,,,,,,,,,,
7,,25369,,,,,,,,,,6.57886266708374e-06,,3.1497329473495483e-06,,0.23396043479442596,,0.2528475522994995,,0.08016587793827057,,0.02449142001569271,0.0480053536593914,,,,,,,,,,,,,,
7,,25379,,,,,,,,,,6.966292858123779e-06,,1.8654391169548035e-06,,0.2416364699602127,,0.24616223573684692,,0.07653075456619263,,0.01855342835187912,0.042645543813705444,,,,,,,,,,,,,,
7,,25389,,,,,,,,,,6.686896085739136e-06,,4.611443728208542e-06,,0.27807700634002686,,0.24376410245895386,,0.06702690571546555,,0.0195543821901083,0.041928745806217194,,,,,,,,,,,,,,
7,,25399,,,,,,,,,,5.921348929405212e-06,,1.9227154552936554e-06,,0.23315982520580292,,0.27028992772102356,,0.09255410730838776,,0.03420783206820488,0.058426227420568466,,,,,,,,,,,,,,
7,,25409,,,,,,,,,,5.073845386505127e-06,,1.423526555299759e-06,,0.22245746850967407,,0.276992529630661,,0.09603672474622726,,0.03163262829184532,0.057336315512657166,,,,,,,,,,,,,,
7,,25419,,,,,,,,,,6.293877959251404e-06,,2.251937985420227e-06,,0.2494659721851349,,0.2653723657131195,,0.08465909212827682,,0.028850538656115532,0.05288716405630112,,,,,,,,,,,,,,
7,,25429,,,,,,,,,,4.850327968597412e-06,,1.7564743757247925e-06,,0.22370293736457825,,0.25636565685272217,,0.0820409506559372,,0.03022947534918785,0.052706316113471985,,,,,,,,,,,,,,
7,,25439,,,,,,,,,,5.984678864479065e-06,,1.4156103134155273e-06,,0.22619622945785522,,0.26655423641204834,,0.09299255907535553,,0.03052876703441143,0.05549170821905136,,,,,,,,,,,,,,
7,,25449,,,,,,,,,,5.895271897315979e-06,,1.6386620700359344e-06,,0.2416810542345047,,0.258056104183197,,0.08281338959932327,,0.023950669914484024,0.048430927097797394,,,,,,,,,,,,,,
7,,25459,,,,,,,,,,1.9747763872146606e-05,,1.8579885363578796e-06,,0.23211945593357086,,0.2614558935165405,,0.08303341269493103,,0.026354480534791946,0.05032282695174217,,,,,,,,,,,,,,
7,,25469,,,,,,,,,,3.7495046854019165e-06,,1.5748664736747742e-06,,0.2432786226272583,,0.24686717987060547,,0.07200494408607483,,0.02648073062300682,0.04779597371816635,,,,,,,,,,,,,,
7,,25479,,,,,,,,,,5.202367901802063e-06,,1.3243407011032104e-06,,0.21710917353630066,,0.26779475808143616,,0.09241633117198944,,0.029112279415130615,0.05427265912294388,,,,,,,,,,,,,,
7,,25487,,,,,,,,,,,,,,,,,,,,,,0.983318030834198,1.0,1.0,0.9388084411621094,0.9070788025856018,0.9719290137290955,0.9915449023246765,0.05186395347118378,3.5762786865234375e-07,8.940696716308594e-08,0.24402233958244324,0.2602004110813141,0.08683442324399948,0.027351057156920433
7,,25487,0.9828987121582031,1.0,1.0,0.9394984245300293,0.9067476391792297,0.9714933037757874,0.9911074042320251,0.051695942878723145,6.902023415022995e-06,,2.3104171305021737e-06,,0.24343784153461456,,0.2611998915672302,,0.08496522158384323,,0.02754104696214199,,,,,,,,,,,,,,,,
,0.00019635254915624216,25488,,,,,,,,,,,,,,,,,,,,,,,,,,,,,,,,,,,
8,,25489,,,,,,,,,,4.36045229434967e-06,,1.5711411833763123e-06,,0.23625993728637695,,0.26247847080230713,,0.08652015775442123,,0.027491537854075432,0.05192621797323227,,,,,,,,,,,,,,
8,,25499,,,,,,,,,,5.038455128669739e-06,,1.8253922462463379e-06,,0.27026426792144775,,0.2523071765899658,,0.10141800343990326,,0.031869616359472275,0.057926300913095474,,,,,,,,,,,,,,
8,,25509,,,,,,,,,,5.377456545829773e-06,,3.145076334476471e-06,,0.23427298665046692,,0.2618216276168823,,0.0850929468870163,,0.023735206574201584,0.04878653213381767,,,,,,,,,,,,,,
8,,25519,,,,,,,,,,5.9138983488082886e-06,,1.4873221516609192e-06,,0.2225995659828186,,0.26082444190979004,,0.08332094550132751,,0.02493809536099434,0.04917299747467041,,,,,,,,,,,,,,
8,,25529,,,,,,,,,,5.075708031654358e-06,,1.7206184566020966e-06,,0.24761947989463806,,0.27510568499565125,,0.08470773696899414,,0.029735932126641273,0.05399521067738533,,,,,,,,,,,,,,
8,,25539,,,,,,,,,,8.231028914451599e-06,,1.1771917343139648e-06,,0.23507040739059448,,0.26816534996032715,,0.09122945368289948,,0.033836767077445984,0.05782220512628555,,,,,,,,,,,,,,
8,,25549,,,,,,,,,,7.20098614692688e-06,,1.4472752809524536e-06,,0.25164794921875,,0.24881958961486816,,0.08750636875629425,,0.02617921307682991,0.050666648894548416,,,,,,,,,,,,,,
8,,25559,,,,,,,,,,3.831461071968079e-06,,9.78820025920868e-07,,0.21975593268871307,,0.270233154296875,,0.09408006817102432,,0.03372766822576523,0.0581924244761467,,,,,,,,,,,,,,
8,,25569,,,,,,,,,,9.22568142414093e-06,,1.0346993803977966e-06,,0.2682909369468689,,0.266692578792572,,0.08085840940475464,,0.02592512033879757,0.05026232451200485,,,,,,,,,,,,,,
8,,25579,,,,,,,,,,6.1746686697006226e-06,,1.1194497346878052e-06,,0.25015074014663696,,0.2550354301929474,,0.07602796703577042,,0.026708107441663742,0.04918457940220833,,,,,,,,,,,,,,
8,,25589,,,,,,,,,,5.6996941566467285e-06,,1.8435530364513397e-06,,0.24407292902469635,,0.25217205286026,,0.08095044642686844,,0.02214992418885231,0.04648280516266823,,,,,,,,,,,,,,
8,,25599,,,,,,,,,,5.284324288368225e-06,,1.9925646483898163e-06,,0.2739741802215576,,0.2643059492111206,,0.08146105706691742,,0.02960807830095291,0.05309295654296875,,,,,,,,,,,,,,
8,,25609,,,,,,,,,,7.33695924282074e-06,,1.9175931811332703e-06,,0.23727360367774963,,0.26942670345306396,,0.09448278695344925,,0.030375413596630096,0.05592067539691925,,,,,,,,,,,,,,
8,,25619,,,,,,,,,,7.452443242073059e-06,,1.7122365534305573e-06,,0.2237730622291565,,0.2678239941596985,,0.08889032900333405,,0.030998630449175835,0.055105965584516525,,,,,,,,,,,,,,
8,,25629,,,,,,,,,,1.2705102562904358e-05,,3.2731331884860992e-06,,0.21004587411880493,,0.26477938890457153,,0.0863969624042511,,0.025705957785248756,0.05036422237753868,,,,,,,,,,,,,,
8,,25639,,,,,,,,,,4.906207323074341e-06,,1.682434231042862e-06,,0.21005958318710327,,0.27887505292892456,,0.0763809010386467,,0.024313941597938538,0.04810253530740738,,,,,,,,,,,,,,
8,,25649,,,,,,,,,,4.69014048576355e-06,,1.3541430234909058e-06,,0.26821932196617126,,0.2565807104110718,,0.08348134160041809,,0.02315714955329895,0.04820280522108078,,,,,,,,,,,,,,
8,,25659,,,,,,,,,,4.3567270040512085e-06,,1.7951242625713348e-06,,0.2840201258659363,,0.23353242874145508,,0.08232627809047699,,0.02726275846362114,0.05017069727182388,,,,,,,,,,,,,,
8,,25669,,,,,,,,,,8.750706911087036e-06,,2.6365742087364197e-06,,0.23104409873485565,,0.2569427788257599,,0.09255605936050415,,0.029521819204092026,0.054260630160570145,,,,,,,,,,,,,,
8,,25679,,,,,,,,,,5.563721060752869e-06,,2.4423934519290924e-06,,0.2586347460746765,,0.23477803170681,,0.08638261258602142,,0.022320954129099846,0.04698503762483597,,,,,,,,,,,,,,
8,,25689,,,,,,,,,,3.935769200325012e-06,,1.7350539565086365e-06,,0.29105889797210693,,0.23939986526966095,,0.08507256209850311,,0.028916653245687485,0.052284080535173416,,,,,,,,,,,,,,
8,,25699,,,,,,,,,,4.855915904045105e-06,,9.830109775066376e-07,,0.23332369327545166,,0.25606298446655273,,0.11106164753437042,,0.03535620495676994,0.062093593180179596,,,,,,,,,,,,,,
8,,25709,,,,,,,,,,4.9211084842681885e-06,,1.180451363325119e-06,,0.20343630015850067,,0.270274817943573,,0.09650957584381104,,0.03319510817527771,0.058059211820364,,,,,,,,,,,,,,
8,,25719,,,,,,,,,,7.838010787963867e-06,,1.9245781004428864e-06,,0.24273401498794556,,0.24702922999858856,,0.0911179929971695,,0.02738974615931511,0.05206369236111641,,,,,,,,,,,,,,
8,,25729,,,,,,,,,,7.059425115585327e-06,,1.0421499609947205e-06,,0.22849394381046295,,0.25676393508911133,,0.0736086368560791,,0.023068703711032867,0.04582781717181206,,,,,,,,,,,,,,
8,,25739,,,,,,,,,,5.692243576049805e-06,,2.0903535187244415e-06,,0.2581304907798767,,0.26516664028167725,,0.10420344769954681,,0.038162827491760254,0.06363046169281006,,,,,,,,,,,,,,
8,,25749,,,,,,,,,,9.072944521903992e-06,,2.0139850676059723e-06,,0.23991850018501282,,0.2713157832622528,,0.0726347491145134,,0.024431897327303886,0.04748401790857315,,,,,,,,,,,,,,
8,,25759,,,,,,,,,,4.395842552185059e-06,,3.073364496231079e-06,,0.2849576771259308,,0.2633914351463318,,0.08551637083292007,,0.03185863792896271,0.05562771111726761,,,,,,,,,,,,,,
8,,25769,,,,,,,,,,6.3087791204452515e-06,,1.4398247003555298e-06,,0.23314665257930756,,0.260782927274704,,0.09434980154037476,,0.02799481712281704,0.0536561980843544,,,,,,,,,,,,,,
8,,25779,,,,,,,,,,5.766749382019043e-06,,1.698266714811325e-06,,0.21680107712745667,,0.27692925930023193,,0.09263919293880463,,0.03803074732422829,0.06142961606383324,,,,,,,,,,,,,,
8,,25789,,,,,,,,,,5.247071385383606e-06,,1.150183379650116e-06,,0.23918169736862183,,0.2643991708755493,,0.08925193548202515,,0.03106166608631611,0.05524110421538353,,,,,,,,,,,,,,
8,,25799,,,,,,,,,,1.4454126358032227e-05,,1.2959353625774384e-06,,0.23669645190238953,,0.24175751209259033,,0.08260250091552734,,0.025594444945454597,0.04880190268158913,,,,,,,,,,,,,,
8,,25809,,,,,,,,,,5.8729201555252075e-06,,2.0442530512809753e-06,,0.22429999709129333,,0.25936979055404663,,0.09738887846469879,,0.03654151409864426,0.06046779826283455,,,,,,,,,,,,,,
8,,25819,,,,,,,,,,3.643333911895752e-06,,1.5380792319774628e-06,,0.2830081582069397,,0.25106173753738403,,0.09417162835597992,,0.02635663002729416,0.052522506564855576,,,,,,,,,,,,,,
8,,25829,,,,,,,,,,4.02890145778656e-06,,1.1431984603404999e-06,,0.29528629779815674,,0.23198647797107697,,0.08065075427293777,,0.028279265388846397,0.05067859962582588,,,,,,,,,,,,,,
8,,25839,,,,,,,,,,2.9709190130233765e-06,,2.9811635613441467e-06,,0.2877843379974365,,0.24641014635562897,,0.08723194152116776,,0.02445913851261139,0.049635421484708786,,,,,,,,,,,,,,
8,,25849,,,,,,,,,,5.0514936447143555e-06,,1.1641532182693481e-06,,0.25981777906417847,,0.2564942538738251,,0.08499249070882797,,0.020778324455022812,0.0465991273522377,,,,,,,,,,,,,,
8,,25859,,,,,,,,,,4.244968295097351e-06,,1.437496393918991e-06,,0.2638818025588989,,0.24626976251602173,,0.06753652542829514,,0.01943894289433956,0.041888803243637085,,,,,,,,,,,,,,
8,,25869,,,,,,,,,,3.388151526451111e-06,,9.87667590379715e-07,,0.26542264223098755,,0.2514258027076721,,0.08446850627660751,,0.023635312914848328,0.04847217723727226,,,,,,,,,,,,,,
8,,25879,,,,,,,,,,3.028661012649536e-06,,9.941868484020233e-07,,0.25455015897750854,,0.24222223460674286,,0.07514489442110062,,0.01985277235507965,0.043327007442712784,,,,,,,,,,,,,,
8,,25889,,,,,,,,,,3.0174851417541504e-06,,7.809139788150787e-07,,0.22849571704864502,,0.27472978830337524,,0.0739775151014328,,0.025902070105075836,0.04886491596698761,,,,,,,,,,,,,,
8,,25899,,,,,,,,,,4.021450877189636e-06,,1.3452954590320587e-06,,0.22939756512641907,,0.2604251205921173,,0.1048087626695633,,0.03295312821865082,0.059276651591062546,,,,,,,,,,,,,,
8,,25909,,,,,,,,,,2.734363079071045e-06,,1.253560185432434e-06,,0.2238084077835083,,0.26574254035949707,,0.09454967826604843,,0.03246471285820007,0.05716999992728233,,,,,,,,,,,,,,
8,,25919,,,,,,,,,,7.798895239830017e-06,,1.923181116580963e-06,,0.2442409098148346,,0.2488074153661728,,0.0850212424993515,,0.03021395206451416,0.053139980882406235,,,,,,,,,,,,,,
8,,25929,,,,,,,,,,5.707144737243652e-06,,9.904615581035614e-07,,0.25820302963256836,,0.253639817237854,,0.08492163568735123,,0.026708262041211128,0.05088161677122116,,,,,,,,,,,,,,
8,,25939,,,,,,,,,,4.986301064491272e-06,,1.0444782674312592e-06,,0.2761707901954651,,0.24450966715812683,,0.0821986198425293,,0.027517201378941536,0.05076030641794205,,,,,,,,,,,,,,
8,,25949,,,,,,,,,,3.768131136894226e-06,,1.0505318641662598e-06,,0.25232329964637756,,0.2637310028076172,,0.08258085697889328,,0.0292627215385437,0.05276314541697502,,,,,,,,,,,,,,
8,,25959,,,,,,,,,,3.4999102354049683e-06,,1.923646777868271e-06,,0.2345256507396698,,0.2525998055934906,,0.07780377566814423,,0.027272839099168777,0.04964393004775047,,,,,,,,,,,,,,
8,,25969,,,,,,,,,,4.645437002182007e-06,,2.0014122128486633e-06,,0.24608491361141205,,0.26643145084381104,,0.06649237126111984,,0.01883106678724289,0.04197366163134575,,,,,,,,,,,,,,
8,,25979,,,,,,,,,,3.3210963010787964e-06,,2.4265609681606293e-06,,0.23285576701164246,,0.26859864592552185,,0.07451953738927841,,0.024228043854236603,0.04747438803315163,,,,,,,,,,,,,,
8,,25989,,,,,,,,,,5.939975380897522e-06,,1.3457611203193665e-06,,0.23370248079299927,,0.27105268836021423,,0.08370901644229889,,0.028777096420526505,0.05273543670773506,,,,,,,,,,,,,,
8,,25999,,,,,,,,,,3.553926944732666e-06,,1.4188699424266815e-06,,0.24025432765483856,,0.2707419991493225,,0.08043608069419861,,0.030493220314383507,0.05347125232219696,,,,,,,,,,,,,,
8,,26009,,,,,,,,,,6.450340151786804e-06,,1.7238780856132507e-06,,0.26571303606033325,,0.2593309283256531,,0.08213344216346741,,0.026503782719373703,0.05056017264723778,,,,,,,,,,,,,,
8,,26019,,,,,,,,,,3.598630428314209e-06,,2.8382055461406708e-06,,0.21851962804794312,,0.2722640633583069,,0.08221198618412018,,0.02414773963391781,0.04886065050959587,,,,,,,,,,,,,,
8,,26029,,,,,,,,,,3.462657332420349e-06,,1.353677362203598e-06,,0.2237853705883026,,0.26852452754974365,,0.10923493653535843,,0.039153724908828735,0.06507230550050735,,,,,,,,,,,,,,
8,,26039,,,,,,,,,,3.863126039505005e-06,,2.9494985938072205e-06,,0.22959554195404053,,0.2581236958503723,,0.08626241981983185,,0.025911845266819,0.05041052773594856,,,,,,,,,,,,,,
8,,26049,,,,,,,,,,4.0549784898757935e-06,,1.6600824892520905e-06,,0.2260461449623108,,0.26373961567878723,,0.07621987164020538,,0.02227981761097908,0.046024106442928314,,,,,,,,,,,,,,
8,,26059,,,,,,,,,,3.0156224966049194e-06,,1.723412424325943e-06,,0.2637186050415039,,0.2620663046836853,,0.09711237251758575,,0.029674168676137924,0.05585264787077904,,,,,,,,,,,,,,
8,,26069,,,,,,,,,,4.000961780548096e-06,,1.8100254237651825e-06,,0.25616395473480225,,0.25391507148742676,,0.0754336565732956,,0.025763722136616707,0.04838261380791664,,,,,,,,,,,,,,
8,,26079,,,,,,,,,,3.939494490623474e-06,,2.071727067232132e-06,,0.2061450183391571,,0.26884937286376953,,0.09187290072441101,,0.022253837436437607,0.04894658550620079,,,,,,,,,,,,,,
8,,26089,,,,,,,,,,3.2372772693634033e-06,,1.6489066183567047e-06,,0.22450941801071167,,0.2709011137485504,,0.09296298027038574,,0.03062259405851364,0.05574057996273041,,,,,,,,,,,,,,
8,,26099,,,,,,,,,,3.730878233909607e-06,,1.6437843441963196e-06,,0.23856419324874878,,0.26053714752197266,,0.0876656100153923,,0.03265112638473511,0.05594766512513161,,,,,,,,,,,,,,
8,,26109,,,,,,,,,,3.432855010032654e-06,,9.569339454174042e-07,,0.2146892547607422,,0.28121137619018555,,0.09427976608276367,,0.03342302143573761,0.058456674218177795,,,,,,,,,,,,,,
8,,26119,,,,,,,,,,3.7848949432373047e-06,,1.1706724762916565e-06,,0.23170535266399384,,0.25679582357406616,,0.07743632793426514,,0.028345603495836258,0.05054346099495888,,,,,,,,,,,,,,
8,,26129,,,,,,,,,,3.0491501092910767e-06,,1.9022263586521149e-06,,0.24121835827827454,,0.2594654858112335,,0.08006192743778229,,0.022949635982513428,0.04722459986805916,,,,,,,,,,,,,,
8,,26139,,,,,,,,,,3.8780272006988525e-06,,1.2470409274101257e-06,,0.23012155294418335,,0.27487674355506897,,0.09004935622215271,,0.029596608132123947,0.05467664822936058,,,,,,,,,,,,,,
8,,26149,,,,,,,,,,4.293397068977356e-06,,1.7648562788963318e-06,,0.24593153595924377,,0.270338773727417,,0.06229817122220993,,0.024203822016716003,0.045399006456136703,,,,,,,,,,,,,,
8,,26159,,,,,,,,,,3.334134817123413e-06,,1.657288521528244e-06,,0.2998383641242981,,0.24151396751403809,,0.08767719566822052,,0.026503056287765503,0.05116396024823189,,,,,,,,,,,,,,
8,,26169,,,,,,,,,,3.999099135398865e-06,,1.7182901501655579e-06,,0.25838902592658997,,0.2575645446777344,,0.0709042102098465,,0.01991305686533451,0.0433412566781044,,,,,,,,,,,,,,
8,,26179,,,,,,,,,,2.777203917503357e-06,,2.4954788386821747e-06,,0.2712259590625763,,0.2591814696788788,,0.09537187218666077,,0.029406096786260605,0.05527786538004875,,,,,,,,,,,,,,
8,,26189,,,,,,,,,,4.036352038383484e-06,,1.819804310798645e-06,,0.26240336894989014,,0.24798285961151123,,0.0821944996714592,,0.025960510596632957,0.049593206495046616,,,,,,,,,,,,,,
8,,26199,,,,,,,,,,3.6992132663726807e-06,,2.069864422082901e-06,,0.25140395760536194,,0.2684723436832428,,0.08712777495384216,,0.026846937835216522,0.05201515182852745,,,,,,,,,,,,,,
8,,26209,,,,,,,,,,5.0906091928482056e-06,,1.9157305359840393e-06,,0.2589481472969055,,0.24905692040920258,,0.09472636878490448,,0.025835638865828514,0.05185968801379204,,,,,,,,,,,,,,
8,,26219,,,,,,,,,,5.045905709266663e-06,,2.32551246881485e-06,,0.28346699476242065,,0.2515592575073242,,0.07688664644956589,,0.02807801589369774,0.05060083791613579,,,,,,,,,,,,,,
8,,26229,,,,,,,,,,3.863126039505005e-06,,1.61072239279747e-06,,0.22136956453323364,,0.26655346155166626,,0.08538208901882172,,0.023308992385864258,0.048591624945402145,,,,,,,,,,,,,,
8,,26239,,,,,,,,,,3.0901283025741577e-06,,2.8493814170360565e-06,,0.23442304134368896,,0.2597176432609558,,0.0915641114115715,,0.028891075402498245,0.05377112329006195,,,,,,,,,,,,,,
8,,26249,,,,,,,,,,9.242445230484009e-06,,2.332031726837158e-06,,0.21602514386177063,,0.26051899790763855,,0.10437318682670593,,0.03094392456114292,0.05753535032272339,,,,,,,,,,,,,,
8,,26259,,,,,,,,,,5.591660737991333e-06,,2.596992999315262e-06,,0.24557319283485413,,0.2599571943283081,,0.08269108086824417,,0.03042827546596527,0.053402140736579895,,,,,,,,,,,,,,
8,,26269,,,,,,,,,,5.038455128669739e-06,,4.398170858621597e-06,,0.24185973405838013,,0.2525019943714142,,0.07770567387342453,,0.022753732278943062,0.04631676524877548,,,,,,,,,,,,,,
8,,26279,,,,,,,,,,4.783272743225098e-06,,4.1835010051727295e-06,,0.2111937403678894,,0.2604808807373047,,0.06909604370594025,,0.019816365092992783,0.04251314699649811,,,,,,,,,,,,,,
8,,26289,,,,,,,,,,2.598389983177185e-06,,2.6905909180641174e-06,,0.2739489674568176,,0.25214526057243347,,0.08610057085752487,,0.02421017736196518,0.04934319853782654,,,,,,,,,,,,,,
8,,26299,,,,,,,,,,3.894791007041931e-06,,1.6470439732074738e-06,,0.2434646487236023,,0.25197845697402954,,0.07628366351127625,,0.025513119995594025,0.04811437055468559,,,,,,,,,,,,,,
8,,26309,,,,,,,,,,4.388391971588135e-06,,3.082677721977234e-06,,0.250544011592865,,0.25127488374710083,,0.07599659264087677,,0.023928361013531685,0.04692167043685913,,,,,,,,,,,,,,
8,,26319,,,,,,,,,,3.6228448152542114e-06,,1.7811544239521027e-06,,0.2471838742494583,,0.2752537727355957,,0.09148067235946655,,0.029323168098926544,0.05495763197541237,,,,,,,,,,,,,,
8,,26329,,,,,,,,,,4.040077328681946e-06,,1.5851110219955444e-06,,0.2623572051525116,,0.2728961706161499,,0.08572759479284286,,0.029933638870716095,0.05440394952893257,,,,,,,,,,,,,,
8,,26339,,,,,,,,,,3.1739473342895508e-06,,1.748558133840561e-06,,0.23492282629013062,,0.26090508699417114,,0.08108658343553543,,0.026334259659051895,0.049949564039707184,,,,,,,,,,,,,,
8,,26349,,,,,,,,,,2.8815120458602905e-06,,1.7513521015644073e-06,,0.250299870967865,,0.2611280381679535,,0.07311137020587921,,0.020750530064105988,0.044455718249082565,,,,,,,,,,,,,,
8,,26359,,,,,,,,,,5.804002285003662e-06,,2.1406449377536774e-06,,0.22280415892601013,,0.27021291851997375,,0.09399459511041641,,0.027102451771497726,0.053241051733493805,,,,,,,,,,,,,,
8,,26369,,,,,,,,,,4.954636096954346e-06,,2.5206245481967926e-06,,0.2528311610221863,,0.27240437269210815,,0.06792638450860977,,0.02104341983795166,0.044261399656534195,,,,,,,,,,,,,,
8,,26379,,,,,,,,,,8.150935173034668e-06,,2.2328458726406097e-06,,0.2432831972837448,,0.25430965423583984,,0.08690614998340607,,0.02516363561153412,0.04995157569646835,,,,,,,,,,,,,,
8,,26389,,,,,,,,,,6.202608346939087e-06,,1.8202699720859528e-06,,0.20212721824645996,,0.2644609212875366,,0.10167679190635681,,0.03141738474369049,0.057406745851039886,,,,,,,,,,,,,,
8,,26399,,,,,,,,,,7.458031177520752e-06,,3.5515986382961273e-06,,0.25525954365730286,,0.2625519037246704,,0.06992374360561371,,0.023553626611828804,0.04608563706278801,,,,,,,,,,,,,,
8,,26409,,,,,,,,,,4.852190613746643e-06,,1.980457454919815e-06,,0.2968979477882385,,0.24992787837982178,,0.06417110562324524,,0.02402890846133232,0.045259468257427216,,,,,,,,,,,,,,
8,,26419,,,,,,,,,,3.375113010406494e-06,,2.2114254534244537e-06,,0.28899118304252625,,0.2557840049266815,,0.08432802557945251,,0.030730003491044044,0.05424875393509865,,,,,,,,,,,,,,
8,,26429,,,,,,,,,,4.298985004425049e-06,,2.4740584194660187e-06,,0.21166980266571045,,0.25770172476768494,,0.08579501509666443,,0.026935094967484474,0.05086059123277664,,,,,,,,,,,,,,
8,,26439,,,,,,,,,,4.254281520843506e-06,,5.0175003707408905e-06,,0.24007344245910645,,0.26474544405937195,,0.06842063367366791,,0.019186604768037796,0.04245251044631004,,,,,,,,,,,,,,
8,,26449,,,,,,,,,,6.470829248428345e-06,,5.547422915697098e-06,,0.26772594451904297,,0.2626742720603943,,0.08620203286409378,,0.028098203241825104,0.05269968882203102,,,,,,,,,,,,,,
8,,26459,,,,,,,,,,7.6070427894592285e-06,,3.30386683344841e-06,,0.2519874572753906,,0.2587260901927948,,0.106829434633255,,0.035834528505802155,0.062002331018447876,,,,,,,,,,,,,,
8,,26469,,,,,,,,,,1.560896635055542e-05,,3.468245267868042e-06,,0.24420249462127686,,0.25534239411354065,,0.08842769265174866,,0.023260146379470825,0.04886817932128906,,,,,,,,,,,,,,
8,,26479,,,,,,,,,,7.342547178268433e-06,,4.010740667581558e-06,,0.24398162961006165,,0.2563590407371521,,0.08049508929252625,,0.025534916669130325,0.04913201555609703,,,,,,,,,,,,,,
8,,26489,,,,,,,,,,6.46151602268219e-06,,5.257315933704376e-06,,0.15711206197738647,,0.27362459897994995,,0.08294735848903656,,0.02606840431690216,0.04978341609239578,,,,,,,,,,,,,,
8,,26499,,,,,,,,,,8.191913366317749e-06,,3.702007234096527e-06,,0.22638578712940216,,0.2771076560020447,,0.0812041237950325,,0.025662504136562347,0.050127286463975906,,,,,,,,,,,,,,
8,,26509,,,,,,,,,,6.619840860366821e-06,,3.8566067814826965e-06,,0.24095460772514343,,0.27273744344711304,,0.0842815414071083,,0.028982166200876236,0.053160659968853,,,,,,,,,,,,,,
8,,26519,,,,,,,,,,5.183741450309753e-06,,1.8244609236717224e-06,,0.24546392261981964,,0.2696171998977661,,0.088873490691185,,0.02891387790441513,0.05387718603014946,,,,,,,,,,,,,,
8,,26529,,,,,,,,,,3.5278499126434326e-06,,3.850553184747696e-06,,0.2597034275531769,,0.2659287452697754,,0.09607406705617905,,0.03558344393968582,0.060224998742341995,,,,,,,,,,,,,,
8,,26539,,,,,,,,,,7.191672921180725e-06,,2.7799978852272034e-06,,0.2296057641506195,,0.2647815942764282,,0.0811682865023613,,0.026376206427812576,0.05011579021811485,,,,,,,,,,,,,,
8,,26549,,,,,,,,,,4.338100552558899e-06,,3.064516931772232e-06,,0.24867179989814758,,0.2617577910423279,,0.0944717526435852,,0.02782733365893364,0.053781118243932724,,,,,,,,,,,,,,
8,,26559,,,,,,,,,,1.1820346117019653e-05,,5.824025720357895e-06,,0.23591428995132446,,0.26106029748916626,,0.07991883158683777,,0.025003651157021523,0.04875126853585243,,,,,,,,,,,,,,
8,,26569,,,,,,,,,,4.913657903671265e-06,,2.5974586606025696e-06,,0.2506850063800812,,0.24478718638420105,,0.07434836030006409,,0.023186014965176582,0.0457531213760376,,,,,,,,,,,,,,
8,,26579,,,,,,,,,,4.8857182264328e-06,,2.848450094461441e-06,,0.27294808626174927,,0.24563369154930115,,0.08819301426410675,,0.028368864208459854,0.052538368850946426,,,,,,,,,,,,,,
8,,26589,,,,,,,,,,4.0549784898757935e-06,,2.1760351955890656e-06,,0.23247069120407104,,0.2577693462371826,,0.09060005098581314,,0.031383611261844635,0.055345941334962845,,,,,,,,,,,,,,
8,,26599,,,,,,,,,,5.733221769332886e-06,,2.321787178516388e-06,,0.23497821390628815,,0.2675340175628662,,0.08240178227424622,,0.02651716023683548,0.0506448894739151,,,,,,,,,,,,,,
8,,26609,,,,,,,,,,5.336478352546692e-06,,2.8153881430625916e-06,,0.23584255576133728,,0.2654634416103363,,0.09184533357620239,,0.030525028705596924,0.055335670709609985,,,,,,,,,,,,,,
8,,26619,,,,,,,,,,6.794929504394531e-06,,2.0381994545459747e-06,,0.2780669331550598,,0.22946131229400635,,0.06977800279855728,,0.01889023929834366,0.041275739669799805,,,,,,,,,,,,,,
8,,26629,,,,,,,,,,5.455687642097473e-06,,3.132503479719162e-06,,0.23414213955402374,,0.2758277356624603,,0.06338773667812347,,0.02445700205862522,0.045912452042102814,,,,,,,,,,,,,,
8,,26639,,,,,,,,,,5.660578608512878e-06,,3.2102689146995544e-06,,0.22343358397483826,,0.2570529580116272,,0.08443107455968857,,0.025222336873412132,0.04942738264799118,,,,,,,,,,,,,,
8,,26649,,,,,,,,,,1.1583790183067322e-05,,1.8416903913021088e-06,,0.2864532470703125,,0.2577030658721924,,0.07191252708435059,,0.023876111954450607,0.04683883860707283,,,,,,,,,,,,,,
8,,26659,,,,,,,,,,5.671754479408264e-06,,1.796521246433258e-06,,0.25023365020751953,,0.25626954436302185,,0.07924658060073853,,0.02774559147655964,0.05062536150217056,,,,,,,,,,,,,,
8,,26669,,,,,,,,,,1.0123476386070251e-05,,2.6989728212356567e-06,,0.2455226480960846,,0.2528361678123474,,0.07643019407987595,,0.02370535023510456,0.046850040555000305,,,,,,,,,,,,,,
8,,26679,,,,,,,,,,1.570582389831543e-05,,5.474314093589783e-06,,0.2588578164577484,,0.25363850593566895,,0.06826941668987274,,0.02414216659963131,0.04584115371108055,,,,,,,,,,,,,,
8,,26689,,,,,,,,,,5.360692739486694e-06,,5.5693089962005615e-06,,0.23991213738918304,,0.2537335157394409,,0.08222430944442749,,0.02601676993072033,0.049647007137537,,,,,,,,,,,,,,
8,,26699,,,,,,,,,,3.900378942489624e-06,,4.203524440526962e-06,,0.22306817770004272,,0.26294833421707153,,0.07706022262573242,,0.024722348898649216,0.04794205352663994,,,,,,,,,,,,,,
8,,26709,,,,,,,,,,6.971880793571472e-06,,2.4638138711452484e-06,,0.2613552510738373,,0.24537555873394012,,0.08134807646274567,,0.025276266038417816,0.048786625266075134,,,,,,,,,,,,,,
8,,26719,,,,,,,,,,4.950910806655884e-06,,3.3029355108737946e-06,,0.23098821938037872,,0.26554039120674133,,0.09058145433664322,,0.03437160328030586,0.05793098360300064,,,,,,,,,,,,,,
8,,26729,,,,,,,,,,7.80448317527771e-06,,3.1650997698307037e-06,,0.24780488014221191,,0.25708267092704773,,0.07852666825056076,,0.02098059467971325,0.04542502015829086,,,,,,,,,,,,,,
8,,26739,,,,,,,,,,3.907829523086548e-06,,2.730637788772583e-06,,0.2664211392402649,,0.2525708079338074,,0.0706775039434433,,0.02465619333088398,0.046716973185539246,,,,,,,,,,,,,,
8,,26749,,,,,,,,,,6.472691893577576e-06,,4.674773663282394e-06,,0.2604263126850128,,0.2497241199016571,,0.06969499588012695,,0.017130445688962936,0.040683284401893616,,,,,,,,,,,,,,
8,,26759,,,,,,,,,,5.716457962989807e-06,,5.009584128856659e-06,,0.275350421667099,,0.2380032241344452,,0.07458703964948654,,0.02326202020049095,0.04582595452666283,,,,,,,,,,,,,,
8,,26769,,,,,,,,,,4.604458808898926e-06,,6.266403943300247e-06,,0.2571665048599243,,0.2590569853782654,,0.08964210748672485,,0.03334837406873703,0.05699007958173752,,,,,,,,,,,,,,
8,,26779,,,,,,,,,,5.587935447692871e-06,,3.105495125055313e-06,,0.23290233314037323,,0.27150511741638184,,0.07405127584934235,,0.024784062057733536,0.04794050753116608,,,,,,,,,,,,,,
8,,26789,,,,,,,,,,6.1746686697006226e-06,,2.9569491744041443e-06,,0.24824222922325134,,0.26080262660980225,,0.06261910498142242,,0.02167765237390995,0.04314408078789711,,,,,,,,,,,,,,
8,,26799,,,,,,,,,,6.26780092716217e-06,,3.78582626581192e-06,,0.27590441703796387,,0.2702622711658478,,0.07286005467176437,,0.026474986225366592,0.04943137988448143,,,,,,,,,,,,,,
8,,26809,,,,,,,,,,4.976987838745117e-06,,3.4454278647899628e-06,,0.25233280658721924,,0.27714797854423523,,0.08548497408628464,,0.02450435981154442,0.05036735162138939,,,,,,,,,,,,,,
8,,26819,,,,,,,,,,5.131587386131287e-06,,5.219131708145142e-06,,0.27498579025268555,,0.2529028058052063,,0.07204361259937286,,0.025242898613214493,0.04752928391098976,,,,,,,,,,,,,,
8,,26829,,,,,,,,,,4.081055521965027e-06,,1.0668765753507614e-05,,0.2724500298500061,,0.27583086490631104,,0.10541024804115295,,0.03348544239997864,0.0610157810151577,,,,,,,,,,,,,,
8,,26839,,,,,,,,,,4.999339580535889e-06,,2.6174820959568024e-06,,0.2646939754486084,,0.2741110920906067,,0.08700565993785858,,0.027601221576333046,0.05297826603055,,,,,,,,,,,,,,
8,,26849,,,,,,,,,,7.126480340957642e-06,,2.6710331439971924e-06,,0.25021082162857056,,0.25395870208740234,,0.09013320505619049,,0.03397810086607933,0.057234007865190506,,,,,,,,,,,,,,
8,,26859,,,,,,,,,,4.20399010181427e-06,,1.284899190068245e-05,,0.22954776883125305,,0.26121464371681213,,0.08131987601518631,,0.02653147652745247,0.05009280517697334,,,,,,,,,,,,,,
8,,26869,,,,,,,,,,4.345551133155823e-06,,2.5029294192790985e-06,,0.2403678447008133,,0.25869500637054443,,0.09743445366621017,,0.03384830057621002,0.0586126446723938,,,,,,,,,,,,,,
8,,26879,,,,,,,,,,6.295740604400635e-06,,6.653834134340286e-06,,0.24721267819404602,,0.2671167850494385,,0.08562920987606049,,0.026587428525090218,0.05142675340175629,,,,,,,,,,,,,,
8,,26889,,,,,,,,,,6.8694353103637695e-06,,3.135763108730316e-06,,0.2460058629512787,,0.2635267376899719,,0.07740190625190735,,0.018863443285226822,0.04390687122941017,,,,,,,,,,,,,,
8,,26899,,,,,,,,,,5.9138983488082886e-06,,3.3918768167495728e-06,,0.2282792329788208,,0.26479968428611755,,0.0661294013261795,,0.02084796503186226,0.043133415281772614,,,,,,,,,,,,,,
8,,26909,,,,,,,,,,5.718320608139038e-06,,3.0156224966049194e-06,,0.268447607755661,,0.25814759731292725,,0.07144662737846375,,0.025001149624586105,0.04740523546934128,,,,,,,,,,,,,,
8,,26919,,,,,,,,,,4.118308424949646e-06,,3.5017728805541992e-06,,0.2662750482559204,,0.24062225222587585,,0.08132300525903702,,0.028353603556752205,0.05092529207468033,,,,,,,,,,,,,,
8,,26929,,,,,,,,,,4.980713129043579e-06,,1.9101426005363464e-06,,0.2659205198287964,,0.24773183465003967,,0.06654223799705505,,0.021531350910663605,0.04336446523666382,,,,,,,,,,,,,,
8,,26939,,,,,,,,,,5.8002769947052e-06,,1.8440186977386475e-06,,0.2160724699497223,,0.26711344718933105,,0.07909141480922699,,0.025897610932588577,0.04931793734431267,,,,,,,,,,,,,,
8,,26949,,,,,,,,,,4.408881068229675e-06,,3.5660341382026672e-06,,0.259922593832016,,0.2579377591609955,,0.07878616452217102,,0.0280524343252182,0.05096099153161049,,,,,,,,,,,,,,
8,,26959,,,,,,,,,,5.610287189483643e-06,,3.6070123314857483e-06,,0.2379361242055893,,0.25851938128471375,,0.08739463984966278,,0.02419053390622139,0.04944789037108421,,,,,,,,,,,,,,
8,,26969,,,,,,,,,,4.304572939872742e-06,,2.7976930141448975e-06,,0.22652938961982727,,0.270538330078125,,0.10588791966438293,,0.0357961431145668,0.06205237656831741,,,,,,,,,,,,,,
8,,26979,,,,,,,,,,4.2282044887542725e-06,,2.8167851269245148e-06,,0.24160772562026978,,0.2677897810935974,,0.09607910364866257,,0.03532196581363678,0.05990493297576904,,,,,,,,,,,,,,
8,,26989,,,,,,,,,,3.2708048820495605e-06,,3.162771463394165e-06,,0.23312613368034363,,0.2645851969718933,,0.08369970321655273,,0.029208576306700706,0.052747394889593124,,,,,,,,,,,,,,
8,,26999,,,,,,,,,,4.373490810394287e-06,,2.9527582228183746e-06,,0.23815828561782837,,0.25539812445640564,,0.08735915273427963,,0.023903731256723404,0.04908233880996704,,,,,,,,,,,,,,
8,,27009,,,,,,,,,,3.3136457204818726e-06,,2.0372681319713593e-06,,0.22870945930480957,,0.2631739377975464,,0.06986130774021149,,0.02581837959587574,0.04749085381627083,,,,,,,,,,,,,,
8,,27019,,,,,,,,,,3.4514814615249634e-06,,2.2971071302890778e-06,,0.25843220949172974,,0.25511395931243896,,0.07072680443525314,,0.020055221393704414,0.043300241231918335,,,,,,,,,,,,,,
8,,27029,,,,,,,,,,3.21120023727417e-06,,3.2247044146060944e-06,,0.2760799527168274,,0.24455669522285461,,0.07232856005430222,,0.022873517125844955,0.045426756143569946,,,,,,,,,,,,,,
8,,27039,,,,,,,,,,3.1404197216033936e-06,,3.600027412176132e-06,,0.28375670313835144,,0.2424236387014389,,0.07586553692817688,,0.02971961535513401,0.051215898245573044,,,,,,,,,,,,,,
8,,27049,,,,,,,,,,4.148110747337341e-06,,3.1511299312114716e-06,,0.2188844084739685,,0.27567899227142334,,0.09524176269769669,,0.03356355428695679,0.05853230133652687,,,,,,,,,,,,,,
8,,27059,,,,,,,,,,5.213543772697449e-06,,3.469642251729965e-06,,0.2517893314361572,,0.2609625458717346,,0.07876323163509369,,0.027020173147320747,0.0502287894487381,,,,,,,,,,,,,,
8,,27069,,,,,,,,,,5.1781535148620605e-06,,8.549075573682785e-06,,0.22892943024635315,,0.2634384036064148,,0.10278432071208954,,0.03484264761209488,0.060450274497270584,,,,,,,,,,,,,,
8,,27079,,,,,,,,,,2.337619662284851e-06,,4.705507308244705e-06,,0.22989293932914734,,0.26772966980934143,,0.09022244811058044,,0.02514256350696087,0.0510299913585186,,,,,,,,,,,,,,
8,,27089,,,,,,,,,,4.019588232040405e-06,,2.1210871636867523e-06,,0.2506285607814789,,0.2723415791988373,,0.06789447367191315,,0.021833259612321854,0.044819176197052,,,,,,,,,,,,,,
8,,27099,,,,,,,,,,3.3192336559295654e-06,,3.039371222257614e-06,,0.2470163106918335,,0.26640769839286804,,0.09779056161642075,,0.03199560195207596,0.057729121297597885,,,,,,,,,,,,,,
8,,27109,,,,,,,,,,2.913177013397217e-06,,2.2598542273044586e-06,,0.2192513346672058,,0.2658325433731079,,0.07309405505657196,,0.026263734325766563,0.048445023596286774,,,,,,,,,,,,,,
8,,27119,,,,,,,,,,2.7883797883987427e-06,,2.366490662097931e-06,,0.2643251419067383,,0.2618211507797241,,0.08302813768386841,,0.027099989354610443,0.05127572640776634,,,,,,,,,,,,,,
8,,27129,,,,,,,,,,3.842636942863464e-06,,3.6186538636684418e-06,,0.23321658372879028,,0.26004862785339355,,0.10144750773906708,,0.03518162667751312,0.060345157980918884,,,,,,,,,,,,,,
8,,27139,,,,,,,,,,5.0477683544158936e-06,,2.522021532058716e-06,,0.23834511637687683,,0.2594112753868103,,0.098695307970047,,0.03206583112478256,0.05752181261777878,,,,,,,,,,,,,,
8,,27149,,,,,,,,,,4.153698682785034e-06,,7.76536762714386e-06,,0.24465087056159973,,0.26539769768714905,,0.08771666884422302,,0.023823358118534088,0.04963405802845955,,,,,,,,,,,,,,
8,,27159,,,,,,,,,,4.1369348764419556e-06,,2.0847655832767487e-06,,0.23804304003715515,,0.26263922452926636,,0.10665121674537659,,0.03224240988492966,0.05929417908191681,,,,,,,,,,,,,,
8,,27169,,,,,,,,,,3.956258296966553e-06,,2.6007182896137238e-06,,0.2446291744709015,,0.2555139660835266,,0.07809904217720032,,0.02405538409948349,0.04754069074988365,,,,,,,,,,,,,,
8,,27179,,,,,,,,,,3.5427510738372803e-06,,9.125098586082458e-06,,0.2571479380130768,,0.23024484515190125,,0.10383392870426178,,0.03657594323158264,0.060721855610609055,,,,,,,,,,,,,,
8,,27189,,,,,,,,,,9.465962648391724e-06,,1.914333552122116e-06,,0.25242090225219727,,0.26844948530197144,,0.06957190483808517,,0.023506086319684982,0.04622722417116165,,,,,,,,,,,,,,
8,,27199,,,,,,,,,,3.7141144275665283e-06,,1.7755664885044098e-06,,0.2543964982032776,,0.26475584506988525,,0.0875769704580307,,0.0275946706533432,0.052521154284477234,,,,,,,,,,,,,,
8,,27209,,,,,,,,,,5.21540641784668e-06,,1.6312114894390106e-06,,0.24749203026294708,,0.2625298500061035,,0.08686087280511856,,0.030754834413528442,0.05457225441932678,,,,,,,,,,,,,,
8,,27219,,,,,,,,,,3.974884748458862e-06,,2.2551976144313812e-06,,0.274729460477829,,0.23333385586738586,,0.07998968660831451,,0.02509741112589836,0.0479898639023304,,,,,,,,,,,,,,
8,,27229,,,,,,,,,,3.332272171974182e-06,,2.6351772248744965e-06,,0.24598249793052673,,0.262541264295578,,0.07916726171970367,,0.03026840277016163,0.05274728313088417,,,,,,,,,,,,,,
8,,27239,,,,,,,,,,3.4533441066741943e-06,,3.5995617508888245e-06,,0.2092730700969696,,0.275770366191864,,0.08258704841136932,,0.02732234261929989,0.05136854201555252,,,,,,,,,,,,,,
8,,27249,,,,,,,,,,3.4794211387634277e-06,,2.8689391911029816e-06,,0.2174704223871231,,0.25445786118507385,,0.07702203094959259,,0.02431311085820198,0.047164179384708405,,,,,,,,,,,,,,
8,,27259,,,,,,,,,,2.987682819366455e-06,,1.9222497940063477e-06,,0.21354375779628754,,0.27825313806533813,,0.0927710086107254,,0.029328536242246628,0.05494997277855873,,,,,,,,,,,,,,
8,,27269,,,,,,,,,,3.956258296966553e-06,,2.0829029381275177e-06,,0.23485547304153442,,0.2531532943248749,,0.08511798828840256,,0.024496857076883316,0.04896300658583641,,,,,,,,,,,,,,
8,,27279,,,,,,,,,,3.552064299583435e-06,,1.1296942830085754e-06,,0.21631976962089539,,0.26805877685546875,,0.0871371179819107,,0.02756059542298317,0.05212164297699928,,,,,,,,,,,,,,
8,,27289,,,,,,,,,,2.773478627204895e-06,,1.5492551028728485e-06,,0.21597784757614136,,0.26787418127059937,,0.07500669360160828,,0.02575460448861122,0.04847913980484009,,,,,,,,,,,,,,
8,,27299,,,,,,,,,,3.1758099794387817e-06,,1.2693926692008972e-06,,0.258994460105896,,0.24435895681381226,,0.07692529261112213,,0.025100626051425934,0.047750044614076614,,,,,,,,,,,,,,
8,,27309,,,,,,,,,,2.086162567138672e-06,,3.655906766653061e-06,,0.21266326308250427,,0.2582350969314575,,0.09363820403814316,,0.026053912937641144,0.051707152277231216,,,,,,,,,,,,,,
8,,27319,,,,,,,,,,2.4978071451187134e-06,,1.1790543794631958e-06,,0.22317305207252502,,0.25914299488067627,,0.07228158414363861,,0.02055874653160572,0.04374517872929573,,,,,,,,,,,,,,
8,,27329,,,,,,,,,,2.5834888219833374e-06,,2.675224095582962e-06,,0.2391178011894226,,0.2675333023071289,,0.0818999856710434,,0.02483087219297886,0.049334242939949036,,,,,,,,,,,,,,
8,,27339,,,,,,,,,,2.643093466758728e-06,,1.4328397810459137e-06,,0.258296936750412,,0.2597385346889496,,0.0675487220287323,,0.020705707371234894,0.04340743273496628,,,,,,,,,,,,,,
8,,27349,,,,,,,,,,2.7455389499664307e-06,,9.98377799987793e-07,,0.25517627596855164,,0.27168500423431396,,0.08583346009254456,,0.027458809316158295,0.05242626741528511,,,,,,,,,,,,,,
8,,27359,,,,,,,,,,2.2649765014648438e-06,,1.2014061212539673e-06,,0.24860581755638123,,0.2495880126953125,,0.07283272594213486,,0.025701481848955154,0.04755664989352226,,,,,,,,,,,,,,
8,,27369,,,,,,,,,,2.4605542421340942e-06,,1.2386590242385864e-06,,0.2663615942001343,,0.25554168224334717,,0.06864809989929199,,0.029916368424892426,0.050421055406332016,,,,,,,,,,,,,,
8,,27379,,,,,,,,,,2.691522240638733e-06,,1.1622905731201172e-06,,0.2437337040901184,,0.25725045800209045,,0.09943386167287827,,0.036619529128074646,0.06103827804327011,,,,,,,,,,,,,,
8,,27389,,,,,,,,,,2.212822437286377e-06,,1.9441358745098114e-06,,0.21807944774627686,,0.26093006134033203,,0.08000391721725464,,0.026237983256578445,0.04947802796959877,,,,,,,,,,,,,,
8,,27399,,,,,,,,,,2.7064234018325806e-06,,1.9017606973648071e-06,,0.2856085002422333,,0.25503087043762207,,0.07729897648096085,,0.02217107266187668,0.04643475264310837,,,,,,,,,,,,,,
8,,27409,,,,,,,,,,1.950189471244812e-06,,2.2365711629390717e-06,,0.2213684469461441,,0.2759515643119812,,0.07445460557937622,,0.022922810167074203,0.04669314622879028,,,,,,,,,,,,,,
8,,27419,,,,,,,,,,2.4829059839248657e-06,,1.160893589258194e-06,,0.2886955738067627,,0.24731381237506866,,0.0962517112493515,,0.029623117297887802,0.055254016071558,,,,,,,,,,,,,,
8,,27429,,,,,,,,,,2.4829059839248657e-06,,1.730397343635559e-06,,0.2701617479324341,,0.24976985156536102,,0.08162681758403778,,0.030191104859113693,0.05283518508076668,,,,,,,,,,,,,,
8,,27439,,,,,,,,,,2.386048436164856e-06,,1.5553086996078491e-06,,0.24622684717178345,,0.2546249032020569,,0.06045439839363098,,0.017161451280117035,0.039036840200424194,,,,,,,,,,,,,,
8,,27449,,,,,,,,,,1.8402934074401855e-06,,1.8617138266563416e-06,,0.23823216557502747,,0.25097721815109253,,0.08858925104141235,,0.025831352919340134,0.050552692264318466,,,,,,,,,,,,,,
8,,27459,,,,,,,,,,3.896653652191162e-06,,2.1192245185375214e-06,,0.23540440201759338,,0.27662473917007446,,0.08133618533611298,,0.02872452698647976,0.052532196044921875,,,,,,,,,,,,,,
8,,27469,,,,,,,,,,2.030283212661743e-06,,1.4873221516609192e-06,,0.23658263683319092,,0.24870166182518005,,0.08933017402887344,,0.030590122565627098,0.05413556843996048,,,,,,,,,,,,,,
8,,27479,,,,,,,,,,1.6372650861740112e-06,,1.432374119758606e-06,,0.23635601997375488,,0.2642456591129303,,0.07964185625314713,,0.027115562930703163,0.05043815076351166,,,,,,,,,,,,,,
8,,27489,,,,,,,,,,4.038214683532715e-06,,2.5685876607894897e-06,,0.24425166845321655,,0.2593845725059509,,0.07315054535865784,,0.023556526750326157,0.04641544073820114,,,,,,,,,,,,,,
8,,27499,,,,,,,,,,5.8710575103759766e-06,,1.737847924232483e-06,,0.2148173749446869,,0.2749157249927521,,0.08091486990451813,,0.024447400122880936,0.04892310872673988,,,,,,,,,,,,,,
8,,27509,,,,,,,,,,2.5872141122817993e-06,,4.6477653086185455e-06,,0.27445605397224426,,0.257555216550827,,0.07053254544734955,,0.024111803621053696,0.04660928249359131,,,,,,,,,,,,,,
8,,27519,,,,,,,,,,2.909451723098755e-06,,1.5399418771266937e-06,,0.2804931700229645,,0.2485082596540451,,0.07439446449279785,,0.02380109205842018,0.046747054904699326,,,,,,,,,,,,,,
8,,27529,,,,,,,,,,3.1925737857818604e-06,,1.7546117305755615e-06,,0.21466612815856934,,0.25656139850616455,,0.08996313810348511,,0.02770085819065571,0.052198417484760284,,,,,,,,,,,,,,
8,,27539,,,,,,,,,,3.764405846595764e-06,,1.5138648450374603e-06,,0.2627742290496826,,0.25289371609687805,,0.07812027633190155,,0.02794855460524559,0.050555095076560974,,,,,,,,,,,,,,
8,,27549,,,,,,,,,,3.078952431678772e-06,,2.983957529067993e-06,,0.2700144648551941,,0.24667079746723175,,0.07493355870246887,,0.023824233561754227,0.046656545251607895,,,,,,,,,,,,,,
8,,27559,,,,,,,,,,2.2649765014648438e-06,,2.2444874048233032e-06,,0.2569582462310791,,0.25646737217903137,,0.07037895917892456,,0.022314095869660378,0.044975750148296356,,,,,,,,,,,,,,
8,,27569,,,,,,,,,,3.3546239137649536e-06,,2.032145857810974e-06,,0.2221810519695282,,0.2563709318637848,,0.07605960220098495,,0.023212268948554993,0.046302761882543564,,,,,,,,,,,,,,
8,,27579,,,,,,,,,,3.2410025596618652e-06,,2.0293518900871277e-06,,0.2413320541381836,,0.2479286640882492,,0.0944114476442337,,0.032909754663705826,0.05684811621904373,,,,,,,,,,,,,,
8,,27589,,,,,,,,,,3.514811396598816e-06,,2.325046807527542e-06,,0.21643103659152985,,0.2578849792480469,,0.08182631433010101,,0.029040340334177017,0.0517599917948246,,,,,,,,,,,,,,
8,,27599,,,,,,,,,,3.5688281059265137e-06,,2.864748239517212e-06,,0.23505544662475586,,0.2500581443309784,,0.07560760527849197,,0.02159867063164711,0.044862426817417145,,,,,,,,,,,,,,
8,,27609,,,,,,,,,,3.3508986234664917e-06,,1.7890706658363342e-06,,0.26142165064811707,,0.2533688545227051,,0.07792221009731293,,0.026231244206428528,0.049236077815294266,,,,,,,,,,,,,,
8,,27619,,,,,,,,,,2.6281923055648804e-06,,2.60351225733757e-06,,0.29437851905822754,,0.2517452836036682,,0.10152269899845123,,0.034850556403398514,0.060438498854637146,,,,,,,,,,,,,,
8,,27629,,,,,,,,,,5.105510354042053e-06,,2.5671906769275665e-06,,0.24671360850334167,,0.2585408687591553,,0.0704549252986908,,0.0261843204498291,0.047870516777038574,,,,,,,,,,,,,,
8,,27639,,,,,,,,,,4.04752790927887e-06,,2.348795533180237e-06,,0.22424563765525818,,0.27694636583328247,,0.07450179755687714,,0.02425757609307766,0.047783687710762024,,,,,,,,,,,,,,
8,,27649,,,,,,,,,,3.155320882797241e-06,,1.28941610455513e-06,,0.2592088580131531,,0.24944502115249634,,0.10827253758907318,,0.03985387831926346,0.06493771076202393,,,,,,,,,,,,,,
8,,27659,,,,,,,,,,3.930181264877319e-06,,2.103857696056366e-06,,0.21183478832244873,,0.2743249535560608,,0.08691173046827316,,0.02743670344352722,0.05222766101360321,,,,,,,,,,,,,,
8,,27669,,,,,,,,,,2.386048436164856e-06,,1.778826117515564e-06,,0.2554232180118561,,0.2416807860136032,,0.08078807592391968,,0.02410767786204815,0.04756217077374458,,,,,,,,,,,,,,
8,,27679,,,,,,,,,,2.5890767574310303e-06,,1.4603137969970703e-06,,0.2762724757194519,,0.23555344343185425,,0.08288833498954773,,0.024177223443984985,0.04796533286571503,,,,,,,,,,,,,,
8,,27689,,,,,,,,,,2.207234501838684e-06,,2.9923394322395325e-06,,0.2539299428462982,,0.2510310113430023,,0.0909760445356369,,0.025985367596149445,0.05130239203572273,,,,,,,,,,,,,,
8,,27699,,,,,,,,,,3.0621886253356934e-06,,3.153923898935318e-06,,0.2503660023212433,,0.25512510538101196,,0.08707913756370544,,0.025511180981993675,0.05036599934101105,,,,,,,,,,,,,,
8,,27709,,,,,,,,,,1.8123537302017212e-06,,3.859866410493851e-06,,0.2419968545436859,,0.26397067308425903,,0.10551652312278748,,0.0390634685754776,0.06430719047784805,,,,,,,,,,,,,,
8,,27719,,,,,,,,,,1.8291175365447998e-06,,1.285690814256668e-06,,0.2914770245552063,,0.2381640374660492,,0.07787381857633591,,0.021176887676119804,0.0450747050344944,,,,,,,,,,,,,,
8,,27729,,,,,,,,,,2.0712614059448242e-06,,1.3113021850585938e-06,,0.22637304663658142,,0.2672857642173767,,0.08239251375198364,,0.02684972435235977,0.050780121237039566,,,,,,,,,,,,,,
8,,27739,,,,,,,,,,2.1420419216156006e-06,,1.8416903913021088e-06,,0.26445454359054565,,0.2567107677459717,,0.08507762104272842,,0.026027601212263107,0.0506175197660923,,,,,,,,,,,,,,
8,,27749,,,,,,,,,,3.0081719160079956e-06,,2.044718712568283e-06,,0.2411169707775116,,0.2603178322315216,,0.09827220439910889,,0.03220221400260925,0.057619765400886536,,,,,,,,,,,,,,
8,,27759,,,,,,,,,,2.641230821609497e-06,,1.5222467482089996e-06,,0.1861823946237564,,0.27660202980041504,,0.08558371663093567,,0.025055624544620514,0.04999842494726181,,,,,,,,,,,,,,
8,,27769,,,,,,,,,,3.378838300704956e-06,,5.671288818120956e-06,,0.2582184076309204,,0.2549719512462616,,0.0892937108874321,,0.030894167721271515,0.054904427379369736,,,,,,,,,,,,,,
8,,27779,,,,,,,,,,3.216788172721863e-06,,3.2386742532253265e-06,,0.22391265630722046,,0.26919329166412354,,0.07643645256757736,,0.025451812893152237,0.04867500066757202,,,,,,,,,,,,,,
8,,27789,,,,,,,,,,2.896413207054138e-06,,3.2079406082630157e-06,,0.24194686114788055,,0.2658352255821228,,0.0761021077632904,,0.022951694205403328,0.04679069295525551,,,,,,,,,,,,,,
8,,27799,,,,,,,,,,2.386048436164856e-06,,1.298263669013977e-06,,0.2507687211036682,,0.25468122959136963,,0.09094838798046112,,0.03262382000684738,0.056411340832710266,,,,,,,,,,,,,,
8,,27809,,,,,,,,,,3.7122517824172974e-06,,2.400483936071396e-06,,0.22875460982322693,,0.27580028772354126,,0.08782973885536194,,0.03231031447649002,0.05632343515753746,,,,,,,,,,,,,,
8,,27819,,,,,,,,,,2.7939677238464355e-06,,1.8025748431682587e-06,,0.24428537487983704,,0.2633802890777588,,0.08543652296066284,,0.02680346369743347,0.0513431616127491,,,,,,,,,,,,,,
8,,27829,,,,,,,,,,3.8370490074157715e-06,,2.5294721126556396e-06,,0.2649027705192566,,0.25159206986427307,,0.07731319218873978,,0.024722158908843994,0.047947268933057785,,,,,,,,,,,,,,
8,,27839,,,,,,,,,,2.6766210794448853e-06,,6.895978003740311e-06,,0.1728699505329132,,0.29453593492507935,,0.08504590392112732,,0.030718522146344185,0.05483059957623482,,,,,,,,,,,,,,
8,,27849,,,,,,,,,,2.084299921989441e-06,,3.932509571313858e-06,,0.2540251612663269,,0.2592141926288605,,0.0830858126282692,,0.02588728442788124,0.050133831799030304,,,,,,,,,,,,,,
8,,27859,,,,,,,,,,2.3189932107925415e-06,,1.8435530364513397e-06,,0.22365537285804749,,0.26553821563720703,,0.07604777067899704,,0.026324762031435966,0.04908258467912674,,,,,,,,,,,,,,
8,,27869,,,,,,,,,,3.0510127544403076e-06,,2.419576048851013e-06,,0.2441590428352356,,0.26775968074798584,,0.09100856631994247,,0.03371661156415939,0.05777815356850624,,,,,,,,,,,,,,
8,,27879,,,,,,,,,,3.6694109439849854e-06,,2.971850335597992e-06,,0.2298440784215927,,0.26881811022758484,,0.07562737166881561,,0.021724307909607887,0.04577888175845146,,,,,,,,,,,,,,
8,,27889,,,,,,,,,,2.464279532432556e-06,,2.5890767574310303e-06,,0.23246091604232788,,0.2726559042930603,,0.09497330337762833,,0.036696407943964005,0.06084955856204033,,,,,,,,,,,,,,
8,,27899,,,,,,,,,,2.3245811462402344e-06,,3.793276846408844e-06,,0.2516452670097351,,0.2679671049118042,,0.0746041014790535,,0.019630689173936844,0.04423202574253082,,,,,,,,,,,,,,
8,,27909,,,,,,,,,,2.736225724220276e-06,,2.182088792324066e-06,,0.25109532475471497,,0.2679225206375122,,0.09418904781341553,,0.02979283779859543,0.05552002787590027,,,,,,,,,,,,,,
8,,27919,,,,,,,,,,3.3210963010787964e-06,,1.766253262758255e-06,,0.22333844006061554,,0.27252453565597534,,0.07693734765052795,,0.026851311326026917,0.04996827617287636,,,,,,,,,,,,,,
8,,27929,,,,,,,,,,4.395842552185059e-06,,2.648681402206421e-06,,0.2733965516090393,,0.25810906291007996,,0.07718028873205185,,0.02838757075369358,0.05107719451189041,,,,,,,,,,,,,,
8,,27939,,,,,,,,,,2.428889274597168e-06,,1.4710240066051483e-06,,0.3433229327201843,,0.23958390951156616,,0.08147111535072327,,0.026541750878095627,0.050448283553123474,,,,,,,,,,,,,,
8,,27949,,,,,,,,,,2.896413207054138e-06,,2.5904737412929535e-06,,0.2185399830341339,,0.26054203510284424,,0.09344161301851273,,0.03447313606739044,0.05816328525543213,,,,,,,,,,,,,,
8,,27959,,,,,,,,,,2.0153820514678955e-06,,1.6954727470874786e-06,,0.22319138050079346,,0.2681505084037781,,0.08796313405036926,,0.024394724518060684,0.04998641833662987,,,,,,,,,,,,,,
8,,27969,,,,,,,,,,2.1010637283325195e-06,,1.5781261026859283e-06,,0.2201465368270874,,0.25719353556632996,,0.08745957911014557,,0.029539447277784348,0.05320204421877861,,,,,,,,,,,,,,
8,,27979,,,,,,,,,,2.520158886909485e-06,,1.6097910702228546e-06,,0.2707410752773285,,0.26291126012802124,,0.08053349703550339,,0.03230946511030197,0.05484224110841751,,,,,,,,,,,,,,
8,,27989,,,,,,,,,,2.4922192096710205e-06,,2.4866312742233276e-06,,0.23642435669898987,,0.25979676842689514,,0.08965764939785004,,0.02751452662050724,0.05240807682275772,,,,,,,,,,,,,,
8,,27999,,,,,,,,,,3.216788172721863e-06,,1.4477409422397614e-06,,0.22672981023788452,,0.2792445421218872,,0.10127560049295425,,0.0376962274312973,0.06302331387996674,,,,,,,,,,,,,,
8,,28009,,,,,,,,,,4.364177584648132e-06,,2.8316862881183624e-06,,0.2433963418006897,,0.26372969150543213,,0.07330069690942764,,0.02302686683833599,0.04623996093869209,,,,,,,,,,,,,,
8,,28019,,,,,,,,,,4.332512617111206e-06,,2.7115456759929657e-06,,0.26238930225372314,,0.2510371208190918,,0.07414006441831589,,0.02580292895436287,0.04810745269060135,,,,,,,,,,,,,,
8,,28029,,,,,,,,,,6.020069122314453e-06,,3.0570663511753082e-06,,0.29555922746658325,,0.2503187656402588,,0.07086416333913803,,0.020783666521310806,0.04408283531665802,,,,,,,,,,,,,,
8,,28039,,,,,,,,,,5.470588803291321e-06,,3.3918768167495728e-06,,0.22394093871116638,,0.27155882120132446,,0.09839984774589539,,0.034506287425756454,0.05969790741801262,,,,,,,,,,,,,,
8,,28049,,,,,,,,,,3.0118972063064575e-06,,6.472226232290268e-06,,0.24107910692691803,,0.25059205293655396,,0.09263565391302109,,0.0286710187792778,0.05345717445015907,,,,,,,,,,,,,,
8,,28059,,,,,,,,,,5.057081580162048e-06,,4.388391971588135e-06,,0.2785549759864807,,0.2535722553730011,,0.09263509511947632,,0.0261695459485054,0.05215950682759285,,,,,,,,,,,,,,
8,,28069,,,,,,,,,,4.032626748085022e-06,,2.3455359041690826e-06,,0.24240687489509583,,0.25890785455703735,,0.10654699057340622,,0.040283285081386566,0.06518296152353287,,,,,,,,,,,,,,
8,,28079,,,,,,,,,,4.252418875694275e-06,,2.589542418718338e-06,,0.24846722185611725,,0.2773208022117615,,0.069093257188797,,0.022654656320810318,0.04586832597851753,,,,,,,,,,,,,,
8,,28089,,,,,,,,,,4.060566425323486e-06,,7.165130227804184e-06,,0.2340351641178131,,0.26568537950515747,,0.09447233378887177,,0.029649805277585983,0.0551610104739666,,,,,,,,,,,,,,
8,,28099,,,,,,,,,,2.2742897272109985e-06,,2.0917505025863647e-06,,0.2617855668067932,,0.2453743815422058,,0.06903441250324249,,0.018015187233686447,0.04103509336709976,,,,,,,,,,,,,,
8,,28109,,,,,,,,,,2.5033950805664062e-06,,3.277324140071869e-06,,0.1948356330394745,,0.27656930685043335,,0.10278023779392242,,0.03090122900903225,0.0577087365090847,,,,,,,,,,,,,,
8,,28119,,,,,,,,,,3.7420541048049927e-06,,2.857763320207596e-06,,0.28782594203948975,,0.23573142290115356,,0.0748039036989212,,0.024010535329580307,0.0464678630232811,,,,,,,,,,,,,,
8,,28129,,,,,,,,,,3.810971975326538e-06,,3.3960677683353424e-06,,0.28900206089019775,,0.2512478232383728,,0.0835728794336319,,0.021866533905267715,0.04724534973502159,,,,,,,,,,,,,,
8,,28139,,,,,,,,,,5.191192030906677e-06,,1.9976869225502014e-06,,0.2660398483276367,,0.25253060460090637,,0.07922756671905518,,0.02269679866731167,0.0468442440032959,,,,,,,,,,,,,,
8,,28149,,,,,,,,,,2.5443732738494873e-06,,1.6968697309494019e-06,,0.25603941082954407,,0.23695442080497742,,0.08767421543598175,,0.029025869444012642,0.05232879891991615,,,,,,,,,,,,,,
8,,28159,,,,,,,,,,2.3115426301956177e-06,,2.623535692691803e-06,,0.2578287720680237,,0.25086575746536255,,0.08554732799530029,,0.033648669719696045,0.05607108771800995,,,,,,,,,,,,,,
8,,28169,,,,,,,,,,1.7620623111724854e-06,,2.0167790353298187e-06,,0.26262158155441284,,0.2579079270362854,,0.08781573176383972,,0.0287199504673481,0.05318543314933777,,,,,,,,,,,,,,
8,,28179,,,,,,,,,,2.0544975996017456e-06,,8.498318493366241e-06,,0.24289846420288086,,0.2737289369106293,,0.0798460841178894,,0.02753247320652008,0.05131055787205696,,,,,,,,,,,,,,
8,,28189,,,,,,,,,,3.691762685775757e-06,,1.7150305211544037e-06,,0.23490563035011292,,0.27696454524993896,,0.07746392488479614,,0.022845998406410217,0.04740608111023903,,,,,,,,,,,,,,
8,,28199,,,,,,,,,,2.0191073417663574e-06,,2.1741725504398346e-06,,0.2544923424720764,,0.24929514527320862,,0.09400740265846252,,0.033698566257953644,0.05758242309093475,,,,,,,,,,,,,,
8,,28209,,,,,,,,,,3.170222043991089e-06,,3.787688910961151e-06,,0.2516860365867615,,0.2597959339618683,,0.0683627799153328,,0.019353408366441727,0.042470842599868774,,,,,,,,,,,,,,
8,,28219,,,,,,,,,,3.041699528694153e-06,,2.0917505025863647e-06,,0.28572532534599304,,0.24558967351913452,,0.07782664149999619,,0.02320106327533722,0.04686510190367699,,,,,,,,,,,,,,
8,,28229,,,,,,,,,,6.3907355070114136e-06,,3.3746473491191864e-06,,0.2441021203994751,,0.25335776805877686,,0.07450509071350098,,0.024161849170923233,0.046839259564876556,,,,,,,,,,,,,,
8,,28239,,,,,,,,,,2.5033950805664062e-06,,9.757932275533676e-06,,0.2635623812675476,,0.26234814524650574,,0.08936593681573868,,0.024409189820289612,0.0504615493118763,,,,,,,,,,,,,,
8,,28249,,,,,,,,,,4.064291715621948e-06,,5.779322236776352e-06,,0.23258870840072632,,0.2599244713783264,,0.07200516760349274,,0.0226103775203228,0.045379459857940674,,,,,,,,,,,,,,
8,,28259,,,,,,,,,,2.3972243070602417e-06,,3.528781235218048e-06,,0.24102866649627686,,0.2711848020553589,,0.08880656957626343,,0.028759058564901352,0.05377000570297241,,,,,,,,,,,,,,
8,,28269,,,,,,,,,,1.953914761543274e-06,,3.3816322684288025e-06,,0.2585020363330841,,0.2422185242176056,,0.08844643831253052,,0.024735527113080025,0.049530766904354095,,,,,,,,,,,,,,
8,,28279,,,,,,,,,,3.8016587495803833e-06,,5.187466740608215e-06,,0.22393867373466492,,0.2659381330013275,,0.09260700643062592,,0.03187885880470276,0.056376874446868896,,,,,,,,,,,,,,
8,,28289,,,,,,,,,,2.2649765014648438e-06,,4.7227367758750916e-06,,0.1951928287744522,,0.25632673501968384,,0.08276982605457306,,0.024001814424991608,0.047835130244493484,,,,,,,,,,,,,,
8,,28299,,,,,,,,,,2.034008502960205e-06,,2.26777046918869e-06,,0.24795091152191162,,0.2599782645702362,,0.09634485840797424,,0.030846156179904938,0.056305188685655594,,,,,,,,,,,,,,
8,,28309,,,,,,,,,,2.6617199182510376e-06,,4.763249307870865e-06,,0.28406742215156555,,0.23973479866981506,,0.08687155693769455,,0.032147496938705444,0.05497895926237106,,,,,,,,,,,,,,
8,,28319,,,,,,,,,,4.163011908531189e-06,,3.763008862733841e-06,,0.2489071637392044,,0.26193565130233765,,0.09440266340970993,,0.028989745303988457,0.05465128272771835,,,,,,,,,,,,,,
8,,28329,,,,,,,,,,3.5446137189865112e-06,,3.603752702474594e-06,,0.24623242020606995,,0.2533034384250641,,0.07368636131286621,,0.02295161597430706,0.045800235122442245,,,,,,,,,,,,,,
8,,28339,,,,,,,,,,4.585832357406616e-06,,4.183966666460037e-06,,0.22122126817703247,,0.26138198375701904,,0.08222909271717072,,0.028691750019788742,0.0517941452562809,,,,,,,,,,,,,,
8,,28349,,,,,,,,,,3.5818666219711304e-06,,5.2908435463905334e-06,,0.27242302894592285,,0.2547777593135834,,0.07853588461875916,,0.023759447038173676,0.047691889107227325,,,,,,,,,,,,,,
8,,28359,,,,,,,,,,4.058703780174255e-06,,3.3532269299030304e-06,,0.22666557133197784,,0.2554144263267517,,0.08878286182880402,,0.02842685580253601,0.05260857194662094,,,,,,,,,,,,,,
8,,28369,,,,,,,,,,5.07943332195282e-06,,3.755558282136917e-06,,0.29257386922836304,,0.24599173665046692,,0.09731323271989822,,0.03163408488035202,0.05694517493247986,,,,,,,,,,,,,,
8,,28379,,,,,,,,,,4.071742296218872e-06,,4.15043905377388e-06,,0.24527260661125183,,0.25164133310317993,,0.0808340460062027,,0.026437455788254738,0.049666594713926315,,,,,,,,,,,,,,
8,,28389,,,,,,,,,,2.950429916381836e-06,,2.2868625819683075e-06,,0.2200833559036255,,0.2681388854980469,,0.0729275494813919,,0.020438820123672485,0.04416193068027496,,,,,,,,,,,,,,
8,,28399,,,,,,,,,,3.2223761081695557e-06,,3.962311893701553e-06,,0.24106261134147644,,0.27351853251457214,,0.08809441328048706,,0.024371743202209473,0.05045497417449951,,,,,,,,,,,,,,
8,,28409,,,,,,,,,,4.069879651069641e-06,,4.24310564994812e-06,,0.247404545545578,,0.2609429955482483,,0.07042272388935089,,0.022715479135513306,0.045382943004369736,,,,,,,,,,,,,,
8,,28419,,,,,,,,,,3.0603259801864624e-06,,2.723187208175659e-06,,0.23980408906936646,,0.2614244818687439,,0.07624287903308868,,0.028796378523111343,0.05096975713968277,,,,,,,,,,,,,,
8,,28429,,,,,,,,,,3.602355718612671e-06,,1.7955899238586426e-06,,0.20507308840751648,,0.2645162343978882,,0.10216063261032104,,0.03179314732551575,0.05781650170683861,,,,,,,,,,,,,,
8,,28439,,,,,,,,,,2.169981598854065e-06,,5.236826837062836e-06,,0.24189364910125732,,0.25796762108802795,,0.08232418447732925,,0.0232478529214859,0.04781028628349304,,,,,,,,,,,,,,
8,,28449,,,,,,,,,,3.4924596548080444e-06,,2.7623027563095093e-06,,0.24987363815307617,,0.259954571723938,,0.08492466062307358,,0.027095075696706772,0.051370810717344284,,,,,,,,,,,,,,
8,,28459,,,,,,,,,,4.1853636503219604e-06,,4.624016582965851e-06,,0.20281264185905457,,0.2830120921134949,,0.07828705757856369,,0.02653740718960762,0.05023706704378128,,,,,,,,,,,,,,
8,,28469,,,,,,,,,,3.1851232051849365e-06,,6.577931344509125e-06,,0.25162258744239807,,0.2683786451816559,,0.07713326066732407,,0.019752711057662964,0.044816937297582626,,,,,,,,,,,,,,
8,,28479,,,,,,,,,,4.122033715248108e-06,,3.5390257835388184e-06,,0.2651436924934387,,0.25151175260543823,,0.09268100559711456,,0.029606208205223083,0.05449242889881134,,,,,,,,,,,,,,
8,,28489,,,,,,,,,,4.896894097328186e-06,,3.82913276553154e-06,,0.2444916069507599,,0.255990207195282,,0.08490051329135895,,0.03406960144639015,0.0563495010137558,,,,,,,,,,,,,,
8,,28499,,,,,,,,,,3.956258296966553e-06,,4.073604941368103e-06,,0.23247982561588287,,0.2791746258735657,,0.08693159371614456,,0.027570758014917374,0.05280133709311485,,,,,,,,,,,,,,
8,,28509,,,,,,,,,,5.04031777381897e-06,,1.0959338396787643e-05,,0.2607516646385193,,0.26638299226760864,,0.07114528119564056,,0.022264380007982254,0.045591577887535095,,,,,,,,,,,,,,
8,,28519,,,,,,,,,,3.207474946975708e-06,,3.7481077015399933e-06,,0.23437142372131348,,0.256235808134079,,0.0784120038151741,,0.02447047457098961,0.04782438650727272,,,,,,,,,,,,,,
8,,28529,,,,,,,,,,6.644055247306824e-06,,2.6063062250614166e-06,,0.2437969148159027,,0.2382383942604065,,0.09766154736280441,,0.02660529315471649,0.05230271443724632,,,,,,,,,,,,,,
8,,28539,,,,,,,,,,2.816319465637207e-06,,2.044718712568283e-06,,0.2394220381975174,,0.2665439248085022,,0.08833806216716766,,0.025321535766124725,0.05086693912744522,,,,,,,,,,,,,,
8,,28549,,,,,,,,,,3.8780272006988525e-06,,1.691281795501709e-06,,0.21871429681777954,,0.27444934844970703,,0.09210966527462006,,0.029125189408659935,0.054555654525756836,,,,,,,,,,,,,,
8,,28559,,,,,,,,,,3.7513673305511475e-06,,3.0710361897945404e-06,,0.2566744089126587,,0.258270263671875,,0.10320822894573212,,0.03290759027004242,0.05916101485490799,,,,,,,,,,,,,,
8,,28569,,,,,,,,,,5.17629086971283e-06,,2.7106143534183502e-06,,0.2725852131843567,,0.2570964992046356,,0.09013651311397552,,0.034450285136699677,0.05799823999404907,,,,,,,,,,,,,,
8,,28579,,,,,,,,,,5.152076482772827e-06,,2.137850970029831e-06,,0.24689239263534546,,0.272367924451828,,0.074001744389534,,0.021284103393554688,0.04551004245877266,,,,,,,,,,,,,,
8,,28589,,,,,,,,,,3.1404197216033936e-06,,1.7792917788028717e-06,,0.23468530178070068,,0.27084973454475403,,0.07690426707267761,,0.024197790771722794,0.04802592843770981,,,,,,,,,,,,,,
8,,28599,,,,,,,,,,2.4959444999694824e-06,,2.737622708082199e-06,,0.25993460416793823,,0.24617904424667358,,0.07278405129909515,,0.02281530201435089,0.04535531997680664,,,,,,,,,,,,,,
8,,28609,,,,,,,,,,2.3674219846725464e-06,,2.6063062250614166e-06,,0.1826515793800354,,0.27593767642974854,,0.10085831582546234,,0.0333247110247612,0.058993905782699585,,,,,,,,,,,,,,
8,,28619,,,,,,,,,,3.339722752571106e-06,,1.682434231042862e-06,,0.23998859524726868,,0.24295085668563843,,0.07309490442276001,,0.024127477779984474,0.04601283371448517,,,,,,,,,,,,,,
8,,28629,,,,,,,,,,5.953013896942139e-06,,2.190936356782913e-06,,0.24783077836036682,,0.26275646686553955,,0.09265149384737015,,0.030477069318294525,0.0554644875228405,,,,,,,,,,,,,,
8,,28639,,,,,,,,,,2.518296241760254e-06,,6.983522325754166e-06,,0.22665530443191528,,0.2649660110473633,,0.08453825116157532,,0.029244249686598778,0.052873436361551285,,,,,,,,,,,,,,
8,,28649,,,,,,,,,,2.9243528842926025e-06,,1.969747245311737e-06,,0.2506769299507141,,0.2670704126358032,,0.08079768717288971,,0.025436565279960632,0.04969567432999611,,,,,,,,,,,,,,
8,,28659,,,,,,,,,,2.9727816581726074e-06,,2.1276064217090607e-06,,0.2400341033935547,,0.275846004486084,,0.09391971677541733,,0.02938031777739525,0.05540190264582634,,,,,,,,,,,,,,
8,,28669,,,,,,,,,,2.7120113372802734e-06,,1.4505349099636078e-06,,0.227495938539505,,0.25918686389923096,,0.07928051054477692,,0.023133212700486183,0.04704184830188751,,,,,,,,,,,,,,
8,,28673,,,,,,,,,,,,,,,,,,,,,,0.9833543300628662,1.0,1.0,0.9388084411621094,0.9069899916648865,0.9721222519874573,0.9915493726730347,0.05206648260354996,2.384185791015625e-07,8.940696716308594e-08,0.24417459964752197,0.2598913609981537,0.08675946295261383,0.027656758204102516
8,,28673,0.9829416275024414,1.0,1.0,0.9394984245300293,0.9067607522010803,0.9716219305992126,0.9911303520202637,0.05147235095500946,4.334177901910152e-06,,2.948299425042933e-06,,0.24338601529598236,,0.26117390394210815,,0.0844266265630722,,0.0273799579590559,,,,,,,,,,,,,,,,
,0.00017346516975603468,28674,,,,,,,,,,,,,,,,,,,,,,,,,,,,,,,,,,,
9,,28679,,,,,,,,,,3.915280103683472e-06,,3.0668452382087708e-06,,0.23690298199653625,,0.24931202828884125,,0.0777701586484909,,0.027640778571367264,0.049787361174821854,,,,,,,,,,,,,,
9,,28689,,,,,,,,,,6.375834345817566e-06,,1.3657845556735992e-06,,0.261134535074234,,0.25530070066452026,,0.0856626033782959,,0.02769256755709648,0.05187123268842697,,,,,,,,,,,,,,
9,,28699,,,,,,,,,,2.1774321794509888e-06,,2.2565945982933044e-06,,0.2601126432418823,,0.26913905143737793,,0.08919616788625717,,0.032670758664608,0.056905340403318405,,,,,,,,,,,,,,
9,,28709,,,,,,,,,,3.7923455238342285e-06,,1.6693957149982452e-06,,0.24116924405097961,,0.25186628103256226,,0.07570448517799377,,0.023498032242059708,0.04646190255880356,,,,,,,,,,,,,,
9,,28719,,,,,,,,,,2.7902424335479736e-06,,1.6293488442897797e-06,,0.2546144723892212,,0.26201438903808594,,0.07053729146718979,,0.019120417535305023,0.042842209339141846,,,,,,,,,,,,,,
9,,28729,,,,,,,,,,2.8945505619049072e-06,,1.5636906027793884e-06,,0.23443922400474548,,0.27308031916618347,,0.08385957032442093,,0.025403928011655807,0.050336889922618866,,,,,,,,,,,,,,
9,,28739,,,,,,,,,,2.6542693376541138e-06,,1.3452954590320587e-06,,0.23100335896015167,,0.2687641978263855,,0.07726773619651794,,0.02266843430697918,0.04680585488677025,,,,,,,,,,,,,,
9,,28749,,,,,,,,,,2.6114284992218018e-06,,2.8349459171295166e-06,,0.30070823431015015,,0.2529327869415283,,0.07285977900028229,,0.022681882604956627,0.04606402665376663,,,,,,,,,,,,,,
9,,28759,,,,,,,,,,1.7844140529632568e-06,,1.78581103682518e-06,,0.28594815731048584,,0.23390710353851318,,0.0699370801448822,,0.02153646945953369,0.04359155520796776,,,,,,,,,,,,,,
9,,28769,,,,,,,,,,2.3078173398971558e-06,,2.5797635316848755e-06,,0.23021657764911652,,0.2447909712791443,,0.08998683094978333,,0.025372717529535294,0.05008673667907715,,,,,,,,,,,,,,
9,,28779,,,,,,,,,,3.4365803003311157e-06,,1.6838312149047852e-06,,0.2255953848361969,,0.2668452262878418,,0.09260667860507965,,0.03532366454601288,0.05902298539876938,,,,,,,,,,,,,,
9,,28789,,,,,,,,,,2.428889274597168e-06,,2.302229404449463e-06,,0.23207435011863708,,0.25536221265792847,,0.09130501002073288,,0.02664332464337349,0.0518045611679554,,,,,,,,,,,,,,
9,,28799,,,,,,,,,,3.421679139137268e-06,,3.557652235031128e-06,,0.2595892548561096,,0.2498149275779724,,0.08922335505485535,,0.028728891164064407,0.05304114893078804,,,,,,,,,,,,,,
9,,28809,,,,,,,,,,2.3953616619110107e-06,,1.4668330550193787e-06,,0.23137050867080688,,0.2658124268054962,,0.08526451885700226,,0.02375459298491478,0.04898633807897568,,,,,,,,,,,,,,
9,,28819,,,,,,,,,,6.819143891334534e-06,,1.8319115042686462e-06,,0.23912650346755981,,0.2454978972673416,,0.07580233365297318,,0.03132779151201248,0.05203147232532501,,,,,,,,,,,,,,
9,,28829,,,,,,,,,,2.212822437286377e-06,,7.1837566792964935e-06,,0.21547722816467285,,0.28135567903518677,,0.08632710576057434,,0.030209418386220932,0.05457041785120964,,,,,,,,,,,,,,
9,,28839,,,,,,,,,,4.034489393234253e-06,,3.0249357223510742e-06,,0.21056249737739563,,0.2771739959716797,,0.10119374096393585,,0.02947646751999855,0.05655505508184433,,,,,,,,,,,,,,
9,,28849,,,,,,,,,,3.870576620101929e-06,,2.410728484392166e-06,,0.19642215967178345,,0.2786089777946472,,0.08667375147342682,,0.0293768011033535,0.053658656775951385,,,,,,,,,,,,,,
9,,28859,,,,,,,,,,4.664063453674316e-06,,7.356517016887665e-06,,0.25464928150177,,0.2552059292793274,,0.08927160501480103,,0.02886556088924408,0.053347595036029816,,,,,,,,,,,,,,
9,,28869,,,,,,,,,,3.6954879760742188e-06,,1.9283033907413483e-06,,0.22778189182281494,,0.25665128231048584,,0.08837349712848663,,0.03050971031188965,0.054165393114089966,,,,,,,,,,,,,,
9,,28879,,,,,,,,,,3.0510127544403076e-06,,3.127381205558777e-06,,0.2932509779930115,,0.25245827436447144,,0.08016670495271683,,0.025959793478250504,0.04978378489613533,,,,,,,,,,,,,,
9,,28889,,,,,,,,,,3.6302953958511353e-06,,2.7371570467948914e-06,,0.2631174921989441,,0.2866697311401367,,0.07917696237564087,,0.025799822062253952,0.050728991627693176,,,,,,,,,,,,,,
9,,28899,,,,,,,,,,3.1068921089172363e-06,,1.7364509403705597e-06,,0.2454272359609604,,0.26635468006134033,,0.08462590724229813,,0.029441144317388535,0.05332271754741669,,,,,,,,,,,,,,
9,,28909,,,,,,,,,,3.902241587638855e-06,,2.2337771952152252e-06,,0.1954261064529419,,0.27336379885673523,,0.09710735082626343,,0.03276165947318077,0.05789710208773613,,,,,,,,,,,,,,
9,,28919,,,,,,,,,,2.5462359189987183e-06,,2.937857061624527e-06,,0.2556612193584442,,0.256379634141922,,0.07070056349039078,,0.02051585167646408,0.0436677448451519,,,,,,,,,,,,,,
9,,28929,,,,,,,,,,4.075467586517334e-06,,1.6619451344013214e-06,,0.2516045570373535,,0.24218863248825073,,0.06144505366683006,,0.02065560221672058,0.04132382944226265,,,,,,,,,,,,,,
9,,28939,,,,,,,,,,3.9208680391311646e-06,,1.6544945538043976e-06,,0.2653384804725647,,0.25251293182373047,,0.09061455726623535,,0.023521428927779198,0.04958939552307129,,,,,,,,,,,,,,
9,,28949,,,,,,,,,,2.726912498474121e-06,,3.118114545941353e-05,,0.23495575785636902,,0.24849459528923035,,0.07920433580875397,,0.025627827271819115,0.04848518967628479,,,,,,,,,,,,,,
9,,28959,,,,,,,,,,3.3155083656311035e-06,,1.2419186532497406e-06,,0.21518543362617493,,0.27463197708129883,,0.08581172674894333,,0.027145056053996086,0.051856234669685364,,,,,,,,,,,,,,
9,,28969,,,,,,,,,,3.4887343645095825e-06,,1.4561228454113007e-06,,0.25207817554473877,,0.24602816998958588,,0.08816845715045929,,0.026387706398963928,0.050821393728256226,,,,,,,,,,,,,,
9,,28979,,,,,,,,,,3.384426236152649e-06,,1.389533281326294e-06,,0.2690887749195099,,0.24425360560417175,,0.074699766933918,,0.020971093326807022,0.044348131865262985,,,,,,,,,,,,,,
9,,28989,,,,,,,,,,3.4905970096588135e-06,,2.0582228899002075e-06,,0.22730259597301483,,0.2638446092605591,,0.11040204763412476,,0.03568939119577408,0.06251411885023117,,,,,,,,,,,,,,
9,,28999,,,,,,,,,,4.423782229423523e-06,,1.94646418094635e-06,,0.24761533737182617,,0.2624916732311249,,0.09907442331314087,,0.029364414513111115,0.05581944063305855,,,,,,,,,,,,,,
9,,29009,,,,,,,,,,4.92483377456665e-06,,2.650078386068344e-06,,0.2769978642463684,,0.24341124296188354,,0.08726727962493896,,0.029470745474100113,0.053134627640247345,,,,,,,,,,,,,,
9,,29019,,,,,,,,,,4.235655069351196e-06,,2.79303640127182e-06,,0.2615847885608673,,0.2769152522087097,,0.08386169373989105,,0.030506230890750885,0.05466294661164284,,,,,,,,,,,,,,
9,,29029,,,,,,,,,,3.427267074584961e-06,,1.505482941865921e-06,,0.2608659267425537,,0.2573850750923157,,0.07702070474624634,,0.03048023208975792,0.052436310797929764,,,,,,,,,,,,,,
9,,29039,,,,,,,,,,3.2689422369003296e-06,,1.593027263879776e-06,,0.232874795794487,,0.25702977180480957,,0.08680559694766998,,0.027547504752874374,0.05172658711671829,,,,,,,,,,,,,,
9,,29049,,,,,,,,,,2.648681402206421e-06,,2.377200871706009e-06,,0.23236526548862457,,0.2589747905731201,,0.09364007413387299,,0.03217221796512604,0.05656296759843826,,,,,,,,,,,,,,
9,,29059,,,,,,,,,,3.0118972063064575e-06,,2.0293518900871277e-06,,0.1944597214460373,,0.28184974193573,,0.08682306110858917,,0.030297912657260895,0.054506607353687286,,,,,,,,,,,,,,
9,,29069,,,,,,,,,,3.7904828786849976e-06,,2.505257725715637e-06,,0.2571741044521332,,0.26907283067703247,,0.09530702233314514,,0.033940255641937256,0.05896621197462082,,,,,,,,,,,,,,
9,,29079,,,,,,,,,,5.112960934638977e-06,,2.675224095582962e-06,,0.23749636113643646,,0.2599828839302063,,0.09492786973714828,,0.027073636651039124,0.053087033331394196,,,,,,,,,,,,,,
9,,29089,,,,,,,,,,5.4426491260528564e-06,,2.1010637283325195e-06,,0.2354470193386078,,0.25054824352264404,,0.09264597296714783,,0.031815025955438614,0.05574960261583328,,,,,,,,,,,,,,
9,,29099,,,,,,,,,,3.1106173992156982e-06,,2.2617168724536896e-06,,0.2586473524570465,,0.2538009285926819,,0.06588052958250046,,0.02121550776064396,0.043202731758356094,,,,,,,,,,,,,,
9,,29109,,,,,,,,,,4.075467586517334e-06,,1.4347024261951447e-06,,0.23510268330574036,,0.26824748516082764,,0.07409894466400146,,0.02043468877673149,0.04455966502428055,,,,,,,,,,,,,,
9,,29119,,,,,,,,,,3.894791007041931e-06,,2.0335428416728973e-06,,0.2348783016204834,,0.27596694231033325,,0.08665905147790909,,0.03184257820248604,0.05583257973194122,,,,,,,,,,,,,,
9,,29129,,,,,,,,,,5.1781535148620605e-06,,2.164393663406372e-06,,0.23820793628692627,,0.27065855264663696,,0.07739753276109695,,0.023631948977708817,0.047726284712553024,,,,,,,,,,,,,,
9,,29139,,,,,,,,,,8.322298526763916e-06,,6.705988198518753e-06,,0.24142873287200928,,0.27634379267692566,,0.08237574994564056,,0.02680683508515358,0.05134600028395653,,,,,,,,,,,,,,
9,,29149,,,,,,,,,,3.643333911895752e-06,,2.4368055164813995e-06,,0.2830260396003723,,0.25660350918769836,,0.08008400350809097,,0.03096230886876583,0.05359558016061783,,,,,,,,,,,,,,
9,,29159,,,,,,,,,,3.555789589881897e-06,,2.277083694934845e-06,,0.2100142538547516,,0.28302809596061707,,0.0996881052851677,,0.03357098996639252,0.059612374752759933,,,,,,,,,,,,,,
9,,29169,,,,,,,,,,3.3713877201080322e-06,,2.0866282284259796e-06,,0.23802709579467773,,0.2640957236289978,,0.08902621269226074,,0.03179427236318588,0.055720601230859756,,,,,,,,,,,,,,
9,,29179,,,,,,,,,,5.83939254283905e-06,,2.2994354367256165e-06,,0.26335179805755615,,0.2545021176338196,,0.09467367082834244,,0.025813136249780655,0.052139848470687866,,,,,,,,,,,,,,
9,,29189,,,,,,,,,,4.881992936134338e-06,,2.8838403522968292e-06,,0.2249375283718109,,0.26712727546691895,,0.08108492940664291,,0.01906251721084118,0.044668808579444885,,,,,,,,,,,,,,
9,,29199,,,,,,,,,,3.7364661693573e-06,,1.4635734260082245e-06,,0.2607975900173187,,0.2502439022064209,,0.07350572943687439,,0.02443528175354004,0.046906646341085434,,,,,,,,,,,,,,
9,,29209,,,,,,,,,,3.8016587495803833e-06,,2.257060259580612e-06,,0.17861905694007874,,0.27937212586402893,,0.08402112126350403,,0.025898009538650513,0.05037853494286537,,,,,,,,,,,,,,
9,,29219,,,,,,,,,,4.08664345741272e-06,,1.5986151993274689e-06,,0.25533974170684814,,0.2596403956413269,,0.06828629970550537,,0.017951369285583496,0.041440241038799286,,,,,,,,,,,,,,
9,,29229,,,,,,,,,,4.636123776435852e-06,,3.604218363761902e-06,,0.2367757260799408,,0.2670363783836365,,0.07563287019729614,,0.025423653423786163,0.04855281859636307,,,,,,,,,,,,,,
9,,29239,,,,,,,,,,1.1129304766654968e-05,,5.787704139947891e-06,,0.21827054023742676,,0.27917054295539856,,0.0852602869272232,,0.027534041553735733,0.052293602377176285,,,,,,,,,,,,,,
9,,29249,,,,,,,,,,4.421919584274292e-06,,2.1383166313171387e-06,,0.24537132680416107,,0.2484787404537201,,0.07740376144647598,,0.024360692128539085,0.04731817543506622,,,,,,,,,,,,,,
9,,29259,,,,,,,,,,3.8016587495803833e-06,,1.9632279872894287e-06,,0.27323776483535767,,0.24483999609947205,,0.08859823644161224,,0.027548592537641525,0.05196518823504448,,,,,,,,,,,,,,
9,,29269,,,,,,,,,,3.863126039505005e-06,,3.7616118788719177e-06,,0.2648099958896637,,0.2523195445537567,,0.08699651807546616,,0.027236709371209145,0.0516827329993248,,,,,,,,,,,,,,
9,,29279,,,,,,,,,,4.114583134651184e-06,,1.7779413610696793e-05,,0.2321171760559082,,0.2677788734436035,,0.08744285255670547,,0.0295189768075943,0.05382021889090538,,,,,,,,,,,,,,
9,,29289,,,,,,,,,,4.546716809272766e-06,,2.6742927730083466e-06,,0.23594924807548523,,0.2779965102672577,,0.07515649497509003,,0.02552461437880993,0.049043409526348114,,,,,,,,,,,,,,
9,,29299,,,,,,,,,,5.185604095458984e-06,,5.071517080068588e-06,,0.24872097373008728,,0.262096107006073,,0.0747012346982956,,0.023531179875135422,0.04686678200960159,,,,,,,,,,,,,,
9,,29309,,,,,,,,,,4.250556230545044e-06,,3.6871060729026794e-06,,0.2408824861049652,,0.2627418637275696,,0.08442629873752594,,0.029409926384687424,0.05303920432925224,,,,,,,,,,,,,,
9,,29319,,,,,,,,,,5.109235644340515e-06,,3.6512501537799835e-06,,0.2369678020477295,,0.2652372121810913,,0.07685330510139465,,0.024786103516817093,0.04822131618857384,,,,,,,,,,,,,,
9,,29329,,,,,,,,,,4.857778549194336e-06,,2.725515514612198e-06,,0.260537326335907,,0.26564157009124756,,0.07215920090675354,,0.020248092710971832,0.044231850653886795,,,,,,,,,,,,,,
9,,29339,,,,,,,,,,7.636845111846924e-06,,4.272442311048508e-06,,0.2590118646621704,,0.2533203065395355,,0.08050927519798279,,0.02517567202448845,0.048898886889219284,,,,,,,,,,,,,,
9,,29349,,,,,,,,,,3.2763928174972534e-06,,3.242865204811096e-06,,0.22589008510112762,,0.2664700150489807,,0.07182452082633972,,0.019673015922307968,0.04337039217352867,,,,,,,,,,,,,,
9,,29359,,,,,,,,,,3.730878233909607e-06,,2.38930806517601e-06,,0.26292848587036133,,0.27348583936691284,,0.07532203197479248,,0.023490872234106064,0.047653522342443466,,,,,,,,,,,,,,
9,,29369,,,,,,,,,,4.682689905166626e-06,,4.1690655052661896e-06,,0.2636905908584595,,0.2575143277645111,,0.07790553569793701,,0.026820698752999306,0.04989611729979515,,,,,,,,,,,,,,
9,,29379,,,,,,,,,,8.66129994392395e-06,,3.981404006481171e-06,,0.26777809858322144,,0.2708714008331299,,0.09695959091186523,,0.03200524300336838,0.05803316831588745,,,,,,,,,,,,,,
9,,29389,,,,,,,,,,4.427507519721985e-06,,4.148576408624649e-06,,0.23198716342449188,,0.27639952301979065,,0.07938963174819946,,0.02550266683101654,0.04969953000545502,,,,,,,,,,,,,,
9,,29399,,,,,,,,,,4.723668098449707e-06,,4.620756953954697e-06,,0.23242540657520294,,0.25160419940948486,,0.08969482779502869,,0.02454463019967079,0.04975610226392746,,,,,,,,,,,,,,
9,,29409,,,,,,,,,,3.6656856536865234e-06,,1.3834796845912933e-06,,0.2441512644290924,,0.24673540890216827,,0.08683126419782639,,0.031012369319796562,0.05398019775748253,,,,,,,,,,,,,,
9,,29419,,,,,,,,,,7.737427949905396e-06,,3.7178397178649902e-06,,0.2197754681110382,,0.26804375648498535,,0.07957267761230469,,0.028842389583587646,0.05170435830950737,,,,,,,,,,,,,,
9,,29429,,,,,,,,,,7.005408406257629e-06,,1.4826655387878418e-06,,0.26809680461883545,,0.2642940878868103,,0.08287040889263153,,0.025094032287597656,0.049901463091373444,,,,,,,,,,,,,,
9,,29439,,,,,,,,,,4.7441571950912476e-06,,1.9669532775878906e-06,,0.22255834937095642,,0.2559772729873657,,0.08657990396022797,,0.031191300600767136,0.054247498512268066,,,,,,,,,,,,,,
9,,29449,,,,,,,,,,6.880611181259155e-06,,1.986045390367508e-06,,0.23110038042068481,,0.25365206599235535,,0.09790900349617004,,0.030049748718738556,0.055506959557533264,,,,,,,,,,,,,,
9,,29459,,,,,,,,,,6.822869181632996e-06,,2.5741755962371826e-06,,0.230116069316864,,0.2512182593345642,,0.07677247375249863,,0.027212167158722878,0.049288537353277206,,,,,,,,,,,,,,
9,,29469,,,,,,,,,,7.316470146179199e-06,,1.7047859728336334e-06,,0.274777352809906,,0.25594979524612427,,0.06871768087148666,,0.02252241224050522,0.04500506818294525,,,,,,,,,,,,,,
9,,29479,,,,,,,,,,3.876164555549622e-06,,2.628657966852188e-06,,0.23862498998641968,,0.2594332695007324,,0.09107322990894318,,0.030367126688361168,0.05482229217886925,,,,,,,,,,,,,,
9,,29489,,,,,,,,,,4.67151403427124e-06,,1.8398277461528778e-06,,0.23491451144218445,,0.2709500789642334,,0.08316348493099213,,0.02856101095676422,0.05248042196035385,,,,,,,,,,,,,,
9,,29499,,,,,,,,,,3.7495046854019165e-06,,1.080334186553955e-06,,0.19088470935821533,,0.2798418402671814,,0.08939952403306961,,0.028543446213006973,0.05353759229183197,,,,,,,,,,,,,,
9,,29509,,,,,,,,,,4.520639777183533e-06,,9.187497198581696e-07,,0.24494926631450653,,0.25714391469955444,,0.07278749346733093,,0.025145772844552994,0.04744269326329231,,,,,,,,,,,,,,
9,,29519,,,,,,,,,,6.0033053159713745e-06,,1.3755634427070618e-06,,0.24752277135849,,0.25340911746025085,,0.07393743842840195,,0.023551978170871735,0.04631778225302696,,,,,,,,,,,,,,
9,,29529,,,,,,,,,,6.470829248428345e-06,,2.2384338080883026e-06,,0.24319015443325043,,0.2494455873966217,,0.06837303936481476,,0.021878954023122787,0.04378250986337662,,,,,,,,,,,,,,
9,,29539,,,,,,,,,,2.9709190130233765e-06,,1.6889534890651703e-06,,0.24330034852027893,,0.2528993487358093,,0.07312183827161789,,0.02261609211564064,0.045389335602521896,,,,,,,,,,,,,,
9,,29549,,,,,,,,,,3.997236490249634e-06,,1.0384246706962585e-06,,0.25905534625053406,,0.2709583044052124,,0.07114028930664062,,0.023739609867334366,0.046891942620277405,,,,,,,,,,,,,,
9,,29559,,,,,,,,,,4.0531158447265625e-06,,3.26475128531456e-06,,0.21061787009239197,,0.2706119418144226,,0.07599405199289322,,0.021277526393532753,0.04537123441696167,,,,,,,,,,,,,,
9,,29569,,,,,,,,,,2.8479844331741333e-06,,1.5511177480220795e-06,,0.25532639026641846,,0.2595311403274536,,0.07607029378414154,,0.024759743362665176,0.04800233989953995,,,,,,,,,,,,,,
9,,29579,,,,,,,,,,4.520639777183533e-06,,1.6293488442897797e-06,,0.22230292856693268,,0.2624441981315613,,0.09398920834064484,,0.0331396609544754,0.057398926466703415,,,,,,,,,,,,,,
9,,29589,,,,,,,,,,5.593523383140564e-06,,1.2069940567016602e-06,,0.2433283030986786,,0.2623923420906067,,0.06917105615139008,,0.024860747158527374,0.04677770659327507,,,,,,,,,,,,,,
9,,29599,,,,,,,,,,2.4605542421340942e-06,,1.0710209608078003e-06,,0.24955753982067108,,0.2715502381324768,,0.07632928341627121,,0.025508956983685493,0.04910887032747269,,,,,,,,,,,,,,
9,,29609,,,,,,,,,,3.514811396598816e-06,,1.7550773918628693e-06,,0.2982596158981323,,0.23998448252677917,,0.09802129864692688,,0.028945928439497948,0.05484634265303612,,,,,,,,,,,,,,
9,,29619,,,,,,,,,,4.2729079723358154e-06,,1.2596137821674347e-06,,0.23651283979415894,,0.2703281342983246,,0.07412567734718323,,0.025271184742450714,0.04830702021718025,,,,,,,,,,,,,,
9,,29629,,,,,,,,,,4.976987838745117e-06,,1.9012950360774994e-06,,0.23590494692325592,,0.2641029953956604,,0.095522440969944,,0.033899612724781036,0.05849379673600197,,,,,,,,,,,,,,
9,,29639,,,,,,,,,,4.2263418436050415e-06,,2.9350630939006805e-06,,0.2158362865447998,,0.25756707787513733,,0.09551969170570374,,0.029645923525094986,0.05476055294275284,,,,,,,,,,,,,,
9,,29649,,,,,,,,,,3.3080577850341797e-06,,4.122965037822723e-06,,0.26794371008872986,,0.2443545162677765,,0.061609260737895966,,0.01821967214345932,0.03982030972838402,,,,,,,,,,,,,,
9,,29659,,,,,,,,,,5.0943344831466675e-06,,1.5958212316036224e-06,,0.2422974407672882,,0.26623374223709106,,0.09312991797924042,,0.02742176130414009,0.05336034297943115,,,,,,,,,,,,,,
9,,29669,,,,,,,,,,5.478039383888245e-06,,2.030748873949051e-06,,0.20276238024234772,,0.27368155121803284,,0.09801216423511505,,0.030269131064414978,0.05629782751202583,,,,,,,,,,,,,,
9,,29679,,,,,,,,,,3.6638230085372925e-06,,1.6530975699424744e-06,,0.25122594833374023,,0.26597824692726135,,0.07409484684467316,,0.025331493467092514,0.04831499606370926,,,,,,,,,,,,,,
9,,29689,,,,,,,,,,4.665926098823547e-06,,1.4845281839370728e-06,,0.22570103406906128,,0.26040971279144287,,0.0732220709323883,,0.020599618554115295,0.04404125362634659,,,,,,,,,,,,,,
9,,29699,,,,,,,,,,5.17629086971283e-06,,1.2703239917755127e-06,,0.2516239583492279,,0.23931047320365906,,0.07649166136980057,,0.019839242100715637,0.04339861869812012,,,,,,,,,,,,,,
9,,29709,,,,,,,,,,4.706904292106628e-06,,1.9939616322517395e-06,,0.2883588969707489,,0.23548197746276855,,0.06986534595489502,,0.02065098099410534,0.04301592335104942,,,,,,,,,,,,,,
9,,29719,,,,,,,,,,4.056841135025024e-06,,1.778826117515564e-06,,0.2501068711280823,,0.25575196743011475,,0.06779183447360992,,0.0201276782900095,0.0427364818751812,,,,,,,,,,,,,,
9,,29729,,,,,,,,,,3.50363552570343e-06,,1.8868595361709595e-06,,0.27522945404052734,,0.2673095166683197,,0.08094532787799835,,0.02461457997560501,0.04940573498606682,,,,,,,,,,,,,,
9,,29739,,,,,,,,,,2.7436763048171997e-06,,2.1229498088359833e-06,,0.23175548017024994,,0.25770750641822815,,0.09135228395462036,,0.03236560896039009,0.056212417781353,,,,,,,,,,,,,,
9,,29749,,,,,,,,,,2.911314368247986e-06,,1.80024653673172e-06,,0.24831363558769226,,0.2560569643974304,,0.0898742526769638,,0.03182130679488182,0.05564359575510025,,,,,,,,,,,,,,
9,,29759,,,,,,,,,,4.0065497159957886e-06,,1.601874828338623e-06,,0.2793729901313782,,0.2400563806295395,,0.07202772796154022,,0.01953328773379326,0.042692143470048904,,,,,,,,,,,,,,
9,,29769,,,,,,,,,,4.082918167114258e-06,,4.158820956945419e-06,,0.23862633109092712,,0.25884875655174255,,0.08604633063077927,,0.02580426074564457,0.050429146736860275,,,,,,,,,,,,,,
9,,29779,,,,,,,,,,4.49642539024353e-06,,1.7583370208740234e-06,,0.23892292380332947,,0.25552892684936523,,0.07888025045394897,,0.02725374326109886,0.05002036690711975,,,,,,,,,,,,,,
9,,29789,,,,,,,,,,3.559514880180359e-06,,1.2922100722789764e-06,,0.2103281021118164,,0.2778254747390747,,0.07405996322631836,,0.02726086601614952,0.04983191937208176,,,,,,,,,,,,,,
9,,29799,,,,,,,,,,5.388632416725159e-06,,2.042856067419052e-06,,0.2717759609222412,,0.2707188129425049,,0.08213549852371216,,0.03154979646205902,0.05495099723339081,,,,,,,,,,,,,,
9,,29809,,,,,,,,,,4.427507519721985e-06,,1.2111850082874298e-06,,0.29707762598991394,,0.23558177053928375,,0.06323528289794922,,0.016867687925696373,0.039041195064783096,,,,,,,,,,,,,,
9,,29819,,,,,,,,,,3.1460076570510864e-06,,3.725755959749222e-06,,0.2473221719264984,,0.26069459319114685,,0.08859016001224518,,0.029559433460235596,0.05391177162528038,,,,,,,,,,,,,,
9,,29829,,,,,,,,,,2.866610884666443e-06,,1.6004778444766998e-06,,0.23132136464118958,,0.2769203186035156,,0.1000826507806778,,0.03520100563764572,0.06087255850434303,,,,,,,,,,,,,,
9,,29839,,,,,,,,,,3.4458935260772705e-06,,1.5255063772201538e-06,,0.27007585763931274,,0.24170765280723572,,0.08032885938882828,,0.02169937640428543,0.04584239050745964,,,,,,,,,,,,,,
9,,29849,,,,,,,,,,3.0081719160079956e-06,,1.653563231229782e-06,,0.2055891752243042,,0.27440330386161804,,0.09398508071899414,,0.032324906438589096,0.05715174600481987,,,,,,,,,,,,,,
9,,29859,,,,,,,,,,3.5334378480911255e-06,,1.7927959561347961e-06,,0.25110548734664917,,0.26057493686676025,,0.08777379989624023,,0.028737211599946022,0.05318058282136917,,,,,,,,,,,,,,
9,,29869,,,,,,,,,,7.463619112968445e-06,,4.49642539024353e-06,,0.23871400952339172,,0.25740286707878113,,0.0777304470539093,,0.025739334523677826,0.048754073679447174,,,,,,,,,,,,,,
9,,29879,,,,,,,,,,3.9637088775634766e-06,,3.5124830901622772e-06,,0.23830357193946838,,0.2640216648578644,,0.08665256202220917,,0.028882356360554695,0.05309073254466057,,,,,,,,,,,,,,
9,,29889,,,,,,,,,,4.559755325317383e-06,,2.333894371986389e-06,,0.22470930218696594,,0.2788861393928528,,0.09336736798286438,,0.03291153535246849,0.05791028216481209,,,,,,,,,,,,,,
9,,29899,,,,,,,,,,3.768131136894226e-06,,1.4901161193847656e-06,,0.2644977569580078,,0.24674715101718903,,0.07988695800304413,,0.025630487129092216,0.0488794706761837,,,,,,,,,,,,,,
9,,29909,,,,,,,,,,3.5259872674942017e-06,,1.5962868928909302e-06,,0.21394291520118713,,0.2788553833961487,,0.09504540264606476,,0.03046262636780739,0.05626021698117256,,,,,,,,,,,,,,
9,,29919,,,,,,,,,,3.961846232414246e-06,,1.0258518159389496e-06,,0.2678249478340149,,0.2561815679073334,,0.07435660809278488,,0.024310126900672913,0.04733310639858246,,,,,,,,,,,,,,
9,,29929,,,,,,,,,,3.46451997756958e-06,,2.057291567325592e-06,,0.24614183604717255,,0.2515494227409363,,0.07081182301044464,,0.02663317881524563,0.04793966934084892,,,,,,,,,,,,,,
9,,29939,,,,,,,,,,8.827075362205505e-06,,1.4188699424266815e-06,,0.2692529857158661,,0.23828232288360596,,0.08369920402765274,,0.023488227277994156,0.04764620587229729,,,,,,,,,,,,,,
9,,29949,,,,,,,,,,1.1477619409561157e-05,,1.7778947949409485e-06,,0.24062244594097137,,0.273488312959671,,0.08332066237926483,,0.024106882512569427,0.04935440793633461,,,,,,,,,,,,,,
9,,29959,,,,,,,,,,5.77978789806366e-06,,1.6093254089355469e-06,,0.25101280212402344,,0.2806812822818756,,0.09157717227935791,,0.027653731405735016,0.054022710770368576,,,,,,,,,,,,,,
9,,29969,,,,,,,,,,7.312744855880737e-06,,2.5685876607894897e-06,,0.25944530963897705,,0.25101929903030396,,0.07941398024559021,,0.023469142615795135,0.047310445457696915,,,,,,,,,,,,,,
9,,29979,,,,,,,,,,1.7326325178146362e-05,,2.3934990167617798e-06,,0.2563233971595764,,0.2622423768043518,,0.0891706794500351,,0.029368162155151367,0.054055240005254745,,,,,,,,,,,,,,
9,,29989,,,,,,,,,,9.825453162193298e-06,,5.635898560285568e-06,,0.24433988332748413,,0.2678902745246887,,0.0901298001408577,,0.031070811673998833,0.05563677102327347,,,,,,,,,,,,,,
9,,29999,,,,,,,,,,8.702278137207031e-06,,4.089903086423874e-06,,0.2693032920360565,,0.2584555149078369,,0.0719483494758606,,0.019062016159296036,0.04306836053729057,,,,,,,,,,,,,,
9,,30009,,,,,,,,,,7.985159754753113e-06,,3.5008415579795837e-06,,0.23280778527259827,,0.26653313636779785,,0.07796455174684525,,0.02448134683072567,0.04821310564875603,,,,,,,,,,,,,,
9,,30019,,,,,,,,,,5.6587159633636475e-06,,2.0656734704971313e-06,,0.2212296426296234,,0.2713701128959656,,0.07116620242595673,,0.018665002658963203,0.04266585037112236,,,,,,,,,,,,,,
9,,30029,,,,,,,,,,5.980953574180603e-06,,2.532266080379486e-06,,0.24668842554092407,,0.25859588384628296,,0.07660512626171112,,0.029927311465144157,0.05183417350053787,,,,,,,,,,,,,,
9,,30039,,,,,,,,,,7.653608918190002e-06,,3.26475128531456e-06,,0.2791178822517395,,0.2570226788520813,,0.07603450864553452,,0.028858374804258347,0.05123162642121315,,,,,,,,,,,,,,
9,,30049,,,,,,,,,,7.4338167905807495e-06,,4.074070602655411e-06,,0.2312372475862503,,0.2748829424381256,,0.07205203175544739,,0.025501277297735214,0.04824245721101761,,,,,,,,,,,,,,
9,,30059,,,,,,,,,,8.264556527137756e-06,,2.7334317564964294e-06,,0.2198161780834198,,0.2611171007156372,,0.0897950604557991,,0.0283439252525568,0.0529232881963253,,,,,,,,,,,,,,
9,,30069,,,,,,,,,,6.506219506263733e-06,,2.3813918232917786e-06,,0.22572803497314453,,0.2616528868675232,,0.08536979556083679,,0.03117118775844574,0.05430872365832329,,,,,,,,,,,,,,
9,,30079,,,,,,,,,,7.353723049163818e-06,,2.162531018257141e-06,,0.24550801515579224,,0.26430046558380127,,0.08831985294818878,,0.03519795462489128,0.05823879688978195,,,,,,,,,,,,,,
9,,30089,,,,,,,,,,4.798173904418945e-06,,2.8032809495925903e-06,,0.25759440660476685,,0.26358330249786377,,0.07887734472751617,,0.025637753307819366,0.049404043704271317,,,,,,,,,,,,,,
9,,30099,,,,,,,,,,4.451721906661987e-06,,3.4440308809280396e-06,,0.23082223534584045,,0.26981407403945923,,0.09266293048858643,,0.030536282807588577,0.055642589926719666,,,,,,,,,,,,,,
9,,30109,,,,,,,,,,4.522502422332764e-06,,3.7495046854019165e-06,,0.2802075445652008,,0.2572401463985443,,0.09832973778247833,,0.03036455437541008,0.05656588077545166,,,,,,,,,,,,,,
9,,30119,,,,,,,,,,8.439645171165466e-06,,1.330394297838211e-06,,0.2718040943145752,,0.23021070659160614,,0.09267514944076538,,0.03513577952980995,0.05771885812282562,,,,,,,,,,,,,,
9,,30129,,,,,,,,,,4.405155777931213e-06,,3.534369170665741e-06,,0.26744627952575684,,0.2543618679046631,,0.07638995349407196,,0.02735089138150215,0.04990583285689354,,,,,,,,,,,,,,
9,,30139,,,,,,,,,,6.718561053276062e-06,,2.421904355287552e-06,,0.25549647212028503,,0.24995335936546326,,0.07838116586208344,,0.02465113252401352,0.04790718853473663,,,,,,,,,,,,,,
9,,30149,,,,,,,,,,4.4405460357666016e-06,,2.030283212661743e-06,,0.24280652403831482,,0.2570449113845825,,0.08912371098995209,,0.03328175097703934,0.05658020079135895,,,,,,,,,,,,,,
9,,30159,,,,,,,,,,3.201887011528015e-06,,2.637971192598343e-06,,0.2399795949459076,,0.26723727583885193,,0.1040695458650589,,0.037695977836847305,0.06313946098089218,,,,,,,,,,,,,,
9,,30169,,,,,,,,,,4.166737198829651e-06,,2.519693225622177e-06,,0.2627047896385193,,0.25768154859542847,,0.07270939648151398,,0.018674278631806374,0.04280657693743706,,,,,,,,,,,,,,
9,,30179,,,,,,,,,,5.46872615814209e-06,,2.7492642402648926e-06,,0.21809455752372742,,0.2672199010848999,,0.08026455342769623,,0.02420826628804207,0.048299334943294525,,,,,,,,,,,,,,
9,,30189,,,,,,,,,,5.172565579414368e-06,,1.9422732293605804e-06,,0.2431449294090271,,0.2583295702934265,,0.07510243356227875,,0.026926301419734955,0.04924702271819115,,,,,,,,,,,,,,
9,,30199,,,,,,,,,,6.260350346565247e-06,,2.1667219698429108e-06,,0.2397235929965973,,0.24030998349189758,,0.0959371030330658,,0.028088118880987167,0.05314107611775398,,,,,,,,,,,,,,
9,,30209,,,,,,,,,,9.287148714065552e-06,,3.0044466257095337e-06,,0.2225678265094757,,0.2537538707256317,,0.08435776829719543,,0.02533041313290596,0.04932987689971924,,,,,,,,,,,,,,
9,,30219,,,,,,,,,,4.082918167114258e-06,,2.7820002287626266e-05,,0.24894995987415314,,0.25414159893989563,,0.07506667077541351,,0.025196675211191177,0.047814540565013885,,,,,,,,,,,,,,
9,,30229,,,,,,,,,,1.1276453733444214e-05,,1.1138617992401123e-06,,0.1857644021511078,,0.2769061326980591,,0.09006083011627197,,0.029941659420728683,0.054512869566679,,,,,,,,,,,,,,
9,,30239,,,,,,,,,,2.9802322387695312e-06,,2.5765039026737213e-06,,0.23359474539756775,,0.27719205617904663,,0.09320607781410217,,0.03365779668092728,0.05846458673477173,,,,,,,,,,,,,,
9,,30249,,,,,,,,,,3.3136457204818726e-06,,3.016088157892227e-06,,0.21806815266609192,,0.2608754634857178,,0.08268438279628754,,0.02865467593073845,0.051791008561849594,,,,,,,,,,,,,,
9,,30259,,,,,,,,,,4.388391971588135e-06,,2.557411789894104e-06,,0.2566651403903961,,0.2754720151424408,,0.07844910025596619,,0.02231600135564804,0.04737832769751549,,,,,,,,,,,,,,
9,,30269,,,,,,,,,,8.73766839504242e-06,,3.308989107608795e-06,,0.2232505977153778,,0.2611977756023407,,0.07873913645744324,,0.028741637244820595,0.05119219422340393,,,,,,,,,,,,,,
9,,30279,,,,,,,,,,4.306435585021973e-06,,1.933891326189041e-06,,0.23065871000289917,,0.26410046219825745,,0.08233588933944702,,0.026653878390789032,0.05052347108721733,,,,,,,,,,,,,,
9,,30289,,,,,,,,,,3.3918768167495728e-06,,2.1369196474552155e-06,,0.2419842779636383,,0.2474171221256256,,0.08338449895381927,,0.02920786291360855,0.05198662355542183,,,,,,,,,,,,,,
9,,30299,,,,,,,,,,2.6728957891464233e-06,,1.5241093933582306e-06,,0.2527327537536621,,0.2653420567512512,,0.1150791347026825,,0.039841458201408386,0.06687439233064651,,,,,,,,,,,,,,
9,,30309,,,,,,,,,,1.3422220945358276e-05,,2.9848888516426086e-06,,0.2641677260398865,,0.2597154676914215,,0.10310777276754379,,0.031144507229328156,0.05797513946890831,,,,,,,,,,,,,,
9,,30319,,,,,,,,,,2.7846544981002808e-06,,1.1273659765720367e-06,,0.2283574938774109,,0.25530654191970825,,0.07707193493843079,,0.02364015206694603,0.04683610051870346,,,,,,,,,,,,,,
9,,30329,,,,,,,,,,3.840774297714233e-06,,2.12155282497406e-06,,0.26315492391586304,,0.24690616130828857,,0.08285808563232422,,0.022195197641849518,0.04685131087899208,,,,,,,,,,,,,,
9,,30339,,,,,,,,,,3.155320882797241e-06,,3.6708079278469086e-06,,0.24894903600215912,,0.25626546144485474,,0.10035808384418488,,0.031638164073228836,0.057489629834890366,,,,,,,,,,,,,,
9,,30349,,,,,,,,,,6.88992440700531e-06,,4.539266228675842e-06,,0.24942265450954437,,0.281035840511322,,0.07922430336475372,,0.02695152908563614,0.05117719620466232,,,,,,,,,,,,,,
9,,30359,,,,,,,,,,5.50784170627594e-06,,2.2221356630325317e-06,,0.2174333781003952,,0.2516014575958252,,0.0978153645992279,,0.028281591832637787,0.05390661582350731,,,,,,,,,,,,,,
9,,30369,,,,,,,,,,3.1031668186187744e-06,,2.8656795620918274e-06,,0.2316383570432663,,0.25803202390670776,,0.07587267458438873,,0.02335771545767784,0.04656555876135826,,,,,,,,,,,,,,
9,,30379,,,,,,,,,,6.079673767089844e-06,,1.6209669411182404e-06,,0.2169760763645172,,0.25953495502471924,,0.09709180891513824,,0.028499387204647064,0.05430091172456741,,,,,,,,,,,,,,
9,,30389,,,,,,,,,,3.883615136146545e-06,,1.937616616487503e-06,,0.23853322863578796,,0.24852725863456726,,0.09326769411563873,,0.026138290762901306,0.051549032330513,,,,,,,,,,,,,,
9,,30399,,,,,,,,,,2.376735210418701e-06,,2.0917505025863647e-06,,0.27888059616088867,,0.24862366914749146,,0.07786057889461517,,0.026317790150642395,0.0492716021835804,,,,,,,,,,,,,,
9,,30409,,,,,,,,,,1.3785436749458313e-05,,1.748558133840561e-06,,0.22525185346603394,,0.27272170782089233,,0.08565006405115128,,0.02962838113307953,0.05371730402112007,,,,,,,,,,,,,,
9,,30419,,,,,,,,,,3.7178397178649902e-06,,2.3259781301021576e-06,,0.20648175477981567,,0.27101820707321167,,0.0802193358540535,,0.02699930965900421,0.05042661726474762,,,,,,,,,,,,,,
9,,30429,,,,,,,,,,2.9616057872772217e-06,,2.002343535423279e-06,,0.26349762082099915,,0.246217280626297,,0.08256157487630844,,0.02742636762559414,0.05069175362586975,,,,,,,,,,,,,,
9,,30439,,,,,,,,,,6.284564733505249e-06,,1.4067627489566803e-06,,0.22593119740486145,,0.2687873840332031,,0.08285798132419586,,0.028607014566659927,0.052250936627388,,,,,,,,,,,,,,
9,,30449,,,,,,,,,,7.549300789833069e-06,,2.907123416662216e-06,,0.2617858648300171,,0.2549954950809479,,0.09726908057928085,,0.03313736617565155,0.058125898241996765,,,,,,,,,,,,,,
9,,30459,,,,,,,,,,6.023794412612915e-06,,1.805368810892105e-06,,0.2413184940814972,,0.2528783679008484,,0.09569606184959412,,0.03947141021490097,0.06224340200424194,,,,,,,,,,,,,,
9,,30469,,,,,,,,,,5.729496479034424e-06,,2.1676532924175262e-06,,0.1972810924053192,,0.271965891122818,,0.08872663229703903,,0.025276396423578262,0.050666213035583496,,,,,,,,,,,,,,
9,,30479,,,,,,,,,,7.694587111473083e-06,,3.72203066945076e-06,,0.26350441575050354,,0.24937626719474792,,0.07407569140195847,,0.02643151953816414,0.04850214719772339,,,,,,,,,,,,,,
9,,30489,,,,,,,,,,6.405636668205261e-06,,4.1369348764419556e-06,,0.2698918879032135,,0.2536298632621765,,0.09104834496974945,,0.027641568332910538,0.052867356687784195,,,,,,,,,,,,,,
9,,30499,,,,,,,,,,1.0134652256965637e-05,,2.125278115272522e-06,,0.22037240862846375,,0.2630496025085449,,0.07421939820051193,,0.022449754178524017,0.045677561312913895,,,,,,,,,,,,,,
9,,30509,,,,,,,,,,7.4747949838638306e-06,,2.427026629447937e-06,,0.2655753493309021,,0.2501583695411682,,0.0766722708940506,,0.023504262790083885,0.046854086220264435,,,,,,,,,,,,,,
9,,30519,,,,,,,,,,0.00017706677317619324,,3.178603947162628e-06,,0.23334431648254395,,0.26024138927459717,,0.09205133467912674,,0.024717872962355614,0.05074388161301613,,,,,,,,,,,,,,
9,,30529,,,,,,,,,,9.277835488319397e-06,,4.717614501714706e-06,,0.26548272371292114,,0.24713915586471558,,0.08745251595973969,,0.025691406801342964,0.05037399381399155,,,,,,,,,,,,,,
9,,30539,,,,,,,,,,4.211440682411194e-06,,1.8724240362644196e-06,,0.23468630015850067,,0.25888434052467346,,0.09550508856773376,,0.02774742990732193,0.05361631140112877,,,,,,,,,,,,,,
9,,30549,,,,,,,,,,3.259629011154175e-06,,3.994908183813095e-06,,0.27480635046958923,,0.24416273832321167,,0.0773533433675766,,0.023645225912332535,0.04691465198993683,,,,,,,,,,,,,,
9,,30559,,,,,,,,,,4.4852495193481445e-06,,2.088025212287903e-06,,0.20933766663074493,,0.26148301362991333,,0.08644498884677887,,0.027879593893885612,0.05184098705649376,,,,,,,,,,,,,,
9,,30569,,,,,,,,,,4.211440682411194e-06,,2.391170710325241e-06,,0.23795585334300995,,0.27111753821372986,,0.08569741249084473,,0.027150072157382965,0.051940690726041794,,,,,,,,,,,,,,
9,,30579,,,,,,,,,,4.524365067481995e-06,,1.543201506137848e-06,,0.2315666675567627,,0.26874253153800964,,0.07800176739692688,,0.02409108355641365,0.04801635816693306,,,,,,,,,,,,,,
9,,30589,,,,,,,,,,3.296881914138794e-06,,1.4458782970905304e-06,,0.2534046769142151,,0.2658994793891907,,0.08191405236721039,,0.031214077025651932,0.05421631038188934,,,,,,,,,,,,,,
9,,30599,,,,,,,,,,5.822628736495972e-06,,2.868007868528366e-06,,0.2401919811964035,,0.257796049118042,,0.10173185914754868,,0.028511207550764084,0.05537060275673866,,,,,,,,,,,,,,
9,,30609,,,,,,,,,,5.0906091928482056e-06,,5.243811756372452e-06,,0.2473161518573761,,0.2814144492149353,,0.08319288492202759,,0.02711104229092598,0.05203421041369438,,,,,,,,,,,,,,
9,,30619,,,,,,,,,,4.014000296592712e-06,,1.900363713502884e-06,,0.271163672208786,,0.24433684349060059,,0.06527046114206314,,0.015395475551486015,0.03842519596219063,,,,,,,,,,,,,,
9,,30629,,,,,,,,,,3.859400749206543e-06,,2.464279532432556e-06,,0.235361248254776,,0.2677046060562134,,0.08997888118028641,,0.02499907836318016,0.05093958601355553,,,,,,,,,,,,,,
9,,30639,,,,,,,,,,4.4424086809158325e-06,,2.1387822926044464e-06,,0.2228030413389206,,0.2642865777015686,,0.0784718245267868,,0.026620369404554367,0.04969029128551483,,,,,,,,,,,,,,
9,,30649,,,,,,,,,,5.509704351425171e-06,,1.589301973581314e-06,,0.21263907849788666,,0.27835220098495483,,0.07431893795728683,,0.024167926982045174,0.04761200025677681,,,,,,,,,,,,,,
9,,30659,,,,,,,,,,3.6712735891342163e-06,,2.0475126802921295e-06,,0.2425072193145752,,0.2642989754676819,,0.07245566695928574,,0.022951871156692505,0.04604148492217064,,,,,,,,,,,,,,
9,,30669,,,,,,,,,,3.248453140258789e-06,,1.9115395843982697e-06,,0.2515646815299988,,0.26587748527526855,,0.08957868814468384,,0.02916906028985977,0.054097048938274384,,,,,,,,,,,,,,
9,,30679,,,,,,,,,,3.6153942346572876e-06,,1.255841925740242e-05,,0.24861928820610046,,0.26006031036376953,,0.08947280049324036,,0.030375152826309204,0.05467473343014717,,,,,,,,,,,,,,
9,,30689,,,,,,,,,,1.5482306480407715e-05,,8.44523310661316e-06,,0.25158268213272095,,0.24702197313308716,,0.08606405556201935,,0.027205049991607666,0.05108069255948067,,,,,,,,,,,,,,
9,,30699,,,,,,,,,,4.872679710388184e-06,,1.7140991985797882e-06,,0.2091745138168335,,0.2826318144798279,,0.07418759167194366,,0.02461201883852482,0.04808056354522705,,,,,,,,,,,,,,
9,,30709,,,,,,,,,,4.822388291358948e-06,,1.6260892152786255e-06,,0.22874709963798523,,0.280381441116333,,0.08842024952173233,,0.02820003405213356,0.05356541648507118,,,,,,,,,,,,,,
9,,30719,,,,,,,,,,2.823770046234131e-06,,1.1506490409374237e-06,,0.22015246748924255,,0.26293081045150757,,0.093570277094841,,0.0323028601706028,0.056690216064453125,,,,,,,,,,,,,,
9,,30729,,,,,,,,,,3.203749656677246e-06,,3.255903720855713e-06,,0.2311292588710785,,0.25315535068511963,,0.08955701440572739,,0.028893079608678818,0.05304991453886032,,,,,,,,,,,,,,
9,,30739,,,,,,,,,,3.0230730772018433e-06,,1.4719553291797638e-06,,0.25908616185188293,,0.24859614670276642,,0.06789646297693253,,0.014771819114685059,0.03850796818733215,,,,,,,,,,,,,,
9,,30749,,,,,,,,,,3.6600977182388306e-06,,2.8838403522968292e-06,,0.27195751667022705,,0.2654445171356201,,0.08412306755781174,,0.0244674663990736,0.04976555332541466,,,,,,,,,,,,,,
9,,30759,,,,,,,,,,3.2316893339157104e-06,,2.73948535323143e-06,,0.23038211464881897,,0.27060773968696594,,0.08530613034963608,,0.02594267949461937,0.050848860293626785,,,,,,,,,,,,,,
9,,30769,,,,,,,,,,5.07943332195282e-06,,2.3408792912960052e-06,,0.2631983458995819,,0.26395323872566223,,0.07031905651092529,,0.0228424072265625,0.045784980058670044,,,,,,,,,,,,,,
9,,30779,,,,,,,,,,8.339062333106995e-06,,1.4468096196651459e-06,,0.2327047884464264,,0.2634396255016327,,0.10851304978132248,,0.03995305299758911,0.06540270894765854,,,,,,,,,,,,,,
9,,30789,,,,,,,,,,3.7811696529388428e-06,,2.252403646707535e-06,,0.23505418002605438,,0.27358484268188477,,0.09405188262462616,,0.03167504817247391,0.056983765214681625,,,,,,,,,,,,,,
9,,30799,,,,,,,,,,8.527189493179321e-06,,1.6675330698490143e-06,,0.26848602294921875,,0.2742045223712921,,0.07050441205501556,,0.019909922033548355,0.04416247084736824,,,,,,,,,,,,,,
9,,30809,,,,,,,,,,9.467825293540955e-06,,6.584450602531433e-06,,0.22088758647441864,,0.272305428981781,,0.10314437001943588,,0.035084351897239685,0.06102060154080391,,,,,,,,,,,,,,
9,,30819,,,,,,,,,,5.0943344831466675e-06,,2.734363079071045e-06,,0.2750014662742615,,0.24211114645004272,,0.08658035099506378,,0.026903219521045685,0.05099532753229141,,,,,,,,,,,,,,
9,,30829,,,,,,,,,,3.891065716743469e-06,,1.2433156371116638e-06,,0.21102727949619293,,0.26677823066711426,,0.090502068400383,,0.031753890216350555,0.055776387453079224,,,,,,,,,,,,,,
9,,30839,,,,,,,,,,7.048249244689941e-06,,1.7941929399967194e-06,,0.224248468875885,,0.2636180818080902,,0.07579240202903748,,0.02539222687482834,0.04825204983353615,,,,,,,,,,,,,,
9,,30849,,,,,,,,,,3.2782554626464844e-06,,1.986045390367508e-06,,0.22076496481895447,,0.25335776805877686,,0.0677703469991684,,0.025054559111595154,0.04597232863306999,,,,,,,,,,,,,,
9,,30859,,,,,,,,,,3.086403012275696e-06,,1.809094101190567e-06,,0.23534449934959412,,0.2559634745121002,,0.07276305556297302,,0.02960040792822838,0.05061197280883789,,,,,,,,,,,,,,
9,,30869,,,,,,,,,,5.967915058135986e-06,,2.952292561531067e-06,,0.24702557921409607,,0.2638949155807495,,0.08949203789234161,,0.02498014084994793,0.050792183727025986,,,,,,,,,,,,,,
9,,30879,,,,,,,,,,6.031244993209839e-06,,2.3460015654563904e-06,,0.2119535207748413,,0.253302663564682,,0.08021647483110428,,0.0278010293841362,0.05026103928685188,,,,,,,,,,,,,,
9,,30889,,,,,,,,,,5.505979061126709e-06,,1.3755634427070618e-06,,0.20490847527980804,,0.2724447250366211,,0.08196591585874557,,0.025447703897953033,0.04963862895965576,,,,,,,,,,,,,,
9,,30899,,,,,,,,,,3.4794211387634277e-06,,1.019798219203949e-06,,0.21072715520858765,,0.26298263669013977,,0.08158738911151886,,0.025896219536662102,0.04952866584062576,,,,,,,,,,,,,,
9,,30909,,,,,,,,,,7.1302056312561035e-06,,1.680571585893631e-06,,0.23240235447883606,,0.26934951543807983,,0.10543803870677948,,0.034078728407621384,0.06069273501634598,,,,,,,,,,,,,,
9,,30919,,,,,,,,,,2.60770320892334e-06,,2.4973414838314056e-06,,0.2550433278083801,,0.2596917748451233,,0.0781954824924469,,0.021709999069571495,0.04611726477742195,,,,,,,,,,,,,,
9,,30929,,,,,,,,,,4.578381776809692e-06,,1.1404044926166534e-06,,0.23333662748336792,,0.2585539221763611,,0.0867089033126831,,0.02571779116988182,0.050412703305482864,,,,,,,,,,,,,,
9,,30939,,,,,,,,,,4.421919584274292e-06,,9.532086551189423e-07,,0.27446532249450684,,0.2433774769306183,,0.07610809803009033,,0.02347864955663681,0.0465153306722641,,,,,,,,,,,,,,
9,,30949,,,,,,,,,,5.088746547698975e-06,,1.3075768947601318e-06,,0.2827765941619873,,0.24931533634662628,,0.07861210405826569,,0.020036228001117706,0.04477832466363907,,,,,,,,,,,,,,
9,,30959,,,,,,,,,,3.2261013984680176e-06,,1.519918441772461e-06,,0.25529545545578003,,0.27510714530944824,,0.07811249047517776,,0.027114327996969223,0.050881657749414444,,,,,,,,,,,,,,
9,,30969,,,,,,,,,,7.439404726028442e-06,,2.5695189833641052e-06,,0.2379818856716156,,0.24552196264266968,,0.07916626334190369,,0.024947665631771088,0.04786381497979164,,,,,,,,,,,,,,
9,,30979,,,,,,,,,,6.761401891708374e-06,,2.7972273528575897e-06,,0.27598312497138977,,0.2583537995815277,,0.07822611182928085,,0.021899769082665443,0.04644808918237686,,,,,,,,,,,,,,
9,,30989,,,,,,,,,,2.7641654014587402e-06,,2.845190465450287e-06,,0.1854766607284546,,0.28788065910339355,,0.08749887347221375,,0.02838139608502388,0.05337308719754219,,,,,,,,,,,,,,
9,,30999,,,,,,,,,,2.72504985332489e-06,,1.8330290913581848e-05,,0.22677499055862427,,0.2629587948322296,,0.09051722288131714,,0.02927856519818306,0.053927838802337646,,,,,,,,,,,,,,
9,,31009,,,,,,,,,,4.371628165245056e-06,,1.712702214717865e-06,,0.22666355967521667,,0.27506405115127563,,0.09711305797100067,,0.03296506032347679,0.0584966242313385,,,,,,,,,,,,,,
9,,31019,,,,,,,,,,3.084540367126465e-06,,1.6954727470874786e-06,,0.2324245423078537,,0.24490728974342346,,0.08477122336626053,,0.028137125074863434,0.05121371150016785,,,,,,,,,,,,,,
9,,31029,,,,,,,,,,3.4812837839126587e-06,,1.4738179743289948e-06,,0.23078970611095428,,0.2675018310546875,,0.07299952208995819,,0.02471001073718071,0.047475237399339676,,,,,,,,,,,,,,
9,,31039,,,,,,,,,,2.292916178703308e-06,,1.2391246855258942e-06,,0.21902115643024445,,0.27189168334007263,,0.08343777060508728,,0.028143297880887985,0.052076347172260284,,,,,,,,,,,,,,
9,,31049,,,,,,,,,,3.6973506212234497e-06,,1.63959339261055e-06,,0.24178792536258698,,0.26167187094688416,,0.0951707735657692,,0.03301769122481346,0.057721205055713654,,,,,,,,,,,,,,
9,,31059,,,,,,,,,,2.5834888219833374e-06,,1.8621794879436493e-06,,0.2825697660446167,,0.2509614825248718,,0.09451539814472198,,0.030097540467977524,0.055383503437042236,,,,,,,,,,,,,,
9,,31069,,,,,,,,,,4.131346940994263e-06,,1.6600824892520905e-06,,0.25961726903915405,,0.26373863220214844,,0.07581669092178345,,0.025392958894371986,0.04867737740278244,,,,,,,,,,,,,,
9,,31079,,,,,,,,,,3.859400749206543e-06,,1.2516975402832031e-06,,0.2343055009841919,,0.2659258246421814,,0.08346477895975113,,0.032590024173259735,0.05531671643257141,,,,,,,,,,,,,,
9,,31089,,,,,,,,,,3.1460076570510864e-06,,1.8044374883174896e-06,,0.1987186223268509,,0.2813071012496948,,0.09184063971042633,,0.02864004485309124,0.05422840639948845,,,,,,,,,,,,,,
9,,31099,,,,,,,,,,4.7050416469573975e-06,,1.7406418919563293e-06,,0.29065316915512085,,0.24918371438980103,,0.09397602081298828,,0.029223710298538208,0.05463821440935135,,,,,,,,,,,,,,
9,,31109,,,,,,,,,,4.7460198402404785e-06,,1.3154931366443634e-06,,0.26540493965148926,,0.2507975995540619,,0.07730472832918167,,0.02182643860578537,0.04574199393391609,,,,,,,,,,,,,,
9,,31119,,,,,,,,,,5.446374416351318e-06,,2.496875822544098e-06,,0.22610080242156982,,0.25697383284568787,,0.08809885382652283,,0.02675718627870083,0.051294226199388504,,,,,,,,,,,,,,
9,,31129,,,,,,,,,,3.0454248189926147e-06,,3.630761057138443e-06,,0.26079148054122925,,0.2554282546043396,,0.07551665604114532,,0.026204295456409454,0.048853885382413864,,,,,,,,,,,,,,
9,,31139,,,,,,,,,,8.577480912208557e-06,,1.8263235688209534e-06,,0.2040119469165802,,0.2738463878631592,,0.0956430658698082,,0.032844070345163345,0.057807572185993195,,,,,,,,,,,,,,
9,,31149,,,,,,,,,,3.3602118492126465e-06,,1.7369166016578674e-06,,0.25581714510917664,,0.2520177662372589,,0.07794030010700226,,0.026422157883644104,0.04925365000963211,,,,,,,,,,,,,,
9,,31159,,,,,,,,,,4.4833868741989136e-06,,1.5115365386009216e-06,,0.25789400935173035,,0.27340584993362427,,0.08207567036151886,,0.027301445603370667,0.051715999841690063,,,,,,,,,,,,,,
9,,31169,,,,,,,,,,3.50363552570343e-06,,1.2954697012901306e-06,,0.2360539734363556,,0.2624838352203369,,0.08718518912792206,,0.027155231684446335,0.05179649218916893,,,,,,,,,,,,,,
9,,31179,,,,,,,,,,4.1387975215911865e-06,,1.614447683095932e-06,,0.2447490096092224,,0.25879889726638794,,0.08052575588226318,,0.028346505016088486,0.05137036368250847,,,,,,,,,,,,,,
9,,31189,,,,,,,,,,2.9001384973526e-06,,1.3760291039943695e-06,,0.20863229036331177,,0.26523226499557495,,0.08228522539138794,,0.02177838608622551,0.046651337295770645,,,,,,,,,,,,,,
9,,31199,,,,,,,,,,3.157183527946472e-06,,1.0333023965358734e-06,,0.20004498958587646,,0.27999019622802734,,0.07925693690776825,,0.026989635080099106,0.05058407038450241,,,,,,,,,,,,,,
9,,31209,,,,,,,,,,2.9727816581726074e-06,,1.346692442893982e-06,,0.24180737137794495,,0.26282161474227905,,0.09291776269674301,,0.028784316033124924,0.054176997393369675,,,,,,,,,,,,,,
9,,31219,,,,,,,,,,2.423301339149475e-06,,1.689419150352478e-06,,0.30005431175231934,,0.24829530715942383,,0.07307396829128265,,0.024850375950336456,0.04750585928559303,,,,,,,,,,,,,,
9,,31229,,,,,,,,,,2.175569534301758e-06,,2.766493707895279e-06,,0.2558581829071045,,0.261243999004364,,0.08890426158905029,,0.030332960188388824,0.054676782339811325,,,,,,,,,,,,,,
9,,31239,,,,,,,,,,2.5890767574310303e-06,,1.9107479602098465e-05,,0.25655877590179443,,0.2649685740470886,,0.10313273221254349,,0.038778938353061676,0.06386419385671616,,,,,,,,,,,,,,
9,,31249,,,,,,,,,,3.812834620475769e-06,,2.217944711446762e-06,,0.22915852069854736,,0.2656964063644409,,0.0772467851638794,,0.027504540979862213,0.05026442930102348,,,,,,,,,,,,,,
9,,31259,,,,,,,,,,2.9150396585464478e-06,,2.169515937566757e-06,,0.2657831907272339,,0.25060731172561646,,0.07085821032524109,,0.02102642133831978,0.04392832890152931,,,,,,,,,,,,,,
9,,31269,,,,,,,,,,3.0025839805603027e-06,,1.5962868928909302e-06,,0.21489465236663818,,0.2638497054576874,,0.09822402149438858,,0.03396134451031685,0.05878862738609314,,,,,,,,,,,,,,
9,,31279,,,,,,,,,,2.0116567611694336e-06,,1.5762634575366974e-06,,0.2335624396800995,,0.24872654676437378,,0.08283410966396332,,0.026401782408356667,0.049740999937057495,,,,,,,,,,,,,,
9,,31289,,,,,,,,,,2.469867467880249e-06,,1.871492713689804e-06,,0.2260425090789795,,0.2605268955230713,,0.0815456286072731,,0.022200360894203186,0.046812646090984344,,,,,,,,,,,,,,
9,,31299,,,,,,,,,,2.475455403327942e-06,,1.6721896827220917e-06,,0.23798134922981262,,0.25594738125801086,,0.0855787917971611,,0.025045286864042282,0.04962849244475365,,,,,,,,,,,,,,
9,,31309,,,,,,,,,,1.7844140529632568e-06,,2.3478642106056213e-06,,0.26932188868522644,,0.2482198029756546,,0.06587812304496765,,0.020048921927809715,0.04219057038426399,,,,,,,,,,,,,,
9,,31319,,,,,,,,,,2.4884939193725586e-06,,2.5033950805664062e-06,,0.2535233497619629,,0.2610124349594116,,0.09147225320339203,,0.03150828182697296,0.056001875549554825,,,,,,,,,,,,,,
9,,31329,,,,,,,,,,2.5350600481033325e-06,,1.162756234407425e-06,,0.241817444562912,,0.25485914945602417,,0.0874667763710022,,0.02526119351387024,0.050138480961322784,,,,,,,,,,,,,,
9,,31339,,,,,,,,,,3.17208468914032e-06,,1.69314444065094e-06,,0.23765277862548828,,0.25323519110679626,,0.09002236276865005,,0.02525048330426216,0.050484783947467804,,,,,,,,,,,,,,
9,,31349,,,,,,,,,,3.898516297340393e-06,,2.4922192096710205e-06,,0.2778269350528717,,0.25268712639808655,,0.08634233474731445,,0.030164966359734535,0.053926583379507065,,,,,,,,,,,,,,
9,,31359,,,,,,,,,,2.4940818548202515e-06,,1.637730747461319e-06,,0.21863584220409393,,0.2670304775238037,,0.0818876251578331,,0.024925662204623222,0.04913937300443649,,,,,,,,,,,,,,
9,,31369,,,,,,,,,,2.462416887283325e-06,,2.3045577108860016e-06,,0.252531498670578,,0.2535778284072876,,0.08121009916067123,,0.02648269385099411,0.04994693025946617,,,,,,,,,,,,,,
9,,31379,,,,,,,,,,4.386529326438904e-06,,1.4505349099636078e-06,,0.2387678176164627,,0.2626640796661377,,0.07451148331165314,,0.020240772515535355,0.044272735714912415,,,,,,,,,,,,,,
9,,31389,,,,,,,,,,3.777444362640381e-06,,1.8365681171417236e-06,,0.23496800661087036,,0.2627952992916107,,0.08886101841926575,,0.023614637553691864,0.04945656284689903,,,,,,,,,,,,,,
9,,31399,,,,,,,,,,4.032626748085022e-06,,1.5706755220890045e-06,,0.260286808013916,,0.24233752489089966,,0.06608287990093231,,0.021188633516430855,0.04270225763320923,,,,,,,,,,,,,,
9,,31409,,,,,,,,,,1.8924474716186523e-06,,2.2244639694690704e-06,,0.28098949790000916,,0.24145206809043884,,0.09177665412425995,,0.030567290261387825,0.05475788190960884,,,,,,,,,,,,,,
9,,31419,,,,,,,,,,1.7955899238586426e-06,,5.0691887736320496e-06,,0.2840867340564728,,0.2546493113040924,,0.07723144441843033,,0.017677921801805496,0.04301568493247032,,,,,,,,,,,,,,
9,,31429,,,,,,,,,,2.0544975996017456e-06,,4.264991730451584e-06,,0.2262311726808548,,0.2684893310070038,,0.06654094904661179,,0.017235834151506424,0.04064982384443283,,,,,,,,,,,,,,
9,,31439,,,,,,,,,,2.430751919746399e-06,,2.155546098947525e-06,,0.21865680813789368,,0.26266539096832275,,0.09095700085163116,,0.025394752621650696,0.050987787544727325,,,,,,,,,,,,,,
9,,31449,,,,,,,,,,1.996755599975586e-06,,6.190035492181778e-06,,0.19836953282356262,,0.2697583734989166,,0.09285099804401398,,0.03390007093548775,0.05781831219792366,,,,,,,,,,,,,,
9,,31459,,,,,,,,,,2.2780150175094604e-06,,2.811197191476822e-06,,0.23392432928085327,,0.2665520906448364,,0.08554862439632416,,0.026370085775852203,0.05106633901596069,,,,,,,,,,,,,,
9,,31469,,,,,,,,,,1.8142163753509521e-06,,1.593027263879776e-06,,0.2529542148113251,,0.26819974184036255,,0.08330628275871277,,0.02633490040898323,0.050919707864522934,,,,,,,,,,,,,,
9,,31479,,,,,,,,,,3.0528753995895386e-06,,2.0884908735752106e-06,,0.2279427945613861,,0.2731829285621643,,0.07857052236795425,,0.02443762868642807,0.048548709601163864,,,,,,,,,,,,,,
9,,31489,,,,,,,,,,1.957640051841736e-06,,1.7969869077205658e-06,,0.2558172345161438,,0.24565371870994568,,0.08730769157409668,,0.029219869524240494,0.05281087011098862,,,,,,,,,,,,,,
9,,31499,,,,,,,,,,1.957640051841736e-06,,4.983972758054733e-06,,0.24508297443389893,,0.255332887172699,,0.08162426948547363,,0.03099794313311577,0.05340685695409775,,,,,,,,,,,,,,
9,,31509,,,,,,,,,,2.1792948246002197e-06,,1.8328428268432617e-06,,0.2416028082370758,,0.2643544375896454,,0.06406144797801971,,0.02094205655157566,0.04295145347714424,,,,,,,,,,,,,,
9,,31519,,,,,,,,,,2.4978071451187134e-06,,1.682434231042862e-06,,0.22987882792949677,,0.2524815499782562,,0.08389101922512054,,0.0260013360530138,0.049771688878536224,,,,,,,,,,,,,,
9,,31529,,,,,,,,,,2.1774321794509888e-06,,2.530403435230255e-06,,0.23935198783874512,,0.2700420320034027,,0.09805512428283691,,0.024547800421714783,0.05227208510041237,,,,,,,,,,,,,,
9,,31539,,,,,,,,,,3.38628888130188e-06,,1.9278377294540405e-06,,0.25717803835868835,,0.2558285593986511,,0.08545021712779999,,0.031402841210365295,0.054593153297901154,,,,,,,,,,,,,,
9,,31549,,,,,,,,,,5.2209943532943726e-06,,2.552289515733719e-06,,0.22007882595062256,,0.25413575768470764,,0.08757589757442474,,0.02534625679254532,0.049934037029743195,,,,,,,,,,,,,,
9,,31559,,,,,,,,,,3.1869858503341675e-06,,2.9043294489383698e-06,,0.2482011914253235,,0.2697625160217285,,0.08587048202753067,,0.029871255159378052,0.054071094840765,,,,,,,,,,,,,,
9,,31569,,,,,,,,,,2.345070242881775e-06,,2.8563663363456726e-06,,0.26771286129951477,,0.25047558546066284,,0.09539872407913208,,0.031322479248046875,0.05627117305994034,,,,,,,,,,,,,,
9,,31579,,,,,,,,,,2.4177134037017822e-06,,2.030748873949051e-06,,0.2608347535133362,,0.24666038155555725,,0.08731653541326523,,0.02113298699259758,0.04685189947485924,,,,,,,,,,,,,,
9,,31589,,,,,,,,,,1.6707926988601685e-06,,2.7082860469818115e-06,,0.26472026109695435,,0.26282215118408203,,0.07766137272119522,,0.024634219706058502,0.04847099259495735,,,,,,,,,,,,,,
9,,31599,,,,,,,,,,3.829598426818848e-06,,1.93621963262558e-06,,0.24840956926345825,,0.25612592697143555,,0.08466678112745285,,0.028466250747442245,0.052154406905174255,,,,,,,,,,,,,,
9,,31609,,,,,,,,,,1.8496066331863403e-06,,2.2472813725471497e-06,,0.24726350605487823,,0.2633897066116333,,0.08715365082025528,,0.030129387974739075,0.05419560521841049,,,,,,,,,,,,,,
9,,31619,,,,,,,,,,3.0193477869033813e-06,,1.116190105676651e-06,,0.2683027982711792,,0.2475203275680542,,0.07328198850154877,,0.022894836962223053,0.04566934332251549,,,,,,,,,,,,,,
9,,31629,,,,,,,,,,1.816079020500183e-06,,1.473352313041687e-06,,0.22761093080043793,,0.2668074369430542,,0.08325539529323578,,0.02823464199900627,0.05197297781705856,,,,,,,,,,,,,,
9,,31639,,,,,,,,,,2.8479844331741333e-06,,1.5795230865478516e-06,,0.2352668046951294,,0.26143452525138855,,0.09196271002292633,,0.03203469514846802,0.05629456043243408,,,,,,,,,,,,,,
9,,31649,,,,,,,,,,2.4810433387756348e-06,,1.4132820069789886e-06,,0.2076389491558075,,0.2800746560096741,,0.08225889503955841,,0.027473747730255127,0.051603224128484726,,,,,,,,,,,,,,
9,,31659,,,,,,,,,,1.7620623111724854e-06,,1.385807991027832e-06,,0.23517929017543793,,0.2524518668651581,,0.08790287375450134,,0.022133413702249527,0.04768318682909012,,,,,,,,,,,,,,
9,,31669,,,,,,,,,,2.378597855567932e-06,,1.573469489812851e-06,,0.22090265154838562,,0.25335317850112915,,0.10636508464813232,,0.03748069703578949,0.06253388524055481,,,,,,,,,,,,,,
9,,31679,,,,,,,,,,1.2665987014770508e-06,,2.998858690261841e-06,,0.2675725221633911,,0.25123876333236694,,0.08129092305898666,,0.025783399119973183,0.049504123628139496,,,,,,,,,,,,,,
9,,31689,,,,,,,,,,7.662922143936157e-06,,2.196989953517914e-06,,0.24967871606349945,,0.24529483914375305,,0.08461644500494003,,0.029991857707500458,0.05279649421572685,,,,,,,,,,,,,,
9,,31699,,,,,,,,,,2.386048436164856e-06,,1.5124678611755371e-06,,0.2596116364002228,,0.261616051197052,,0.07771937549114227,,0.02556152269244194,0.049061089754104614,,,,,,,,,,,,,,
9,,31709,,,,,,,,,,2.2724270820617676e-06,,1.7685815691947937e-06,,0.26508039236068726,,0.25091269612312317,,0.08004394918680191,,0.02302880585193634,0.047159310430288315,,,,,,,,,,,,,,
9,,31719,,,,,,,,,,2.123415470123291e-06,,1.6423873603343964e-06,,0.24134664237499237,,0.2511053681373596,,0.08887854218482971,,0.030924469232559204,0.054470229893922806,,,,,,,,,,,,,,
9,,31729,,,,,,,,,,4.069879651069641e-06,,1.7988495528697968e-06,,0.2387860119342804,,0.2601253390312195,,0.09640608727931976,,0.035530876368284225,0.05973053723573685,,,,,,,,,,,,,,
9,,31739,,,,,,,,,,1.9650906324386597e-06,,3.930181264877319e-06,,0.22359009087085724,,0.2599557936191559,,0.09173320233821869,,0.029286962002515793,0.05398401618003845,,,,,,,,,,,,,,
9,,31749,,,,,,,,,,2.913177013397217e-06,,3.719702363014221e-06,,0.23417185246944427,,0.25121068954467773,,0.08449340611696243,,0.02703811787068844,0.050653181970119476,,,,,,,,,,,,,,
9,,31759,,,,,,,,,,3.0118972063064575e-06,,3.625638782978058e-06,,0.2748086750507355,,0.24405471980571747,,0.09075921773910522,,0.03616739809513092,0.058817751705646515,,,,,,,,,,,,,,
9,,31769,,,,,,,,,,2.8386712074279785e-06,,1.9473955035209656e-06,,0.24844220280647278,,0.24889764189720154,,0.06353794038295746,,0.019428551197052002,0.04107332602143288,,,,,,,,,,,,,,
9,,31779,,,,,,,,,,2.117827534675598e-06,,2.0372681319713593e-06,,0.2669077515602112,,0.2666861116886139,,0.07769471406936646,,0.024666249752044678,0.04870808497071266,,,,,,,,,,,,,,
9,,31789,,,,,,,,,,1.0849907994270325e-05,,3.7243589758872986e-06,,0.27984705567359924,,0.2650947868824005,,0.08620518445968628,,0.023323019966483116,0.04937358573079109,,,,,,,,,,,,,,
9,,31799,,,,,,,,,,1.7713755369186401e-06,,3.880355507135391e-06,,0.27774617075920105,,0.24100786447525024,,0.07793855667114258,,0.023663679137825966,0.04692479223012924,,,,,,,,,,,,,,
9,,31809,,,,,,,,,,1.8887221813201904e-06,,2.8638169169425964e-06,,0.2699817419052124,,0.24772965908050537,,0.08042772114276886,,0.02570270374417305,0.04914540797472,,,,,,,,,,,,,,
9,,31819,,,,,,,,,,2.039596438407898e-06,,3.2354146242141724e-06,,0.22579927742481232,,0.27890968322753906,,0.09145407378673553,,0.03036665730178356,0.05565620958805084,,,,,,,,,,,,,,
9,,31829,,,,,,,,,,2.650544047355652e-06,,1.5883706510066986e-06,,0.22674258053302765,,0.2478337585926056,,0.0833076685667038,,0.026126759126782417,0.0495016984641552,,,,,,,,,,,,,,
9,,31839,,,,,,,,,,2.207234501838684e-06,,2.0368024706840515e-06,,0.2600175738334656,,0.2716447710990906,,0.08794952929019928,,0.02524341270327568,0.051216043531894684,,,,,,,,,,,,,,
9,,31849,,,,,,,,,,3.518536686897278e-06,,2.7641654014587402e-06,,0.30195632576942444,,0.25227823853492737,,0.07139372825622559,,0.022282395511865616,0.04547332599759102,,,,,,,,,,,,,,
9,,31859,,,,,,,,,,1.1580331147342804e-06,,2.6949815037369262e-06,,0.22056791186332703,,0.28725388646125793,,0.07256077229976654,,0.032362233847379684,0.053939808160066605,,,,,,,,,,,,,,
9,,31859,,,,,,,,,,,,,,,,,,,,,,0.9834847450256348,1.0,1.0,0.9388084411621094,0.9071590304374695,0.9721978902816772,0.9916948676109314,0.05209466814994812,2.384185791015625e-07,1.7881393432617188e-07,0.24369755387306213,0.2591359317302704,0.08807158470153809,0.027420949190855026
9,,31859,0.983146071434021,1.0,1.0,0.9394984245300293,0.9068220257759094,0.9720019698143005,0.9913042187690735,0.05069558694958687,4.538273060461506e-06,,2.505683369236067e-06,,0.24332574009895325,,0.2607923150062561,,0.08307104557752609,,0.026708316057920456,,,,,,,,,,,,,,,,
,0.00015000000000000001,31860,,,,,,,,,,,,,,,,,,,,,,,,,,,,,,,,,,,
10,,31869,,,,,,,,,,2.775341272354126e-06,,1.7764978110790253e-06,,0.2412331998348236,,0.253863126039505,,0.07495944201946259,,0.022193830460309982,0.04543815553188324,,,,,,,,,,,,,,
10,,31879,,,,,,,,,,1.909211277961731e-06,,1.3010576367378235e-06,,0.23008665442466736,,0.26526618003845215,,0.07352498173713684,,0.024546368047595024,0.04733795300126076,,,,,,,,,,,,,,
10,,31889,,,,,,,,,,1.4603137969970703e-06,,1.3271346688270569e-06,,0.22114497423171997,,0.2609415650367737,,0.07293052226305008,,0.022422291338443756,0.04532543942332268,,,,,,,,,,,,,,
10,,31899,,,,,,,,,,2.8014183044433594e-06,,2.6300549507141113e-06,,0.2736459970474243,,0.2396041750907898,,0.05306515842676163,,0.012370294891297817,0.033673908561468124,,,,,,,,,,,,,,
10,,31909,,,,,,,,,,2.6747584342956543e-06,,1.8668361008167267e-06,,0.2447502166032791,,0.2589607834815979,,0.08294235169887543,,0.027059635147452354,0.05086579918861389,,,,,,,,,,,,,,
10,,31919,,,,,,,,,,2.520158886909485e-06,,1.53249129652977e-06,,0.2670053243637085,,0.264800488948822,,0.05877838283777237,,0.017294444143772125,0.03954293578863144,,,,,,,,,,,,,,
10,,31929,,,,,,,,,,1.7285346984863281e-06,,1.451931893825531e-06,,0.23737016320228577,,0.2689480781555176,,0.09664427489042282,,0.03131243586540222,0.057007674127817154,,,,,,,,,,,,,,
10,,31939,,,,,,,,,,2.2724270820617676e-06,,1.6517005860805511e-06,,0.25469958782196045,,0.25035762786865234,,0.08466775715351105,,0.021635305136442184,0.046833399683237076,,,,,,,,,,,,,,
10,,31949,,,,,,,,,,1.5124678611755371e-06,,1.080334186553955e-06,,0.25018152594566345,,0.2540016770362854,,0.09794539958238602,,0.0339074581861496,0.058647822588682175,,,,,,,,,,,,,,
10,,31959,,,,,,,,,,2.0507723093032837e-06,,1.5744008123874664e-06,,0.2312179058790207,,0.2675134539604187,,0.08366002142429352,,0.029548516497015953,0.05310989171266556,,,,,,,,,,,,,,
10,,31969,,,,,,,,,,2.2798776626586914e-06,,1.6223639249801636e-06,,0.26094111800193787,,0.26036468148231506,,0.07462433725595474,,0.027028292417526245,0.04953788220882416,,,,,,,,,,,,,,
10,,31979,,,,,,,,,,2.074986696243286e-06,,1.5320256352424622e-06,,0.26305606961250305,,0.2533367872238159,,0.08874735236167908,,0.030276218429207802,0.05431841313838959,,,,,,,,,,,,,,
10,,31989,,,,,,,,,,1.953914761543274e-06,,1.2731179594993591e-06,,0.2782881557941437,,0.26304709911346436,,0.08305719494819641,,0.030630722641944885,0.0541510172188282,,,,,,,,,,,,,,
10,,31999,,,,,,,,,,2.8852373361587524e-06,,2.0032748579978943e-06,,0.23096689581871033,,0.2685511112213135,,0.0787503644824028,,0.026213455945253372,0.049732912331819534,,,,,,,,,,,,,,
10,,32009,,,,,,,,,,2.905726432800293e-06,,2.534128725528717e-06,,0.2745574116706848,,0.2545351982116699,,0.09051898866891861,,0.03545945882797241,0.05873006209731102,,,,,,,,,,,,,,
10,,32019,,,,,,,,,,2.8293579816818237e-06,,3.2815150916576385e-06,,0.24798281490802765,,0.2648876905441284,,0.07624223828315735,,0.0181829035282135,0.04326583445072174,,,,,,,,,,,,,,
10,,32029,,,,,,,,,,1.737847924232483e-06,,2.4819746613502502e-06,,0.2699705958366394,,0.25168120861053467,,0.09758561104536057,,0.02562933973968029,0.05249340832233429,,,,,,,,,,,,,,
10,,32039,,,,,,,,,,2.378597855567932e-06,,2.8656795620918274e-06,,0.22649861872196198,,0.2638048529624939,,0.09742648154497147,,0.03737029433250427,0.06133030727505684,,,,,,,,,,,,,,
10,,32049,,,,,,,,,,2.434477210044861e-06,,3.7588179111480713e-06,,0.2398027628660202,,0.2534868121147156,,0.0777268260717392,,0.023617736995220184,0.04699094966053963,,,,,,,,,,,,,,
10,,32059,,,,,,,,,,3.0100345611572266e-06,,2.193264663219452e-06,,0.2544589638710022,,0.26423531770706177,,0.07086382806301117,,0.02602756954729557,0.048187389969825745,,,,,,,,,,,,,,
10,,32069,,,,,,,,,,2.505257725715637e-06,,1.562759280204773e-06,,0.23134446144104004,,0.2769203782081604,,0.09274732321500778,,0.029323723167181015,0.05508808791637421,,,,,,,,,,,,,,
10,,32079,,,,,,,,,,2.5443732738494873e-06,,1.5529803931713104e-06,,0.23785415291786194,,0.24225524067878723,,0.09122226387262344,,0.029600990936160088,0.053461045026779175,,,,,,,,,,,,,,
10,,32089,,,,,,,,,,3.043562173843384e-06,,2.462882548570633e-06,,0.28163471817970276,,0.250829815864563,,0.06453971564769745,,0.017218274995684624,0.04008275642991066,,,,,,,,,,,,,,
10,,32099,,,,,,,,,,7.225200533866882e-06,,3.89711931347847e-06,,0.21222811937332153,,0.26053109765052795,,0.08002586662769318,,0.025896072387695312,0.04913836717605591,,,,,,,,,,,,,,
10,,32109,,,,,,,,,,2.5238841772079468e-06,,2.5853514671325684e-06,,0.20532415807247162,,0.2703040838241577,,0.10492626577615738,,0.031036756932735443,0.058042071759700775,,,,,,,,,,,,,,
10,,32119,,,,,,,,,,3.4105032682418823e-06,,4.336703568696976e-06,,0.268058180809021,,0.2549770772457123,,0.06621136516332626,,0.0213395394384861,0.043523285537958145,,,,,,,,,,,,,,
10,,32129,,,,,,,,,,4.999339580535889e-06,,1.944601535797119e-06,,0.23804914951324463,,0.2523224353790283,,0.08483745157718658,,0.02467988431453705,0.04904617741703987,,,,,,,,,,,,,,
10,,32139,,,,,,,,,,8.950009942054749e-06,,3.614462912082672e-06,,0.26351797580718994,,0.243966743350029,,0.09142211079597473,,0.03142151981592178,0.05524533614516258,,,,,,,,,,,,,,
10,,32149,,,,,,,,,,5.302950739860535e-06,,3.245193511247635e-06,,0.2588652968406677,,0.26201701164245605,,0.09135904908180237,,0.034753184765577316,0.058524634689092636,,,,,,,,,,,,,,
10,,32159,,,,,,,,,,4.407018423080444e-06,,2.9080547392368317e-06,,0.19759973883628845,,0.28061074018478394,,0.08212730288505554,,0.023439792916178703,0.04845980927348137,,,,,,,,,,,,,,
10,,32169,,,,,,,,,,3.822147846221924e-06,,4.61796298623085e-06,,0.24469873309135437,,0.265379935503006,,0.08420927822589874,,0.027093976736068726,0.051429543644189835,,,,,,,,,,,,,,
10,,32179,,,,,,,,,,8.568167686462402e-06,,2.961140125989914e-06,,0.24439308047294617,,0.2643086314201355,,0.07772353291511536,,0.02415376715362072,0.04795365780591965,,,,,,,,,,,,,,
10,,32189,,,,,,,,,,4.453584551811218e-06,,2.2426247596740723e-06,,0.2679920494556427,,0.2564941644668579,,0.08672817051410675,,0.03034825064241886,0.05419965460896492,,,,,,,,,,,,,,
10,,32199,,,,,,,,,,3.287568688392639e-06,,3.2051466405391693e-06,,0.23996800184249878,,0.2707580626010895,,0.08208470791578293,,0.03041813150048256,0.05372151732444763,,,,,,,,,,,,,,
10,,32209,,,,,,,,,,2.944841980934143e-06,,2.727378159761429e-06,,0.19317549467086792,,0.27597594261169434,,0.08205431699752808,,0.024176888167858124,0.04872990399599075,,,,,,,,,,,,,,
10,,32219,,,,,,,,,,3.3248215913772583e-06,,2.352055162191391e-06,,0.22950956225395203,,0.25755444169044495,,0.08331473171710968,,0.02999074012041092,0.05288992077112198,,,,,,,,,,,,,,
10,,32229,,,,,,,,,,3.2205134630203247e-06,,2.7120113372802734e-06,,0.20674002170562744,,0.27768850326538086,,0.08881516754627228,,0.025050217285752296,0.05089232698082924,,,,,,,,,,,,,,
10,,32239,,,,,,,,,,3.7178397178649902e-06,,5.300156772136688e-06,,0.21675996482372284,,0.2708882689476013,,0.07280364632606506,,0.02229468524456024,0.04562089964747429,,,,,,,,,,,,,,
10,,32249,,,,,,,,,,2.8349459171295166e-06,,5.851034075021744e-06,,0.2201048880815506,,0.26496219635009766,,0.06501550227403641,,0.02166074886918068,0.04344605281949043,,,,,,,,,,,,,,
10,,32259,,,,,,,,,,3.948807716369629e-06,,4.805624485015869e-06,,0.26450687646865845,,0.2620297372341156,,0.07071000337600708,,0.023908182978630066,0.046582989394664764,,,,,,,,,,,,,,
10,,32269,,,,,,,,,,2.25752592086792e-06,,2.217944711446762e-06,,0.2401878833770752,,0.2661108374595642,,0.07645271718502045,,0.018406908959150314,0.04343932867050171,,,,,,,,,,,,,,
10,,32279,,,,,,,,,,3.203749656677246e-06,,2.5150366127490997e-06,,0.23069170117378235,,0.26237523555755615,,0.07376208901405334,,0.029598072171211243,0.05104367434978485,,,,,,,,,,,,,,
10,,32289,,,,,,,,,,3.915280103683472e-06,,4.328787326812744e-06,,0.26488184928894043,,0.2559807002544403,,0.0848434790968895,,0.025599569082260132,0.05022328719496727,,,,,,,,,,,,,,
10,,32299,,,,,,,,,,2.4400651454925537e-06,,2.2244639694690704e-06,,0.19378727674484253,,0.271226167678833,,0.09490703791379929,,0.029483137652277946,0.05490551143884659,,,,,,,,,,,,,,
10,,32309,,,,,,,,,,2.209097146987915e-06,,3.322027623653412e-06,,0.24429331719875336,,0.26884955167770386,,0.07097947597503662,,0.022423934191465378,0.04560288414359093,,,,,,,,,,,,,,
10,,32319,,,,,,,,,,2.9653310775756836e-06,,9.155366569757462e-06,,0.23477503657341003,,0.27005335688591003,,0.06726513803005219,,0.019439319148659706,0.04261215776205063,,,,,,,,,,,,,,
10,,32329,,,,,,,,,,4.909932613372803e-06,,2.5569461286067963e-06,,0.21629251539707184,,0.2586091458797455,,0.06826821714639664,,0.022974111139774323,0.04469877853989601,,,,,,,,,,,,,,
10,,32339,,,,,,,,,,2.63359397649765e-05,,1.926906406879425e-06,,0.2528735399246216,,0.26243942975997925,,0.08522122353315353,,0.02961062639951706,0.05346523970365524,,,,,,,,,,,,,,
10,,32349,,,,,,,,,,5.776062607765198e-06,,3.6852434277534485e-06,,0.250926673412323,,0.25568655133247375,,0.08591534197330475,,0.027244506403803825,0.05148094892501831,,,,,,,,,,,,,,
10,,32359,,,,,,,,,,2.0544975996017456e-06,,2.4121254682540894e-06,,0.21523384749889374,,0.2748904824256897,,0.07304495573043823,,0.02328965812921524,0.04658231884241104,,,,,,,,,,,,,,
10,,32369,,,,,,,,,,2.5238841772079468e-06,,2.9639340937137604e-06,,0.272733211517334,,0.26585978269577026,,0.07292324304580688,,0.02187396213412285,0.0457480289041996,,,,,,,,,,,,,,
10,,32379,,,,,,,,,,1.8142163753509521e-06,,3.1585805118083954e-06,,0.2261793613433838,,0.2754881680011749,,0.06716764718294144,,0.02215328812599182,0.04478389397263527,,,,,,,,,,,,,,
10,,32389,,,,,,,,,,2.5890767574310303e-06,,4.891306161880493e-06,,0.24405071139335632,,0.25919097661972046,,0.0895184725522995,,0.025482088327407837,0.050918273627758026,,,,,,,,,,,,,,
10,,32399,,,,,,,,,,2.8870999813079834e-06,,3.3420510590076447e-06,,0.22612056136131287,,0.2751002907752991,,0.0738280639052391,,0.02386324852705002,0.04729693755507469,,,,,,,,,,,,,,
10,,32409,,,,,,,,,,2.076849341392517e-06,,5.291774868965149e-06,,0.22034958004951477,,0.2633226215839386,,0.08873426914215088,,0.02748408168554306,0.05218896642327309,,,,,,,,,,,,,,
10,,32419,,,,,,,,,,2.9150396585464478e-06,,2.7832575142383575e-06,,0.26322275400161743,,0.2509969174861908,,0.07935921847820282,,0.022111201658844948,0.04632469639182091,,,,,,,,,,,,,,
10,,32429,,,,,,,,,,9.149312973022461e-06,,4.819128662347794e-06,,0.28929394483566284,,0.23164883255958557,,0.06277279555797577,,0.02086222544312477,0.041675467044115067,,,,,,,,,,,,,,
10,,32439,,,,,,,,,,2.3283064365386963e-06,,2.9900111258029938e-06,,0.2127746045589447,,0.26663458347320557,,0.0805264487862587,,0.025652840733528137,0.04934234544634819,,,,,,,,,,,,,,
10,,32449,,,,,,,,,,2.8926879167556763e-06,,2.423767000436783e-06,,0.2588866651058197,,0.2630530595779419,,0.09537509828805923,,0.0315856859087944,0.05695045366883278,,,,,,,,,,,,,,
10,,32459,,,,,,,,,,2.468004822731018e-06,,7.233582437038422e-06,,0.25634896755218506,,0.26552334427833557,,0.10358554124832153,,0.03477708250284195,0.06097050756216049,,,,,,,,,,,,,,
10,,32469,,,,,,,,,,2.086162567138672e-06,,2.114567905664444e-06,,0.21773892641067505,,0.2584035396575928,,0.08107937127351761,,0.029612723737955093,0.05208894610404968,,,,,,,,,,,,,,
10,,32479,,,,,,,,,,2.652406692504883e-06,,1.7439015209674835e-06,,0.21820655465126038,,0.268372118473053,,0.0837944820523262,,0.02407817915081978,0.04891909658908844,,,,,,,,,,,,,,
10,,32489,,,,,,,,,,4.742294549942017e-06,,3.4086406230926514e-06,,0.210952490568161,,0.2792893648147583,,0.0908576250076294,,0.028144218027591705,0.05372088775038719,,,,,,,,,,,,,,
10,,32499,,,,,,,,,,2.678483724594116e-06,,2.046581357717514e-06,,0.26418644189834595,,0.2448490858078003,,0.07988158613443375,,0.027044111862778664,0.04984629526734352,,,,,,,,,,,,,,
10,,32509,,,,,,,,,,3.939494490623474e-06,,1.9189901649951935e-06,,0.2251659333705902,,0.26934614777565,,0.08918965607881546,,0.02543189376592636,0.051073722541332245,,,,,,,,,,,,,,
10,,32519,,,,,,,,,,2.6989728212356567e-06,,2.684071660041809e-06,,0.22874796390533447,,0.26346173882484436,,0.07698105275630951,,0.024734551087021828,0.048027005046606064,,,,,,,,,,,,,,
10,,32529,,,,,,,,,,2.4456530809402466e-06,,3.974884748458862e-06,,0.2657585144042969,,0.2498851865530014,,0.07523975521326065,,0.022288154810667038,0.04566245898604393,,,,,,,,,,,,,,
10,,32539,,,,,,,,,,2.5797635316848755e-06,,2.0908191800117493e-06,,0.24871936440467834,,0.26136118173599243,,0.09073978662490845,,0.026488790288567543,0.052059005945920944,,,,,,,,,,,,,,
10,,32549,,,,,,,,,,3.593042492866516e-06,,2.0381994545459747e-06,,0.2341175377368927,,0.26000791788101196,,0.09761641174554825,,0.02568182535469532,0.05250870808959007,,,,,,,,,,,,,,
10,,32559,,,,,,,,,,2.8032809495925903e-06,,3.320164978504181e-06,,0.2655259966850281,,0.24489247798919678,,0.07179129123687744,,0.02044641599059105,0.04339725524187088,,,,,,,,,,,,,,
10,,32569,,,,,,,,,,3.17208468914032e-06,,2.4139881134033203e-06,,0.2557443082332611,,0.25011593103408813,,0.08955933898687363,,0.02481071650981903,0.050133854150772095,,,,,,,,,,,,,,
10,,32579,,,,,,,,,,2.4549663066864014e-06,,2.293381839990616e-06,,0.22428464889526367,,0.2666417360305786,,0.07137541472911835,,0.02165324240922928,0.04476092755794525,,,,,,,,,,,,,,
10,,32589,,,,,,,,,,4.433095455169678e-06,,1.8593855202198029e-06,,0.2311202585697174,,0.2602778971195221,,0.0676659420132637,,0.02329212613403797,0.045076437294483185,,,,,,,,,,,,,,
10,,32599,,,,,,,,,,2.5704503059387207e-06,,1.4682300388813019e-06,,0.2556445300579071,,0.25597524642944336,,0.06680968403816223,,0.020189987495541573,0.04267440736293793,,,,,,,,,,,,,,
10,,32609,,,,,,,,,,2.1941959857940674e-06,,8.747493848204613e-05,,0.25716161727905273,,0.2557407319545746,,0.08523918688297272,,0.030672891065478325,0.05400191619992256,,,,,,,,,,,,,,
10,,32619,,,,,,,,,,2.7474015951156616e-06,,2.4060718715190887e-06,,0.2122151255607605,,0.2672589123249054,,0.0790376216173172,,0.02321912720799446,0.0472601018846035,,,,,,,,,,,,,,
10,,32629,,,,,,,,,,2.1494925022125244e-06,,1.973472535610199e-06,,0.26058229804039,,0.2613075375556946,,0.08024711161851883,,0.02287346124649048,0.04751553013920784,,,,,,,,,,,,,,
10,,32639,,,,,,,,,,2.6319175958633423e-06,,3.1883828341960907e-06,,0.25204718112945557,,0.26015472412109375,,0.09048092365264893,,0.031173033639788628,0.05550694093108177,,,,,,,,,,,,,,
10,,32649,,,,,,,,,,2.8498470783233643e-06,,2.2007152438163757e-06,,0.21710428595542908,,0.2895086407661438,,0.1061815693974495,,0.03682514652609825,0.06365836411714554,,,,,,,,,,,,,,
10,,32659,,,,,,,,,,2.5238841772079468e-06,,1.7546117305755615e-06,,0.2425442337989807,,0.27006810903549194,,0.08560533821582794,,0.02732398360967636,0.05205846205353737,,,,,,,,,,,,,,
10,,32669,,,,,,,,,,2.60770320892334e-06,,1.9040890038013458e-06,,0.2658335566520691,,0.26629483699798584,,0.06564581394195557,,0.022453127428889275,0.044757179915905,,,,,,,,,,,,,,
10,,32679,,,,,,,,,,2.8796494007110596e-06,,1.8933787941932678e-06,,0.24090325832366943,,0.26442983746528625,,0.09403365850448608,,0.02375098504126072,0.0506751649081707,,,,,,,,,,,,,,
10,,32689,,,,,,,,,,2.479180693626404e-06,,3.146938979625702e-06,,0.2340734750032425,,0.2531137466430664,,0.08201829344034195,,0.02259841188788414,0.04694646596908569,,,,,,,,,,,,,,
10,,32699,,,,,,,,,,3.0454248189926147e-06,,2.3064203560352325e-06,,0.27196404337882996,,0.24752065539360046,,0.07465241849422455,,0.020902102813124657,0.04447438567876816,,,,,,,,,,,,,,
10,,32709,,,,,,,,,,2.728775143623352e-06,,3.6410056054592133e-06,,0.2712399661540985,,0.24897122383117676,,0.07585904002189636,,0.026309698820114136,0.048816896975040436,,,,,,,,,,,,,,
10,,32719,,,,,,,,,,4.947185516357422e-06,,1.4146789908409119e-06,,0.23339655995368958,,0.27672892808914185,,0.09265017509460449,,0.03413574397563934,0.05869483947753906,,,,,,,,,,,,,,
10,,32729,,,,,,,,,,2.5276094675064087e-06,,1.8337741494178772e-06,,0.25113824009895325,,0.26334720849990845,,0.08354763686656952,,0.02525939606130123,0.04990934953093529,,,,,,,,,,,,,,
10,,32739,,,,,,,,,,2.477318048477173e-06,,1.2204982340335846e-06,,0.24539726972579956,,0.2556874752044678,,0.06972895562648773,,0.020739061757922173,0.043500203639268875,,,,,,,,,,,,,,
10,,32749,,,,,,,,,,1.8998980522155762e-06,,9.997747838497162e-07,,0.2949717044830322,,0.24159495532512665,,0.07328309863805771,,0.02179768495261669,0.044881269335746765,,,,,,,,,,,,,,
10,,32759,,,,,,,,,,2.2444874048233032e-06,,1.8514692783355713e-06,,0.23003050684928894,,0.2593795657157898,,0.08463980257511139,,0.033462606370449066,0.05583464354276657,,,,,,,,,,,,,,
10,,32769,,,,,,,,,,1.7490237951278687e-06,,1.3229437172412872e-06,,0.2591947019100189,,0.24431708455085754,,0.07852914929389954,,0.02981334552168846,0.05158662423491478,,,,,,,,,,,,,,
10,,32779,,,,,,,,,,2.639368176460266e-06,,9.013339877128601e-06,,0.24740713834762573,,0.25501567125320435,,0.08301270008087158,,0.025730054825544357,0.04972775653004646,,,,,,,,,,,,,,
10,,32789,,,,,,,,,,2.7064234018325806e-06,,2.37906351685524e-06,,0.20863550901412964,,0.28032737970352173,,0.07971841096878052,,0.027143727988004684,0.050902727991342545,,,,,,,,,,,,,,
10,,32799,,,,,,,,,,2.0060688257217407e-06,,3.1352974474430084e-06,,0.24756360054016113,,0.27042853832244873,,0.07896926999092102,,0.017954707145690918,0.04386096075177193,,,,,,,,,,,,,,
10,,32809,,,,,,,,,,1.8943101167678833e-06,,2.610962837934494e-06,,0.2654874622821808,,0.2616328299045563,,0.07933267951011658,,0.02898041158914566,0.05199810862541199,,,,,,,,,,,,,,
10,,32819,,,,,,,,,,2.1383166313171387e-06,,2.0260922610759735e-06,,0.23565956950187683,,0.2770860493183136,,0.09372639656066895,,0.026213612407445908,0.05299689993262291,,,,,,,,,,,,,,
10,,32829,,,,,,,,,,2.812594175338745e-06,,3.4514814615249634e-06,,0.20515376329421997,,0.2669711709022522,,0.09465080499649048,,0.028516218066215515,0.05406581982970238,,,,,,,,,,,,,,
10,,32839,,,,,,,,,,5.187466740608215e-06,,1.9515864551067352e-06,,0.23940487205982208,,0.27438750863075256,,0.08234569430351257,,0.024424776434898376,0.04943791776895523,,,,,,,,,,,,,,
10,,32849,,,,,,,,,,2.684071660041809e-06,,1.7709098756313324e-06,,0.2521187663078308,,0.257080078125,,0.07670284062623978,,0.01988299936056137,0.04431000351905823,,,,,,,,,,,,,,
10,,32859,,,,,,,,,,2.728775143623352e-06,,1.4672987163066864e-06,,0.25078892707824707,,0.2534971237182617,,0.06295069307088852,,0.01920713484287262,0.041040241718292236,,,,,,,,,,,,,,
10,,32869,,,,,,,,,,2.4475157260894775e-06,,1.8482096493244171e-06,,0.2867189645767212,,0.25482362508773804,,0.07361270487308502,,0.02305958792567253,0.04641325771808624,,,,,,,,,,,,,,
10,,32879,,,,,,,,,,2.2649765014648438e-06,,2.4847686290740967e-06,,0.2373896837234497,,0.2695522904396057,,0.07964806258678436,,0.02420499175786972,0.048516783863306046,,,,,,,,,,,,,,
10,,32889,,,,,,,,,,2.4940818548202515e-06,,1.589301973581314e-06,,0.2583051919937134,,0.25335389375686646,,0.08449925482273102,,0.022840330377221107,0.047888536006212234,,,,,,,,,,,,,,
10,,32899,,,,,,,,,,2.8908252716064453e-06,,2.810731530189514e-06,,0.22508227825164795,,0.2619374394416809,,0.0796564593911171,,0.02290617674589157,0.047042712569236755,,,,,,,,,,,,,,
10,,32909,,,,,,,,,,4.244968295097351e-06,,3.482215106487274e-06,,0.21080142259597778,,0.2629873752593994,,0.10059666633605957,,0.03525546193122864,0.06011602655053139,,,,,,,,,,,,,,
10,,32919,,,,,,,,,,3.3471733331680298e-06,,2.0372681319713593e-06,,0.25733062624931335,,0.25268852710723877,,0.08070775866508484,,0.025508642196655273,0.049136560410261154,,,,,,,,,,,,,,
10,,32929,,,,,,,,,,3.4496188163757324e-06,,2.4852342903614044e-06,,0.24646353721618652,,0.24962809681892395,,0.08842559903860092,,0.027096813544631004,0.051504556089639664,,,,,,,,,,,,,,
10,,32939,,,,,,,,,,2.1569430828094482e-06,,2.3995526134967804e-06,,0.24608340859413147,,0.2663525342941284,,0.1013188585639,,0.03378697484731674,0.059721168130636215,,,,,,,,,,,,,,
10,,32949,,,,,,,,,,2.423301339149475e-06,,2.709217369556427e-06,,0.2512224316596985,,0.2624039649963379,,0.07791884988546371,,0.018584461882710457,0.043803032487630844,,,,,,,,,,,,,,
10,,32959,,,,,,,,,,2.028420567512512e-06,,1.266133040189743e-06,,0.23232068121433258,,0.2729800343513489,,0.09790420532226562,,0.030526380985975266,0.05678413808345795,,,,,,,,,,,,,,
10,,32969,,,,,,,,,,2.3599714040756226e-06,,1.2852251529693604e-06,,0.2689087390899658,,0.26075664162635803,,0.0775124654173851,,0.022817028686404228,0.04703208804130554,,,,,,,,,,,,,,
10,,32979,,,,,,,,,,2.0917505025863647e-06,,2.4996697902679443e-06,,0.22934088110923767,,0.25396040081977844,,0.08137913048267365,,0.021803900599479675,0.04621478542685509,,,,,,,,,,,,,,
10,,32989,,,,,,,,,,2.508983016014099e-06,,1.7881393432617188e-06,,0.24401472508907318,,0.2598876655101776,,0.07508404552936554,,0.023537680506706238,0.04678473249077797,,,,,,,,,,,,,,
10,,32999,,,,,,,,,,2.477318048477173e-06,,1.484062522649765e-06,,0.2626511752605438,,0.2750069499015808,,0.07693742215633392,,0.022090962156653404,0.04697435721755028,,,,,,,,,,,,,,
10,,33009,,,,,,,,,,2.216547727584839e-06,,2.8796494007110596e-06,,0.24931436777114868,,0.26620110869407654,,0.0822661817073822,,0.025381848216056824,0.049873314797878265,,,,,,,,,,,,,,
10,,33019,,,,,,,,,,3.246590495109558e-06,,1.4044344425201416e-06,,0.2315911054611206,,0.2680858373641968,,0.07016712427139282,,0.02134578302502632,0.04445701837539673,,,,,,,,,,,,,,
10,,33029,,,,,,,,,,1.7713755369186401e-06,,2.277083694934845e-06,,0.23556306958198547,,0.25346124172210693,,0.10687058418989182,,0.034505024552345276,0.06057330220937729,,,,,,,,,,,,,,
10,,33039,,,,,,,,,,5.120411515235901e-06,,1.8589198589324951e-06,,0.1893267035484314,,0.2900477647781372,,0.07831849157810211,,0.026389602571725845,0.0503038689494133,,,,,,,,,,,,,,
10,,33049,,,,,,,,,,2.337619662284851e-06,,1.9371509552001953e-06,,0.23268809914588928,,0.2619110643863678,,0.08322708308696747,,0.0281579177826643,0.051740050315856934,,,,,,,,,,,,,,
10,,33059,,,,,,,,,,2.2798776626586914e-06,,1.5776604413986206e-06,,0.2440798282623291,,0.2601098418235779,,0.07346899807453156,,0.024425065144896507,0.04715871438384056,,,,,,,,,,,,,,
10,,33069,,,,,,,,,,1.8477439880371094e-06,,1.6749836504459381e-06,,0.2560505270957947,,0.2523876428604126,,0.08588078618049622,,0.02637825533747673,0.05072999745607376,,,,,,,,,,,,,,
10,,33079,,,,,,,,,,1.9241124391555786e-06,,1.4016404747962952e-06,,0.2370503544807434,,0.2638609707355499,,0.08555077016353607,,0.029895618557929993,0.05362199991941452,,,,,,,,,,,,,,
10,,33089,,,,,,,,,,1.989305019378662e-06,,1.3150274753570557e-06,,0.2606673538684845,,0.2574755847454071,,0.08055674284696579,,0.024772590026259422,0.04881962016224861,,,,,,,,,,,,,,
10,,33099,,,,,,,,,,3.0621886253356934e-06,,1.0575167834758759e-06,,0.20717942714691162,,0.27828824520111084,,0.08624221384525299,,0.024862075224518776,0.05030190199613571,,,,,,,,,,,,,,
10,,33109,,,,,,,,,,5.556270480155945e-06,,2.0158477127552032e-06,,0.22943857312202454,,0.2728218138217926,,0.079947330057621,,0.022168906405568123,0.0471055693924427,,,,,,,,,,,,,,
10,,33119,,,,,,,,,,2.7045607566833496e-06,,1.8747523427009583e-06,,0.20942547917366028,,0.2657926082611084,,0.0767441838979721,,0.022787362337112427,0.046404626220464706,,,,,,,,,,,,,,
10,,33129,,,,,,,,,,2.386048436164856e-06,,1.1702068150043488e-06,,0.22408144176006317,,0.2613495886325836,,0.07484408468008041,,0.020601898431777954,0.04437224566936493,,,,,,,,,,,,,,
10,,33139,,,,,,,,,,1.7676502466201782e-06,,1.6186386346817017e-06,,0.263458251953125,,0.24868610501289368,,0.07071535289287567,,0.02062307484447956,0.04348161816596985,,,,,,,,,,,,,,
10,,33149,,,,,,,,,,2.5331974029541016e-06,,1.4263205230236053e-06,,0.2530739903450012,,0.25511434674263,,0.08652894198894501,,0.026839498430490494,0.05129052698612213,,,,,,,,,,,,,,
10,,33159,,,,,,,,,,1.9017606973648071e-06,,2.941116690635681e-06,,0.225736603140831,,0.2720005512237549,,0.0787074863910675,,0.024355748668313026,0.048431675881147385,,,,,,,,,,,,,,
10,,33169,,,,,,,,,,3.9711594581604e-06,,1.4761462807655334e-06,,0.23714035749435425,,0.253301203250885,,0.0919860452413559,,0.032005175948143005,0.0559174083173275,,,,,,,,,,,,,,
10,,33179,,,,,,,,,,2.386048436164856e-06,,1.4505349099636078e-06,,0.2624402940273285,,0.2552923262119293,,0.06553880125284195,,0.018980253487825394,0.04157617315649986,,,,,,,,,,,,,,
10,,33189,,,,,,,,,,2.5704503059387207e-06,,1.1655502021312714e-06,,0.22136078774929047,,0.26841825246810913,,0.09626001864671707,,0.028659740462899208,0.05473310500383377,,,,,,,,,,,,,,
10,,33199,,,,,,,,,,2.8833746910095215e-06,,1.8798746168613434e-06,,0.23094993829727173,,0.2683691382408142,,0.07410912215709686,,0.0254974365234375,0.0483165942132473,,,,,,,,,,,,,,
10,,33209,,,,,,,,,,2.158805727958679e-06,,2.094544470310211e-06,,0.22971293330192566,,0.29485589265823364,,0.07830357551574707,,0.024665437638759613,0.049706462770700455,,,,,,,,,,,,,,
10,,33219,,,,,,,,,,1.4098361134529114e-05,,1.9888393580913544e-06,,0.25197750329971313,,0.2626269459724426,,0.08492570370435715,,0.02449244074523449,0.04956851899623871,,,,,,,,,,,,,,
10,,33229,,,,,,,,,,3.160908818244934e-06,,2.4619512259960175e-06,,0.26986145973205566,,0.25426939129829407,,0.0731327012181282,,0.02068258821964264,0.04431647062301636,,,,,,,,,,,,,,
10,,33239,,,,,,,,,,1.823529601097107e-06,,1.4016404747962952e-06,,0.20342040061950684,,0.2610324025154114,,0.08272765576839447,,0.029462188482284546,0.052240561693906784,,,,,,,,,,,,,,
10,,33249,,,,,,,,,,9.328126907348633e-06,,1.939479261636734e-06,,0.23581638932228088,,0.2543022632598877,,0.06786610931158066,,0.019098930060863495,0.041743189096450806,,,,,,,,,,,,,,
10,,33259,,,,,,,,,,2.173706889152527e-06,,1.794658601284027e-06,,0.28474387526512146,,0.2502986192703247,,0.062403615564107895,,0.0191397313028574,0.04113512113690376,,,,,,,,,,,,,,
10,,33269,,,,,,,,,,2.4419277906417847e-06,,1.4193356037139893e-06,,0.22638274729251862,,0.2694162428379059,,0.08256857097148895,,0.025577230378985405,0.049958545714616776,,,,,,,,,,,,,,
10,,33279,,,,,,,,,,1.8998980522155762e-06,,1.5227124094963074e-06,,0.2691185474395752,,0.2532493472099304,,0.08997053653001785,,0.029723552986979485,0.054200176149606705,,,,,,,,,,,,,,
10,,33289,,,,,,,,,,2.5685876607894897e-06,,1.9953586161136627e-06,,0.24102488160133362,,0.27725034952163696,,0.06778720021247864,,0.022060345858335495,0.045086998492479324,,,,,,,,,,,,,,
10,,33299,,,,,,,,,,1.150369644165039e-05,,1.4868564903736115e-06,,0.2728995680809021,,0.2526727318763733,,0.08847208321094513,,0.028041422367095947,0.05267453193664551,,,,,,,,,,,,,,
10,,33309,,,,,,,,,,2.8293579816818237e-06,,2.237968146800995e-06,,0.2742261290550232,,0.25485455989837646,,0.07465912401676178,,0.027456481009721756,0.04976300522685051,,,,,,,,,,,,,,
10,,33319,,,,,,,,,,2.2444874048233032e-06,,2.745073288679123e-06,,0.22239378094673157,,0.27662569284439087,,0.07842965424060822,,0.022627370432019234,0.04726064205169678,,,,,,,,,,,,,,
10,,33329,,,,,,,,,,1.73225998878479e-06,,4.600733518600464e-06,,0.21715646982192993,,0.2694673538208008,,0.09481050819158554,,0.02709157019853592,0.05328475311398506,,,,,,,,,,,,,,
10,,33339,,,,,,,,,,4.343688488006592e-06,,1.2065283954143524e-06,,0.25951874256134033,,0.2533072829246521,,0.06898152083158493,,0.025297142565250397,0.046833351254463196,,,,,,,,,,,,,,
10,,33349,,,,,,,,,,2.305954694747925e-06,,1.657288521528244e-06,,0.21951106190681458,,0.24641993641853333,,0.05722203105688095,,0.015627063810825348,0.03658169507980347,,,,,,,,,,,,,,
10,,33359,,,,,,,,,,2.427026629447937e-06,,2.703629434108734e-06,,0.29732397198677063,,0.2370394766330719,,0.07326725125312805,,0.026882413774728775,0.04850676283240318,,,,,,,,,,,,,,
10,,33369,,,,,,,,,,2.995133399963379e-06,,3.511086106300354e-06,,0.24607786536216736,,0.2706880271434784,,0.08212751150131226,,0.024961436167359352,0.04970436170697212,,,,,,,,,,,,,,
10,,33379,,,,,,,,,,2.173706889152527e-06,,1.950189471244812e-06,,0.23962819576263428,,0.2656606435775757,,0.08794449269771576,,0.03014879673719406,0.05437546223402023,,,,,,,,,,,,,,
10,,33389,,,,,,,,,,2.3655593395233154e-06,,2.339482307434082e-06,,0.2545187473297119,,0.25835120677948,,0.07958181202411652,,0.02385541796684265,0.047917719930410385,,,,,,,,,,,,,,
10,,33399,,,,,,,,,,3.4812837839126587e-06,,1.4975666999816895e-06,,0.2166287899017334,,0.26754558086395264,,0.07862775027751923,,0.024260152131319046,0.04802937060594559,,,,,,,,,,,,,,
10,,33409,,,,,,,,,,2.169981598854065e-06,,2.084299921989441e-06,,0.22764258086681366,,0.25469619035720825,,0.09903348982334137,,0.02974512428045273,0.05549774691462517,,,,,,,,,,,,,,
10,,33419,,,,,,,,,,3.339722752571106e-06,,1.916196197271347e-06,,0.20273834466934204,,0.26381975412368774,,0.09590283036231995,,0.027698080986738205,0.05351080745458603,,,,,,,,,,,,,,
10,,33429,,,,,,,,,,1.9352883100509644e-06,,2.1550804376602173e-06,,0.2118038833141327,,0.2647573947906494,,0.09527595341205597,,0.030959177762269974,0.055989887565374374,,,,,,,,,,,,,,
10,,33439,,,,,,,,,,2.3301690816879272e-06,,2.012588083744049e-06,,0.22019842267036438,,0.2570785880088806,,0.08197766542434692,,0.026651404798030853,0.05000259354710579,,,,,,,,,,,,,,
10,,33449,,,,,,,,,,2.7883797883987427e-06,,5.544628947973251e-06,,0.21590226888656616,,0.26226168870925903,,0.07297482341527939,,0.02481137588620186,0.04712645709514618,,,,,,,,,,,,,,
10,,33459,,,,,,,,,,2.263113856315613e-06,,3.2656826078891754e-06,,0.28129270672798157,,0.24473217129707336,,0.0672965943813324,,0.02622804418206215,0.047068871557712555,,,,,,,,,,,,,,
10,,33469,,,,,,,,,,2.5313347578048706e-06,,3.897584974765778e-06,,0.27107861638069153,,0.25763753056526184,,0.07675956189632416,,0.027953624725341797,0.050623469054698944,,,,,,,,,,,,,,
10,,33479,,,,,,,,,,2.637505531311035e-06,,1.469627022743225e-06,,0.19829460978507996,,0.271340012550354,,0.08803655207157135,,0.029589949175715446,0.053755272179841995,,,,,,,,,,,,,,
10,,33489,,,,,,,,,,2.0954757928848267e-06,,3.0831433832645416e-06,,0.24671638011932373,,0.24799758195877075,,0.08695656061172485,,0.02454575151205063,0.049241796135902405,,,,,,,,,,,,,,
10,,33499,,,,,,,,,,1.2200325727462769e-06,,1.6279518604278564e-06,,0.24066147208213806,,0.2654595375061035,,0.08720952272415161,,0.023251354694366455,0.049065954983234406,,,,,,,,,,,,,,
10,,33509,,,,,,,,,,2.1364539861679077e-06,,1.934356987476349e-06,,0.25041234493255615,,0.2573865056037903,,0.08068163692951202,,0.02432706207036972,0.04838443547487259,,,,,,,,,,,,,,
10,,33519,,,,,,,,,,1.912936568260193e-06,,2.1490268409252167e-06,,0.21692463755607605,,0.26956993341445923,,0.0756370946764946,,0.02279682084918022,0.04646909981966019,,,,,,,,,,,,,,
10,,33529,,,,,,,,,,2.3152679204940796e-06,,2.6370398700237274e-06,,0.264644056558609,,0.2548495829105377,,0.0711686909198761,,0.02468334324657917,0.04691547155380249,,,,,,,,,,,,,,
10,,33539,,,,,,,,,,4.105269908905029e-06,,1.9008293747901917e-06,,0.24681499600410461,,0.26046299934387207,,0.08322333544492722,,0.026292875409126282,0.05043792352080345,,,,,,,,,,,,,,
10,,33549,,,,,,,,,,1.9650906324386597e-06,,2.1359883248806e-06,,0.21908941864967346,,0.260176420211792,,0.08643722534179688,,0.02521749958395958,0.0498955138027668,,,,,,,,,,,,,,
10,,33559,,,,,,,,,,2.7846544981002808e-06,,1.8067657947540283e-06,,0.21593177318572998,,0.26300275325775146,,0.0848580151796341,,0.02253621630370617,0.047683391720056534,,,,,,,,,,,,,,
10,,33569,,,,,,,,,,2.732500433921814e-06,,2.0870938897132874e-06,,0.2512335777282715,,0.24650239944458008,,0.09542058408260345,,0.029306184500455856,0.054383229464292526,,,,,,,,,,,,,,
10,,33579,,,,,,,,,,2.816319465637207e-06,,1.866370439529419e-06,,0.2193090319633484,,0.2637852430343628,,0.06606894731521606,,0.022453442215919495,0.04417376592755318,,,,,,,,,,,,,,
10,,33589,,,,,,,,,,2.7082860469818115e-06,,1.5115365386009216e-06,,0.22379183769226074,,0.2595497667789459,,0.08015317469835281,,0.029098516330122948,0.051654182374477386,,,,,,,,,,,,,,
10,,33599,,,,,,,,,,2.300366759300232e-06,,1.1250842362642288e-05,,0.24238044023513794,,0.28477317094802856,,0.08719725161790848,,0.030030634254217148,0.05507507920265198,,,,,,,,,,,,,,
10,,33609,,,,,,,,,,3.7588179111480713e-06,,4.251021891832352e-06,,0.23785269260406494,,0.27093738317489624,,0.07905033975839615,,0.022410787642002106,0.047129079699516296,,,,,,,,,,,,,,
10,,33619,,,,,,,,,,3.3210963010787964e-06,,2.4279579520225525e-06,,0.2289152592420578,,0.2576048672199249,,0.07432548701763153,,0.023257728666067123,0.046148430556058884,,,,,,,,,,,,,,
10,,33629,,,,,,,,,,2.862885594367981e-06,,2.2561289370059967e-06,,0.23817580938339233,,0.25444164872169495,,0.07199583947658539,,0.0201432965695858,0.04333535581827164,,,,,,,,,,,,,,
10,,33639,,,,,,,,,,5.017966032028198e-06,,2.8456561267375946e-06,,0.26576822996139526,,0.24805092811584473,,0.07972212880849838,,0.023499200120568275,0.04732572287321091,,,,,,,,,,,,,,
10,,33649,,,,,,,,,,3.593042492866516e-06,,3.8817524909973145e-06,,0.2714384198188782,,0.2612246870994568,,0.08143453299999237,,0.026647143065929413,0.05069254711270332,,,,,,,,,,,,,,
10,,33659,,,,,,,,,,2.7213245630264282e-06,,1.7499551177024841e-06,,0.2601923942565918,,0.2516985237598419,,0.07511870563030243,,0.021271120756864548,0.04489656537771225,,,,,,,,,,,,,,
10,,33669,,,,,,,,,,2.475455403327942e-06,,1.7238780856132507e-06,,0.23722141981124878,,0.2599220871925354,,0.08516216278076172,,0.02679384872317314,0.05103954300284386,,,,,,,,,,,,,,
10,,33679,,,,,,,,,,2.954155206680298e-06,,4.229135811328888e-06,,0.27471980452537537,,0.2592788338661194,,0.08276811242103577,,0.026882309466600418,0.05106630548834801,,,,,,,,,,,,,,
10,,33689,,,,,,,,,,4.127621650695801e-06,,3.159511834383011e-06,,0.26212701201438904,,0.2598249912261963,,0.09890204668045044,,0.030979346483945847,0.05704368278384209,,,,,,,,,,,,,,
10,,33699,,,,,,,,,,1.1373311281204224e-05,,2.0870938897132874e-06,,0.20976522564888,,0.2734411358833313,,0.0918503925204277,,0.034764960408210754,0.05858572572469711,,,,,,,,,,,,,,
10,,33709,,,,,,,,,,3.635883331298828e-06,,1.6991980373859406e-06,,0.22864073514938354,,0.26761409640312195,,0.07122887670993805,,0.027059748768806458,0.04888596385717392,,,,,,,,,,,,,,
10,,33719,,,,,,,,,,3.3639371395111084e-06,,2.587679773569107e-06,,0.22139425575733185,,0.26770809292793274,,0.09223397076129913,,0.032579708844423294,0.05688582733273506,,,,,,,,,,,,,,
10,,33729,,,,,,,,,,2.639368176460266e-06,,2.7213245630264282e-06,,0.24476367235183716,,0.27277278900146484,,0.08966173231601715,,0.0283096581697464,0.05371149256825447,,,,,,,,,,,,,,
10,,33739,,,,,,,,,,2.60770320892334e-06,,2.9974617063999176e-06,,0.26340389251708984,,0.2554229497909546,,0.08280347287654877,,0.02309572696685791,0.04791887104511261,,,,,,,,,,,,,,
10,,33749,,,,,,,,,,2.074986696243286e-06,,2.291519194841385e-06,,0.2915271818637848,,0.26151368021965027,,0.08259159326553345,,0.02618027850985527,0.05080833658576012,,,,,,,,,,,,,,
10,,33759,,,,,,,,,,3.0640512704849243e-06,,2.2319145500659943e-06,,0.2651277184486389,,0.2452193647623062,,0.0853959172964096,,0.02900187484920025,0.05237755924463272,,,,,,,,,,,,,,
10,,33769,,,,,,,,,,2.382323145866394e-06,,1.3154931366443634e-06,,0.2354128211736679,,0.2566355764865875,,0.08606547117233276,,0.025326943024992943,0.04993322119116783,,,,,,,,,,,,,,
10,,33779,,,,,,,,,,3.87243926525116e-06,,1.4808028936386108e-06,,0.23182711005210876,,0.2672915458679199,,0.07851695269346237,,0.02439793013036251,0.048278190195560455,,,,,,,,,,,,,,
10,,33789,,,,,,,,,,3.028661012649536e-06,,2.6300549507141113e-06,,0.2706029415130615,,0.24192103743553162,,0.08389215171337128,,0.030404599383473396,0.05305736884474754,,,,,,,,,,,,,,
10,,33799,,,,,,,,,,2.6151537895202637e-06,,1.364387571811676e-06,,0.24280381202697754,,0.24963341653347015,,0.08308716118335724,,0.02489330992102623,0.048807669430971146,,,,,,,,,,,,,,
10,,33809,,,,,,,,,,2.345070242881775e-06,,2.2454187273979187e-06,,0.27824994921684265,,0.24984098970890045,,0.08305381238460541,,0.02469825930893421,0.049080315977334976,,,,,,,,,,,,,,
10,,33819,,,,,,,,,,1.8887221813201904e-06,,3.616325557231903e-06,,0.2496364414691925,,0.249394953250885,,0.08130039274692535,,0.0246318057179451,0.04834531247615814,,,,,,,,,,,,,,
10,,33829,,,,,,,,,,2.3245811462402344e-06,,2.0726583898067474e-06,,0.2537444829940796,,0.2498599737882614,,0.07698561251163483,,0.02619459293782711,0.04877842217683792,,,,,,,,,,,,,,
10,,33839,,,,,,,,,,3.0118972063064575e-06,,2.420041710138321e-06,,0.2603963017463684,,0.2512822151184082,,0.08515742421150208,,0.02946016937494278,0.05290544033050537,,,,,,,,,,,,,,
10,,33849,,,,,,,,,,2.4978071451187134e-06,,2.280808985233307e-06,,0.23496943712234497,,0.2545906603336334,,0.09801849722862244,,0.032870739698410034,0.05773311108350754,,,,,,,,,,,,,,
10,,33859,,,,,,,,,,1.650303602218628e-06,,1.2204982340335846e-06,,0.22499346733093262,,0.2579329013824463,,0.0899270549416542,,0.02688046544790268,0.05176156014204025,,,,,,,,,,,,,,
10,,33869,,,,,,,,,,2.2426247596740723e-06,,1.5213154256343842e-06,,0.25779563188552856,,0.2599553167819977,,0.08299629390239716,,0.022904057055711746,0.04795801267027855,,,,,,,,,,,,,,
10,,33879,,,,,,,,,,2.505257725715637e-06,,1.5958212316036224e-06,,0.22037702798843384,,0.27094122767448425,,0.07916523516178131,,0.023369766771793365,0.04766536131501198,,,,,,,,,,,,,,
10,,33889,,,,,,,,,,2.72504985332489e-06,,2.987682819366455e-06,,0.27147719264030457,,0.2616789638996124,,0.0819069892168045,,0.0282535832375288,0.05200802907347679,,,,,,,,,,,,,,
10,,33899,,,,,,,,,,1.944601535797119e-06,,2.834480255842209e-06,,0.2704564929008484,,0.259088397026062,,0.07869716733694077,,0.022609271109104156,0.04703834652900696,,,,,,,,,,,,,,
10,,33909,,,,,,,,,,2.8870999813079834e-06,,1.4654360711574554e-06,,0.24362871050834656,,0.2576688230037689,,0.08690526336431503,,0.0277953390032053,0.0520872138440609,,,,,,,,,,,,,,
10,,33919,,,,,,,,,,2.127140760421753e-06,,1.5166588127613068e-06,,0.22690898180007935,,0.2601505219936371,,0.074820376932621,,0.02164718322455883,0.04512888193130493,,,,,,,,,,,,,,
10,,33929,,,,,,,,,,3.343448042869568e-06,,2.4507753551006317e-06,,0.2726208567619324,,0.2562910318374634,,0.08060353249311447,,0.032195355743169785,0.05448141321539879,,,,,,,,,,,,,,
10,,33939,,,,,,,,,,2.7418136596679688e-06,,1.526903361082077e-06,,0.2084258496761322,,0.2847883999347687,,0.10259531438350677,,0.03742355853319168,0.06311164796352386,,,,,,,,,,,,,,
10,,33949,,,,,,,,,,2.6337802410125732e-06,,1.4523975551128387e-06,,0.22890791296958923,,0.26123011112213135,,0.07033908367156982,,0.02071460708975792,0.04366287589073181,,,,,,,,,,,,,,
10,,33959,,,,,,,,,,4.7013163566589355e-06,,2.1569430828094482e-06,,0.2524203658103943,,0.2616364359855652,,0.0855754017829895,,0.02534770779311657,0.05029071867465973,,,,,,,,,,,,,,
10,,33969,,,,,,,,,,2.5425106287002563e-06,,2.551823854446411e-06,,0.278827965259552,,0.25859877467155457,,0.0860108733177185,,0.028989560902118683,0.05327155813574791,,,,,,,,,,,,,,
10,,33979,,,,,,,,,,3.7364661693573e-06,,2.142973244190216e-06,,0.27149128913879395,,0.25184720754623413,,0.08537231385707855,,0.03521617129445076,0.05742034316062927,,,,,,,,,,,,,,
10,,33989,,,,,,,,,,0.005590843036770821,,1.2009404599666595e-06,,0.21759425103664398,,0.2646893262863159,,0.08061505854129791,,0.026562530547380447,0.05001077800989151,,,,,,,,,,,,,,
10,,33999,,,,,,,,,,2.779066562652588e-06,,1.287553459405899e-06,,0.2204231172800064,,0.2613202929496765,,0.09248693287372589,,0.024766597896814346,0.05076111853122711,,,,,,,,,,,,,,
10,,34009,,,,,,,,,,4.306435585021973e-06,,9.736977517604828e-07,,0.2230163961648941,,0.27225229144096375,,0.06529887765645981,,0.02078057825565338,0.0432148315012455,,,,,,,,,,,,,,
10,,34019,,,,,,,,,,3.334134817123413e-06,,3.0673108994960785e-06,,0.253241628408432,,0.2439347505569458,,0.06339509040117264,,0.020237891003489494,0.041477251797914505,,,,,,,,,,,,,,
10,,34029,,,,,,,,,,3.5353004932403564e-06,,2.21841037273407e-06,,0.24592702090740204,,0.27302101254463196,,0.09215692430734634,,0.03353015333414078,0.058121051639318466,,,,,,,,,,,,,,
10,,34039,,,,,,,,,,3.1497329473495483e-06,,2.3604370653629303e-06,,0.28446751832962036,,0.254261314868927,,0.08471737802028656,,0.023678086698055267,0.04890712350606918,,,,,,,,,,,,,,
10,,34049,,,,,,,,,,2.000480890274048e-06,,5.866633728146553e-05,,0.23115161061286926,,0.26578134298324585,,0.0830734595656395,,0.029700541868805885,0.05303210765123367,,,,,,,,,,,,,,
10,,34059,,,,,,,,,,3.4421682357788086e-06,,2.3669563233852386e-06,,0.25161218643188477,,0.24852317571640015,,0.06923261284828186,,0.021434735506772995,0.043665941804647446,,,,,,,,,,,,,,
10,,34069,,,,,,,,,,2.5480985641479492e-06,,2.3082830011844635e-06,,0.258620023727417,,0.26198068261146545,,0.07329938560724258,,0.023149019107222557,0.04642779007554054,,,,,,,,,,,,,,
10,,34079,,,,,,,,,,2.72504985332489e-06,,1.4891847968101501e-06,,0.2378406524658203,,0.24974912405014038,,0.07672136276960373,,0.02431439235806465,0.04712674394249916,,,,,,,,,,,,,,
10,,34089,,,,,,,,,,2.289190888404846e-06,,1.8244609236717224e-06,,0.25962895154953003,,0.2549593448638916,,0.08568407595157623,,0.028380438685417175,0.05235762894153595,,,,,,,,,,,,,,
10,,34099,,,,,,,,,,3.1031668186187744e-06,,1.9776634871959686e-06,,0.21670269966125488,,0.2736905813217163,,0.07822956144809723,,0.026774266734719276,0.0501297228038311,,,,,,,,,,,,,,
10,,34109,,,,,,,,,,3.824010491371155e-06,,1.0132789611816406e-06,,0.2599780559539795,,0.26144036650657654,,0.08185571432113647,,0.023585980758070946,0.048350878059864044,,,,,,,,,,,,,,
10,,34119,,,,,,,,,,2.6971101760864258e-06,,1.7406418919563293e-06,,0.2792225182056427,,0.23737110197544098,,0.07335919886827469,,0.021426372230052948,0.044234346598386765,,,,,,,,,,,,,,
10,,34129,,,,,,,,,,6.664544343948364e-06,,1.1101365089416504e-06,,0.253169447183609,,0.2583213746547699,,0.09806327521800995,,0.031169075518846512,0.05685320496559143,,,,,,,,,,,,,,
10,,34139,,,,,,,,,,2.5816261768341064e-06,,1.9706785678863525e-06,,0.2550278902053833,,0.2604230046272278,,0.08449864387512207,,0.029647283256053925,0.05328791216015816,,,,,,,,,,,,,,
10,,34149,,,,,,,,,,4.664063453674316e-06,,1.2489035725593567e-06,,0.22291673719882965,,0.2653598487377167,,0.09474489837884903,,0.028498996049165726,0.054203204810619354,,,,,,,,,,,,,,
10,,34159,,,,,,,,,,3.252178430557251e-06,,9.029172360897064e-07,,0.23676848411560059,,0.2590479254722595,,0.07584324479103088,,0.02168232575058937,0.04541094973683357,,,,,,,,,,,,,,
10,,34169,,,,,,,,,,3.680586814880371e-06,,1.2847594916820526e-06,,0.2728762626647949,,0.2593240737915039,,0.0794144719839096,,0.021430756896734238,0.04632818326354027,,,,,,,,,,,,,,
10,,34179,,,,,,,,,,3.8780272006988525e-06,,1.6400590538978577e-06,,0.2672896683216095,,0.24669305980205536,,0.09016793966293335,,0.031381845474243164,0.05515238642692566,,,,,,,,,,,,,,
10,,34189,,,,,,,,,,2.0973384380340576e-06,,1.8887221813201904e-06,,0.26795291900634766,,0.234431654214859,,0.07137718051671982,,0.022560767829418182,0.04444371163845062,,,,,,,,,,,,,,
10,,34199,,,,,,,,,,2.3171305656433105e-06,,1.6754493117332458e-06,,0.21862439811229706,,0.267536461353302,,0.10412617027759552,,0.03373802825808525,0.05994459614157677,,,,,,,,,,,,,,
10,,34209,,,,,,,,,,2.0600855350494385e-06,,1.5962868928909302e-06,,0.26309436559677124,,0.24251753091812134,,0.09906373918056488,,0.026330530643463135,0.052786391228437424,,,,,,,,,,,,,,
10,,34219,,,,,,,,,,2.769753336906433e-06,,9.764917194843292e-07,,0.247361421585083,,0.2592030167579651,,0.08245009183883667,,0.02149234525859356,0.04663895443081856,,,,,,,,,,,,,,
10,,34229,,,,,,,,,,2.130866050720215e-06,,1.1259689927101135e-06,,0.2131819725036621,,0.27637672424316406,,0.06989205628633499,,0.019277211278676987,0.04302656278014183,,,,,,,,,,,,,,
10,,34239,,,,,,,,,,3.3956021070480347e-06,,1.1725351214408875e-06,,0.21787329018115997,,0.260684996843338,,0.0847206562757492,,0.028190504759550095,0.05181347206234932,,,,,,,,,,,,,,
10,,34249,,,,,,,,,,2.0656734704971313e-06,,2.5141052901744843e-06,,0.2262328863143921,,0.24841967225074768,,0.08675242960453033,,0.027077369391918182,0.05088237673044205,,,,,,,,,,,,,,
10,,34259,,,,,,,,,,2.203509211540222e-06,,7.920898497104645e-06,,0.2057816982269287,,0.27034640312194824,,0.08365687727928162,,0.024497881531715393,0.049155093729496,,,,,,,,,,,,,,
10,,34269,,,,,,,,,,3.4887343645095825e-06,,1.6191042959690094e-06,,0.19199350476264954,,0.26616472005844116,,0.0816754624247551,,0.025386039167642593,0.049092065542936325,,,,,,,,,,,,,,
10,,34279,,,,,,,,,,2.812594175338745e-06,,1.2665987014770508e-06,,0.2707791328430176,,0.24762050807476044,,0.0920838713645935,,0.0244695246219635,0.050410591065883636,,,,,,,,,,,,,,
10,,34289,,,,,,,,,,2.5779008865356445e-06,,1.477077603340149e-06,,0.23753324151039124,,0.25296300649642944,,0.07413344085216522,,0.02470982074737549,0.047085124999284744,,,,,,,,,,,,,,
10,,34299,,,,,,,,,,2.339482307434082e-06,,1.6023404896259308e-06,,0.21180883049964905,,0.25633683800697327,,0.09026164561510086,,0.03530602902173996,0.05791565030813217,,,,,,,,,,,,,,
10,,34309,,,,,,,,,,1.9837170839309692e-06,,1.7783604562282562e-06,,0.22842754423618317,,0.263248473405838,,0.07077934592962265,,0.02541777491569519,0.047362688928842545,,,,,,,,,,,,,,
10,,34319,,,,,,,,,,3.6247074604034424e-06,,1.207459717988968e-06,,0.24847529828548431,,0.257903516292572,,0.07646340131759644,,0.023144163191318512,0.04670746624469757,,,,,,,,,,,,,,
10,,34329,,,,,,,,,,2.868473529815674e-06,,1.5618279576301575e-06,,0.26924705505371094,,0.27074792981147766,,0.06592709571123123,,0.01731724664568901,0.04120588302612305,,,,,,,,,,,,,,
10,,34339,,,,,,,,,,2.7641654014587402e-06,,1.1511147022247314e-06,,0.23143279552459717,,0.26548007130622864,,0.07523919641971588,,0.021993953734636307,0.04577047750353813,,,,,,,,,,,,,,
10,,34349,,,,,,,,,,2.2239983081817627e-06,,9.760260581970215e-07,,0.24171140789985657,,0.2723652720451355,,0.08615873754024506,,0.03130047023296356,0.05524329096078873,,,,,,,,,,,,,,
10,,34359,,,,,,,,,,2.8423964977264404e-06,,1.962762326002121e-06,,0.19248321652412415,,0.2629539966583252,,0.08905117213726044,,0.025348596274852753,0.05030246078968048,,,,,,,,,,,,,,
10,,34369,,,,,,,,,,2.2724270820617676e-06,,1.6656704246997833e-06,,0.24720972776412964,,0.2460288405418396,,0.08772685378789902,,0.022333333268761635,0.04764001443982124,,,,,,,,,,,,,,
10,,34379,,,,,,,,,,2.3711472749710083e-06,,2.733897417783737e-06,,0.26038476824760437,,0.24748681485652924,,0.08416704088449478,,0.027784600853919983,0.051284629851579666,,,,,,,,,,,,,,
10,,34389,,,,,,,,,,2.251937985420227e-06,,7.863622158765793e-06,,0.25314176082611084,,0.2615915536880493,,0.06449587643146515,,0.017314698547124863,0.04031747952103615,,,,,,,,,,,,,,
10,,34399,,,,,,,,,,2.553686499595642e-06,,1.3457611203193665e-06,,0.24765664339065552,,0.26706522703170776,,0.07080858945846558,,0.017948579043149948,0.04216925427317619,,,,,,,,,,,,,,
10,,34409,,,,,,,,,,2.9150396585464478e-06,,1.6684643924236298e-06,,0.262214720249176,,0.24802467226982117,,0.06430767476558685,,0.017518341541290283,0.03990517929196358,,,,,,,,,,,,,,
10,,34419,,,,,,,,,,2.3078173398971558e-06,,1.9907020032405853e-06,,0.23861640691757202,,0.2699933648109436,,0.07150094211101532,,0.024675576016306877,0.047376908361911774,,,,,,,,,,,,,,
10,,34429,,,,,,,,,,2.643093466758728e-06,,1.2048520147800446e-05,,0.21708108484745026,,0.2804671823978424,,0.07061952352523804,,0.026371192187070847,0.04872230812907219,,,,,,,,,,,,,,
10,,34439,,,,,,,,,,3.2354146242141724e-06,,2.4917535483837128e-06,,0.24723978340625763,,0.2527792453765869,,0.0788322240114212,,0.02125466987490654,0.04547952488064766,,,,,,,,,,,,,,
10,,34449,,,,,,,,,,3.4905970096588135e-06,,2.1420419216156006e-06,,0.2529955506324768,,0.2535521388053894,,0.0808301642537117,,0.027815427631139755,0.05087970569729805,,,,,,,,,,,,,,
10,,34459,,,,,,,,,,5.340203642845154e-06,,3.4249387681484222e-06,,0.2372426688671112,,0.26563578844070435,,0.09133230149745941,,0.036012202501297,0.05938033387064934,,,,,,,,,,,,,,
10,,34469,,,,,,,,,,3.648921847343445e-06,,1.6386620700359344e-06,,0.2589166760444641,,0.24953392148017883,,0.08831503987312317,,0.027819789946079254,0.05216773971915245,,,,,,,,,,,,,,
10,,34479,,,,,,,,,,5.071982741355896e-06,,2.886168658733368e-06,,0.23727411031723022,,0.2657875418663025,,0.07158450782299042,,0.022774450480937958,0.045753464102745056,,,,,,,,,,,,,,
10,,34489,,,,,,,,,,3.466382622718811e-06,,1.2098811566829681e-05,,0.24321098625659943,,0.25216302275657654,,0.0698314756155014,,0.021334055811166763,0.04377494007349014,,,,,,,,,,,,,,
10,,34499,,,,,,,,,,2.862885594367981e-06,,2.0866282284259796e-06,,0.25601696968078613,,0.2562020421028137,,0.08114893734455109,,0.023951051756739616,0.04820016399025917,,,,,,,,,,,,,,
10,,34509,,,,,,,,,,3.863126039505005e-06,,2.159271389245987e-06,,0.23627790808677673,,0.24955520033836365,,0.08848728239536285,,0.02421744167804718,0.04923326149582863,,,,,,,,,,,,,,
10,,34519,,,,,,,,,,3.4496188163757324e-06,,2.71480530500412e-06,,0.24710042774677277,,0.2594836354255676,,0.10144609212875366,,0.031535327434539795,0.05774575471878052,,,,,,,,,,,,,,
10,,34529,,,,,,,,,,2.728775143623352e-06,,1.98977068066597e-06,,0.23649320006370544,,0.25196677446365356,,0.07829265296459198,,0.02695375867187977,0.04948963224887848,,,,,,,,,,,,,,
10,,34539,,,,,,,,,,2.382323145866394e-06,,1.3210810720920563e-06,,0.27166804671287537,,0.23652681708335876,,0.101445272564888,,0.029529156163334846,0.05545220524072647,,,,,,,,,,,,,,
10,,34549,,,,,,,,,,2.564862370491028e-06,,1.6489066183567047e-06,,0.26495906710624695,,0.2561679482460022,,0.08046096563339233,,0.01950555294752121,0.04483941197395325,,,,,,,,,,,,,,
10,,34559,,,,,,,,,,1.5925616025924683e-06,,2.107582986354828e-06,,0.23090577125549316,,0.25255972146987915,,0.07624614238739014,,0.02043129689991474,0.044175077229738235,,,,,,,,,,,,,,
10,,34569,,,,,,,,,,2.1029263734817505e-06,,1.7345882952213287e-06,,0.2565745413303375,,0.2673336863517761,,0.0783548355102539,,0.023613333702087402,0.047951243817806244,,,,,,,,,,,,,,
10,,34579,,,,,,,,,,2.2761523723602295e-06,,2.762768417596817e-06,,0.20584489405155182,,0.2557867467403412,,0.09963850677013397,,0.03427473455667496,0.058804888278245926,,,,,,,,,,,,,,
10,,34589,,,,,,,,,,1.7955899238586426e-06,,3.1972303986549377e-06,,0.2689545154571533,,0.26542896032333374,,0.07429178059101105,,0.024932917207479477,0.0482349768280983,,,,,,,,,,,,,,
10,,34599,,,,,,,,,,2.076849341392517e-06,,3.987457603216171e-06,,0.2527611255645752,,0.2503962218761444,,0.0688830018043518,,0.019350852817296982,0.042138371616601944,,,,,,,,,,,,,,
10,,34609,,,,,,,,,,1.735985279083252e-06,,2.7497299015522003e-06,,0.2210405468940735,,0.26155591011047363,,0.07612952589988708,,0.02553442493081093,0.04828765243291855,,,,,,,,,,,,,,
10,,34619,,,,,,,,,,1.6354024410247803e-06,,2.0274892449378967e-06,,0.1953086256980896,,0.2884528636932373,,0.06669988483190536,,0.02170686610043049,0.04460727795958519,,,,,,,,,,,,,,
10,,34629,,,,,,,,,,1.469627022743225e-06,,6.1532482504844666e-06,,0.2217152714729309,,0.2636346220970154,,0.07778811454772949,,0.02768615260720253,0.050318289548158646,,,,,,,,,,,,,,
10,,34639,,,,,,,,,,3.641471266746521e-06,,1.1501368135213852e-05,,0.22728082537651062,,0.25990498065948486,,0.07063010334968567,,0.024050533771514893,0.04613884165883064,,,,,,,,,,,,,,
10,,34649,,,,,,,,,,1.7043203115463257e-06,,2.766493707895279e-06,,0.220231831073761,,0.26938122510910034,,0.0825207382440567,,0.02485744282603264,0.04933585971593857,,,,,,,,,,,,,,
10,,34659,,,,,,,,,,1.991167664527893e-06,,2.3613683879375458e-06,,0.21114382147789001,,0.25755929946899414,,0.08472548425197601,,0.024538679048419,0.04884941130876541,,,,,,,,,,,,,,
10,,34669,,,,,,,,,,2.1401792764663696e-06,,1.687556505203247e-06,,0.24683168530464172,,0.25868070125579834,,0.07129164785146713,,0.02428826317191124,0.04661298543214798,,,,,,,,,,,,,,
10,,34679,,,,,,,,,,2.123415470123291e-06,,1.228880137205124e-06,,0.236944317817688,,0.2697998881340027,,0.08397487550973892,,0.026387114077806473,0.050971634685993195,,,,,,,,,,,,,,
10,,34689,,,,,,,,,,1.7229467630386353e-06,,2.56439670920372e-06,,0.24342972040176392,,0.2641446888446808,,0.09016038477420807,,0.02784588374197483,0.053036920726299286,,,,,,,,,,,,,,
10,,34699,,,,,,,,,,1.8943101167678833e-06,,1.4575198292732239e-06,,0.2625582218170166,,0.2618792653083801,,0.08333935588598251,,0.027016649022698402,0.051253579556941986,,,,,,,,,,,,,,
10,,34709,,,,,,,,,,1.9017606973648071e-06,,1.6265548765659332e-06,,0.24119645357131958,,0.26311999559402466,,0.07688947021961212,,0.021911464631557465,0.04602188989520073,,,,,,,,,,,,,,
10,,34719,,,,,,,,,,1.4957040548324585e-06,,2.6458874344825745e-06,,0.23986372351646423,,0.25053006410598755,,0.06953774392604828,,0.02290191501379013,0.04478020220994949,,,,,,,,,,,,,,
10,,34729,,,,,,,,,,1.4137476682662964e-06,,2.066604793071747e-06,,0.219499409198761,,0.2597894072532654,,0.08476857841014862,,0.029195131734013557,0.05255318060517311,,,,,,,,,,,,,,
10,,34739,,,,,,,,,,1.9203871488571167e-06,,3.8710422813892365e-06,,0.2408793419599533,,0.25768595933914185,,0.08082957565784454,,0.027277741581201553,0.05052803456783295,,,,,,,,,,,,,,
10,,34749,,,,,,,,,,1.7024576663970947e-06,,1.9976869225502014e-06,,0.22325444221496582,,0.2702574133872986,,0.07617608457803726,,0.02775256149470806,0.05039432644844055,,,,,,,,,,,,,,
10,,34759,,,,,,,,,,2.343207597732544e-06,,2.3120082914829254e-06,,0.3004470467567444,,0.251270055770874,,0.0635310560464859,,0.016595695167779922,0.03966768458485603,,,,,,,,,,,,,,
10,,34769,,,,,,,,,,3.041699528694153e-06,,2.6277266442775726e-06,,0.2050628364086151,,0.2718766927719116,,0.08689986169338226,,0.024295398965477943,0.049674708396196365,,,,,,,,,,,,,,
10,,34779,,,,,,,,,,2.4419277906417847e-06,,3.5078264772892e-06,,0.2779623866081238,,0.2691919207572937,,0.10572708398103714,,0.030672218650579453,0.05871807783842087,,,,,,,,,,,,,,
10,,34789,,,,,,,,,,1.339241862297058e-06,,1.89291313290596e-06,,0.20690488815307617,,0.26796722412109375,,0.10475259274244308,,0.03568758815526962,0.061407431960105896,,,,,,,,,,,,,,
10,,34799,,,,,,,,,,1.3820827007293701e-06,,1.3061799108982086e-06,,0.23069706559181213,,0.2774655222892761,,0.09004057198762894,,0.030486490577459335,0.055470701307058334,,,,,,,,,,,,,,
10,,34809,,,,,,,,,,2.000480890274048e-06,,1.6740523278713226e-06,,0.26209861040115356,,0.2410295605659485,,0.07018263638019562,,0.021074078977108,0.043345123529434204,,,,,,,,,,,,,,
10,,34819,,,,,,,,,,2.04332172870636e-06,,1.4603137969970703e-06,,0.2510331869125366,,0.25653591752052307,,0.09190276265144348,,0.03017459809780121,0.054843027144670486,,,,,,,,,,,,,,
10,,34829,,,,,,,,,,1.9781291484832764e-06,,1.4938414096832275e-06,,0.2558489739894867,,0.24930411577224731,,0.07749803364276886,,0.01969745010137558,0.0439990758895874,,,,,,,,,,,,,,
10,,34839,,,,,,,,,,1.773238182067871e-06,,1.8696300685405731e-06,,0.20106914639472961,,0.27899664640426636,,0.0980372279882431,,0.03616056963801384,0.06095154210925102,,,,,,,,,,,,,,
10,,34849,,,,,,,,,,1.607462763786316e-06,,1.8207356333732605e-06,,0.22704118490219116,,0.25194618105888367,,0.0917261615395546,,0.030020253732800484,0.05419769883155823,,,,,,,,,,,,,,
10,,34859,,,,,,,,,,3.078952431678772e-06,,1.9422732293605804e-06,,0.278485506772995,,0.23385533690452576,,0.07604161649942398,,0.02348283678293228,0.04610666632652283,,,,,,,,,,,,,,
10,,34869,,,,,,,,,,1.7862766981124878e-06,,1.7099082469940186e-06,,0.2789616882801056,,0.25894850492477417,,0.07739326357841492,,0.02479366958141327,0.04852563887834549,,,,,,,,,,,,,,
10,,34879,,,,,,,,,,2.2705644369125366e-06,,1.6177073121070862e-06,,0.28638580441474915,,0.2703707814216614,,0.0808124989271164,,0.03049096278846264,0.05406348779797554,,,,,,,,,,,,,,
10,,34889,,,,,,,,,,3.293156623840332e-06,,9.704381227493286e-07,,0.20618462562561035,,0.26749148964881897,,0.10274623334407806,,0.0379665270447731,0.06271001696586609,,,,,,,,,,,,,,
10,,34899,,,,,,,,,,4.129484295845032e-06,,3.8929283618927e-06,,0.24926093220710754,,0.24267205595970154,,0.08537235856056213,,0.024495337158441544,0.048687003552913666,,,,,,,,,,,,,,
10,,34909,,,,,,,,,,2.294778823852539e-06,,1.6060657799243927e-06,,0.2705397307872772,,0.2561527490615845,,0.08156497031450272,,0.031167838722467422,0.05386001616716385,,,,,,,,,,,,,,
10,,34919,,,,,,,,,,2.3506581783294678e-06,,1.9096769392490387e-06,,0.21605125069618225,,0.2637118697166443,,0.07349127531051636,,0.023350805044174194,0.04619734734296799,,,,,,,,,,,,,,
10,,34929,,,,,,,,,,2.8032809495925903e-06,,2.019573003053665e-06,,0.2847353219985962,,0.2597522437572479,,0.08225224912166595,,0.022391388192772865,0.04774012789130211,,,,,,,,,,,,,,
10,,34939,,,,,,,,,,2.289190888404846e-06,,2.857297658920288e-06,,0.25068965554237366,,0.26160532236099243,,0.07898180186748505,,0.022580167278647423,0.04695620760321617,,,,,,,,,,,,,,
10,,34949,,,,,,,,,,1.6205012798309326e-06,,1.6423873603343964e-06,,0.2211633324623108,,0.2714114785194397,,0.07898615300655365,,0.02651027962565422,0.050019003450870514,,,,,,,,,,,,,,
10,,34959,,,,,,,,,,2.123415470123291e-06,,2.2402964532375336e-06,,0.2507551908493042,,0.2574354112148285,,0.09060191363096237,,0.023171186447143555,0.049384139478206635,,,,,,,,,,,,,,
10,,34969,,,,,,,,,,2.9616057872772217e-06,,1.584179699420929e-06,,0.26520341634750366,,0.26188284158706665,,0.09239712357521057,,0.02556782215833664,0.05189661681652069,,,,,,,,,,,,,,
10,,34979,,,,,,,,,,1.987442374229431e-06,,3.4621916711330414e-06,,0.24318046867847443,,0.2646983861923218,,0.08257442712783813,,0.027848009020090103,0.05163883790373802,,,,,,,,,,,,,,
10,,34989,,,,,,,,,,1.2703239917755127e-06,,9.178183972835541e-07,,0.24596795439720154,,0.25731509923934937,,0.08683211356401443,,0.02474619634449482,0.04979691281914711,,,,,,,,,,,,,,
10,,34999,,,,,,,,,,1.5832483768463135e-06,,1.3383105397224426e-06,,0.2734301686286926,,0.24989913403987885,,0.08427026122808456,,0.025468239560723305,0.0498323068022728,,,,,,,,,,,,,,
10,,35009,,,,,,,,,,2.339482307434082e-06,,1.2246891856193542e-06,,0.2257576882839203,,0.27499255537986755,,0.06361132115125656,,0.019664959982037544,0.0422220304608345,,,,,,,,,,,,,,
10,,35019,,,,,,,,,,2.5350600481033325e-06,,3.2293610274791718e-06,,0.24355150759220123,,0.24495695531368256,,0.07915808260440826,,0.02726011350750923,0.049635834991931915,,,,,,,,,,,,,,
10,,35029,,,,,,,,,,2.2761523723602295e-06,,2.857297658920288e-06,,0.21707496047019958,,0.2605540156364441,,0.09438028931617737,,0.02673361450433731,0.05251666158437729,,,,,,,,,,,,,,
10,,35039,,,,,,,,,,2.941116690635681e-06,,1.4724209904670715e-06,,0.29559171199798584,,0.24129319190979004,,0.07975531369447708,,0.026371371001005173,0.049519333988428116,,,,,,,,,,,,,,
10,,35045,,,,,,,,,,,,,,,,,,,,,,0.9836075305938721,1.0,1.0,0.9388084411621094,0.9071492552757263,0.9722963571548462,0.9918345212936401,0.051261622458696365,2.384185791015625e-07,5.960464477539063e-08,0.2433352768421173,0.2597689926624298,0.08689691871404648,0.026570240035653114
10,,35045,0.9833295345306396,1.0,1.0,0.9394984245300293,0.9069499969482422,0.9723386168479919,0.9914557337760925,0.04999430850148201,4.713285761681618e-06,,2.4731289158808067e-06,,0.2432509958744049,,0.2604398727416992,,0.08183211088180542,,0.02610655315220356,,,,,,,,,,,,,,,,
,0.0001265348302439654,35046,,,,,,,,,,,,,,,,,,,,,,,,,,,,,,,,,,,
11,,35049,,,,,,,,,,3.7066638469696045e-06,,1.3597309589385986e-06,,0.23896224796772003,,0.2575511336326599,,0.10362553596496582,,0.040992699563503265,0.06506325304508209,,,,,,,,,,,,,,
11,,35059,,,,,,,,,,2.5406479835510254e-06,,1.789536327123642e-06,,0.2118571698665619,,0.2741449475288391,,0.08812716603279114,,0.030518338084220886,0.05475922301411629,,,,,,,,,,,,,,
11,,35069,,,,,,,,,,2.2388994693756104e-06,,1.27498060464859e-06,,0.21202364563941956,,0.2916868329048157,,0.07930481433868408,,0.024199843406677246,0.049189019948244095,,,,,,,,,,,,,,
11,,35079,,,,,,,,,,2.995133399963379e-06,,1.6898848116397858e-06,,0.23759910464286804,,0.2616227865219116,,0.08701347559690475,,0.02944088727235794,0.053456682711839676,,,,,,,,,,,,,,
11,,35089,,,,,,,,,,3.7532299757003784e-06,,2.357177436351776e-06,,0.29973775148391724,,0.2308342158794403,,0.07182639837265015,,0.0221963319927454,0.04445846751332283,,,,,,,,,,,,,,
11,,35099,,,,,,,,,,2.1811574697494507e-06,,2.2957101464271545e-06,,0.24333280324935913,,0.2680691182613373,,0.07003410160541534,,0.028746347874403,0.05012069642543793,,,,,,,,,,,,,,
11,,35109,,,,,,,,,,2.3711472749710083e-06,,1.3182871043682098e-06,,0.23711073398590088,,0.2640792727470398,,0.08776859939098358,,0.02976849675178528,0.05395352095365524,,,,,,,,,,,,,,
11,,35119,,,,,,,,,,2.898275852203369e-06,,3.872904926538467e-06,,0.24989718198776245,,0.24437859654426575,,0.0739573985338211,,0.023632757365703583,0.04598655179142952,,,,,,,,,,,,,,
11,,35129,,,,,,,,,,3.3657997846603394e-06,,3.2791867852211e-06,,0.27401602268218994,,0.24681836366653442,,0.08381861448287964,,0.025405367836356163,0.04956286773085594,,,,,,,,,,,,,,
11,,35139,,,,,,,,,,2.1141022443771362e-06,,1.0272487998008728e-06,,0.23755687475204468,,0.24585962295532227,,0.07588141411542892,,0.02540975995361805,0.047605253756046295,,,,,,,,,,,,,,
11,,35149,,,,,,,,,,3.3173710107803345e-06,,1.584179699420929e-06,,0.28726470470428467,,0.24463003873825073,,0.07900369167327881,,0.0226949080824852,0.04667919501662254,,,,,,,,,,,,,,
11,,35159,,,,,,,,,,5.383044481277466e-06,,2.294778823852539e-06,,0.23297929763793945,,0.26787689328193665,,0.0780210867524147,,0.02370646223425865,0.047707416117191315,,,,,,,,,,,,,,
11,,35169,,,,,,,,,,2.1848827600479126e-06,,2.139713615179062e-06,,0.2855163514614105,,0.2519874572753906,,0.08401043713092804,,0.026716237887740135,0.05095939338207245,,,,,,,,,,,,,,
11,,35179,,,,,,,,,,2.248212695121765e-06,,2.4205073714256287e-06,,0.2742512822151184,,0.26123225688934326,,0.08415308594703674,,0.02771129086613655,0.05203402414917946,,,,,,,,,,,,,,
11,,35189,,,,,,,,,,2.9224902391433716e-06,,2.6868656277656555e-06,,0.22639308869838715,,0.24622240662574768,,0.07677049934864044,,0.019843444228172302,0.04348239675164223,,,,,,,,,,,,,,
11,,35199,,,,,,,,,,3.831461071968079e-06,,2.2142194211483e-06,,0.2518960237503052,,0.24559658765792847,,0.07548560202121735,,0.02122582495212555,0.04454805329442024,,,,,,,,,,,,,,
11,,35209,,,,,,,,,,3.5353004932403564e-06,,1.5096738934516907e-06,,0.216291606426239,,0.27770179510116577,,0.07452259957790375,,0.02567543089389801,0.04879341647028923,,,,,,,,,,,,,,
11,,35219,,,,,,,,,,2.3562461137771606e-06,,1.7085112631320953e-06,,0.2628414034843445,,0.26075881719589233,,0.08063630014657974,,0.02646295167505741,0.05028204247355461,,,,,,,,,,,,,,
11,,35229,,,,,,,,,,2.1960586309432983e-06,,3.810971975326538e-06,,0.21723711490631104,,0.2738323211669922,,0.07686318457126617,,0.029494181275367737,0.051926810294389725,,,,,,,,,,,,,,
11,,35239,,,,,,,,,,2.695247530937195e-06,,1.4798715710639954e-06,,0.25272369384765625,,0.25197798013687134,,0.09800348430871964,,0.02715609222650528,0.05352887138724327,,,,,,,,,,,,,,
11,,35249,,,,,,,,,,2.1085143089294434e-06,,1.8756836652755737e-06,,0.24115875363349915,,0.25768133997917175,,0.07541251182556152,,0.02030181884765625,0.04428192228078842,,,,,,,,,,,,,,
11,,35259,,,,,,,,,,5.288049578666687e-06,,4.526227712631226e-06,,0.2743976414203644,,0.25936228036880493,,0.09110298752784729,,0.03352194279432297,0.05761055275797844,,,,,,,,,,,,,,
11,,35269,,,,,,,,,,6.552785634994507e-06,,1.2307427823543549e-06,,0.25067374110221863,,0.25805261731147766,,0.08920538425445557,,0.02532041445374489,0.05076252669095993,,,,,,,,,,,,,,
11,,35279,,,,,,,,,,2.4028122425079346e-06,,1.6130506992340088e-06,,0.23466530442237854,,0.25725698471069336,,0.08557119965553284,,0.025848133489489555,0.050251882523298264,,,,,,,,,,,,,,
11,,35289,,,,,,,,,,3.213062882423401e-06,,1.2242235243320465e-06,,0.23445427417755127,,0.2601045072078705,,0.06944127380847931,,0.021879319101572037,0.04438047856092453,,,,,,,,,,,,,,
11,,35299,,,,,,,,,,2.341344952583313e-06,,1.300126314163208e-06,,0.23512303829193115,,0.26349782943725586,,0.08129122853279114,,0.02920551784336567,0.052265819162130356,,,,,,,,,,,,,,
11,,35309,,,,,,,,,,6.863847374916077e-06,,1.5445984899997711e-06,,0.24344316124916077,,0.2600611448287964,,0.0829210951924324,,0.0257728174328804,0.04993273317813873,,,,,,,,,,,,,,
11,,35319,,,,,,,,,,1.9706785678863525e-06,,1.3685785233974457e-06,,0.22495155036449432,,0.2579776644706726,,0.0786331370472908,,0.02284987084567547,0.04662135988473892,,,,,,,,,,,,,,
11,,35329,,,,,,,,,,1.6186386346817017e-06,,2.016313374042511e-06,,0.1860121786594391,,0.26970332860946655,,0.09712453931570053,,0.029458556324243546,0.0551404133439064,,,,,,,,,,,,,,
11,,35339,,,,,,,,,,1.948326826095581e-06,,1.737847924232483e-06,,0.2494857907295227,,0.25955620408058167,,0.07370756566524506,,0.02668173238635063,0.04893378168344498,,,,,,,,,,,,,,
11,,35349,,,,,,,,,,3.5837292671203613e-06,,9.904615581035614e-07,,0.26964548230171204,,0.2662976384162903,,0.07126092910766602,,0.022473890334367752,0.04587065801024437,,,,,,,,,,,,,,
11,,35359,,,,,,,,,,1.5553086996078491e-06,,1.7047859728336334e-06,,0.2227645367383957,,0.2517022490501404,,0.08305879682302475,,0.025598395615816116,0.049193404614925385,,,,,,,,,,,,,,
11,,35369,,,,,,,,,,2.4512410163879395e-06,,1.005362719297409e-06,,0.2423529326915741,,0.26380783319473267,,0.10994851589202881,,0.038342513144016266,0.0645940750837326,,,,,,,,,,,,,,
11,,35379,,,,,,,,,,2.4102628231048584e-06,,1.6433186829090118e-06,,0.24635165929794312,,0.25905394554138184,,0.08477269113063812,,0.02643010951578617,0.050759948790073395,,,,,,,,,,,,,,
11,,35389,,,,,,,,,,2.0582228899002075e-06,,1.3741664588451385e-06,,0.25226491689682007,,0.2640799283981323,,0.10741416364908218,,0.032853417098522186,0.06012988090515137,,,,,,,,,,,,,,
11,,35399,,,,,,,,,,2.603977918624878e-06,,2.0205043256282806e-06,,0.25383275747299194,,0.255075603723526,,0.07298609614372253,,0.018703151494264603,0.04265395179390907,,,,,,,,,,,,,,
11,,35409,,,,,,,,,,3.676861524581909e-06,,1.7373822629451752e-06,,0.3050214648246765,,0.2463826835155487,,0.07019230723381042,,0.021304890513420105,0.04427420347929001,,,,,,,,,,,,,,
11,,35419,,,,,,,,,,2.4922192096710205e-06,,1.3313256204128265e-06,,0.24245750904083252,,0.2670488953590393,,0.09116676449775696,,0.03319811075925827,0.05736558139324188,,,,,,,,,,,,,,
11,,35429,,,,,,,,,,2.9690563678741455e-06,,1.535750925540924e-06,,0.26814496517181396,,0.2531258165836334,,0.08760744333267212,,0.030876802280545235,0.05460492894053459,,,,,,,,,,,,,,
11,,35439,,,,,,,,,,2.3562461137771606e-06,,1.4333054423332214e-06,,0.2475280463695526,,0.2564324736595154,,0.08964825421571732,,0.029167164117097855,0.05361851304769516,,,,,,,,,,,,,,
11,,35449,,,,,,,,,,3.0156224966049194e-06,,9.499490261077881e-07,,0.2226133644580841,,0.2594488263130188,,0.09643471986055374,,0.030736669898033142,0.05591808632016182,,,,,,,,,,,,,,
11,,35459,,,,,,,,,,2.6635825634002686e-06,,1.3140961527824402e-06,,0.23693332076072693,,0.27512186765670776,,0.07474137842655182,,0.02445012703537941,0.048036232590675354,,,,,,,,,,,,,,
11,,35469,,,,,,,,,,1.8905848264694214e-06,,1.1362135410308838e-06,,0.26016029715538025,,0.24122858047485352,,0.06740714609622955,,0.022704467177391052,0.04403429105877876,,,,,,,,,,,,,,
11,,35479,,,,,,,,,,4.034489393234253e-06,,1.4905817806720734e-06,,0.18116655945777893,,0.28586268424987793,,0.0785217359662056,,0.023231670260429382,0.047681085765361786,,,,,,,,,,,,,,
11,,35489,,,,,,,,,,1.8402934074401855e-06,,1.3206154108047485e-06,,0.20596978068351746,,0.27243584394454956,,0.08417696505784988,,0.02282918430864811,0.04810095950961113,,,,,,,,,,,,,,
11,,35499,,,,,,,,,,1.6093254089355469e-06,,1.5711411833763123e-06,,0.27395617961883545,,0.254256933927536,,0.07399705052375793,,0.024762943387031555,0.04758699983358383,,,,,,,,,,,,,,
11,,35509,,,,,,,,,,1.4994293451309204e-06,,1.5031546354293823e-06,,0.26142680644989014,,0.24274370074272156,,0.10024681687355042,,0.03253605589270592,0.05765460804104805,,,,,,,,,,,,,,
11,,35519,,,,,,,,,,3.254041075706482e-06,,1.9012950360774994e-06,,0.2200421839952469,,0.26700347661972046,,0.09315744787454605,,0.03286576271057129,0.057224731892347336,,,,,,,,,,,,,,
11,,35529,,,,,,,,,,2.7548521757125854e-06,,1.4728866517543793e-06,,0.23163127899169922,,0.2535652816295624,,0.08077710121870041,,0.02303573302924633,0.04703430086374283,,,,,,,,,,,,,,
11,,35539,,,,,,,,,,2.259388566017151e-06,,9.932555258274078e-07,,0.22769448161125183,,0.2720010280609131,,0.09900856763124466,,0.03452228009700775,0.05988878756761551,,,,,,,,,,,,,,
11,,35549,,,,,,,,,,1.8570572137832642e-06,,1.0319054126739502e-06,,0.2602822482585907,,0.26097625494003296,,0.08739036321640015,,0.027368683367967606,0.05220840126276016,,,,,,,,,,,,,,
11,,35559,,,,,,,,,,2.5890767574310303e-06,,1.5837140381336212e-06,,0.22464555501937866,,0.2570001482963562,,0.08918123692274094,,0.027059797197580338,0.0517084039747715,,,,,,,,,,,,,,
11,,35569,,,,,,,,,,1.601874828338623e-06,,1.1636875569820404e-06,,0.2204970121383667,,0.2682681381702423,,0.07570260763168335,,0.025816958397626877,0.04872787743806839,,,,,,,,,,,,,,
11,,35579,,,,,,,,,,2.5760382413864136e-06,,9.564682841300964e-07,,0.2227436602115631,,0.26237308979034424,,0.06450462341308594,,0.02326410636305809,0.044462572783231735,,,,,,,,,,,,,,
11,,35589,,,,,,,,,,5.563721060752869e-06,,8.326023817062378e-07,,0.23189720511436462,,0.27477288246154785,,0.07839671522378922,,0.02824861742556095,0.05149595066905022,,,,,,,,,,,,,,
11,,35599,,,,,,,,,,2.7958303689956665e-06,,1.7140991985797882e-06,,0.23230671882629395,,0.26037371158599854,,0.09767436981201172,,0.027054060250520706,0.05354493483901024,,,,,,,,,,,,,,
11,,35609,,,,,,,,,,2.6226043701171875e-06,,6.314832717180252e-06,,0.2555176913738251,,0.2653103470802307,,0.08924291282892227,,0.023932714015245438,0.0501256138086319,,,,,,,,,,,,,,
11,,35619,,,,,,,,,,3.4440308809280396e-06,,1.1762604117393494e-06,,0.2369527369737625,,0.26095816493034363,,0.07785055041313171,,0.022301025688648224,0.04634327441453934,,,,,,,,,,,,,,
11,,35629,,,,,,,,,,4.4852495193481445e-06,,1.4593824744224548e-06,,0.25112345814704895,,0.2704751491546631,,0.07179544121026993,,0.024881308898329735,0.04775567352771759,,,,,,,,,,,,,,
11,,35639,,,,,,,,,,2.6337802410125732e-06,,1.7154961824417114e-06,,0.22640879452228546,,0.2726688086986542,,0.07823117822408676,,0.027248118072748184,0.050551362335681915,,,,,,,,,,,,,,
11,,35649,,,,,,,,,,4.7925859689712524e-06,,1.578591763973236e-06,,0.20876118540763855,,0.25713667273521423,,0.08188802003860474,,0.029207449406385422,0.051771942526102066,,,,,,,,,,,,,,
11,,35659,,,,,,,,,,5.21540641784668e-06,,1.2907665222883224e-05,,0.2348203808069229,,0.27703970670700073,,0.06922028958797455,,0.019795112311840057,0.043573856353759766,,,,,,,,,,,,,,
11,,35669,,,,,,,,,,2.643093466758728e-06,,4.523433744907379e-06,,0.2313697636127472,,0.26845940947532654,,0.07570923864841461,,0.023923395201563835,0.04744502529501915,,,,,,,,,,,,,,
11,,35679,,,,,,,,,,4.844740033149719e-06,,1.259148120880127e-06,,0.2488204538822174,,0.25029242038726807,,0.07955779135227203,,0.025249045342206955,0.04851404204964638,,,,,,,,,,,,,,
11,,35689,,,,,,,,,,2.6542693376541138e-06,,1.2791715562343597e-06,,0.23476293683052063,,0.249739408493042,,0.08170002698898315,,0.02642451599240303,0.04960692301392555,,,,,,,,,,,,,,
11,,35699,,,,,,,,,,1.6391277313232422e-06,,1.146458089351654e-06,,0.23821404576301575,,0.25075089931488037,,0.08693671226501465,,0.029106654226779938,0.05268901214003563,,,,,,,,,,,,,,
11,,35709,,,,,,,,,,3.3061951398849487e-06,,1.0370276868343353e-06,,0.21282503008842468,,0.2513754963874817,,0.07654059678316116,,0.019909542053937912,0.04357143118977547,,,,,,,,,,,,,,
11,,35719,,,,,,,,,,1.9781291484832764e-06,,8.936040103435516e-07,,0.21717095375061035,,0.25328582525253296,,0.07059124112129211,,0.023043453693389893,0.044947173446416855,,,,,,,,,,,,,,
11,,35729,,,,,,,,,,2.4065375328063965e-06,,8.4657222032547e-07,,0.2323698103427887,,0.25826913118362427,,0.08209920674562454,,0.029845062643289566,0.05261969566345215,,,,,,,,,,,,,,
11,,35739,,,,,,,,,,2.292916178703308e-06,,1.1725351214408875e-06,,0.21017813682556152,,0.2626442313194275,,0.07127480953931808,,0.020586920902132988,0.04358934238553047,,,,,,,,,,,,,,
11,,35749,,,,,,,,,,2.995133399963379e-06,,4.93926927447319e-06,,0.279193639755249,,0.2600288987159729,,0.07320421934127808,,0.023283641785383224,0.046660587191581726,,,,,,,,,,,,,,
11,,35759,,,,,,,,,,2.7418136596679688e-06,,1.308973878622055e-06,,0.2280094474554062,,0.26084795594215393,,0.07510454207658768,,0.02351728454232216,0.04663068801164627,,,,,,,,,,,,,,
11,,35769,,,,,,,,,,7.836148142814636e-06,,9.862706065177917e-07,,0.23445188999176025,,0.24288344383239746,,0.09548369795084,,0.03091505356132984,0.055235620588064194,,,,,,,,,,,,,,
11,,35779,,,,,,,,,,3.602355718612671e-06,,1.017935574054718e-06,,0.19380101561546326,,0.26527100801467896,,0.0882316380739212,,0.023289594799280167,0.04872821271419525,,,,,,,,,,,,,,
11,,35789,,,,,,,,,,2.1047890186309814e-06,,7.152557373046875e-07,,0.28424203395843506,,0.24244487285614014,,0.07519343495368958,,0.01769131049513817,0.042073093354701996,,,,,,,,,,,,,,
11,,35799,,,,,,,,,,2.0153820514678955e-06,,2.5443732738494873e-06,,0.2736147940158844,,0.25573813915252686,,0.07192488014698029,,0.022913608700037003,0.045876480638980865,,,,,,,,,,,,,,
11,,35809,,,,,,,,,,2.93925404548645e-06,,8.833594620227814e-07,,0.2625679671764374,,0.24891623854637146,,0.08394955098628998,,0.024455897510051727,0.04883930832147598,,,,,,,,,,,,,,
11,,35819,,,,,,,,,,4.019588232040405e-06,,7.473863661289215e-07,,0.25087010860443115,,0.2522735893726349,,0.08010724186897278,,0.030892284587025642,0.05296746641397476,,,,,,,,,,,,,,
11,,35829,,,,,,,,,,1.94646418094635e-06,,1.1636875569820404e-06,,0.20141635835170746,,0.27222853899002075,,0.07890297472476959,,0.021470293402671814,0.046029333025217056,,,,,,,,,,,,,,
11,,35839,,,,,,,,,,2.3525208234786987e-06,,1.9166618585586548e-06,,0.2265421599149704,,0.2749161124229431,,0.08084901422262192,,0.024610720574855804,0.04917072877287865,,,,,,,,,,,,,,
11,,35849,,,,,,,,,,2.773478627204895e-06,,9.443610906600952e-07,,0.25887805223464966,,0.2593689560890198,,0.07275443524122238,,0.02183949202299118,0.045223772525787354,,,,,,,,,,,,,,
11,,35859,,,,,,,,,,2.2742897272109985e-06,,1.2880191206932068e-06,,0.2650570273399353,,0.26323169469833374,,0.06475285440683365,,0.019163284450769424,0.04196900129318237,,,,,,,,,,,,,,
11,,35869,,,,,,,,,,3.3918768167495728e-06,,1.2656673789024353e-06,,0.2521844506263733,,0.2602345049381256,,0.08705964684486389,,0.02751000039279461,0.05212269350886345,,,,,,,,,,,,,,
11,,35879,,,,,,,,,,3.378838300704956e-06,,1.9459985196590424e-06,,0.27629560232162476,,0.2501055598258972,,0.06826063990592957,,0.02265826426446438,0.04476504400372505,,,,,,,,,,,,,,
11,,35889,,,,,,,,,,1.9297003746032715e-06,,1.4603137969970703e-06,,0.22204837203025818,,0.25662118196487427,,0.0801139771938324,,0.028419142588973045,0.050979431718587875,,,,,,,,,,,,,,
11,,35899,,,,,,,,,,4.082918167114258e-06,,1.769978553056717e-06,,0.2547653317451477,,0.2562001943588257,,0.07546551525592804,,0.02339308336377144,0.04670092090964317,,,,,,,,,,,,,,
11,,35909,,,,,,,,,,1.5348196029663086e-06,,1.1730007827281952e-06,,0.2786061763763428,,0.2635486125946045,,0.09246785938739777,,0.03769757226109505,0.061244621872901917,,,,,,,,,,,,,,
11,,35919,,,,,,,,,,3.339722752571106e-06,,1.207459717988968e-06,,0.23041212558746338,,0.2684504985809326,,0.06741122901439667,,0.021061602979898453,0.043730251491069794,,,,,,,,,,,,,,
11,,35929,,,,,,,,,,4.004687070846558e-06,,9.648501873016357e-07,,0.2543238699436188,,0.24629268050193787,,0.0636030063033104,,0.020616261288523674,0.04192332923412323,,,,,,,,,,,,,,
11,,35939,,,,,,,,,,1.9166618585586548e-06,,1.2801028788089752e-06,,0.2227366864681244,,0.2566566467285156,,0.09169290959835052,,0.02643839828670025,0.05167481675744057,,,,,,,,,,,,,,
11,,35949,,,,,,,,,,1.5702098608016968e-06,,1.0658986866474152e-06,,0.20299163460731506,,0.27109700441360474,,0.06428980082273483,,0.019282853230834007,0.04161312058568001,,,,,,,,,,,,,,
11,,35959,,,,,,,,,,2.2668391466140747e-06,,1.0249204933643341e-06,,0.2446240484714508,,0.2556907534599304,,0.08045966178178787,,0.023372473195195198,0.047479331493377686,,,,,,,,,,,,,,
11,,35969,,,,,,,,,,2.9690563678741455e-06,,1.2959353625774384e-06,,0.2179250419139862,,0.2772371172904968,,0.09256459772586823,,0.03165188431739807,0.05665791407227516,,,,,,,,,,,,,,
11,,35979,,,,,,,,,,2.7455389499664307e-06,,1.4510005712509155e-06,,0.2341284155845642,,0.26348477602005005,,0.0897829607129097,,0.028633151203393936,0.05341676250100136,,,,,,,,,,,,,,
11,,35989,,,,,,,,,,3.732740879058838e-06,,1.353677362203598e-06,,0.2451561689376831,,0.2547251582145691,,0.07435332238674164,,0.018611913546919823,0.04272378981113434,,,,,,,,,,,,,,
11,,35999,,,,,,,,,,5.496665835380554e-06,,9.648501873016357e-07,,0.22505703568458557,,0.2605344355106354,,0.08719971776008606,,0.027444615960121155,0.05179600045084953,,,,,,,,,,,,,,
11,,36009,,,,,,,,,,1.3187527656555176e-06,,1.155305653810501e-06,,0.20578104257583618,,0.28338462114334106,,0.08450585603713989,,0.028483543545007706,0.052915580570697784,,,,,,,,,,,,,,
11,,36019,,,,,,,,,,1.8440186977386475e-06,,2.4475157260894775e-06,,0.2790294885635376,,0.26150548458099365,,0.09122904390096664,,0.030334770679473877,0.05539800226688385,,,,,,,,,,,,,,
11,,36029,,,,,,,,,,3.295019268989563e-06,,1.1078082025051117e-06,,0.23640930652618408,,0.26200658082962036,,0.08327929675579071,,0.02550370618700981,0.04980678856372833,,,,,,,,,,,,,,
11,,36039,,,,,,,,,,2.1960586309432983e-06,,1.344829797744751e-06,,0.2731252908706665,,0.24878747761249542,,0.07191693782806396,,0.029874654486775398,0.05076541751623154,,,,,,,,,,,,,,
11,,36049,,,,,,,,,,3.2689422369003296e-06,,1.06077641248703e-06,,0.2181204855442047,,0.26569926738739014,,0.09782051295042038,,0.033264607191085815,0.05831480026245117,,,,,,,,,,,,,,
11,,36059,,,,,,,,,,2.2836029529571533e-06,,1.9613653421401978e-06,,0.24761931598186493,,0.2591489851474762,,0.08112642168998718,,0.023393845185637474,0.047817669808864594,,,,,,,,,,,,,,
11,,36069,,,,,,,,,,2.0135194063186646e-06,,1.301988959312439e-06,,0.25694429874420166,,0.2467605322599411,,0.07530549168586731,,0.01929718628525734,0.04318118467926979,,,,,,,,,,,,,,
11,,36079,,,,,,,,,,3.388151526451111e-06,,1.2312084436416626e-06,,0.23523707687854767,,0.25385117530822754,,0.06622831523418427,,0.018750209361314774,0.041146475821733475,,,,,,,,,,,,,,
11,,36089,,,,,,,,,,3.1311064958572388e-06,,1.25030055642128e-06,,0.2385542094707489,,0.2602632939815521,,0.07365989685058594,,0.018655356019735336,0.04280860349535942,,,,,,,,,,,,,,
11,,36099,,,,,,,,,,2.1345913410186768e-06,,9.657815098762512e-07,,0.2674844264984131,,0.24158373475074768,,0.08221878856420517,,0.025579575449228287,0.049071505665779114,,,,,,,,,,,,,,
11,,36109,,,,,,,,,,3.205612301826477e-06,,1.201871782541275e-06,,0.25454580783843994,,0.25541597604751587,,0.08130832016468048,,0.021511271595954895,0.04634566605091095,,,,,,,,,,,,,,
11,,36119,,,,,,,,,,2.522021532058716e-06,,1.3331882655620575e-06,,0.214460551738739,,0.25460952520370483,,0.07449449598789215,,0.024775944650173187,0.0470091886818409,,,,,,,,,,,,,,
11,,36129,,,,,,,,,,2.212822437286377e-06,,1.0831281542778015e-06,,0.24883082509040833,,0.26371315121650696,,0.08225688338279724,,0.024756792932748795,0.04928033426403999,,,,,,,,,,,,,,
11,,36139,,,,,,,,,,2.8368085622787476e-06,,8.44709575176239e-07,,0.21070492267608643,,0.2631114721298218,,0.08417613059282303,,0.021842312067747116,0.04697878286242485,,,,,,,,,,,,,,
11,,36149,,,,,,,,,,2.682209014892578e-06,,8.069910109043121e-07,,0.24278804659843445,,0.27357959747314453,,0.08459801226854324,,0.0220037829130888,0.048045914620161057,,,,,,,,,,,,,,
11,,36159,,,,,,,,,,2.380460500717163e-06,,1.5166588127613068e-06,,0.2370448112487793,,0.2559608221054077,,0.0782228484749794,,0.02661135047674179,0.049413397908210754,,,,,,,,,,,,,,
11,,36169,,,,,,,,,,2.7026981115341187e-06,,9.392388164997101e-07,,0.27565231919288635,,0.2373560667037964,,0.09334293007850647,,0.03237497806549072,0.05615311488509178,,,,,,,,,,,,,,
11,,36179,,,,,,,,,,2.345070242881775e-06,,1.1431984603404999e-06,,0.28215521574020386,,0.24661050736904144,,0.08028919994831085,,0.027240606024861336,0.05036335438489914,,,,,,,,,,,,,,
11,,36189,,,,,,,,,,3.866851329803467e-06,,1.0998919606208801e-06,,0.19958871603012085,,0.2661956548690796,,0.088926762342453,,0.023190554231405258,0.04889547824859619,,,,,,,,,,,,,,
11,,36199,,,,,,,,,,3.2410025596618652e-06,,1.741107553243637e-06,,0.3003106415271759,,0.24547326564788818,,0.08688987791538239,,0.029983604326844215,0.05381852760910988,,,,,,,,,,,,,,
11,,36209,,,,,,,,,,3.3676624298095703e-06,,9.112991392612457e-07,,0.22376036643981934,,0.2510659694671631,,0.10174146294593811,,0.029460500925779343,0.0555763840675354,,,,,,,,,,,,,,
11,,36219,,,,,,,,,,2.427026629447937e-06,,1.5390105545520782e-06,,0.2524160146713257,,0.24200931191444397,,0.07992921769618988,,0.025083553045988083,0.04811333119869232,,,,,,,,,,,,,,
11,,36229,,,,,,,,,,3.824010491371155e-06,,1.0523945093154907e-06,,0.2296118438243866,,0.258359432220459,,0.08351302891969681,,0.02667790651321411,0.05048081651329994,,,,,,,,,,,,,,
11,,36239,,,,,,,,,,3.6731362342834473e-06,,9.560026228427887e-07,,0.24017006158828735,,0.2436181902885437,,0.07564074546098709,,0.021720746532082558,0.044718217104673386,,,,,,,,,,,,,,
11,,36249,,,,,,,,,,3.3974647521972656e-06,,8.642673492431641e-07,,0.23221921920776367,,0.26038074493408203,,0.09752260148525238,,0.03090045228600502,0.056401271373033524,,,,,,,,,,,,,,
11,,36259,,,,,,,,,,2.5872141122817993e-06,,1.0132789611816406e-06,,0.2443442940711975,,0.26546984910964966,,0.08320823311805725,,0.026242557913064957,0.05060313269495964,,,,,,,,,,,,,,
11,,36269,,,,,,,,,,2.427026629447937e-06,,1.4025717973709106e-06,,0.23922833800315857,,0.27115073800086975,,0.08610217273235321,,0.0327574759721756,0.05623964965343475,,,,,,,,,,,,,,
11,,36279,,,,,,,,,,2.1383166313171387e-06,,9.85804945230484e-07,,0.24264661967754364,,0.27565237879753113,,0.06973875313997269,,0.022396855056285858,0.04564952850341797,,,,,,,,,,,,,,
11,,36289,,,,,,,,,,2.6114284992218018e-06,,1.2498348951339722e-06,,0.24652394652366638,,0.25294482707977295,,0.08094410598278046,,0.02419084496796131,0.04807763919234276,,,,,,,,,,,,,,
11,,36299,,,,,,,,,,2.4028122425079346e-06,,2.6100315153598785e-06,,0.23612791299819946,,0.2607078552246094,,0.08881630003452301,,0.030064169317483902,0.05420222505927086,,,,,,,,,,,,,,
11,,36309,,,,,,,,,,2.644956111907959e-06,,1.0067597031593323e-06,,0.2948395609855652,,0.24577856063842773,,0.07549858838319778,,0.026140479370951653,0.04874927178025246,,,,,,,,,,,,,,
11,,36319,,,,,,,,,,2.1979212760925293e-06,,1.4686957001686096e-06,,0.21161909401416779,,0.2619743347167969,,0.08669724315404892,,0.02919228933751583,0.05292283743619919,,,,,,,,,,,,,,
11,,36329,,,,,,,,,,2.6747584342956543e-06,,1.46450474858284e-06,,0.23653008043766022,,0.2582024037837982,,0.08019118010997772,,0.0261610709130764,0.049543824046850204,,,,,,,,,,,,,,
11,,36339,,,,,,,,,,2.773478627204895e-06,,1.2977980077266693e-06,,0.22912228107452393,,0.27303674817085266,,0.06940986216068268,,0.02347450889647007,0.04611511901021004,,,,,,,,,,,,,,
11,,36349,,,,,,,,,,3.7103891372680664e-06,,8.461065590381622e-07,,0.26478028297424316,,0.2538343667984009,,0.08857844769954681,,0.02957504242658615,0.05380426347255707,,,,,,,,,,,,,,
11,,36359,,,,,,,,,,1.86823308467865e-06,,9.383074939250946e-07,,0.23634931445121765,,0.25351473689079285,,0.0767206996679306,,0.023026777431368828,0.04631974920630455,,,,,,,,,,,,,,
11,,36369,,,,,,,,,,7.3071569204330444e-06,,8.195638656616211e-07,,0.2288380265235901,,0.2544928193092346,,0.07714833319187164,,0.020079873502254486,0.044147051870822906,,,,,,,,,,,,,,
11,,36379,,,,,,,,,,1.94646418094635e-06,,1.159030944108963e-06,,0.23161554336547852,,0.2464868426322937,,0.07872027158737183,,0.02392701618373394,0.04698510468006134,,,,,,,,,,,,,,
11,,36389,,,,,,,,,,2.2705644369125366e-06,,9.490177035331726e-07,,0.21107691526412964,,0.2689117193222046,,0.08543168008327484,,0.028927791863679886,0.05280597507953644,,,,,,,,,,,,,,
11,,36399,,,,,,,,,,2.9206275939941406e-06,,1.3313256204128265e-06,,0.2347109019756317,,0.26094862818717957,,0.06239457428455353,,0.019561562687158585,0.04136274755001068,,,,,,,,,,,,,,
11,,36409,,,,,,,,,,1.519918441772461e-06,,1.1799857020378113e-06,,0.2253800332546234,,0.26456576585769653,,0.07396578788757324,,0.020013529807329178,0.04393215477466583,,,,,,,,,,,,,,
11,,36419,,,,,,,,,,1.514330506324768e-06,,1.073349267244339e-06,,0.29470017552375793,,0.26354849338531494,,0.08544440567493439,,0.028040917590260506,0.05287177860736847,,,,,,,,,,,,,,
11,,36429,,,,,,,,,,1.55717134475708e-06,,7.59027898311615e-07,,0.22623075544834137,,0.2696675658226013,,0.09151077270507812,,0.03173631429672241,0.05626605451107025,,,,,,,,,,,,,,
11,,36439,,,,,,,,,,1.9241124391555786e-06,,7.506459951400757e-07,,0.24109727144241333,,0.24848979711532593,,0.08444970101118088,,0.023749567568302155,0.04813156649470329,,,,,,,,,,,,,,
11,,36449,,,,,,,,,,2.602115273475647e-06,,7.57165253162384e-07,,0.2592638432979584,,0.25800246000289917,,0.09368433058261871,,0.029295098036527634,0.05468260496854782,,,,,,,,,,,,,,
11,,36459,,,,,,,,,,2.246350049972534e-06,,9.648501873016357e-07,,0.20539727807044983,,0.28586241602897644,,0.0721508264541626,,0.023835888132452965,0.0472235344350338,,,,,,,,,,,,,,
11,,36469,,,,,,,,,,2.68593430519104e-06,,8.349306881427765e-07,,0.28522005677223206,,0.24813565611839294,,0.07420792430639267,,0.024540595710277557,0.04730476811528206,,,,,,,,,,,,,,
11,,36479,,,,,,,,,,2.6766210794448853e-06,,1.4882534742355347e-06,,0.29105377197265625,,0.24643483757972717,,0.08762557059526443,,0.026949550956487656,0.051616985350847244,,,,,,,,,,,,,,
11,,36489,,,,,,,,,,2.130866050720215e-06,,7.925555109977722e-07,,0.24034923315048218,,0.24558404088020325,,0.08484669029712677,,0.0270603746175766,0.050544723868370056,,,,,,,,,,,,,,
11,,36499,,,,,,,,,,2.4139881134033203e-06,,9.150244295597076e-07,,0.2577347457408905,,0.2521541118621826,,0.08351849019527435,,0.023336224257946014,0.04801366478204727,,,,,,,,,,,,,,
11,,36509,,,,,,,,,,3.082677721977234e-06,,1.5012919902801514e-06,,0.22731323540210724,,0.2610306143760681,,0.06967329233884811,,0.020909646525979042,0.043656278401613235,,,,,,,,,,,,,,
11,,36519,,,,,,,,,,2.0544975996017456e-06,,1.1753290891647339e-06,,0.2533600330352783,,0.27335184812545776,,0.0910741314291954,,0.02999648079276085,0.05536971986293793,,,,,,,,,,,,,,
11,,36529,,,,,,,,,,3.2633543014526367e-06,,1.2409873306751251e-06,,0.2111864537000656,,0.26585787534713745,,0.09005287289619446,,0.027430210262537003,0.05240730196237564,,,,,,,,,,,,,,
11,,36539,,,,,,,,,,2.045184373855591e-06,,1.1078082025051117e-06,,0.2732827067375183,,0.2380261868238449,,0.055557914078235626,,0.018588079139590263,0.038727641105651855,,,,,,,,,,,,,,
11,,36549,,,,,,,,,,1.993030309677124e-06,,7.157213985919952e-07,,0.2587820291519165,,0.24839085340499878,,0.07431033998727798,,0.020387187600135803,0.043910227715969086,,,,,,,,,,,,,,
11,,36559,,,,,,,,,,2.123415470123291e-06,,9.490177035331726e-07,,0.22250652313232422,,0.269997775554657,,0.08175259828567505,,0.02397123910486698,0.04858255013823509,,,,,,,,,,,,,,
11,,36569,,,,,,,,,,1.3783574104309082e-06,,1.0081566870212555e-06,,0.2805514335632324,,0.2548198401927948,,0.08493781089782715,,0.029480542987585068,0.05328165367245674,,,,,,,,,,,,,,
11,,36579,,,,,,,,,,2.16066837310791e-06,,9.08970832824707e-07,,0.21389353275299072,,0.2739031910896301,,0.08870885521173477,,0.026254894211888313,0.0516824796795845,,,,,,,,,,,,,,
11,,36589,,,,,,,,,,2.687796950340271e-06,,8.936040103435516e-07,,0.28147393465042114,,0.24348148703575134,,0.09524023532867432,,0.030161594972014427,0.055203940719366074,,,,,,,,,,,,,,
11,,36599,,,,,,,,,,3.5744160413742065e-06,,9.87667590379715e-07,,0.2711145877838135,,0.26753926277160645,,0.074159175157547,,0.021129947155714035,0.04548144340515137,,,,,,,,,,,,,,
11,,36609,,,,,,,,,,1.5478581190109253e-06,,7.660128176212311e-07,,0.24777740240097046,,0.25562286376953125,,0.07118713855743408,,0.021405180916190147,0.04429825395345688,,,,,,,,,,,,,,
11,,36619,,,,,,,,,,2.0209699869155884e-06,,8.167698979377747e-07,,0.2655262351036072,,0.2688445448875427,,0.09116243571043015,,0.03148924931883812,0.05643739923834801,,,,,,,,,,,,,,
11,,36629,,,,,,,,,,2.034008502960205e-06,,9.257346391677856e-07,,0.2020549774169922,,0.2833022475242615,,0.08038493245840073,,0.025384996086359024,0.04977070540189743,,,,,,,,,,,,,,
11,,36639,,,,,,,,,,2.3562461137771606e-06,,1.1995434761047363e-06,,0.25186359882354736,,0.273490309715271,,0.08683852851390839,,0.02839498594403267,0.053362879902124405,,,,,,,,,,,,,,
11,,36649,,,,,,,,,,1.642853021621704e-06,,9.699724614620209e-07,,0.25236478447914124,,0.2555699348449707,,0.08267215639352798,,0.02576887235045433,0.0497770756483078,,,,,,,,,,,,,,
11,,36659,,,,,,,,,,3.4961849451065063e-06,,1.2638047337532043e-06,,0.24405917525291443,,0.2467116117477417,,0.08104607462882996,,0.023787401616573334,0.047472961246967316,,,,,,,,,,,,,,
11,,36669,,,,,,,,,,2.6151537895202637e-06,,9.19681042432785e-07,,0.25422608852386475,,0.2596590518951416,,0.0743488073348999,,0.021773960441350937,0.04543269798159599,,,,,,,,,,,,,,
11,,36679,,,,,,,,,,1.5497207641601562e-06,,1.1730007827281952e-06,,0.33015862107276917,,0.23206862807273865,,0.09552013128995895,,0.024616532027721405,0.05113217607140541,,,,,,,,,,,,,,
11,,36689,,,,,,,,,,1.780688762664795e-06,,9.867362678050995e-07,,0.24116481840610504,,0.265788733959198,,0.08231233060359955,,0.02063671499490738,0.046207379549741745,,,,,,,,,,,,,,
11,,36699,,,,,,,,,,4.032626748085022e-06,,1.0416842997074127e-06,,0.24385212361812592,,0.262591153383255,,0.07985739409923553,,0.02391815558075905,0.04809022694826126,,,,,,,,,,,,,,
11,,36709,,,,,,,,,,2.3990869522094727e-06,,8.963979780673981e-07,,0.2433091104030609,,0.25330623984336853,,0.07893574237823486,,0.02438787743449211,0.047828055918216705,,,,,,,,,,,,,,
11,,36719,,,,,,,,,,2.553686499595642e-06,,1.4994293451309204e-06,,0.2696704566478729,,0.24491429328918457,,0.06432144343852997,,0.01794389635324478,0.04016856476664543,,,,,,,,,,,,,,
11,,36729,,,,,,,,,,1.6670674085617065e-06,,1.255422830581665e-06,,0.22054527699947357,,0.2815728783607483,,0.06949561089277267,,0.02179482951760292,0.045170824974775314,,,,,,,,,,,,,,
11,,36739,,,,,,,,,,3.21120023727417e-06,,2.495013177394867e-06,,0.24862080812454224,,0.26471707224845886,,0.0822577029466629,,0.029667720198631287,0.05300920084118843,,,,,,,,,,,,,,
11,,36749,,,,,,,,,,6.429851055145264e-06,,1.5799887478351593e-06,,0.21032920479774475,,0.2800803482532501,,0.05739208310842514,,0.020863011479377747,0.04201210290193558,,,,,,,,,,,,,,
11,,36759,,,,,,,,,,3.3266842365264893e-06,,4.640314728021622e-06,,0.23711362481117249,,0.2527804970741272,,0.08451515436172485,,0.02475035935640335,0.04904911667108536,,,,,,,,,,,,,,
11,,36769,,,,,,,,,,1.9185245037078857e-06,,1.4691613614559174e-06,,0.18717221915721893,,0.2636345624923706,,0.07214759290218353,,0.01871144026517868,0.04212283715605736,,,,,,,,,,,,,,
11,,36779,,,,,,,,,,1.8011778593063354e-06,,1.3583339750766754e-06,,0.22788476943969727,,0.26014313101768494,,0.07939042150974274,,0.028391890227794647,0.05105682462453842,,,,,,,,,,,,,,
11,,36789,,,,,,,,,,2.4586915969848633e-06,,1.4808028936386108e-06,,0.25437426567077637,,0.2360745370388031,,0.09411624073982239,,0.029642079025506973,0.053938474506139755,,,,,,,,,,,,,,
11,,36799,,,,,,,,,,2.7865171432495117e-06,,1.8081627786159515e-06,,0.22486092150211334,,0.27228131890296936,,0.062172867357730865,,0.01839432492852211,0.04086141288280487,,,,,,,,,,,,,,
11,,36809,,,,,,,,,,1.8570572137832642e-06,,1.3639219105243683e-06,,0.24439626932144165,,0.2517359256744385,,0.07253089547157288,,0.027488084509968758,0.04889168590307236,,,,,,,,,,,,,,
11,,36819,,,,,,,,,,1.994892954826355e-06,,1.7364509403705597e-06,,0.23364540934562683,,0.26642438769340515,,0.0932014212012291,,0.029025401920080185,0.05448430776596069,,,,,,,,,,,,,,
11,,36829,,,,,,,,,,3.4570693969726562e-06,,1.0970979928970337e-06,,0.33127838373184204,,0.2182864099740982,,0.07108208537101746,,0.020571023225784302,0.04288097470998764,,,,,,,,,,,,,,
11,,36839,,,,,,,,,,2.913177013397217e-06,,1.492910087108612e-06,,0.2271053045988083,,0.2545153498649597,,0.0947071984410286,,0.028553515672683716,0.05377766862511635,,,,,,,,,,,,,,
11,,36849,,,,,,,,,,6.057322025299072e-06,,1.8058344721794128e-06,,0.26058948040008545,,0.25816377997398376,,0.07582461088895798,,0.019489707425236702,0.04400035738945007,,,,,,,,,,,,,,
11,,36859,,,,,,,,,,2.4046748876571655e-06,,1.4915131032466888e-06,,0.26971524953842163,,0.2588370144367218,,0.0720997080206871,,0.02260727249085903,0.045779045671224594,,,,,,,,,,,,,,
11,,36869,,,,,,,,,,3.7029385566711426e-06,,1.3820827007293701e-06,,0.2585396468639374,,0.23955757915973663,,0.0864003449678421,,0.024853801354765892,0.04911143705248833,,,,,,,,,,,,,,
11,,36879,,,,,,,,,,1.987442374229431e-06,,1.191161572933197e-06,,0.2675776481628418,,0.25654351711273193,,0.08601713180541992,,0.027187049388885498,0.05169227719306946,,,,,,,,,,,,,,
11,,36889,,,,,,,,,,3.1441450119018555e-06,,1.6712583601474762e-06,,0.22433868050575256,,0.25391924381256104,,0.07865553349256516,,0.024324845522642136,0.04753459244966507,,,,,,,,,,,,,,
11,,36899,,,,,,,,,,2.0507723093032837e-06,,8.10716301202774e-07,,0.20797701179981232,,0.2741405963897705,,0.08858588337898254,,0.026383841410279274,0.051697928458452225,,,,,,,,,,,,,,
11,,36909,,,,,,,,,,2.7008354663848877e-06,,8.856877684593201e-07,,0.24597837030887604,,0.2657621502876282,,0.09507174789905548,,0.03280966728925705,0.05778747797012329,,,,,,,,,,,,,,
11,,36919,,,,,,,,,,2.3227185010910034e-06,,1.2470409274101257e-06,,0.23999856412410736,,0.26367509365081787,,0.08293426036834717,,0.030650094151496887,0.05372312292456627,,,,,,,,,,,,,,
11,,36929,,,,,,,,,,1.8719583749771118e-06,,9.257346391677856e-07,,0.2091740518808365,,0.2801203429698944,,0.08984764665365219,,0.029873672872781754,0.05484698712825775,,,,,,,,,,,,,,
11,,36939,,,,,,,,,,2.4084001779556274e-06,,7.743947207927704e-07,,0.22273916006088257,,0.25415515899658203,,0.07161147892475128,,0.024568166583776474,0.046388354152441025,,,,,,,,,,,,,,
11,,36949,,,,,,,,,,2.7045607566833496e-06,,1.0118819773197174e-06,,0.21904513239860535,,0.25489377975463867,,0.09144215285778046,,0.02969958260655403,0.05394835025072098,,,,,,,,,,,,,,
11,,36959,,,,,,,,,,1.9297003746032715e-06,,1.0514631867408752e-06,,0.2634430229663849,,0.24747192859649658,,0.07656184583902359,,0.022017445415258408,0.04556702822446823,,,,,,,,,,,,,,
11,,36969,,,,,,,,,,6.122514605522156e-06,,1.2861564755439758e-06,,0.2163080871105194,,0.2699224352836609,,0.09652522206306458,,0.03257899731397629,0.057734306901693344,,,,,,,,,,,,,,
11,,36979,,,,,,,,,,2.421438694000244e-06,,1.212581992149353e-06,,0.2788103222846985,,0.2401830554008484,,0.0844230055809021,,0.022344747558236122,0.04712527245283127,,,,,,,,,,,,,,
11,,36989,,,,,,,,,,1.8794089555740356e-06,,1.3010576367378235e-06,,0.24608418345451355,,0.25335168838500977,,0.0875198096036911,,0.023808229714632034,0.04903777688741684,,,,,,,,,,,,,,
11,,36999,,,,,,,,,,2.5909394025802612e-06,,1.8957071006298065e-06,,0.23796960711479187,,0.2554885149002075,,0.09991466253995895,,0.03746725618839264,0.06161421909928322,,,,,,,,,,,,,,
11,,37009,,,,,,,,,,3.4477561712265015e-06,,1.1748634278774261e-06,,0.2597702145576477,,0.25606316328048706,,0.0684206485748291,,0.02146993763744831,0.043989211320877075,,,,,,,,,,,,,,
11,,37019,,,,,,,,,,2.680346369743347e-06,,1.2051314115524292e-06,,0.24539253115653992,,0.2815338671207428,,0.07858248054981232,,0.02552521601319313,0.04996292293071747,,,,,,,,,,,,,,
11,,37029,,,,,,,,,,2.2314488887786865e-06,,1.3085082173347473e-06,,0.24939179420471191,,0.26427221298217773,,0.08202683180570602,,0.024560291320085526,0.04912257194519043,,,,,,,,,,,,,,
11,,37039,,,,,,,,,,2.8815120458602905e-06,,1.1138617992401123e-06,,0.220096156001091,,0.2707027196884155,,0.08511263877153397,,0.029853546991944313,0.053630318492650986,,,,,,,,,,,,,,
11,,37049,,,,,,,,,,3.6116689443588257e-06,,1.1003576219081879e-06,,0.2538599371910095,,0.25305163860321045,,0.06498509645462036,,0.020581737160682678,0.042468100786209106,,,,,,,,,,,,,,
11,,37059,,,,,,,,,,2.948567271232605e-06,,2.585817128419876e-06,,0.2184828519821167,,0.24776990711688995,,0.08876512944698334,,0.028999095782637596,0.05258018895983696,,,,,,,,,,,,,,
11,,37069,,,,,,,,,,5.649402737617493e-06,,1.1636875569820404e-06,,0.27146008610725403,,0.2476402223110199,,0.0835755467414856,,0.028561007231473923,0.05189315229654312,,,,,,,,,,,,,,
11,,37079,,,,,,,,,,3.0491501092910767e-06,,1.2088567018508911e-06,,0.23578989505767822,,0.27177655696868896,,0.08745849132537842,,0.028731372207403183,0.053462740033864975,,,,,,,,,,,,,,
11,,37089,,,,,,,,,,2.3748725652694702e-06,,1.2870877981185913e-06,,0.20477771759033203,,0.26514577865600586,,0.07673948258161545,,0.02284369245171547,0.04636119678616524,,,,,,,,,,,,,,
11,,37099,,,,,,,,,,2.032145857810974e-06,,1.426786184310913e-06,,0.23775574564933777,,0.2524893283843994,,0.07538306713104248,,0.02046271786093712,0.044113777577877045,,,,,,,,,,,,,,
11,,37109,,,,,,,,,,3.21120023727417e-06,,1.096632331609726e-06,,0.20783771574497223,,0.28652942180633545,,0.08086349815130234,,0.02582249976694584,0.05040775611996651,,,,,,,,,,,,,,
11,,37119,,,,,,,,,,1.7024576663970947e-06,,1.3676472008228302e-06,,0.2331017255783081,,0.25870928168296814,,0.09450121223926544,,0.02578032948076725,0.05192556604743004,,,,,,,,,,,,,,
11,,37129,,,,,,,,,,1.6260892152786255e-06,,2.084299921989441e-06,,0.23278547823429108,,0.254247784614563,,0.0736839771270752,,0.021192707121372223,0.04436693713068962,,,,,,,,,,,,,,
11,,37139,,,,,,,,,,4.1816383600234985e-06,,1.3504177331924438e-06,,0.2647366225719452,,0.22632986307144165,,0.06734634935855865,,0.020401300862431526,0.041650183498859406,,,,,,,,,,,,,,
11,,37149,,,,,,,,,,2.5015324354171753e-06,,1.4156103134155273e-06,,0.1993488371372223,,0.27904510498046875,,0.08469279110431671,,0.0298420712351799,0.05369092896580696,,,,,,,,,,,,,,
11,,37159,,,,,,,,,,3.039836883544922e-06,,1.882202923297882e-06,,0.27534914016723633,,0.24910008907318115,,0.0926988497376442,,0.030673060566186905,0.055302660912275314,,,,,,,,,,,,,,
11,,37169,,,,,,,,,,3.5334378480911255e-06,,2.3478642106056213e-06,,0.211710125207901,,0.2820420265197754,,0.07710880041122437,,0.02168320305645466,0.04643334448337555,,,,,,,,,,,,,,
11,,37179,,,,,,,,,,3.6675482988357544e-06,,2.2123567759990692e-06,,0.27580249309539795,,0.2469484955072403,,0.08323591202497482,,0.02241675555706024,0.04723861441016197,,,,,,,,,,,,,,
11,,37189,,,,,,,,,,2.734363079071045e-06,,1.6838312149047852e-06,,0.27360519766807556,,0.24488061666488647,,0.06806543469429016,,0.021461108699440956,0.04355383291840553,,,,,,,,,,,,,,
11,,37199,,,,,,,,,,1.1427327990531921e-05,,1.9730068743228912e-06,,0.2638078033924103,,0.23650681972503662,,0.076484814286232,,0.02160012349486351,0.04472968354821205,,,,,,,,,,,,,,
11,,37209,,,,,,,,,,2.8330832719802856e-06,,1.1748634278774261e-06,,0.23564031720161438,,0.26917123794555664,,0.07319160550832748,,0.021691353991627693,0.04538183659315109,,,,,,,,,,,,,,
11,,37219,,,,,,,,,,2.2668391466140747e-06,,1.3229437172412872e-06,,0.2293444275856018,,0.2814609706401825,,0.08553941547870636,,0.028509657829999924,0.053315021097660065,,,,,,,,,,,,,,
11,,37229,,,,,,,,,,3.7476420402526855e-06,,1.323409378528595e-06,,0.22251011431217194,,0.27531176805496216,,0.07265767455101013,,0.021980972960591316,0.045632969588041306,,,,,,,,,,,,,,
11,,37239,,,,,,,,,,2.292916178703308e-06,,1.6731210052967072e-06,,0.24496333301067352,,0.26035168766975403,,0.08881168067455292,,0.02749120630323887,0.052358031272888184,,,,,,,,,,,,,,
11,,37249,,,,,,,,,,1.8123537302017212e-06,,1.543201506137848e-06,,0.23511314392089844,,0.256534606218338,,0.09317581355571747,,0.02442750707268715,0.050583746284246445,,,,,,,,,,,,,,
11,,37259,,,,,,,,,,2.466142177581787e-06,,1.2991949915885925e-06,,0.24328899383544922,,0.2597882151603699,,0.07664518058300018,,0.0280800499022007,0.0504719503223896,,,,,,,,,,,,,,
11,,37269,,,,,,,,,,2.115964889526367e-06,,2.7106143534183502e-06,,0.27093735337257385,,0.264346182346344,,0.07716770470142365,,0.026173416525125504,0.049677420407533646,,,,,,,,,,,,,,
11,,37279,,,,,,,,,,2.4903565645217896e-06,,1.7043203115463257e-06,,0.2575647830963135,,0.25475186109542847,,0.10275577008724213,,0.03292278200387955,0.05893302336335182,,,,,,,,,,,,,,
11,,37289,,,,,,,,,,3.2410025596618652e-06,,2.1015293896198273e-06,,0.27578192949295044,,0.2608896791934967,,0.06861859560012817,,0.027366124093532562,0.04886354133486748,,,,,,,,,,,,,,
11,,37299,,,,,,,,,,3.026798367500305e-06,,2.0209699869155884e-06,,0.26577576994895935,,0.2604914903640747,,0.0747300237417221,,0.025445744395256042,0.04843311756849289,,,,,,,,,,,,,,
11,,37309,,,,,,,,,,4.511326551437378e-06,,2.5173649191856384e-06,,0.2394922822713852,,0.260273277759552,,0.07519461214542389,,0.024041682481765747,0.047148630023002625,,,,,,,,,,,,,,
11,,37319,,,,,,,,,,2.6579946279525757e-06,,1.0281801223754883e-06,,0.24549542367458344,,0.26130372285842896,,0.09164797514677048,,0.027706101536750793,0.053102049976587296,,,,,,,,,,,,,,
11,,37329,,,,,,,,,,2.2444874048233032e-06,,1.5995465219020844e-06,,0.24345119297504425,,0.25988444685935974,,0.07102915644645691,,0.02348335087299347,0.04597673937678337,,,,,,,,,,,,,,
11,,37339,,,,,,,,,,2.942979335784912e-06,,1.0523945093154907e-06,,0.2196849286556244,,0.26351791620254517,,0.06467945128679276,,0.01703706942498684,0.03984176740050316,,,,,,,,,,,,,,
11,,37349,,,,,,,,,,3.1311064958572388e-06,,1.7369166016578674e-06,,0.2595462203025818,,0.24951237440109253,,0.0925900936126709,,0.03355562686920166,0.05727880820631981,,,,,,,,,,,,,,
11,,37359,,,,,,,,,,2.909451723098755e-06,,1.4049001038074493e-06,,0.1966439038515091,,0.28315114974975586,,0.10249477624893188,,0.03057529404759407,0.0577404759824276,,,,,,,,,,,,,,
11,,37369,,,,,,,,,,3.1404197216033936e-06,,1.123175024986267e-06,,0.2802730202674866,,0.2589368224143982,,0.07686370611190796,,0.025348376482725143,0.048857275396585464,,,,,,,,,,,,,,
11,,37379,,,,,,,,,,2.512708306312561e-06,,1.137610524892807e-06,,0.2377331703901291,,0.2650439441204071,,0.08450749516487122,,0.02819622866809368,0.05221495032310486,,,,,,,,,,,,,,
11,,37389,,,,,,,,,,1.952052116394043e-06,,2.0060688257217407e-06,,0.215844988822937,,0.2750292420387268,,0.09911221265792847,,0.03828039765357971,0.06273059546947479,,,,,,,,,,,,,,
11,,37399,,,,,,,,,,2.8349459171295166e-06,,2.1741725504398346e-06,,0.25531038641929626,,0.26645731925964355,,0.08534111827611923,,0.027272086590528488,0.05195032060146332,,,,,,,,,,,,,,
11,,37409,,,,,,,,,,3.246590495109558e-06,,2.520158886909485e-06,,0.27931511402130127,,0.2555663287639618,,0.0741674154996872,,0.018879342824220657,0.043329380452632904,,,,,,,,,,,,,,
11,,37419,,,,,,,,,,3.4514814615249634e-06,,1.8589198589324951e-06,,0.23615901172161102,,0.2567375898361206,,0.0795598104596138,,0.02196609601378441,0.046205390244722366,,,,,,,,,,,,,,
11,,37429,,,,,,,,,,6.103888154029846e-06,,2.108979970216751e-06,,0.24260009825229645,,0.2622097432613373,,0.09146012365818024,,0.02953515574336052,0.05444749817252159,,,,,,,,,,,,,,
11,,37439,,,,,,,,,,3.419816493988037e-06,,2.651941031217575e-06,,0.26438844203948975,,0.23896725475788116,,0.07523596286773682,,0.024920322000980377,0.04710838943719864,,,,,,,,,,,,,,
11,,37449,,,,,,,,,,3.03611159324646e-06,,3.0831433832645416e-06,,0.2611810863018036,,0.24581128358840942,,0.08549081534147263,,0.02960870787501335,0.052832089364528656,,,,,,,,,,,,,,
11,,37459,,,,,,,,,,2.7995556592941284e-06,,1.3327226042747498e-06,,0.2163136601448059,,0.26823845505714417,,0.08461020886898041,,0.030649378895759583,0.053973231464624405,,,,,,,,,,,,,,
11,,37469,,,,,,,,,,4.274770617485046e-06,,5.76535239815712e-06,,0.24116173386573792,,0.26071467995643616,,0.08494141697883606,,0.028444526717066765,0.05231982469558716,,,,,,,,,,,,,,
11,,37479,,,,,,,,,,3.3285468816757202e-06,,1.2707896530628204e-06,,0.23544500768184662,,0.25960350036621094,,0.07367777824401855,,0.022957704961299896,0.045972127467393875,,,,,,,,,,,,,,
11,,37489,,,,,,,,,,4.371628165245056e-06,,1.255422830581665e-06,,0.17874425649642944,,0.2793463468551636,,0.10623190551996231,,0.037826210260391235,0.06349266320466995,,,,,,,,,,,,,,
11,,37499,,,,,,,,,,4.494562745094299e-06,,3.671739250421524e-06,,0.3059450685977936,,0.23676009476184845,,0.08698135614395142,,0.026699338108301163,0.05102940648794174,,,,,,,,,,,,,,
11,,37509,,,,,,,,,,7.756054401397705e-06,,1.9818544387817383e-06,,0.2223665565252304,,0.2812417149543762,,0.08893886208534241,,0.030342772603034973,0.05523567646741867,,,,,,,,,,,,,,
11,,37519,,,,,,,,,,2.250075340270996e-06,,1.7797574400901794e-06,,0.2933637499809265,,0.24135535955429077,,0.0732668861746788,,0.027202382683753967,0.048902664333581924,,,,,,,,,,,,,,
11,,37529,,,,,,,,,,1.9650906324386597e-06,,2.3748725652694702e-06,,0.28252989053726196,,0.2517399191856384,,0.08037692308425903,,0.02174549177289009,0.046502359211444855,,,,,,,,,,,,,,
11,,37539,,,,,,,,,,3.4831464290618896e-06,,3.443099558353424e-06,,0.26738885045051575,,0.25697576999664307,,0.08361027389764786,,0.029300928115844727,0.05284474417567253,,,,,,,,,,,,,,
11,,37549,,,,,,,,,,3.2819807529449463e-06,,2.487562596797943e-06,,0.26995718479156494,,0.25671467185020447,,0.08077766001224518,,0.02409694716334343,0.04842741787433624,,,,,,,,,,,,,,
11,,37559,,,,,,,,,,2.902001142501831e-06,,1.560896635055542e-06,,0.2413172572851181,,0.2420813888311386,,0.07803398370742798,,0.022158287465572357,0.045436687767505646,,,,,,,,,,,,,,
11,,37569,,,,,,,,,,2.1122395992279053e-06,,2.224929630756378e-06,,0.22103194892406464,,0.2759172320365906,,0.07986009865999222,,0.02733631618320942,0.0510123074054718,,,,,,,,,,,,,,
11,,37579,,,,,,,,,,5.098059773445129e-06,,1.4682300388813019e-06,,0.24222812056541443,,0.2603365182876587,,0.07931555807590485,,0.03191889822483063,0.053865883499383926,,,,,,,,,,,,,,
11,,37589,,,,,,,,,,2.6114284992218018e-06,,1.441221684217453e-06,,0.21108007431030273,,0.27368059754371643,,0.07359647750854492,,0.025914959609508514,0.04854978993535042,,,,,,,,,,,,,,
11,,37599,,,,,,,,,,2.3990869522094727e-06,,1.301988959312439e-06,,0.25483453273773193,,0.25190746784210205,,0.0849582701921463,,0.026057207956910133,0.05027936398983002,,,,,,,,,,,,,,
11,,37609,,,,,,,,,,2.1141022443771362e-06,,2.716202288866043e-06,,0.222610205411911,,0.24604737758636475,,0.0744679719209671,,0.021833453327417374,0.044490888714790344,,,,,,,,,,,,,,
11,,37619,,,,,,,,,,5.653128027915955e-06,,4.30690124630928e-06,,0.2440863847732544,,0.25499671697616577,,0.08583168685436249,,0.02801564708352089,0.0519312284886837,,,,,,,,,,,,,,
11,,37629,,,,,,,,,,4.023313522338867e-06,,1.3988465070724487e-06,,0.2870504856109619,,0.25854814052581787,,0.09456883370876312,,0.030898824334144592,0.056402869522571564,,,,,,,,,,,,,,
11,,37639,,,,,,,,,,2.8274953365325928e-06,,1.1771917343139648e-06,,0.21283486485481262,,0.2662392854690552,,0.08026716113090515,,0.023939521983265877,0.0479905791580677,,,,,,,,,,,,,,
11,,37649,,,,,,,,,,2.5387853384017944e-06,,1.430511474609375e-06,,0.2982749044895172,,0.24862590432167053,,0.07588924467563629,,0.026449192315340042,0.04922790080308914,,,,,,,,,,,,,,
11,,37659,,,,,,,,,,2.1010637283325195e-06,,1.0426156222820282e-06,,0.22263820469379425,,0.26594609022140503,,0.0735892802476883,,0.023517809808254242,0.04652297496795654,,,,,,,,,,,,,,
11,,37669,,,,,,,,,,1.7583370208740234e-06,,2.650078386068344e-06,,0.21726936101913452,,0.2748047411441803,,0.0954374149441719,,0.03260214254260063,0.05778783932328224,,,,,,,,,,,,,,
11,,37679,,,,,,,,,,2.1569430828094482e-06,,3.1259842216968536e-06,,0.2645704746246338,,0.2592710256576538,,0.08870711922645569,,0.028107447549700737,0.05297987908124924,,,,,,,,,,,,,,
11,,37689,,,,,,,,,,3.63960862159729e-06,,2.2049061954021454e-06,,0.2768981456756592,,0.25159764289855957,,0.07666727900505066,,0.022595375776290894,0.04637151584029198,,,,,,,,,,,,,,
11,,37699,,,,,,,,,,3.42540442943573e-06,,2.0381994545459747e-06,,0.23174507915973663,,0.2675566077232361,,0.09328930079936981,,0.02646881341934204,0.05261368677020073,,,,,,,,,,,,,,
11,,37709,,,,,,,,,,2.6598572731018066e-06,,1.4011748135089874e-06,,0.1981882005929947,,0.2870243191719055,,0.11252210289239883,,0.038622111082077026,0.06585735082626343,,,,,,,,,,,,,,
11,,37719,,,,,,,,,,4.7292560338974e-06,,1.485925167798996e-06,,0.22699368000030518,,0.26085972785949707,,0.09619221091270447,,0.02631286159157753,0.052671439945697784,,,,,,,,,,,,,,
11,,37729,,,,,,,,,,2.7157366275787354e-06,,1.1925585567951202e-06,,0.20033958554267883,,0.26886117458343506,,0.09381973743438721,,0.029408996924757957,0.05461188405752182,,,,,,,,,,,,,,
11,,37739,,,,,,,,,,2.7567148208618164e-06,,3.18232923746109e-06,,0.296773225069046,,0.25108247995376587,,0.08091568201780319,,0.029302258044481277,0.05240849778056145,,,,,,,,,,,,,,
11,,37749,,,,,,,,,,1.9799917936325073e-06,,1.4421530067920685e-06,,0.23386946320533752,,0.2806752324104309,,0.08657477796077728,,0.026039019227027893,0.051671966910362244,,,,,,,,,,,,,,
11,,37759,,,,,,,,,,2.2687017917633057e-06,,1.7834827303886414e-06,,0.2505154311656952,,0.25718259811401367,,0.07846121490001678,,0.023949533700942993,0.047676440328359604,,,,,,,,,,,,,,
11,,37769,,,,,,,,,,2.0265579223632812e-06,,1.967884600162506e-06,,0.2815455496311188,,0.25563985109329224,,0.06780029088258743,,0.02412291429936886,0.046098485589027405,,,,,,,,,,,,,,
11,,37779,,,,,,,,,,1.8272548913955688e-06,,8.335337042808533e-07,,0.2732934355735779,,0.2523099482059479,,0.07853098958730698,,0.02481377311050892,0.04837639257311821,,,,,,,,,,,,,,
11,,37789,,,,,,,,,,2.3972243070602417e-06,,1.8207356333732605e-06,,0.2817610502243042,,0.23229268193244934,,0.07782623171806335,,0.020818833261728287,0.04440799728035927,,,,,,,,,,,,,,
11,,37799,,,,,,,,,,2.684071660041809e-06,,7.622875273227692e-07,,0.21594282984733582,,0.2499513477087021,,0.08626153320074081,,0.02369880862534046,0.04820696637034416,,,,,,,,,,,,,,
11,,37809,,,,,,,,,,2.464279532432556e-06,,1.266133040189743e-06,,0.25902941823005676,,0.24788400530815125,,0.09328679740428925,,0.03301829472184181,0.05692395940423012,,,,,,,,,,,,,,
11,,37819,,,,,,,,,,2.1401792764663696e-06,,1.5059486031532288e-06,,0.2584492564201355,,0.2560478150844574,,0.07654125988483429,,0.02662220597267151,0.04936114326119423,,,,,,,,,,,,,,
11,,37829,,,,,,,,,,1.9837170839309692e-06,,1.6158446669578552e-06,,0.26197350025177,,0.2366771101951599,,0.07904624938964844,,0.025340067222714424,0.04800219088792801,,,,,,,,,,,,,,
11,,37839,,,,,,,,,,3.3993273973464966e-06,,1.398380845785141e-06,,0.22522538900375366,,0.2750265896320343,,0.07907204329967499,,0.026057306677103043,0.04991241544485092,,,,,,,,,,,,,,
11,,37849,,,,,,,,,,2.9653310775756836e-06,,1.6195699572563171e-06,,0.24836628139019012,,0.2618117928504944,,0.06829985976219177,,0.024531755596399307,0.046399347484111786,,,,,,,,,,,,,,
11,,37859,,,,,,,,,,2.436339855194092e-06,,1.5399418771266937e-06,,0.23389476537704468,,0.2675344944000244,,0.08706407994031906,,0.027661511674523354,0.052365075796842575,,,,,,,,,,,,,,
11,,37869,,,,,,,,,,2.205371856689453e-06,,1.6307458281517029e-06,,0.2360321283340454,,0.2484840750694275,,0.06605512648820877,,0.01970791444182396,0.0415901243686676,,,,,,,,,,,,,,
11,,37879,,,,,,,,,,4.3138861656188965e-06,,1.3760291039943695e-06,,0.22857031226158142,,0.2568856179714203,,0.08655265718698502,,0.02770186960697174,0.05173773691058159,,,,,,,,,,,,,,
11,,37889,,,,,,,,,,2.259388566017151e-06,,2.100598067045212e-06,,0.23201560974121094,,0.25993236899375916,,0.06726961582899094,,0.022464502602815628,0.04437553510069847,,,,,,,,,,,,,,
11,,37899,,,,,,,,,,2.3264437913894653e-06,,9.937211871147156e-07,,0.196368008852005,,0.27112457156181335,,0.06963047385215759,,0.024531392380595207,0.046475764364004135,,,,,,,,,,,,,,
11,,37909,,,,,,,,,,4.241243004798889e-06,,1.307111233472824e-06,,0.2615210711956024,,0.24835041165351868,,0.07939065247774124,,0.02294088900089264,0.04680897295475006,,,,,,,,,,,,,,
11,,37919,,,,,,,,,,5.60469925403595e-06,,1.419801265001297e-06,,0.31330496072769165,,0.24037006497383118,,0.07423480600118637,,0.02901041880249977,0.05062810331583023,,,,,,,,,,,,,,
11,,37929,,,,,,,,,,3.376975655555725e-06,,3.1990930438041687e-06,,0.21139563620090485,,0.2717582583427429,,0.09605131298303604,,0.031820230185985565,0.05710471048951149,,,,,,,,,,,,,,
11,,37939,,,,,,,,,,2.913177013397217e-06,,1.5399418771266937e-06,,0.22168882191181183,,0.2742723822593689,,0.06692235171794891,,0.019653480499982834,0.04275292903184891,,,,,,,,,,,,,,
11,,37949,,,,,,,,,,2.866610884666443e-06,,1.5227124094963074e-06,,0.23917579650878906,,0.26464277505874634,,0.08047188818454742,,0.02618631348013878,0.04994839057326317,,,,,,,,,,,,,,
11,,37959,,,,,,,,,,5.042180418968201e-06,,4.1923485696315765e-06,,0.2093949019908905,,0.2652331590652466,,0.09807532280683517,,0.028643839061260223,0.05477204546332359,,,,,,,,,,,,,,
11,,37969,,,,,,,,,,3.0621886253356934e-06,,1.6330741345882416e-06,,0.22010183334350586,,0.25825682282447815,,0.09537816792726517,,0.03248484060168266,0.056946057826280594,,,,,,,,,,,,,,
11,,37979,,,,,,,,,,3.341585397720337e-06,,1.646578311920166e-06,,0.2272179126739502,,0.2692515254020691,,0.09362974762916565,,0.02424493059515953,0.051035620272159576,,,,,,,,,,,,,,
11,,37989,,,,,,,,,,2.866610884666443e-06,,1.1953525245189667e-06,,0.22341467440128326,,0.2588772177696228,,0.08658507466316223,,0.026318296790122986,0.050738826394081116,,,,,,,,,,,,,,
11,,37999,,,,,,,,,,2.825632691383362e-06,,2.2202730178833008e-06,,0.21591107547283173,,0.2747100591659546,,0.09256249666213989,,0.025086339563131332,0.05159006640315056,,,,,,,,,,,,,,
11,,38009,,,,,,,,,,2.6319175958633423e-06,,1.603737473487854e-06,,0.21849152445793152,,0.2725129723548889,,0.08966229856014252,,0.029809996485710144,0.0545169897377491,,,,,,,,,,,,,,
11,,38019,,,,,,,,,,4.14624810218811e-06,,9.546056389808655e-07,,0.2572889029979706,,0.27400338649749756,,0.08735406398773193,,0.03381429985165596,0.057612694799900055,,,,,,,,,,,,,,
11,,38029,,,,,,,,,,2.8312206268310547e-06,,1.402106136083603e-06,,0.3033216595649719,,0.24407252669334412,,0.08276458084583282,,0.0194498710334301,0.045112233608961105,,,,,,,,,,,,,,
11,,38039,,,,,,,,,,8.163973689079285e-06,,8.149072527885437e-07,,0.2724040150642395,,0.247970849275589,,0.06687209010124207,,0.021594036370515823,0.04356055706739426,,,,,,,,,,,,,,
11,,38049,,,,,,,,,,3.4961849451065063e-06,,2.5746412575244904e-06,,0.20476502180099487,,0.2828236520290375,,0.07863189280033112,,0.02158231846988201,0.04659855365753174,,,,,,,,,,,,,,
11,,38059,,,,,,,,,,3.719702363014221e-06,,1.419801265001297e-06,,0.23984262347221375,,0.2466057538986206,,0.07779860496520996,,0.023136183619499207,0.046320993453264236,,,,,,,,,,,,,,
11,,38069,,,,,,,,,,3.6079436540603638e-06,,1.2861564755439758e-06,,0.22657932341098785,,0.2717400789260864,,0.08562038093805313,,0.028497885912656784,0.052833184599876404,,,,,,,,,,,,,,
11,,38079,,,,,,,,,,3.295019268989563e-06,,3.5241246223449707e-06,,0.22882157564163208,,0.26578858494758606,,0.08282718062400818,,0.028477435931563377,0.05204123631119728,,,,,,,,,,,,,,
11,,38089,,,,,,,,,,2.691522240638733e-06,,9.471550583839417e-07,,0.23400941491127014,,0.2647678256034851,,0.07295727729797363,,0.020481906831264496,0.04420500993728638,,,,,,,,,,,,,,
11,,38099,,,,,,,,,,2.695247530937195e-06,,1.0728836059570312e-06,,0.2575036883354187,,0.24425649642944336,,0.08359390497207642,,0.026898156851530075,0.05032690614461899,,,,,,,,,,,,,,
11,,38109,,,,,,,,,,1.5515834093093872e-06,,1.3657845556735992e-06,,0.24014773964881897,,0.2502734065055847,,0.07967978715896606,,0.02558084949851036,0.0486832857131958,,,,,,,,,,,,,,
11,,38119,,,,,,,,,,3.7588179111480713e-06,,2.0242296159267426e-06,,0.23149457573890686,,0.2537193298339844,,0.07891969382762909,,0.026863398030400276,0.04956302419304848,,,,,,,,,,,,,,
11,,38129,,,,,,,,,,3.032386302947998e-06,,1.7941929399967194e-06,,0.2469472587108612,,0.25689876079559326,,0.09008687734603882,,0.027342263609170914,0.052346814423799515,,,,,,,,,,,,,,
11,,38139,,,,,,,,,,3.4365803003311157e-06,,2.3120082914829254e-06,,0.25507721304893494,,0.2494829148054123,,0.08438673615455627,,0.027238797396421432,0.050947755575180054,,,,,,,,,,,,,,
11,,38149,,,,,,,,,,5.06080687046051e-06,,2.244953066110611e-06,,0.22515860199928284,,0.25413456559181213,,0.08630061149597168,,0.02763395570218563,0.051470544189214706,,,,,,,,,,,,,,
11,,38159,,,,,,,,,,8.517876267433167e-06,,1.8710270524024963e-06,,0.2679656147956848,,0.25635477900505066,,0.0705098807811737,,0.022481616586446762,0.04524972662329674,,,,,,,,,,,,,,
11,,38169,,,,,,,,,,3.50363552570343e-06,,2.0712614059448242e-06,,0.24126176536083221,,0.25046873092651367,,0.08085758239030838,,0.025127001106739044,0.0485859252512455,,,,,,,,,,,,,,
11,,38179,,,,,,,,,,2.045184373855591e-06,,1.4416873455047607e-06,,0.240685373544693,,0.2587764263153076,,0.09073600172996521,,0.026598423719406128,0.051925178617239,,,,,,,,,,,,,,
11,,38189,,,,,,,,,,2.8479844331741333e-06,,2.803746610879898e-06,,0.24251289665699005,,0.2677916884422302,,0.09686693549156189,,0.0350787416100502,0.059880923479795456,,,,,,,,,,,,,,
11,,38199,,,,,,,,,,1.8477439880371094e-06,,1.6991980373859406e-06,,0.27216047048568726,,0.25593382120132446,,0.07176777720451355,,0.027188807725906372,0.04904632270336151,,,,,,,,,,,,,,
11,,38209,,,,,,,,,,2.5276094675064087e-06,,2.132728695869446e-06,,0.25465264916419983,,0.26754796504974365,,0.07342030107975006,,0.024981481954455376,0.04803967848420143,,,,,,,,,,,,,,
11,,38219,,,,,,,,,,3.296881914138794e-06,,1.6307458281517029e-06,,0.2540844678878784,,0.257904052734375,,0.07261230051517487,,0.02319028601050377,0.04608558490872383,,,,,,,,,,,,,,
11,,38229,,,,,,,,,,5.8300793170928955e-06,,2.148095518350601e-06,,0.24103745818138123,,0.26499491930007935,,0.07106242328882217,,0.023129796609282494,0.04592907428741455,,,,,,,,,,,,,,
11,,38231,,,,,,,,,,,,,,,,,,,,,,0.9836894273757935,1.0,1.0,0.9388084411621094,0.9071584343910217,0.9725507497787476,0.9918792247772217,0.050732821226119995,2.384185791015625e-07,8.940696716308594e-08,0.24322111904621124,0.2587931454181671,0.08560554683208466,0.02625095099210739
11,,38231,0.9834933876991272,1.0,1.0,0.9394984245300293,0.9070444107055664,0.9726230502128601,0.9915964007377625,0.04934489727020264,3.0094493013166357e-06,,1.647130829951493e-06,,0.24315595626831055,,0.2601258456707001,,0.08064761757850647,,0.025558091700077057,,,,,,,,,,,,,,,,
,0.0001036474508437579,38232,,,,,,,,,,,,,,,,,,,,,,,,,,,,,,,,,,,
12,,38239,,,,,,,,,,1.9315630197525024e-06,,1.909211277961731e-06,,0.1945670247077942,,0.27168214321136475,,0.077494315803051,,0.03075147420167923,0.05262183025479317,,,,,,,,,,,,,,
12,,38249,,,,,,,,,,2.9671937227249146e-06,,1.2242235243320465e-06,,0.24273726344108582,,0.25079345703125,,0.08260732889175415,,0.029995020478963852,0.052598509937524796,,,,,,,,,,,,,,
12,,38259,,,,,,,,,,2.728775143623352e-06,,1.257285475730896e-06,,0.24661654233932495,,0.25113004446029663,,0.08177806437015533,,0.029237892478704453,0.05193625018000603,,,,,,,,,,,,,,
12,,38269,,,,,,,,,,2.434477210044861e-06,,1.4761462807655334e-06,,0.2483866810798645,,0.2601099908351898,,0.08713342249393463,,0.024310873821377754,0.0496862456202507,,,,,,,,,,,,,,
12,,38279,,,,,,,,,,1.989305019378662e-06,,1.7276033759117126e-06,,0.28003406524658203,,0.24556800723075867,,0.08223194628953934,,0.024013932794332504,0.04823336750268936,,,,,,,,,,,,,,
12,,38289,,,,,,,,,,3.7904828786849976e-06,,5.357898771762848e-06,,0.2499561309814453,,0.24778151512145996,,0.08254865556955338,,0.02740340679883957,0.05058673396706581,,,,,,,,,,,,,,
12,,38299,,,,,,,,,,2.3078173398971558e-06,,4.423782229423523e-06,,0.23708082735538483,,0.26543116569519043,,0.09169922024011612,,0.02732718363404274,0.05292230471968651,,,,,,,,,,,,,,
12,,38309,,,,,,,,,,4.265457391738892e-06,,1.455657184123993e-06,,0.3035740852355957,,0.24105410277843475,,0.0914677232503891,,0.03090624511241913,0.05520028620958328,,,,,,,,,,,,,,
12,,38319,,,,,,,,,,3.4961849451065063e-06,,1.4435499906539917e-06,,0.2890039086341858,,0.26478636264801025,,0.09366650879383087,,0.0324636772274971,0.05772295594215393,,,,,,,,,,,,,,
12,,38329,,,,,,,,,,2.51084566116333e-06,,2.5513581931591034e-06,,0.24449728429317474,,0.2576518952846527,,0.06275500357151031,,0.022969279438257217,0.043946899473667145,,,,,,,,,,,,,,
12,,38339,,,,,,,,,,2.862885594367981e-06,,3.127381205558777e-06,,0.2359975427389145,,0.25543829798698425,,0.08857804536819458,,0.029454320669174194,0.05345144867897034,,,,,,,,,,,,,,
12,,38349,,,,,,,,,,1.691281795501709e-06,,1.2810342013835907e-06,,0.2505829930305481,,0.24949806928634644,,0.078804612159729,,0.026904713362455368,0.04959825426340103,,,,,,,,,,,,,,
12,,38359,,,,,,,,,,4.621222615242004e-06,,1.1762604117393494e-06,,0.24032369256019592,,0.26291927695274353,,0.08639968931674957,,0.025613371282815933,0.05056295543909073,,,,,,,,,,,,,,
12,,38369,,,,,,,,,,2.469867467880249e-06,,1.3648532330989838e-06,,0.24123156070709229,,0.24860361218452454,,0.0669253021478653,,0.01710982620716095,0.03987083211541176,,,,,,,,,,,,,,
12,,38379,,,,,,,,,,3.1981617212295532e-06,,1.955777406692505e-06,,0.24261663854122162,,0.25895634293556213,,0.07170681655406952,,0.021687734872102737,0.044703494757413864,,,,,,,,,,,,,,
12,,38389,,,,,,,,,,2.0228326320648193e-06,,2.2118911147117615e-06,,0.2677970826625824,,0.2547404170036316,,0.0674528181552887,,0.020629148930311203,0.043209027498960495,,,,,,,,,,,,,,
12,,38399,,,,,,,,,,1.737847924232483e-06,,1.0938383638858795e-06,,0.2203918993473053,,0.2714422047138214,,0.08489100635051727,,0.027830008417367935,0.05210886523127556,,,,,,,,,,,,,,
12,,38409,,,,,,,,,,1.6782432794570923e-06,,1.0496005415916443e-06,,0.20372387766838074,,0.28131037950515747,,0.08852899074554443,,0.03196568414568901,0.056160975247621536,,,,,,,,,,,,,,
12,,38419,,,,,,,,,,3.330409526824951e-06,,4.515983164310455e-06,,0.23246219754219055,,0.27324971556663513,,0.09050439298152924,,0.033481765538454056,0.05762773007154465,,,,,,,,,,,,,,
12,,38429,,,,,,,,,,1.8011778593063354e-06,,2.7636997401714325e-06,,0.26801276206970215,,0.25214314460754395,,0.07650302350521088,,0.023659899830818176,0.04706072807312012,,,,,,,,,,,,,,
12,,38439,,,,,,,,,,2.251937985420227e-06,,7.934868335723877e-07,,0.26300108432769775,,0.2520603537559509,,0.06087608262896538,,0.017647890374064445,0.03955722227692604,,,,,,,,,,,,,,
12,,38449,,,,,,,,,,2.1960586309432983e-06,,2.2659078240394592e-06,,0.2351173758506775,,0.25357627868652344,,0.08147154003381729,,0.029090451076626778,0.051748067140579224,,,,,,,,,,,,,,
12,,38459,,,,,,,,,,2.8759241104125977e-06,,1.5846453607082367e-06,,0.2668955624103546,,0.24861279129981995,,0.06888066232204437,,0.019043222069740295,0.04198920726776123,,,,,,,,,,,,,,
12,,38469,,,,,,,,,,2.4586915969848633e-06,,2.148561179637909e-06,,0.20670297741889954,,0.27610230445861816,,0.08867368847131729,,0.029294481500983238,0.05397495999932289,,,,,,,,,,,,,,
12,,38479,,,,,,,,,,3.6731362342834473e-06,,3.7527643144130707e-06,,0.27232885360717773,,0.2389400750398636,,0.08109640330076218,,0.0223393552005291,0.04636309668421745,,,,,,,,,,,,,,
12,,38489,,,,,,,,,,4.24310564994812e-06,,1.5338882803916931e-06,,0.2507832646369934,,0.2589654326438904,,0.08266235888004303,,0.025469563901424408,0.049691375344991684,,,,,,,,,,,,,,
12,,38499,,,,,,,,,,2.201646566390991e-06,,1.4933757483959198e-06,,0.2572357654571533,,0.24478687345981598,,0.06378158181905746,,0.017601771280169487,0.03965893015265465,,,,,,,,,,,,,,
12,,38509,,,,,,,,,,2.553686499595642e-06,,1.1972151696681976e-06,,0.22201767563819885,,0.28791922330856323,,0.09115119278430939,,0.03065606579184532,0.05619461089372635,,,,,,,,,,,,,,
12,,38519,,,,,,,,,,3.5744160413742065e-06,,1.607462763786316e-06,,0.24406054615974426,,0.2605215907096863,,0.07182805240154266,,0.023200582712888718,0.04595145955681801,,,,,,,,,,,,,,
12,,38529,,,,,,,,,,2.29664146900177e-06,,2.4279579520225525e-06,,0.2617998719215393,,0.26201051473617554,,0.06252890825271606,,0.022301027551293373,0.04381035268306732,,,,,,,,,,,,,,
12,,38539,,,,,,,,,,2.0992010831832886e-06,,5.873851478099823e-06,,0.2573079466819763,,0.2429436445236206,,0.06762667000293732,,0.023204810917377472,0.04449780285358429,,,,,,,,,,,,,,
12,,38549,,,,,,,,,,3.2410025596618652e-06,,2.582557499408722e-06,,0.21897712349891663,,0.2766948938369751,,0.11061912775039673,,0.03432741016149521,0.062038011848926544,,,,,,,,,,,,,,
12,,38559,,,,,,,,,,3.816559910774231e-06,,1.498498022556305e-06,,0.23978248238563538,,0.25488272309303284,,0.07650937139987946,,0.02664170414209366,0.04909635707736015,,,,,,,,,,,,,,
12,,38569,,,,,,,,,,2.8796494007110596e-06,,1.884065568447113e-06,,0.21766313910484314,,0.2604314088821411,,0.08597490936517715,,0.03067111037671566,0.0538952574133873,,,,,,,,,,,,,,
12,,38579,,,,,,,,,,2.1457672119140625e-06,,1.3033859431743622e-06,,0.21761593222618103,,0.2788841724395752,,0.0913519412279129,,0.033566128462553024,0.05794011428952217,,,,,,,,,,,,,,
12,,38589,,,,,,,,,,2.387911081314087e-06,,1.7615966498851776e-06,,0.26986998319625854,,0.2692735493183136,,0.08181735873222351,,0.023404229432344437,0.0486905612051487,,,,,,,,,,,,,,
12,,38599,,,,,,,,,,2.559274435043335e-06,,2.4028122425079346e-06,,0.2692610025405884,,0.2476072907447815,,0.06596493721008301,,0.020651521161198616,0.04262948036193848,,,,,,,,,,,,,,
12,,38609,,,,,,,,,,2.8833746910095215e-06,,1.3899989426136017e-06,,0.25089138746261597,,0.2613944113254547,,0.0724266767501831,,0.02347351610660553,0.046389468014240265,,,,,,,,,,,,,,
12,,38619,,,,,,,,,,2.3990869522094727e-06,,2.18953937292099e-06,,0.22004160284996033,,0.2777806222438812,,0.08136838674545288,,0.027384841814637184,0.051407340914011,,,,,,,,,,,,,,
12,,38629,,,,,,,,,,3.827735781669617e-06,,1.9078142940998077e-06,,0.21618413925170898,,0.26105010509490967,,0.06278964877128601,,0.017277348786592484,0.039510857313871384,,,,,,,,,,,,,,
12,,38639,,,,,,,,,,2.86102294921875e-06,,2.6337802410125732e-06,,0.22706696391105652,,0.26029542088508606,,0.08414322882890701,,0.027915548533201218,0.05158841237425804,,,,,,,,,,,,,,
12,,38649,,,,,,,,,,2.8386712074279785e-06,,2.157408744096756e-06,,0.20568493008613586,,0.27121108770370483,,0.08644483238458633,,0.023663073778152466,0.049091096967458725,,,,,,,,,,,,,,
12,,38659,,,,,,,,,,3.470107913017273e-06,,2.0274892449378967e-06,,0.20327743887901306,,0.2846612334251404,,0.06705150753259659,,0.024524394422769547,0.04670251905918121,,,,,,,,,,,,,,
12,,38669,,,,,,,,,,4.20399010181427e-06,,1.925509423017502e-06,,0.2560891807079315,,0.2470831722021103,,0.08228299021720886,,0.025236088782548904,0.048950158059597015,,,,,,,,,,,,,,
12,,38679,,,,,,,,,,3.937631845474243e-06,,1.921318471431732e-06,,0.22157888114452362,,0.265296995639801,,0.06734572350978851,,0.017256736755371094,0.040612224489450455,,,,,,,,,,,,,,
12,,38689,,,,,,,,,,2.695247530937195e-06,,1.8621794879436493e-06,,0.2470659613609314,,0.2601237893104553,,0.08353644609451294,,0.023695215582847595,0.04853496327996254,,,,,,,,,,,,,,
12,,38699,,,,,,,,,,2.291053533554077e-06,,8.121132850646973e-07,,0.23653917014598846,,0.2526742219924927,,0.0899515300989151,,0.02666303887963295,0.05149181932210922,,,,,,,,,,,,,,
12,,38709,,,,,,,,,,2.088025212287903e-06,,1.930631697177887e-06,,0.2632996141910553,,0.2363833487033844,,0.07794073224067688,,0.02554590441286564,0.04795104265213013,,,,,,,,,,,,,,
12,,38719,,,,,,,,,,3.60049307346344e-06,,1.8035061657428741e-06,,0.21935035288333893,,0.2514606714248657,,0.07751058787107468,,0.023825950920581818,0.046771854162216187,,,,,,,,,,,,,,
12,,38729,,,,,,,,,,1.7993152141571045e-06,,1.0523945093154907e-06,,0.26666319370269775,,0.27248212695121765,,0.08070126175880432,,0.02873506210744381,0.05259319022297859,,,,,,,,,,,,,,
12,,38739,,,,,,,,,,2.1047890186309814e-06,,1.5543773770332336e-06,,0.2543902099132538,,0.25483521819114685,,0.0950980857014656,,0.028665872290730476,0.05427008494734764,,,,,,,,,,,,,,
12,,38749,,,,,,,,,,1.9725412130355835e-06,,1.7909333109855652e-06,,0.2290651500225067,,0.25570303201675415,,0.09077904373407364,,0.027223946526646614,0.052122198045253754,,,,,,,,,,,,,,
12,,38759,,,,,,,,,,3.382563591003418e-06,,1.6391277313232422e-06,,0.26472026109695435,,0.2627834677696228,,0.08861497044563293,,0.03222545236349106,0.05621830001473427,,,,,,,,,,,,,,
12,,38769,,,,,,,,,,2.1364539861679077e-06,,1.541338860988617e-06,,0.24385902285575867,,0.26473116874694824,,0.08154404163360596,,0.02977675572037697,0.052901994436979294,,,,,,,,,,,,,,
12,,38779,,,,,,,,,,5.044043064117432e-06,,2.435874193906784e-06,,0.22035732865333557,,0.26740285754203796,,0.09025071561336517,,0.026558712124824524,0.05197056382894516,,,,,,,,,,,,,,
12,,38789,,,,,,,,,,2.941116690635681e-06,,1.2847594916820526e-06,,0.18502502143383026,,0.28052210807800293,,0.08178581297397614,,0.028746452182531357,0.05222516879439354,,,,,,,,,,,,,,
12,,38799,,,,,,,,,,2.99699604511261e-06,,1.8775463104248047e-06,,0.25501930713653564,,0.25270044803619385,,0.06498198956251144,,0.023474378511309624,0.04463465139269829,,,,,,,,,,,,,,
12,,38809,,,,,,,,,,1.9837170839309692e-06,,1.2950040400028229e-06,,0.2668966054916382,,0.250976026058197,,0.0746106207370758,,0.02235252782702446,0.045657236129045486,,,,,,,,,,,,,,
12,,38819,,,,,,,,,,3.4496188163757324e-06,,1.2568198144435883e-06,,0.23797640204429626,,0.2485533356666565,,0.08411257714033127,,0.025525670498609543,0.04936714842915535,,,,,,,,,,,,,,
12,,38829,,,,,,,,,,2.2649765014648438e-06,,1.0931398719549179e-05,,0.2747899889945984,,0.23652401566505432,,0.0790007933974266,,0.022676466032862663,0.04613855481147766,,,,,,,,,,,,,,
12,,38839,,,,,,,,,,2.423301339149475e-06,,1.4156103134155273e-06,,0.221809983253479,,0.26767027378082275,,0.06445885449647903,,0.016323857009410858,0.03948495537042618,,,,,,,,,,,,,,
12,,38849,,,,,,,,,,2.0693987607955933e-06,,1.5031546354293823e-06,,0.256033718585968,,0.2585481107234955,,0.07537011802196503,,0.025611668825149536,0.0484723262488842,,,,,,,,,,,,,,
12,,38859,,,,,,,,,,4.002824425697327e-06,,1.698266714811325e-06,,0.2388128936290741,,0.2596586346626282,,0.07301534712314606,,0.022573895752429962,0.04560202732682228,,,,,,,,,,,,,,
12,,38869,,,,,,,,,,2.855435013771057e-06,,1.5851110219955444e-06,,0.2450127899646759,,0.26253145933151245,,0.07982178032398224,,0.019442925229668617,0.044737111777067184,,,,,,,,,,,,,,
12,,38879,,,,,,,,,,3.432855010032654e-06,,1.5236437320709229e-06,,0.2401755005121231,,0.2665802240371704,,0.07436876744031906,,0.023305155336856842,0.0467449352145195,,,,,,,,,,,,,,
12,,38889,,,,,,,,,,2.738088369369507e-06,,1.507345587015152e-06,,0.29434168338775635,,0.24744674563407898,,0.062121618539094925,,0.022512705996632576,0.04359136521816254,,,,,,,,,,,,,,
12,,38899,,,,,,,,,,2.387911081314087e-06,,1.460779458284378e-06,,0.1895599067211151,,0.2689836919307709,,0.09668084979057312,,0.026803916320204735,0.05307358130812645,,,,,,,,,,,,,,
12,,38909,,,,,,,,,,3.2614916563034058e-06,,1.4891847968101501e-06,,0.2468309998512268,,0.24858926236629486,,0.08095662295818329,,0.023772330954670906,0.04756540805101395,,,,,,,,,,,,,,
12,,38919,,,,,,,,,,1.6968697309494019e-06,,1.964624971151352e-06,,0.23933805525302887,,0.26298391819000244,,0.10226619988679886,,0.03103090077638626,0.05759427323937416,,,,,,,,,,,,,,
12,,38929,,,,,,,,,,3.3657997846603394e-06,,2.1816231310367584e-06,,0.2040599286556244,,0.27584314346313477,,0.09910640120506287,,0.03206394985318184,0.05796604976058006,,,,,,,,,,,,,,
12,,38939,,,,,,,,,,4.429370164871216e-06,,1.009088009595871e-06,,0.2187495231628418,,0.2484385371208191,,0.07320811599493027,,0.018347080796957016,0.04170604795217514,,,,,,,,,,,,,,
12,,38949,,,,,,,,,,2.164393663406372e-06,,1.748558133840561e-06,,0.28125715255737305,,0.24821646511554718,,0.07673226296901703,,0.025522056967020035,0.048471808433532715,,,,,,,,,,,,,,
12,,38959,,,,,,,,,,3.164634108543396e-06,,1.2079253792762756e-06,,0.24282383918762207,,0.2714104652404785,,0.08661097288131714,,0.02804204821586609,0.05285196378827095,,,,,,,,,,,,,,
12,,38969,,,,,,,,,,2.2817403078079224e-06,,1.4677643775939941e-06,,0.28662097454071045,,0.23569181561470032,,0.07189465314149857,,0.01886077970266342,0.04204299673438072,,,,,,,,,,,,,,
12,,38979,,,,,,,,,,2.9187649488449097e-06,,1.423526555299759e-06,,0.2531217336654663,,0.2541525661945343,,0.0725661888718605,,0.019907139241695404,0.043426793068647385,,,,,,,,,,,,,,
12,,38989,,,,,,,,,,2.6151537895202637e-06,,1.205597072839737e-06,,0.2462543547153473,,0.27182281017303467,,0.07868298143148422,,0.025443319231271744,0.04947512224316597,,,,,,,,,,,,,,
12,,38999,,,,,,,,,,2.175569534301758e-06,,1.9562430679798126e-06,,0.21900084614753723,,0.2729414403438568,,0.09168943017721176,,0.024937456473708153,0.05126793310046196,,,,,,,,,,,,,,
12,,39009,,,,,,,,,,2.210959792137146e-06,,1.7676502466201782e-06,,0.23884811997413635,,0.2634560167789459,,0.08799707144498825,,0.02472039684653282,0.050200510770082474,,,,,,,,,,,,,,
12,,39019,,,,,,,,,,2.684071660041809e-06,,8.409842848777771e-07,,0.20673318207263947,,0.2635963559150696,,0.08391810953617096,,0.025963343679904938,0.049998100847005844,,,,,,,,,,,,,,
12,,39029,,,,,,,,,,1.9744038581848145e-06,,1.0151416063308716e-06,,0.2683274745941162,,0.2559792995452881,,0.06428124010562897,,0.02003565803170204,0.04223328456282616,,,,,,,,,,,,,,
12,,39039,,,,,,,,,,2.9299408197402954e-06,,1.0272487998008728e-06,,0.24140232801437378,,0.2614036798477173,,0.07887992262840271,,0.027805276215076447,0.05073856562376022,,,,,,,,,,,,,,
12,,39049,,,,,,,,,,2.201646566390991e-06,,1.6479752957820892e-06,,0.23753565549850464,,0.25202664732933044,,0.08026726543903351,,0.02364548295736313,0.04739317297935486,,,,,,,,,,,,,,
12,,39059,,,,,,,,,,2.8349459171295166e-06,,9.87667590379715e-07,,0.20815575122833252,,0.26627886295318604,,0.07882377505302429,,0.02483537793159485,0.04833894595503807,,,,,,,,,,,,,,
12,,39069,,,,,,,,,,1.6354024410247803e-06,,1.0016374289989471e-06,,0.2215304672718048,,0.261302649974823,,0.08408738672733307,,0.02632446214556694,0.050366658717393875,,,,,,,,,,,,,,
12,,39079,,,,,,,,,,1.428648829460144e-06,,1.596752554178238e-06,,0.2354806661605835,,0.2633832097053528,,0.0957019254565239,,0.03106870874762535,0.05636503919959068,,,,,,,,,,,,,,
12,,39089,,,,,,,,,,1.7136335372924805e-06,,1.109205186367035e-06,,0.24699008464813232,,0.27171123027801514,,0.09008438885211945,,0.027465295046567917,0.05313365161418915,,,,,,,,,,,,,,
12,,39099,,,,,,,,,,3.1515955924987793e-06,,2.6891939342021942e-06,,0.24282829463481903,,0.26124802231788635,,0.07780209183692932,,0.02576952800154686,0.04901866614818573,,,,,,,,,,,,,,
12,,39109,,,,,,,,,,2.425163984298706e-06,,9.834766387939453e-07,,0.21618004143238068,,0.26256421208381653,,0.06717254966497421,,0.022005852311849594,0.04395103454589844,,,,,,,,,,,,,,
12,,39119,,,,,,,,,,2.115964889526367e-06,,1.4253892004489899e-06,,0.20394442975521088,,0.26143741607666016,,0.08947090804576874,,0.02544325217604637,0.05051542446017265,,,,,,,,,,,,,,
12,,39129,,,,,,,,,,1.3709068298339844e-06,,1.1427327990531921e-06,,0.2742248475551605,,0.24018594622612,,0.07888719439506531,,0.023240268230438232,0.046705249696969986,,,,,,,,,,,,,,
12,,39139,,,,,,,,,,2.158805727958679e-06,,1.3578683137893677e-06,,0.23471128940582275,,0.254433274269104,,0.06685477495193481,,0.02374577522277832,0.04503268375992775,,,,,,,,,,,,,,
12,,39149,,,,,,,,,,3.866851329803467e-06,,1.1580996215343475e-06,,0.2850711941719055,,0.24772825837135315,,0.07940355688333511,,0.02014070749282837,0.04495761916041374,,,,,,,,,,,,,,
12,,39159,,,,,,,,,,2.8423964977264404e-06,,1.0775402188301086e-06,,0.2059783935546875,,0.27096691727638245,,0.08304434269666672,,0.02529118023812771,0.049666717648506165,,,,,,,,,,,,,,
12,,39169,,,,,,,,,,2.333894371986389e-06,,1.3648532330989838e-06,,0.2297825962305069,,0.2572971284389496,,0.07375527918338776,,0.02302936092019081,0.04586590453982353,,,,,,,,,,,,,,
12,,39179,,,,,,,,,,3.078952431678772e-06,,1.0356307029724121e-06,,0.19888538122177124,,0.26968246698379517,,0.08161891996860504,,0.027405230328440666,0.05084194615483284,,,,,,,,,,,,,,
12,,39189,,,,,,,,,,2.214685082435608e-06,,5.189795047044754e-06,,0.24191157519817352,,0.27795085310935974,,0.08252917975187302,,0.02759571745991707,0.05204758420586586,,,,,,,,,,,,,,
12,,39199,,,,,,,,,,1.650303602218628e-06,,1.2838281691074371e-06,,0.2710711658000946,,0.24756431579589844,,0.07612082362174988,,0.02506091818213463,0.04786122217774391,,,,,,,,,,,,,,
12,,39209,,,,,,,,,,2.002343535423279e-06,,1.9031576812267303e-06,,0.2512839138507843,,0.2538725733757019,,0.0817408412694931,,0.02071336656808853,0.04571761190891266,,,,,,,,,,,,,,
12,,39219,,,,,,,,,,4.550442099571228e-06,,1.6060657799243927e-06,,0.2738550305366516,,0.256527304649353,,0.07741784304380417,,0.02772936224937439,0.05055917799472809,,,,,,,,,,,,,,
12,,39229,,,,,,,,,,3.935769200325012e-06,,1.9925646483898163e-06,,0.21393337845802307,,0.2690090537071228,,0.08114726841449738,,0.030053354799747467,0.05288488417863846,,,,,,,,,,,,,,
12,,39239,,,,,,,,,,2.2873282432556152e-06,,1.3345852494239807e-06,,0.2562381625175476,,0.25294187664985657,,0.09001120924949646,,0.02826138585805893,0.052945517003536224,,,,,,,,,,,,,,
12,,39249,,,,,,,,,,3.086403012275696e-06,,8.544884622097015e-06,,0.26236826181411743,,0.25902724266052246,,0.06137460470199585,,0.014844266697764397,0.0378667414188385,,,,,,,,,,,,,,
12,,39259,,,,,,,,,,3.6749988794326782e-06,,1.4049001038074493e-06,,0.26567453145980835,,0.24144244194030762,,0.07706107199192047,,0.01976516842842102,0.0437144935131073,,,,,,,,,,,,,,
12,,39269,,,,,,,,,,2.4866312742233276e-06,,1.4319084584712982e-06,,0.22813215851783752,,0.26068639755249023,,0.0924951359629631,,0.031021298840641975,0.05551547184586525,,,,,,,,,,,,,,
12,,39279,,,,,,,,,,2.5015324354171753e-06,,1.02166086435318e-06,,0.21320027112960815,,0.27970820665359497,,0.08861291408538818,,0.0246755201369524,0.050743717700242996,,,,,,,,,,,,,,
12,,39289,,,,,,,,,,1.816079020500183e-06,,9.853392839431763e-07,,0.24989444017410278,,0.24669764935970306,,0.0890577957034111,,0.030548101291060448,0.05411503463983536,,,,,,,,,,,,,,
12,,39299,,,,,,,,,,2.7548521757125854e-06,,2.0265579223632812e-06,,0.2185697853565216,,0.26504117250442505,,0.07319127768278122,,0.02505188062787056,0.047509051859378815,,,,,,,,,,,,,,
12,,39309,,,,,,,,,,2.9299408197402954e-06,,4.163477569818497e-06,,0.21796847879886627,,0.2669339179992676,,0.06245139613747597,,0.016208264976739883,0.03894220292568207,,,,,,,,,,,,,,
12,,39319,,,,,,,,,,2.9150396585464478e-06,,2.7762725949287415e-06,,0.22222624719142914,,0.2769947052001953,,0.08750100433826447,,0.032027509063482285,0.056029099971055984,,,,,,,,,,,,,,
12,,39329,,,,,,,,,,2.47173011302948e-06,,1.7709098756313324e-06,,0.251241534948349,,0.2692251205444336,,0.08373613655567169,,0.025971759110689163,0.05075591057538986,,,,,,,,,,,,,,
12,,39339,,,,,,,,,,2.8945505619049072e-06,,2.2319145500659943e-06,,0.21307244896888733,,0.26527267694473267,,0.08768683671951294,,0.029392141848802567,0.053430043160915375,,,,,,,,,,,,,,
12,,39349,,,,,,,,,,3.4961849451065063e-06,,1.6619451344013214e-06,,0.2142484188079834,,0.2622224688529968,,0.07220329344272614,,0.02204817160964012,0.044887617230415344,,,,,,,,,,,,,,
12,,39359,,,,,,,,,,2.7418136596679688e-06,,1.1771917343139648e-06,,0.26526662707328796,,0.23552444577217102,,0.07907058298587799,,0.025359630584716797,0.04800598323345184,,,,,,,,,,,,,,
12,,39369,,,,,,,,,,4.2282044887542725e-06,,1.5408731997013092e-06,,0.24657496809959412,,0.2611643671989441,,0.06439552456140518,,0.019372735172510147,0.041745539754629135,,,,,,,,,,,,,,
12,,39379,,,,,,,,,,3.17208468914032e-06,,1.9972212612628937e-06,,0.2746315598487854,,0.23500239849090576,,0.0664994940161705,,0.017399216070771217,0.03976185619831085,,,,,,,,,,,,,,
12,,39389,,,,,,,,,,6.541609764099121e-06,,1.7774291336536407e-06,,0.23695465922355652,,0.24971464276313782,,0.08742573857307434,,0.027266180142760277,0.05133669450879097,,,,,,,,,,,,,,
12,,39399,,,,,,,,,,1.247599720954895e-05,,2.705492079257965e-06,,0.2713540196418762,,0.25288429856300354,,0.07526995241641998,,0.02387315034866333,0.047063373029232025,,,,,,,,,,,,,,
12,,39409,,,,,,,,,,1.8514692783355713e-06,,2.119690179824829e-06,,0.255940318107605,,0.27336135506629944,,0.07637473940849304,,0.024576237425208092,0.04857742413878441,,,,,,,,,,,,,,
12,,39419,,,,,,,,,,1.7248094081878662e-06,,1.4225952327251434e-06,,0.24038007855415344,,0.24249312281608582,,0.07244238257408142,,0.0238896943628788,0.04569519683718681,,,,,,,,,,,,,,
12,,39429,,,,,,,,,,2.3208558559417725e-06,,1.3075768947601318e-06,,0.20192256569862366,,0.27060210704803467,,0.09115023910999298,,0.03259406238794327,0.056600797921419144,,,,,,,,,,,,,,
12,,39439,,,,,,,,,,3.3471733331680298e-06,,9.355135262012482e-07,,0.2937470078468323,,0.24797353148460388,,0.04970833659172058,,0.013558425009250641,0.03456368297338486,,,,,,,,,,,,,,
12,,39449,,,,,,,,,,3.3043324947357178e-06,,1.3140961527824402e-06,,0.26892057061195374,,0.26514166593551636,,0.07678242027759552,,0.02154000662267208,0.04614290967583656,,,,,,,,,,,,,,
12,,39459,,,,,,,,,,2.5890767574310303e-06,,2.761371433734894e-06,,0.2704886794090271,,0.2583577334880829,,0.09502942860126495,,0.029866717755794525,0.05551192909479141,,,,,,,,,,,,,,
12,,39469,,,,,,,,,,4.930421710014343e-06,,1.955311745405197e-06,,0.24164119362831116,,0.23902517557144165,,0.07216581702232361,,0.02713523432612419,0.047930266708135605,,,,,,,,,,,,,,
12,,39479,,,,,,,,,,2.594664692878723e-06,,9.927898645401e-07,,0.25985366106033325,,0.25970637798309326,,0.07816918194293976,,0.024050021544098854,0.047924838960170746,,,,,,,,,,,,,,
12,,39489,,,,,,,,,,1.5329569578170776e-06,,1.1264346539974213e-06,,0.22435632348060608,,0.2676376402378082,,0.07997465133666992,,0.020404141396284103,0.04548415169119835,,,,,,,,,,,,,,
12,,39499,,,,,,,,,,1.6130506992340088e-06,,1.285690814256668e-06,,0.24244891107082367,,0.2540110945701599,,0.06976591050624847,,0.018220659345388412,0.04150471091270447,,,,,,,,,,,,,,
12,,39509,,,,,,,,,,2.25752592086792e-06,,1.2745149433612823e-06,,0.21934086084365845,,0.25689154863357544,,0.08584406226873398,,0.024696746841073036,0.0492425374686718,,,,,,,,,,,,,,
12,,39519,,,,,,,,,,2.3078173398971558e-06,,1.1362135410308838e-06,,0.2645348608493805,,0.25403252243995667,,0.08828449249267578,,0.029283197596669197,0.053536608815193176,,,,,,,,,,,,,,
12,,39529,,,,,,,,,,2.3134052753448486e-06,,5.003064870834351e-06,,0.25432395935058594,,0.25106775760650635,,0.08292165398597717,,0.026021214202046394,0.04982506111264229,,,,,,,,,,,,,,
12,,39539,,,,,,,,,,2.8219074010849e-06,,1.4146789908409119e-06,,0.25482767820358276,,0.24599452316761017,,0.07695488631725311,,0.023754164576530457,0.04677334427833557,,,,,,,,,,,,,,
12,,39549,,,,,,,,,,1.4603137969970703e-06,,1.0342337191104889e-06,,0.24230968952178955,,0.27081745862960815,,0.08038244396448135,,0.023636486381292343,0.04834502190351486,,,,,,,,,,,,,,
12,,39559,,,,,,,,,,2.088025212287903e-06,,1.3331882655620575e-06,,0.2699066996574402,,0.25761476159095764,,0.07522603869438171,,0.02303794026374817,0.046633388847112656,,,,,,,,,,,,,,
12,,39569,,,,,,,,,,3.4850090742111206e-06,,9.336508810520172e-07,,0.2520359754562378,,0.27286404371261597,,0.08913818746805191,,0.02887655794620514,0.05412810295820236,,,,,,,,,,,,,,
12,,39579,,,,,,,,,,2.8274953365325928e-06,,1.953449100255966e-06,,0.2478477656841278,,0.26756542921066284,,0.07563531398773193,,0.025690682232379913,0.04890817776322365,,,,,,,,,,,,,,
12,,39589,,,,,,,,,,4.7031790018081665e-06,,2.5900080800056458e-06,,0.3561743497848511,,0.20394577085971832,,0.07244604825973511,,0.01626424305140972,0.039525356143713,,,,,,,,,,,,,,
12,,39599,,,,,,,,,,3.0975788831710815e-06,,1.2367963790893555e-06,,0.2205606997013092,,0.28014975786209106,,0.09892427176237106,,0.03586544841527939,0.06117904931306839,,,,,,,,,,,,,,
12,,39609,,,,,,,,,,2.9653310775756836e-06,,2.3837201297283173e-06,,0.24635283648967743,,0.2622068524360657,,0.07800139486789703,,0.02274750918149948,0.0468752421438694,,,,,,,,,,,,,,
12,,39619,,,,,,,,,,2.2854655981063843e-06,,2.1667219698429108e-06,,0.2565498650074005,,0.26411721110343933,,0.08405937254428864,,0.024886194616556168,0.04982488974928856,,,,,,,,,,,,,,
12,,39629,,,,,,,,,,3.6712735891342163e-06,,1.1469237506389618e-06,,0.24009770154953003,,0.2692219913005829,,0.08083606511354446,,0.025237875059247017,0.049530696123838425,,,,,,,,,,,,,,
12,,39639,,,,,,,,,,2.1774321794509888e-06,,1.353677362203598e-06,,0.27484577894210815,,0.23844972252845764,,0.0686592310667038,,0.026303332298994064,0.047010764479637146,,,,,,,,,,,,,,
12,,39649,,,,,,,,,,3.0547380447387695e-06,,1.339241862297058e-06,,0.26216328144073486,,0.25454282760620117,,0.07750295102596283,,0.027373649179935455,0.050078194588422775,,,,,,,,,,,,,,
12,,39659,,,,,,,,,,2.0079314708709717e-06,,1.0337680578231812e-06,,0.2227138876914978,,0.2659912705421448,,0.08245869725942612,,0.022900894284248352,0.04772660508751869,,,,,,,,,,,,,,
12,,39669,,,,,,,,,,2.3301690816879272e-06,,1.3704411685466766e-06,,0.23604020476341248,,0.24582462012767792,,0.07469183206558228,,0.02314116060733795,0.04566086828708649,,,,,,,,,,,,,,
12,,39679,,,,,,,,,,2.648681402206421e-06,,1.0356307029724121e-06,,0.23793314397335052,,0.2514318525791168,,0.08418764173984528,,0.025420252233743668,0.04943659529089928,,,,,,,,,,,,,,
12,,39689,,,,,,,,,,4.041939973831177e-06,,1.9739381968975067e-06,,0.30739259719848633,,0.23937886953353882,,0.07975746691226959,,0.024054711684584618,0.047830384224653244,,,,,,,,,,,,,,
12,,39699,,,,,,,,,,2.0265579223632812e-06,,1.191161572933197e-06,,0.2263302505016327,,0.266981840133667,,0.07677086442708969,,0.02829437330365181,0.0507948063313961,,,,,,,,,,,,,,
12,,39709,,,,,,,,,,2.7958303689956665e-06,,1.3210810720920563e-06,,0.2719309628009796,,0.24702593684196472,,0.08004972338676453,,0.02573383040726185,0.04908772185444832,,,,,,,,,,,,,,
12,,39719,,,,,,,,,,2.0954757928848267e-06,,1.0235235095024109e-06,,0.2575805187225342,,0.2524186372756958,,0.07073259353637695,,0.02272181771695614,0.045165400952100754,,,,,,,,,,,,,,
12,,39729,,,,,,,,,,2.4847686290740967e-06,,2.162531018257141e-06,,0.221812903881073,,0.2523578107357025,,0.08184581249952316,,0.021399080753326416,0.04583524167537689,,,,,,,,,,,,,,
12,,39739,,,,,,,,,,2.425163984298706e-06,,1.6540288925170898e-06,,0.22844672203063965,,0.2561801075935364,,0.08503633737564087,,0.02330147475004196,0.04811772704124451,,,,,,,,,,,,,,
12,,39749,,,,,,,,,,2.723187208175659e-06,,3.768596798181534e-06,,0.23869681358337402,,0.25114303827285767,,0.07204942405223846,,0.018665427342057228,0.042088184505701065,,,,,,,,,,,,,,
12,,39759,,,,,,,,,,2.8219074010849e-06,,1.1418014764785767e-06,,0.22754982113838196,,0.276273250579834,,0.09058520197868347,,0.03174568712711334,0.05642467737197876,,,,,,,,,,,,,,
12,,39769,,,,,,,,,,3.201887011528015e-06,,1.4295801520347595e-06,,0.2635541260242462,,0.25273779034614563,,0.07478109002113342,,0.029530806466937065,0.051117654889822006,,,,,,,,,,,,,,
12,,39779,,,,,,,,,,1.5422701835632324e-06,,1.137610524892807e-06,,0.22882339358329773,,0.2686898410320282,,0.0909181609749794,,0.03769237548112869,0.06060759723186493,,,,,,,,,,,,,,
12,,39789,,,,,,,,,,2.1569430828094482e-06,,2.2547319531440735e-06,,0.2556399703025818,,0.24882721900939941,,0.09894503653049469,,0.026537828147411346,0.05312810465693474,,,,,,,,,,,,,,
12,,39799,,,,,,,,,,1.8496066331863403e-06,,1.57160684466362e-06,,0.2974133789539337,,0.24670058488845825,,0.08007653802633286,,0.022027980536222458,0.04659612104296684,,,,,,,,,,,,,,
12,,39809,,,,,,,,,,2.1532177925109863e-06,,9.285286068916321e-07,,0.21331638097763062,,0.26671886444091797,,0.08639556169509888,,0.026097998023033142,0.05078732222318649,,,,,,,,,,,,,,
12,,39819,,,,,,,,,,2.9355287551879883e-06,,1.1669471859931946e-06,,0.24428626894950867,,0.27737003564834595,,0.07993508875370026,,0.029714159667491913,0.053150881081819534,,,,,,,,,,,,,,
12,,39829,,,,,,,,,,1.8980354070663452e-06,,6.891787052154541e-07,,0.2340262532234192,,0.2470645010471344,,0.0897698923945427,,0.026303928345441818,0.05089587718248367,,,,,,,,,,,,,,
12,,39839,,,,,,,,,,1.994892954826355e-06,,6.73346221446991e-07,,0.23832593858242035,,0.24915555119514465,,0.0642520859837532,,0.019360387697815895,0.04104962944984436,,,,,,,,,,,,,,
12,,39849,,,,,,,,,,2.691522240638733e-06,,5.615875124931335e-07,,0.23587246239185333,,0.2653375267982483,,0.0682249590754509,,0.018491147086024284,0.04187259450554848,,,,,,,,,,,,,,
12,,39859,,,,,,,,,,1.1920928955078125e-06,,7.338821887969971e-07,,0.25333213806152344,,0.2542983293533325,,0.0784357339143753,,0.022934962064027786,0.04680832475423813,,,,,,,,,,,,,,
12,,39869,,,,,,,,,,1.730397343635559e-06,,1.0961666703224182e-06,,0.24901382625102997,,0.2750970721244812,,0.0846109688282013,,0.02798718586564064,0.05268112197518349,,,,,,,,,,,,,,
12,,39879,,,,,,,,,,2.2668391466140747e-06,,2.2207386791706085e-06,,0.24285605549812317,,0.25253593921661377,,0.10355676710605621,,0.031923823058605194,0.05805753543972969,,,,,,,,,,,,,,
12,,39889,,,,,,,,,,2.462416887283325e-06,,1.044943928718567e-06,,0.24987030029296875,,0.25588375329971313,,0.08377878367900848,,0.024999644607305527,0.04939303547143936,,,,,,,,,,,,,,
12,,39899,,,,,,,,,,3.259629011154175e-06,,1.6787089407444e-06,,0.22188597917556763,,0.26900714635849,,0.08741772174835205,,0.028288349509239197,0.05282993242144585,,,,,,,,,,,,,,
12,,39909,,,,,,,,,,2.302229404449463e-06,,8.097849786281586e-07,,0.2362428605556488,,0.26202964782714844,,0.0823570042848587,,0.02852873131632805,0.051902275532484055,,,,,,,,,,,,,,
12,,39919,,,,,,,,,,1.218169927597046e-06,,8.749775588512421e-07,,0.26621970534324646,,0.2528490424156189,,0.07971358299255371,,0.02660616859793663,0.04988516494631767,,,,,,,,,,,,,,
12,,39929,,,,,,,,,,2.99699604511261e-06,,1.1622905731201172e-06,,0.24565955996513367,,0.24938993155956268,,0.07028444111347198,,0.019450023770332336,0.04234516993165016,,,,,,,,,,,,,,
12,,39939,,,,,,,,,,1.6819685697555542e-06,,1.0742805898189545e-06,,0.28035968542099,,0.2487417459487915,,0.08161034435033798,,0.026670340448617935,0.0502622053027153,,,,,,,,,,,,,,
12,,39949,,,,,,,,,,2.553686499595642e-06,,1.8817372620105743e-06,,0.25478410720825195,,0.24938471615314484,,0.07249712944030762,,0.022718220949172974,0.0453186109662056,,,,,,,,,,,,,,
12,,39959,,,,,,,,,,1.909211277961731e-06,,2.2514723241329193e-06,,0.2841491103172302,,0.2350013256072998,,0.07103792577981949,,0.02426995523273945,0.04587884619832039,,,,,,,,,,,,,,
12,,39969,,,,,,,,,,2.2705644369125366e-06,,1.310836523771286e-06,,0.2855200171470642,,0.231261745095253,,0.08632376790046692,,0.029170241206884384,0.052262481302022934,,,,,,,,,,,,,,
12,,39979,,,,,,,,,,2.25752592086792e-06,,8.810311555862427e-07,,0.2717456519603729,,0.26367148756980896,,0.08088284730911255,,0.02733573317527771,0.05122396722435951,,,,,,,,,,,,,,
12,,39989,,,,,,,,,,1.9203871488571167e-06,,1.0333023965358734e-06,,0.2639091908931732,,0.2515546679496765,,0.08392974734306335,,0.03147139400243759,0.054237931966781616,,,,,,,,,,,,,,
12,,39999,,,,,,,,,,3.296881914138794e-06,,1.3532117009162903e-06,,0.23330798745155334,,0.26280146837234497,,0.07734696567058563,,0.022567272186279297,0.04649226367473602,,,,,,,,,,,,,,
12,,40009,,,,,,,,,,1.389533281326294e-06,,1.539476215839386e-06,,0.21501317620277405,,0.283414751291275,,0.0643295869231224,,0.023458238691091537,0.04547133669257164,,,,,,,,,,,,,,
12,,40019,,,,,,,,,,1.296401023864746e-06,,1.5068799257278442e-06,,0.22596046328544617,,0.2568743824958801,,0.07223160564899445,,0.02459023892879486,0.04668647050857544,,,,,,,,,,,,,,
12,,40029,,,,,,,,,,1.519918441772461e-06,,2.4228356778621674e-06,,0.2629994750022888,,0.26598072052001953,,0.06945307552814484,,0.024535056203603745,0.04698509722948074,,,,,,,,,,,,,,
12,,40039,,,,,,,,,,1.7192214727401733e-06,,1.2312084436416626e-06,,0.2584720849990845,,0.25310230255126953,,0.082013338804245,,0.028108835220336914,0.05136481299996376,,,,,,,,,,,,,,
12,,40049,,,,,,,,,,1.1585652828216553e-06,,3.5264529287815094e-06,,0.20012611150741577,,0.25917598605155945,,0.07392649352550507,,0.022835414856672287,0.045492999255657196,,,,,,,,,,,,,,
12,,40059,,,,,,,,,,2.0135194063186646e-06,,1.312699168920517e-06,,0.2513233423233032,,0.2494981586933136,,0.07182323187589645,,0.02503899857401848,0.04689798504114151,,,,,,,,,,,,,,
12,,40069,,,,,,,,,,1.8086284399032593e-06,,8.749775588512421e-07,,0.2874697744846344,,0.2257356345653534,,0.06985530257225037,,0.021836811676621437,0.04343622922897339,,,,,,,,,,,,,,
12,,40079,,,,,,,,,,4.235655069351196e-06,,1.4098826795816422e-05,,0.21622388064861298,,0.27199995517730713,,0.06822459399700165,,0.019715221598744392,0.04287290945649147,,,,,,,,,,,,,,
12,,40089,,,,,,,,,,3.7103891372680664e-06,,1.1003576219081879e-06,,0.22801780700683594,,0.2692243456840515,,0.095920130610466,,0.03863966464996338,0.062271956354379654,,,,,,,,,,,,,,
12,,40099,,,,,,,,,,2.0265579223632812e-06,,3.1404197216033936e-06,,0.22515863180160522,,0.2645381987094879,,0.08428608626127243,,0.026942910626530647,0.05106210708618164,,,,,,,,,,,,,,
12,,40109,,,,,,,,,,2.034008502960205e-06,,1.5133991837501526e-06,,0.229787677526474,,0.26214855909347534,,0.08648055046796799,,0.032121725380420685,0.05530094355344772,,,,,,,,,,,,,,
12,,40119,,,,,,,,,,1.601874828338623e-06,,1.6517005860805511e-06,,0.2586628794670105,,0.2665412425994873,,0.07505457103252411,,0.02481984905898571,0.04822472855448723,,,,,,,,,,,,,,
12,,40129,,,,,,,,,,1.8384307622909546e-06,,1.3560056686401367e-06,,0.2657390832901001,,0.24845317006111145,,0.06366914510726929,,0.018718097358942032,0.040746863931417465,,,,,,,,,,,,,,
12,,40139,,,,,,,,,,1.560896635055542e-06,,1.5688128769397736e-06,,0.21153223514556885,,0.2601318061351776,,0.07501130551099777,,0.021017517894506454,0.044511206448078156,,,,,,,,,,,,,,
12,,40149,,,,,,,,,,1.6093254089355469e-06,,1.778826117515564e-06,,0.22648832201957703,,0.255313515663147,,0.07208579033613205,,0.019814953207969666,0.043009787797927856,,,,,,,,,,,,,,
12,,40159,,,,,,,,,,1.4919787645339966e-06,,1.4049001038074493e-06,,0.282414972782135,,0.24560821056365967,,0.08925311267375946,,0.02615220472216606,0.05118405073881149,,,,,,,,,,,,,,
12,,40169,,,,,,,,,,1.8887221813201904e-06,,8.516944944858551e-07,,0.23455917835235596,,0.25493496656417847,,0.079610176384449,,0.02899393066763878,0.05138372257351875,,,,,,,,,,,,,,
12,,40179,,,,,,,,,,1.5310943126678467e-06,,1.6153790056705475e-06,,0.2800203561782837,,0.2670937478542328,,0.0858432799577713,,0.030313080176711082,0.05464528128504753,,,,,,,,,,,,,,
12,,40189,,,,,,,,,,1.4230608940124512e-06,,9.08970832824707e-07,,0.20682010054588318,,0.26676273345947266,,0.07835690677165985,,0.0241277776658535,0.04772758111357689,,,,,,,,,,,,,,
12,,40199,,,,,,,,,,2.378597855567932e-06,,9.313225746154785e-07,,0.2515101432800293,,0.25446832180023193,,0.07249327003955841,,0.022945795208215714,0.045688580721616745,,,,,,,,,,,,,,
12,,40209,,,,,,,,,,2.0042061805725098e-06,,1.1031515896320343e-06,,0.19838374853134155,,0.2677697241306305,,0.08660323917865753,,0.033003807067871094,0.05588113144040108,,,,,,,,,,,,,,
12,,40219,,,,,,,,,,2.8423964977264404e-06,,1.373235136270523e-06,,0.2323499172925949,,0.2711780071258545,,0.08037521690130234,,0.028228528797626495,0.051688697189092636,,,,,,,,,,,,,,
12,,40229,,,,,,,,,,3.466382622718811e-06,,1.0961666703224182e-06,,0.2442462146282196,,0.2601964771747589,,0.07692332565784454,,0.02033342234790325,0.044743090867996216,,,,,,,,,,,,,,
12,,40239,,,,,,,,,,1.6707926988601685e-06,,9.634532034397125e-07,,0.28359630703926086,,0.2360166609287262,,0.09169062227010727,,0.024567212909460068,0.050016287714242935,,,,,,,,,,,,,,
12,,40249,,,,,,,,,,1.3671815395355225e-06,,1.2088567018508911e-06,,0.28007686138153076,,0.24232734739780426,,0.0776815414428711,,0.02709905430674553,0.049542929977178574,,,,,,,,,,,,,,
12,,40259,,,,,,,,,,1.5981495380401611e-06,,1.591164618730545e-06,,0.2348225712776184,,0.24473659694194794,,0.0886099636554718,,0.029223009943962097,0.05276837199926376,,,,,,,,,,,,,,
12,,40269,,,,,,,,,,2.0265579223632812e-06,,1.325272023677826e-06,,0.2684239149093628,,0.26843541860580444,,0.07920175790786743,,0.030027268454432487,0.05311225727200508,,,,,,,,,,,,,,
12,,40279,,,,,,,,,,3.471970558166504e-06,,1.5371479094028473e-06,,0.24916835129261017,,0.2743864357471466,,0.06996269524097443,,0.026336487382650375,0.048664070665836334,,,,,,,,,,,,,,
12,,40289,,,,,,,,,,8.458271622657776e-06,,1.4682300388813019e-06,,0.17343676090240479,,0.2810550332069397,,0.0884392261505127,,0.03301950544118881,0.0565677210688591,,,,,,,,,,,,,,
12,,40299,,,,,,,,,,1.8831342458724976e-06,,2.1653249859809875e-06,,0.22806371748447418,,0.26304730772972107,,0.08524517714977264,,0.02661554329097271,0.05096054449677467,,,,,,,,,,,,,,
12,,40309,,,,,,,,,,1.55717134475708e-06,,1.0789372026920319e-06,,0.21297404170036316,,0.2667349874973297,,0.07713852822780609,,0.024835169315338135,0.04810059070587158,,,,,,,,,,,,,,
12,,40319,,,,,,,,,,2.469867467880249e-06,,1.3830140233039856e-06,,0.26034677028656006,,0.26163434982299805,,0.07175134122371674,,0.023144781589508057,0.046138279139995575,,,,,,,,,,,,,,
12,,40329,,,,,,,,,,1.560896635055542e-06,,1.7844140529632568e-06,,0.26854875683784485,,0.2543899118900299,,0.08122549951076508,,0.026087608188390732,0.04987925663590431,,,,,,,,,,,,,,
12,,40339,,,,,,,,,,1.8570572137832642e-06,,1.1860392987728119e-06,,0.2851422429084778,,0.2406611442565918,,0.07506078481674194,,0.022019915282726288,0.04522238299250603,,,,,,,,,,,,,,
12,,40349,,,,,,,,,,3.4067779779434204e-06,,1.5497207641601562e-06,,0.23923787474632263,,0.25248074531555176,,0.09672737121582031,,0.02917506918311119,0.05466964468359947,,,,,,,,,,,,,,
12,,40359,,,,,,,,,,3.0677765607833862e-06,,3.1534582376480103e-06,,0.2546195685863495,,0.26901936531066895,,0.10429926961660385,,0.03978170081973076,0.06500237435102463,,,,,,,,,,,,,,
12,,40369,,,,,,,,,,1.600012183189392e-06,,1.9939616322517395e-06,,0.2669770121574402,,0.24965599179267883,,0.07542327046394348,,0.024026481434702873,0.047004472464323044,,,,,,,,,,,,,,
12,,40379,,,,,,,,,,1.778826117515564e-06,,1.0258518159389496e-06,,0.22967404127120972,,0.25412970781326294,,0.08334903419017792,,0.02418871410191059,0.04838511720299721,,,,,,,,,,,,,,
12,,40389,,,,,,,,,,1.8756836652755737e-06,,1.61072239279747e-06,,0.23447191715240479,,0.2781718373298645,,0.07538795471191406,,0.027564331889152527,0.05060787498950958,,,,,,,,,,,,,,
12,,40399,,,,,,,,,,3.1478703022003174e-06,,2.5202520191669464e-05,,0.26575082540512085,,0.2509244382381439,,0.09499449282884598,,0.03701915964484215,0.06046702712774277,,,,,,,,,,,,,,
12,,40409,,,,,,,,,,1.687556505203247e-06,,1.0943040251731873e-06,,0.247462660074234,,0.27943360805511475,,0.08227008581161499,,0.025887468829751015,0.05085206776857376,,,,,,,,,,,,,,
12,,40419,,,,,,,,,,1.387670636177063e-06,,1.3774260878562927e-06,,0.23104050755500793,,0.25925034284591675,,0.08776691555976868,,0.027970537543296814,0.05230683833360672,,,,,,,,,,,,,,
12,,40429,,,,,,,,,,2.255663275718689e-06,,1.126900315284729e-06,,0.2821996212005615,,0.2518152594566345,,0.07059861719608307,,0.0256381593644619,0.04758835211396217,,,,,,,,,,,,,,
12,,40439,,,,,,,,,,3.5371631383895874e-06,,1.098494976758957e-06,,0.20335786044597626,,0.2723209261894226,,0.10297539085149765,,0.03215426206588745,0.058586038649082184,,,,,,,,,,,,,,
12,,40449,,,,,,,,,,1.477077603340149e-06,,3.911089152097702e-06,,0.2560264468193054,,0.249601349234581,,0.07329295575618744,,0.020836375653743744,0.044080860912799835,,,,,,,,,,,,,,
12,,40459,,,,,,,,,,1.8514692783355713e-06,,9.727664291858673e-07,,0.24904462695121765,,0.2672952115535736,,0.06481306999921799,,0.024578863754868507,0.04604579880833626,,,,,,,,,,,,,,
12,,40469,,,,,,,,,,1.6707926988601685e-06,,1.1543743312358856e-06,,0.207276850938797,,0.2605944275856018,,0.0798443853855133,,0.02347206510603428,0.0472307987511158,,,,,,,,,,,,,,
12,,40479,,,,,,,,,,1.4845281839370728e-06,,9.634532034397125e-07,,0.23865148425102234,,0.26105883717536926,,0.060914281755685806,,0.01899098977446556,0.04070844501256943,,,,,,,,,,,,,,
12,,40489,,,,,,,,,,1.5925616025924683e-06,,1.7830170691013336e-06,,0.2556155025959015,,0.2567540109157562,,0.0784345269203186,,0.02488704025745392,0.04841441661119461,,,,,,,,,,,,,,
12,,40499,,,,,,,,,,2.4586915969848633e-06,,1.7848797142505646e-06,,0.2361026406288147,,0.24662140011787415,,0.07047273218631744,,0.020439857617020607,0.042881209403276443,,,,,,,,,,,,,,
12,,40509,,,,,,,,,,2.4940818548202515e-06,,1.5152618288993835e-06,,0.23301902413368225,,0.27093935012817383,,0.0655389055609703,,0.020129315555095673,0.04282696545124054,,,,,,,,,,,,,,
12,,40519,,,,,,,,,,1.4808028936386108e-06,,1.1362135410308838e-06,,0.2310720980167389,,0.26112717390060425,,0.08855541050434113,,0.032493725419044495,0.0559363067150116,,,,,,,,,,,,,,
12,,40529,,,,,,,,,,1.4808028936386108e-06,,1.3015232980251312e-06,,0.2581772208213806,,0.24146202206611633,,0.07001901417970657,,0.025984257459640503,0.046972278505563736,,,,,,,,,,,,,,
12,,40539,,,,,,,,,,1.6707926988601685e-06,,1.2712553143501282e-06,,0.2940393090248108,,0.24373623728752136,,0.0822606310248375,,0.027161873877048492,0.050678566098213196,,,,,,,,,,,,,,
12,,40549,,,,,,,,,,3.3508986234664917e-06,,2.3497268557548523e-06,,0.23422673344612122,,0.24770334362983704,,0.07814198732376099,,0.02726093679666519,0.049465350806713104,,,,,,,,,,,,,,
12,,40559,,,,,,,,,,2.305954694747925e-06,,1.5660189092159271e-06,,0.23008207976818085,,0.25733160972595215,,0.0763726457953453,,0.023030808195471764,0.04636299982666969,,,,,,,,,,,,,,
12,,40569,,,,,,,,,,2.0712614059448242e-06,,1.028645783662796e-06,,0.23466502130031586,,0.26257503032684326,,0.08453473448753357,,0.028870057314634323,0.052573829889297485,,,,,,,,,,,,,,
12,,40579,,,,,,,,,,1.3988465070724487e-06,,1.5171244740486145e-06,,0.24973207712173462,,0.2673737704753876,,0.09155306220054626,,0.030317042022943497,0.05537719652056694,,,,,,,,,,,,,,
12,,40589,,,,,,,,,,1.7583370208740234e-06,,1.921318471431732e-06,,0.29725709557533264,,0.25027117133140564,,0.08070249855518341,,0.02377644181251526,0.04819076508283615,,,,,,,,,,,,,,
12,,40599,,,,,,,,,,1.6354024410247803e-06,,1.5133991837501526e-06,,0.2242155373096466,,0.26481157541275024,,0.08845579624176025,,0.03048253245651722,0.0545012429356575,,,,,,,,,,,,,,
12,,40609,,,,,,,,,,2.508983016014099e-06,,1.4808028936386108e-06,,0.24258697032928467,,0.268186092376709,,0.09164214134216309,,0.03173111006617546,0.05640904977917671,,,,,,,,,,,,,,
12,,40619,,,,,,,,,,1.5478581190109253e-06,,1.4919787645339966e-06,,0.21637463569641113,,0.2632197439670563,,0.0864858329296112,,0.02626512199640274,0.050801411271095276,,,,,,,,,,,,,,
12,,40629,,,,,,,,,,1.7657876014709473e-06,,2.073589712381363e-06,,0.2923443913459778,,0.23300543427467346,,0.08364327251911163,,0.023304961621761322,0.04752148687839508,,,,,,,,,,,,,,
12,,40639,,,,,,,,,,2.5313347578048706e-06,,2.370215952396393e-06,,0.2012229561805725,,0.29245656728744507,,0.08187375962734222,,0.02824929729104042,0.05261814221739769,,,,,,,,,,,,,,
12,,40649,,,,,,,,,,2.7455389499664307e-06,,2.3818574845790863e-06,,0.20743419229984283,,0.26714950799942017,,0.0778869017958641,,0.02268187329173088,0.046580083668231964,,,,,,,,,,,,,,
12,,40659,,,,,,,,,,1.914799213409424e-06,,1.9152648746967316e-06,,0.22235453128814697,,0.2748488187789917,,0.08916580677032471,,0.0320185124874115,0.05623546987771988,,,,,,,,,,,,,,
12,,40669,,,,,,,,,,1.994892954826355e-06,,2.1760351955890656e-06,,0.22052505612373352,,0.27348971366882324,,0.07605576515197754,,0.02387353405356407,0.04758134484291077,,,,,,,,,,,,,,
12,,40679,,,,,,,,,,1.6652047634124756e-06,,1.7173588275909424e-06,,0.23299789428710938,,0.27105897665023804,,0.062297455966472626,,0.020258568227291107,0.04232136905193329,,,,,,,,,,,,,,
12,,40689,,,,,,,,,,2.0526349544525146e-06,,2.2314488887786865e-06,,0.2616603970527649,,0.24926427006721497,,0.08689379692077637,,0.031173599883913994,0.05443667992949486,,,,,,,,,,,,,,
12,,40699,,,,,,,,,,4.7888606786727905e-06,,1.0486692190170288e-06,,0.2268933355808258,,0.2618790864944458,,0.0918254405260086,,0.027026744559407234,0.05243462696671486,,,,,,,,,,,,,,
12,,40709,,,,,,,,,,1.8831342458724976e-06,,1.805368810892105e-06,,0.20753097534179688,,0.25332707166671753,,0.08798124641180038,,0.026939693838357925,0.05102042853832245,,,,,,,,,,,,,,
12,,40719,,,,,,,,,,1.9297003746032715e-06,,2.223532646894455e-06,,0.20256468653678894,,0.2696864604949951,,0.06725481152534485,,0.017847640439867973,0.04102138802409172,,,,,,,,,,,,,,
12,,40729,,,,,,,,,,2.551823854446411e-06,,1.1874362826347351e-06,,0.18046624958515167,,0.2750742435455322,,0.08198767155408859,,0.028432242572307587,0.05171844735741615,,,,,,,,,,,,,,
12,,40739,,,,,,,,,,2.2705644369125366e-06,,9.955838322639465e-07,,0.2129187285900116,,0.2718793749809265,,0.08290709555149078,,0.02333770878612995,0.048299647867679596,,,,,,,,,,,,,,
12,,40749,,,,,,,,,,2.0228326320648193e-06,,1.1781230568885803e-06,,0.2753065228462219,,0.2498684823513031,,0.08251938223838806,,0.026469141244888306,0.050275351852178574,,,,,,,,,,,,,,
12,,40759,,,,,,,,,,3.3639371395111084e-06,,1.7136335372924805e-06,,0.23097245395183563,,0.2700731158256531,,0.07723885774612427,,0.024276215583086014,0.04806757718324661,,,,,,,,,,,,,,
12,,40769,,,,,,,,,,3.848224878311157e-06,,3.152061253786087e-06,,0.26764705777168274,,0.2602512240409851,,0.06463340669870377,,0.021953675895929337,0.043930523097515106,,,,,,,,,,,,,,
12,,40779,,,,,,,,,,2.1550804376602173e-06,,1.74669548869133e-06,,0.2582034170627594,,0.25303393602371216,,0.059988416731357574,,0.018132967874407768,0.0397440530359745,,,,,,,,,,,,,,
12,,40789,,,,,,,,,,1.9744038581848145e-06,,1.821666955947876e-06,,0.2530936002731323,,0.2570492923259735,,0.07918623089790344,,0.023462094366550446,0.04747071489691734,,,,,,,,,,,,,,
12,,40799,,,,,,,,,,2.637505531311035e-06,,1.3508833944797516e-06,,0.24237847328186035,,0.25098177790641785,,0.07620030641555786,,0.02056608907878399,0.04432809725403786,,,,,,,,,,,,,,
12,,40809,,,,,,,,,,3.0677765607833862e-06,,2.3762695491313934e-06,,0.2266385704278946,,0.2630663514137268,,0.08986969292163849,,0.030521761626005173,0.054742421954870224,,,,,,,,,,,,,,
12,,40819,,,,,,,,,,3.082677721977234e-06,,1.8016435205936432e-06,,0.20887687802314758,,0.2703409790992737,,0.07819463312625885,,0.021654600277543068,0.046033699065446854,,,,,,,,,,,,,,
12,,40829,,,,,,,,,,5.375593900680542e-06,,1.2130476534366608e-06,,0.2483648657798767,,0.2572348117828369,,0.0591704323887825,,0.015473290346562862,0.037677038460969925,,,,,,,,,,,,,,
12,,40839,,,,,,,,,,3.0901283025741577e-06,,1.5371479094028473e-06,,0.2509746253490448,,0.2557365596294403,,0.07701751589775085,,0.02605598047375679,0.04892348125576973,,,,,,,,,,,,,,
12,,40849,,,,,,,,,,2.6635825634002686e-06,,1.6568228602409363e-06,,0.2422306090593338,,0.26880255341529846,,0.07833535224199295,,0.024936631321907043,0.048841044306755066,,,,,,,,,,,,,,
12,,40859,,,,,,,,,,2.859160304069519e-06,,2.6971101760864258e-06,,0.2671244740486145,,0.24307553470134735,,0.07295707613229752,,0.02398281916975975,0.046202387660741806,,,,,,,,,,,,,,
12,,40869,,,,,,,,,,3.2689422369003296e-06,,1.6433186829090118e-06,,0.23583191633224487,,0.2581995725631714,,0.08008962869644165,,0.02441052719950676,0.0482032410800457,,,,,,,,,,,,,,
12,,40879,,,,,,,,,,4.8317015171051025e-06,,2.095010131597519e-06,,0.2836359739303589,,0.2491815984249115,,0.06718967854976654,,0.022741101682186127,0.044669054448604584,,,,,,,,,,,,,,
12,,40889,,,,,,,,,,2.7641654014587402e-06,,2.787914127111435e-06,,0.25438177585601807,,0.2556871175765991,,0.07940863072872162,,0.02544263005256653,0.04894942417740822,,,,,,,,,,,,,,
12,,40899,,,,,,,,,,2.0526349544525146e-06,,1.1944212019443512e-06,,0.22535668313503265,,0.25385546684265137,,0.08360312134027481,,0.0223994180560112,0.04702700674533844,,,,,,,,,,,,,,
12,,40909,,,,,,,,,,1.9818544387817383e-06,,2.2086314857006073e-06,,0.22257182002067566,,0.2615506649017334,,0.07031424343585968,,0.02160755544900894,0.04426885396242142,,,,,,,,,,,,,,
12,,40919,,,,,,,,,,3.4999102354049683e-06,,6.425194442272186e-06,,0.28264057636260986,,0.2522917687892914,,0.07532517611980438,,0.023831479251384735,0.047146983444690704,,,,,,,,,,,,,,
12,,40929,,,,,,,,,,2.4586915969848633e-06,,1.1562369763851166e-06,,0.2770765423774719,,0.2510794401168823,,0.07191413640975952,,0.021431636065244675,0.044584859162569046,,,,,,,,,,,,,,
12,,40939,,,,,,,,,,3.8798898458480835e-06,,9.83942300081253e-07,,0.2456369251012802,,0.2671586275100708,,0.06954161822795868,,0.019581954926252365,0.043137677013874054,,,,,,,,,,,,,,
12,,40949,,,,,,,,,,2.4158507585525513e-06,,1.1352822184562683e-06,,0.23286586999893188,,0.2519134283065796,,0.08459071815013885,,0.021866487339138985,0.046809397637844086,,,,,,,,,,,,,,
12,,40959,,,,,,,,,,3.42540442943573e-06,,1.6745179891586304e-06,,0.21222198009490967,,0.26602548360824585,,0.08374538272619247,,0.028733346611261368,0.05222195014357567,,,,,,,,,,,,,,
12,,40969,,,,,,,,,,2.4419277906417847e-06,,1.5445984899997711e-06,,0.23719213902950287,,0.277060329914093,,0.09032315015792847,,0.029164455831050873,0.05458906292915344,,,,,,,,,,,,,,
12,,40979,,,,,,,,,,5.807727575302124e-06,,1.3080425560474396e-06,,0.22048039734363556,,0.26218298077583313,,0.08033427596092224,,0.028476625680923462,0.05130626633763313,,,,,,,,,,,,,,
12,,40989,,,,,,,,,,2.6598572731018066e-06,,1.6237609088420868e-06,,0.21957820653915405,,0.2597593069076538,,0.10266423225402832,,0.02800198271870613,0.05501387268304825,,,,,,,,,,,,,,
12,,40999,,,,,,,,,,2.2370368242263794e-06,,1.3951212167739868e-06,,0.2149413675069809,,0.2953296899795532,,0.07053616642951965,,0.02666141651570797,0.04959613457322121,,,,,,,,,,,,,,
12,,41009,,,,,,,,,,5.250796675682068e-06,,1.4817342162132263e-06,,0.22534194588661194,,0.2673593759536743,,0.07101325690746307,,0.02686261758208275,0.04864703118801117,,,,,,,,,,,,,,
12,,41019,,,,,,,,,,2.9671937227249146e-06,,1.6861595213413239e-06,,0.2595253586769104,,0.2481554001569748,,0.08073603361845016,,0.021190211176872253,0.04571542888879776,,,,,,,,,,,,,,
12,,41029,,,,,,,,,,3.5390257835388184e-06,,1.4402903616428375e-06,,0.2502998113632202,,0.25866925716400146,,0.06424935162067413,,0.022002559155225754,0.043617650866508484,,,,,,,,,,,,,,
12,,41039,,,,,,,,,,2.2798776626586914e-06,,1.7792917788028717e-06,,0.21157950162887573,,0.2659531831741333,,0.07972844690084457,,0.024661686271429062,0.048403169959783554,,,,,,,,,,,,,,
12,,41049,,,,,,,,,,2.7120113372802734e-06,,1.3066455721855164e-06,,0.2169327735900879,,0.27371811866760254,,0.09366155415773392,,0.02862643077969551,0.05441737174987793,,,,,,,,,,,,,,
12,,41059,,,,,,,,,,7.469207048416138e-06,,1.0514631867408752e-06,,0.25791311264038086,,0.26285091042518616,,0.08914165943861008,,0.03004796989262104,0.05460693687200546,,,,,,,,,,,,,,
12,,41069,,,,,,,,,,2.8815120458602905e-06,,1.764390617609024e-06,,0.2530919909477234,,0.24552924931049347,,0.08934582769870758,,0.027177900075912476,0.05162348598241806,,,,,,,,,,,,,,
12,,41079,,,,,,,,,,9.600073099136353e-06,,2.6402994990348816e-06,,0.24584349989891052,,0.26482954621315,,0.08178868889808655,,0.02616368979215622,0.050265297293663025,,,,,,,,,,,,,,
12,,41089,,,,,,,,,,2.555549144744873e-06,,1.1059455573558807e-06,,0.2408570647239685,,0.27098870277404785,,0.07995172590017319,,0.029151970520615578,0.0523928627371788,,,,,,,,,,,,,,
12,,41099,,,,,,,,,,3.2223761081695557e-06,,1.4486722648143768e-06,,0.20529811084270477,,0.2624729573726654,,0.07644565403461456,,0.02618737518787384,0.04869524762034416,,,,,,,,,,,,,,
12,,41109,,,,,,,,,,2.6561319828033447e-06,,9.6810981631279e-07,,0.23037460446357727,,0.26385200023651123,,0.07126300036907196,,0.02143297716975212,0.04451518505811691,,,,,,,,,,,,,,
12,,41119,,,,,,,,,,2.4605542421340942e-06,,1.7178244888782501e-06,,0.27478688955307007,,0.24488618969917297,,0.07230447232723236,,0.023123037070035934,0.04560970887541771,,,,,,,,,,,,,,
12,,41129,,,,,,,,,,7.269904017448425e-06,,1.7546117305755615e-06,,0.2955237627029419,,0.2443438172340393,,0.07298527657985687,,0.021351512521505356,0.04462606459856033,,,,,,,,,,,,,,
12,,41139,,,,,,,,,,6.077811121940613e-06,,1.2093223631381989e-06,,0.231012225151062,,0.28533971309661865,,0.07257051765918732,,0.020603183656930923,0.04515286907553673,,,,,,,,,,,,,,
12,,41149,,,,,,,,,,3.6079436540603638e-06,,1.9976869225502014e-06,,0.24804717302322388,,0.2513169050216675,,0.08584722876548767,,0.02409600466489792,0.04886757954955101,,,,,,,,,,,,,,
12,,41159,,,,,,,,,,4.000961780548096e-06,,3.866851329803467e-06,,0.22879809141159058,,0.25970757007598877,,0.08124661445617676,,0.02185622602701187,0.04649229720234871,,,,,,,,,,,,,,
12,,41169,,,,,,,,,,2.5294721126556396e-06,,1.6512349247932434e-06,,0.30264270305633545,,0.24580785632133484,,0.07159951329231262,,0.020330283790826797,0.04375214874744415,,,,,,,,,,,,,,
12,,41179,,,,,,,,,,3.5855919122695923e-06,,2.2980384528636932e-06,,0.27573129534721375,,0.24097386002540588,,0.07784947752952576,,0.02420349232852459,0.047287825495004654,,,,,,,,,,,,,,
12,,41189,,,,,,,,,,4.909932613372803e-06,,1.4272518455982208e-06,,0.23169492185115814,,0.25956469774246216,,0.08934027701616287,,0.032090961933135986,0.0557154081761837,,,,,,,,,,,,,,
12,,41199,,,,,,,,,,4.997476935386658e-06,,2.9508955776691437e-06,,0.2666967511177063,,0.24491336941719055,,0.0815945565700531,,0.026075264438986778,0.04947318881750107,,,,,,,,,,,,,,
12,,41209,,,,,,,,,,4.686415195465088e-06,,2.1369196474552155e-06,,0.2802440822124481,,0.24394768476486206,,0.08294039219617844,,0.02531789243221283,0.04927094280719757,,,,,,,,,,,,,,
12,,41219,,,,,,,,,,3.933906555175781e-06,,2.8167851269245148e-06,,0.2111826241016388,,0.25250184535980225,,0.07525327801704407,,0.02303297072649002,0.04570670798420906,,,,,,,,,,,,,,
12,,41229,,,,,,,,,,4.349276423454285e-06,,2.80747190117836e-06,,0.2261529564857483,,0.2693803906440735,,0.09250058233737946,,0.026961497962474823,0.05285533517599106,,,,,,,,,,,,,,
12,,41239,,,,,,,,,,2.9243528842926025e-06,,1.189298927783966e-06,,0.26288923621177673,,0.2551044821739197,,0.08102589845657349,,0.023651402443647385,0.0479813814163208,,,,,,,,,,,,,,
12,,41249,,,,,,,,,,2.6747584342956543e-06,,8.987262845039368e-07,,0.20532913506031036,,0.2617451250553131,,0.07841164618730545,,0.02465195767581463,0.04787835478782654,,,,,,,,,,,,,,
12,,41259,,,,,,,,,,3.3285468816757202e-06,,1.1296942830085754e-06,,0.22418348491191864,,0.26880091428756714,,0.07421151548624039,,0.02434621937572956,0.04741309955716133,,,,,,,,,,,,,,
12,,41269,,,,,,,,,,2.644956111907959e-06,,1.6065314412117004e-06,,0.23653152585029602,,0.2623974680900574,,0.08562558889389038,,0.020406479015946388,0.04644273594021797,,,,,,,,,,,,,,
12,,41279,,,,,,,,,,2.2202730178833008e-06,,1.0486692190170288e-06,,0.22574587166309357,,0.26320523023605347,,0.07840774953365326,,0.02374223992228508,0.04750293493270874,,,,,,,,,,,,,,
12,,41289,,,,,,,,,,2.084299921989441e-06,,1.12876296043396e-06,,0.278255820274353,,0.25646084547042847,,0.07543913275003433,,0.024164624512195587,0.047562334686517715,,,,,,,,,,,,,,
12,,41299,,,,,,,,,,3.8780272006988525e-06,,1.6414560377597809e-06,,0.22535207867622375,,0.25820812582969666,,0.0775275006890297,,0.021138638257980347,0.04514576494693756,,,,,,,,,,,,,,
12,,41309,,,,,,,,,,2.4884939193725586e-06,,1.0873191058635712e-06,,0.24154013395309448,,0.28032171726226807,,0.08394324779510498,,0.03023679181933403,0.05440087243914604,,,,,,,,,,,,,,
12,,41319,,,,,,,,,,2.4568289518356323e-06,,1.1315569281578064e-06,,0.27345722913742065,,0.24648438394069672,,0.07953013479709625,,0.025219086557626724,0.048596616834402084,,,,,,,,,,,,,,
12,,41329,,,,,,,,,,2.2854655981063843e-06,,1.3723038136959076e-06,,0.2388017177581787,,0.24719926714897156,,0.08443279564380646,,0.030461441725492477,0.0530761182308197,,,,,,,,,,,,,,
12,,41339,,,,,,,,,,1.9855797290802e-06,,1.039355993270874e-06,,0.25364282727241516,,0.26080697774887085,,0.07556664943695068,,0.018898647278547287,0.04355107620358467,,,,,,,,,,,,,,
12,,41349,,,,,,,,,,2.434477210044861e-06,,1.7844140529632568e-06,,0.24337878823280334,,0.2587652802467346,,0.07971923798322678,,0.02598431333899498,0.04942939057946205,,,,,,,,,,,,,,
12,,41359,,,,,,,,,,2.171844244003296e-06,,9.932555258274078e-07,,0.25146421790122986,,0.25337907671928406,,0.08041229099035263,,0.02667069248855114,0.04991650953888893,,,,,,,,,,,,,,
12,,41369,,,,,,,,,,2.8386712074279785e-06,,1.7257407307624817e-06,,0.23972725868225098,,0.2674926519393921,,0.07911292463541031,,0.023534074425697327,0.04784394055604935,,,,,,,,,,,,,,
12,,41379,,,,,,,,,,2.5276094675064087e-06,,1.041218638420105e-06,,0.21563181281089783,,0.2712154984474182,,0.07987041771411896,,0.023578207939863205,0.04791122302412987,,,,,,,,,,,,,,
12,,41389,,,,,,,,,,5.50784170627594e-06,,1.8267892301082611e-06,,0.2181110680103302,,0.26579394936561584,,0.08204125612974167,,0.022019188851118088,0.046923670917749405,,,,,,,,,,,,,,
12,,41399,,,,,,,,,,2.6300549507141113e-06,,8.502975106239319e-07,,0.22280794382095337,,0.2689523696899414,,0.07623951882123947,,0.02251391112804413,0.04640985280275345,,,,,,,,,,,,,,
12,,41409,,,,,,,,,,2.1420419216156006e-06,,1.0100193321704865e-06,,0.24426519870758057,,0.26454490423202515,,0.08674096316099167,,0.029054762795567513,0.053331051021814346,,,,,,,,,,,,,,
12,,41417,,,,,,,,,,,,,,,,,,,,,,0.9838156700134277,1.0,1.0,0.9388084411621094,0.9072392582893372,0.9728146195411682,0.9919769167900085,0.050286803394556046,2.384185791015625e-07,5.960464477539063e-08,0.24359114468097687,0.2588121294975281,0.08445489406585693,0.025937125086784363
12,,41417,0.9836542010307312,1.0,1.0,0.9394984245300293,0.9071080088615417,0.9729223847389221,0.9917327761650085,0.04875078797340393,2.9457296477630734e-06,,1.807780336093856e-06,,0.2430913895368576,,0.2598534822463989,,0.0795857384800911,,0.025049613788723946,,,,,,,,,,,,,,,,
,8.190142503906799e-05,41418,,,,,,,,,,,,,,,,,,,,,,,,,,,,,,,,,,,
13,,41419,,,,,,,,,,2.8368085622787476e-06,,1.0891817510128021e-06,,0.23216137290000916,,0.2543436586856842,,0.09053540974855423,,0.029236357659101486,0.05355874076485634,,,,,,,,,,,,,,
13,,41429,,,,,,,,,,2.766028046607971e-06,,1.5385448932647705e-06,,0.22747355699539185,,0.25920209288597107,,0.07389417290687561,,0.020681697875261307,0.04419302940368652,,,,,,,,,,,,,,
13,,41439,,,,,,,,,,2.3152679204940796e-06,,9.699724614620209e-07,,0.23688405752182007,,0.25223493576049805,,0.06844794750213623,,0.018680468201637268,0.04145396500825882,,,,,,,,,,,,,,
13,,41449,,,,,,,,,,8.970499038696289e-06,,1.462642103433609e-06,,0.22078226506710052,,0.25571125745773315,,0.07357527315616608,,0.02490823343396187,0.04706179350614548,,,,,,,,,,,,,,
13,,41459,,,,,,,,,,3.7048012018203735e-06,,2.451706677675247e-06,,0.2442484050989151,,0.25662150979042053,,0.058156922459602356,,0.015430855564773083,0.03737812116742134,,,,,,,,,,,,,,
13,,41469,,,,,,,,,,4.880130290985107e-06,,1.4961697161197662e-06,,0.2455228567123413,,0.2658202648162842,,0.08792385458946228,,0.0280662402510643,0.05288586765527725,,,,,,,,,,,,,,
13,,41479,,,,,,,,,,5.2247196435928345e-06,,1.1683441698551178e-06,,0.2445800006389618,,0.26502764225006104,,0.0806412398815155,,0.02026982605457306,0.04562309384346008,,,,,,,,,,,,,,
13,,41489,,,,,,,,,,2.4102628231048584e-06,,7.743947207927704e-07,,0.24169334769248962,,0.2662992775440216,,0.08354984223842621,,0.0259072408080101,0.05042346194386482,,,,,,,,,,,,,,
13,,41499,,,,,,,,,,2.1941959857940674e-06,,2.998858690261841e-06,,0.2213084101676941,,0.2699000835418701,,0.07706310600042343,,0.023679690435528755,0.047465723007917404,,,,,,,,,,,,,,
13,,41509,,,,,,,,,,3.291293978691101e-06,,1.4486722648143768e-06,,0.222934290766716,,0.2805442214012146,,0.07364556938409805,,0.02106301486492157,0.045379914343357086,,,,,,,,,,,,,,
13,,41519,,,,,,,,,,3.5688281059265137e-06,,1.6386620700359344e-06,,0.24818816781044006,,0.2884947657585144,,0.08638268709182739,,0.023597106337547302,0.05033852905035019,,,,,,,,,,,,,,
13,,41529,,,,,,,,,,4.7050416469573975e-06,,1.0030344128608704e-06,,0.22997140884399414,,0.27195072174072266,,0.07000689953565598,,0.02133459411561489,0.04458079859614372,,,,,,,,,,,,,,
13,,41539,,,,,,,,,,2.6635825634002686e-06,,1.946929842233658e-06,,0.2386782467365265,,0.25444403290748596,,0.07730741053819656,,0.023009268566966057,0.04648752138018608,,,,,,,,,,,,,,
13,,41549,,,,,,,,,,2.682209014892578e-06,,1.1511147022247314e-06,,0.27104681730270386,,0.2538840174674988,,0.0891672670841217,,0.026491409167647362,0.05167718604207039,,,,,,,,,,,,,,
13,,41559,,,,,,,,,,3.3564865589141846e-06,,1.096632331609726e-06,,0.23355042934417725,,0.2619401812553406,,0.08837015926837921,,0.029776353389024734,0.05393020808696747,,,,,,,,,,,,,,
13,,41569,,,,,,,,,,5.334615707397461e-06,,3.874767571687698e-06,,0.2341459095478058,,0.2600752115249634,,0.07759931683540344,,0.023599792271852493,0.047196172177791595,,,,,,,,,,,,,,
13,,41579,,,,,,,,,,2.6766210794448853e-06,,1.5138648450374603e-06,,0.25611746311187744,,0.2604970633983612,,0.09127654880285263,,0.025567231699824333,0.05151453986763954,,,,,,,,,,,,,,
13,,41589,,,,,,,,,,2.4084001779556274e-06,,7.860362529754639e-07,,0.2183201164007187,,0.2489686906337738,,0.08491498976945877,,0.02218831330537796,0.0468030720949173,,,,,,,,,,,,,,
13,,41599,,,,,,,,,,2.808868885040283e-06,,9.331852197647095e-07,,0.22710365056991577,,0.25297170877456665,,0.08594638109207153,,0.02472866326570511,0.0491928793489933,,,,,,,,,,,,,,
13,,41609,,,,,,,,,,2.605840563774109e-06,,1.0100193321704865e-06,,0.2774275541305542,,0.24595974385738373,,0.06820794939994812,,0.021816899999976158,0.04394286498427391,,,,,,,,,,,,,,
13,,41619,,,,,,,,,,3.766268491744995e-06,,1.133885234594345e-06,,0.21942871809005737,,0.2714962661266327,,0.07251939922571182,,0.021867800503969193,0.04530712217092514,,,,,,,,,,,,,,
13,,41629,,,,,,,,,,2.559274435043335e-06,,1.1031515896320343e-06,,0.24053329229354858,,0.27143386006355286,,0.0724903866648674,,0.021338913589715958,0.04514937475323677,,,,,,,,,,,,,,
13,,41639,,,,,,,,,,4.604458808898926e-06,,1.06077641248703e-06,,0.26987704634666443,,0.27771812677383423,,0.0820005014538765,,0.025781499221920967,0.05090431123971939,,,,,,,,,,,,,,
13,,41649,,,,,,,,,,3.7401914596557617e-06,,1.2773089110851288e-06,,0.2343882918357849,,0.2634064555168152,,0.08730113506317139,,0.028988588601350784,0.053217317909002304,,,,,,,,,,,,,,
13,,41659,,,,,,,,,,2.6598572731018066e-06,,1.3792887330055237e-06,,0.2290828377008438,,0.2659558653831482,,0.08523856103420258,,0.02368069440126419,0.04890593886375427,,,,,,,,,,,,,,
13,,41669,,,,,,,,,,3.851950168609619e-06,,1.1492520570755005e-06,,0.2293882668018341,,0.26106780767440796,,0.06809741258621216,,0.022669486701488495,0.04470700025558472,,,,,,,,,,,,,,
13,,41679,,,,,,,,,,3.3546239137649536e-06,,1.1408701539039612e-06,,0.23029685020446777,,0.27603715658187866,,0.07166159152984619,,0.020480133593082428,0.04444554075598717,,,,,,,,,,,,,,
13,,41689,,,,,,,,,,2.7883797883987427e-06,,1.1534430086612701e-06,,0.21982373297214508,,0.25895681977272034,,0.07844825088977814,,0.02565981261432171,0.04868045821785927,,,,,,,,,,,,,,
13,,41699,,,,,,,,,,2.944841980934143e-06,,1.0742805898189545e-06,,0.2705315053462982,,0.25754210352897644,,0.08123503625392914,,0.029097585007548332,0.05231011286377907,,,,,,,,,,,,,,
13,,41709,,,,,,,,,,2.5872141122817993e-06,,8.717179298400879e-07,,0.2416660487651825,,0.25838080048561096,,0.07402516901493073,,0.024057865142822266,0.04687819257378578,,,,,,,,,,,,,,
13,,41719,,,,,,,,,,3.5781413316726685e-06,,9.532086551189423e-07,,0.22740785777568817,,0.26854878664016724,,0.0916115865111351,,0.02780637890100479,0.05329813435673714,,,,,,,,,,,,,,
13,,41729,,,,,,,,,,2.7902424335479736e-06,,1.1208467185497284e-06,,0.25636783242225647,,0.25458449125289917,,0.06864188611507416,,0.02474253624677658,0.0463765412569046,,,,,,,,,,,,,,
13,,41739,,,,,,,,,,3.8929283618927e-06,,8.870847523212433e-07,,0.22261539101600647,,0.2643342614173889,,0.07955771684646606,,0.01927102729678154,0.04438062757253647,,,,,,,,,,,,,,
13,,41749,,,,,,,,,,2.598389983177185e-06,,7.650814950466156e-07,,0.22742801904678345,,0.26044514775276184,,0.08138298243284225,,0.026553526520729065,0.0500602200627327,,,,,,,,,,,,,,
13,,41759,,,,,,,,,,2.1047890186309814e-06,,1.2563541531562805e-06,,0.23976725339889526,,0.26666152477264404,,0.07356414198875427,,0.01957879774272442,0.043797604739665985,,,,,,,,,,,,,,
13,,41769,,,,,,,,,,1.7900019884109497e-06,,8.870847523212433e-07,,0.2657320499420166,,0.24055218696594238,,0.07351084053516388,,0.02241065353155136,0.04499219357967377,,,,,,,,,,,,,,
13,,41779,,,,,,,,,,1.9315630197525024e-06,,9.173527359962463e-07,,0.21212223172187805,,0.2754920721054077,,0.08393064886331558,,0.025400051847100258,0.05019879713654518,,,,,,,,,,,,,,
13,,41789,,,,,,,,,,2.777203917503357e-06,,8.735805749893188e-07,,0.286857008934021,,0.23930594325065613,,0.068244569003582,,0.022364236414432526,0.04415889084339142,,,,,,,,,,,,,,
13,,41799,,,,,,,,,,2.0079314708709717e-06,,6.826594471931458e-07,,0.21817995607852936,,0.2715798318386078,,0.08811457455158234,,0.027303561568260193,0.052299026399850845,,,,,,,,,,,,,,
13,,41809,,,,,,,,,,2.430751919746399e-06,,1.4510005712509155e-06,,0.20892207324504852,,0.27712005376815796,,0.08420228958129883,,0.027852244675159454,0.052128154784440994,,,,,,,,,,,,,,
13,,41819,,,,,,,,,,1.9725412130355835e-06,,8.866190910339355e-07,,0.24575060606002808,,0.2601945400238037,,0.08138041943311691,,0.03318752348423004,0.0552394725382328,,,,,,,,,,,,,,
13,,41829,,,,,,,,,,3.91155481338501e-06,,6.994232535362244e-07,,0.20866575837135315,,0.264176607131958,,0.08045230060815811,,0.025138648226857185,0.048779286444187164,,,,,,,,,,,,,,
13,,41839,,,,,,,,,,1.8868595361709595e-06,,7.799826562404633e-07,,0.22062289714813232,,0.2662988603115082,,0.0669301226735115,,0.02022889442741871,0.042799707502126694,,,,,,,,,,,,,,
13,,41849,,,,,,,,,,2.995133399963379e-06,,6.728805601596832e-07,,0.2684735655784607,,0.24503624439239502,,0.08688066899776459,,0.019919700920581818,0.045873355120420456,,,,,,,,,,,,,,
13,,41859,,,,,,,,,,4.014000296592712e-06,,2.3846514523029327e-06,,0.2646084427833557,,0.24441474676132202,,0.09183652698993683,,0.03042667731642723,0.05461052432656288,,,,,,,,,,,,,,
13,,41869,,,,,,,,,,2.779066562652588e-06,,7.7858567237854e-07,,0.2370784878730774,,0.26647627353668213,,0.08157271146774292,,0.025281544774770737,0.049537479877471924,,,,,,,,,,,,,,
13,,41879,,,,,,,,,,2.4568289518356323e-06,,9.154900908470154e-07,,0.2410200536251068,,0.261787474155426,,0.0778728723526001,,0.019834967330098152,0.04458402097225189,,,,,,,,,,,,,,
13,,41889,,,,,,,,,,3.606081008911133e-06,,1.0817311704158783e-06,,0.22523152828216553,,0.26703906059265137,,0.09560907632112503,,0.027968190610408783,0.054072942584753036,,,,,,,,,,,,,,
13,,41899,,,,,,,,,,2.4437904357910156e-06,,1.0118819773197174e-06,,0.2509632110595703,,0.26461541652679443,,0.08336792886257172,,0.029862768948078156,0.053386423736810684,,,,,,,,,,,,,,
13,,41909,,,,,,,,,,2.816319465637207e-06,,8.735805749893188e-07,,0.22235487401485443,,0.26200056076049805,,0.06730636954307556,,0.018707266077399254,0.04154754430055618,,,,,,,,,,,,,,
13,,41919,,,,,,,,,,2.598389983177185e-06,,1.103617250919342e-06,,0.2451358437538147,,0.2510072588920593,,0.07004109770059586,,0.020022856071591377,0.042798954993486404,,,,,,,,,,,,,,
13,,41929,,,,,,,,,,4.5746564865112305e-06,,9.76957380771637e-07,,0.2582804262638092,,0.25163736939430237,,0.07959018647670746,,0.02567790262401104,0.04901578649878502,,,,,,,,,,,,,,
13,,41939,,,,,,,,,,2.522021532058716e-06,,1.178588718175888e-06,,0.2705687880516052,,0.25685036182403564,,0.07311908900737762,,0.0222167931497097,0.045594148337841034,,,,,,,,,,,,,,
13,,41949,,,,,,,,,,4.556030035018921e-06,,1.5371479094028473e-06,,0.2511094808578491,,0.26865023374557495,,0.08631260693073273,,0.030191142112016678,0.054375920444726944,,,,,,,,,,,,,,
13,,41959,,,,,,,,,,6.770715117454529e-06,,7.343478500843048e-07,,0.27238014340400696,,0.2417467087507248,,0.07433563470840454,,0.021284624934196472,0.04443608596920967,,,,,,,,,,,,,,
13,,41969,,,,,,,,,,1.6298145055770874e-06,,8.130446076393127e-07,,0.23153430223464966,,0.2670223116874695,,0.08156684041023254,,0.021386779844760895,0.04657520726323128,,,,,,,,,,,,,,
13,,41979,,,,,,,,,,2.773478627204895e-06,,1.3597309589385986e-06,,0.27048736810684204,,0.24986083805561066,,0.07707041501998901,,0.021617982536554337,0.04555732011795044,,,,,,,,,,,,,,
13,,41989,,,,,,,,,,4.163011908531189e-06,,6.919726729393005e-07,,0.22676090896129608,,0.2549309730529785,,0.07785916328430176,,0.025751879438757896,0.04853160306811333,,,,,,,,,,,,,,
13,,41999,,,,,,,,,,2.8926879167556763e-06,,1.0933727025985718e-06,,0.253714919090271,,0.24362041056156158,,0.08451660722494125,,0.027618255466222763,0.05096593126654625,,,,,,,,,,,,,,
13,,42009,,,,,,,,,,4.105269908905029e-06,,5.830079317092896e-07,,0.26876842975616455,,0.25146913528442383,,0.07295775413513184,,0.01757785677909851,0.04181043058633804,,,,,,,,,,,,,,
13,,42019,,,,,,,,,,1.953914761543274e-06,,9.578652679920197e-07,,0.24789133667945862,,0.2929397225379944,,0.08148583024740219,,0.02961418591439724,0.05413898453116417,,,,,,,,,,,,,,
13,,42029,,,,,,,,,,2.123415470123291e-06,,8.386559784412384e-07,,0.2675127685070038,,0.2509613633155823,,0.06955139338970184,,0.018874183297157288,0.0421055369079113,,,,,,,,,,,,,,
13,,42039,,,,,,,,,,2.4493783712387085e-06,,9.071081876754761e-07,,0.2711779475212097,,0.24647307395935059,,0.07229019701480865,,0.024631699547171593,0.04677090421319008,,,,,,,,,,,,,,
13,,42049,,,,,,,,,,1.8868595361709595e-06,,7.846392691135406e-07,,0.21625551581382751,,0.27912288904190063,,0.08572860062122345,,0.031373344361782074,0.055235739797353745,,,,,,,,,,,,,,
13,,42059,,,,,,,,,,2.7492642402648926e-06,,8.270144462585449e-07,,0.2313898205757141,,0.26374006271362305,,0.07847128808498383,,0.025900529697537422,0.04922519996762276,,,,,,,,,,,,,,
13,,42069,,,,,,,,,,2.300366759300232e-06,,8.568167686462402e-07,,0.25435441732406616,,0.24447506666183472,,0.0713786631822586,,0.024349093437194824,0.04609706252813339,,,,,,,,,,,,,,
13,,42079,,,,,,,,,,2.2687017917633057e-06,,1.0640360414981842e-06,,0.2548980712890625,,0.26280033588409424,,0.08672674745321274,,0.029925312846899033,0.05402429774403572,,,,,,,,,,,,,,
13,,42089,,,,,,,,,,2.7585774660110474e-06,,1.2670643627643585e-06,,0.21775440871715546,,0.25145941972732544,,0.09194791316986084,,0.02682448923587799,0.05171020328998566,,,,,,,,,,,,,,
13,,42099,,,,,,,,,,2.6244670152664185e-06,,9.345822036266327e-07,,0.269101619720459,,0.25153428316116333,,0.08164390921592712,,0.028408003970980644,0.051571037620306015,,,,,,,,,,,,,,
13,,42109,,,,,,,,,,2.302229404449463e-06,,1.623295247554779e-06,,0.2678426504135132,,0.24957048892974854,,0.08472713828086853,,0.028050590306520462,0.05177432298660278,,,,,,,,,,,,,,
13,,42119,,,,,,,,,,2.6114284992218018e-06,,1.0863877832889557e-06,,0.21434207260608673,,0.27806949615478516,,0.08609144389629364,,0.02808959037065506,0.05276855453848839,,,,,,,,,,,,,,
13,,42129,,,,,,,,,,3.0882656574249268e-06,,1.1217780411243439e-06,,0.22898942232131958,,0.27639859914779663,,0.09875934571027756,,0.0324670746922493,0.058521632105112076,,,,,,,,,,,,,,
13,,42139,,,,,,,,,,1.9613653421401978e-06,,1.2814998626708984e-06,,0.18970543146133423,,0.25607261061668396,,0.08270880579948425,,0.024814220145344734,0.04835689067840576,,,,,,,,,,,,,,
13,,42149,,,,,,,,,,2.913177013397217e-06,,2.108979970216751e-06,,0.23882725834846497,,0.25464075803756714,,0.08034181594848633,,0.021766170859336853,0.046135034412145615,,,,,,,,,,,,,,
13,,42159,,,,,,,,,,3.166496753692627e-06,,1.0193325579166412e-06,,0.22032399475574493,,0.257015198469162,,0.09070479869842529,,0.030438411980867386,0.05447877570986748,,,,,,,,,,,,,,
13,,42169,,,,,,,,,,2.5685876607894897e-06,,7.534399628639221e-07,,0.19786368310451508,,0.2907721996307373,,0.1025887280702591,,0.035090237855911255,0.06151675432920456,,,,,,,,,,,,,,
13,,42179,,,,,,,,,,3.6153942346572876e-06,,2.027023583650589e-06,,0.24400345981121063,,0.2705531418323517,,0.07746677100658417,,0.023817388340830803,0.04794136807322502,,,,,,,,,,,,,,
13,,42189,,,,,,,,,,1.4826655387878418e-06,,1.037493348121643e-06,,0.23213127255439758,,0.2667742967605591,,0.08814878016710281,,0.02662397362291813,0.051733847707509995,,,,,,,,,,,,,,
13,,42199,,,,,,,,,,4.034489393234253e-06,,9.62521880865097e-07,,0.22418762743473053,,0.2592970132827759,,0.07988836616277695,,0.026027806103229523,0.04929370805621147,,,,,,,,,,,,,,
13,,42209,,,,,,,,,,3.4458935260772705e-06,,1.0253861546516418e-06,,0.25613299012184143,,0.25742486119270325,,0.09153322130441666,,0.025174736976623535,0.051124367862939835,,,,,,,,,,,,,,
13,,42219,,,,,,,,,,2.2351741790771484e-06,,7.851049304008484e-07,,0.2217158079147339,,0.2611773610115051,,0.07496221363544464,,0.021876448765397072,0.045314740389585495,,,,,,,,,,,,,,
13,,42229,,,,,,,,,,2.516433596611023e-06,,7.846392691135406e-07,,0.2320486605167389,,0.24556472897529602,,0.07880808413028717,,0.02208322286605835,0.04558023437857628,,,,,,,,,,,,,,
13,,42239,,,,,,,,,,2.7585774660110474e-06,,7.166527211666107e-07,,0.21164362132549286,,0.2695087194442749,,0.08847697079181671,,0.02630099654197693,0.05144116282463074,,,,,,,,,,,,,,
13,,42249,,,,,,,,,,2.29664146900177e-06,,1.037493348121643e-06,,0.23780590295791626,,0.26923704147338867,,0.09407252073287964,,0.03153765946626663,0.05671297013759613,,,,,,,,,,,,,,
13,,42259,,,,,,,,,,2.3264437913894653e-06,,1.0337680578231812e-06,,0.2663922905921936,,0.2342682033777237,,0.06733550131320953,,0.020430926233530045,0.042061980813741684,,,,,,,,,,,,,,
13,,42269,,,,,,,,,,1.9408762454986572e-06,,7.981434464454651e-07,,0.2569802403450012,,0.2539549171924591,,0.06070198118686676,,0.01819019392132759,0.03994964808225632,,,,,,,,,,,,,,
13,,42279,,,,,,,,,,3.1888484954833984e-06,,8.293427526950836e-07,,0.21610277891159058,,0.24771729111671448,,0.09143082052469254,,0.030635733157396317,0.054277535527944565,,,,,,,,,,,,,,
13,,42289,,,,,,,,,,1.989305019378662e-06,,8.349306881427765e-07,,0.2616140842437744,,0.2552518844604492,,0.08448591828346252,,0.029525011777877808,0.053028542548418045,,,,,,,,,,,,,,
13,,42299,,,,,,,,,,2.6132911443710327e-06,,1.4705583453178406e-06,,0.24399515986442566,,0.27400878071784973,,0.0795229971408844,,0.025549352169036865,0.0497882179915905,,,,,,,,,,,,,,
13,,42309,,,,,,,,,,7.0035457611083984e-06,,9.099021553993225e-07,,0.2344992607831955,,0.2694106698036194,,0.0753529742360115,,0.024196874350309372,0.04766464605927467,,,,,,,,,,,,,,
13,,42319,,,,,,,,,,3.1478703022003174e-06,,9.080395102500916e-07,,0.25261014699935913,,0.2549227774143219,,0.06765943765640259,,0.0199945867061615,0.04260227084159851,,,,,,,,,,,,,,
13,,42329,,,,,,,,,,2.2388994693756104e-06,,8.540228009223938e-07,,0.22023476660251617,,0.2687551975250244,,0.07076167315244675,,0.01996409147977829,0.04343026503920555,,,,,,,,,,,,,,
13,,42339,,,,,,,,,,1.9706785678863525e-06,,7.851049304008484e-07,,0.24333369731903076,,0.2695154547691345,,0.09488146007061005,,0.02792295068502426,0.05423083156347275,,,,,,,,,,,,,,
13,,42349,,,,,,,,,,1.7881393432617188e-06,,1.0342337191104889e-06,,0.2759208083152771,,0.24897494912147522,,0.08052093535661697,,0.026514537632465363,0.04989991337060928,,,,,,,,,,,,,,
13,,42359,,,,,,,,,,1.8384307622909546e-06,,1.2656673789024353e-06,,0.2510669231414795,,0.2505967319011688,,0.06439259648323059,,0.019724074751138687,0.04156573489308357,,,,,,,,,,,,,,
13,,42369,,,,,,,,,,3.5371631383895874e-06,,1.271720975637436e-06,,0.24312156438827515,,0.26060402393341064,,0.0971175953745842,,0.03545301407575607,0.05987883359193802,,,,,,,,,,,,,,
13,,42379,,,,,,,,,,2.0228326320648193e-06,,1.06077641248703e-06,,0.2500753402709961,,0.26537051796913147,,0.07018815726041794,,0.020306430757045746,0.04377060756087303,,,,,,,,,,,,,,
13,,42389,,,,,,,,,,3.5371631383895874e-06,,7.962808012962341e-07,,0.2543802857398987,,0.26187843084335327,,0.07725252211093903,,0.02540033496916294,0.04880359023809433,,,,,,,,,,,,,,
13,,42399,,,,,,,,,,2.1066516637802124e-06,,6.1793252825737e-07,,0.24489125609397888,,0.2658693790435791,,0.07355906814336777,,0.02399519458413124,0.04713267832994461,,,,,,,,,,,,,,
13,,42409,,,,,,,,,,1.9297003746032715e-06,,1.3164244592189789e-06,,0.26875126361846924,,0.2627125382423401,,0.08392984420061111,,0.02985113486647606,0.053602371364831924,,,,,,,,,,,,,,
13,,42419,,,,,,,,,,2.7604401111602783e-06,,2.430286258459091e-06,,0.23045967519283295,,0.28158947825431824,,0.08645828068256378,,0.027339912950992584,0.05262892693281174,,,,,,,,,,,,,,
13,,42429,,,,,,,,,,5.286186933517456e-06,,1.2950040400028229e-06,,0.23855438828468323,,0.26270806789398193,,0.06634540110826492,,0.01873195730149746,0.04160889610648155,,,,,,,,,,,,,,
13,,42439,,,,,,,,,,5.302950739860535e-06,,8.316710591316223e-07,,0.2763032615184784,,0.2523878514766693,,0.06605633348226547,,0.021896909922361374,0.04388757422566414,,,,,,,,,,,,,,
13,,42449,,,,,,,,,,1.7527490854263306e-06,,9.592622518539429e-07,,0.2301827222108841,,0.25640711188316345,,0.07523122429847717,,0.021419262513518333,0.04489780217409134,,,,,,,,,,,,,,
13,,42459,,,,,,,,,,1.8961727619171143e-06,,7.026828825473785e-07,,0.24886789917945862,,0.2503138482570648,,0.08200792968273163,,0.027275128290057182,0.050495050847530365,,,,,,,,,,,,,,
13,,42469,,,,,,,,,,3.3937394618988037e-06,,8.21426510810852e-07,,0.2190159261226654,,0.2542077898979187,,0.07407587766647339,,0.019234109669923782,0.04280784726142883,,,,,,,,,,,,,,
13,,42479,,,,,,,,,,1.8421560525894165e-06,,9.397044777870178e-07,,0.2414180487394333,,0.2620930075645447,,0.08003979921340942,,0.02756357565522194,0.05080727860331535,,,,,,,,,,,,,,
13,,42489,,,,,,,,,,2.9187649488449097e-06,,6.19795173406601e-07,,0.1956256628036499,,0.25531983375549316,,0.07218985259532928,,0.023449279367923737,0.04539424926042557,,,,,,,,,,,,,,
13,,42499,,,,,,,,,,1.6596168279647827e-06,,8.209608495235443e-07,,0.23999735713005066,,0.2611818313598633,,0.09832459688186646,,0.0338628850877285,0.05890277773141861,,,,,,,,,,,,,,
13,,42509,,,,,,,,,,1.7173588275909424e-06,,6.477348506450653e-07,,0.237922802567482,,0.25292831659317017,,0.0765887051820755,,0.026130126789212227,0.0486140213906765,,,,,,,,,,,,,,
13,,42519,,,,,,,,,,1.4957040548324585e-06,,8.512288331985474e-07,,0.2368043065071106,,0.247881218791008,,0.08083218336105347,,0.0216485895216465,0.04579814523458481,,,,,,,,,,,,,,
13,,42529,,,,,,,,,,2.305954694747925e-06,,7.385388016700745e-07,,0.209156334400177,,0.26395028829574585,,0.0882653295993805,,0.027043234556913376,0.05166851729154587,,,,,,,,,,,,,,
13,,42539,,,,,,,,,,2.3636966943740845e-06,,1.4798715710639954e-06,,0.241155743598938,,0.2663564682006836,,0.06807607412338257,,0.024212656542658806,0.04624655842781067,,,,,,,,,,,,,,
13,,42549,,,,,,,,,,1.5795230865478516e-06,,9.094364941120148e-07,,0.2784528136253357,,0.23833325505256653,,0.08083570748567581,,0.018693044781684875,0.04362212494015694,,,,,,,,,,,,,,
13,,42559,,,,,,,,,,2.6337802410125732e-06,,1.600012183189392e-06,,0.2515406310558319,,0.27453064918518066,,0.07230471819639206,,0.02216467261314392,0.04600824415683746,,,,,,,,,,,,,,
13,,42569,,,,,,,,,,3.285706043243408e-06,,8.57282429933548e-07,,0.2554839253425598,,0.2522989511489868,,0.06406587362289429,,0.02240363508462906,0.043646205216646194,,,,,,,,,,,,,,
13,,42579,,,,,,,,,,3.1311064958572388e-06,,1.4533288776874542e-06,,0.25861015915870667,,0.23496827483177185,,0.07798174768686295,,0.023122839629650116,0.04601967707276344,,,,,,,,,,,,,,
13,,42589,,,,,,,,,,1.3373792171478271e-06,,7.417984306812286e-07,,0.21870139241218567,,0.2720680236816406,,0.07790470123291016,,0.020402466878294945,0.045236121863126755,,,,,,,,,,,,,,
13,,42599,,,,,,,,,,3.205612301826477e-06,,8.740462362766266e-07,,0.2166890650987625,,0.26143306493759155,,0.08082091063261032,,0.022876184433698654,0.04711657017469406,,,,,,,,,,,,,,
13,,42609,,,,,,,,,,1.5869736671447754e-06,,1.391395926475525e-06,,0.28521257638931274,,0.26037120819091797,,0.07553472369909286,,0.028171783313155174,0.050851255655288696,,,,,,,,,,,,,,
13,,42619,,,,,,,,,,2.034008502960205e-06,,8.242204785346985e-07,,0.2287946343421936,,0.257761687040329,,0.08492013812065125,,0.024361707270145416,0.048969537019729614,,,,,,,,,,,,,,
13,,42629,,,,,,,,,,1.521781086921692e-06,,1.276843249797821e-06,,0.22082021832466125,,0.2584989666938782,,0.07417063415050507,,0.02748527005314827,0.049237851053476334,,,,,,,,,,,,,,
13,,42639,,,,,,,,,,2.562999725341797e-06,,1.0756775736808777e-06,,0.2100248783826828,,0.2543322741985321,,0.09207727015018463,,0.027097050100564957,0.051983028650283813,,,,,,,,,,,,,,
13,,42649,,,,,,,,,,1.942738890647888e-06,,1.4905817806720734e-06,,0.28284674882888794,,0.24618592858314514,,0.06544744968414307,,0.022006187587976456,0.04364127665758133,,,,,,,,,,,,,,
13,,42659,,,,,,,,,,2.3525208234786987e-06,,3.57162207365036e-06,,0.21835637092590332,,0.256233274936676,,0.08780903369188309,,0.025335228070616722,0.05004764348268509,,,,,,,,,,,,,,
13,,42669,,,,,,,,,,1.166015863418579e-06,,7.082708179950714e-07,,0.241274893283844,,0.27427518367767334,,0.07349927723407745,,0.023999342694878578,0.047476302832365036,,,,,,,,,,,,,,
13,,42679,,,,,,,,,,2.3189932107925415e-06,,8.940696716308594e-07,,0.232711523771286,,0.26916632056236267,,0.06434820592403412,,0.019193679094314575,0.04181502014398575,,,,,,,,,,,,,,
13,,42689,,,,,,,,,,3.505498170852661e-06,,9.331852197647095e-07,,0.2835286259651184,,0.2537498474121094,,0.07376675307750702,,0.02283008210361004,0.04618223384022713,,,,,,,,,,,,,,
13,,42699,,,,,,,,,,2.8498470783233643e-06,,1.2363307178020477e-06,,0.23741507530212402,,0.25062882900238037,,0.07335242629051208,,0.024017054587602615,0.04630811884999275,,,,,,,,,,,,,,
13,,42709,,,,,,,,,,1.55717134475708e-06,,1.6973353922367096e-06,,0.21955351531505585,,0.2538159489631653,,0.0753135234117508,,0.02129455842077732,0.04457360506057739,,,,,,,,,,,,,,
13,,42719,,,,,,,,,,1.6819685697555542e-06,,9.620562195777893e-07,,0.21084152162075043,,0.26504263281822205,,0.09903424978256226,,0.033492960035800934,0.0585976243019104,,,,,,,,,,,,,,
13,,42729,,,,,,,,,,2.3692846298217773e-06,,1.1818483471870422e-06,,0.24926680326461792,,0.25782161951065063,,0.08230377733707428,,0.02800125628709793,0.05145195126533508,,,,,,,,,,,,,,
13,,42739,,,,,,,,,,3.3937394618988037e-06,,1.005362719297409e-06,,0.26401662826538086,,0.25841155648231506,,0.08686517179012299,,0.02178805321455002,0.04784693568944931,,,,,,,,,,,,,,
13,,42749,,,,,,,,,,1.823529601097107e-06,,3.7141144275665283e-06,,0.2225807160139084,,0.2609362006187439,,0.0920768678188324,,0.025452855974435806,0.0512063167989254,,,,,,,,,,,,,,
13,,42759,,,,,,,,,,1.9017606973648071e-06,,8.563511073589325e-07,,0.28554487228393555,,0.24188649654388428,,0.06905326247215271,,0.021583111956715584,0.04383018612861633,,,,,,,,,,,,,,
13,,42769,,,,,,,,,,2.5015324354171753e-06,,1.0868534445762634e-06,,0.2106512486934662,,0.2815166115760803,,0.08315765857696533,,0.024036886170506477,0.04929642379283905,,,,,,,,,,,,,,
13,,42779,,,,,,,,,,5.349516868591309e-06,,7.133930921554565e-07,,0.24854794144630432,,0.26081693172454834,,0.08746720850467682,,0.02614280954003334,0.05115817114710808,,,,,,,,,,,,,,
13,,42789,,,,,,,,,,1.689419150352478e-06,,9.792856872081757e-07,,0.25894391536712646,,0.2681536078453064,,0.06874719262123108,,0.022134672850370407,0.045106321573257446,,,,,,,,,,,,,,
13,,42799,,,,,,,,,,2.119690179824829e-06,,1.1334195733070374e-06,,0.22908632457256317,,0.23950204253196716,,0.09207610040903091,,0.0277191661298275,0.05197760835289955,,,,,,,,,,,,,,
13,,42809,,,,,,,,,,3.118067979812622e-06,,1.028645783662796e-06,,0.25472885370254517,,0.24572709202766418,,0.08599942922592163,,0.029423601925373077,0.052709028124809265,,,,,,,,,,,,,,
13,,42819,,,,,,,,,,5.101785063743591e-06,,8.055940270423889e-07,,0.20824512839317322,,0.2528453469276428,,0.07688696682453156,,0.022880202159285545,0.04588016867637634,,,,,,,,,,,,,,
13,,42829,,,,,,,,,,2.132728695869446e-06,,1.2693926692008972e-06,,0.22873656451702118,,0.25902342796325684,,0.07386463135480881,,0.026252448558807373,0.04837299883365631,,,,,,,,,,,,,,
13,,42839,,,,,,,,,,2.0582228899002075e-06,,1.0952353477478027e-06,,0.23580151796340942,,0.26423293352127075,,0.059072040021419525,,0.02154555357992649,0.04239474609494209,,,,,,,,,,,,,,
13,,42849,,,,,,,,,,2.1066516637802124e-06,,5.955807864665985e-07,,0.23827815055847168,,0.2556420564651489,,0.07862560451030731,,0.02665797621011734,0.04952342435717583,,,,,,,,,,,,,,
13,,42859,,,,,,,,,,1.737847924232483e-06,,6.463378667831421e-07,,0.2581826448440552,,0.24633461236953735,,0.09764190763235092,,0.02229624055325985,0.049614667892456055,,,,,,,,,,,,,,
13,,42869,,,,,,,,,,2.4400651454925537e-06,,2.126675099134445e-06,,0.28059089183807373,,0.26202499866485596,,0.08720606565475464,,0.02849806472659111,0.053308308124542236,,,,,,,,,,,,,,
13,,42879,,,,,,,,,,2.7529895305633545e-06,,9.727664291858673e-07,,0.2595445215702057,,0.2716778516769409,,0.08528415858745575,,0.031110232695937157,0.055113356560468674,,,,,,,,,,,,,,
13,,42889,,,,,,,,,,1.957640051841736e-06,,9.299255907535553e-07,,0.21875427663326263,,0.26431065797805786,,0.07884525507688522,,0.02234853431582451,0.046509336680173874,,,,,,,,,,,,,,
13,,42899,,,,,,,,,,2.4009495973587036e-06,,8.093193173408508e-07,,0.21919724345207214,,0.26910561323165894,,0.0836544781923294,,0.021805476397275925,0.04723390191793442,,,,,,,,,,,,,,
13,,42909,,,,,,,,,,1.4863908290863037e-06,,6.272457540035248e-07,,0.22899015247821808,,0.26251837611198425,,0.07819028198719025,,0.021978411823511124,0.04614478349685669,,,,,,,,,,,,,,
13,,42919,,,,,,,,,,1.434236764907837e-06,,9.979121387004852e-07,,0.208861842751503,,0.280656635761261,,0.0741000697016716,,0.02287694811820984,0.04666625335812569,,,,,,,,,,,,,,
13,,42929,,,,,,,,,,1.952052116394043e-06,,8.638016879558563e-07,,0.23875212669372559,,0.26608145236968994,,0.07814667373895645,,0.03007747232913971,0.0524938702583313,,,,,,,,,,,,,,
13,,42939,,,,,,,,,,1.7695128917694092e-06,,9.238719940185547e-07,,0.2704010009765625,,0.2609986662864685,,0.07664261013269424,,0.02402375265955925,0.04780305549502373,,,,,,,,,,,,,,
13,,42949,,,,,,,,,,2.6114284992218018e-06,,1.0738149285316467e-06,,0.2493196576833725,,0.24435275793075562,,0.06827422976493835,,0.020589686930179596,0.042629845440387726,,,,,,,,,,,,,,
13,,42959,,,,,,,,,,1.3168901205062866e-06,,1.644715666770935e-06,,0.2222982794046402,,0.26267775893211365,,0.09298396110534668,,0.030508369207382202,0.055247340351343155,,,,,,,,,,,,,,
13,,42969,,,,,,,,,,2.6300549507141113e-06,,1.0547228157520294e-06,,0.2575499415397644,,0.255260705947876,,0.0738821029663086,,0.02400791645050049,0.04685378447175026,,,,,,,,,,,,,,
13,,42979,,,,,,,,,,1.9259750843048096e-06,,9.443610906600952e-07,,0.2200925052165985,,0.24470427632331848,,0.07437589764595032,,0.02053794078528881,0.04340926185250282,,,,,,,,,,,,,,
13,,42989,,,,,,,,,,1.7918646335601807e-06,,8.544884622097015e-07,,0.2494460940361023,,0.26334983110427856,,0.08089905232191086,,0.024464352056384087,0.04879647493362427,,,,,,,,,,,,,,
13,,42999,,,,,,,,,,2.3972243070602417e-06,,1.1362135410308838e-06,,0.25726598501205444,,0.24969354271888733,,0.08488281071186066,,0.02599390037357807,0.05014242231845856,,,,,,,,,,,,,,
13,,43009,,,,,,,,,,3.889203071594238e-06,,8.386559784412384e-07,,0.2896403670310974,,0.25192272663116455,,0.07575848698616028,,0.019379697740077972,0.04395332932472229,,,,,,,,,,,,,,
13,,43019,,,,,,,,,,2.6542693376541138e-06,,7.37607479095459e-07,,0.23792080581188202,,0.25658923387527466,,0.07300993800163269,,0.02543807029724121,0.04759529232978821,,,,,,,,,,,,,,
13,,43029,,,,,,,,,,2.8274953365325928e-06,,7.557682693004608e-07,,0.23704832792282104,,0.2584708333015442,,0.08557169884443283,,0.028984293341636658,0.05268951505422592,,,,,,,,,,,,,,
13,,43039,,,,,,,,,,1.8998980522155762e-06,,8.400529623031616e-07,,0.21742373704910278,,0.2736892104148865,,0.07194839417934418,,0.02389311045408249,0.0467987023293972,,,,,,,,,,,,,,
13,,43049,,,,,,,,,,2.0172446966171265e-06,,9.648501873016357e-07,,0.2584433853626251,,0.24348565936088562,,0.06105498597025871,,0.016543176025152206,0.038306571543216705,,,,,,,,,,,,,,
13,,43059,,,,,,,,,,1.9315630197525024e-06,,1.430511474609375e-06,,0.25212275981903076,,0.25552934408187866,,0.09592284262180328,,0.032357655465602875,0.057200249284505844,,,,,,,,,,,,,,
13,,43069,,,,,,,,,,2.305954694747925e-06,,1.0584481060504913e-06,,0.2535415589809418,,0.25839006900787354,,0.07643949240446091,,0.023656882345676422,0.04716981574892998,,,,,,,,,,,,,,
13,,43079,,,,,,,,,,2.0544975996017456e-06,,1.0868534445762634e-06,,0.23999257385730743,,0.2653345465660095,,0.06338782608509064,,0.017495645210146904,0.04026675969362259,,,,,,,,,,,,,,
13,,43089,,,,,,,,,,1.1008232831954956e-06,,9.611248970031738e-07,,0.2594229578971863,,0.27239906787872314,,0.10128960758447647,,0.028260786086320877,0.05600988492369652,,,,,,,,,,,,,,
13,,43099,,,,,,,,,,1.6819685697555542e-06,,1.5213154256343842e-06,,0.2912220358848572,,0.23184150457382202,,0.06946998834609985,,0.015498757362365723,0.03893953189253807,,,,,,,,,,,,,,
13,,43109,,,,,,,,,,2.248212695121765e-06,,1.282431185245514e-06,,0.22050997614860535,,0.2657970190048218,,0.071104995906353,,0.02278972789645195,0.045478928834199905,,,,,,,,,,,,,,
13,,43119,,,,,,,,,,2.1085143089294434e-06,,1.376960426568985e-06,,0.2848977744579315,,0.249873548746109,,0.0726843774318695,,0.01995171792805195,0.04365424066781998,,,,,,,,,,,,,,
13,,43129,,,,,,,,,,3.3248215913772583e-06,,1.0081566870212555e-06,,0.24621856212615967,,0.2657606303691864,,0.08005285263061523,,0.02582891657948494,0.04973664879798889,,,,,,,,,,,,,,
13,,43139,,,,,,,,,,1.7285346984863281e-06,,1.3844110071659088e-06,,0.268282026052475,,0.256466269493103,,0.07765577733516693,,0.02405240572988987,0.047777220606803894,,,,,,,,,,,,,,
13,,43149,,,,,,,,,,2.302229404449463e-06,,1.0151416063308716e-06,,0.24916036427021027,,0.25559598207473755,,0.06546841561794281,,0.019715238362550735,0.041972920298576355,,,,,,,,,,,,,,
13,,43159,,,,,,,,,,1.8477439880371094e-06,,8.749775588512421e-07,,0.25274792313575745,,0.24635466933250427,,0.059058863669633865,,0.016294868662953377,0.037813689559698105,,,,,,,,,,,,,,
13,,43169,,,,,,,,,,3.1758099794387817e-06,,1.009088009595871e-06,,0.2435111105442047,,0.25071555376052856,,0.08764133602380753,,0.029353931546211243,0.05306709557771683,,,,,,,,,,,,,,
13,,43179,,,,,,,,,,3.3527612686157227e-06,,8.884817361831665e-07,,0.22034725546836853,,0.2603461742401123,,0.08463861048221588,,0.024095900356769562,0.048739489167928696,,,,,,,,,,,,,,
13,,43189,,,,,,,,,,2.3711472749710083e-06,,1.6582198441028595e-06,,0.23285244405269623,,0.2772318720817566,,0.08257364481687546,,0.028587542474269867,0.05266005918383598,,,,,,,,,,,,,,
13,,43199,,,,,,,,,,1.4975666999816895e-06,,8.540228009223938e-07,,0.18931660056114197,,0.2710740566253662,,0.08553579449653625,,0.02927716076374054,0.05293390899896622,,,,,,,,,,,,,,
13,,43209,,,,,,,,,,1.9781291484832764e-06,,1.0021030902862549e-06,,0.2543334662914276,,0.2557322382926941,,0.09741337597370148,,0.023866800591349602,0.0511455237865448,,,,,,,,,,,,,,
13,,43219,,,,,,,,,,1.730397343635559e-06,,1.146458089351654e-06,,0.2648093104362488,,0.2633386254310608,,0.08961102366447449,,0.023574098944664,0.04994207248091698,,,,,,,,,,,,,,
13,,43229,,,,,,,,,,1.8477439880371094e-06,,1.223292201757431e-06,,0.23748108744621277,,0.2417544275522232,,0.08029145002365112,,0.019637618213891983,0.04390880838036537,,,,,,,,,,,,,,
13,,43239,,,,,,,,,,2.466142177581787e-06,,1.5022233128547668e-06,,0.2406843900680542,,0.2570022642612457,,0.08141732215881348,,0.02204030193388462,0.046674877405166626,,,,,,,,,,,,,,
13,,43249,,,,,,,,,,2.9578804969787598e-06,,1.3746321201324463e-06,,0.25464487075805664,,0.26016688346862793,,0.06019457057118416,,0.01596193015575409,0.03844676539301872,,,,,,,,,,,,,,
13,,43259,,,,,,,,,,1.9297003746032715e-06,,6.312970072031021e-06,,0.23392349481582642,,0.25210249423980713,,0.09197771549224854,,0.03130029886960983,0.055293161422014236,,,,,,,,,,,,,,
13,,43269,,,,,,,,,,3.162771463394165e-06,,1.3834796845912933e-06,,0.24204319715499878,,0.2757909297943115,,0.08171252906322479,,0.025296641513705254,0.050069957971572876,,,,,,,,,,,,,,
13,,43279,,,,,,,,,,3.6582350730895996e-06,,1.6284175217151642e-06,,0.2669500708580017,,0.25412678718566895,,0.08191220462322235,,0.021878724917769432,0.0468195378780365,,,,,,,,,,,,,,
13,,43289,,,,,,,,,,2.0116567611694336e-06,,8.754432201385498e-07,,0.2009650468826294,,0.27445870637893677,,0.0805293470621109,,0.024536583572626114,0.048733901232481,,,,,,,,,,,,,,
13,,43299,,,,,,,,,,2.4158507585525513e-06,,1.2847594916820526e-06,,0.22489172220230103,,0.2809388041496277,,0.0922333151102066,,0.03197980299592018,0.05709700286388397,,,,,,,,,,,,,,
13,,43309,,,,,,,,,,1.950189471244812e-06,,1.6666017472743988e-06,,0.23555180430412292,,0.2813906669616699,,0.07996437698602676,,0.030022645369172096,0.05347392335534096,,,,,,,,,,,,,,
13,,43319,,,,,,,,,,1.3764947652816772e-06,,1.2652017176151276e-06,,0.2209707349538803,,0.2643372714519501,,0.08076190948486328,,0.024736672639846802,0.048687566071748734,,,,,,,,,,,,,,
13,,43329,,,,,,,,,,1.519918441772461e-06,,2.239365130662918e-06,,0.25239911675453186,,0.2590063810348511,,0.07541581988334656,,0.024709101766347885,0.047782693058252335,,,,,,,,,,,,,,
13,,43339,,,,,,,,,,2.21841037273407e-06,,1.3257376849651337e-06,,0.20430365204811096,,0.25970762968063354,,0.07717502862215042,,0.026943784207105637,0.049258165061473846,,,,,,,,,,,,,,
13,,43349,,,,,,,,,,1.5888363122940063e-06,,2.2011809051036835e-06,,0.2360997498035431,,0.2929028272628784,,0.0919879600405693,,0.035465434193611145,0.06035817414522171,,,,,,,,,,,,,,
13,,43359,,,,,,,,,,2.0936131477355957e-06,,1.1259689927101135e-06,,0.22557130455970764,,0.2605409622192383,,0.06836055219173431,,0.020864784717559814,0.04333304986357689,,,,,,,,,,,,,,
13,,43369,,,,,,,,,,2.0973384380340576e-06,,9.359791874885559e-07,,0.2056228667497635,,0.2975446581840515,,0.08771468698978424,,0.02557171694934368,0.051995038986206055,,,,,,,,,,,,,,
13,,43379,,,,,,,,,,1.7676502466201782e-06,,1.3881362974643707e-06,,0.2690276503562927,,0.2581714391708374,,0.06500807404518127,,0.01805555447936058,0.04099515080451965,,,,,,,,,,,,,,
13,,43389,,,,,,,,,,2.2649765014648438e-06,,9.23406332731247e-07,,0.2221689224243164,,0.2528224587440491,,0.0736466720700264,,0.019252700731158257,0.04271330311894417,,,,,,,,,,,,,,
13,,43399,,,,,,,,,,1.7024576663970947e-06,,1.5427358448505402e-06,,0.24526646733283997,,0.24552300572395325,,0.07345376163721085,,0.024013306945562363,0.04617694765329361,,,,,,,,,,,,,,
13,,43409,,,,,,,,,,1.7918646335601807e-06,,2.3730099201202393e-06,,0.25188523530960083,,0.2687872648239136,,0.07061684876680374,,0.023539673537015915,0.04645794630050659,,,,,,,,,,,,,,
13,,43419,,,,,,,,,,3.3620744943618774e-06,,3.563240170478821e-06,,0.25594761967658997,,0.25404122471809387,,0.06225751340389252,,0.021431203931570053,0.04266468435525894,,,,,,,,,,,,,,
13,,43429,,,,,,,,,,3.995373845100403e-06,,9.620562195777893e-07,,0.2728738784790039,,0.24760662019252777,,0.0750727504491806,,0.0239124596118927,0.04682622477412224,,,,,,,,,,,,,,
13,,43439,,,,,,,,,,1.9725412130355835e-06,,8.991919457912445e-07,,0.27520695328712463,,0.27168112993240356,,0.08258083462715149,,0.03280913457274437,0.056064583361148834,,,,,,,,,,,,,,
13,,43449,,,,,,,,,,3.1385570764541626e-06,,1.0672956705093384e-06,,0.23245704174041748,,0.2593574821949005,,0.07962457090616226,,0.02336016111075878,0.047342780977487564,,,,,,,,,,,,,,
13,,43459,,,,,,,,,,2.946704626083374e-06,,4.448462277650833e-06,,0.2566066086292267,,0.25990617275238037,,0.07529427856206894,,0.022656552493572235,0.046311624348163605,,,,,,,,,,,,,,
13,,43469,,,,,,,,,,2.0619481801986694e-06,,9.299255907535553e-07,,0.2710474729537964,,0.2622939348220825,,0.08100016415119171,,0.027388127520680428,0.05121250078082085,,,,,,,,,,,,,,
13,,43479,,,,,,,,,,2.5480985641479492e-06,,2.72924080491066e-06,,0.2391023337841034,,0.2648405432701111,,0.08915027230978012,,0.027404606342315674,0.05249834060668945,,,,,,,,,,,,,,
13,,43489,,,,,,,,,,2.29664146900177e-06,,2.1136365830898285e-06,,0.239056795835495,,0.2574092447757721,,0.0824207067489624,,0.029127825051546097,0.052180007100105286,,,,,,,,,,,,,,
13,,43499,,,,,,,,,,4.127621650695801e-06,,1.4957040548324585e-06,,0.20929059386253357,,0.25850415229797363,,0.08487498760223389,,0.02764887548983097,0.051233239471912384,,,,,,,,,,,,,,
13,,43509,,,,,,,,,,1.6819685697555542e-06,,1.1031515896320343e-06,,0.26214540004730225,,0.25223028659820557,,0.07231954485177994,,0.022212179377675056,0.045125383883714676,,,,,,,,,,,,,,
13,,43519,,,,,,,,,,2.0153820514678955e-06,,1.4849938452243805e-06,,0.24990855157375336,,0.25630322098731995,,0.0783839300274849,,0.026401568204164505,0.04945307597517967,,,,,,,,,,,,,,
13,,43529,,,,,,,,,,1.8551945686340332e-06,,1.1855736374855042e-06,,0.178306445479393,,0.28768008947372437,,0.09075675904750824,,0.026766791939735413,0.0526793897151947,,,,,,,,,,,,,,
13,,43539,,,,,,,,,,1.773238182067871e-06,,1.0933727025985718e-06,,0.21014928817749023,,0.27316105365753174,,0.07941967993974686,,0.021068492904305458,0.04597089812159538,,,,,,,,,,,,,,
13,,43549,,,,,,,,,,2.512708306312561e-06,,1.0402873158454895e-06,,0.2760428190231323,,0.2407751977443695,,0.06342139840126038,,0.022272590547800064,0.04312770441174507,,,,,,,,,,,,,,
13,,43559,,,,,,,,,,1.2814998626708984e-06,,1.6470439732074738e-06,,0.23894928395748138,,0.2697477638721466,,0.0812249556183815,,0.028419600799679756,0.052001696079969406,,,,,,,,,,,,,,
13,,43569,,,,,,,,,,2.9280781745910645e-06,,1.3494864106178284e-06,,0.21823927760124207,,0.266593337059021,,0.08568835258483887,,0.026596345007419586,0.051080357283353806,,,,,,,,,,,,,,
13,,43579,,,,,,,,,,1.4994293451309204e-06,,1.0342337191104889e-06,,0.2983170747756958,,0.22500739991664886,,0.075924813747406,,0.023839779198169708,0.04617014154791832,,,,,,,,,,,,,,
13,,43589,,,,,,,,,,2.7455389499664307e-06,,4.0619634091854095e-06,,0.24843977391719818,,0.25709205865859985,,0.05731586739420891,,0.015306195244193077,0.03719806298613548,,,,,,,,,,,,,,
13,,43599,,,,,,,,,,1.6819685697555542e-06,,1.0668300092220306e-06,,0.2063518464565277,,0.272158682346344,,0.08325058221817017,,0.028363384306430817,0.05207036808133125,,,,,,,,,,,,,,
13,,43609,,,,,,,,,,2.2333115339279175e-06,,7.995404303073883e-07,,0.261660099029541,,0.2604075074195862,,0.05861693620681763,,0.016682201996445656,0.038784731179475784,,,,,,,,,,,,,,
13,,43619,,,,,,,,,,3.7830322980880737e-06,,1.3238750398159027e-06,,0.26515477895736694,,0.25270235538482666,,0.08102647215127945,,0.02614009752869606,0.04976239800453186,,,,,,,,,,,,,,
13,,43629,,,,,,,,,,1.7676502466201782e-06,,1.06077641248703e-06,,0.22477266192436218,,0.26846250891685486,,0.08570393174886703,,0.02664262428879738,0.05128221958875656,,,,,,,,,,,,,,
13,,43639,,,,,,,,,,1.7974525690078735e-06,,1.2707896530628204e-06,,0.25102585554122925,,0.24857184290885925,,0.06780138611793518,,0.024360788986086845,0.04558800160884857,,,,,,,,,,,,,,
13,,43649,,,,,,,,,,1.8738210201263428e-06,,1.1171214282512665e-06,,0.2549195885658264,,0.26164931058883667,,0.07208456844091415,,0.023917797952890396,0.04671776667237282,,,,,,,,,,,,,,
13,,43659,,,,,,,,,,2.983957529067993e-06,,1.600012183189392e-06,,0.23516277968883514,,0.2796069383621216,,0.06645038723945618,,0.020162969827651978,0.04345468059182167,,,,,,,,,,,,,,
13,,43669,,,,,,,,,,3.3173710107803345e-06,,9.695068001747131e-07,,0.21818572282791138,,0.286479651927948,,0.0813646912574768,,0.02891543135046959,0.0529409795999527,,,,,,,,,,,,,,
13,,43679,,,,,,,,,,1.689419150352478e-06,,4.940200597047806e-06,,0.24006220698356628,,0.25482141971588135,,0.06978203356266022,,0.021833425387740135,0.044227998703718185,,,,,,,,,,,,,,
13,,43689,,,,,,,,,,1.8123537302017212e-06,,8.624047040939331e-07,,0.2657938599586487,,0.2589486241340637,,0.06074099987745285,,0.016767380759119987,0.039227042347192764,,,,,,,,,,,,,,
13,,43699,,,,,,,,,,3.56137752532959e-06,,8.866190910339355e-07,,0.264388769865036,,0.24714931845664978,,0.0705060064792633,,0.020024288445711136,0.04293201118707657,,,,,,,,,,,,,,
13,,43709,,,,,,,,,,2.7213245630264282e-06,,1.0747462511062622e-06,,0.27915000915527344,,0.2520941495895386,,0.08452466130256653,,0.029380911961197853,0.05298520252108574,,,,,,,,,,,,,,
13,,43719,,,,,,,,,,2.8870999813079834e-06,,9.052455425262451e-07,,0.22875568270683289,,0.2692086100578308,,0.05969648063182831,,0.022240761667490005,0.04318409413099289,,,,,,,,,,,,,,
13,,43729,,,,,,,,,,1.9762665033340454e-06,,9.611248970031738e-07,,0.24894118309020996,,0.25179964303970337,,0.08326595276594162,,0.02824852615594864,0.05153173580765724,,,,,,,,,,,,,,
13,,43739,,,,,,,,,,3.885477781295776e-06,,1.0249204933643341e-06,,0.23323073983192444,,0.2728848457336426,,0.0736338347196579,,0.024380482733249664,0.04762799292802811,,,,,,,,,,,,,,
13,,43749,,,,,,,,,,3.50363552570343e-06,,1.3331882655620575e-06,,0.24807454645633698,,0.26445814967155457,,0.07829661667346954,,0.028588194400072098,0.051437925547361374,,,,,,,,,,,,,,
13,,43759,,,,,,,,,,4.5727938413619995e-06,,1.4780089259147644e-06,,0.21573032438755035,,0.2758713364601135,,0.07749247550964355,,0.02465204894542694,0.04849028214812279,,,,,,,,,,,,,,
13,,43769,,,,,,,,,,2.864748239517212e-06,,1.293141394853592e-06,,0.2940943241119385,,0.25335729122161865,,0.06883768737316132,,0.019271763041615486,0.0426938571035862,,,,,,,,,,,,,,
13,,43779,,,,,,,,,,1.7043203115463257e-06,,1.0631047189235687e-06,,0.26241910457611084,,0.2684261202812195,,0.07772691547870636,,0.0251439418643713,0.049101442098617554,,,,,,,,,,,,,,
13,,43789,,,,,,,,,,3.1050294637680054e-06,,9.117648005485535e-07,,0.22472187876701355,,0.28690606355667114,,0.07016998529434204,,0.022972047328948975,0.04647944122552872,,,,,,,,,,,,,,
13,,43799,,,,,,,,,,7.692724466323853e-06,,9.802170097827911e-07,,0.24175795912742615,,0.2688717246055603,,0.06820181757211685,,0.02110857516527176,0.04406650364398956,,,,,,,,,,,,,,
13,,43809,,,,,,,,,,2.734363079071045e-06,,7.082708179950714e-07,,0.25310710072517395,,0.2623559832572937,,0.07406914979219437,,0.020041100680828094,0.04419362172484398,,,,,,,,,,,,,,
13,,43819,,,,,,,,,,2.425163984298706e-06,,9.960494935512543e-07,,0.234056755900383,,0.2695249319076538,,0.0721626728773117,,0.022407062351703644,0.045723799616098404,,,,,,,,,,,,,,
13,,43829,,,,,,,,,,3.0957162380218506e-06,,6.952323019504547e-07,,0.2942524254322052,,0.24285036325454712,,0.07446198165416718,,0.023744219914078712,0.04661305248737335,,,,,,,,,,,,,,
13,,43839,,,,,,,,,,1.05295330286026e-05,,2.0461156964302063e-06,,0.3167180120944977,,0.26383912563323975,,0.06451305747032166,,0.019883625209331512,0.04309844970703125,,,,,,,,,,,,,,
13,,43849,,,,,,,,,,2.8051435947418213e-06,,1.3206154108047485e-06,,0.2393362820148468,,0.25860270857810974,,0.0763605535030365,,0.027529515326023102,0.04990365356206894,,,,,,,,,,,,,,
13,,43859,,,,,,,,,,5.668029189109802e-06,,1.9888393580913544e-06,,0.23631756007671356,,0.27253618836402893,,0.07830245792865753,,0.024741068482398987,0.04879391938447952,,,,,,,,,,,,,,
13,,43869,,,,,,,,,,2.164393663406372e-06,,1.5720725059509277e-06,,0.20257511734962463,,0.2596336603164673,,0.08491203188896179,,0.020466184243559837,0.04582609608769417,,,,,,,,,,,,,,
13,,43879,,,,,,,,,,2.862885594367981e-06,,9.345822036266327e-07,,0.23007670044898987,,0.2839377522468567,,0.0855892151594162,,0.028216643258929253,0.053229257464408875,,,,,,,,,,,,,,
13,,43889,,,,,,,,,,2.991408109664917e-06,,1.482199877500534e-06,,0.26214268803596497,,0.24433225393295288,,0.08029686659574509,,0.020070042461156845,0.04464416205883026,,,,,,,,,,,,,,
13,,43899,,,,,,,,,,2.4084001779556274e-06,,1.3550743460655212e-06,,0.25236135721206665,,0.2566370964050293,,0.08091120421886444,,0.023622537031769753,0.0478866770863533,,,,,,,,,,,,,,
13,,43909,,,,,,,,,,2.469867467880249e-06,,1.0314397513866425e-06,,0.2930213510990143,,0.2563609778881073,,0.070442795753479,,0.01864399015903473,0.042652200907468796,,,,,,,,,,,,,,
13,,43919,,,,,,,,,,3.4831464290618896e-06,,1.6363337635993958e-06,,0.24123577773571014,,0.24210572242736816,,0.07008486986160278,,0.01727171428501606,0.04028023034334183,,,,,,,,,,,,,,
13,,43929,,,,,,,,,,2.7008354663848877e-06,,1.4309771358966827e-06,,0.24917277693748474,,0.2600753903388977,,0.0816042572259903,,0.027297448366880417,0.05089734122157097,,,,,,,,,,,,,,
13,,43939,,,,,,,,,,1.8905848264694214e-06,,1.953914761543274e-06,,0.25395768880844116,,0.2521347999572754,,0.0739598274230957,,0.017057573422789574,0.04146566614508629,,,,,,,,,,,,,,
13,,43949,,,,,,,,,,3.6954879760742188e-06,,1.6991980373859406e-06,,0.2238684594631195,,0.26306450366973877,,0.0975748598575592,,0.03531455248594284,0.059750400483608246,,,,,,,,,,,,,,
13,,43959,,,,,,,,,,1.6149133443832397e-06,,2.0568259060382843e-06,,0.21900561451911926,,0.25891610980033875,,0.08841114491224289,,0.03293413668870926,0.055994536727666855,,,,,,,,,,,,,,
13,,43969,,,,,,,,,,2.8405338525772095e-06,,1.0496005415916443e-06,,0.19272670149803162,,0.285123348236084,,0.08011342585086823,,0.027590185403823853,0.05135012045502663,,,,,,,,,,,,,,
13,,43979,,,,,,,,,,3.376975655555725e-06,,1.1972151696681976e-06,,0.26116129755973816,,0.2542596459388733,,0.0699007660150528,,0.01990515924990177,0.04302467778325081,,,,,,,,,,,,,,
13,,43989,,,,,,,,,,1.6968697309494019e-06,,1.160893589258194e-06,,0.2577064037322998,,0.26930004358291626,,0.06923921406269073,,0.023606479167938232,0.04634196683764458,,,,,,,,,,,,,,
13,,43999,,,,,,,,,,1.4808028936386108e-06,,8.521601557731628e-07,,0.23621657490730286,,0.2527204751968384,,0.08544611185789108,,0.023955296725034714,0.04861392825841904,,,,,,,,,,,,,,
13,,44009,,,,,,,,,,1.778826117515564e-06,,9.825453162193298e-07,,0.25990286469459534,,0.2498950958251953,,0.0613531768321991,,0.015456020832061768,0.037864554673433304,,,,,,,,,,,,,,
13,,44019,,,,,,,,,,1.5925616025924683e-06,,1.278705894947052e-06,,0.24756594002246857,,0.2619963586330414,,0.08394969999790192,,0.026132430881261826,0.050534479320049286,,,,,,,,,,,,,,
13,,44029,,,,,,,,,,1.5869736671447754e-06,,8.293427526950836e-07,,0.23939645290374756,,0.2612379193305969,,0.07535218447446823,,0.02790750376880169,0.05012236163020134,,,,,,,,,,,,,,
13,,44039,,,,,,,,,,2.689659595489502e-06,,1.8686987459659576e-06,,0.23028501868247986,,0.2511599063873291,,0.074984610080719,,0.02533905953168869,0.04754729941487312,,,,,,,,,,,,,,
13,,44049,,,,,,,,,,1.5795230865478516e-06,,1.0379590094089508e-06,,0.2752215266227722,,0.244074285030365,,0.08374079316854477,,0.02797606587409973,0.05136222392320633,,,,,,,,,,,,,,
13,,44059,,,,,,,,,,2.1513551473617554e-06,,1.6479752957820892e-06,,0.23157091438770294,,0.273006796836853,,0.07350631058216095,,0.026439953595399857,0.04913531243801117,,,,,,,,,,,,,,
13,,44069,,,,,,,,,,1.7974525690078735e-06,,3.1189993023872375e-06,,0.20286262035369873,,0.26527929306030273,,0.0770062655210495,,0.02386920340359211,0.04716436564922333,,,,,,,,,,,,,,
13,,44079,,,,,,,,,,2.1476298570632935e-06,,7.175840437412262e-07,,0.25640997290611267,,0.25241225957870483,,0.06391506642103195,,0.01980576477944851,0.04168521240353584,,,,,,,,,,,,,,
13,,44089,,,,,,,,,,2.1420419216156006e-06,,9.997747838497162e-07,,0.2590160369873047,,0.262869656085968,,0.09199074655771255,,0.03250247240066528,0.05699639767408371,,,,,,,,,,,,,,
13,,44099,,,,,,,,,,3.8798898458480835e-06,,3.169756382703781e-06,,0.2914995551109314,,0.2496270090341568,,0.07814903557300568,,0.027433298528194427,0.050357501953840256,,,,,,,,,,,,,,
13,,44109,,,,,,,,,,2.7045607566833496e-06,,1.3513490557670593e-06,,0.25363263487815857,,0.24851226806640625,,0.08063849806785583,,0.02393578737974167,0.04770448058843613,,,,,,,,,,,,,,
13,,44119,,,,,,,,,,2.2258609533309937e-06,,1.4528632164001465e-06,,0.21644389629364014,,0.2728383541107178,,0.07966729253530502,,0.027605028823018074,0.05097959190607071,,,,,,,,,,,,,,
13,,44129,,,,,,,,,,1.2703239917755127e-06,,2.780463546514511e-06,,0.2551528811454773,,0.2591199576854706,,0.08102502673864365,,0.02625195123255253,0.0500297024846077,,,,,,,,,,,,,,
13,,44139,,,,,,,,,,2.332031726837158e-06,,9.899958968162537e-07,,0.22231602668762207,,0.26839539408683777,,0.08450917899608612,,0.027362769469618797,0.05156644061207771,,,,,,,,,,,,,,
13,,44149,,,,,,,,,,2.5425106287002563e-06,,7.962808012962341e-07,,0.23851612210273743,,0.26950711011886597,,0.09152409434318542,,0.02995312213897705,0.05506731569766998,,,,,,,,,,,,,,
13,,44159,,,,,,,,,,1.695007085800171e-06,,1.8528662621974945e-06,,0.26504790782928467,,0.2506575584411621,,0.07063669711351395,,0.021516097709536552,0.04424786940217018,,,,,,,,,,,,,,
13,,44169,,,,,,,,,,1.6614794731140137e-06,,1.0021030902862549e-06,,0.22183673083782196,,0.26286590099334717,,0.08192512392997742,,0.024386554956436157,0.0485842302441597,,,,,,,,,,,,,,
13,,44179,,,,,,,,,,2.1886080503463745e-06,,1.3308599591255188e-06,,0.22744272649288177,,0.25576281547546387,,0.0861661285161972,,0.021910058334469795,0.04725446552038193,,,,,,,,,,,,,,
13,,44189,,,,,,,,,,9.909272193908691e-07,,9.988434612751007e-07,,0.24729783833026886,,0.2536267638206482,,0.07028482109308243,,0.01710578054189682,0.040804482996463776,,,,,,,,,,,,,,
13,,44199,,,,,,,,,,1.5851110219955444e-06,,1.1580996215343475e-06,,0.25857478380203247,,0.24331620335578918,,0.06240745633840561,,0.019536487758159637,0.040799349546432495,,,,,,,,,,,,,,
13,,44209,,,,,,,,,,2.473592758178711e-06,,6.780028343200684e-07,,0.22266554832458496,,0.2669505476951599,,0.07453225553035736,,0.02381902188062668,0.04697320610284805,,,,,,,,,,,,,,
13,,44219,,,,,,,,,,1.991167664527893e-06,,1.1576339602470398e-06,,0.2303580492734909,,0.2661529779434204,,0.07994027435779572,,0.02617248147726059,0.04980575665831566,,,,,,,,,,,,,,
13,,44229,,,,,,,,,,1.7657876014709473e-06,,7.26897269487381e-07,,0.2600417733192444,,0.23931442201137543,,0.10262665897607803,,0.03295315057039261,0.05823681131005287,,,,,,,,,,,,,,
13,,44239,,,,,,,,,,2.3953616619110107e-06,,9.434297680854797e-07,,0.22302737832069397,,0.26706385612487793,,0.08648137748241425,,0.030501965433359146,0.05423719808459282,,,,,,,,,,,,,,
13,,44249,,,,,,,,,,3.0621886253356934e-06,,2.2654421627521515e-06,,0.2578708529472351,,0.2445443570613861,,0.08032654225826263,,0.026800021529197693,0.04965831711888313,,,,,,,,,,,,,,
13,,44259,,,,,,,,,,1.4547258615493774e-06,,1.1636875569820404e-06,,0.23306095600128174,,0.25135523080825806,,0.07111258059740067,,0.018710464239120483,0.04189015179872513,,,,,,,,,,,,,,
13,,44269,,,,,,,,,,2.1886080503463745e-06,,8.884817361831665e-07,,0.284733384847641,,0.2529847025871277,,0.08500278741121292,,0.029479550197720528,0.053256068378686905,,,,,,,,,,,,,,
13,,44279,,,,,,,,,,1.7043203115463257e-06,,1.5133991837501526e-06,,0.264171838760376,,0.24966081976890564,,0.08086647838354111,,0.026739107444882393,0.05002762749791145,,,,,,,,,,,,,,
13,,44289,,,,,,,,,,1.9166618585586548e-06,,1.6167759895324707e-06,,0.2476615458726883,,0.2435968816280365,,0.09988203644752502,,0.027553586289286613,0.05372708663344383,,,,,,,,,,,,,,
13,,44299,,,,,,,,,,3.684312105178833e-06,,6.94766640663147e-07,,0.2791956663131714,,0.26980066299438477,,0.0679677426815033,,0.025554727762937546,0.047840412706136703,,,,,,,,,,,,,,
13,,44309,,,,,,,,,,1.8775463104248047e-06,,1.0915100574493408e-06,,0.25866955518722534,,0.2564723789691925,,0.07149846851825714,,0.022957690060138702,0.04568881914019585,,,,,,,,,,,,,,
13,,44319,,,,,,,,,,3.773719072341919e-06,,9.229406714439392e-07,,0.23617371916770935,,0.2483178973197937,,0.08023183047771454,,0.027458596974611282,0.05005720257759094,,,,,,,,,,,,,,
13,,44329,,,,,,,,,,3.874301910400391e-06,,8.78702849149704e-07,,0.23509930074214935,,0.2615796625614166,,0.07918781042098999,,0.02599644847214222,0.049373727291822433,,,,,,,,,,,,,,
13,,44339,,,,,,,,,,1.0415911674499512e-05,,9.485520422458649e-07,,0.23157887160778046,,0.24998125433921814,,0.09239953011274338,,0.024929611012339592,0.050466138869524,,,,,,,,,,,,,,
13,,44349,,,,,,,,,,3.997236490249634e-06,,1.5515834093093872e-06,,0.21525001525878906,,0.24749523401260376,,0.0948665663599968,,0.022606804966926575,0.04887833073735237,,,,,,,,,,,,,,
13,,44359,,,,,,,,,,3.041699528694153e-06,,1.5194527804851532e-06,,0.21738669276237488,,0.2731092572212219,,0.085947185754776,,0.025850480422377586,0.05086487904191017,,,,,,,,,,,,,,
13,,44369,,,,,,,,,,2.425163984298706e-06,,1.4370307326316833e-06,,0.21705010533332825,,0.2775559723377228,,0.08098548650741577,,0.026314731687307358,0.050487153232097626,,,,,,,,,,,,,,
13,,44379,,,,,,,,,,1.7974525690078735e-06,,6.924383342266083e-07,,0.2622970938682556,,0.24807555973529816,,0.07154208421707153,,0.022931929677724838,0.04532649368047714,,,,,,,,,,,,,,
13,,44389,,,,,,,,,,1.737847924232483e-06,,1.671724021434784e-06,,0.20473065972328186,,0.2677455544471741,,0.0693737268447876,,0.026872195303440094,0.04812323674559593,,,,,,,,,,,,,,
13,,44399,,,,,,,,,,2.032145857810974e-06,,1.0463409125804901e-06,,0.2386096715927124,,0.24879857897758484,,0.06986048817634583,,0.01957639306783676,0.042250096797943115,,,,,,,,,,,,,,
13,,44409,,,,,,,,,,1.6782432794570923e-06,,8.535571396350861e-07,,0.2584938406944275,,0.26719528436660767,,0.06500882655382156,,0.018074821680784225,0.04130936414003372,,,,,,,,,,,,,,
13,,44419,,,,,,,,,,1.9073486328125e-06,,1.2088567018508911e-06,,0.23289331793785095,,0.2594926953315735,,0.061805788427591324,,0.016260821372270584,0.038686588406562805,,,,,,,,,,,,,,
13,,44429,,,,,,,,,,2.4586915969848633e-06,,9.34116542339325e-07,,0.27226901054382324,,0.245942622423172,,0.08846687525510788,,0.02564927376806736,0.05055605247616768,,,,,,,,,,,,,,
13,,44439,,,,,,,,,,1.8533319234848022e-06,,7.008202373981476e-07,,0.2540055215358734,,0.25393790006637573,,0.06723818182945251,,0.020933007821440697,0.04319743067026138,,,,,,,,,,,,,,
13,,44449,,,,,,,,,,4.610046744346619e-06,,9.867362678050995e-07,,0.25105220079421997,,0.2625529170036316,,0.07893232256174088,,0.020637035369873047,0.04553789645433426,,,,,,,,,,,,,,
13,,44459,,,,,,,,,,3.200024366378784e-06,,1.0104849934577942e-06,,0.25754493474960327,,0.26248836517333984,,0.08642184734344482,,0.028820104897022247,0.05315440520644188,,,,,,,,,,,,,,
13,,44469,,,,,,,,,,2.3953616619110107e-06,,7.799826562404633e-07,,0.3035939633846283,,0.2428731769323349,,0.0770573616027832,,0.021269947290420532,0.045354213565588,,,,,,,,,,,,,,
13,,44479,,,,,,,,,,2.1867454051971436e-06,,9.466893970966339e-07,,0.20399978756904602,,0.27201375365257263,,0.07148395478725433,,0.02200780063867569,0.04506136476993561,,,,,,,,,,,,,,
13,,44489,,,,,,,,,,1.4826655387878418e-06,,1.16787850856781e-06,,0.2360566258430481,,0.2622109651565552,,0.07435740530490875,,0.018372509628534317,0.042789276689291,,,,,,,,,,,,,,
13,,44499,,,,,,,,,,1.864507794380188e-06,,1.1902302503585815e-06,,0.27539893984794617,,0.2621029019355774,,0.0742458701133728,,0.02799093723297119,0.05044002830982208,,,,,,,,,,,,,,
13,,44509,,,,,,,,,,2.7082860469818115e-06,,1.0761432349681854e-06,,0.24417272210121155,,0.2747951149940491,,0.06909612566232681,,0.023947250097990036,0.04666978120803833,,,,,,,,,,,,,,
13,,44519,,,,,,,,,,2.4829059839248657e-06,,9.825453162193298e-07,,0.26286521553993225,,0.2467184066772461,,0.09892906993627548,,0.02981432154774666,0.055568888783454895,,,,,,,,,,,,,,
13,,44529,,,,,,,,,,1.8309801816940308e-06,,1.0067597031593323e-06,,0.2846450209617615,,0.2575194239616394,,0.08047683537006378,,0.024042680859565735,0.04854017496109009,,,,,,,,,,,,,,
13,,44539,,,,,,,,,,2.7883797883987427e-06,,1.4095567166805267e-06,,0.26492950320243835,,0.2588818073272705,,0.08123030513525009,,0.022439777851104736,0.047311797738075256,,,,,,,,,,,,,,
13,,44549,,,,,,,,,,1.862645149230957e-06,,7.650814950466156e-07,,0.24663932621479034,,0.23971635103225708,,0.09269972890615463,,0.02732195518910885,0.052012376487255096,,,,,,,,,,,,,,
13,,44559,,,,,,,,,,4.7497451305389404e-06,,9.168870747089386e-07,,0.23699775338172913,,0.25843819975852966,,0.09080953150987625,,0.026850992813706398,0.05206936225295067,,,,,,,,,,,,,,
13,,44569,,,,,,,,,,1.30385160446167e-06,,9.94652509689331e-07,,0.21513137221336365,,0.26946932077407837,,0.07987082004547119,,0.024044711142778397,0.04817352443933487,,,,,,,,,,,,,,
13,,44579,,,,,,,,,,1.7434358596801758e-06,,9.033828973770142e-07,,0.2336946427822113,,0.2620486617088318,,0.05960411578416824,,0.017787138000130653,0.03954792767763138,,,,,,,,,,,,,,
13,,44589,,,,,,,,,,1.564621925354004e-06,,1.562759280204773e-06,,0.2476118803024292,,0.2657671570777893,,0.0920993760228157,,0.031178567558526993,0.056025780737400055,,,,,,,,,,,,,,
13,,44599,,,,,,,,,,3.5390257835388184e-06,,7.990747690200806e-07,,0.183079794049263,,0.2730181813240051,,0.07985895872116089,,0.02530542202293873,0.04890776053071022,,,,,,,,,,,,,,
13,,44603,,,,,,,,,,,,,,,,,,,,,,0.9837964177131653,1.0,1.0,0.9388084411621094,0.9070959091186523,0.9726387858390808,0.9920037984848022,0.05087848752737045,2.384185791015625e-07,2.9802322387695312e-08,0.24305596947669983,0.25902679562568665,0.08685505390167236,0.02612069807946682
13,,44603,0.9837891459465027,1.0,1.0,0.9394984245300293,0.9071333408355713,0.9731603264808655,0.9918527007102966,0.048231203109025955,2.6700145099312067e-06,,1.2696842759396532e-06,,0.24302078783512115,,0.2596234083175659,,0.07866020500659943,,0.024603787809610367,,,,,,,,,,,,,,,,
,6.183221215612905e-05,44604,,,,,,,,,,,,,,,,,,,,,,,,,,,,,,,,,,,
14,,44609,,,,,,,,,,1.6130506992340088e-06,,1.0309740900993347e-06,,0.25643688440322876,,0.2505081295967102,,0.09109528362751007,,0.02563321590423584,0.051065437495708466,,,,,,,,,,,,,,
14,,44619,,,,,,,,,,2.4158507585525513e-06,,8.540228009223938e-07,,0.2322545200586319,,0.2699761390686035,,0.07719893753528595,,0.02194361388683319,0.04632068797945976,,,,,,,,,,,,,,
14,,44629,,,,,,,,,,2.3581087589263916e-06,,6.798654794692993e-07,,0.30329442024230957,,0.2614848017692566,,0.06080656498670578,,0.019111277535557747,0.04155617207288742,,,,,,,,,,,,,,
14,,44639,,,,,,,,,,1.1682510375976562e-05,,7.529743015766144e-07,,0.2725696265697479,,0.2417459338903427,,0.08028934895992279,,0.02087605744600296,0.0452483706176281,,,,,,,,,,,,,,
14,,44649,,,,,,,,,,2.0563602447509766e-06,,1.3471581041812897e-06,,0.23016799986362457,,0.25388601422309875,,0.07676509767770767,,0.026607386767864227,0.048959143459796906,,,,,,,,,,,,,,
14,,44659,,,,,,,,,,2.736225724220276e-06,,1.1646188795566559e-06,,0.2440115511417389,,0.2540006935596466,,0.08243100345134735,,0.027328241616487503,0.05073017627000809,,,,,,,,,,,,,,
14,,44669,,,,,,,,,,1.994892954826355e-06,,9.336508810520172e-07,,0.251625657081604,,0.2746492326259613,,0.1027078628540039,,0.038847893476486206,0.0642322525382042,,,,,,,,,,,,,,
14,,44679,,,,,,,,,,1.6763806343078613e-06,,9.154900908470154e-07,,0.25321197509765625,,0.26324930787086487,,0.06110585108399391,,0.019045434892177582,0.04105859249830246,,,,,,,,,,,,,,
14,,44689,,,,,,,,,,3.423541784286499e-06,,1.0244548320770264e-06,,0.24442046880722046,,0.26350539922714233,,0.07285051792860031,,0.020252404734492302,0.04407566040754318,,,,,,,,,,,,,,
14,,44699,,,,,,,,,,3.043562173843384e-06,,5.592592060565948e-07,,0.2458208203315735,,0.2587765157222748,,0.0823327898979187,,0.024098720401525497,0.048534151166677475,,,,,,,,,,,,,,
14,,44709,,,,,,,,,,2.4400651454925537e-06,,8.414499461650848e-07,,0.2236284762620926,,0.27317532896995544,,0.0842980295419693,,0.030654974281787872,0.05423609912395477,,,,,,,,,,,,,,
14,,44719,,,,,,,,,,2.1569430828094482e-06,,1.248437911272049e-06,,0.24279198050498962,,0.2671113610267639,,0.08679786324501038,,0.027950283139944077,0.05261623114347458,,,,,,,,,,,,,,
14,,44729,,,,,,,,,,1.7173588275909424e-06,,9.327195584774017e-07,,0.19021667540073395,,0.2652299404144287,,0.10054933279752731,,0.0341038852930069,0.05910710617899895,,,,,,,,,,,,,,
14,,44739,,,,,,,,,,4.155561327934265e-06,,9.192153811454773e-07,,0.2574794888496399,,0.25258851051330566,,0.06119586527347565,,0.015257640741765499,0.03778411075472832,,,,,,,,,,,,,,
14,,44749,,,,,,,,,,3.119930624961853e-06,,9.294599294662476e-07,,0.244612455368042,,0.2446698546409607,,0.0790848582983017,,0.026552896946668625,0.04909052699804306,,,,,,,,,,,,,,
14,,44759,,,,,,,,,,2.7213245630264282e-06,,1.2335367500782013e-06,,0.2544640898704529,,0.25156718492507935,,0.07733497023582458,,0.018833503127098083,0.043410252779722214,,,,,,,,,,,,,,
14,,44769,,,,,,,,,,1.6372650861740112e-06,,1.1157244443893433e-06,,0.2616211771965027,,0.24674029648303986,,0.06505276262760162,,0.01877574622631073,0.04092102125287056,,,,,,,,,,,,,,
14,,44779,,,,,,,,,,4.326924681663513e-06,,9.415671229362488e-07,,0.2527603209018707,,0.25437670946121216,,0.0809675008058548,,0.02355356514453888,0.04774418845772743,,,,,,,,,,,,,,
14,,44789,,,,,,,,,,1.8924474716186523e-06,,9.746290743350983e-07,,0.2583804726600647,,0.23512889444828033,,0.06911592185497284,,0.018583117052912712,0.04095613956451416,,,,,,,,,,,,,,
14,,44799,,,,,,,,,,3.168359398841858e-06,,2.975109964609146e-06,,0.22848719358444214,,0.24508312344551086,,0.08077487349510193,,0.023031115531921387,0.04659586772322655,,,,,,,,,,,,,,
14,,44809,,,,,,,,,,2.689659595489502e-06,,1.4808028936386108e-06,,0.2566635012626648,,0.25504881143569946,,0.06254304945468903,,0.01985263265669346,0.0415896475315094,,,,,,,,,,,,,,
14,,44819,,,,,,,,,,2.522021532058716e-06,,1.010950654745102e-06,,0.2564127445220947,,0.2619250416755676,,0.08191734552383423,,0.02919122204184532,0.052548330277204514,,,,,,,,,,,,,,
14,,44829,,,,,,,,,,3.1758099794387817e-06,,1.066364347934723e-06,,0.22914770245552063,,0.2506176829338074,,0.07168835401535034,,0.02063790336251259,0.04336361587047577,,,,,,,,,,,,,,
14,,44839,,,,,,,,,,2.302229404449463e-06,,1.180451363325119e-06,,0.23026011884212494,,0.27164411544799805,,0.09659109264612198,,0.032775554805994034,0.05813837796449661,,,,,,,,,,,,,,
14,,44849,,,,,,,,,,1.7229467630386353e-06,,1.4789402484893799e-06,,0.2325124591588974,,0.2601777911186218,,0.07523006200790405,,0.022669930011034012,0.046039920300245285,,,,,,,,,,,,,,
14,,44859,,,,,,,,,,1.8496066331863403e-06,,9.550713002681732e-07,,0.2204436957836151,,0.2694317698478699,,0.07989615201950073,,0.025378607213497162,0.049239449203014374,,,,,,,,,,,,,,
14,,44869,,,,,,,,,,6.198883056640625e-06,,1.5553086996078491e-06,,0.22630861401557922,,0.2670825123786926,,0.07930110394954681,,0.024902306497097015,0.04872914031147957,,,,,,,,,,,,,,
14,,44879,,,,,,,,,,2.0526349544525146e-06,,8.568167686462402e-07,,0.22980690002441406,,0.2666287422180176,,0.07480370253324509,,0.022600742056965828,0.046178802847862244,,,,,,,,,,,,,,
14,,44889,,,,,,,,,,2.6971101760864258e-06,,1.0188668966293335e-06,,0.25572970509529114,,0.24641969799995422,,0.07668448984622955,,0.026192795485258102,0.048582565039396286,,,,,,,,,,,,,,
14,,44899,,,,,,,,,,1.339241862297058e-06,,1.5730038285255432e-06,,0.2631711959838867,,0.23986086249351501,,0.05836668610572815,,0.015872256830334663,0.03718454763293266,,,,,,,,,,,,,,
14,,44909,,,,,,,,,,2.2314488887786865e-06,,9.969808161258698e-07,,0.22524955868721008,,0.2706697881221771,,0.07515732198953629,,0.025809623301029205,0.04878842085599899,,,,,,,,,,,,,,
14,,44919,,,,,,,,,,2.086162567138672e-06,,9.355135262012482e-07,,0.22029858827590942,,0.26151636242866516,,0.0792500376701355,,0.026444125920534134,0.04954478144645691,,,,,,,,,,,,,,
14,,44929,,,,,,,,,,4.079192876815796e-06,,9.294599294662476e-07,,0.255071759223938,,0.25636428594589233,,0.07591603696346283,,0.023321393877267838,0.046742916107177734,,,,,,,,,,,,,,
14,,44939,,,,,,,,,,1.8533319234848022e-06,,1.0384246706962585e-06,,0.22608962655067444,,0.26736724376678467,,0.060921840369701385,,0.01595807820558548,0.03858315572142601,,,,,,,,,,,,,,
14,,44949,,,,,,,,,,2.168118953704834e-06,,9.532086551189423e-07,,0.22622713446617126,,0.25395554304122925,,0.07644277811050415,,0.021598730236291885,0.04509834945201874,,,,,,,,,,,,,,
14,,44959,,,,,,,,,,1.519918441772461e-06,,2.0815059542655945e-06,,0.265665203332901,,0.24271942675113678,,0.07682428508996964,,0.023119326680898666,0.046246085315942764,,,,,,,,,,,,,,
14,,44969,,,,,,,,,,1.6167759895324707e-06,,1.5390105545520782e-06,,0.2589457035064697,,0.24764952063560486,,0.06779956817626953,,0.023902058601379395,0.04529311880469322,,,,,,,,,,,,,,
14,,44979,,,,,,,,,,2.1476298570632935e-06,,1.4831312000751495e-06,,0.1709994226694107,,0.2765759825706482,,0.08345180749893188,,0.028843343257904053,0.052260883152484894,,,,,,,,,,,,,,
14,,44989,,,,,,,,,,2.3506581783294678e-06,,1.1050142347812653e-06,,0.23259904980659485,,0.2557604908943176,,0.08188919723033905,,0.024033907800912857,0.04810594767332077,,,,,,,,,,,,,,
14,,44999,,,,,,,,,,1.4919787645339966e-06,,1.2693926692008972e-06,,0.2581181824207306,,0.2359856218099594,,0.0779842957854271,,0.0193275548517704,0.04321492463350296,,,,,,,,,,,,,,
14,,45009,,,,,,,,,,1.8924474716186523e-06,,9.937211871147156e-07,,0.24233631789684296,,0.24408870935440063,,0.07909612357616425,,0.026941973716020584,0.04933059215545654,,,,,,,,,,,,,,
14,,45019,,,,,,,,,,2.3189932107925415e-06,,9.741634130477905e-07,,0.2722584009170532,,0.2444269061088562,,0.06603694707155228,,0.019310319796204567,0.04152284935116768,,,,,,,,,,,,,,
14,,45029,,,,,,,,,,1.7676502466201782e-06,,8.442439138889313e-07,,0.20524728298187256,,0.27327823638916016,,0.08750802278518677,,0.02369297295808792,0.04940470680594444,,,,,,,,,,,,,,
14,,45039,,,,,,,,,,1.5497207641601562e-06,,7.795169949531555e-07,,0.22546443343162537,,0.2689319849014282,,0.07877515256404877,,0.02524862438440323,0.048967115581035614,,,,,,,,,,,,,,
14,,45049,,,,,,,,,,2.2836029529571533e-06,,7.092021405696869e-07,,0.2543139159679413,,0.24149903655052185,,0.07796056568622589,,0.02703504078090191,0.04920641705393791,,,,,,,,,,,,,,
14,,45059,,,,,,,,,,2.3525208234786987e-06,,1.8910504877567291e-06,,0.23386353254318237,,0.2640877962112427,,0.07166677713394165,,0.023886701092123985,0.046483609825372696,,,,,,,,,,,,,,
14,,45069,,,,,,,,,,2.419576048851013e-06,,8.363276720046997e-07,,0.2295951396226883,,0.26508355140686035,,0.07799690216779709,,0.02369549684226513,0.04752400889992714,,,,,,,,,,,,,,
14,,45079,,,,,,,,,,1.4565885066986084e-06,,1.6153790056705475e-06,,0.26790207624435425,,0.25694406032562256,,0.07476989179849625,,0.023830760270357132,0.047087661921978,,,,,,,,,,,,,,
14,,45089,,,,,,,,,,2.771615982055664e-06,,1.1669471859931946e-06,,0.23735091090202332,,0.2497195601463318,,0.07241378724575043,,0.02252989634871483,0.04497305303812027,,,,,,,,,,,,,,
14,,45099,,,,,,,,,,1.903623342514038e-06,,1.0184012353420258e-06,,0.28352493047714233,,0.23884862661361694,,0.07518856227397919,,0.02296733669936657,0.0458531491458416,,,,,,,,,,,,,,
14,,45109,,,,,,,,,,2.777203917503357e-06,,1.9012950360774994e-06,,0.23419606685638428,,0.2481088787317276,,0.06578287482261658,,0.0186103954911232,0.04067661240696907,,,,,,,,,,,,,,
14,,45119,,,,,,,,,,1.259148120880127e-06,,8.889473974704742e-07,,0.19428738951683044,,0.268573522567749,,0.08458788692951202,,0.024297067895531654,0.04896117374300957,,,,,,,,,,,,,,
14,,45129,,,,,,,,,,2.4475157260894775e-06,,8.638016879558563e-07,,0.23041397333145142,,0.2607212960720062,,0.08189340680837631,,0.02322864532470703,0.0477096289396286,,,,,,,,,,,,,,
14,,45139,,,,,,,,,,1.8328428268432617e-06,,1.176726073026657e-06,,0.23993149399757385,,0.25672441720962524,,0.06994697451591492,,0.020594369620084763,0.04341709241271019,,,,,,,,,,,,,,
14,,45149,,,,,,,,,,2.2873282432556152e-06,,9.480863809585571e-07,,0.22343263030052185,,0.264138787984848,,0.06885828077793121,,0.021431362256407738,0.043995052576065063,,,,,,,,,,,,,,
14,,45159,,,,,,,,,,1.996755599975586e-06,,9.816139936447144e-07,,0.2573730945587158,,0.261091411113739,,0.07248066365718842,,0.022327087819576263,0.04560132697224617,,,,,,,,,,,,,,
14,,45169,,,,,,,,,,2.2202730178833008e-06,,8.139759302139282e-07,,0.26439613103866577,,0.2566356956958771,,0.07466975599527359,,0.019672540947794914,0.04389389604330063,,,,,,,,,,,,,,
14,,45179,,,,,,,,,,3.0044466257095337e-06,,7.175840437412262e-07,,0.24766352772712708,,0.2532850205898285,,0.08474694192409515,,0.029672421514987946,0.052932336926460266,,,,,,,,,,,,,,
14,,45189,,,,,,,,,,1.3299286365509033e-06,,1.0440126061439514e-06,,0.20492398738861084,,0.28016573190689087,,0.1113680750131607,,0.03633197769522667,0.0636802688241005,,,,,,,,,,,,,,
14,,45199,,,,,,,,,,3.4552067518234253e-06,,8.642673492431641e-07,,0.2579513490200043,,0.26966845989227295,,0.07455183565616608,,0.023716937750577927,0.04744133725762367,,,,,,,,,,,,,,
14,,45209,,,,,,,,,,1.3969838619232178e-06,,1.0957010090351105e-06,,0.2716968357563019,,0.2506251633167267,,0.06309104710817337,,0.022560112178325653,0.04369233176112175,,,,,,,,,,,,,,
14,,45219,,,,,,,,,,3.885477781295776e-06,,9.825453162193298e-07,,0.20029546320438385,,0.26967406272888184,,0.08465082943439484,,0.025317244231700897,0.04986032471060753,,,,,,,,,,,,,,
14,,45229,,,,,,,,,,2.7902424335479736e-06,,8.041970431804657e-07,,0.2673247456550598,,0.25168776512145996,,0.06653569638729095,,0.020723845809698105,0.04295939579606056,,,,,,,,,,,,,,
14,,45239,,,,,,,,,,2.780929207801819e-06,,8.675269782543182e-07,,0.2576236128807068,,0.27060145139694214,,0.05779843032360077,,0.01854034699499607,0.04045581817626953,,,,,,,,,,,,,,
14,,45249,,,,,,,,,,1.6298145055770874e-06,,9.364448487758636e-07,,0.22325463593006134,,0.25973087549209595,,0.08929118514060974,,0.02929827570915222,0.053520023822784424,,,,,,,,,,,,,,
14,,45259,,,,,,,,,,2.862885594367981e-06,,1.0817311704158783e-06,,0.23440265655517578,,0.2779662609100342,,0.06147763133049011,,0.017743714153766632,0.04062134027481079,,,,,,,,,,,,,,
14,,45269,,,,,,,,,,1.7248094081878662e-06,,1.1487863957881927e-06,,0.24844229221343994,,0.27141326665878296,,0.06708972156047821,,0.019030552357435226,0.04249654710292816,,,,,,,,,,,,,,
14,,45279,,,,,,,,,,1.6856938600540161e-06,,1.3113021850585938e-06,,0.24636197090148926,,0.24502882361412048,,0.08302585780620575,,0.02930733747780323,0.05193331837654114,,,,,,,,,,,,,,
14,,45289,,,,,,,,,,1.514330506324768e-06,,2.227257937192917e-06,,0.21938738226890564,,0.2829850912094116,,0.07544464617967606,,0.024356845766305923,0.04826116934418678,,,,,,,,,,,,,,
14,,45299,,,,,,,,,,2.0992010831832886e-06,,1.1837109923362732e-06,,0.22506651282310486,,0.2669847309589386,,0.08100146055221558,,0.025189392268657684,0.04924425482749939,,,,,,,,,,,,,,
14,,45309,,,,,,,,,,2.1532177925109863e-06,,1.0165385901927948e-06,,0.2585487365722656,,0.2737482190132141,,0.08553621917963028,,0.028338056057691574,0.05316638574004173,,,,,,,,,,,,,,
14,,45319,,,,,,,,,,2.6114284992218018e-06,,9.774230420589447e-07,,0.29182371497154236,,0.24449878931045532,,0.06913390755653381,,0.022268492728471756,0.04455554857850075,,,,,,,,,,,,,,
14,,45329,,,,,,,,,,2.123415470123291e-06,,9.6810981631279e-07,,0.22807011008262634,,0.26303422451019287,,0.08178254961967468,,0.026143450289964676,0.04995644465088844,,,,,,,,,,,,,,
14,,45339,,,,,,,,,,1.385807991027832e-06,,1.5404075384140015e-06,,0.2560563385486603,,0.25785544514656067,,0.07020273804664612,,0.02049318328499794,0.04363119229674339,,,,,,,,,,,,,,
14,,45349,,,,,,,,,,1.391395926475525e-06,,8.209608495235443e-07,,0.23491591215133667,,0.26644212007522583,,0.09142544865608215,,0.03315941244363785,0.05726821348071098,,,,,,,,,,,,,,
14,,45359,,,,,,,,,,2.6132911443710327e-06,,9.019859135150909e-07,,0.2912300229072571,,0.24513430893421173,,0.07420233637094498,,0.024389825761318207,0.047120336443185806,,,,,,,,,,,,,,
14,,45369,,,,,,,,,,1.7825514078140259e-06,,1.1441297829151154e-06,,0.22541946172714233,,0.27176493406295776,,0.07185114920139313,,0.02346927300095558,0.04646601155400276,,,,,,,,,,,,,,
14,,45379,,,,,,,,,,1.5832483768463135e-06,,7.990747690200806e-07,,0.20701181888580322,,0.2625548839569092,,0.09884034097194672,,0.03432834893465042,0.05902642011642456,,,,,,,,,,,,,,
14,,45389,,,,,,,,,,3.593042492866516e-06,,1.2731179594993591e-06,,0.21464040875434875,,0.2764500081539154,,0.06471781432628632,,0.01802833564579487,0.04113980382680893,,,,,,,,,,,,,,
14,,45399,,,,,,,,,,4.135072231292725e-06,,1.109205186367035e-06,,0.25034070014953613,,0.25045186281204224,,0.08838648349046707,,0.02531265839934349,0.050242844969034195,,,,,,,,,,,,,,
14,,45409,,,,,,,,,,1.4882534742355347e-06,,8.391216397285461e-07,,0.25291872024536133,,0.24202066659927368,,0.07779325544834137,,0.020591655746102333,0.04434942081570625,,,,,,,,,,,,,,
14,,45419,,,,,,,,,,2.166256308555603e-06,,1.3313256204128265e-06,,0.268282949924469,,0.2677891254425049,,0.06958156824111938,,0.018929529935121536,0.04295073822140694,,,,,,,,,,,,,,
14,,45429,,,,,,,,,,3.037974238395691e-06,,2.687796950340271e-06,,0.22439734637737274,,0.26252663135528564,,0.08655551820993423,,0.029455505311489105,0.0532693937420845,,,,,,,,,,,,,,
14,,45439,,,,,,,,,,1.8719583749771118e-06,,1.6884878277778625e-06,,0.21741105616092682,,0.27837827801704407,,0.0829794704914093,,0.02460378408432007,0.0496203750371933,,,,,,,,,,,,,,
14,,45449,,,,,,,,,,2.7548521757125854e-06,,1.1371448636054993e-06,,0.2425996959209442,,0.26505035161972046,,0.08162140846252441,,0.028413649648427963,0.05189412459731102,,,,,,,,,,,,,,
14,,45459,,,,,,,,,,2.7101486921310425e-06,,1.0025687515735626e-06,,0.2544330358505249,,0.2627105712890625,,0.0770067572593689,,0.02060943841934204,0.045203082263469696,,,,,,,,,,,,,,
14,,45469,,,,,,,,,,4.1835010051727295e-06,,1.2689270079135895e-06,,0.24260768294334412,,0.24085941910743713,,0.07055532932281494,,0.02008047327399254,0.04243319109082222,,,,,,,,,,,,,,
14,,45479,,,,,,,,,,3.95067036151886e-06,,1.3452954590320587e-06,,0.24892431497573853,,0.2561212182044983,,0.08892830461263657,,0.027673915028572083,0.05236504599452019,,,,,,,,,,,,,,
14,,45489,,,,,,,,,,2.812594175338745e-06,,9.280629456043243e-07,,0.2634578049182892,,0.24726930260658264,,0.08141081035137177,,0.02299298159778118,0.04719894006848335,,,,,,,,,,,,,,
14,,45499,,,,,,,,,,1.9203871488571167e-06,,1.2954697012901306e-06,,0.19689244031906128,,0.27658534049987793,,0.1034427285194397,,0.02318268083035946,0.05206751078367233,,,,,,,,,,,,,,
14,,45509,,,,,,,,,,3.3937394618988037e-06,,1.5925616025924683e-06,,0.23041774332523346,,0.2629663050174713,,0.08607485890388489,,0.026472821831703186,0.05103287100791931,,,,,,,,,,,,,,
14,,45519,,,,,,,,,,3.2298266887664795e-06,,5.159527063369751e-06,,0.24466603994369507,,0.24382425844669342,,0.07871125638484955,,0.024339277297258377,0.047320831567049026,,,,,,,,,,,,,,
14,,45529,,,,,,,,,,1.9688159227371216e-06,,1.4672987163066864e-06,,0.24453702569007874,,0.2609981298446655,,0.08609211444854736,,0.026589203625917435,0.0511966347694397,,,,,,,,,,,,,,
14,,45539,,,,,,,,,,2.2742897272109985e-06,,6.7930668592453e-06,,0.20205828547477722,,0.26948076486587524,,0.10620047152042389,,0.03023054450750351,0.05759936571121216,,,,,,,,,,,,,,
14,,45549,,,,,,,,,,1.6558915376663208e-06,,1.7508864402770996e-06,,0.2481420636177063,,0.25248026847839355,,0.07001902163028717,,0.01869833841919899,0.0419054850935936,,,,,,,,,,,,,,
14,,45559,,,,,,,,,,1.6279518604278564e-06,,3.329012542963028e-06,,0.24872177839279175,,0.24666064977645874,,0.07181443274021149,,0.020942913368344307,0.043659985065460205,,,,,,,,,,,,,,
14,,45569,,,,,,,,,,2.3934990167617798e-06,,6.901100277900696e-07,,0.2540467083454132,,0.26646900177001953,,0.08808562159538269,,0.02910773456096649,0.05382784456014633,,,,,,,,,,,,,,
14,,45579,,,,,,,,,,1.8011778593063354e-06,,1.0784715414047241e-06,,0.20806241035461426,,0.2737666368484497,,0.08077552914619446,,0.025216659530997276,0.049341000616550446,,,,,,,,,,,,,,
14,,45589,,,,,,,,,,2.6617199182510376e-06,,3.2624229788780212e-06,,0.2725302577018738,,0.25106650590896606,,0.07137127965688705,,0.019407182931900024,0.04291044920682907,,,,,,,,,,,,,,
14,,45599,,,,,,,,,,2.505257725715637e-06,,9.277835488319397e-06,,0.2524559795856476,,0.2599281072616577,,0.10392072796821594,,0.035792261362075806,0.061486974358558655,,,,,,,,,,,,,,
14,,45609,,,,,,,,,,2.3934990167617798e-06,,1.307111233472824e-06,,0.25592654943466187,,0.2545016407966614,,0.07106626033782959,,0.02193359285593033,0.044714946299791336,,,,,,,,,,,,,,
14,,45619,,,,,,,,,,2.5704503059387207e-06,,1.2782402336597443e-06,,0.26913684606552124,,0.2545665502548218,,0.06286779046058655,,0.017356934025883675,0.039901912212371826,,,,,,,,,,,,,,
14,,45629,,,,,,,,,,1.2908130884170532e-06,,1.2256205081939697e-06,,0.29003211855888367,,0.24579791724681854,,0.0771111398935318,,0.024913908913731575,0.04807610064744949,,,,,,,,,,,,,,
14,,45639,,,,,,,,,,1.776963472366333e-06,,1.6312114894390106e-06,,0.24467763304710388,,0.2596759498119354,,0.07420612871646881,,0.02281346172094345,0.046074628829956055,,,,,,,,,,,,,,
14,,45649,,,,,,,,,,1.9855797290802e-06,,1.0184012353420258e-06,,0.24956215918064117,,0.2525717616081238,,0.09106989949941635,,0.027606818825006485,0.05255741998553276,,,,,,,,,,,,,,
14,,45659,,,,,,,,,,1.8253922462463379e-06,,7.473863661289215e-07,,0.23893684148788452,,0.24840764701366425,,0.07304684072732925,,0.019462862983345985,0.042748019099235535,,,,,,,,,,,,,,
14,,45669,,,,,,,,,,1.389533281326294e-06,,6.598420441150665e-07,,0.27365821599960327,,0.2286994755268097,,0.06699302792549133,,0.019034046679735184,0.040773905813694,,,,,,,,,,,,,,
14,,45679,,,,,,,,,,1.6391277313232422e-06,,1.1157244443893433e-06,,0.23326589167118073,,0.26452940702438354,,0.09644395112991333,,0.02775343507528305,0.05404491722583771,,,,,,,,,,,,,,
14,,45689,,,,,,,,,,1.4882534742355347e-06,,1.4766119420528412e-06,,0.21841785311698914,,0.265188992023468,,0.08202451467514038,,0.025544412434101105,0.04954032599925995,,,,,,,,,,,,,,
14,,45699,,,,,,,,,,1.387670636177063e-06,,9.424984455108643e-07,,0.25568610429763794,,0.2583578824996948,,0.06866847723722458,,0.022820133715867996,0.04510830342769623,,,,,,,,,,,,,,
14,,45709,,,,,,,,,,2.16066837310791e-06,,9.033828973770142e-07,,0.2579191327095032,,0.26171553134918213,,0.0729508250951767,,0.019677836447954178,0.0437377467751503,,,,,,,,,,,,,,
14,,45719,,,,,,,,,,2.516433596611023e-06,,2.752058207988739e-06,,0.22370761632919312,,0.26615995168685913,,0.07307867705821991,,0.017711065709590912,0.042093660682439804,,,,,,,,,,,,,,
14,,45729,,,,,,,,,,1.216307282447815e-06,,9.55536961555481e-07,,0.22695262730121613,,0.27224424481391907,,0.08135140687227249,,0.027402464300394058,0.05123880133032799,,,,,,,,,,,,,,
14,,45739,,,,,,,,,,2.0712614059448242e-06,,1.0570511221885681e-06,,0.2084445059299469,,0.2782408595085144,,0.08241952955722809,,0.028413914144039154,0.052262112498283386,,,,,,,,,,,,,,
14,,45749,,,,,,,,,,2.0600855350494385e-06,,1.0295771062374115e-06,,0.2982493042945862,,0.261782169342041,,0.07052718102931976,,0.02488025091588497,0.04766182228922844,,,,,,,,,,,,,,
14,,45759,,,,,,,,,,1.7173588275909424e-06,,1.105479896068573e-06,,0.24517017602920532,,0.2616327404975891,,0.06508156657218933,,0.02393891103565693,0.04530516639351845,,,,,,,,,,,,,,
14,,45769,,,,,,,,,,7.2605907917022705e-06,,1.6540288925170898e-06,,0.24123820662498474,,0.26080626249313354,,0.07093878090381622,,0.024265019223093987,0.046563468873500824,,,,,,,,,,,,,,
14,,45779,,,,,,,,,,1.4360994100570679e-06,,2.074986696243286e-06,,0.2392294704914093,,0.25613006949424744,,0.07900957763195038,,0.027054522186517715,0.04992694780230522,,,,,,,,,,,,,,
14,,45789,,,,,,,,,,2.8423964977264404e-06,,9.811483323574066e-07,,0.24126970767974854,,0.2498241364955902,,0.08871695399284363,,0.02794223465025425,0.05214172601699829,,,,,,,,,,,,,,
14,,45799,,,,,,,,,,6.252899765968323e-06,,3.409571945667267e-06,,0.2560134828090668,,0.24965378642082214,,0.09936007857322693,,0.029790684580802917,0.05568931624293327,,,,,,,,,,,,,,
14,,45809,,,,,,,,,,2.0638108253479004e-06,,9.210780262947083e-07,,0.22780396044254303,,0.26176828145980835,,0.07982740551233292,,0.025973331183195114,0.049399666488170624,,,,,,,,,,,,,,
14,,45819,,,,,,,,,,1.385807991027832e-06,,8.200295269489288e-07,,0.2461996078491211,,0.2572280168533325,,0.06662334501743317,,0.01842646300792694,0.04126451909542084,,,,,,,,,,,,,,
14,,45829,,,,,,,,,,2.1886080503463745e-06,,7.809139788150787e-07,,0.27458131313323975,,0.2522134780883789,,0.07433564960956573,,0.017418518662452698,0.04205235093832016,,,,,,,,,,,,,,
14,,45839,,,,,,,,,,2.0265579223632812e-06,,9.299255907535553e-07,,0.21803823113441467,,0.26654016971588135,,0.08801008015871048,,0.030950352549552917,0.05477723851799965,,,,,,,,,,,,,,
14,,45849,,,,,,,,,,2.5872141122817993e-06,,1.3993121683597565e-06,,0.2160099446773529,,0.2718859910964966,,0.07550258934497833,,0.022716693580150604,0.04648163169622421,,,,,,,,,,,,,,
14,,45859,,,,,,,,,,1.3764947652816772e-06,,1.50362029671669e-06,,0.2556441128253937,,0.266651451587677,,0.08426035195589066,,0.025234097614884377,0.050231773406267166,,,,,,,,,,,,,,
14,,45869,,,,,,,,,,1.780688762664795e-06,,1.5012919902801514e-06,,0.22036325931549072,,0.2570933401584625,,0.07701746374368668,,0.023154322057962418,0.046451497822999954,,,,,,,,,,,,,,
14,,45879,,,,,,,,,,3.039836883544922e-06,,9.550713002681732e-07,,0.2145022451877594,,0.27906739711761475,,0.07572785764932632,,0.027129273861646652,0.050153158605098724,,,,,,,,,,,,,,
14,,45889,,,,,,,,,,1.9706785678863525e-06,,1.0188668966293335e-06,,0.22727864980697632,,0.2653046250343323,,0.08382092416286469,,0.027663573622703552,0.05157627910375595,,,,,,,,,,,,,,
14,,45899,,,,,,,,,,2.0544975996017456e-06,,9.66247171163559e-07,,0.252176433801651,,0.2582019567489624,,0.08291283994913101,,0.027654806151986122,0.051358211785554886,,,,,,,,,,,,,,
14,,45909,,,,,,,,,,1.7005950212478638e-06,,2.8070062398910522e-06,,0.2302042841911316,,0.27300214767456055,,0.06777644902467728,,0.018046241253614426,0.041747648268938065,,,,,,,,,,,,,,
14,,45919,,,,,,,,,,1.3709068298339844e-06,,9.154900908470154e-07,,0.23609884083271027,,0.255465567111969,,0.07869099825620651,,0.024446459487080574,0.04784282296895981,,,,,,,,,,,,,,
14,,45929,,,,,,,,,,2.648681402206421e-06,,1.5641562640666962e-06,,0.2800964415073395,,0.260497123003006,,0.059171680361032486,,0.017930712550878525,0.04004569351673126,,,,,,,,,,,,,,
14,,45939,,,,,,,,,,1.6614794731140137e-06,,9.951181709766388e-07,,0.21818144619464874,,0.2636336386203766,,0.09795965254306793,,0.03159966319799423,0.05699574202299118,,,,,,,,,,,,,,
14,,45949,,,,,,,,,,2.8517097234725952e-06,,1.0370276868343353e-06,,0.2182585746049881,,0.26322507858276367,,0.07502947747707367,,0.022210076451301575,0.04563312605023384,,,,,,,,,,,,,,
14,,45959,,,,,,,,,,2.7101486921310425e-06,,8.321367204189301e-07,,0.24390992522239685,,0.2680456042289734,,0.08315829932689667,,0.02717025950551033,0.05140538513660431,,,,,,,,,,,,,,
14,,45969,,,,,,,,,,1.959502696990967e-06,,1.4817342162132263e-06,,0.22816765308380127,,0.260753870010376,,0.07291358709335327,,0.022691624239087105,0.045597828924655914,,,,,,,,,,,,,,
14,,45979,,,,,,,,,,1.4808028936386108e-06,,9.774230420589447e-07,,0.2286563366651535,,0.26131004095077515,,0.07034475356340408,,0.024668121710419655,0.04663059860467911,,,,,,,,,,,,,,
14,,45989,,,,,,,,,,3.3490359783172607e-06,,2.3134052753448486e-06,,0.2381952553987503,,0.26037776470184326,,0.07445545494556427,,0.02047928422689438,0.044327251613140106,,,,,,,,,,,,,,
14,,45999,,,,,,,,,,5.016103386878967e-06,,1.069623976945877e-06,,0.2640308141708374,,0.24622005224227905,,0.06396404653787613,,0.020223157480359077,0.04180651903152466,,,,,,,,,,,,,,
14,,46009,,,,,,,,,,2.6207417249679565e-06,,8.987262845039368e-07,,0.2423011064529419,,0.26035523414611816,,0.067737877368927,,0.01653965190052986,0.040159016847610474,,,,,,,,,,,,,,
14,,46019,,,,,,,,,,2.348795533180237e-06,,1.0933727025985718e-06,,0.24064503610134125,,0.25470060110092163,,0.05508894845843315,,0.015391882508993149,0.0366411916911602,,,,,,,,,,,,,,
14,,46029,,,,,,,,,,2.1979212760925293e-06,,7.69738107919693e-07,,0.23715895414352417,,0.26045507192611694,,0.09541673958301544,,0.030668461695313454,0.0558936707675457,,,,,,,,,,,,,,
14,,46039,,,,,,,,,,2.428889274597168e-06,,1.1050142347812653e-06,,0.1838499903678894,,0.27807775139808655,,0.08575756102800369,,0.025732439011335373,0.05058061704039574,,,,,,,,,,,,,,
14,,46049,,,,,,,,,,1.7173588275909424e-06,,1.3499520719051361e-06,,0.21766126155853271,,0.27238601446151733,,0.0749591737985611,,0.0218067467212677,0.04573989287018776,,,,,,,,,,,,,,
14,,46059,,,,,,,,,,1.6558915376663208e-06,,9.047798812389374e-07,,0.27774807810783386,,0.2486831545829773,,0.05713937431573868,,0.01653263531625271,0.03803428262472153,,,,,,,,,,,,,,
14,,46069,,,,,,,,,,1.298263669013977e-06,,7.594935595989227e-07,,0.20046621561050415,,0.26326629519462585,,0.07447387278079987,,0.02496686950325966,0.0473904013633728,,,,,,,,,,,,,,
14,,46079,,,,,,,,,,2.5890767574310303e-06,,8.023343980312347e-07,,0.2547413110733032,,0.2597384452819824,,0.0809287279844284,,0.024010559543967247,0.04835435375571251,,,,,,,,,,,,,,
14,,46089,,,,,,,,,,2.9224902391433716e-06,,1.2102536857128143e-06,,0.24311864376068115,,0.26754331588745117,,0.07567582279443741,,0.02646511048078537,0.04944026470184326,,,,,,,,,,,,,,
14,,46099,,,,,,,,,,2.294778823852539e-06,,8.01868736743927e-07,,0.21834303438663483,,0.2731454372406006,,0.08632603287696838,,0.031100910156965256,0.054887618869543076,,,,,,,,,,,,,,
14,,46109,,,,,,,,,,1.4118850231170654e-06,,7.799826562404633e-07,,0.23111853003501892,,0.25606769323349,,0.07671996206045151,,0.026247460395097733,0.04879409819841385,,,,,,,,,,,,,,
14,,46119,,,,,,,,,,2.810731530189514e-06,,6.877817213535309e-07,,0.2283867597579956,,0.26038122177124023,,0.09835107624530792,,0.030274145305156708,0.0560419000685215,,,,,,,,,,,,,,
14,,46129,,,,,,,,,,2.1867454051971436e-06,,7.627531886100769e-07,,0.2242363691329956,,0.2620108723640442,,0.08671244978904724,,0.028245851397514343,0.052365291863679886,,,,,,,,,,,,,,
14,,46139,,,,,,,,,,3.1068921089172363e-06,,8.069910109043121e-07,,0.2797173857688904,,0.24948011338710785,,0.08727018535137177,,0.02654380351305008,0.05125584825873375,,,,,,,,,,,,,,
14,,46149,,,,,,,,,,1.7192214727401733e-06,,7.944181561470032e-07,,0.2569277286529541,,0.2765563726425171,,0.08381246030330658,,0.023285236209630966,0.04916522279381752,,,,,,,,,,,,,,
14,,46159,,,,,,,,,,1.4659017324447632e-06,,9.336508810520172e-07,,0.2667646110057831,,0.24128486216068268,,0.05688077211380005,,0.009896446019411087,0.032531801611185074,,,,,,,,,,,,,,
14,,46169,,,,,,,,,,2.5872141122817993e-06,,9.029172360897064e-07,,0.248591348528862,,0.2720663845539093,,0.07570302486419678,,0.0262325219810009,0.04954709857702255,,,,,,,,,,,,,,
14,,46179,,,,,,,,,,1.7900019884109497e-06,,1.4989636838436127e-06,,0.23646855354309082,,0.2669941782951355,,0.09626559913158417,,0.030558962374925613,0.05626923218369484,,,,,,,,,,,,,,
14,,46189,,,,,,,,,,1.6633421182632446e-06,,5.005858838558197e-07,,0.23226627707481384,,0.26015594601631165,,0.07876221090555191,,0.02376699075102806,0.047521449625492096,,,,,,,,,,,,,,
14,,46199,,,,,,,,,,1.5906989574432373e-06,,7.445923984050751e-07,,0.28251874446868896,,0.26669079065322876,,0.07982640713453293,,0.029970651492476463,0.05327035114169121,,,,,,,,,,,,,,
14,,46209,,,,,,,,,,2.859160304069519e-06,,1.253560185432434e-06,,0.2612850069999695,,0.2571212947368622,,0.0821300595998764,,0.026359805837273598,0.05029601976275444,,,,,,,,,,,,,,
14,,46219,,,,,,,,,,1.7285346984863281e-06,,8.344650268554688e-07,,0.2164706438779831,,0.27159446477890015,,0.06225857511162758,,0.01928754150867462,0.04141701012849808,,,,,,,,,,,,,,
14,,46229,,,,,,,,,,3.596767783164978e-06,,6.337650120258331e-07,,0.19879195094108582,,0.2776356637477875,,0.09043151140213013,,0.03089236095547676,0.055482495576143265,,,,,,,,,,,,,,
14,,46239,,,,,,,,,,1.9799917936325073e-06,,7.883645594120026e-07,,0.2254921942949295,,0.2596358060836792,,0.0780840814113617,,0.022110480815172195,0.04604778811335564,,,,,,,,,,,,,,
14,,46249,,,,,,,,,,2.002343535423279e-06,,7.497146725654602e-07,,0.20123088359832764,,0.2755146920681,,0.07889217138290405,,0.024435512721538544,0.04840366169810295,,,,,,,,,,,,,,
14,,46259,,,,,,,,,,1.6409903764724731e-06,,6.39352947473526e-07,,0.23163890838623047,,0.27135592699050903,,0.07268469035625458,,0.019376423209905624,0.04360567405819893,,,,,,,,,,,,,,
14,,46269,,,,,,,,,,3.6172568798065186e-06,,1.0295771062374115e-06,,0.2294057011604309,,0.26277682185173035,,0.06479606032371521,,0.022129034623503685,0.04376273974776268,,,,,,,,,,,,,,
14,,46279,,,,,,,,,,2.12155282497406e-06,,8.344650268554688e-07,,0.20230206847190857,,0.2789585292339325,,0.07856740802526474,,0.02265794202685356,0.04718327894806862,,,,,,,,,,,,,,
14,,46289,,,,,,,,,,2.3096799850463867e-06,,5.438923835754395e-07,,0.22631436586380005,,0.277151882648468,,0.0794476866722107,,0.024918168783187866,0.04924071207642555,,,,,,,,,,,,,,
14,,46299,,,,,,,,,,8.624047040939331e-06,,9.899958968162537e-07,,0.23948395252227783,,0.23932889103889465,,0.06819116324186325,,0.020585695281624794,0.04226043447852135,,,,,,,,,,,,,,
14,,46309,,,,,,,,,,4.1835010051727295e-06,,6.635673344135284e-07,,0.2332649976015091,,0.2607298493385315,,0.08950038254261017,,0.025261342525482178,0.05069499835371971,,,,,,,,,,,,,,
14,,46319,,,,,,,,,,2.0526349544525146e-06,,2.675224095582962e-06,,0.26465052366256714,,0.271589457988739,,0.09220138192176819,,0.029151292517781258,0.0549967959523201,,,,,,,,,,,,,,
14,,46329,,,,,,,,,,2.8461217880249023e-06,,9.257346391677856e-07,,0.24659758806228638,,0.24143384397029877,,0.0849926620721817,,0.023303154855966568,0.04763215035200119,,,,,,,,,,,,,,
14,,46339,,,,,,,,,,2.5033950805664062e-06,,7.194466888904572e-07,,0.2539888918399811,,0.2751986086368561,,0.07730238139629364,,0.024098804220557213,0.04845650494098663,,,,,,,,,,,,,,
14,,46349,,,,,,,,,,9.210780262947083e-06,,1.3164244592189789e-06,,0.21799570322036743,,0.2678224444389343,,0.06331847608089447,,0.02074819803237915,0.04255257546901703,,,,,,,,,,,,,,
14,,46359,,,,,,,,,,1.942738890647888e-06,,8.717179298400879e-07,,0.24788346886634827,,0.26122719049453735,,0.06735266745090485,,0.015989577397704124,0.03978043422102928,,,,,,,,,,,,,,
14,,46369,,,,,,,,,,3.0007213354110718e-06,,8.707866072654724e-07,,0.24951483309268951,,0.25937947630882263,,0.07858099043369293,,0.020791731774806976,0.04542124271392822,,,,,,,,,,,,,,
14,,46379,,,,,,,,,,1.5683472156524658e-06,,8.64081084728241e-06,,0.3010915219783783,,0.23830905556678772,,0.07350622117519379,,0.020945629104971886,0.04420161247253418,,,,,,,,,,,,,,
14,,46389,,,,,,,,,,1.4621764421463013e-06,,1.1352822184562683e-06,,0.2210407853126526,,0.2563745677471161,,0.08913625776767731,,0.028356611728668213,0.05260123312473297,,,,,,,,,,,,,,
14,,46399,,,,,,,,,,2.691522240638733e-06,,7.674098014831543e-07,,0.26010674238204956,,0.23746885359287262,,0.07870952785015106,,0.02147635444998741,0.04505578801035881,,,,,,,,,,,,,,
14,,46409,,,,,,,,,,1.9669532775878906e-06,,6.095506250858307e-07,,0.22842173278331757,,0.2658018171787262,,0.0855933427810669,,0.02591930888593197,0.05063688009977341,,,,,,,,,,,,,,
14,,46419,,,,,,,,,,1.860782504081726e-06,,2.0400620996952057e-06,,0.24174562096595764,,0.2683488726615906,,0.07236538827419281,,0.022872047498822212,0.04614562913775444,,,,,,,,,,,,,,
14,,46429,,,,,,,,,,2.8703361749649048e-06,,8.512288331985474e-07,,0.2257329821586609,,0.26946866512298584,,0.07429751753807068,,0.024295296519994736,0.04744049161672592,,,,,,,,,,,,,,
14,,46439,,,,,,,,,,1.4360994100570679e-06,,1.1613592505455017e-06,,0.22011294960975647,,0.28372615575790405,,0.07927531003952026,,0.02354162186384201,0.04841127619147301,,,,,,,,,,,,,,
14,,46449,,,,,,,,,,2.86102294921875e-06,,1.0295771062374115e-06,,0.29881203174591064,,0.2510493993759155,,0.07820327579975128,,0.02330670692026615,0.04742437228560448,,,,,,,,,,,,,,
14,,46459,,,,,,,,,,2.2277235984802246e-06,,1.048203557729721e-06,,0.22961027920246124,,0.26664024591445923,,0.08054614067077637,,0.02562805265188217,0.04952504485845566,,,,,,,,,,,,,,
14,,46469,,,,,,,,,,3.3713877201080322e-06,,1.0780058801174164e-06,,0.2608003318309784,,0.2553028464317322,,0.07136593759059906,,0.023287884891033173,0.045881811529397964,,,,,,,,,,,,,,
14,,46479,,,,,,,,,,2.7883797883987427e-06,,8.89413058757782e-07,,0.22167037427425385,,0.2766745686531067,,0.08536221086978912,,0.027578651905059814,0.05226898938417435,,,,,,,,,,,,,,
14,,46489,,,,,,,,,,2.7008354663848877e-06,,1.1879019439220428e-06,,0.21027593314647675,,0.26894664764404297,,0.09231814742088318,,0.02225935459136963,0.049087200313806534,,,,,,,,,,,,,,
14,,46499,,,,,,,,,,3.6563724279403687e-06,,1.043081283569336e-06,,0.20757363736629486,,0.2659318745136261,,0.08701090514659882,,0.028594575822353363,0.0526714026927948,,,,,,,,,,,,,,
14,,46509,,,,,,,,,,2.8368085622787476e-06,,9.57399606704712e-07,,0.2224719226360321,,0.2757675051689148,,0.08155791461467743,,0.02405192330479622,0.04887668415904045,,,,,,,,,,,,,,
14,,46519,,,,,,,,,,2.6151537895202637e-06,,8.377246558666229e-07,,0.25589510798454285,,0.251689612865448,,0.07319465279579163,,0.019100505858659744,0.04285656660795212,,,,,,,,,,,,,,
14,,46529,,,,,,,,,,1.6130506992340088e-06,,9.471550583839417e-07,,0.2145635038614273,,0.2585707902908325,,0.08767972141504288,,0.02152273803949356,0.047228455543518066,,,,,,,,,,,,,,
14,,46539,,,,,,,,,,1.5869736671447754e-06,,1.2493692338466644e-06,,0.2678271234035492,,0.253052294254303,,0.07729126513004303,,0.02541334554553032,0.04856441169977188,,,,,,,,,,,,,,
14,,46549,,,,,,,,,,1.8458813428878784e-06,,9.532086551189423e-07,,0.22612157464027405,,0.2817409038543701,,0.09088429063558578,,0.03375055640935898,0.05822440981864929,,,,,,,,,,,,,,
14,,46559,,,,,,,,,,1.6633421182632446e-06,,6.039626896381378e-07,,0.2301851063966751,,0.2429123818874359,,0.08013001084327698,,0.025462763383984566,0.048217225819826126,,,,,,,,,,,,,,
14,,46569,,,,,,,,,,1.6782432794570923e-06,,6.514601409435272e-07,,0.23285797238349915,,0.27935516834259033,,0.08728283643722534,,0.029307039454579353,0.054182618856430054,,,,,,,,,,,,,,
14,,46579,,,,,,,,,,1.6782432794570923e-06,,6.346963346004486e-07,,0.2520577013492584,,0.2650880217552185,,0.06667862832546234,,0.019200699403882027,0.042292896658182144,,,,,,,,,,,,,,
14,,46589,,,,,,,,,,3.0882656574249268e-06,,5.895271897315979e-07,,0.21625564992427826,,0.2666848599910736,,0.08478759229183197,,0.03064662776887417,0.053930915892124176,,,,,,,,,,,,,,
14,,46599,,,,,,,,,,2.1383166313171387e-06,,9.010545909404755e-07,,0.2365991771221161,,0.24537959694862366,,0.07568395137786865,,0.02903449535369873,0.05025370046496391,,,,,,,,,,,,,,
14,,46609,,,,,,,,,,2.389773726463318e-06,,1.3103708624839783e-06,,0.22281670570373535,,0.25252264738082886,,0.07869124412536621,,0.023892702534794807,0.047133781015872955,,,,,,,,,,,,,,
14,,46619,,,,,,,,,,2.212822437286377e-06,,8.87550413608551e-07,,0.22653944790363312,,0.2659075856208801,,0.06915843486785889,,0.02284259907901287,0.04522938281297684,,,,,,,,,,,,,,
14,,46629,,,,,,,,,,1.4044344425201416e-06,,8.051283657550812e-07,,0.2893887162208557,,0.2595236897468567,,0.06833987683057785,,0.022107066586613655,0.04496145248413086,,,,,,,,,,,,,,
14,,46639,,,,,,,,,,1.7955899238586426e-06,,9.308569133281708e-07,,0.24048763513565063,,0.2653140425682068,,0.07317619025707245,,0.021922603249549866,0.04542839527130127,,,,,,,,,,,,,,
14,,46649,,,,,,,,,,3.2819807529449463e-06,,9.126961231231689e-07,,0.22634276747703552,,0.25559499859809875,,0.07183833420276642,,0.022434018552303314,0.04493964836001396,,,,,,,,,,,,,,
14,,46659,,,,,,,,,,1.8831342458724976e-06,,1.133885234594345e-06,,0.2842637598514557,,0.25060784816741943,,0.06979773938655853,,0.01880175620317459,0.04227717965841293,,,,,,,,,,,,,,
14,,46669,,,,,,,,,,4.133209586143494e-06,,4.2370520532131195e-06,,0.2653859555721283,,0.24732372164726257,,0.07854895293712616,,0.026567326858639717,0.049368783831596375,,,,,,,,,,,,,,
14,,46679,,,,,,,,,,3.041699528694153e-06,,9.476207196712494e-07,,0.2481916844844818,,0.24298398196697235,,0.07945661246776581,,0.0242316834628582,0.047381822019815445,,,,,,,,,,,,,,
14,,46689,,,,,,,,,,4.809349775314331e-06,,1.118052750825882e-06,,0.24038812518119812,,0.25968509912490845,,0.08425599336624146,,0.02892279252409935,0.05249270424246788,,,,,,,,,,,,,,
14,,46699,,,,,,,,,,1.5050172805786133e-06,,1.0076910257339478e-06,,0.299478679895401,,0.24577653408050537,,0.08298555761575699,,0.02416842430830002,0.048728302121162415,,,,,,,,,,,,,,
14,,46709,,,,,,,,,,1.9352883100509644e-06,,8.069910109043121e-07,,0.2894085943698883,,0.24431216716766357,,0.07923340797424316,,0.030094433575868607,0.052283499389886856,,,,,,,,,,,,,,
14,,46719,,,,,,,,,,2.898275852203369e-06,,1.9087456166744232e-06,,0.24800345301628113,,0.25329652428627014,,0.07011931389570236,,0.021457817405462265,0.0440310575067997,,,,,,,,,,,,,,
14,,46729,,,,,,,,,,2.214685082435608e-06,,1.135747879743576e-06,,0.26082953810691833,,0.27163955569267273,,0.08758504688739777,,0.027491556480526924,0.05284346640110016,,,,,,,,,,,,,,
14,,46739,,,,,,,,,,1.8924474716186523e-06,,1.0496005415916443e-06,,0.23785342276096344,,0.259939581155777,,0.09021580219268799,,0.024227555841207504,0.050070371478796005,,,,,,,,,,,,,,
14,,46749,,,,,,,,,,1.8514692783355713e-06,,1.3005919754505157e-06,,0.22538460791110992,,0.2704591751098633,,0.0782041847705841,,0.02142968773841858,0.046065803617239,,,,,,,,,,,,,,
14,,46759,,,,,,,,,,4.148110747337341e-06,,6.277114152908325e-07,,0.27088242769241333,,0.26177841424942017,,0.07020638883113861,,0.020586147904396057,0.04405933618545532,,,,,,,,,,,,,,
14,,46769,,,,,,,,,,2.2742897272109985e-06,,6.994232535362244e-07,,0.21450912952423096,,0.2631162703037262,,0.07977214455604553,,0.021877745166420937,0.04622422903776169,,,,,,,,,,,,,,
14,,46779,,,,,,,,,,2.956017851829529e-06,,7.67875462770462e-07,,0.24242712557315826,,0.2655121684074402,,0.06450572609901428,,0.02029116451740265,0.04261043295264244,,,,,,,,,,,,,,
14,,46789,,,,,,,,,,1.4360994100570679e-06,,1.1567026376724243e-06,,0.2815502882003784,,0.25442180037498474,,0.07757876813411713,,0.023561062291264534,0.04745384678244591,,,,,,,,,,,,,,
14,,46799,,,,,,,,,,1.3764947652816772e-06,,7.264316082000732e-07,,0.2713082730770111,,0.24521282315254211,,0.07644540071487427,,0.02367914840579033,0.04677804186940193,,,,,,,,,,,,,,
14,,46809,,,,,,,,,,1.212581992149353e-06,,1.383945345878601e-06,,0.22422294318675995,,0.2623499035835266,,0.0955500453710556,,0.03242018073797226,0.05716999992728233,,,,,,,,,,,,,,
14,,46819,,,,,,,,,,2.7883797883987427e-06,,1.0444782674312592e-06,,0.23462210595607758,,0.2726471722126007,,0.061109498143196106,,0.015011684037744999,0.038255952298641205,,,,,,,,,,,,,,
14,,46829,,,,,,,,,,4.176050424575806e-06,,8.638016879558563e-07,,0.25822579860687256,,0.2548220157623291,,0.06967213749885559,,0.024004202336072922,0.04604879394173622,,,,,,,,,,,,,,
14,,46839,,,,,,,,,,2.734363079071045e-06,,8.791685104370117e-07,,0.28018996119499207,,0.2498341202735901,,0.07162074744701385,,0.022944804280996323,0.045643094927072525,,,,,,,,,,,,,,
14,,46849,,,,,,,,,,3.300607204437256e-06,,1.0277144610881805e-06,,0.2221185714006424,,0.26548612117767334,,0.06582197546958923,,0.019752267748117447,0.04221374914050102,,,,,,,,,,,,,,
14,,46859,,,,,,,,,,2.0228326320648193e-06,,7.967464625835419e-07,,0.18460650742053986,,0.282500684261322,,0.07975549250841141,,0.025577012449502945,0.04955459013581276,,,,,,,,,,,,,,
14,,46869,,,,,,,,,,1.648440957069397e-06,,9.546056389808655e-07,,0.24772661924362183,,0.2535334825515747,,0.07242663204669952,,0.03177241235971451,0.052209485322237015,,,,,,,,,,,,,,
14,,46879,,,,,,,,,,2.386048436164856e-06,,8.656643331050873e-07,,0.26113077998161316,,0.2585655450820923,,0.07304053008556366,,0.027313997969031334,0.049373041838407516,,,,,,,,,,,,,,
14,,46889,,,,,,,,,,3.3136457204818726e-06,,9.98377799987793e-07,,0.2762683033943176,,0.24834764003753662,,0.07081189751625061,,0.022686928510665894,0.045182280242443085,,,,,,,,,,,,,,
14,,46899,,,,,,,,,,2.430751919746399e-06,,8.172355592250824e-07,,0.2334846705198288,,0.26744627952575684,,0.08719808608293533,,0.02895154245197773,0.05334902182221413,,,,,,,,,,,,,,
14,,46909,,,,,,,,,,2.99699604511261e-06,,8.950009942054749e-07,,0.25867530703544617,,0.24887681007385254,,0.08325608819723129,,0.028057895600795746,0.05136393383145332,,,,,,,,,,,,,,
14,,46919,,,,,,,,,,1.4975666999816895e-06,,8.121132850646973e-07,,0.22422784566879272,,0.27310001850128174,,0.09151144325733185,,0.0230712853372097,0.04990328475832939,,,,,,,,,,,,,,
14,,46929,,,,,,,,,,2.8889626264572144e-06,,1.4561228454113007e-06,,0.26003074645996094,,0.2584488093852997,,0.0710938572883606,,0.024985529482364655,0.04724280908703804,,,,,,,,,,,,,,
14,,46939,,,,,,,,,,1.4994293451309204e-06,,1.1990778148174286e-06,,0.2432054877281189,,0.2571544945240021,,0.08123813569545746,,0.025809986516833305,0.04950591176748276,,,,,,,,,,,,,,
14,,46949,,,,,,,,,,2.389773726463318e-06,,1.0854564607143402e-06,,0.30139121413230896,,0.23156407475471497,,0.06807653605937958,,0.019754962995648384,0.04197731986641884,,,,,,,,,,,,,,
14,,46959,,,,,,,,,,2.3301690816879272e-06,,8.163042366504669e-07,,0.2317395806312561,,0.2745431065559387,,0.0859198123216629,,0.024602990597486496,0.05015936493873596,,,,,,,,,,,,,,
14,,46969,,,,,,,,,,2.4177134037017822e-06,,8.558854460716248e-07,,0.25489431619644165,,0.24854426085948944,,0.08701704442501068,,0.027502339333295822,0.05159260332584381,,,,,,,,,,,,,,
14,,46979,,,,,,,,,,3.850087523460388e-06,,8.540228009223938e-07,,0.27005335688591003,,0.2381771206855774,,0.07610838115215302,,0.01888025924563408,0.042770203202962875,,,,,,,,,,,,,,
14,,46989,,,,,,,,,,2.0712614059448242e-06,,1.044943928718567e-06,,0.2376723289489746,,0.27900993824005127,,0.07867971062660217,,0.022374620661139488,0.0474088080227375,,,,,,,,,,,,,,
14,,46999,,,,,,,,,,1.8272548913955688e-06,,1.1706724762916565e-06,,0.23782634735107422,,0.26671525835990906,,0.07110825181007385,,0.022027505561709404,0.04515375941991806,,,,,,,,,,,,,,
14,,47009,,,,,,,,,,2.4084001779556274e-06,,1.1241063475608826e-06,,0.2748344838619232,,0.24857759475708008,,0.07895863056182861,,0.030145663768053055,0.05229955539107323,,,,,,,,,,,,,,
14,,47019,,,,,,,,,,1.7825514078140259e-06,,8.66129994392395e-07,,0.23222728073596954,,0.2630953788757324,,0.06249428540468216,,0.01840914413332939,0.040588460862636566,,,,,,,,,,,,,,
14,,47029,,,,,,,,,,1.9725412130355835e-06,,1.2386590242385864e-06,,0.26771607995033264,,0.2518881559371948,,0.07369482517242432,,0.023927059024572372,0.04671904072165489,,,,,,,,,,,,,,
14,,47039,,,,,,,,,,1.2684613466262817e-06,,7.818453013896942e-07,,0.24146634340286255,,0.25889062881469727,,0.08405841886997223,,0.0284096859395504,0.05204610899090767,,,,,,,,,,,,,,
14,,47049,,,,,,,,,,1.6316771507263184e-06,,1.2605451047420502e-06,,0.2752645015716553,,0.2715350091457367,,0.07770437002182007,,0.020116470754146576,0.045622024685144424,,,,,,,,,,,,,,
14,,47059,,,,,,,,,,2.3990869522094727e-06,,1.0612420737743378e-06,,0.26593559980392456,,0.2540626525878906,,0.08024284243583679,,0.02342803031206131,0.047653812915086746,,,,,,,,,,,,,,
14,,47069,,,,,,,,,,2.9299408197402954e-06,,1.2796372175216675e-06,,0.23795372247695923,,0.24719196557998657,,0.07307830452919006,,0.018399886786937714,0.041887976229190826,,,,,,,,,,,,,,
14,,47079,,,,,,,,,,2.6114284992218018e-06,,1.9273720681667328e-06,,0.2603851556777954,,0.24825000762939453,,0.0602605864405632,,0.016791613772511482,0.03859010338783264,,,,,,,,,,,,,,
14,,47089,,,,,,,,,,2.210959792137146e-06,,1.1776573956012726e-06,,0.2291652411222458,,0.27646756172180176,,0.07844279706478119,,0.02735336497426033,0.05088042840361595,,,,,,,,,,,,,,
14,,47099,,,,,,,,,,3.2670795917510986e-06,,1.4775432646274567e-06,,0.21064233779907227,,0.28459131717681885,,0.0763307437300682,,0.022094063460826874,0.04670265316963196,,,,,,,,,,,,,,
14,,47109,,,,,,,,,,3.809109330177307e-06,,1.3797543942928314e-06,,0.25538012385368347,,0.25390616059303284,,0.08616116642951965,,0.027301374822854996,0.05153842642903328,,,,,,,,,,,,,,
14,,47119,,,,,,,,,,4.153698682785034e-06,,8.884817361831665e-07,,0.2555144429206848,,0.24402818083763123,,0.07837352156639099,,0.022938834503293037,0.0463436134159565,,,,,,,,,,,,,,
14,,47129,,,,,,,,,,1.911073923110962e-06,,9.825453162193298e-07,,0.21462377905845642,,0.25245529413223267,,0.06543007493019104,,0.022330857813358307,0.04337584227323532,,,,,,,,,,,,,,
14,,47139,,,,,,,,,,3.125518560409546e-06,,9.653158485889435e-07,,0.32641151547431946,,0.22957870364189148,,0.0639968290925026,,0.02131168358027935,0.04258020594716072,,,,,,,,,,,,,,
14,,47149,,,,,,,,,,1.948326826095581e-06,,1.3383105397224426e-06,,0.22728532552719116,,0.2799707055091858,,0.07834126055240631,,0.02897319383919239,0.052218761295080185,,,,,,,,,,,,,,
14,,47159,,,,,,,,,,1.6633421182632446e-06,,1.026783138513565e-06,,0.22141101956367493,,0.2885526418685913,,0.08607234060764313,,0.02319130301475525,0.04966473951935768,,,,,,,,,,,,,,
14,,47169,,,,,,,,,,1.6149133443832397e-06,,7.231719791889191e-07,,0.22846519947052002,,0.2557711899280548,,0.09585880488157272,,0.03269186615943909,0.057172991335392,,,,,,,,,,,,,,
14,,47179,,,,,,,,,,1.6856938600540161e-06,,1.3350509107112885e-06,,0.2793620526790619,,0.23600538074970245,,0.07681361585855484,,0.02589031308889389,0.04816857725381851,,,,,,,,,,,,,,
14,,47189,,,,,,,,,,2.8796494007110596e-06,,1.1860392987728119e-06,,0.2553677558898926,,0.255724161863327,,0.07307709753513336,,0.021178362891077995,0.04457627981901169,,,,,,,,,,,,,,
14,,47199,,,,,,,,,,1.7564743757247925e-06,,9.150244295597076e-07,,0.2516331672668457,,0.2548291087150574,,0.07422889769077301,,0.018747922033071518,0.04288327693939209,,,,,,,,,,,,,,
14,,47209,,,,,,,,,,2.2388994693756104e-06,,1.39651820063591e-06,,0.2535616159439087,,0.25378116965293884,,0.07835973799228668,,0.025168612599372864,0.04844816401600838,,,,,,,,,,,,,,
14,,47219,,,,,,,,,,1.521781086921692e-06,,2.2579915821552277e-06,,0.23018237948417664,,0.25526905059814453,,0.07974205911159515,,0.025090042501688004,0.04844418540596962,,,,,,,,,,,,,,
14,,47229,,,,,,,,,,1.562759280204773e-06,,1.882202923297882e-06,,0.23600812256336212,,0.26827627420425415,,0.08475218713283539,,0.02380162477493286,0.04909541830420494,,,,,,,,,,,,,,
14,,47239,,,,,,,,,,1.6838312149047852e-06,,9.816139936447144e-07,,0.2668112814426422,,0.2646052837371826,,0.07623551785945892,,0.02741321362555027,0.05039644613862038,,,,,,,,,,,,,,
14,,47249,,,,,,,,,,1.9185245037078857e-06,,1.861387863755226e-05,,0.28494393825531006,,0.26578444242477417,,0.07938271760940552,,0.028920292854309082,0.052385155111551285,,,,,,,,,,,,,,
14,,47259,,,,,,,,,,1.4919787645339966e-06,,2.2547319531440735e-06,,0.2310989499092102,,0.2643776535987854,,0.06867776811122894,,0.021313302218914032,0.04397369548678398,,,,,,,,,,,,,,
14,,47269,,,,,,,,,,1.952052116394043e-06,,1.150183379650116e-06,,0.23173469305038452,,0.25545060634613037,,0.06977896392345428,,0.019724223762750626,0.04257700964808464,,,,,,,,,,,,,,
14,,47279,,,,,,,,,,1.9166618585586548e-06,,9.019859135150909e-07,,0.2581072151660919,,0.2600363790988922,,0.058415211737155914,,0.014024652540683746,0.036694202572107315,,,,,,,,,,,,,,
14,,47289,,,,,,,,,,2.130866050720215e-06,,1.227017492055893e-06,,0.26159223914146423,,0.25184711813926697,,0.10579507052898407,,0.035602256655693054,0.0614241398870945,,,,,,,,,,,,,,
14,,47299,,,,,,,,,,2.339482307434082e-06,,8.352100849151611e-06,,0.2683107852935791,,0.23911476135253906,,0.08013644069433212,,0.022231724113225937,0.04606341943144798,,,,,,,,,,,,,,
14,,47309,,,,,,,,,,1.9241124391555786e-06,,1.5706755220890045e-06,,0.2206052541732788,,0.2670629322528839,,0.092099130153656,,0.03296443819999695,0.05710965767502785,,,,,,,,,,,,,,
14,,47319,,,,,,,,,,1.9762665033340454e-06,,1.6675330698490143e-06,,0.2737762928009033,,0.25946736335754395,,0.06741934269666672,,0.02225067839026451,0.044710904359817505,,,,,,,,,,,,,,
14,,47329,,,,,,,,,,1.8067657947540283e-06,,1.210719347000122e-06,,0.2254733145236969,,0.2686907649040222,,0.08871004730463028,,0.03331549093127251,0.05687078833580017,,,,,,,,,,,,,,
14,,47339,,,,,,,,,,2.4400651454925537e-06,,8.777715265750885e-07,,0.1961475908756256,,0.2690035104751587,,0.07671550661325455,,0.02436794526875019,0.04757987707853317,,,,,,,,,,,,,,
14,,47349,,,,,,,,,,1.8851831555366516e-05,,7.492490112781525e-07,,0.2497405707836151,,0.2613885700702667,,0.0688726007938385,,0.018983706831932068,0.04234098270535469,,,,,,,,,,,,,,
14,,47359,,,,,,,,,,1.6801059246063232e-06,,6.742775440216064e-07,,0.23302344977855682,,0.25759974122047424,,0.0793212428689003,,0.030789373442530632,0.05278338864445686,,,,,,,,,,,,,,
14,,47369,,,,,,,,,,1.6316771507263184e-06,,6.817281246185303e-07,,0.2618117928504944,,0.24175775051116943,,0.07493291795253754,,0.020314432680606842,0.043696917593479156,,,,,,,,,,,,,,
14,,47379,,,,,,,,,,1.4025717973709106e-06,,7.59027898311615e-07,,0.24617910385131836,,0.27792006731033325,,0.07236723601818085,,0.01970531791448593,0.044271070510149,,,,,,,,,,,,,,
14,,47389,,,,,,,,,,3.1106173992156982e-06,,1.2097880244255066e-06,,0.23820827901363373,,0.2685433030128479,,0.06882322579622269,,0.02273794263601303,0.045348361134529114,,,,,,,,,,,,,,
14,,47399,,,,,,,,,,1.5851110219955444e-06,,1.5264376997947693e-06,,0.23661202192306519,,0.23870959877967834,,0.08387041836977005,,0.027907801792025566,0.05063123255968094,,,,,,,,,,,,,,
14,,47409,,,,,,,,,,2.9299408197402954e-06,,1.239590346813202e-06,,0.26101961731910706,,0.256405234336853,,0.08725576102733612,,0.027852091938257217,0.052340127527713776,,,,,,,,,,,,,,
14,,47419,,,,,,,,,,2.1476298570632935e-06,,9.853392839431763e-07,,0.2687278389930725,,0.25298526883125305,,0.09289456903934479,,0.029869642108678818,0.05484119430184364,,,,,,,,,,,,,,
14,,47429,,,,,,,,,,1.2908130884170532e-06,,1.0360963642597198e-06,,0.23598089814186096,,0.25601428747177124,,0.0720881000161171,,0.02005728892982006,0.04333614185452461,,,,,,,,,,,,,,
14,,47439,,,,,,,,,,7.897615432739258e-06,,2.5834888219833374e-06,,0.24593466520309448,,0.25545328855514526,,0.08028802275657654,,0.02071436122059822,0.04545730724930763,,,,,,,,,,,,,,
14,,47449,,,,,,,,,,1.5068799257278442e-06,,1.1040829122066498e-06,,0.22419147193431854,,0.2678372859954834,,0.07561707496643066,,0.02096574380993843,0.045095641165971756,,,,,,,,,,,,,,
14,,47459,,,,,,,,,,1.301988959312439e-06,,1.432374119758606e-06,,0.1990983486175537,,0.26259350776672363,,0.08620308339595795,,0.02863280661404133,0.052292708307504654,,,,,,,,,,,,,,
14,,47469,,,,,,,,,,1.8458813428878784e-06,,1.11432746052742e-06,,0.2378818690776825,,0.263993501663208,,0.07777433097362518,,0.02143404819071293,0.045831792056560516,,,,,,,,,,,,,,
14,,47479,,,,,,,,,,1.607462763786316e-06,,2.1210871636867523e-06,,0.23165085911750793,,0.25894132256507874,,0.07870261371135712,,0.02491404116153717,0.04830660670995712,,,,,,,,,,,,,,
14,,47489,,,,,,,,,,1.3541430234909058e-06,,1.8756836652755737e-06,,0.2291727066040039,,0.25146248936653137,,0.07965178787708282,,0.025690702721476555,0.04868755489587784,,,,,,,,,,,,,,
14,,47499,,,,,,,,,,2.0712614059448242e-06,,9.690411388874054e-07,,0.24680161476135254,,0.24564628303050995,,0.07853524386882782,,0.023027757182717323,0.04641438648104668,,,,,,,,,,,,,,
14,,47509,,,,,,,,,,2.9671937227249146e-06,,1.4146789908409119e-06,,0.23551960289478302,,0.26656973361968994,,0.07817669957876205,,0.02373812347650528,0.04772883281111717,,,,,,,,,,,,,,
14,,47519,,,,,,,,,,1.8998980522155762e-06,,1.8207356333732605e-06,,0.19699805974960327,,0.26593124866485596,,0.08589553087949753,,0.02885964885354042,0.05253708362579346,,,,,,,,,,,,,,
14,,47529,,,,,,,,,,2.0526349544525146e-06,,1.2167729437351227e-06,,0.24667559564113617,,0.26501065492630005,,0.08306600153446198,,0.023743726313114166,0.04870767146348953,,,,,,,,,,,,,,
14,,47539,,,,,,,,,,2.1345913410186768e-06,,8.931383490562439e-07,,0.24413403868675232,,0.2463943064212799,,0.0666554644703865,,0.018463589251041412,0.04076622799038887,,,,,,,,,,,,,,
14,,47549,,,,,,,,,,2.4847686290740967e-06,,1.912936568260193e-06,,0.20176385343074799,,0.25735998153686523,,0.07926318049430847,,0.027244117110967636,0.049735259264707565,,,,,,,,,,,,,,
14,,47559,,,,,,,,,,1.4249235391616821e-06,,9.32253897190094e-07,,0.29632461071014404,,0.2410433292388916,,0.08720511198043823,,0.03132572025060654,0.05463005602359772,,,,,,,,,,,,,,
14,,47569,,,,,,,,,,1.4174729585647583e-06,,9.443610906600952e-07,,0.24591650068759918,,0.25464925169944763,,0.058758605271577835,,0.017116017639636993,0.03868221864104271,,,,,,,,,,,,,,
14,,47579,,,,,,,,,,2.4810433387756348e-06,,1.0086223483085632e-06,,0.21114179491996765,,0.2743995785713196,,0.08113934844732285,,0.0281425341963768,0.051669951528310776,,,,,,,,,,,,,,
14,,47589,,,,,,,,,,1.8775463104248047e-06,,9.378418326377869e-07,,0.27357950806617737,,0.2425154745578766,,0.0758446529507637,,0.024316027760505676,0.04704330489039421,,,,,,,,,,,,,,
14,,47599,,,,,,,,,,1.735985279083252e-06,,9.723007678985596e-07,,0.25539422035217285,,0.266906201839447,,0.058518894016742706,,0.017215752974152565,0.03939785808324814,,,,,,,,,,,,,,
14,,47609,,,,,,,,,,1.6372650861740112e-06,,1.8035061657428741e-06,,0.25853925943374634,,0.26311343908309937,,0.07713764160871506,,0.023206286132335663,0.04724276438355446,,,,,,,,,,,,,,
14,,47619,,,,,,,,,,3.516674041748047e-06,,1.4291144907474518e-06,,0.20572219789028168,,0.27786558866500854,,0.08202724158763885,,0.027011234313249588,0.05108677223324776,,,,,,,,,,,,,,
14,,47629,,,,,,,,,,2.089887857437134e-06,,8.190982043743134e-07,,0.23954927921295166,,0.2553884983062744,,0.0814012810587883,,0.029043622314929962,0.05183667317032814,,,,,,,,,,,,,,
14,,47639,,,,,,,,,,1.4659017324447632e-06,,9.490177035331726e-07,,0.24131760001182556,,0.25187450647354126,,0.07607167959213257,,0.017505107447504997,0.04203709959983826,,,,,,,,,,,,,,
14,,47649,,,,,,,,,,2.1141022443771362e-06,,1.043081283569336e-06,,0.23285594582557678,,0.2646608352661133,,0.08524154126644135,,0.027860771864652634,0.05202583223581314,,,,,,,,,,,,,,
14,,47659,,,,,,,,,,1.8924474716186523e-06,,1.2852251529693604e-06,,0.2376413345336914,,0.2611701488494873,,0.0779937133193016,,0.021424703299999237,0.04573073238134384,,,,,,,,,,,,,,
14,,47669,,,,,,,,,,2.4940818548202515e-06,,1.2437812983989716e-06,,0.20189931988716125,,0.26619160175323486,,0.08180944621562958,,0.026364760473370552,0.04996878653764725,,,,,,,,,,,,,,
14,,47679,,,,,,,,,,3.6228448152542114e-06,,9.308569133281708e-07,,0.25480014085769653,,0.23784667253494263,,0.08130808174610138,,0.02196645364165306,0.045866310596466064,,,,,,,,,,,,,,
14,,47689,,,,,,,,,,1.6279518604278564e-06,,1.7187558114528656e-06,,0.2412722408771515,,0.25985896587371826,,0.07131694257259369,,0.02187717892229557,0.04479905217885971,,,,,,,,,,,,,,
14,,47699,,,,,,,,,,1.5944242477416992e-06,,1.0570511221885681e-06,,0.2697319984436035,,0.2557806372642517,,0.08826398849487305,,0.02950175479054451,0.053839605301618576,,,,,,,,,,,,,,
14,,47709,,,,,,,,,,2.380460500717163e-06,,1.4579854905605316e-06,,0.20305153727531433,,0.2668238878250122,,0.07621220499277115,,0.02032061107456684,0.04442797601222992,,,,,,,,,,,,,,
14,,47719,,,,,,,,,,3.0174851417541504e-06,,1.0435469448566437e-06,,0.23402225971221924,,0.2716856598854065,,0.07345573604106903,,0.02549227699637413,0.048381686210632324,,,,,,,,,,,,,,
14,,47729,,,,,,,,,,1.6745179891586304e-06,,7.793772965669632e-06,,0.21839171648025513,,0.27216973900794983,,0.08053998649120331,,0.026221182197332382,0.050096627324819565,,,,,,,,,,,,,,
14,,47739,,,,,,,,,,1.4584511518478394e-06,,2.018176019191742e-06,,0.26457083225250244,,0.2580278217792511,,0.08085352182388306,,0.023842506110668182,0.048249196261167526,,,,,,,,,,,,,,
14,,47749,,,,,,,,,,1.6260892152786255e-06,,1.1320225894451141e-06,,0.20750516653060913,,0.2829558551311493,,0.07706380635499954,,0.02837645635008812,0.05143962427973747,,,,,,,,,,,,,,
14,,47759,,,,,,,,,,2.3972243070602417e-06,,9.010545909404755e-07,,0.241007998585701,,0.25910094380378723,,0.07158456742763519,,0.019862983375787735,0.043299589306116104,,,,,,,,,,,,,,
14,,47769,,,,,,,,,,2.7008354663848877e-06,,8.759088814258575e-07,,0.23834605515003204,,0.25736480951309204,,0.060019612312316895,,0.015642859041690826,0.03785216063261032,,,,,,,,,,,,,,
14,,47779,,,,,,,,,,1.7434358596801758e-06,,9.44826751947403e-07,,0.2648198902606964,,0.25572851300239563,,0.08329187333583832,,0.028115805238485336,0.05180737003684044,,,,,,,,,,,,,,
14,,47789,,,,,,,,,,1.9924980279029114e-06,,9.962490139514557e-07,,0.22308433055877686,,0.27495667338371277,,0.06270890682935715,,0.026391983032226562,0.04706626757979393,,,,,,,,,,,,,,
14,,47789,,,,,,,,,,,,,,,,,,,,,,0.9838849306106567,1.0,1.0,0.9388084411621094,0.9071969985961914,0.9728456735610962,0.9920639991760254,0.05028368905186653,0.0,2.9802322387695312e-08,0.2429216504096985,0.25882554054260254,0.08573268353939056,0.025623111054301262
14,,47789,0.9839202165603638,1.0,1.0,0.9394984245300293,0.9071943163871765,0.9734007716178894,0.9919599890708923,0.04774998500943184,2.701917082958971e-06,,1.251129560841946e-06,,0.2429829239845276,,0.259382426738739,,0.07778239995241165,,0.024197502061724663,,,,,,,,,,,,,,,,
,4.393398282201788e-05,47790,,,,,,,,,,,,,,,,,,,,,,,,,,,,,,,,,,,
15,,47799,,,,,,,,,,3.6135315895080566e-06,,9.560026228427887e-07,,0.268830806016922,,0.25890883803367615,,0.08092330396175385,,0.024390751495957375,0.04876480624079704,,,,,,,,,,,,,,
15,,47809,,,,,,,,,,1.8868595361709595e-06,,1.3513490557670593e-06,,0.2775096893310547,,0.2463703751564026,,0.07841458916664124,,0.023093577474355698,0.0468350388109684,,,,,,,,,,,,,,
15,,47819,,,,,,,,,,1.5478581190109253e-06,,8.963979780673981e-07,,0.24332299828529358,,0.28060436248779297,,0.08218969404697418,,0.028308920562267303,0.05265989154577255,,,,,,,,,,,,,,
15,,47829,,,,,,,,,,1.4938414096832275e-06,,9.019859135150909e-07,,0.2437596619129181,,0.2512030005455017,,0.08951178938150406,,0.029884831979870796,0.053841933608055115,,,,,,,,,,,,,,
15,,47839,,,,,,,,,,2.386048436164856e-06,,9.94652509689331e-07,,0.245292067527771,,0.26909780502319336,,0.08043113350868225,,0.021735677495598793,0.04688252508640289,,,,,,,,,,,,,,
15,,47849,,,,,,,,,,1.2069940567016602e-06,,6.449408829212189e-07,,0.23246777057647705,,0.26226139068603516,,0.08248802274465561,,0.024495432153344154,0.04886774718761444,,,,,,,,,,,,,,
15,,47859,,,,,,,,,,1.7564743757247925e-06,,8.130446076393127e-07,,0.22951623797416687,,0.26221930980682373,,0.08083148300647736,,0.02476787567138672,0.04872487857937813,,,,,,,,,,,,,,
15,,47869,,,,,,,,,,1.2349337339401245e-06,,6.319023668766022e-07,,0.3174299895763397,,0.2650051414966583,,0.06809519231319427,,0.02210421860218048,0.04549912363290787,,,,,,,,,,,,,,
15,,47879,,,,,,,,,,1.4174729585647583e-06,,8.917413651943207e-07,,0.27747973799705505,,0.23994918167591095,,0.0799112319946289,,0.028086915612220764,0.050560228526592255,,,,,,,,,,,,,,
15,,47889,,,,,,,,,,1.8570572137832642e-06,,1.0463409125804901e-06,,0.19299501180648804,,0.27964329719543457,,0.07611574977636337,,0.02507903054356575,0.048462752252817154,,,,,,,,,,,,,,
15,,47899,,,,,,,,,,3.030523657798767e-06,,8.493661880493164e-07,,0.23552264273166656,,0.27533239126205444,,0.0832740068435669,,0.029751379042863846,0.05360674113035202,,,,,,,,,,,,,,
15,,47909,,,,,,,,,,2.032145857810974e-06,,9.44826751947403e-07,,0.23241940140724182,,0.2611103653907776,,0.06925898045301437,,0.018916424363851547,0.04214688763022423,,,,,,,,,,,,,,
15,,47919,,,,,,,,,,1.4491379261016846e-06,,9.387731552124023e-07,,0.26692289113998413,,0.2493186742067337,,0.07370650768280029,,0.02072693407535553,0.04419077932834625,,,,,,,,,,,,,,
15,,47929,,,,,,,,,,1.6298145055770874e-06,,6.319023668766022e-07,,0.22719982266426086,,0.26116350293159485,,0.07729510217905045,,0.02534887008368969,0.048420846462249756,,,,,,,,,,,,,,
15,,47939,,,,,,,,,,1.957640051841736e-06,,2.2295862436294556e-06,,0.2381383329629898,,0.253291517496109,,0.07507719099521637,,0.02308088168501854,0.046062614768743515,,,,,,,,,,,,,,
15,,47949,,,,,,,,,,1.5273690223693848e-06,,8.651986718177795e-07,,0.2464313805103302,,0.25856468081474304,,0.07723496854305267,,0.026158519089221954,0.04912053048610687,,,,,,,,,,,,,,
15,,47959,,,,,,,,,,1.0831281542778015e-05,,7.539056241512299e-07,,0.22863519191741943,,0.2670230269432068,,0.06679567694664001,,0.019912835210561752,0.0426652655005455,,,,,,,,,,,,,,
15,,47969,,,,,,,,,,1.823529601097107e-06,,8.856877684593201e-07,,0.24153956770896912,,0.2604970932006836,,0.08432047069072723,,0.02514987252652645,0.0497259795665741,,,,,,,,,,,,,,
15,,47979,,,,,,,,,,1.9371509552001953e-06,,7.003545761108398e-07,,0.2208627164363861,,0.2631060481071472,,0.07645036280155182,,0.024167465046048164,0.04739294573664665,,,,,,,,,,,,,,
15,,47989,,,,,,,,,,1.6093254089355469e-06,,9.932555258274078e-07,,0.2582758069038391,,0.2549348473548889,,0.06648162007331848,,0.01919340342283249,0.04184731841087341,,,,,,,,,,,,,,
15,,47999,,,,,,,,,,2.002343535423279e-06,,3.1995587050914764e-06,,0.21694499254226685,,0.2629150152206421,,0.06809809058904648,,0.020869262516498566,0.043297383934259415,,,,,,,,,,,,,,
15,,48009,,,,,,,,,,1.5981495380401611e-06,,8.568167686462402e-07,,0.2192504107952118,,0.26369404792785645,,0.06879740208387375,,0.019770104438066483,0.042667511850595474,,,,,,,,,,,,,,
15,,48019,,,,,,,,,,3.7588179111480713e-06,,1.2023374438285828e-06,,0.19771961867809296,,0.27432626485824585,,0.06784504652023315,,0.019935885444283485,0.04285940155386925,,,,,,,,,,,,,,
15,,48029,,,,,,,,,,1.6540288925170898e-06,,2.008862793445587e-06,,0.26574060320854187,,0.24620577692985535,,0.08673594146966934,,0.025129808112978935,0.049777552485466,,,,,,,,,,,,,,
15,,48039,,,,,,,,,,2.2705644369125366e-06,,1.041218638420105e-06,,0.2243693470954895,,0.2546008825302124,,0.0726475790143013,,0.021893762052059174,0.04461638629436493,,,,,,,,,,,,,,
15,,48049,,,,,,,,,,2.1364539861679077e-06,,8.395873010158539e-07,,0.25019508600234985,,0.2745535969734192,,0.07394169270992279,,0.02211238257586956,0.04626132920384407,,,,,,,,,,,,,,
15,,48059,,,,,,,,,,1.601874828338623e-06,,8.824281394481659e-07,,0.26260867714881897,,0.25707072019577026,,0.07575199753046036,,0.027066001668572426,0.049642760306596756,,,,,,,,,,,,,,
15,,48069,,,,,,,,,,1.3764947652816772e-06,,9.21543687582016e-07,,0.23344756662845612,,0.2642895579338074,,0.0745740607380867,,0.02454489842057228,0.04752720519900322,,,,,,,,,,,,,,
15,,48079,,,,,,,,,,1.7676502466201782e-06,,1.55717134475708e-06,,0.2659175992012024,,0.24560870230197906,,0.0640856921672821,,0.0183483324944973,0.04041632264852524,,,,,,,,,,,,,,
15,,48089,,,,,,,,,,1.166015863418579e-06,,6.649643182754517e-07,,0.22918064892292023,,0.25421401858329773,,0.06288889795541763,,0.01890542358160019,0.04058263823390007,,,,,,,,,,,,,,
15,,48099,,,,,,,,,,1.7639249563217163e-06,,1.2335367500782013e-06,,0.2190238982439041,,0.2694798409938812,,0.0625903457403183,,0.01765337586402893,0.04018409177660942,,,,,,,,,,,,,,
15,,48109,,,,,,,,,,1.2498348951339722e-06,,9.783543646335602e-07,,0.23204085230827332,,0.25958046317100525,,0.0784081295132637,,0.0274678822606802,0.05020176246762276,,,,,,,,,,,,,,
15,,48119,,,,,,,,,,1.6316771507263184e-06,,7.711350917816162e-07,,0.2339041531085968,,0.26382938027381897,,0.07327789813280106,,0.02354976162314415,0.04652135819196701,,,,,,,,,,,,,,
15,,48129,,,,,,,,,,1.650303602218628e-06,,7.585622370243073e-07,,0.22701843082904816,,0.2704268991947174,,0.08612103760242462,,0.02708899974822998,0.05181372910737991,,,,,,,,,,,,,,
15,,48139,,,,,,,,,,1.341104507446289e-06,,1.3597309589385986e-06,,0.23188015818595886,,0.26599064469337463,,0.0632612407207489,,0.0208127498626709,0.042667124420404434,,,,,,,,,,,,,,
15,,48149,,,,,,,,,,3.812834620475769e-06,,1.4901161193847656e-06,,0.2676338851451874,,0.24298390746116638,,0.07939060032367706,,0.025473549962043762,0.048528965562582016,,,,,,,,,,,,,,
15,,48159,,,,,,,,,,1.4062970876693726e-06,,1.2353993952274323e-06,,0.25164535641670227,,0.2647368609905243,,0.0756131112575531,,0.024050507694482803,0.047585468739271164,,,,,,,,,,,,,,
15,,48169,,,,,,,,,,1.4659017324447632e-06,,1.205597072839737e-06,,0.23552080988883972,,0.2602576017379761,,0.0734131783246994,,0.025474827736616135,0.0478423647582531,,,,,,,,,,,,,,
15,,48179,,,,,,,,,,1.6354024410247803e-06,,1.3206154108047485e-06,,0.23852768540382385,,0.26133787631988525,,0.07948289811611176,,0.0213991217315197,0.04600908234715462,,,,,,,,,,,,,,
15,,48189,,,,,,,,,,1.5441328287124634e-06,,9.131617844104767e-07,,0.25600364804267883,,0.25521978735923767,,0.06935305148363113,,0.02694612741470337,0.048188529908657074,,,,,,,,,,,,,,
15,,48199,,,,,,,,,,1.69314444065094e-06,,8.242204785346985e-07,,0.2295883744955063,,0.26994776725769043,,0.07865466922521591,,0.0263943150639534,0.04989996552467346,,,,,,,,,,,,,,
15,,48209,,,,,,,,,,1.0970979928970337e-06,,9.071081876754761e-07,,0.22479300200939178,,0.2685224115848541,,0.0745890736579895,,0.020777689293026924,0.04480094090104103,,,,,,,,,,,,,,
15,,48219,,,,,,,,,,9.778887033462524e-07,,7.604248821735382e-07,,0.2061654031276703,,0.28014862537384033,,0.07467764616012573,,0.023953210562467575,0.04752654582262039,,,,,,,,,,,,,,
15,,48229,,,,,,,,,,1.2200325727462769e-06,,9.546056389808655e-07,,0.230440154671669,,0.2481706440448761,,0.07585997879505157,,0.024563387036323547,0.04699123650789261,,,,,,,,,,,,,,
15,,48239,,,,,,,,,,1.5459954738616943e-06,,1.1776573956012726e-06,,0.2598046362400055,,0.26808151602745056,,0.06891737133264542,,0.019306054338812828,0.043022967875003815,,,,,,,,,,,,,,
15,,48249,,,,,,,,,,3.123655915260315e-06,,1.9953586161136627e-06,,0.18843010067939758,,0.2679097652435303,,0.07468684017658234,,0.023421652615070343,0.046347782015800476,,,,,,,,,,,,,,
15,,48259,,,,,,,,,,1.5515834093093872e-06,,9.490177035331726e-07,,0.2204577773809433,,0.2693507671356201,,0.07009026408195496,,0.023991044610738754,0.04635583609342575,,,,,,,,,,,,,,
15,,48269,,,,,,,,,,1.5012919902801514e-06,,1.2335367500782013e-06,,0.21475768089294434,,0.2554321587085724,,0.06980539858341217,,0.022786706686019897,0.04467952996492386,,,,,,,,,,,,,,
15,,48279,,,,,,,,,,1.0207295417785645e-06,,1.526903361082077e-06,,0.2338762879371643,,0.25620365142822266,,0.058591123670339584,,0.01606132462620735,0.03779134526848793,,,,,,,,,,,,,,
15,,48289,,,,,,,,,,1.8477439880371094e-06,,1.473352313041687e-06,,0.24761293828487396,,0.24676932394504547,,0.07689663767814636,,0.026349470019340515,0.048661135137081146,,,,,,,,,,,,,,
15,,48299,,,,,,,,,,1.6596168279647827e-06,,6.002373993396759e-07,,0.23126152157783508,,0.2575058043003082,,0.07415179908275604,,0.02486715465784073,0.047346074134111404,,,,,,,,,,,,,,
15,,48309,,,,,,,,,,1.339241862297058e-06,,6.37490302324295e-07,,0.22450876235961914,,0.26655784249305725,,0.07834065705537796,,0.023398321121931076,0.047375041991472244,,,,,,,,,,,,,,
15,,48319,,,,,,,,,,1.1362135410308838e-06,,1.080334186553955e-06,,0.2655057907104492,,0.24383577704429626,,0.08226661384105682,,0.024427630007267,0.048298709094524384,,,,,,,,,,,,,,
15,,48329,,,,,,,,,,1.3057142496109009e-06,,9.597279131412506e-07,,0.2832333743572235,,0.24261897802352905,,0.0562947578728199,,0.0174250490963459,0.038325320929288864,,,,,,,,,,,,,,
15,,48339,,,,,,,,,,4.332512617111206e-06,,8.307397365570068e-07,,0.22315379977226257,,0.26130062341690063,,0.06732398271560669,,0.02412215620279312,0.04558955132961273,,,,,,,,,,,,,,
15,,48349,,,,,,,,,,1.3131648302078247e-06,,7.366761565208435e-07,,0.22281603515148163,,0.26925796270370483,,0.0903736874461174,,0.03127621114253998,0.05564840883016586,,,,,,,,,,,,,,
15,,48359,,,,,,,,,,2.037733793258667e-06,,8.968636393547058e-07,,0.22136899828910828,,0.2696634531021118,,0.09460645169019699,,0.034286532551050186,0.058702584356069565,,,,,,,,,,,,,,
15,,48369,,,,,,,,,,1.5459954738616943e-06,,1.6721896827220917e-06,,0.21363839507102966,,0.25073644518852234,,0.07843693345785141,,0.021968655288219452,0.045451365411281586,,,,,,,,,,,,,,
15,,48379,,,,,,,,,,1.3504177331924438e-06,,5.881302058696747e-07,,0.24611327052116394,,0.2560487985610962,,0.07895469665527344,,0.022936463356018066,0.04690423235297203,,,,,,,,,,,,,,
15,,48389,,,,,,,,,,2.2239983081817627e-06,,8.288770914077759e-07,,0.22481662034988403,,0.28871989250183105,,0.09184166043996811,,0.028878454118967056,0.05506091192364693,,,,,,,,,,,,,,
15,,48399,,,,,,,,,,1.605600118637085e-06,,8.139759302139282e-07,,0.2691325843334198,,0.2515701949596405,,0.06947274506092072,,0.01930329017341137,0.042460229247808456,,,,,,,,,,,,,,
15,,48409,,,,,,,,,,1.6782432794570923e-06,,9.727664291858673e-07,,0.1868521273136139,,0.2798014283180237,,0.07887253165245056,,0.02635427564382553,0.04987185075879097,,,,,,,,,,,,,,
15,,48419,,,,,,,,,,1.7993152141571045e-06,,9.792856872081757e-07,,0.24069461226463318,,0.2608662247657776,,0.09203042089939117,,0.03216481953859329,0.05644184723496437,,,,,,,,,,,,,,
15,,48429,,,,,,,,,,1.6596168279647827e-06,,1.3369135558605194e-06,,0.29305434226989746,,0.23641598224639893,,0.06753472238779068,,0.018062148243188858,0.040735553950071335,,,,,,,,,,,,,,
15,,48439,,,,,,,,,,1.1846423149108887e-06,,1.448206603527069e-06,,0.27213403582572937,,0.26371073722839355,,0.05029253661632538,,0.013489593751728535,0.03510613366961479,,,,,,,,,,,,,,
15,,48449,,,,,,,,,,2.2761523723602295e-06,,9.615905582904816e-07,,0.28872591257095337,,0.2489456832408905,,0.06700223684310913,,0.020539416000247,0.04303083196282387,,,,,,,,,,,,,,
15,,48459,,,,,,,,,,1.644715666770935e-06,,8.57282429933548e-07,,0.2447686493396759,,0.2577205002307892,,0.07296224683523178,,0.023914137855172157,0.04657643288373947,,,,,,,,,,,,,,
15,,48469,,,,,,,,,,2.8032809495925903e-06,,8.540228009223938e-07,,0.25075387954711914,,0.24512845277786255,,0.0801556259393692,,0.023119216784834862,0.04680894687771797,,,,,,,,,,,,,,
15,,48479,,,,,,,,,,1.7080456018447876e-06,,1.7192214727401733e-06,,0.23915821313858032,,0.2603674530982971,,0.06673326343297958,,0.017351306974887848,0.04054323211312294,,,,,,,,,,,,,,
15,,48489,,,,,,,,,,1.5087425708770752e-06,,2.1937303245067596e-06,,0.28052449226379395,,0.24303823709487915,,0.0743323266506195,,0.02273164503276348,0.04567701742053032,,,,,,,,,,,,,,
15,,48499,,,,,,,,,,2.7585774660110474e-06,,9.262003004550934e-07,,0.2400740683078766,,0.26635903120040894,,0.07490480691194534,,0.020443793386220932,0.044687360525131226,,,,,,,,,,,,,,
15,,48509,,,,,,,,,,1.4808028936386108e-06,,8.773058652877808e-07,,0.2129460573196411,,0.26401323080062866,,0.07077302038669586,,0.021797189489006996,0.04449978470802307,,,,,,,,,,,,,,
15,,48519,,,,,,,,,,2.1066516637802124e-06,,7.278285920619965e-07,,0.2291651964187622,,0.26365190744400024,,0.08180933445692062,,0.024808233603835106,0.04900160804390907,,,,,,,,,,,,,,
15,,48529,,,,,,,,,,1.864507794380188e-06,,9.844079613685608e-07,,0.21978402137756348,,0.25923705101013184,,0.08562220633029938,,0.029931504279375076,0.05324312672019005,,,,,,,,,,,,,,
15,,48539,,,,,,,,,,6.590038537979126e-06,,9.476207196712494e-07,,0.26521480083465576,,0.27298885583877563,,0.08781948685646057,,0.028726529330015182,0.05392856523394585,,,,,,,,,,,,,,
15,,48549,,,,,,,,,,1.2423843145370483e-06,,7.371418178081512e-07,,0.22051790356636047,,0.2690878212451935,,0.08722754567861557,,0.026129040867090225,0.051162127405405045,,,,,,,,,,,,,,
15,,48559,,,,,,,,,,1.6763806343078613e-06,,9.061768651008606e-07,,0.31144094467163086,,0.251411497592926,,0.07030938565731049,,0.02336852438747883,0.04615528881549835,,,,,,,,,,,,,,
15,,48569,,,,,,,,,,2.6188790798187256e-06,,1.0435469448566437e-06,,0.23107348382472992,,0.26092255115509033,,0.08270657062530518,,0.027014080435037613,0.050719063729047775,,,,,,,,,,,,,,
15,,48579,,,,,,,,,,1.6167759895324707e-06,,7.175840437412262e-07,,0.23073165118694305,,0.28478866815567017,,0.09627808630466461,,0.03363657742738724,0.059347424656152725,,,,,,,,,,,,,,
15,,48589,,,,,,,,,,1.8142163753509521e-06,,8.596107363700867e-07,,0.23105764389038086,,0.2593120038509369,,0.07590438425540924,,0.025065436959266663,0.047905806452035904,,,,,,,,,,,,,,
15,,48599,,,,,,,,,,1.989305019378662e-06,,9.313225746154785e-07,,0.26601946353912354,,0.24052703380584717,,0.07351897656917572,,0.020138802006840706,0.0432916060090065,,,,,,,,,,,,,,
15,,48609,,,,,,,,,,2.853572368621826e-06,,1.1408701539039612e-06,,0.20454013347625732,,0.26556769013404846,,0.0806521624326706,,0.025420665740966797,0.049045201390981674,,,,,,,,,,,,,,
15,,48619,,,,,,,,,,3.402493894100189e-05,,1.3406388461589813e-06,,0.2512015998363495,,0.250230610370636,,0.07404020428657532,,0.021372627466917038,0.04459625482559204,,,,,,,,,,,,,,
15,,48629,,,,,,,,,,1.5292316675186157e-06,,1.0435469448566437e-06,,0.18389324843883514,,0.2789340615272522,,0.0670466348528862,,0.01609579287469387,0.03988286480307579,,,,,,,,,,,,,,
15,,48639,,,,,,,,,,1.9632279872894287e-06,,1.1743977665901184e-06,,0.24294957518577576,,0.268649160861969,,0.07581162452697754,,0.019940035417675972,0.04462059959769249,,,,,,,,,,,,,,
15,,48649,,,,,,,,,,1.4659017324447632e-06,,8.014030754566193e-07,,0.24957194924354553,,0.25337618589401245,,0.08091633766889572,,0.023740654811263084,0.047790657728910446,,,,,,,,,,,,,,
15,,48659,,,,,,,,,,1.7900019884109497e-06,,8.577480912208557e-07,,0.22916404902935028,,0.27580463886260986,,0.08217176795005798,,0.030086129903793335,0.05359875038266182,,,,,,,,,,,,,,
15,,48669,,,,,,,,,,1.3597309589385986e-06,,1.2624077498912811e-06,,0.2688845098018646,,0.24998392164707184,,0.07630352675914764,,0.023884646594524384,0.04710088670253754,,,,,,,,,,,,,,
15,,48679,,,,,,,,,,1.469627022743225e-06,,9.629875421524048e-07,,0.18980368971824646,,0.2905254662036896,,0.0919046700000763,,0.02973555028438568,0.05538995936512947,,,,,,,,,,,,,,
15,,48689,,,,,,,,,,7.057562470436096e-06,,1.0970979928970337e-06,,0.261419415473938,,0.2515941560268402,,0.08659085631370544,,0.02129618637263775,0.04707641154527664,,,,,,,,,,,,,,
15,,48699,,,,,,,,,,1.944601535797119e-06,,7.278285920619965e-07,,0.22711095213890076,,0.24958264827728271,,0.07624870538711548,,0.022329099476337433,0.04541519284248352,,,,,,,,,,,,,,
15,,48709,,,,,,,,,,2.2407621145248413e-06,,9.387731552124023e-07,,0.22883769869804382,,0.266065776348114,,0.0860307514667511,,0.028727011755108833,0.052842456847429276,,,,,,,,,,,,,,
15,,48719,,,,,,,,,,2.5331974029541016e-06,,7.60890543460846e-07,,0.24379272758960724,,0.2636150121688843,,0.07589679956436157,,0.02130250446498394,0.045432526618242264,,,,,,,,,,,,,,
15,,48729,,,,,,,,,,1.4640390872955322e-06,,8.093193173408508e-07,,0.24677707254886627,,0.2776215970516205,,0.0795154795050621,,0.024157609790563583,0.04894474148750305,,,,,,,,,,,,,,
15,,48739,,,,,,,,,,1.605600118637085e-06,,9.345822036266327e-07,,0.2319498062133789,,0.26951009035110474,,0.08060823380947113,,0.026208335533738136,0.05013398826122284,,,,,,,,,,,,,,
15,,48749,,,,,,,,,,1.7397105693817139e-06,,8.665956556797028e-07,,0.25165852904319763,,0.24479764699935913,,0.07059586048126221,,0.020683657377958298,0.04318402707576752,,,,,,,,,,,,,,
15,,48759,,,,,,,,,,2.298504114151001e-06,,8.749775588512421e-07,,0.2480059266090393,,0.25384634733200073,,0.07064902782440186,,0.021640583872795105,0.04429331794381142,,,,,,,,,,,,,,
15,,48769,,,,,,,,,,2.1792948246002197e-06,,9.867362678050995e-07,,0.22565865516662598,,0.2514455318450928,,0.07197654992341995,,0.021337110549211502,0.043940115720033646,,,,,,,,,,,,,,
15,,48779,,,,,,,,,,1.5292316675186157e-06,,8.237548172473907e-07,,0.28093844652175903,,0.2556091547012329,,0.06720318645238876,,0.021197844296693802,0.04378360137343407,,,,,,,,,,,,,,
15,,48789,,,,,,,,,,1.952052116394043e-06,,9.755603969097137e-07,,0.2237652689218521,,0.2578098177909851,,0.07204857468605042,,0.021167153492569923,0.04410232976078987,,,,,,,,,,,,,,
15,,48799,,,,,,,,,,1.4789402484893799e-06,,1.1362135410308838e-06,,0.26334747672080994,,0.26428428292274475,,0.06330703943967819,,0.022668015211820602,0.044356346130371094,,,,,,,,,,,,,,
15,,48809,,,,,,,,,,2.251937985420227e-06,,8.195638656616211e-07,,0.24224480986595154,,0.2660091817378998,,0.06267523765563965,,0.017610004171729088,0.04027693718671799,,,,,,,,,,,,,,
15,,48819,,,,,,,,,,1.8980354070663452e-06,,7.278285920619965e-07,,0.2666199207305908,,0.25281262397766113,,0.08467856794595718,,0.025388119742274284,0.049905553460121155,,,,,,,,,,,,,,
15,,48829,,,,,,,,,,3.762543201446533e-06,,1.2973323464393616e-06,,0.21758070588111877,,0.2743833065032959,,0.07947315275669098,,0.028470786288380623,0.05167842283844948,,,,,,,,,,,,,,
15,,48839,,,,,,,,,,2.2239983081817627e-06,,7.711350917816162e-07,,0.25042596459388733,,0.2559298872947693,,0.05891556665301323,,0.018144162371754646,0.03959585353732109,,,,,,,,,,,,,,
15,,48849,,,,,,,,,,2.3581087589263916e-06,,9.830109775066376e-07,,0.27090755105018616,,0.2511288821697235,,0.060546789318323135,,0.01855919137597084,0.04022810608148575,,,,,,,,,,,,,,
15,,48859,,,,,,,,,,3.0249357223510742e-06,,9.099021553993225e-07,,0.26819175481796265,,0.23463767766952515,,0.06917747855186462,,0.014143385924398899,0.03772904351353645,,,,,,,,,,,,,,
15,,48869,,,,,,,,,,2.1047890186309814e-06,,1.394655555486679e-06,,0.2422531545162201,,0.26761773228645325,,0.07002001255750656,,0.020811080932617188,0.0441313311457634,,,,,,,,,,,,,,
15,,48879,,,,,,,,,,2.609565854072571e-06,,6.705522537231445e-07,,0.28273671865463257,,0.2507236897945404,,0.05950257182121277,,0.019868917763233185,0.041134461760520935,,,,,,,,,,,,,,
15,,48889,,,,,,,,,,2.4586915969848633e-06,,7.865019142627716e-07,,0.2756955027580261,,0.239320307970047,,0.07407844066619873,,0.027587059885263443,0.04904092848300934,,,,,,,,,,,,,,
15,,48899,,,,,,,,,,2.1383166313171387e-06,,1.0095536708831787e-06,,0.26439231634140015,,0.24771174788475037,,0.07491069287061691,,0.021964063867926598,0.04523969069123268,,,,,,,,,,,,,,
15,,48909,,,,,,,,,,2.209097146987915e-06,,1.4258548617362976e-06,,0.2276913821697235,,0.25224393606185913,,0.08323285728693008,,0.02909315563738346,0.051930904388427734,,,,,,,,,,,,,,
15,,48919,,,,,,,,,,1.8291175365447998e-06,,8.922070264816284e-07,,0.24945420026779175,,0.2650710940361023,,0.08556750416755676,,0.024056805297732353,0.049447085708379745,,,,,,,,,,,,,,
15,,48929,,,,,,,,,,1.3932585716247559e-06,,7.986091077327728e-07,,0.23209881782531738,,0.26089632511138916,,0.07599915564060211,,0.02288903295993805,0.04637736454606056,,,,,,,,,,,,,,
15,,48939,,,,,,,,,,1.3131648302078247e-06,,1.155305653810501e-06,,0.2782077491283417,,0.24171094596385956,,0.07026141881942749,,0.021178804337978363,0.04365922883152962,,,,,,,,,,,,,,
15,,48949,,,,,,,,,,2.04332172870636e-06,,1.5776604413986206e-06,,0.2535414695739746,,0.2576233744621277,,0.05943693593144417,,0.018540088087320328,0.04010657221078873,,,,,,,,,,,,,,
15,,48959,,,,,,,,,,1.3951212167739868e-06,,1.2130476534366608e-06,,0.27807730436325073,,0.25833219289779663,,0.08904724568128586,,0.026934552937746048,0.05227808281779289,,,,,,,,,,,,,,
15,,48969,,,,,,,,,,1.2759119272232056e-06,,1.4221295714378357e-06,,0.2191726565361023,,0.2777440547943115,,0.04019714519381523,,0.009843961335718632,0.030515071004629135,,,,,,,,,,,,,,
15,,48979,,,,,,,,,,1.7415732145309448e-06,,8.093193173408508e-07,,0.248464435338974,,0.2535833716392517,,0.07772108912467957,,0.02224712073802948,0.04606771096587181,,,,,,,,,,,,,,
15,,48989,,,,,,,,,,3.082677721977234e-06,,8.959323167800903e-07,,0.22258713841438293,,0.25953370332717896,,0.08473199605941772,,0.02703169733285904,0.05094755440950394,,,,,,,,,,,,,,
15,,48999,,,,,,,,,,1.7546117305755615e-06,,1.11432746052742e-06,,0.22754204273223877,,0.26877278089523315,,0.08418005704879761,,0.021001355722546577,0.04681144654750824,,,,,,,,,,,,,,
15,,49009,,,,,,,,,,1.8514692783355713e-06,,9.033828973770142e-07,,0.18282575905323029,,0.26678475737571716,,0.0933818444609642,,0.027974698692560196,0.05315112695097923,,,,,,,,,,,,,,
15,,49019,,,,,,,,,,1.8086284399032593e-06,,7.227063179016113e-07,,0.25440382957458496,,0.2602216601371765,,0.05564601719379425,,0.014355821534991264,0.036388568580150604,,,,,,,,,,,,,,
15,,49029,,,,,,,,,,1.9837170839309692e-06,,8.926726877689362e-07,,0.21897965669631958,,0.26529544591903687,,0.07841340452432632,,0.02166331186890602,0.045963115990161896,,,,,,,,,,,,,,
15,,49039,,,,,,,,,,2.0246952772140503e-06,,7.841736078262329e-07,,0.2508718967437744,,0.2582293450832367,,0.07533709704875946,,0.020901773124933243,0.04485739767551422,,,,,,,,,,,,,,
15,,49049,,,,,,,,,,2.0656734704971313e-06,,9.019859135150909e-07,,0.2077445387840271,,0.28173404932022095,,0.08593258261680603,,0.030014246702194214,0.05427708849310875,,,,,,,,,,,,,,
15,,49059,,,,,,,,,,1.7415732145309448e-06,,9.723007678985596e-07,,0.22340001165866852,,0.27172037959098816,,0.08707885444164276,,0.02830158732831478,0.05292126536369324,,,,,,,,,,,,,,
15,,49069,,,,,,,,,,1.735985279083252e-06,,7.459893822669983e-07,,0.23342862725257874,,0.26476800441741943,,0.06501758098602295,,0.024607472121715546,0.04580407962203026,,,,,,,,,,,,,,
15,,49079,,,,,,,,,,2.248212695121765e-06,,1.0263174772262573e-06,,0.24050632119178772,,0.24069927632808685,,0.07258006930351257,,0.014962108805775642,0.03894106671214104,,,,,,,,,,,,,,
15,,49089,,,,,,,,,,2.520158886909485e-06,,7.48317688703537e-07,,0.2693929076194763,,0.2573823928833008,,0.06389553844928741,,0.01892986334860325,0.04140967130661011,,,,,,,,,,,,,,
15,,49099,,,,,,,,,,1.3187527656555176e-06,,6.62636011838913e-07,,0.2502802312374115,,0.2670400142669678,,0.07112905383110046,,0.026403412222862244,0.04860159754753113,,,,,,,,,,,,,,
15,,49109,,,,,,,,,,1.9837170839309692e-06,,8.624047040939331e-07,,0.2862936556339264,,0.2525629997253418,,0.07221134006977081,,0.02567826583981514,0.048003945499658585,,,,,,,,,,,,,,
15,,49119,,,,,,,,,,1.4062970876693726e-06,,6.766058504581451e-07,,0.2506764829158783,,0.262882262468338,,0.0701194703578949,,0.021565932780504227,0.0445929616689682,,,,,,,,,,,,,,
15,,49129,,,,,,,,,,1.5031546354293823e-06,,7.734633982181549e-07,,0.2380439043045044,,0.27304017543792725,,0.06951061636209488,,0.024630185216665268,0.04710571467876434,,,,,,,,,,,,,,
15,,49139,,,,,,,,,,2.4456530809402466e-06,,8.442439138889313e-07,,0.22221234440803528,,0.2540145516395569,,0.06606312096118927,,0.021764762699604034,0.04323194921016693,,,,,,,,,,,,,,
15,,49149,,,,,,,,,,2.4810433387756348e-06,,6.868503987789154e-07,,0.28767848014831543,,0.2370644211769104,,0.07001736015081406,,0.022557763382792473,0.04454108327627182,,,,,,,,,,,,,,
15,,49159,,,,,,,,,,1.7937272787094116e-06,,8.940696716308594e-07,,0.2553073763847351,,0.24186140298843384,,0.08161812275648117,,0.02215193584561348,0.046257782727479935,,,,,,,,,,,,,,
15,,49169,,,,,,,,,,2.60770320892334e-06,,5.695037543773651e-07,,0.23671387135982513,,0.25104355812072754,,0.07132843136787415,,0.021803269162774086,0.044279005378484726,,,,,,,,,,,,,,
15,,49179,,,,,,,,,,3.1925737857818604e-06,,8.344650268554688e-07,,0.21991223096847534,,0.27159374952316284,,0.09360407292842865,,0.03033163771033287,0.05562112480401993,,,,,,,,,,,,,,
15,,49189,,,,,,,,,,2.2295862436294556e-06,,9.75094735622406e-07,,0.2780851125717163,,0.24952571094036102,,0.08121459931135178,,0.02643141709268093,0.05001884698867798,,,,,,,,,,,,,,
15,,49199,,,,,,,,,,4.157423973083496e-06,,8.167698979377747e-07,,0.24201640486717224,,0.26410043239593506,,0.07819277048110962,,0.023367028683423996,0.04741383343935013,,,,,,,,,,,,,,
15,,49209,,,,,,,,,,2.477318048477173e-06,,2.059154212474823e-06,,0.25341665744781494,,0.27203845977783203,,0.06702271848917007,,0.021922996267676353,0.044741470366716385,,,,,,,,,,,,,,
15,,49219,,,,,,,,,,3.259629011154175e-06,,1.0407529771327972e-06,,0.2527984380722046,,0.24740132689476013,,0.09256203472614288,,0.029288215562701225,0.053894128650426865,,,,,,,,,,,,,,
15,,49229,,,,,,,,,,2.0936131477355957e-06,,2.8354115784168243e-06,,0.19862429797649384,,0.2641706168651581,,0.08173222839832306,,0.023275643587112427,0.0475037582218647,,,,,,,,,,,,,,
15,,49239,,,,,,,,,,2.158805727958679e-06,,1.2344680726528168e-06,,0.22928154468536377,,0.2606074810028076,,0.08412711322307587,,0.025195255875587463,0.0495852567255497,,,,,,,,,,,,,,
15,,49249,,,,,,,,,,1.8272548913955688e-06,,9.988434612751007e-07,,0.2540857791900635,,0.24920810759067535,,0.07590502500534058,,0.025612741708755493,0.048112694174051285,,,,,,,,,,,,,,
15,,49259,,,,,,,,,,2.691522240638733e-06,,1.375097781419754e-06,,0.23751017451286316,,0.2692224085330963,,0.06594491750001907,,0.01888539455831051,0.041942086070775986,,,,,,,,,,,,,,
15,,49269,,,,,,,,,,2.041459083557129e-06,,9.611248970031738e-07,,0.22039148211479187,,0.26819124817848206,,0.06802567839622498,,0.0191340334713459,0.04226984083652496,,,,,,,,,,,,,,
15,,49279,,,,,,,,,,2.736225724220276e-06,,1.1613592505455017e-06,,0.2114461362361908,,0.26330113410949707,,0.08712664991617203,,0.03305577114224434,0.05596187338232994,,,,,,,,,,,,,,
15,,49289,,,,,,,,,,1.6093254089355469e-06,,6.69620931148529e-07,,0.23191285133361816,,0.24751348793506622,,0.06156022474169731,,0.017560122534632683,0.039042092859745026,,,,,,,,,,,,,,
15,,49299,,,,,,,,,,2.6244670152664185e-06,,9.30391252040863e-07,,0.23542849719524384,,0.2665187120437622,,0.06774289906024933,,0.018383774906396866,0.04175181686878204,,,,,,,,,,,,,,
15,,49309,,,,,,,,,,1.911073923110962e-06,,9.033828973770142e-07,,0.26203712821006775,,0.2511199712753296,,0.0630757063627243,,0.020691893994808197,0.04219792038202286,,,,,,,,,,,,,,
15,,49319,,,,,,,,,,2.896413207054138e-06,,9.192153811454773e-07,,0.2607518434524536,,0.2680027484893799,,0.08146694302558899,,0.026450950652360916,0.05074397101998329,,,,,,,,,,,,,,
15,,49329,,,,,,,,,,2.594664692878723e-06,,8.973293006420135e-07,,0.29254722595214844,,0.2545262575149536,,0.10274610668420792,,0.03702893108129501,0.06241104379296303,,,,,,,,,,,,,,
15,,49339,,,,,,,,,,2.389773726463318e-06,,6.28642737865448e-07,,0.24567079544067383,,0.2619287967681885,,0.06738263368606567,,0.019235290586948395,0.04222789406776428,,,,,,,,,,,,,,
15,,49349,,,,,,,,,,1.912936568260193e-06,,5.6764110922813416e-06,,0.23568734526634216,,0.2735043168067932,,0.06982450187206268,,0.02256527543067932,0.04560968279838562,,,,,,,,,,,,,,
15,,49359,,,,,,,,,,1.3709068298339844e-06,,1.0496005415916443e-06,,0.22964009642601013,,0.2761620879173279,,0.07875847071409225,,0.02537444606423378,0.049446314573287964,,,,,,,,,,,,,,
15,,49369,,,,,,,,,,1.387670636177063e-06,,1.207459717988968e-06,,0.21363306045532227,,0.2539684772491455,,0.08204521238803864,,0.022250603884458542,0.04649106785655022,,,,,,,,,,,,,,
15,,49379,,,,,,,,,,1.6782432794570923e-06,,1.6600824892520905e-06,,0.25365349650382996,,0.25537702441215515,,0.0683058351278305,,0.017498059198260307,0.04088417813181877,,,,,,,,,,,,,,
15,,49389,,,,,,,,,,3.5446137189865112e-06,,1.0309740900993347e-06,,0.24644094705581665,,0.2528221607208252,,0.08919033408164978,,0.02100948430597782,0.047230854630470276,,,,,,,,,,,,,,
15,,49399,,,,,,,,,,1.514330506324768e-06,,9.597279131412506e-07,,0.2778152525424957,,0.23623080551624298,,0.07280444353818893,,0.02174081653356552,0.044296231120824814,,,,,,,,,,,,,,
15,,49409,,,,,,,,,,1.2069940567016602e-06,,8.950009942054749e-07,,0.2523044943809509,,0.26324450969696045,,0.08964405208826065,,0.026660755276679993,0.05211283639073372,,,,,,,,,,,,,,
15,,49419,,,,,,,,,,2.6728957891464233e-06,,6.994232535362244e-07,,0.2344234585762024,,0.2749943137168884,,0.059488456696271896,,0.01839221827685833,0.04059567302465439,,,,,,,,,,,,,,
15,,49429,,,,,,,,,,1.948326826095581e-06,,1.112464815378189e-06,,0.21608170866966248,,0.27343931794166565,,0.07517983019351959,,0.02248651534318924,0.04632209613919258,,,,,,,,,,,,,,
15,,49439,,,,,,,,,,2.864748239517212e-06,,7.334165275096893e-07,,0.23110857605934143,,0.2836328446865082,,0.07353224605321884,,0.023371875286102295,0.04733135551214218,,,,,,,,,,,,,,
15,,49449,,,,,,,,,,1.6633421182632446e-06,,1.6684643924236298e-06,,0.2525458335876465,,0.25545501708984375,,0.09359966218471527,,0.030545368790626526,0.05540647357702255,,,,,,,,,,,,,,
15,,49459,,,,,,,,,,3.8389116525650024e-06,,8.274801075458527e-07,,0.2747175693511963,,0.2545931339263916,,0.07640945911407471,,0.021097058430314064,0.045314036309719086,,,,,,,,,,,,,,
15,,49469,,,,,,,,,,1.6149133443832397e-06,,1.405365765094757e-06,,0.2237667441368103,,0.25341638922691345,,0.08186744153499603,,0.022485431283712387,0.04672679305076599,,,,,,,,,,,,,,
15,,49479,,,,,,,,,,1.8049031496047974e-06,,6.966292858123779e-07,,0.23523694276809692,,0.27258288860321045,,0.07403771579265594,,0.022494550794363022,0.046298298984766006,,,,,,,,,,,,,,
15,,49489,,,,,,,,,,1.3541430234909058e-06,,1.0887160897254944e-06,,0.2505953013896942,,0.25667649507522583,,0.0579972043633461,,0.013267703354358673,0.03580237552523613,,,,,,,,,,,,,,
15,,49499,,,,,,,,,,2.250075340270996e-06,,1.1418014764785767e-06,,0.2474212348461151,,0.2709786593914032,,0.07339181751012802,,0.024015173316001892,0.04738551005721092,,,,,,,,,,,,,,
15,,49509,,,,,,,,,,2.3525208234786987e-06,,1.5776604413986206e-06,,0.23430848121643066,,0.2502236068248749,,0.0769694447517395,,0.022274596616625786,0.04562389850616455,,,,,,,,,,,,,,
15,,49519,,,,,,,,,,2.382323145866394e-06,,8.23289155960083e-07,,0.2498776912689209,,0.27938637137413025,,0.0648002028465271,,0.018831711262464523,0.04230864718556404,,,,,,,,,,,,,,
15,,49529,,,,,,,,,,3.300607204437256e-06,,9.98377799987793e-07,,0.25504064559936523,,0.24923381209373474,,0.08536988496780396,,0.03191144019365311,0.05462536960840225,,,,,,,,,,,,,,
15,,49539,,,,,,,,,,1.516193151473999e-06,,8.409842848777771e-07,,0.2322222888469696,,0.26136183738708496,,0.06080269813537598,,0.01914215460419655,0.0407397635281086,,,,,,,,,,,,,,
15,,49549,,,,,,,,,,1.7154961824417114e-06,,5.923211574554443e-07,,0.2122601568698883,,0.27924004197120667,,0.09385119378566742,,0.025164078921079636,0.05205966904759407,,,,,,,,,,,,,,
15,,49559,,,,,,,,,,2.0992010831832886e-06,,1.1022202670574188e-06,,0.21217292547225952,,0.26557230949401855,,0.08178906887769699,,0.025730950757861137,0.04958087578415871,,,,,,,,,,,,,,
15,,49569,,,,,,,,,,1.8030405044555664e-06,,7.594935595989227e-07,,0.20862506330013275,,0.26094210147857666,,0.08920025080442429,,0.024243392050266266,0.049596190452575684,,,,,,,,,,,,,,
15,,49579,,,,,,,,,,1.5478581190109253e-06,,8.046627044677734e-07,,0.25125670433044434,,0.25166529417037964,,0.07358883321285248,,0.022312384098768234,0.04528447985649109,,,,,,,,,,,,,,
15,,49589,,,,,,,,,,2.171844244003296e-06,,8.032657206058502e-07,,0.2292066514492035,,0.264897882938385,,0.06825845688581467,,0.0197441428899765,0.04272010549902916,,,,,,,,,,,,,,
15,,49599,,,,,,,,,,1.7713755369186401e-06,,1.6414560377597809e-06,,0.2552937865257263,,0.2631586194038391,,0.06845861673355103,,0.022822774946689606,0.04529142007231712,,,,,,,,,,,,,,
15,,49609,,,,,,,,,,1.6316771507263184e-06,,3.262888640165329e-06,,0.21929192543029785,,0.28131258487701416,,0.0821809470653534,,0.02632218599319458,0.05091936141252518,,,,,,,,,,,,,,
15,,49619,,,,,,,,,,2.2407621145248413e-06,,1.402106136083603e-06,,0.25811195373535156,,0.25687485933303833,,0.08605816960334778,,0.026915930211544037,0.05140117183327675,,,,,,,,,,,,,,
15,,49629,,,,,,,,,,2.2854655981063843e-06,,1.062825322151184e-05,,0.21252800524234772,,0.25182855129241943,,0.10464747995138168,,0.02572491392493248,0.0532231368124485,,,,,,,,,,,,,,
15,,49639,,,,,,,,,,1.475214958190918e-06,,1.0360963642597198e-06,,0.24703335762023926,,0.2514967918395996,,0.07035848498344421,,0.021632518619298935,0.044111210852861404,,,,,,,,,,,,,,
15,,49649,,,,,,,,,,1.4621764421463013e-06,,1.0156072676181793e-06,,0.23922425508499146,,0.25960975885391235,,0.0658358633518219,,0.01712409406900406,0.04016972333192825,,,,,,,,,,,,,,
15,,49659,,,,,,,,,,2.5313347578048706e-06,,1.5152618288993835e-06,,0.21444223821163177,,0.26190584897994995,,0.08045882731676102,,0.025709491223096848,0.04916999116539955,,,,,,,,,,,,,,
15,,49669,,,,,,,,,,3.648921847343445e-06,,8.996576070785522e-07,,0.23943424224853516,,0.25407105684280396,,0.06377784162759781,,0.01964186504483223,0.04141531512141228,,,,,,,,,,,,,,
15,,49679,,,,,,,,,,3.2838433980941772e-06,,1.4891847968101501e-06,,0.2269236445426941,,0.2612259089946747,,0.0734720379114151,,0.024738734588027,0.04724583029747009,,,,,,,,,,,,,,
15,,49689,,,,,,,,,,1.4211982488632202e-06,,3.4673139452934265e-06,,0.2472810447216034,,0.24862873554229736,,0.0677206963300705,,0.023255497217178345,0.044702477753162384,,,,,,,,,,,,,,
15,,49699,,,,,,,,,,1.8812716007232666e-06,,7.706694304943085e-07,,0.22400593757629395,,0.2545653283596039,,0.08497394621372223,,0.0262099988758564,0.050160184502601624,,,,,,,,,,,,,,
15,,49709,,,,,,,,,,1.4491379261016846e-06,,8.041970431804657e-07,,0.21647195518016815,,0.27322718501091003,,0.06885204464197159,,0.02299460396170616,0.04551113024353981,,,,,,,,,,,,,,
15,,49719,,,,,,,,,,3.298744559288025e-06,,9.909272193908691e-07,,0.2422471046447754,,0.27131181955337524,,0.0684480220079422,,0.0236416794359684,0.04613310843706131,,,,,,,,,,,,,,
15,,49729,,,,,,,,,,1.2703239917755127e-06,,1.0384246706962585e-06,,0.2954571843147278,,0.26373225450515747,,0.07481075078248978,,0.022778937593102455,0.04694752395153046,,,,,,,,,,,,,,
15,,49739,,,,,,,,,,1.344829797744751e-06,,8.307397365570068e-07,,0.26593026518821716,,0.2451387345790863,,0.08294063806533813,,0.030066749081015587,0.052721552550792694,,,,,,,,,,,,,,
15,,49749,,,,,,,,,,1.5757977962493896e-06,,1.1604279279708862e-06,,0.24744373559951782,,0.2631836235523224,,0.07970069348812103,,0.024228431284427643,0.04836348071694374,,,,,,,,,,,,,,
15,,49759,,,,,,,,,,1.4547258615493774e-06,,7.795169949531555e-07,,0.22999608516693115,,0.26481205224990845,,0.08444161713123322,,0.02753313258290291,0.05160358175635338,,,,,,,,,,,,,,
15,,49769,,,,,,,,,,1.4621764421463013e-06,,1.8440186977386475e-06,,0.22763469815254211,,0.2579168975353241,,0.08227212727069855,,0.02417875826358795,0.04832934960722923,,,,,,,,,,,,,,
15,,49779,,,,,,,,,,1.5497207641601562e-06,,7.16187059879303e-07,,0.2235073745250702,,0.2507498264312744,,0.08362798392772675,,0.027521459385752678,0.05070685222744942,,,,,,,,,,,,,,
15,,49789,,,,,,,,,,1.4808028936386108e-06,,9.164214134216309e-07,,0.2283828854560852,,0.2676003873348236,,0.08134281635284424,,0.024007707834243774,0.0484895333647728,,,,,,,,,,,,,,
15,,49799,,,,,,,,,,2.8274953365325928e-06,,1.1897645890712738e-06,,0.2333638072013855,,0.2511990964412689,,0.0954056829214096,,0.02967406064271927,0.0546671561896801,,,,,,,,,,,,,,
15,,49809,,,,,,,,,,1.3951212167739868e-06,,1.0994262993335724e-06,,0.2567158341407776,,0.2603623867034912,,0.07680018991231918,,0.02277439460158348,0.04670511558651924,,,,,,,,,,,,,,
15,,49819,,,,,,,,,,2.436339855194092e-06,,8.903443813323975e-07,,0.28978240489959717,,0.2433653175830841,,0.0712810754776001,,0.02295544184744358,0.045396506786346436,,,,,,,,,,,,,,
15,,49829,,,,,,,,,,1.7713755369186401e-06,,8.041970431804657e-07,,0.23349711298942566,,0.25292453169822693,,0.09156659245491028,,0.030215255916118622,0.0544356033205986,,,,,,,,,,,,,,
15,,49839,,,,,,,,,,3.8389116525650024e-06,,1.2596137821674347e-06,,0.24702462553977966,,0.26319050788879395,,0.07860275357961655,,0.024722617119550705,0.048523709177970886,,,,,,,,,,,,,,
15,,49849,,,,,,,,,,1.4044344425201416e-06,,9.480863809585571e-07,,0.23750150203704834,,0.2557979226112366,,0.07630570232868195,,0.021493565291166306,0.0452122837305069,,,,,,,,,,,,,,
15,,49859,,,,,,,,,,1.3615936040878296e-06,,1.0151416063308716e-06,,0.25511589646339417,,0.2446882724761963,,0.07239531725645065,,0.020759832113981247,0.04361404851078987,,,,,,,,,,,,,,
15,,49869,,,,,,,,,,1.6149133443832397e-06,,2.0563602447509766e-06,,0.24717554450035095,,0.2478637993335724,,0.07133233547210693,,0.02274921163916588,0.04496290907263756,,,,,,,,,,,,,,
15,,49879,,,,,,,,,,2.0563602447509766e-06,,1.0728836059570312e-06,,0.21201276779174805,,0.26350510120391846,,0.08161661773920059,,0.022189663723111153,0.04679311811923981,,,,,,,,,,,,,,
15,,49889,,,,,,,,,,1.6186386346817017e-06,,2.071727067232132e-06,,0.2404649704694748,,0.2745959758758545,,0.09633484482765198,,0.026331890374422073,0.05351440608501434,,,,,,,,,,,,,,
15,,49899,,,,,,,,,,1.8998980522155762e-06,,1.0980293154716492e-06,,0.23578548431396484,,0.27152109146118164,,0.090597964823246,,0.029620453715324402,0.05470648407936096,,,,,,,,,,,,,,
15,,49909,,,,,,,,,,1.046992838382721e-05,,1.0719522833824158e-06,,0.23430922627449036,,0.26825112104415894,,0.09223677217960358,,0.029210854321718216,0.054535940289497375,,,,,,,,,,,,,,
15,,49919,,,,,,,,,,3.0919909477233887e-06,,1.8463470041751862e-06,,0.2586415410041809,,0.25076228380203247,,0.07740728557109833,,0.028837930411100388,0.05094020068645477,,,,,,,,,,,,,,
15,,49929,,,,,,,,,,1.519918441772461e-06,,7.576309144496918e-07,,0.26582008600234985,,0.24507661163806915,,0.059618767350912094,,0.015831327065825462,0.0376642607152462,,,,,,,,,,,,,,
15,,49939,,,,,,,,,,3.943219780921936e-06,,1.2279488146305084e-06,,0.23113134503364563,,0.27104687690734863,,0.07113470137119293,,0.02431761473417282,0.047001343220472336,,,,,,,,,,,,,,
15,,49949,,,,,,,,,,2.598389983177185e-06,,8.577480912208557e-07,,0.19570741057395935,,0.27457067370414734,,0.07818862050771713,,0.024225175380706787,0.04800492152571678,,,,,,,,,,,,,,
15,,49959,,,,,,,,,,4.375353455543518e-06,,1.0509975254535675e-06,,0.2698265016078949,,0.24903640151023865,,0.06845933943986893,,0.01668602228164673,0.040196072310209274,,,,,,,,,,,,,,
15,,49969,,,,,,,,,,2.596527338027954e-06,,8.991919457912445e-07,,0.2516138553619385,,0.25706273317337036,,0.07613353431224823,,0.02220011129975319,0.045934755355119705,,,,,,,,,,,,,,
15,,49979,,,,,,,,,,2.130866050720215e-06,,1.3685785233974457e-06,,0.23720631003379822,,0.2686108946800232,,0.07263939827680588,,0.023192409425973892,0.04639642685651779,,,,,,,,,,,,,,
15,,49989,,,,,,,,,,1.914799213409424e-06,,9.452924132347107e-07,,0.22724319994449615,,0.26832568645477295,,0.07831047475337982,,0.024312514811754227,0.048170141875743866,,,,,,,,,,,,,,
15,,49999,,,,,,,,,,1.823529601097107e-06,,7.827766239643097e-07,,0.2801593542098999,,0.25078076124191284,,0.07917550206184387,,0.02478252723813057,0.048482608050107956,,,,,,,,,,,,,,
15,,50009,,,,,,,,,,2.855435013771057e-06,,1.4505349099636078e-06,,0.2447727918624878,,0.2518966794013977,,0.08651944994926453,,0.025150299072265625,0.04977336525917053,,,,,,,,,,,,,,
15,,50019,,,,,,,,,,1.6205012798309326e-06,,1.4221295714378357e-06,,0.2850533723831177,,0.2445826530456543,,0.07778288424015045,,0.028860662132501602,0.051047537475824356,,,,,,,,,,,,,,
15,,50029,,,,,,,,,,1.7452985048294067e-06,,9.182840585708618e-07,,0.2545488178730011,,0.254002183675766,,0.08609920740127563,,0.023515280336141586,0.04868129640817642,,,,,,,,,,,,,,
15,,50039,,,,,,,,,,1.1622905731201172e-06,,1.4454126358032227e-06,,0.25711292028427124,,0.2547621726989746,,0.07579612731933594,,0.022180262953042984,0.0458131805062294,,,,,,,,,,,,,,
15,,50049,,,,,,,,,,1.69314444065094e-06,,8.190982043743134e-07,,0.19151072204113007,,0.2796005606651306,,0.0799340307712555,,0.025394953787326813,0.04939645156264305,,,,,,,,,,,,,,
15,,50059,,,,,,,,,,2.3115426301956177e-06,,1.1315569281578064e-06,,0.2949327826499939,,0.2335292100906372,,0.08103758841753006,,0.026821862906217575,0.04972601309418678,,,,,,,,,,,,,,
15,,50069,,,,,,,,,,2.382323145866394e-06,,1.4882534742355347e-06,,0.2534717917442322,,0.24314987659454346,,0.09047210216522217,,0.02759656310081482,0.0520416758954525,,,,,,,,,,,,,,
15,,50079,,,,,,,,,,2.5890767574310303e-06,,8.745118975639343e-07,,0.25354355573654175,,0.25321048498153687,,0.07369277626276016,,0.02274923026561737,0.045730944722890854,,,,,,,,,,,,,,
15,,50089,,,,,,,,,,2.3972243070602417e-06,,2.711080014705658e-06,,0.2628602981567383,,0.2354288399219513,,0.0771651640534401,,0.022707384079694748,0.04562627524137497,,,,,,,,,,,,,,
15,,50099,,,,,,,,,,2.1085143089294434e-06,,1.7373822629451752e-06,,0.23420152068138123,,0.2608027458190918,,0.08200535178184509,,0.025683898478746414,0.04962072893977165,,,,,,,,,,,,,,
15,,50109,,,,,,,,,,4.958361387252808e-06,,1.92178413271904e-06,,0.23200872540473938,,0.2581409513950348,,0.07085652649402618,,0.024399297311902046,0.046415623277425766,,,,,,,,,,,,,,
15,,50119,,,,,,,,,,1.8738210201263428e-06,,1.8579885363578796e-06,,0.21363145112991333,,0.26822182536125183,,0.07454429566860199,,0.018466901034116745,0.04291410744190216,,,,,,,,,,,,,,
15,,50129,,,,,,,,,,1.7061829566955566e-06,,1.7182901501655579e-06,,0.23321394622325897,,0.26849257946014404,,0.07153181731700897,,0.022809568792581558,0.045849159359931946,,,,,,,,,,,,,,
15,,50139,,,,,,,,,,1.0337680578231812e-06,,7.199123501777649e-07,,0.22628194093704224,,0.265455961227417,,0.07764019072055817,,0.023372424766421318,0.047193367034196854,,,,,,,,,,,,,,
15,,50149,,,,,,,,,,1.914799213409424e-06,,9.383074939250946e-07,,0.2700842320919037,,0.27195683121681213,,0.07436911761760712,,0.02351759374141693,0.04750703275203705,,,,,,,,,,,,,,
15,,50159,,,,,,,,,,3.6302953958511353e-06,,1.003500074148178e-06,,0.242886483669281,,0.25366735458374023,,0.066057488322258,,0.023266205564141273,0.044583309441804886,,,,,,,,,,,,,,
15,,50169,,,,,,,,,,2.1792948246002197e-06,,6.551854312419891e-07,,0.2779593765735626,,0.2642642855644226,,0.07132595032453537,,0.02023305371403694,0.044203925877809525,,,,,,,,,,,,,,
15,,50179,,,,,,,,,,2.1532177925109863e-06,,1.2242235243320465e-06,,0.23806190490722656,,0.2675844430923462,,0.08520558476448059,,0.023951835930347443,0.04928477108478546,,,,,,,,,,,,,,
15,,50189,,,,,,,,,,1.6652047634124756e-06,,1.6777776181697845e-06,,0.23531007766723633,,0.25976037979125977,,0.05614271014928818,,0.015417596325278282,0.03703281283378601,,,,,,,,,,,,,,
15,,50199,,,,,,,,,,2.1830201148986816e-06,,9.685754776000977e-07,,0.27405020594596863,,0.2435741126537323,,0.08350685238838196,,0.02628951147198677,0.050015948712825775,,,,,,,,,,,,,,
15,,50209,,,,,,,,,,5.278736352920532e-06,,9.830109775066376e-07,,0.2804139256477356,,0.2545042932033539,,0.07213576883077621,,0.029286030679941177,0.050718359649181366,,,,,,,,,,,,,,
15,,50219,,,,,,,,,,3.98978590965271e-06,,1.0919757187366486e-06,,0.23690149188041687,,0.2614040672779083,,0.0897747278213501,,0.03085167706012726,0.055014465004205704,,,,,,,,,,,,,,
15,,50229,,,,,,,,,,2.0936131477355957e-06,,9.438954293727875e-07,,0.23151114583015442,,0.27120792865753174,,0.06597461551427841,,0.021402865648269653,0.04385899379849434,,,,,,,,,,,,,,
15,,50239,,,,,,,,,,1.564621925354004e-06,,1.6507692635059357e-06,,0.2625623941421509,,0.23624874651432037,,0.0872165858745575,,0.027107855305075645,0.05084748566150665,,,,,,,,,,,,,,
15,,50249,,,,,,,,,,1.4416873455047607e-06,,9.415671229362488e-07,,0.22913363575935364,,0.2745659351348877,,0.08380822837352753,,0.02671760320663452,0.05132021754980087,,,,,,,,,,,,,,
15,,50259,,,,,,,,,,1.087784767150879e-06,,6.1793252825737e-07,,0.2736896276473999,,0.24173471331596375,,0.06165090575814247,,0.016986742615699768,0.038847703486680984,,,,,,,,,,,,,,
15,,50269,,,,,,,,,,2.516433596611023e-06,,6.793998181819916e-07,,0.2595022916793823,,0.25559002161026,,0.08324979245662689,,0.02524537965655327,0.04957730323076248,,,,,,,,,,,,,,
15,,50279,,,,,,,,,,4.002824425697327e-06,,1.2479722499847412e-06,,0.2541152238845825,,0.25912240147590637,,0.08552803099155426,,0.026222750544548035,0.050840262323617935,,,,,,,,,,,,,,
15,,50289,,,,,,,,,,2.0563602447509766e-06,,9.797513484954834e-07,,0.2116250991821289,,0.26085758209228516,,0.08325977623462677,,0.023573923856019974,0.04801106080412865,,,,,,,,,,,,,,
15,,50299,,,,,,,,,,1.4454126358032227e-06,,1.030508428812027e-06,,0.2554473578929901,,0.2553326487541199,,0.06719105690717697,,0.021434899419546127,0.043647401034832,,,,,,,,,,,,,,
15,,50309,,,,,,,,,,1.6596168279647827e-06,,1.3955868780612946e-06,,0.32809653878211975,,0.2376193106174469,,0.05964628979563713,,0.022824415937066078,0.04329585283994675,,,,,,,,,,,,,,
15,,50319,,,,,,,,,,1.9613653421401978e-06,,1.8277205526828766e-06,,0.26097536087036133,,0.2513727843761444,,0.06712660193443298,,0.02139798179268837,0.04348675161600113,,,,,,,,,,,,,,
15,,50329,,,,,,,,,,1.8551945686340332e-06,,1.2563541531562805e-06,,0.2363702952861786,,0.2596200704574585,,0.0797971561551094,,0.024976883083581924,0.048646166920661926,,,,,,,,,,,,,,
15,,50339,,,,,,,,,,2.4549663066864014e-06,,1.039355993270874e-06,,0.227563738822937,,0.2585441470146179,,0.0886433944106102,,0.03150639683008194,0.05504989996552467,,,,,,,,,,,,,,
15,,50349,,,,,,,,,,1.8104910850524902e-06,,1.0188668966293335e-06,,0.23503437638282776,,0.2739464044570923,,0.06754012405872345,,0.018616359680891037,0.042231906205415726,,,,,,,,,,,,,,
15,,50359,,,,,,,,,,2.3972243070602417e-06,,9.126961231231689e-07,,0.2591564655303955,,0.2644043564796448,,0.06843206286430359,,0.01805545948445797,0.041813768446445465,,,,,,,,,,,,,,
15,,50369,,,,,,,,,,1.648440957069397e-06,,1.63959339261055e-06,,0.2562166750431061,,0.2594964802265167,,0.0621161162853241,,0.019142163917422295,0.04117988795042038,,,,,,,,,,,,,,
15,,50379,,,,,,,,,,2.4586915969848633e-06,,1.1101365089416504e-06,,0.23115020990371704,,0.26002976298332214,,0.09008713811635971,,0.017659634351730347,0.045044753700494766,,,,,,,,,,,,,,
15,,50389,,,,,,,,,,1.5385448932647705e-06,,1.0340474545955658e-05,,0.2641068994998932,,0.25144585967063904,,0.06563431024551392,,0.02219925820827484,0.04384814202785492,,,,,,,,,,,,,,
15,,50399,,,,,,,,,,1.9706785678863525e-06,,1.0300427675247192e-06,,0.23858724534511566,,0.2678832411766052,,0.0720723420381546,,0.022759104147553444,0.045947086066007614,,,,,,,,,,,,,,
15,,50409,,,,,,,,,,4.330649971961975e-06,,4.157423973083496e-06,,0.27172520756721497,,0.23664113879203796,,0.07589373737573624,,0.023630212992429733,0.046240873634815216,,,,,,,,,,,,,,
15,,50419,,,,,,,,,,1.8496066331863403e-06,,1.4025717973709106e-06,,0.27300506830215454,,0.23472513258457184,,0.06406788527965546,,0.01729251816868782,0.039193712174892426,,,,,,,,,,,,,,
15,,50429,,,,,,,,,,1.6614794731140137e-06,,3.85800376534462e-06,,0.22032177448272705,,0.2593074142932892,,0.07075128704309464,,0.021657180041074753,0.04425650089979172,,,,,,,,,,,,,,
15,,50439,,,,,,,,,,2.7082860469818115e-06,,1.4360994100570679e-06,,0.24857032299041748,,0.24256563186645508,,0.08062724769115448,,0.0251235943287611,0.04825529083609581,,,,,,,,,,,,,,
15,,50449,,,,,,,,,,1.4435499906539917e-06,,1.5175901353359222e-06,,0.2261771559715271,,0.24854768812656403,,0.09004725515842438,,0.024772506207227707,0.0497765839099884,,,,,,,,,,,,,,
15,,50459,,,,,,,,,,1.5813857316970825e-06,,2.9313378036022186e-06,,0.22750073671340942,,0.2679440379142761,,0.07333990931510925,,0.020691797137260437,0.04450685903429985,,,,,,,,,,,,,,
15,,50469,,,,,,,,,,1.4491379261016846e-06,,1.146458089351654e-06,,0.2169862985610962,,0.2610381245613098,,0.07085531204938889,,0.017491539940238,0.04119305685162544,,,,,,,,,,,,,,
15,,50479,,,,,,,,,,2.089887857437134e-06,,1.0603107511997223e-06,,0.22728943824768066,,0.2649264335632324,,0.08584660291671753,,0.025862235575914383,0.050587248057127,,,,,,,,,,,,,,
15,,50489,,,,,,,,,,5.280598998069763e-06,,2.7758069336414337e-06,,0.2269425392150879,,0.2588510513305664,,0.0627165287733078,,0.016996778547763824,0.03930966928601265,,,,,,,,,,,,,,
15,,50499,,,,,,,,,,1.1399388313293457e-06,,1.1292286217212677e-06,,0.2927526831626892,,0.23691916465759277,,0.07608529925346375,,0.020770564675331116,0.04439103975892067,,,,,,,,,,,,,,
15,,50509,,,,,,,,,,2.564862370491028e-06,,1.8384307622909546e-06,,0.2580096423625946,,0.2526501417160034,,0.0686008632183075,,0.02265951782464981,0.044734757393598557,,,,,,,,,,,,,,
15,,50519,,,,,,,,,,2.1941959857940674e-06,,9.21543687582016e-07,,0.2167801558971405,,0.26980292797088623,,0.07364951074123383,,0.026042450219392776,0.048540376126766205,,,,,,,,,,,,,,
15,,50529,,,,,,,,,,1.69314444065094e-06,,1.6959384083747864e-06,,0.20187166333198547,,0.2745923399925232,,0.07967230677604675,,0.022748582065105438,0.04724873602390289,,,,,,,,,,,,,,
15,,50539,,,,,,,,,,3.7420541048049927e-06,,9.718351066112518e-07,,0.2054777443408966,,0.26568126678466797,,0.08005083352327347,,0.025029685348272324,0.0486554279923439,,,,,,,,,,,,,,
15,,50549,,,,,,,,,,2.3115426301956177e-06,,1.055654138326645e-06,,0.2185732126235962,,0.26255279779434204,,0.08292510360479355,,0.02427421510219574,0.04863456264138222,,,,,,,,,,,,,,
15,,50559,,,,,,,,,,5.191192030906677e-06,,1.0370276868343353e-06,,0.2873835861682892,,0.25527504086494446,,0.07878051698207855,,0.02650720626115799,0.049997758120298386,,,,,,,,,,,,,,
15,,50569,,,,,,,,,,3.0491501092910767e-06,,1.1720694601535797e-06,,0.23529350757598877,,0.2468947172164917,,0.08174045383930206,,0.026034114882349968,0.04919447749853134,,,,,,,,,,,,,,
15,,50579,,,,,,,,,,1.5068799257278442e-06,,8.014030754566193e-07,,0.2636621296405792,,0.26307493448257446,,0.07558628171682358,,0.022655805572867393,0.04659708961844444,,,,,,,,,,,,,,
15,,50589,,,,,,,,,,3.1776726245880127e-06,,7.944181561470032e-07,,0.2382553219795227,,0.2692452073097229,,0.08905337005853653,,0.03218511864542961,0.05626301467418671,,,,,,,,,,,,,,
15,,50599,,,,,,,,,,1.8030405044555664e-06,,1.0328367352485657e-06,,0.238834410905838,,0.25792890787124634,,0.07978830486536026,,0.023479189723730087,0.04747055098414421,,,,,,,,,,,,,,
15,,50609,,,,,,,,,,2.0507723093032837e-06,,1.1594966053962708e-06,,0.26794177293777466,,0.25595998764038086,,0.0742652490735054,,0.02320048213005066,0.04647451639175415,,,,,,,,,,,,,,
15,,50619,,,,,,,,,,1.2088567018508911e-06,,9.541399776935577e-07,,0.2518397867679596,,0.2511896789073944,,0.08998270332813263,,0.028808007016777992,0.05321652069687843,,,,,,,,,,,,,,
15,,50629,,,,,,,,,,1.9073486328125e-06,,1.2423843145370483e-06,,0.2904166579246521,,0.2628350257873535,,0.084386445581913,,0.032397691160440445,0.055858079344034195,,,,,,,,,,,,,,
15,,50639,,,,,,,,,,1.8328428268432617e-06,,1.3131648302078247e-06,,0.2313424050807953,,0.25896286964416504,,0.07812531292438507,,0.02792368456721306,0.050453510135412216,,,,,,,,,,,,,,
15,,50649,,,,,,,,,,1.6614794731140137e-06,,7.795169949531555e-07,,0.2081846296787262,,0.25699201226234436,,0.07677249610424042,,0.02694018743932247,0.04909813776612282,,,,,,,,,,,,,,
15,,50659,,,,,,,,,,1.734122633934021e-06,,9.578652679920197e-07,,0.2913755178451538,,0.2455926239490509,,0.06186632066965103,,0.018052443861961365,0.040075767785310745,,,,,,,,,,,,,,
15,,50669,,,,,,,,,,2.9634684324264526e-06,,1.2433156371116638e-06,,0.26900559663772583,,0.2619073987007141,,0.0744350254535675,,0.024717286229133606,0.04793556034564972,,,,,,,,,,,,,,
15,,50679,,,,,,,,,,2.1047890186309814e-06,,1.2512318789958954e-06,,0.22444655001163483,,0.2537970542907715,,0.08948910236358643,,0.023867834359407425,0.049219075590372086,,,,,,,,,,,,,,
15,,50689,,,,,,,,,,2.8330832719802856e-06,,1.1264346539974213e-06,,0.23693668842315674,,0.24876290559768677,,0.09272342920303345,,0.03214515745639801,0.055945541709661484,,,,,,,,,,,,,,
15,,50699,,,,,,,,,,1.996755599975586e-06,,1.0156072676181793e-06,,0.2524356544017792,,0.2569206953048706,,0.08403579890727997,,0.026028478518128395,0.05029173940420151,,,,,,,,,,,,,,
15,,50709,,,,,,,,,,1.560896635055542e-06,,1.2936070561408997e-06,,0.29221487045288086,,0.25433021783828735,,0.08346594870090485,,0.028605863451957703,0.05246319994330406,,,,,,,,,,,,,,
15,,50719,,,,,,,,,,1.9725412130355835e-06,,1.037493348121643e-06,,0.21421842277050018,,0.2727125883102417,,0.07703734934329987,,0.025544600561261177,0.048908673226833344,,,,,,,,,,,,,,
15,,50729,,,,,,,,,,1.4416873455047607e-06,,1.96089968085289e-06,,0.20374920964241028,,0.27424687147140503,,0.07715025544166565,,0.02676306664943695,0.049793146550655365,,,,,,,,,,,,,,
15,,50739,,,,,,,,,,2.9746443033218384e-06,,8.516944944858551e-07,,0.263182669878006,,0.257264643907547,,0.0729386955499649,,0.021204859018325806,0.04473402723670006,,,,,,,,,,,,,,
15,,50749,,,,,,,,,,3.887340426445007e-06,,6.221234798431396e-07,,0.2616543769836426,,0.24637219309806824,,0.07719918340444565,,0.02746094949543476,0.04969765245914459,,,,,,,,,,,,,,
15,,50759,,,,,,,,,,2.132728695869446e-06,,1.1427327990531921e-06,,0.21568748354911804,,0.2627280056476593,,0.0824502557516098,,0.022461112588644028,0.047159742563962936,,,,,,,,,,,,,,
15,,50769,,,,,,,,,,2.985820174217224e-06,,8.479692041873932e-07,,0.27119413018226624,,0.2682967185974121,,0.0797341912984848,,0.028637895360589027,0.05219579488039017,,,,,,,,,,,,,,
15,,50779,,,,,,,,,,1.4081597328186035e-06,,1.8263235688209534e-06,,0.30995023250579834,,0.23449644446372986,,0.06845828145742416,,0.01975424773991108,0.04228619113564491,,,,,,,,,,,,,,
15,,50789,,,,,,,,,,1.9203871488571167e-06,,7.59027898311615e-07,,0.22027821838855743,,0.28275156021118164,,0.08503877371549606,,0.026948776096105576,0.052004411816596985,,,,,,,,,,,,,,
15,,50799,,,,,,,,,,1.4025717973709106e-06,,1.7522834241390228e-06,,0.2700446844100952,,0.25135090947151184,,0.06851854920387268,,0.020455975085496902,0.04314640909433365,,,,,,,,,,,,,,
15,,50809,,,,,,,,,,1.8849968910217285e-06,,1.1222437024116516e-06,,0.19653832912445068,,0.27143335342407227,,0.08003756403923035,,0.02299484796822071,0.0472913533449173,,,,,,,,,,,,,,
15,,50819,,,,,,,,,,1.7676502466201782e-06,,1.301988959312439e-06,,0.24012288451194763,,0.25792235136032104,,0.06384812295436859,,0.019365161657333374,0.041409559547901154,,,,,,,,,,,,,,
15,,50829,,,,,,,,,,2.60770320892334e-06,,2.4116598069667816e-06,,0.23979158699512482,,0.2373737394809723,,0.09006131440401077,,0.02641361579298973,0.05064603313803673,,,,,,,,,,,,,,
15,,50839,,,,,,,,,,2.644956111907959e-06,,9.033828973770142e-07,,0.2662660479545593,,0.25607284903526306,,0.07530565559864044,,0.0222503412514925,0.0459425114095211,,,,,,,,,,,,,,
15,,50849,,,,,,,,,,2.391636371612549e-06,,1.578591763973236e-06,,0.25773489475250244,,0.2417914867401123,,0.0740964263677597,,0.0234973207116127,0.04588158801198006,,,,,,,,,,,,,,
15,,50859,,,,,,,,,,3.859400749206543e-06,,7.986091077327728e-07,,0.2569182515144348,,0.26130232214927673,,0.07173024117946625,,0.025715963914990425,0.04800742492079735,,,,,,,,,,,,,,
15,,50869,,,,,,,,,,1.8961727619171143e-06,,2.0479783415794373e-06,,0.22429385781288147,,0.27489936351776123,,0.08969598263502121,,0.03180684149265289,0.056201208382844925,,,,,,,,,,,,,,
15,,50879,,,,,,,,,,2.2836029529571533e-06,,7.380731403827667e-07,,0.2461092472076416,,0.27328360080718994,,0.0768597424030304,,0.02640167996287346,0.04991891235113144,,,,,,,,,,,,,,
15,,50889,,,,,,,,,,1.8309801816940308e-06,,8.204951882362366e-07,,0.2600279152393341,,0.24041888117790222,,0.07172849774360657,,0.01944742165505886,0.04236184060573578,,,,,,,,,,,,,,
15,,50899,,,,,,,,,,4.334375262260437e-06,,9.275972843170166e-07,,0.22839513421058655,,0.2562335729598999,,0.07445693016052246,,0.025183629244565964,0.047547467052936554,,,,,,,,,,,,,,
15,,50909,,,,,,,,,,1.7695128917694092e-06,,1.51805579662323e-06,,0.2326660454273224,,0.25406938791275024,,0.0867091566324234,,0.03423943370580673,0.05658742040395737,,,,,,,,,,,,,,
15,,50919,,,,,,,,,,1.8496066331863403e-06,,8.717179298400879e-07,,0.2602465748786926,,0.25690722465515137,,0.08882470428943634,,0.02948882430791855,0.05387670174241066,,,,,,,,,,,,,,
15,,50929,,,,,,,,,,1.734122633934021e-06,,9.792856872081757e-07,,0.23997065424919128,,0.2567983567714691,,0.0797346755862236,,0.020995358005166054,0.045557472854852676,,,,,,,,,,,,,,
15,,50939,,,,,,,,,,1.9315630197525024e-06,,1.1995434761047363e-06,,0.27106451988220215,,0.26144251227378845,,0.07434599101543427,,0.021317096427083015,0.0453704334795475,,,,,,,,,,,,,,
15,,50949,,,,,,,,,,6.038695573806763e-06,,1.3690441846847534e-06,,0.26561981439590454,,0.26975953578948975,,0.0629846602678299,,0.019096311181783676,0.04189980402588844,,,,,,,,,,,,,,
15,,50959,,,,,,,,,,1.944601535797119e-06,,9.73232090473175e-07,,0.25656750798225403,,0.25330889225006104,,0.07329750061035156,,0.025013823062181473,0.0473957322537899,,,,,,,,,,,,,,
15,,50969,,,,,,,,,,1.9259750843048096e-06,,9.825453162193298e-07,,0.2318435162305832,,0.27248215675354004,,0.08613906055688858,,0.02615934982895851,0.05127262696623802,,,,,,,,,,,,,,
15,,50975,,,,,,,,,,,,,,,,,,,,,,0.9838916063308716,1.0,1.0,0.9388084411621094,0.9072619080543518,0.9728413820266724,0.9920697212219238,0.05047159641981125,0.0,2.9802322387695312e-08,0.24312752485275269,0.25875014066696167,0.08610305935144424,0.025782510638237
15,,50975,0.9840245246887207,1.0,1.0,0.9394984245300293,0.9072843194007874,0.9735852479934692,0.992048978805542,0.047330956906080246,2.3559880446555326e-06,,1.223851654685859e-06,,0.24296244978904724,,0.25917187333106995,,0.07700049877166748,,0.02384784445166588,,,,,,,,,,,,,,,,
,2.86474508437579e-05,50976,,,,,,,,,,,,,,,,,,,,,,,,,,,,,,,,,,,
16,,50979,,,,,,,,,,2.0079314708709717e-06,,1.0048970580101013e-06,,0.23434944450855255,,0.2600777745246887,,0.07784648984670639,,0.02257561683654785,0.046476710587739944,,,,,,,,,,,,,,
16,,50989,,,,,,,,,,1.3746321201324463e-06,,1.133885234594345e-06,,0.24411027133464813,,0.2428746372461319,,0.08158421516418457,,0.025743752717971802,0.04886220395565033,,,,,,,,,,,,,,
16,,50999,,,,,,,,,,2.0060688257217407e-06,,8.740462362766266e-07,,0.23195046186447144,,0.25304514169692993,,0.07591967284679413,,0.02275988832116127,0.04589572548866272,,,,,,,,,,,,,,
16,,51009,,,,,,,,,,2.263113856315613e-06,,2.0759180188179016e-06,,0.2928522825241089,,0.26278969645500183,,0.07291929423809052,,0.022416794672608376,0.04624639451503754,,,,,,,,,,,,,,
16,,51019,,,,,,,,,,5.261972546577454e-06,,1.4347024261951447e-06,,0.24456886947155,,0.24450254440307617,,0.06801405549049377,,0.024922166019678116,0.04578254371881485,,,,,,,,,,,,,,
16,,51029,,,,,,,,,,2.738088369369507e-06,,9.899958968162537e-07,,0.28293246030807495,,0.2590767741203308,,0.07862219214439392,,0.026020236313343048,0.04972882568836212,,,,,,,,,,,,,,
16,,51039,,,,,,,,,,1.4547258615493774e-06,,9.061768651008606e-07,,0.2402995526790619,,0.270455002784729,,0.0756361186504364,,0.02325650304555893,0.04712924733757973,,,,,,,,,,,,,,
16,,51049,,,,,,,,,,2.559274435043335e-06,,8.209608495235443e-07,,0.19208644330501556,,0.26231861114501953,,0.07747122645378113,,0.021752217784523964,0.045398302376270294,,,,,,,,,,,,,,
16,,51059,,,,,,,,,,1.912936568260193e-06,,1.926906406879425e-06,,0.2410748153924942,,0.25542762875556946,,0.06782875955104828,,0.023229926824569702,0.04494958370923996,,,,,,,,,,,,,,
16,,51069,,,,,,,,,,6.573274731636047e-06,,7.459893822669983e-07,,0.2569667100906372,,0.2494123876094818,,0.07707060873508453,,0.024796992540359497,0.047762688249349594,,,,,,,,,,,,,,
16,,51079,,,,,,,,,,2.644956111907959e-06,,1.0807998478412628e-06,,0.2599520683288574,,0.243807852268219,,0.07025717198848724,,0.0231044739484787,0.04498737305402756,,,,,,,,,,,,,,
16,,51089,,,,,,,,,,2.041459083557129e-06,,1.6628764569759369e-06,,0.22141960263252258,,0.2643747329711914,,0.0704193264245987,,0.02424377202987671,0.046385109424591064,,,,,,,,,,,,,,
16,,51099,,,,,,,,,,2.045184373855591e-06,,1.659151166677475e-06,,0.27702057361602783,,0.25612950325012207,,0.06505221128463745,,0.020991750061511993,0.043204061686992645,,,,,,,,,,,,,,
16,,51109,,,,,,,,,,2.3227185010910034e-06,,1.8016435205936432e-06,,0.2675156593322754,,0.25688794255256653,,0.07632892578840256,,0.024600300937891006,0.04795018211007118,,,,,,,,,,,,,,
16,,51119,,,,,,,,,,1.94646418094635e-06,,1.0547228157520294e-06,,0.22939878702163696,,0.2701703906059265,,0.07424753904342651,,0.02112903818488121,0.04513172060251236,,,,,,,,,,,,,,
16,,51129,,,,,,,,,,1.5981495380401611e-06,,2.521555870771408e-06,,0.23297861218452454,,0.2862085700035095,,0.08125322312116623,,0.023749403655529022,0.049205295741558075,,,,,,,,,,,,,,
16,,51139,,,,,,,,,,1.55717134475708e-06,,7.003545761108398e-07,,0.21839958429336548,,0.2548017203807831,,0.07774554193019867,,0.025524377822875977,0.04823555424809456,,,,,,,,,,,,,,
16,,51149,,,,,,,,,,1.6726553440093994e-06,,1.1743977665901184e-06,,0.25482529401779175,,0.23981785774230957,,0.061541974544525146,,0.016704430803656578,0.03830449655652046,,,,,,,,,,,,,,
16,,51159,,,,,,,,,,1.7043203115463257e-06,,1.5962868928909302e-06,,0.2734091281890869,,0.2543591260910034,,0.07190332561731339,,0.024229668080806732,0.0467926524579525,,,,,,,,,,,,,,
16,,51169,,,,,,,,,,1.2703239917755127e-06,,1.546461135149002e-06,,0.23627012968063354,,0.25904402136802673,,0.07162053883075714,,0.02234901674091816,0.04511311277747154,,,,,,,,,,,,,,
16,,51179,,,,,,,,,,1.6968697309494019e-06,,1.2302771210670471e-06,,0.2108757346868515,,0.2671256959438324,,0.07961374521255493,,0.021940484642982483,0.04638698697090149,,,,,,,,,,,,,,
16,,51189,,,,,,,,,,1.4584511518478394e-06,,8.014030754566193e-07,,0.2485424280166626,,0.25776076316833496,,0.0885833278298378,,0.030620740726590157,0.05458340048789978,,,,,,,,,,,,,,
16,,51199,,,,,,,,,,2.1494925022125244e-06,,1.0025687515735626e-06,,0.2546500861644745,,0.26149463653564453,,0.09152299165725708,,0.027195770293474197,0.05281203240156174,,,,,,,,,,,,,,
16,,51209,,,,,,,,,,1.909211277961731e-06,,1.096632331609726e-06,,0.272257536649704,,0.24780166149139404,,0.07796964049339294,,0.024056918919086456,0.04747981205582619,,,,,,,,,,,,,,
16,,51219,,,,,,,,,,1.9334256649017334e-06,,8.479692041873932e-07,,0.29198920726776123,,0.242344468832016,,0.070798859000206,,0.02321096509695053,0.04547576606273651,,,,,,,,,,,,,,
16,,51229,,,,,,,,,,1.7099082469940186e-06,,2.8596259653568268e-06,,0.2130601704120636,,0.26873499155044556,,0.08065872639417648,,0.028671201318502426,0.05173330381512642,,,,,,,,,,,,,,
16,,51239,,,,,,,,,,1.564621925354004e-06,,8.526258170604706e-07,,0.27575698494911194,,0.23879152536392212,,0.06045403331518173,,0.018886806443333626,0.03993486613035202,,,,,,,,,,,,,,
16,,51249,,,,,,,,,,1.3690441846847534e-06,,9.317882359027863e-07,,0.24854740500450134,,0.25394031405448914,,0.07627176493406296,,0.027307817712426186,0.04961005225777626,,,,,,,,,,,,,,
16,,51259,,,,,,,,,,1.3317912817001343e-06,,8.959323167800903e-07,,0.24258092045783997,,0.2424192577600479,,0.10658241808414459,,0.03679794818162918,0.0618039034307003,,,,,,,,,,,,,,
16,,51269,,,,,,,,,,1.903623342514038e-06,,1.178588718175888e-06,,0.26925063133239746,,0.25256794691085815,,0.07473349571228027,,0.022226573899388313,0.045688021928071976,,,,,,,,,,,,,,
16,,51279,,,,,,,,,,4.740431904792786e-06,,5.08967787027359e-07,,0.21541443467140198,,0.28131866455078125,,0.0751868337392807,,0.027593262493610382,0.05051601678133011,,,,,,,,,,,,,,
16,,51289,,,,,,,,,,3.643333911895752e-06,,7.227063179016113e-07,,0.26762038469314575,,0.2520151138305664,,0.06508375704288483,,0.01664731092751026,0.03964775800704956,,,,,,,,,,,,,,
16,,51299,,,,,,,,,,1.5106052160263062e-06,,1.2256205081939697e-06,,0.20501556992530823,,0.26088374853134155,,0.0764651671051979,,0.01910046860575676,0.043304599821567535,,,,,,,,,,,,,,
16,,51309,,,,,,,,,,1.6987323760986328e-06,,9.32253897190094e-07,,0.28291910886764526,,0.25630706548690796,,0.07139123976230621,,0.020755652338266373,0.04429326578974724,,,,,,,,,,,,,,
16,,51319,,,,,,,,,,1.646578311920166e-06,,9.043142199516296e-07,,0.2837066650390625,,0.2496609091758728,,0.07507771253585815,,0.020264260470867157,0.04431363195180893,,,,,,,,,,,,,,
16,,51329,,,,,,,,,,1.9315630197525024e-06,,1.0975636541843414e-06,,0.2527610659599304,,0.2681327760219574,,0.07215829193592072,,0.024874534457921982,0.047728005796670914,,,,,,,,,,,,,,
16,,51339,,,,,,,,,,4.289671778678894e-06,,1.6777776181697845e-06,,0.30654147267341614,,0.24800550937652588,,0.07915390282869339,,0.022246234118938446,0.046754997223615646,,,,,,,,,,,,,,
16,,51349,,,,,,,,,,2.1476298570632935e-06,,8.824281394481659e-07,,0.2743343114852905,,0.24351704120635986,,0.07459869235754013,,0.01968931220471859,0.043394554406404495,,,,,,,,,,,,,,
16,,51359,,,,,,,,,,1.7490237951278687e-06,,1.5469267964363098e-06,,0.26941046118736267,,0.24534665048122406,,0.06255218386650085,,0.02008664608001709,0.04146142676472664,,,,,,,,,,,,,,
16,,51369,,,,,,,,,,1.6298145055770874e-06,,1.2852251529693604e-06,,0.24721434712409973,,0.2585430145263672,,0.06775421649217606,,0.01965307630598545,0.04247034341096878,,,,,,,,,,,,,,
16,,51379,,,,,,,,,,1.689419150352478e-06,,8.665956556797028e-07,,0.21190206706523895,,0.27460065484046936,,0.08438554406166077,,0.033785730600357056,0.05653052777051926,,,,,,,,,,,,,,
16,,51389,,,,,,,,,,1.1650845408439636e-05,,6.184447556734085e-06,,0.27973419427871704,,0.24712146818637848,,0.0766034722328186,,0.023496944457292557,0.04685927927494049,,,,,,,,,,,,,,
16,,51399,,,,,,,,,,3.118067979812622e-06,,1.8049031496047974e-06,,0.22963178157806396,,0.26400676369667053,,0.08332320302724838,,0.021838946267962456,0.04708012938499451,,,,,,,,,,,,,,
16,,51409,,,,,,,,,,2.3730099201202393e-06,,9.513460099697113e-07,,0.20744740962982178,,0.28661927580833435,,0.09368633478879929,,0.031829752027988434,0.057318802922964096,,,,,,,,,,,,,,
16,,51419,,,,,,,,,,1.9781291484832764e-06,,7.343478500843048e-07,,0.28100964426994324,,0.25010669231414795,,0.07784520089626312,,0.02468791790306568,0.0481405034661293,,,,,,,,,,,,,,
16,,51429,,,,,,,,,,2.3953616619110107e-06,,6.388872861862183e-07,,0.2368669956922531,,0.27025240659713745,,0.08653395622968674,,0.026859529316425323,0.05182628706097603,,,,,,,,,,,,,,
16,,51439,,,,,,,,,,1.4919787645339966e-06,,2.7013011276721954e-06,,0.2801240384578705,,0.25624847412109375,,0.07365186512470245,,0.02539505809545517,0.04816213995218277,,,,,,,,,,,,,,
16,,51449,,,,,,,,,,1.821666955947876e-06,,1.0044313967227936e-06,,0.23729322850704193,,0.2655397951602936,,0.07121384143829346,,0.01920558698475361,0.04299524426460266,,,,,,,,,,,,,,
16,,51459,,,,,,,,,,1.3113021850585938e-06,,2.110842615365982e-06,,0.2254275530576706,,0.2753353714942932,,0.0612061470746994,,0.023810917511582375,0.044893380254507065,,,,,,,,,,,,,,
16,,51469,,,,,,,,,,2.7939677238464355e-06,,1.3504177331924438e-06,,0.244441956281662,,0.2598450183868408,,0.07239077985286713,,0.01800188235938549,0.0421297624707222,,,,,,,,,,,,,,
16,,51479,,,,,,,,,,5.751848220825195e-06,,7.906928658485413e-07,,0.27496838569641113,,0.24622967839241028,,0.08469770848751068,,0.027788806706666946,0.05149930715560913,,,,,,,,,,,,,,
16,,51489,,,,,,,,,,1.9371509552001953e-06,,7.865019142627716e-07,,0.24212616682052612,,0.2582980990409851,,0.06792955845594406,,0.01938151940703392,0.04222838208079338,,,,,,,,,,,,,,
16,,51499,,,,,,,,,,2.041459083557129e-06,,6.448477506637573e-06,,0.27873480319976807,,0.25157326459884644,,0.07661627978086472,,0.02256452478468418,0.04635920375585556,,,,,,,,,,,,,,
16,,51509,,,,,,,,,,2.0693987607955933e-06,,1.9907020032405853e-06,,0.2696741819381714,,0.24870221316814423,,0.06552612781524658,,0.020640917122364044,0.042595405131578445,,,,,,,,,,,,,,
16,,51519,,,,,,,,,,1.6260892152786255e-06,,7.962808012962341e-07,,0.22214189171791077,,0.2712157070636749,,0.07643233984708786,,0.02007744088768959,0.04471652954816818,,,,,,,,,,,,,,
16,,51529,,,,,,,,,,1.7900019884109497e-06,,9.029172360897064e-07,,0.29823243618011475,,0.24045059084892273,,0.06570332497358322,,0.02142971381545067,0.04316823557019234,,,,,,,,,,,,,,
16,,51539,,,,,,,,,,2.78279185295105e-06,,7.399357855319977e-07,,0.2536541223526001,,0.2499334216117859,,0.06048588827252388,,0.01909000426530838,0.040356602519750595,,,,,,,,,,,,,,
16,,51549,,,,,,,,,,2.1383166313171387e-06,,1.9082799553871155e-06,,0.2608003616333008,,0.24702617526054382,,0.08803243935108185,,0.029379747807979584,0.053189489990472794,,,,,,,,,,,,,,
16,,51559,,,,,,,,,,2.9318034648895264e-06,,6.463378667831421e-07,,0.19748660922050476,,0.2821497321128845,,0.07870625704526901,,0.025594180449843407,0.049505215138196945,,,,,,,,,,,,,,
16,,51569,,,,,,,,,,1.8775463104248047e-06,,7.776543498039246e-07,,0.2598884701728821,,0.24407070875167847,,0.0782012790441513,,0.022093329578638077,0.045730285346508026,,,,,,,,,,,,,,
16,,51579,,,,,,,,,,2.251937985420227e-06,,1.053791493177414e-06,,0.24322274327278137,,0.26892417669296265,,0.06903452426195145,,0.02279754728078842,0.04550933837890625,,,,,,,,,,,,,,
16,,51589,,,,,,,,,,2.428889274597168e-06,,1.4095567166805267e-06,,0.26306670904159546,,0.25805097818374634,,0.0712238997220993,,0.019298920407891273,0.04301813244819641,,,,,,,,,,,,,,
16,,51599,,,,,,,,,,2.5872141122817993e-06,,1.1492520570755005e-06,,0.2670770585536957,,0.26845622062683105,,0.07128933817148209,,0.020898539572954178,0.04476528242230415,,,,,,,,,,,,,,
16,,51609,,,,,,,,,,2.4046748876571655e-06,,1.0151416063308716e-06,,0.24380707740783691,,0.25917577743530273,,0.07505038380622864,,0.022044798359274864,0.04562266916036606,,,,,,,,,,,,,,
16,,51619,,,,,,,,,,1.8328428268432617e-06,,7.916241884231567e-07,,0.25953835248947144,,0.2482401430606842,,0.07611185312271118,,0.02208581753075123,0.045524172484874725,,,,,,,,,,,,,,
16,,51629,,,,,,,,,,1.8924474716186523e-06,,7.89295881986618e-07,,0.24871540069580078,,0.2558854818344116,,0.07099469006061554,,0.020647894591093063,0.04371736943721771,,,,,,,,,,,,,,
16,,51639,,,,,,,,,,1.3243407011032104e-06,,1.048203557729721e-06,,0.2407495528459549,,0.27435076236724854,,0.08306640386581421,,0.025027675554156303,0.05003940686583519,,,,,,,,,,,,,,
16,,51649,,,,,,,,,,1.991167664527893e-06,,1.4365650713443756e-06,,0.2165410816669464,,0.2624741196632385,,0.08131949603557587,,0.02552340179681778,0.049243051558732986,,,,,,,,,,,,,,
16,,51659,,,,,,,,,,1.2293457984924316e-06,,1.066364347934723e-06,,0.21382451057434082,,0.2776433229446411,,0.07314381748437881,,0.017112791538238525,0.0420796237885952,,,,,,,,,,,,,,
16,,51669,,,,,,,,,,3.2689422369003296e-06,,7.962808012962341e-07,,0.269003689289093,,0.2722216248512268,,0.08154191076755524,,0.024756785482168198,0.04978163167834282,,,,,,,,,,,,,,
16,,51679,,,,,,,,,,2.8032809495925903e-06,,9.206123650074005e-07,,0.2468419224023819,,0.25486695766448975,,0.08065128326416016,,0.022521711885929108,0.04686441645026207,,,,,,,,,,,,,,
16,,51689,,,,,,,,,,2.4177134037017822e-06,,9.122304618358612e-07,,0.26261192560195923,,0.25163859128952026,,0.05869583785533905,,0.01713050901889801,0.038735855370759964,,,,,,,,,,,,,,
16,,51699,,,,,,,,,,2.088025212287903e-06,,8.842907845973969e-07,,0.23821452260017395,,0.250382661819458,,0.06855910271406174,,0.022937435656785965,0.04459706321358681,,,,,,,,,,,,,,
16,,51709,,,,,,,,,,1.5739351511001587e-06,,2.852175384759903e-06,,0.25803160667419434,,0.2394939363002777,,0.056304991245269775,,0.017376607283949852,0.037848979234695435,,,,,,,,,,,,,,
16,,51719,,,,,,,,,,1.4379620552062988e-06,,9.30391252040863e-07,,0.28191429376602173,,0.24451088905334473,,0.08055145293474197,,0.02676711603999138,0.0499560683965683,,,,,,,,,,,,,,
16,,51729,,,,,,,,,,1.6111880540847778e-06,,1.308973878622055e-06,,0.23526261746883392,,0.24709510803222656,,0.07584211975336075,,0.023519068956375122,0.04621055722236633,,,,,,,,,,,,,,
16,,51739,,,,,,,,,,1.5087425708770752e-06,,8.139759302139282e-07,,0.2574692964553833,,0.26216065883636475,,0.07422943413257599,,0.022820059210062027,0.0463503822684288,,,,,,,,,,,,,,
16,,51749,,,,,,,,,,1.5106052160263062e-06,,1.028645783662796e-06,,0.20466768741607666,,0.2776961028575897,,0.08001475781202316,,0.021411119028925896,0.04648791253566742,,,,,,,,,,,,,,
16,,51759,,,,,,,,,,1.914799213409424e-06,,6.146728992462158e-07,,0.26354923844337463,,0.2547328472137451,,0.07101787626743317,,0.021598298102617264,0.04455452784895897,,,,,,,,,,,,,,
16,,51769,,,,,,,,,,1.5050172805786133e-06,,1.3383105397224426e-06,,0.2694332003593445,,0.2563294768333435,,0.07512727379798889,,0.023842256516218185,0.04715244099497795,,,,,,,,,,,,,,
16,,51779,,,,,,,,,,1.8514692783355713e-06,,6.780028343200684e-07,,0.2223851978778839,,0.26259928941726685,,0.07804802060127258,,0.024198900908231735,0.04771025478839874,,,,,,,,,,,,,,
16,,51789,,,,,,,,,,1.6801059246063232e-06,,1.3047829270362854e-06,,0.24085041880607605,,0.2646818161010742,,0.06250706315040588,,0.020970543846488,0.04268783703446388,,,,,,,,,,,,,,
16,,51799,,,,,,,,,,2.8852373361587524e-06,,7.026828825473785e-07,,0.2669984698295593,,0.24500076472759247,,0.07465419173240662,,0.01986885815858841,0.04352323338389397,,,,,,,,,,,,,,
16,,51809,,,,,,,,,,2.168118953704834e-06,,1.1329539120197296e-06,,0.200250506401062,,0.26261985301971436,,0.07004231959581375,,0.023326359689235687,0.04529576003551483,,,,,,,,,,,,,,
16,,51819,,,,,,,,,,3.876164555549622e-06,,1.041218638420105e-06,,0.22905540466308594,,0.25192028284072876,,0.058114923536777496,,0.01666615903377533,0.037898432463407516,,,,,,,,,,,,,,
16,,51829,,,,,,,,,,4.082918167114258e-06,,1.0835938155651093e-06,,0.2520272433757782,,0.2593565285205841,,0.06204059347510338,,0.017621789127588272,0.03996950015425682,,,,,,,,,,,,,,
16,,51839,,,,,,,,,,1.5497207641601562e-06,,1.1711381375789642e-06,,0.2327485978603363,,0.25321951508522034,,0.08952458947896957,,0.0314694344997406,0.05499855801463127,,,,,,,,,,,,,,
16,,51849,,,,,,,,,,1.7974525690078735e-06,,7.417984306812286e-07,,0.27854979038238525,,0.2537941336631775,,0.08277416229248047,,0.026321131736040115,0.0504341796040535,,,,,,,,,,,,,,
16,,51859,,,,,,,,,,2.2239983081817627e-06,,8.349306881427765e-07,,0.20865358412265778,,0.27344056963920593,,0.07653719186782837,,0.024699324741959572,0.04814966395497322,,,,,,,,,,,,,,
16,,51869,,,,,,,,,,2.3189932107925415e-06,,1.3569369912147522e-06,,0.21659430861473083,,0.2638956606388092,,0.07721030712127686,,0.025130819529294968,0.048245158046483994,,,,,,,,,,,,,,
16,,51879,,,,,,,,,,2.4605542421340942e-06,,9.792856872081757e-07,,0.2167440950870514,,0.2579006552696228,,0.08960767835378647,,0.02630615420639515,0.05117261782288551,,,,,,,,,,,,,,
16,,51889,,,,,,,,,,2.259388566017151e-06,,8.810311555862427e-07,,0.20206981897354126,,0.27408209443092346,,0.07353979349136353,,0.02352052368223667,0.04665610194206238,,,,,,,,,,,,,,
16,,51899,,,,,,,,,,3.162771463394165e-06,,2.6891939342021942e-06,,0.27406632900238037,,0.25835567712783813,,0.07691936939954758,,0.021023552864789963,0.04552330821752548,,,,,,,,,,,,,,
16,,51909,,,,,,,,,,2.9578804969787598e-06,,9.345822036266327e-07,,0.25574415922164917,,0.24344664812088013,,0.0946401059627533,,0.027160752564668655,0.0525369830429554,,,,,,,,,,,,,,
16,,51919,,,,,,,,,,2.8442591428756714e-06,,1.2093223631381989e-06,,0.24532699584960938,,0.2568332850933075,,0.07978504151105881,,0.027561847120523453,0.050557415932416916,,,,,,,,,,,,,,
16,,51929,,,,,,,,,,2.6281923055648804e-06,,1.3578683137893677e-06,,0.24134671688079834,,0.2589297294616699,,0.05765713378787041,,0.01702049747109413,0.03855111449956894,,,,,,,,,,,,,,
16,,51939,,,,,,,,,,1.471489667892456e-06,,1.084059476852417e-06,,0.2586263120174408,,0.24701350927352905,,0.07349982857704163,,0.023506756871938705,0.04603206366300583,,,,,,,,,,,,,,
16,,51949,,,,,,,,,,2.678483724594116e-06,,1.0496005415916443e-06,,0.2624852657318115,,0.2564592957496643,,0.08317007124423981,,0.024173632264137268,0.048834074288606644,,,,,,,,,,,,,,
16,,51959,,,,,,,,,,1.8794089555740356e-06,,1.8491409718990326e-06,,0.20864054560661316,,0.2658771872520447,,0.07077896595001221,,0.01710088923573494,0.04101474583148956,,,,,,,,,,,,,,
16,,51969,,,,,,,,,,9.082257747650146e-06,,1.0025687515735626e-06,,0.21527421474456787,,0.27357017993927,,0.07603905349969864,,0.02770330384373665,0.05039346590638161,,,,,,,,,,,,,,
16,,51979,,,,,,,,,,2.428889274597168e-06,,9.899958968162537e-07,,0.24233181774616241,,0.25218096375465393,,0.06854232400655746,,0.017499353736639023,0.04064694046974182,,,,,,,,,,,,,,
16,,51989,,,,,,,,,,3.5371631383895874e-06,,9.923242032527924e-07,,0.23907676339149475,,0.2627635896205902,,0.09809615463018417,,0.030253347009420395,0.05621549114584923,,,,,,,,,,,,,,
16,,51999,,,,,,,,,,2.648681402206421e-06,,1.1492520570755005e-06,,0.21755827963352203,,0.2670443654060364,,0.0706833079457283,,0.019022271037101746,0.042597446590662,,,,,,,,,,,,,,
16,,52009,,,,,,,,,,1.8756836652755737e-06,,1.73225998878479e-06,,0.2503855526447296,,0.2524297535419464,,0.05806318297982216,,0.017817767336964607,0.03902655467391014,,,,,,,,,,,,,,
16,,52019,,,,,,,,,,1.9837170839309692e-06,,9.564682841300964e-07,,0.22928884625434875,,0.25569742918014526,,0.0749402642250061,,0.02331962250173092,0.04622510448098183,,,,,,,,,,,,,,
16,,52029,,,,,,,,,,1.2814998626708984e-06,,1.0547228157520294e-06,,0.2806168496608734,,0.24956989288330078,,0.06701063364744186,,0.022752806544303894,0.04462706670165062,,,,,,,,,,,,,,
16,,52039,,,,,,,,,,2.6654452085494995e-06,,1.35740265250206e-06,,0.26252907514572144,,0.2632565498352051,,0.07228127121925354,,0.01855604350566864,0.04289691522717476,,,,,,,,,,,,,,
16,,52049,,,,,,,,,,3.915280103683472e-06,,1.421663910150528e-06,,0.26481351256370544,,0.24747788906097412,,0.06389250606298447,,0.019546570256352425,0.04135368391871452,,,,,,,,,,,,,,
16,,52059,,,,,,,,,,1.5422701835632324e-06,,5.946028977632523e-06,,0.2599143981933594,,0.2701128125190735,,0.0784604623913765,,0.022573012858629227,0.04736008495092392,,,,,,,,,,,,,,
16,,52069,,,,,,,,,,1.1119991540908813e-06,,9.052455425262451e-07,,0.266480028629303,,0.25974440574645996,,0.06360109150409698,,0.020029310137033463,0.042255837470293045,,,,,,,,,,,,,,
16,,52079,,,,,,,,,,1.2088567018508911e-06,,9.532086551189423e-07,,0.23404300212860107,,0.2571081221103668,,0.07255083322525024,,0.020331937819719315,0.04365753382444382,,,,,,,,,,,,,,
16,,52089,,,,,,,,,,1.0486692190170288e-06,,8.754432201385498e-07,,0.2521663308143616,,0.2507665753364563,,0.07441233098506927,,0.0205240361392498,0.04406585916876793,,,,,,,,,,,,,,
16,,52099,,,,,,,,,,2.253800630569458e-06,,1.1604279279708862e-06,,0.2632211446762085,,0.25527864694595337,,0.07909943163394928,,0.02423553168773651,0.04807034134864807,,,,,,,,,,,,,,
16,,52109,,,,,,,,,,1.780688762664795e-06,,7.944181561470032e-07,,0.21403366327285767,,0.2625431418418884,,0.08774993568658829,,0.029315024614334106,0.053267303854227066,,,,,,,,,,,,,,
16,,52119,,,,,,,,,,2.950429916381836e-06,,3.162771463394165e-06,,0.25482118129730225,,0.26864004135131836,,0.06748016923666,,0.023037942126393318,0.04552080109715462,,,,,,,,,,,,,,
16,,52129,,,,,,,,,,1.5851110219955444e-06,,9.974464774131775e-07,,0.2537059187889099,,0.22484105825424194,,0.06261663138866425,,0.01748460717499256,0.038375988602638245,,,,,,,,,,,,,,
16,,52139,,,,,,,,,,1.5534460544586182e-06,,1.0724179446697235e-06,,0.22221097350120544,,0.284721314907074,,0.08197806030511856,,0.0259997695684433,0.050833478569984436,,,,,,,,,,,,,,
16,,52149,,,,,,,,,,1.7471611499786377e-06,,8.242204785346985e-07,,0.2602423429489136,,0.2473578155040741,,0.05794869735836983,,0.014622696675360203,0.036485929042100906,,,,,,,,,,,,,,
16,,52159,,,,,,,,,,2.0992010831832886e-06,,1.8188729882240295e-06,,0.2438129484653473,,0.2692500054836273,,0.08483605086803436,,0.02998337149620056,0.05388572812080383,,,,,,,,,,,,,,
16,,52169,,,,,,,,,,1.644715666770935e-06,,1.125037670135498e-06,,0.25190266966819763,,0.26276716589927673,,0.08421339094638824,,0.026605671271681786,0.05102592334151268,,,,,,,,,,,,,,
16,,52179,,,,,,,,,,3.0174851417541504e-06,,6.174668669700623e-07,,0.2438637614250183,,0.25858864188194275,,0.07468834519386292,,0.020848851650953293,0.04463072493672371,,,,,,,,,,,,,,
16,,52189,,,,,,,,,,2.04332172870636e-06,,2.115964889526367e-06,,0.289252907037735,,0.2665654420852661,,0.0845152735710144,,0.020202219486236572,0.046894676983356476,,,,,,,,,,,,,,
16,,52199,,,,,,,,,,1.2293457984924316e-06,,6.272457540035248e-07,,0.2600061297416687,,0.2595537304878235,,0.08317162841558456,,0.02495042234659195,0.04953312128782272,,,,,,,,,,,,,,
16,,52209,,,,,,,,,,1.8253922462463379e-06,,7.082708179950714e-07,,0.22586387395858765,,0.24554887413978577,,0.07699989527463913,,0.024395719170570374,0.04690266773104668,,,,,,,,,,,,,,
16,,52219,,,,,,,,,,1.2293457984924316e-06,,1.9958242774009705e-06,,0.2662045359611511,,0.2555485963821411,,0.08045220375061035,,0.02849057875573635,0.05156374350190163,,,,,,,,,,,,,,
16,,52229,,,,,,,,,,2.0917505025863647e-06,,9.550713002681732e-07,,0.24918043613433838,,0.2538009285926819,,0.08680927753448486,,0.024356011301279068,0.04937280714511871,,,,,,,,,,,,,,
16,,52239,,,,,,,,,,2.6188790798187256e-06,,9.546056389808655e-07,,0.27701860666275024,,0.24887686967849731,,0.07925719022750854,,0.02347014844417572,0.04738732799887657,,,,,,,,,,,,,,
16,,52249,,,,,,,,,,2.2854655981063843e-06,,2.183951437473297e-06,,0.22226682305335999,,0.2654833197593689,,0.07983492314815521,,0.023182809352874756,0.047416962683200836,,,,,,,,,,,,,,
16,,52259,,,,,,,,,,1.7676502466201782e-06,,1.2367963790893555e-06,,0.23687207698822021,,0.2708585262298584,,0.0706491768360138,,0.02250063419342041,0.045605674386024475,,,,,,,,,,,,,,
16,,52269,,,,,,,,,,1.648440957069397e-06,,1.0617077350616455e-06,,0.20905551314353943,,0.26799923181533813,,0.08994162082672119,,0.034201622009277344,0.057541653513908386,,,,,,,,,,,,,,
16,,52279,,,,,,,,,,2.423301339149475e-06,,1.2293457984924316e-06,,0.24844211339950562,,0.2679603099822998,,0.057207390666007996,,0.01636461913585663,0.038481321185827255,,,,,,,,,,,,,,
16,,52289,,,,,,,,,,3.419816493988037e-06,,9.825453162193298e-07,,0.24325808882713318,,0.25602129101753235,,0.07255222648382187,,0.019365951418876648,0.04299018532037735,,,,,,,,,,,,,,
16,,52299,,,,,,,,,,2.4847686290740967e-06,,1.193024218082428e-06,,0.24632351100444794,,0.25546994805336,,0.07366296648979187,,0.02039939910173416,0.043983858078718185,,,,,,,,,,,,,,
16,,52309,,,,,,,,,,1.6856938600540161e-06,,1.8491409718990326e-06,,0.21159575879573822,,0.27507084608078003,,0.08699798583984375,,0.030151546001434326,0.054312631487846375,,,,,,,,,,,,,,
16,,52319,,,,,,,,,,2.384185791015625e-06,,1.094769686460495e-06,,0.3012465834617615,,0.2536439299583435,,0.06908164918422699,,0.018508953973650932,0.04226464405655861,,,,,,,,,,,,,,
16,,52329,,,,,,,,,,2.864748239517212e-06,,9.546056389808655e-07,,0.24379341304302216,,0.2680330276489258,,0.07105381786823273,,0.025815386325120926,0.04811688885092735,,,,,,,,,,,,,,
16,,52339,,,,,,,,,,1.6242265701293945e-06,,8.57282429933548e-07,,0.2458711862564087,,0.2723749279975891,,0.062333010137081146,,0.018838271498680115,0.04147515073418617,,,,,,,,,,,,,,
16,,52349,,,,,,,,,,2.1513551473617554e-06,,9.294599294662476e-07,,0.2773590385913849,,0.2543036937713623,,0.06983260810375214,,0.022516144439578056,0.045162539929151535,,,,,,,,,,,,,,
16,,52359,,,,,,,,,,4.706904292106628e-06,,9.071081876754761e-07,,0.23702691495418549,,0.2716233432292938,,0.08299828320741653,,0.026420477777719498,0.05089997500181198,,,,,,,,,,,,,,
16,,52369,,,,,,,,,,1.1585652828216553e-06,,8.512288331985474e-07,,0.23706141114234924,,0.2558496296405792,,0.07983578741550446,,0.02246885746717453,0.0466032475233078,,,,,,,,,,,,,,
16,,52379,,,,,,,,,,1.4156103134155273e-06,,2.5103799998760223e-06,,0.23593387007713318,,0.27084678411483765,,0.07730807363986969,,0.026964783668518066,0.050191909074783325,,,,,,,,,,,,,,
16,,52389,,,,,,,,,,1.4491379261016846e-06,,1.657288521528244e-06,,0.21448181569576263,,0.28654325008392334,,0.08280722796916962,,0.03263749182224274,0.055963315069675446,,,,,,,,,,,,,,
16,,52399,,,,,,,,,,2.1029263734817505e-06,,1.271720975637436e-06,,0.24415642023086548,,0.2586731016635895,,0.06256666779518127,,0.015566470101475716,0.03840199112892151,,,,,,,,,,,,,,
16,,52409,,,,,,,,,,1.2796372175216675e-06,,1.6256235539913177e-06,,0.25316011905670166,,0.2659747004508972,,0.08051581680774689,,0.02658022940158844,0.0504784993827343,,,,,,,,,,,,,,
16,,52419,,,,,,,,,,1.4118850231170654e-06,,1.4333054423332214e-06,,0.242736354470253,,0.23993992805480957,,0.0685952752828598,,0.01983281970024109,0.04183819890022278,,,,,,,,,,,,,,
16,,52429,,,,,,,,,,1.773238182067871e-06,,1.1245720088481903e-06,,0.2575799226760864,,0.2676492929458618,,0.09178432077169418,,0.028019767254590988,0.05380209907889366,,,,,,,,,,,,,,
16,,52439,,,,,,,,,,3.213062882423401e-06,,2.434477210044861e-06,,0.2413964420557022,,0.2731174826622009,,0.07430143654346466,,0.02182352915406227,0.04594163969159126,,,,,,,,,,,,,,
16,,52449,,,,,,,,,,2.734363079071045e-06,,9.774230420589447e-07,,0.21914397180080414,,0.2727017402648926,,0.08698371797800064,,0.026434598490595818,0.051498960703611374,,,,,,,,,,,,,,
16,,52459,,,,,,,,,,1.5404075384140015e-06,,9.182840585708618e-07,,0.24034562706947327,,0.24599361419677734,,0.06938828527927399,,0.023173999041318893,0.04474923387169838,,,,,,,,,,,,,,
16,,52469,,,,,,,,,,1.041218638420105e-06,,1.2097880244255066e-06,,0.25395646691322327,,0.24712109565734863,,0.08334517478942871,,0.031615495681762695,0.05391186103224754,,,,,,,,,,,,,,
16,,52479,,,,,,,,,,3.1311064958572388e-06,,1.2065283954143524e-06,,0.2630380392074585,,0.25555986166000366,,0.07814815640449524,,0.02025478519499302,0.044916681945323944,,,,,,,,,,,,,,
16,,52489,,,,,,,,,,1.7043203115463257e-06,,8.442439138889313e-07,,0.25044190883636475,,0.2547453045845032,,0.06990180909633636,,0.020486289635300636,0.04335794970393181,,,,,,,,,,,,,,
16,,52499,,,,,,,,,,2.428889274597168e-06,,9.061768651008606e-07,,0.24743500351905823,,0.24784798920154572,,0.06703156977891922,,0.02113635092973709,0.04294867813587189,,,,,,,,,,,,,,
16,,52509,,,,,,,,,,3.0007213354110718e-06,,6.048940122127533e-07,,0.25429773330688477,,0.2636271119117737,,0.05663204938173294,,0.01337798498570919,0.03599836304783821,,,,,,,,,,,,,,
16,,52519,,,,,,,,,,1.6372650861740112e-06,,9.327195584774017e-07,,0.24171841144561768,,0.2523018717765808,,0.08127354830503464,,0.02463350258767605,0.048385024070739746,,,,,,,,,,,,,,
16,,52529,,,,,,,,,,3.5297125577926636e-06,,6.151385605335236e-07,,0.2610938847064972,,0.24930492043495178,,0.08709128946065903,,0.027469724416732788,0.051690395921468735,,,,,,,,,,,,,,
16,,52539,,,,,,,,,,2.4419277906417847e-06,,4.260800778865814e-07,,0.24591898918151855,,0.242155060172081,,0.07602139562368393,,0.02835645154118538,0.04976639151573181,,,,,,,,,,,,,,
16,,52549,,,,,,,,,,5.712732672691345e-06,,8.586794137954712e-07,,0.25489452481269836,,0.2613586485385895,,0.07702667266130447,,0.02599363587796688,0.049187976866960526,,,,,,,,,,,,,,
16,,52559,,,,,,,,,,3.1478703022003174e-06,,9.19681042432785e-07,,0.2686653137207031,,0.25361108779907227,,0.061957117170095444,,0.01705627143383026,0.039455242455005646,,,,,,,,,,,,,,
16,,52569,,,,,,,,,,1.7061829566955566e-06,,9.32253897190094e-07,,0.21225261688232422,,0.26131945848464966,,0.0708484798669815,,0.0223501268774271,0.04479430988430977,,,,,,,,,,,,,,
16,,52579,,,,,,,,,,1.298263669013977e-06,,6.570480763912201e-07,,0.2640887200832367,,0.2520092725753784,,0.07619988918304443,,0.01930302567780018,0.043683141469955444,,,,,,,,,,,,,,
16,,52589,,,,,,,,,,1.7452985048294067e-06,,2.1471641957759857e-06,,0.2888747453689575,,0.21978016197681427,,0.07021468132734299,,0.018043648451566696,0.040395304560661316,,,,,,,,,,,,,,
16,,52599,,,,,,,,,,2.7976930141448975e-06,,8.065253496170044e-07,,0.18526826798915863,,0.28266283869743347,,0.08508223295211792,,0.028803186491131783,0.052989181131124496,,,,,,,,,,,,,,
16,,52609,,,,,,,,,,1.5962868928909302e-06,,7.683411240577698e-07,,0.23800665140151978,,0.2650917172431946,,0.07517153769731522,,0.020615164190530777,0.04478228837251663,,,,,,,,,,,,,,
16,,52619,,,,,,,,,,1.905485987663269e-06,,1.762527972459793e-06,,0.2577773928642273,,0.24599139392375946,,0.08970233798027039,,0.03077789768576622,0.05446759611368179,,,,,,,,,,,,,,
16,,52629,,,,,,,,,,1.817941665649414e-06,,1.105479896068573e-06,,0.26012033224105835,,0.26207542419433594,,0.08081036806106567,,0.02402937039732933,0.048518892377614975,,,,,,,,,,,,,,
16,,52639,,,,,,,,,,1.2814998626708984e-06,,8.223578333854675e-07,,0.21312734484672546,,0.2799541652202606,,0.06645889580249786,,0.020477065816521645,0.04344988986849785,,,,,,,,,,,,,,
16,,52649,,,,,,,,,,1.6726553440093994e-06,,9.634532034397125e-07,,0.26467275619506836,,0.2527735233306885,,0.07642301172018051,,0.02036980539560318,0.04456794634461403,,,,,,,,,,,,,,
16,,52659,,,,,,,,,,1.862645149230957e-06,,9.285286068916321e-07,,0.21358239650726318,,0.26823410391807556,,0.07822483777999878,,0.02496563084423542,0.048479609191417694,,,,,,,,,,,,,,
16,,52669,,,,,,,,,,2.171844244003296e-06,,7.776543498039246e-07,,0.2813216745853424,,0.24750986695289612,,0.06424494087696075,,0.016359005123376846,0.039223525673151016,,,,,,,,,,,,,,
16,,52679,,,,,,,,,,4.887580871582031e-06,,8.451752364635468e-07,,0.24729317426681519,,0.2603388726711273,,0.06926914304494858,,0.02326088771224022,0.04554610699415207,,,,,,,,,,,,,,
16,,52689,,,,,,,,,,2.419576048851013e-06,,6.151385605335236e-07,,0.25521552562713623,,0.2529912292957306,,0.09191456437110901,,0.02834234945476055,0.05335354059934616,,,,,,,,,,,,,,
16,,52699,,,,,,,,,,1.3727694749832153e-06,,8.195638656616211e-07,,0.2848508358001709,,0.24519622325897217,,0.08676939457654953,,0.024193914607167244,0.04925839602947235,,,,,,,,,,,,,,
16,,52709,,,,,,,,,,1.51805579662323e-06,,5.257315933704376e-07,,0.25779885053634644,,0.24248600006103516,,0.07782596349716187,,0.021018922328948975,0.04475510120391846,,,,,,,,,,,,,,
16,,52719,,,,,,,,,,2.605840563774109e-06,,7.990747690200806e-07,,0.2184971421957016,,0.2574149966239929,,0.07623208314180374,,0.02469668909907341,0.04745446518063545,,,,,,,,,,,,,,
16,,52729,,,,,,,,,,9.331852197647095e-07,,7.03614205121994e-07,,0.258919358253479,,0.25383496284484863,,0.06875868141651154,,0.023315157741308212,0.04532241448760033,,,,,,,,,,,,,,
16,,52739,,,,,,,,,,1.7099082469940186e-06,,1.4584511518478394e-06,,0.23686084151268005,,0.25599968433380127,,0.07596559077501297,,0.0206989124417305,0.04455431550741196,,,,,,,,,,,,,,
16,,52749,,,,,,,,,,1.909211277961731e-06,,9.019859135150909e-07,,0.25776419043540955,,0.2603124976158142,,0.06902699172496796,,0.019600622355937958,0.04287632182240486,,,,,,,,,,,,,,
16,,52759,,,,,,,,,,1.5739351511001587e-06,,6.547197699546814e-07,,0.21924671530723572,,0.2677626311779022,,0.0776129961013794,,0.0236035343259573,0.04738733172416687,,,,,,,,,,,,,,
16,,52769,,,,,,,,,,1.562759280204773e-06,,2.5597400963306427e-06,,0.18550629913806915,,0.2616128921508789,,0.07121904194355011,,0.020244451239705086,0.04298441857099533,,,,,,,,,,,,,,
16,,52779,,,,,,,,,,1.6354024410247803e-06,,1.0882504284381866e-06,,0.256640762090683,,0.2542450428009033,,0.07204360514879227,,0.026331827044487,0.04819406569004059,,,,,,,,,,,,,,
16,,52789,,,,,,,,,,1.4528632164001465e-06,,1.0766088962554932e-06,,0.22616678476333618,,0.26460543274879456,,0.07824242860078812,,0.02718370407819748,0.05012424662709236,,,,,,,,,,,,,,
16,,52799,,,,,,,,,,2.2239983081817627e-06,,1.248437911272049e-06,,0.28245988488197327,,0.25341713428497314,,0.07681393623352051,,0.023017771542072296,0.04686639457941055,,,,,,,,,,,,,,
16,,52809,,,,,,,,,,1.0114163160324097e-06,,1.1688098311424255e-06,,0.232875794172287,,0.26756519079208374,,0.06107387691736221,,0.01516492385417223,0.03810548409819603,,,,,,,,,,,,,,
16,,52819,,,,,,,,,,1.6279518604278564e-06,,1.400243490934372e-06,,0.2260584831237793,,0.25207042694091797,,0.07182343304157257,,0.024801738560199738,0.04654449224472046,,,,,,,,,,,,,,
16,,52829,,,,,,,,,,1.5348196029663086e-06,,2.9872171580791473e-06,,0.23789116740226746,,0.249346062541008,,0.07315275073051453,,0.022855527698993683,0.045344751328229904,,,,,,,,,,,,,,
16,,52839,,,,,,,,,,1.346692442893982e-06,,1.0123476386070251e-06,,0.22396686673164368,,0.2718074321746826,,0.0742068737745285,,0.0248698890209198,0.04794350266456604,,,,,,,,,,,,,,
16,,52849,,,,,,,,,,2.982094883918762e-06,,1.4584511518478394e-06,,0.20157743990421295,,0.27360838651657104,,0.07130291312932968,,0.02378058433532715,0.04640369862318039,,,,,,,,,,,,,,
16,,52859,,,,,,,,,,1.4081597328186035e-06,,3.234017640352249e-06,,0.2478209137916565,,0.26632755994796753,,0.07660708576440811,,0.021235020831227303,0.04568951576948166,,,,,,,,,,,,,,
16,,52869,,,,,,,,,,1.3746321201324463e-06,,1.0044313967227936e-06,,0.22261933982372284,,0.2856900095939636,,0.0927760899066925,,0.033238351345062256,0.05833907052874565,,,,,,,,,,,,,,
16,,52879,,,,,,,,,,2.60770320892334e-06,,8.353963494300842e-07,,0.234971821308136,,0.26945504546165466,,0.10240576416254044,,0.03285761922597885,0.05924304947257042,,,,,,,,,,,,,,
16,,52889,,,,,,,,,,2.000480890274048e-06,,8.260831236839294e-07,,0.22790959477424622,,0.25790518522262573,,0.08169345557689667,,0.02744954451918602,0.05067717656493187,,,,,,,,,,,,,,
16,,52899,,,,,,,,,,1.7415732145309448e-06,,1.026783138513565e-06,,0.29512321949005127,,0.25655317306518555,,0.051161300390958786,,0.015516027808189392,0.03672314062714577,,,,,,,,,,,,,,
16,,52909,,,,,,,,,,2.086162567138672e-06,,8.726492524147034e-07,,0.30125531554222107,,0.2307068407535553,,0.06134806200861931,,0.016945023089647293,0.03856566920876503,,,,,,,,,,,,,,
16,,52919,,,,,,,,,,1.998618245124817e-06,,8.712522685527802e-07,,0.23616807162761688,,0.25263717770576477,,0.09424477815628052,,0.02471376582980156,0.050828590989112854,,,,,,,,,,,,,,
16,,52929,,,,,,,,,,2.302229404449463e-06,,1.3867393136024475e-06,,0.20506519079208374,,0.2839866876602173,,0.06244663521647453,,0.01904953643679619,0.04172107204794884,,,,,,,,,,,,,,
16,,52939,,,,,,,,,,1.4081597328186035e-06,,5.532056093215942e-07,,0.20320741832256317,,0.261684775352478,,0.0812775120139122,,0.026341941207647324,0.04965592548251152,,,,,,,,,,,,,,
16,,52949,,,,,,,,,,1.4863908290863037e-06,,1.7345882952213287e-06,,0.251812219619751,,0.2581304907798767,,0.08136818557977676,,0.023975294083356857,0.048300597816705704,,,,,,,,,,,,,,
16,,52959,,,,,,,,,,4.159286618232727e-06,,9.5367431640625e-07,,0.25774896144866943,,0.25003015995025635,,0.06826503574848175,,0.018229521811008453,0.04122256487607956,,,,,,,,,,,,,,
16,,52969,,,,,,,,,,3.5818666219711304e-06,,1.0314397513866425e-06,,0.23644334077835083,,0.2564389705657959,,0.08364484459161758,,0.02408028021454811,0.04854687303304672,,,,,,,,,,,,,,
16,,52979,,,,,,,,,,1.9837170839309692e-06,,8.274801075458527e-07,,0.24478575587272644,,0.26694220304489136,,0.07497721910476685,,0.02357346937060356,0.047131337225437164,,,,,,,,,,,,,,
16,,52989,,,,,,,,,,6.316229701042175e-06,,8.577480912208557e-07,,0.22776535153388977,,0.25602829456329346,,0.08626537024974823,,0.02331942319869995,0.048346586525440216,,,,,,,,,,,,,,
16,,52999,,,,,,,,,,3.848224878311157e-06,,1.2121163308620453e-06,,0.22442087531089783,,0.27864697575569153,,0.08356457203626633,,0.03245050460100174,0.055711355060338974,,,,,,,,,,,,,,
16,,53009,,,,,,,,,,1.2908130884170532e-06,,2.3404136300086975e-06,,0.30348411202430725,,0.2422885298728943,,0.08703503012657166,,0.027594929561018944,0.05194168537855148,,,,,,,,,,,,,,
16,,53019,,,,,,,,,,2.002343535423279e-06,,9.383074939250946e-07,,0.23507992923259735,,0.2496119737625122,,0.06716086715459824,,0.020786277949810028,0.04264819249510765,,,,,,,,,,,,,,
16,,53029,,,,,,,,,,1.607462763786316e-06,,2.205371856689453e-06,,0.2392381727695465,,0.26174962520599365,,0.07601283490657806,,0.02382543683052063,0.047206103801727295,,,,,,,,,,,,,,
16,,53039,,,,,,,,,,2.346932888031006e-06,,8.074566721916199e-07,,0.24032126367092133,,0.2694774270057678,,0.07541052252054214,,0.023068854585289955,0.046900589019060135,,,,,,,,,,,,,,
16,,53049,,,,,,,,,,1.9185245037078857e-06,,1.1315569281578064e-06,,0.25081953406333923,,0.2414218783378601,,0.08221381902694702,,0.022941917181015015,0.04688892513513565,,,,,,,,,,,,,,
16,,53059,,,,,,,,,,1.989305019378662e-06,,9.918585419654846e-07,,0.20128054916858673,,0.26744192838668823,,0.08368131518363953,,0.025099076330661774,0.04942172020673752,,,,,,,,,,,,,,
16,,53069,,,,,,,,,,1.6409903764724731e-06,,1.1282972991466522e-06,,0.24064791202545166,,0.2580907642841339,,0.07940857112407684,,0.02103228121995926,0.04559255391359329,,,,,,,,,,,,,,
16,,53079,,,,,,,,,,1.6111880540847778e-06,,1.0100193321704865e-06,,0.235040083527565,,0.2484377920627594,,0.06860775500535965,,0.019356418401002884,0.04179137200117111,,,,,,,,,,,,,,
16,,53089,,,,,,,,,,1.6391277313232422e-06,,1.148320734500885e-06,,0.25324052572250366,,0.24447554349899292,,0.0554695725440979,,0.01684669964015484,0.03747217729687691,,,,,,,,,,,,,,
16,,53099,,,,,,,,,,2.695247530937195e-06,,8.740462362766266e-07,,0.23124971985816956,,0.26764094829559326,,0.081540547311306,,0.02664264664053917,0.0505388081073761,,,,,,,,,,,,,,
16,,53109,,,,,,,,,,1.6521662473678589e-06,,8.963979780673981e-07,,0.2428644895553589,,0.2400156855583191,,0.06884695589542389,,0.01870611496269703,0.04104522243142128,,,,,,,,,,,,,,
16,,53119,,,,,,,,,,2.6281923055648804e-06,,7.902272045612335e-07,,0.22134250402450562,,0.27345871925354004,,0.08415091037750244,,0.02141627110540867,0.047264277935028076,,,,,,,,,,,,,,
16,,53129,,,,,,,,,,2.337619662284851e-06,,6.430782377719879e-07,,0.21636953949928284,,0.27246835827827454,,0.08832825720310211,,0.027428152039647102,0.05245300382375717,,,,,,,,,,,,,,
16,,53139,,,,,,,,,,1.6707926988601685e-06,,8.409842848777771e-07,,0.26150768995285034,,0.2400135099887848,,0.07492493093013763,,0.023258332163095474,0.04581854119896889,,,,,,,,,,,,,,
16,,53149,,,,,,,,,,2.602115273475647e-06,,7.306225597858429e-07,,0.22465528547763824,,0.25311917066574097,,0.07309417426586151,,0.02309291809797287,0.04553360864520073,,,,,,,,,,,,,,
16,,53159,,,,,,,,,,6.970018148422241e-06,,6.603077054023743e-07,,0.23510998487472534,,0.2587258815765381,,0.07882867753505707,,0.023854868486523628,0.04756611958146095,,,,,,,,,,,,,,
16,,53169,,,,,,,,,,2.045184373855591e-06,,1.0915100574493408e-06,,0.21275462210178375,,0.2638302445411682,,0.08115401864051819,,0.02271575853228569,0.047124966979026794,,,,,,,,,,,,,,
16,,53179,,,,,,,,,,1.7024576663970947e-06,,9.653158485889435e-07,,0.26665252447128296,,0.24090033769607544,,0.06899170577526093,,0.02089628204703331,0.043035704642534256,,,,,,,,,,,,,,
16,,53189,,,,,,,,,,4.868954420089722e-06,,9.76957380771637e-07,,0.23503634333610535,,0.2623004913330078,,0.05744842067360878,,0.01580362766981125,0.03768317401409149,,,,,,,,,,,,,,
16,,53199,,,,,,,,,,2.12155282497406e-06,,7.89295881986618e-07,,0.24469462037086487,,0.2529470920562744,,0.0800335556268692,,0.018678706139326096,0.04375041648745537,,,,,,,,,,,,,,
16,,53209,,,,,,,,,,1.7881393432617188e-06,,1.5567056834697723e-06,,0.24511057138442993,,0.26053065061569214,,0.08738149702548981,,0.025606989860534668,0.050686419010162354,,,,,,,,,,,,,,
16,,53219,,,,,,,,,,2.8293579816818237e-06,,1.0826624929904938e-06,,0.22066286206245422,,0.2584354281425476,,0.07572563737630844,,0.01896939054131508,0.04313619062304497,,,,,,,,,,,,,,
16,,53229,,,,,,,,,,6.144866347312927e-06,,1.3187527656555176e-06,,0.2699509263038635,,0.25664857029914856,,0.07265834510326385,,0.021806512027978897,0.04518325254321098,,,,,,,,,,,,,,
16,,53239,,,,,,,,,,1.4975666999816895e-06,,1.426786184310913e-06,,0.21558895707130432,,0.2669031620025635,,0.08180922269821167,,0.023845817893743515,0.048272907733917236,,,,,,,,,,,,,,
16,,53249,,,,,,,,,,1.4994293451309204e-06,,1.6903504729270935e-06,,0.2242927849292755,,0.2663722038269043,,0.0834406167268753,,0.029670875519514084,0.053025856614112854,,,,,,,,,,,,,,
16,,53259,,,,,,,,,,2.253800630569458e-06,,1.0207295417785645e-06,,0.24128927290439606,,0.24848631024360657,,0.06703320145606995,,0.01848573423922062,0.04091842845082283,,,,,,,,,,,,,,
16,,53269,,,,,,,,,,2.380460500717163e-06,,7.636845111846924e-07,,0.22604826092720032,,0.28327515721321106,,0.07923156023025513,,0.021557912230491638,0.046963345259428024,,,,,,,,,,,,,,
16,,53279,,,,,,,,,,6.118789315223694e-06,,9.746290743350983e-07,,0.31221428513526917,,0.2312716543674469,,0.060105063021183014,,0.015291249379515648,0.037246860563755035,,,,,,,,,,,,,,
16,,53289,,,,,,,,,,2.117827534675598e-06,,1.2568198144435883e-06,,0.24658438563346863,,0.2667500376701355,,0.07957883179187775,,0.026803258806467056,0.05042935907840729,,,,,,,,,,,,,,
16,,53299,,,,,,,,,,2.1830201148986816e-06,,7.022172212600708e-07,,0.2655590772628784,,0.2365519255399704,,0.07167164981365204,,0.01947859302163124,0.042258091270923615,,,,,,,,,,,,,,
16,,53309,,,,,,,,,,2.2277235984802246e-06,,1.139473170042038e-06,,0.22879281640052795,,0.2770198583602905,,0.0609881654381752,,0.01928795501589775,0.04157787561416626,,,,,,,,,,,,,,
16,,53319,,,,,,,,,,2.2295862436294556e-06,,1.4035031199455261e-06,,0.22305496037006378,,0.2822290360927582,,0.06456590443849564,,0.021903011947870255,0.04438761994242668,,,,,,,,,,,,,,
16,,53329,,,,,,,,,,2.505257725715637e-06,,1.769978553056717e-06,,0.2077731043100357,,0.2818031311035156,,0.07339300215244293,,0.025343891233205795,0.04842529818415642,,,,,,,,,,,,,,
16,,53339,,,,,,,,,,1.607462763786316e-06,,1.062639057636261e-06,,0.2257898449897766,,0.26648154854774475,,0.07225801050662994,,0.02484312281012535,0.047329578548669815,,,,,,,,,,,,,,
16,,53349,,,,,,,,,,3.5800039768218994e-06,,9.373761713504791e-07,,0.2524789571762085,,0.2654430866241455,,0.0631619542837143,,0.021125929430127144,0.04309922084212303,,,,,,,,,,,,,,
16,,53359,,,,,,,,,,2.345070242881775e-06,,1.6121193766593933e-06,,0.23351603746414185,,0.2637743353843689,,0.07566970586776733,,0.026227524504065514,0.048971615731716156,,,,,,,,,,,,,,
16,,53369,,,,,,,,,,2.0246952772140503e-06,,8.642673492431641e-07,,0.25695809721946716,,0.2623522877693176,,0.07165838032960892,,0.025580991059541702,0.0479423888027668,,,,,,,,,,,,,,
16,,53379,,,,,,,,,,2.5369226932525635e-06,,7.739290595054626e-07,,0.21960613131523132,,0.27610546350479126,,0.0730019360780716,,0.02245400659739971,0.046055570244789124,,,,,,,,,,,,,,
16,,53389,,,,,,,,,,2.596527338027954e-06,,1.546461135149002e-06,,0.22285276651382446,,0.2651427984237671,,0.08531370013952255,,0.026053106412291527,0.05058863386511803,,,,,,,,,,,,,,
16,,53399,,,,,,,,,,1.5832483768463135e-06,,2.0121224224567413e-06,,0.24865937232971191,,0.2533329129219055,,0.07511981576681137,,0.022568460553884506,0.04581145942211151,,,,,,,,,,,,,,
16,,53409,,,,,,,,,,2.305954694747925e-06,,1.084059476852417e-06,,0.2578882575035095,,0.24463507533073425,,0.07564437389373779,,0.023937128484249115,0.046636953949928284,,,,,,,,,,,,,,
16,,53419,,,,,,,,,,4.872679710388184e-06,,1.1981464922428131e-06,,0.2432653307914734,,0.2570822238922119,,0.08300960063934326,,0.023532286286354065,0.048126768320798874,,,,,,,,,,,,,,
16,,53429,,,,,,,,,,2.7474015951156616e-06,,1.3220123946666718e-06,,0.25652045011520386,,0.26009252667427063,,0.07694065570831299,,0.01877422258257866,0.04371565580368042,,,,,,,,,,,,,,
16,,53439,,,,,,,,,,2.302229404449463e-06,,1.6666017472743988e-06,,0.21205884218215942,,0.26181691884994507,,0.08886580169200897,,0.02876419946551323,0.05300617218017578,,,,,,,,,,,,,,
16,,53449,,,,,,,,,,2.944841980934143e-06,,1.7802231013774872e-06,,0.2604282796382904,,0.2572125792503357,,0.08729856461286545,,0.030102916061878204,0.05406760796904564,,,,,,,,,,,,,,
16,,53459,,,,,,,,,,1.7192214727401733e-06,,1.6633421182632446e-06,,0.2660037577152252,,0.24315688014030457,,0.07157044112682343,,0.020415959879755974,0.0432572104036808,,,,,,,,,,,,,,
16,,53469,,,,,,,,,,2.5350600481033325e-06,,1.0263174772262573e-06,,0.2425483614206314,,0.25400441884994507,,0.06654277443885803,,0.02039491757750511,0.042532168328762054,,,,,,,,,,,,,,
16,,53479,,,,,,,,,,1.911073923110962e-06,,1.048203557729721e-06,,0.21573267877101898,,0.263284832239151,,0.09445719420909882,,0.026679933071136475,0.05260311812162399,,,,,,,,,,,,,,
16,,53489,,,,,,,,,,1.2032687664031982e-06,,1.3140961527824402e-06,,0.23399236798286438,,0.26843833923339844,,0.0870177373290062,,0.025980591773986816,0.05113890394568443,,,,,,,,,,,,,,
16,,53499,,,,,,,,,,2.216547727584839e-06,,1.1068768799304962e-06,,0.28687894344329834,,0.232141375541687,,0.07509685307741165,,0.02053609862923622,0.043736908584833145,,,,,,,,,,,,,,
16,,53509,,,,,,,,,,4.377216100692749e-06,,1.3401731848716736e-06,,0.2178666889667511,,0.2761372923851013,,0.06941543519496918,,0.023255497217178345,0.04596531018614769,,,,,,,,,,,,,,
16,,53519,,,,,,,,,,1.2405216693878174e-06,,3.6153942346572876e-06,,0.2578480839729309,,0.25825369358062744,,0.05647736042737961,,0.014128943905234337,0.03632239252328873,,,,,,,,,,,,,,
16,,53529,,,,,,,,,,2.212822437286377e-06,,2.18953937292099e-06,,0.22058677673339844,,0.2522681951522827,,0.09488964825868607,,0.02830289490520954,0.05344210937619209,,,,,,,,,,,,,,
16,,53539,,,,,,,,,,1.6838312149047852e-06,,1.1743977665901184e-06,,0.24374611675739288,,0.2671670615673065,,0.07696166634559631,,0.027723820880055428,0.05061539262533188,,,,,,,,,,,,,,
16,,53549,,,,,,,,,,2.2705644369125366e-06,,1.2838281691074371e-06,,0.27048900723457336,,0.26366984844207764,,0.08172529935836792,,0.028550483286380768,0.05227844417095184,,,,,,,,,,,,,,
16,,53559,,,,,,,,,,3.162771463394165e-06,,6.677582859992981e-07,,0.19463256001472473,,0.2757990062236786,,0.07652101665735245,,0.024012330919504166,0.04757748544216156,,,,,,,,,,,,,,
16,,53569,,,,,,,,,,1.5981495380401611e-06,,1.3816170394420624e-06,,0.2805411219596863,,0.25412148237228394,,0.07872268557548523,,0.022649167105555534,0.04695838689804077,,,,,,,,,,,,,,
16,,53579,,,,,,,,,,1.5366822481155396e-06,,1.7452985048294067e-06,,0.286807656288147,,0.23054265975952148,,0.0775582566857338,,0.026707686483860016,0.0487525649368763,,,,,,,,,,,,,,
16,,53589,,,,,,,,,,2.2854655981063843e-06,,1.5473924577236176e-06,,0.27929776906967163,,0.26388704776763916,,0.06759527325630188,,0.025541624054312706,0.047484658658504486,,,,,,,,,,,,,,
16,,53599,,,,,,,,,,2.557411789894104e-06,,1.0365620255470276e-06,,0.261432021856308,,0.23389145731925964,,0.07021627575159073,,0.01763783022761345,0.04043111950159073,,,,,,,,,,,,,,
16,,53609,,,,,,,,,,1.3299286365509033e-06,,1.5101395547389984e-06,,0.2413112223148346,,0.26720747351646423,,0.07480217516422272,,0.019022544845938683,0.04365619644522667,,,,,,,,,,,,,,
16,,53619,,,,,,,,,,1.600012183189392e-06,,7.557682693004608e-07,,0.2765761613845825,,0.24625363945960999,,0.08217056095600128,,0.026783928275108337,0.05029147118330002,,,,,,,,,,,,,,
16,,53629,,,,,,,,,,2.641230821609497e-06,,1.6656704246997833e-06,,0.22957897186279297,,0.26510417461395264,,0.07748477160930634,,0.023063967004418373,0.04695497825741768,,,,,,,,,,,,,,
16,,53639,,,,,,,,,,2.989545464515686e-06,,8.582137525081635e-07,,0.2396695762872696,,0.25344446301460266,,0.08610446751117706,,0.028957024216651917,0.05256403237581253,,,,,,,,,,,,,,
16,,53649,,,,,,,,,,1.5702098608016968e-06,,9.960494935512543e-07,,0.23782086372375488,,0.2642142176628113,,0.07819224894046783,,0.025388985872268677,0.0488867312669754,,,,,,,,,,,,,,
16,,53659,,,,,,,,,,3.4961849451065063e-06,,7.878988981246948e-07,,0.2516824007034302,,0.24588844180107117,,0.07592448592185974,,0.023238874971866608,0.046151693910360336,,,,,,,,,,,,,,
16,,53669,,,,,,,,,,1.734122633934021e-06,,8.917413651943207e-07,,0.22860702872276306,,0.2690470218658447,,0.0652666836977005,,0.019944962114095688,0.0424971729516983,,,,,,,,,,,,,,
16,,53679,,,,,,,,,,1.2703239917755127e-06,,8.800998330116272e-07,,0.24146834015846252,,0.27754154801368713,,0.07616440206766129,,0.024099398404359818,0.048206619918346405,,,,,,,,,,,,,,
16,,53689,,,,,,,,,,2.089887857437134e-06,,7.324852049350739e-07,,0.23726290464401245,,0.27530619502067566,,0.07942000031471252,,0.0256351251155138,0.049815163016319275,,,,,,,,,,,,,,
16,,53699,,,,,,,,,,2.117827534675598e-06,,9.937211871147156e-07,,0.22913721203804016,,0.26924026012420654,,0.07511840760707855,,0.02230585180222988,0.0461312010884285,,,,,,,,,,,,,,
16,,53709,,,,,,,,,,6.321817636489868e-06,,1.8281862139701843e-06,,0.23866277933120728,,0.2563338577747345,,0.07712119817733765,,0.021958420053124428,0.04575269669294357,,,,,,,,,,,,,,
16,,53719,,,,,,,,,,2.084299921989441e-06,,9.080395102500916e-07,,0.2342008650302887,,0.24888113141059875,,0.06683041155338287,,0.01620130054652691,0.03910207375884056,,,,,,,,,,,,,,
16,,53729,,,,,,,,,,2.5033950805664062e-06,,7.897615432739258e-07,,0.2513997554779053,,0.2574206590652466,,0.06874684989452362,,0.020723167806863785,0.043455708771944046,,,,,,,,,,,,,,
16,,53739,,,,,,,,,,2.1960586309432983e-06,,1.1241063475608826e-06,,0.21201488375663757,,0.26748359203338623,,0.0828159749507904,,0.02830132283270359,0.051789477467536926,,,,,,,,,,,,,,
16,,53749,,,,,,,,,,1.644715666770935e-06,,8.097849786281586e-07,,0.24598100781440735,,0.241922989487648,,0.07539264857769012,,0.0160047709941864,0.04037229344248772,,,,,,,,,,,,,,
16,,53759,,,,,,,,,,1.2069940567016602e-06,,9.699724614620209e-07,,0.22743549942970276,,0.27169114351272583,,0.08420688658952713,,0.02036532200872898,0.046474914997816086,,,,,,,,,,,,,,
16,,53769,,,,,,,,,,1.6205012798309326e-06,,1.0505318641662598e-06,,0.26180893182754517,,0.24916565418243408,,0.07540679723024368,,0.02573821134865284,0.048201918601989746,,,,,,,,,,,,,,
16,,53779,,,,,,,,,,1.903623342514038e-06,,6.537884473800659e-07,,0.24403029680252075,,0.26492035388946533,,0.07737734913825989,,0.02269238978624344,0.04681684821844101,,,,,,,,,,,,,,
16,,53789,,,,,,,,,,2.902001142501831e-06,,7.734633982181549e-07,,0.24409064650535583,,0.2568357586860657,,0.06825487315654755,,0.0230395570397377,0.044988058507442474,,,,,,,,,,,,,,
16,,53799,,,,,,,,,,2.505257725715637e-06,,1.3741664588451385e-06,,0.22650283575057983,,0.2612040638923645,,0.07676519453525543,,0.026595644652843475,0.04925050958991051,,,,,,,,,,,,,,
16,,53809,,,,,,,,,,2.1383166313171387e-06,,1.1022202670574188e-06,,0.2549048960208893,,0.26208293437957764,,0.07798624783754349,,0.02426261454820633,0.048103440552949905,,,,,,,,,,,,,,
16,,53819,,,,,,,,,,2.468004822731018e-06,,1.911073923110962e-06,,0.21859616041183472,,0.2667011618614197,,0.07712933421134949,,0.021021995693445206,0.045302603393793106,,,,,,,,,,,,,,
16,,53829,,,,,,,,,,1.4211982488632202e-06,,8.414499461650848e-07,,0.2312069684267044,,0.25911563634872437,,0.07679806649684906,,0.021817168220877647,0.04562916234135628,,,,,,,,,,,,,,
16,,53839,,,,,,,,,,2.5723129510879517e-06,,7.105991244316101e-07,,0.25229018926620483,,0.2350974977016449,,0.0823858231306076,,0.023345189169049263,0.04694442078471184,,,,,,,,,,,,,,
16,,53849,,,,,,,,,,1.2647360563278198e-06,,8.260831236839294e-07,,0.2414972186088562,,0.26475048065185547,,0.10220181941986084,,0.034156687557697296,0.06003524363040924,,,,,,,,,,,,,,
16,,53859,,,,,,,,,,1.860782504081726e-06,,1.4207325875759125e-06,,0.2915971279144287,,0.25019410252571106,,0.07064932584762573,,0.017163440585136414,0.04127441719174385,,,,,,,,,,,,,,
16,,53869,,,,,,,,,,2.1383166313171387e-06,,1.1837109923362732e-06,,0.2540345788002014,,0.256268173456192,,0.0747840404510498,,0.021422354504466057,0.04508932679891586,,,,,,,,,,,,,,
16,,53879,,,,,,,,,,1.9278377294540405e-06,,2.2370368242263794e-06,,0.24382612109184265,,0.2513679265975952,,0.06701266765594482,,0.021038318052887917,0.04299432784318924,,,,,,,,,,,,,,
16,,53889,,,,,,,,,,1.6521662473678589e-06,,2.5345943868160248e-06,,0.2703102231025696,,0.2531062364578247,,0.07485078275203705,,0.02379504218697548,0.04692431911826134,,,,,,,,,,,,,,
16,,53899,,,,,,,,,,3.287568688392639e-06,,2.0707957446575165e-06,,0.24921372532844543,,0.26232773065567017,,0.08941549062728882,,0.027752216905355453,0.05280955135822296,,,,,,,,,,,,,,
16,,53909,,,,,,,,,,4.395842552185059e-06,,8.414499461650848e-07,,0.21015486121177673,,0.25361648201942444,,0.07724329084157944,,0.02726985141634941,0.04929857701063156,,,,,,,,,,,,,,
16,,53919,,,,,,,,,,1.4994293451309204e-06,,1.584179699420929e-06,,0.21100559830665588,,0.26632100343704224,,0.09020668268203735,,0.029116839170455933,0.053721021860837936,,,,,,,,,,,,,,
16,,53929,,,,,,,,,,4.524365067481995e-06,,7.813796401023865e-07,,0.22010082006454468,,0.2797280550003052,,0.08155333250761032,,0.02572200819849968,0.05028659850358963,,,,,,,,,,,,,,
16,,53939,,,,,,,,,,2.0116567611694336e-06,,1.2139789760112762e-06,,0.24305132031440735,,0.2578734755516052,,0.05720364674925804,,0.016377534717321396,0.0379541851580143,,,,,,,,,,,,,,
16,,53949,,,,,,,,,,4.103407263755798e-06,,1.1809170246124268e-06,,0.2521115839481354,,0.2480241358280182,,0.06909017264842987,,0.019618291407823563,0.042259011417627335,,,,,,,,,,,,,,
16,,53959,,,,,,,,,,1.8943101167678833e-06,,1.157168298959732e-06,,0.26771748065948486,,0.2592813968658447,,0.07669530808925629,,0.025387004017829895,0.048723649233579636,,,,,,,,,,,,,,
16,,53969,,,,,,,,,,1.950189471244812e-06,,1.2135133147239685e-06,,0.2550662159919739,,0.2609320282936096,,0.0691690444946289,,0.021244481205940247,0.04413358494639397,,,,,,,,,,,,,,
16,,53979,,,,,,,,,,1.514330506324768e-06,,1.1795200407505035e-06,,0.25533396005630493,,0.2607628107070923,,0.08629674464464188,,0.027031250298023224,0.05168215185403824,,,,,,,,,,,,,,
16,,53989,,,,,,,,,,3.689900040626526e-06,,8.130446076393127e-07,,0.2174939513206482,,0.2559463381767273,,0.09467713534832001,,0.02714020386338234,0.05266622081398964,,,,,,,,,,,,,,
16,,53999,,,,,,,,,,1.687556505203247e-06,,1.1185184121131897e-06,,0.23411209881305695,,0.27093440294265747,,0.08659034222364426,,0.029893305152654648,0.05411244183778763,,,,,,,,,,,,,,
16,,54009,,,,,,,,,,1.6707926988601685e-06,,8.21426510810852e-07,,0.22030137479305267,,0.27477142214775085,,0.07111918181180954,,0.021824326366186142,0.045175693929195404,,,,,,,,,,,,,,
16,,54019,,,,,,,,,,1.2684613466262817e-06,,6.603077054023743e-07,,0.23887354135513306,,0.27391576766967773,,0.08256155997514725,,0.02898281253874302,0.052869413048028946,,,,,,,,,,,,,,
16,,54029,,,,,,,,,,3.930181264877319e-06,,9.443610906600952e-07,,0.22567936778068542,,0.2616388201713562,,0.07250019907951355,,0.02054636925458908,0.04392329603433609,,,,,,,,,,,,,,
16,,54039,,,,,,,,,,2.5723129510879517e-06,,6.239861249923706e-07,,0.25812265276908875,,0.27213025093078613,,0.07723120599985123,,0.02653420902788639,0.050174739211797714,,,,,,,,,,,,,,
16,,54049,,,,,,,,,,1.905485987663269e-06,,6.579793989658356e-07,,0.26560816168785095,,0.25328516960144043,,0.06892645359039307,,0.0181767288595438,0.04155173897743225,,,,,,,,,,,,,,
16,,54059,,,,,,,,,,1.5478581190109253e-06,,7.194466888904572e-07,,0.2548298239707947,,0.25705114006996155,,0.08245131373405457,,0.024152513593435287,0.04862144589424133,,,,,,,,,,,,,,
16,,54069,,,,,,,,,,2.643093466758728e-06,,1.133885234594345e-06,,0.18334050476551056,,0.2710028290748596,,0.08663871139287949,,0.025851454585790634,0.05049746111035347,,,,,,,,,,,,,,
16,,54079,,,,,,,,,,2.43261456489563e-06,,1.330394297838211e-06,,0.27218446135520935,,0.2541707158088684,,0.07774558663368225,,0.026405077427625656,0.04949710890650749,,,,,,,,,,,,,,
16,,54089,,,,,,,,,,9.629875421524048e-07,,1.1278316378593445e-06,,0.2741900384426117,,0.23914961516857147,,0.06638873368501663,,0.018048452213406563,0.04041740298271179,,,,,,,,,,,,,,
16,,54099,,,,,,,,,,2.6226043701171875e-06,,1.6544945538043976e-06,,0.26475027203559875,,0.25376251339912415,,0.06658262014389038,,0.019565477967262268,0.04216631129384041,,,,,,,,,,,,,,
16,,54109,,,,,,,,,,1.691281795501709e-06,,1.1310912668704987e-06,,0.2352176308631897,,0.2529231607913971,,0.08065773546695709,,0.025173112750053406,0.04862726852297783,,,,,,,,,,,,,,
16,,54119,,,,,,,,,,2.5276094675064087e-06,,1.080334186553955e-06,,0.24609431624412537,,0.2465360313653946,,0.06698434054851532,,0.022142469882965088,0.0436173677444458,,,,,,,,,,,,,,
16,,54129,,,,,,,,,,1.2349337339401245e-06,,8.512288331985474e-07,,0.22315935790538788,,0.24936017394065857,,0.08268149197101593,,0.025436675176024437,0.04889613762497902,,,,,,,,,,,,,,
16,,54139,,,,,,,,,,2.423301339149475e-06,,8.78702849149704e-07,,0.25808578729629517,,0.23564349114894867,,0.07053922116756439,,0.01934252679347992,0.0418134443461895,,,,,,,,,,,,,,
16,,54149,,,,,,,,,,1.3317912817001343e-06,,9.55536961555481e-07,,0.24270978569984436,,0.24280443787574768,,0.06794978678226471,,0.023112742230296135,0.044311679899692535,,,,,,,,,,,,,,
16,,54159,,,,,,,,,,7.595866918563843e-06,,9.690411388874054e-07,,0.24094632267951965,,0.2437695860862732,,0.08174853026866913,,0.022975530475378036,0.0468212254345417,,,,,,,,,,,,,,
16,,54161,,,,,,,,,,,,,,,,,,,,,,0.9839431643486023,1.0,1.0,0.9388084411621094,0.9071865677833557,0.9728776812553406,0.9921342134475708,0.05029577016830444,0.0,2.9802322387695312e-08,0.24318887293338776,0.2586504817008972,0.08614178746938705,0.02554374374449253
16,,54161,0.9841166138648987,1.0,1.0,0.9394984245300293,0.9073025584220886,0.9737579822540283,0.9921262860298157,0.04698169603943825,2.428691232125857e-06,,1.2556084811876644e-06,,0.24286264181137085,,0.2590506076812744,,0.07631877064704895,,0.023561861366033554,,,,,,,,,,,,,,,,
