epoch,lr-AdamW,step,train/acc,train/acc_s0_1,train/acc_s1_2,train/acc_s2_4,train/acc_s3_8,train/acc_s4_16,train/acc_s5_32,train/loss_epoch,train/loss_s0_1_epoch,train/loss_s0_1_step,train/loss_s1_2_epoch,train/loss_s1_2_step,train/loss_s2_4_epoch,train/loss_s2_4_step,train/loss_s3_8_epoch,train/loss_s3_8_step,train/loss_s4_16_epoch,train/loss_s4_16_step,train/loss_s5_32_epoch,train/loss_s5_32_step,train/loss_step
,0.001,0,,,,,,,,,,,,,,,,,,,,,
0,,0,,,,,,,,,,2.604278802871704,,2.41410493850708,,2.8863706588745117,,3.6360280513763428,,3.224635124206543,,3.198071002960205,3.2172012329101562
0,,0,0.010210623033344746,0.0,0.25,0.001953125,0.00537109375,0.007080078125,0.010498046875,3.2172012329101562,2.604278802871704,,2.41410493850708,,2.8863706588745117,,3.6360280513763428,,3.224635124206543,,3.198071002960205,,
,0.001,1,,,,,,,,,,,,,,,,,,,,,
1,,1,,,,,,,,,,0.9818710088729858,,0.2205607295036316,,0.48677724599838257,,0.9902327060699463,,1.094362735748291,,1.313847303390503,1.2443692684173584
1,,1,0.7898351550102234,1.0,1.0,0.9609375,0.83740234375,0.806640625,0.778961181640625,1.2443692684173584,0.9818710088729858,,0.2205607295036316,,0.48677724599838257,,0.9902327060699463,,1.094362735748291,,1.313847303390503,,
,0.001,2,,,,,,,,,,,,,,,,,,,,,
2,,2,,,,,,,,,,1.2637306451797485,,0.7255492210388184,,0.8883530497550964,,1.2091639041900635,,1.303763508796692,,1.3164584636688232,1.3022586107254028
2,,2,0.7898351550102234,1.0,1.0,0.9609375,0.83740234375,0.806640625,0.778961181640625,1.3022586107254028,1.2637306451797485,,0.7255492210388184,,0.8883530497550964,,1.2091639041900635,,1.303763508796692,,1.3164584636688232,,
,0.001,3,,,,,,,,,,,,,,,,,,,,,
3,,3,,,,,,,,,,0.36803650856018066,,0.2680376470088959,,0.4081141948699951,,0.8653881549835205,,0.9515073299407959,,1.0857808589935303,1.03939950466156
3,,3,0.7898351550102234,1.0,1.0,0.9609375,0.83740234375,0.806640625,0.778961181640625,1.03939950466156,0.36803650856018066,,0.2680376470088959,,0.4081141948699951,,0.8653881549835205,,0.9515073299407959,,1.0857808589935303,,
,0.001,4,,,,,,,,,,,,,,,,,,,,,
4,,4,,,,,,,,,,0.12310096621513367,,0.1046886071562767,,0.292225182056427,,0.88556969165802,,0.9968787431716919,,1.1236417293548584,1.0752410888671875
4,,4,0.7898351550102234,1.0,1.0,0.9609375,0.83740234375,0.806640625,0.778961181640625,1.0752410888671875,0.12310096621513367,,0.1046886071562767,,0.292225182056427,,0.88556969165802,,0.9968787431716919,,1.1236417293548584,,
,0.001,5,,,,,,,,,,,,,,,,,,,,,
5,,5,,,,,,,,,,0.12792105972766876,,0.11831039935350418,,0.2988260090351105,,0.874727189540863,,0.9836084842681885,,1.1118758916854858,1.0635381937026978
5,,5,0.7898351550102234,1.0,1.0,0.9609375,0.83740234375,0.806640625,0.778961181640625,1.0635381937026978,0.12792105972766876,,0.11831039935350418,,0.2988260090351105,,0.874727189540863,,0.9836084842681885,,1.1118758916854858,,
,0.001,6,,,,,,,,,,,,,,,,,,,,,
6,,6,,,,,,,,,,0.21823401749134064,,0.21048545837402344,,0.3604302406311035,,0.858431875705719,,0.9459889531135559,,1.0824518203735352,1.0347037315368652
6,,6,0.7898351550102234,1.0,1.0,0.9609375,0.83740234375,0.806640625,0.778961181640625,1.0347037315368652,0.21823401749134064,,0.21048545837402344,,0.3604302406311035,,0.858431875705719,,0.9459889531135559,,1.0824518203735352,,
,0.001,7,,,,,,,,,,,,,,,,,,,,,
7,,7,,,,,,,,,,0.3291062116622925,,0.32966750860214233,,0.45283418893814087,,0.8828209638595581,,0.9497530460357666,,1.0938527584075928,1.0466196537017822
7,,7,0.7898351550102234,1.0,1.0,0.9609375,0.83740234375,0.806640625,0.778961181640625,1.0466196537017822,0.3291062116622925,,0.32966750860214233,,0.45283418893814087,,0.8828209638595581,,0.9497530460357666,,1.0938527584075928,,
,0.001,8,,,,,,,,,,,,,,,,,,,,,
8,,8,,,,,,,,,,0.3227635324001312,,0.3292517364025116,,0.454304575920105,,0.881507158279419,,0.9491323828697205,,1.0897924900054932,1.0434069633483887
8,,8,0.7898351550102234,1.0,1.0,0.9609375,0.83740234375,0.806640625,0.778961181640625,1.0434069633483887,0.3227635324001312,,0.3292517364025116,,0.454304575920105,,0.881507158279419,,0.9491323828697205,,1.0897924900054932,,
,0.001,9,,,,,,,,,,,,,,,,,,,,,
9,,9,,,,,,,,,,0.24168838560581207,,0.24773657321929932,,0.39076003432273865,,0.8557802438735962,,0.9355778098106384,,1.0735597610473633,1.0264379978179932
9,,9,0.7898351550102234,1.0,1.0,0.9609375,0.83740234375,0.806640625,0.778961181640625,1.0264379978179932,0.24168838560581207,,0.24773657321929932,,0.39076003432273865,,0.8557802438735962,,0.9355778098106384,,1.0735597610473633,,
,0.001,10,,,,,,,,,,,,,,,,,,,,,
10,,10,,,,,,,,,,0.17307141423225403,,0.17718881368637085,,0.3380495309829712,,0.8475462794303894,,0.9408738613128662,,1.079338788986206,1.030505657196045
10,,10,0.7898351550102234,1.0,1.0,0.9609375,0.83740234375,0.806640625,0.778961181640625,1.030505657196045,0.17307141423225403,,0.17718881368637085,,0.3380495309829712,,0.8475462794303894,,0.9408738613128662,,1.079338788986206,,
,0.001,11,,,,,,,,,,,,,,,,,,,,,
11,,11,,,,,,,,,,0.15453946590423584,,0.15786057710647583,,0.323927640914917,,0.849117636680603,,0.9478352665901184,,1.0867047309875488,1.0371750593185425
11,,11,0.7898351550102234,1.0,1.0,0.9609375,0.83740234375,0.806640625,0.778961181640625,1.0371750593185425,0.15453946590423584,,0.15786057710647583,,0.323927640914917,,0.849117636680603,,0.9478352665901184,,1.0867047309875488,,
,0.001,12,,,,,,,,,,,,,,,,,,,,,
12,,12,,,,,,,,,,0.17264701426029205,,0.17606577277183533,,0.335588276386261,,0.8467237949371338,,0.9419136643409729,,1.0802234411239624,1.031293272972107
12,,12,0.7898351550102234,1.0,1.0,0.9609375,0.83740234375,0.806640625,0.778961181640625,1.031293272972107,0.17264701426029205,,0.17606577277183533,,0.335588276386261,,0.8467237949371338,,0.9419136643409729,,1.0802234411239624,,
,0.001,13,,,,,,,,,,,,,,,,,,,,,
13,,13,,,,,,,,,,0.21530325710773468,,0.21929974853992462,,0.3658573031425476,,0.8477081060409546,,0.9341453313827515,,1.0724201202392578,1.0245413780212402
13,,13,0.7898351550102234,1.0,1.0,0.9609375,0.83740234375,0.806640625,0.778961181640625,1.0245413780212402,0.21530325710773468,,0.21929974853992462,,0.3658573031425476,,0.8477081060409546,,0.9341453313827515,,1.0724201202392578,,
,0.001,14,,,,,,,,,,,,,,,,,,,,,
14,,14,,,,,,,,,,0.2594594657421112,,0.2640346884727478,,0.3991084694862366,,0.8558746576309204,,0.9340663552284241,,1.0729420185089111,1.0258541107177734
14,,14,0.7898351550102234,1.0,1.0,0.9609375,0.83740234375,0.806640625,0.778961181640625,1.0258541107177734,0.2594594657421112,,0.2640346884727478,,0.3991084694862366,,0.8558746576309204,,0.9340663552284241,,1.0729420185089111,,
,0.001,15,,,,,,,,,,,,,,,,,,,,,
15,,15,,,,,,,,,,0.2692720592021942,,0.27373427152633667,,0.40686488151550293,,0.8588640093803406,,0.9344302415847778,,1.0731990337371826,1.0263818502426147
15,,15,0.7898351550102234,1.0,1.0,0.9609375,0.83740234375,0.806640625,0.778961181640625,1.0263818502426147,0.2692720592021942,,0.27373427152633667,,0.40686488151550293,,0.8588640093803406,,0.9344302415847778,,1.0731990337371826,,
,0.001,16,,,,,,,,,,,,,,,,,,,,,
16,,16,,,,,,,,,,0.23969164490699768,,0.2432941496372223,,0.38438934087753296,,0.8521554470062256,,0.9306146502494812,,1.0690298080444336,1.0218497514724731
16,,16,0.7898351550102234,1.0,1.0,0.9609375,0.83740234375,0.806640625,0.778961181640625,1.0218497514724731,0.23969164490699768,,0.2432941496372223,,0.38438934087753296,,0.8521554470062256,,0.9306146502494812,,1.0690298080444336,,
,0.001,17,,,,,,,,,,,,,,,,,,,,,
17,,17,,,,,,,,,,0.20032954216003418,,0.20285922288894653,,0.3550592064857483,,0.8462646007537842,,0.9299050569534302,,1.0688092708587646,1.0207839012145996
17,,17,0.7898351550102234,1.0,1.0,0.9609375,0.83740234375,0.806640625,0.778961181640625,1.0207839012145996,0.20032954216003418,,0.20285922288894653,,0.3550592064857483,,0.8462646007537842,,0.9299050569534302,,1.0688092708587646,,
,0.001,18,,,,,,,,,,,,,,,,,,,,,
18,,18,,,,,,,,,,0.17565789818763733,,0.1774808168411255,,0.3367910087108612,,0.8445748090744019,,0.932416558265686,,1.0721447467803955,1.0233713388442993
18,,18,0.7898351550102234,1.0,1.0,0.9609375,0.83740234375,0.806640625,0.778961181640625,1.0233713388442993,0.17565789818763733,,0.1774808168411255,,0.3367910087108612,,0.8445748090744019,,0.932416558265686,,1.0721447467803955,,
,0.001,19,,,,,,,,,,,,,,,,,,,,,
19,,19,,,,,,,,,,0.17235256731510162,,0.1737796664237976,,0.33285561203956604,,0.8427262902259827,,0.931816816329956,,1.0719246864318848,1.0229476690292358
19,,19,0.7898351550102234,1.0,1.0,0.9609375,0.83740234375,0.806640625,0.778961181640625,1.0229476690292358,0.17235256731510162,,0.1737796664237976,,0.33285561203956604,,0.8427262902259827,,0.931816816329956,,1.0719246864318848,,
,0.001,20,,,,,,,,,,,,,,,,,,,,,
20,,20,,,,,,,,,,0.18782304227352142,,0.18903422355651855,,0.3408559560775757,,0.8398945331573486,,0.9271794557571411,,1.0678811073303223,1.01906156539917
20,,20,0.7898351550102234,1.0,1.0,0.9609375,0.83740234375,0.806640625,0.778961181640625,1.01906156539917,0.18782304227352142,,0.18903422355651855,,0.3408559560775757,,0.8398945331573486,,0.9271794557571411,,1.0678811073303223,,
,0.001,21,,,,,,,,,,,,,,,,,,,,,
21,,21,,,,,,,,,,0.21345309913158417,,0.21467596292495728,,0.3551800847053528,,0.8388563394546509,,0.9228336811065674,,1.0657663345336914,1.0168732404708862
21,,21,0.7898351550102234,1.0,1.0,0.9609375,0.83740234375,0.806640625,0.778961181640625,1.0168732404708862,0.21345309913158417,,0.21467596292495728,,0.3551800847053528,,0.8388563394546509,,0.9228336811065674,,1.0657663345336914,,
,0.001,22,,,,,,,,,,,,,,,,,,,,,
22,,22,,,,,,,,,,0.23159940540790558,,0.23265379667282104,,0.3638177216053009,,0.8385716676712036,,0.9201041460037231,,1.0665007829666138,1.017066240310669
22,,22,0.7898351550102234,1.0,1.0,0.9609375,0.83740234375,0.806640625,0.778961181640625,1.017066240310669,0.23159940540790558,,0.23265379667282104,,0.3638177216053009,,0.8385716676712036,,0.9201041460037231,,1.0665007829666138,,
,0.001,23,,,,,,,,,,,,,,,,,,,,,
23,,23,,,,,,,,,,0.22552385926246643,,0.22613227367401123,,0.3558547794818878,,0.8346814513206482,,0.9159955382347107,,1.0644505023956299,1.0144582986831665
23,,23,0.7898351550102234,1.0,1.0,0.9609375,0.83740234375,0.806640625,0.778961181640625,1.0144582986831665,0.22552385926246643,,0.22613227367401123,,0.3558547794818878,,0.8346814513206482,,0.9159955382347107,,1.0644505023956299,,
,0.001,24,,,,,,,,,,,,,,,,,,,,,
24,,24,,,,,,,,,,0.20066463947296143,,0.2003721296787262,,0.3362865447998047,,0.8293261528015137,,0.9115010499954224,,1.0605030059814453,1.0100798606872559
24,,24,0.7898351550102234,1.0,1.0,0.9609375,0.83740234375,0.806640625,0.778961181640625,1.0100798606872559,0.20066463947296143,,0.2003721296787262,,0.3362865447998047,,0.8293261528015137,,0.9115010499954224,,1.0605030059814453,,
,0.001,25,,,,,,,,,,,,,,,,,,,,,
25,,25,,,,,,,,,,0.1763015240430832,,0.17492616176605225,,0.3182377219200134,,0.8264930844306946,,0.9080712199211121,,1.0590379238128662,1.0079007148742676
25,,25,0.7898351550102234,1.0,1.0,0.9609375,0.83740234375,0.806640625,0.778961181640625,1.0079007148742676,0.1763015240430832,,0.17492616176605225,,0.3182377219200134,,0.8264930844306946,,0.9080712199211121,,1.0590379238128662,,
,0.001,26,,,,,,,,,,,,,,,,,,,,,
26,,26,,,,,,,,,,0.16601161658763885,,0.1632479578256607,,0.30846884846687317,,0.8232160806655884,,0.9008389115333557,,1.0570974349975586,1.0047786235809326
26,,26,0.7898351550102234,1.0,1.0,0.9609375,0.83740234375,0.806640625,0.778961181640625,1.0047786235809326,0.16601161658763885,,0.1632479578256607,,0.30846884846687317,,0.8232160806655884,,0.9008389115333557,,1.0570974349975586,,
,0.001,27,,,,,,,,,,,,,,,,,,,,,
27,,27,,,,,,,,,,0.17237083613872528,,0.16756346821784973,,0.3059512972831726,,0.8147032260894775,,0.8854165077209473,,1.050693154335022,0.9966706037521362
27,,27,0.7898351550102234,1.0,1.0,0.9609375,0.83740234375,0.806640625,0.778961181640625,0.9966706037521362,0.17237083613872528,,0.16756346821784973,,0.3059512972831726,,0.8147032260894775,,0.8854165077209473,,1.050693154335022,,
,0.001,28,,,,,,,,,,,,,,,,,,,,,
28,,28,,,,,,,,,,0.18780753016471863,,0.17924469709396362,,0.30453991889953613,,0.7998442649841309,,0.8641595840454102,,1.0423071384429932,0.9857252240180969
28,,28,0.7898351550102234,1.0,1.0,0.9609375,0.83740234375,0.806640625,0.778961181640625,0.9857252240180969,0.18780753016471863,,0.17924469709396362,,0.30453991889953613,,0.7998442649841309,,0.8641595840454102,,1.0423071384429932,,
,0.001,29,,,,,,,,,,,,,,,,,,,,,
29,,29,,,,,,,,,,0.19038145244121552,,0.17492929100990295,,0.29316797852516174,,0.7793887853622437,,0.8376721143722534,,1.0301520824432373,0.970535933971405
29,,29,0.7898351550102234,1.0,1.0,0.9609375,0.83740234375,0.806640625,0.778961181640625,0.970535933971405,0.19038145244121552,,0.17492929100990295,,0.29316797852516174,,0.7793887853622437,,0.8376721143722534,,1.0301520824432373,,
,0.001,30,,,,,,,,,,,,,,,,,,,,,
30,,30,,,,,,,,,,0.16495546698570251,,0.1398402750492096,,0.27349814772605896,,0.76323401927948,,0.7854697704315186,,1.008837342262268,0.9436460733413696
30,,30,0.7898351550102234,1.0,1.0,0.9609375,0.83740234375,0.806640625,0.778961181640625,0.9436460733413696,0.16495546698570251,,0.1398402750492096,,0.27349814772605896,,0.76323401927948,,0.7854697704315186,,1.008837342262268,,
,0.001,31,,,,,,,,,,,,,,,,,,,,,
31,,31,,,,,,,,,,0.14574652910232544,,0.10728518664836884,,0.26549777388572693,,0.7339305877685547,,0.729590117931366,,0.9769027233123779,0.9076321125030518
31,,31,0.7916666865348816,1.0,1.0,0.9609375,0.83740234375,0.81640625,0.778961181640625,0.9076321125030518,0.14574652910232544,,0.10728518664836884,,0.26549777388572693,,0.7339305877685547,,0.729590117931366,,0.9769027233123779,,
,0.001,32,,,,,,,,,,,,,,,,,,,,,
32,,32,,,,,,,,,,0.13898614048957825,,0.08091335743665695,,0.268349826335907,,0.6575983762741089,,0.7378702163696289,,0.9645023345947266,0.8962547183036804
32,,32,0.7925137281417847,1.0,1.0,0.9609375,0.83740234375,0.8231201171875,0.778411865234375,0.8962547183036804,0.13898614048957825,,0.08091335743665695,,0.268349826335907,,0.6575983762741089,,0.7378702163696289,,0.9645023345947266,,
,0.001,33,,,,,,,,,,,,,,,,,,,,,
33,,33,,,,,,,,,,0.10199043154716492,,0.0508100725710392,,0.27353373169898987,,0.6522117853164673,,0.8228653073310852,,0.972265899181366,0.9177122116088867
33,,33,0.7869505882263184,1.0,1.0,0.9609375,0.83740234375,0.809326171875,0.774444580078125,0.9177122116088867,0.10199043154716492,,0.0508100725710392,,0.27353373169898987,,0.6522117853164673,,0.8228653073310852,,0.972265899181366,,
,0.001,34,,,,,,,,,,,,,,,,,,,,,
34,,34,,,,,,,,,,0.13516971468925476,,0.07098368555307388,,0.2702268660068512,,0.5864089727401733,,0.7037995457649231,,0.9492876529693604,0.8751034140586853
34,,34,0.7827609777450562,1.0,1.0,0.9609375,0.84716796875,0.8203125,0.7655029296875,0.8751034140586853,0.13516971468925476,,0.07098368555307388,,0.2702268660068512,,0.5864089727401733,,0.7037995457649231,,0.9492876529693604,,
,0.001,35,,,,,,,,,,,,,,,,,,,,,
35,,35,,,,,,,,,,0.15521131455898285,,0.08963924646377563,,0.269429087638855,,0.5824933052062988,,0.6758584976196289,,0.9231082201004028,0.8501002788543701
35,,35,0.7919185161590576,1.0,1.0,0.9609375,0.84765625,0.8262939453125,0.77618408203125,0.8501002788543701,0.15521131455898285,,0.08963924646377563,,0.269429087638855,,0.5824933052062988,,0.6758584976196289,,0.9231082201004028,,
,0.001,36,,,,,,,,,,,,,,,,,,,,,
36,,36,,,,,,,,,,0.14358434081077576,,0.08560754358768463,,0.27033859491348267,,0.5797837972640991,,0.696749746799469,,0.9240584969520569,0.8545945286750793
36,,36,0.7949175834655762,1.0,1.0,0.9609375,0.84619140625,0.8258056640625,0.7803955078125,0.8545945286750793,0.14358434081077576,,0.08560754358768463,,0.27033859491348267,,0.5797837972640991,,0.696749746799469,,0.9240584969520569,,
,0.001,37,,,,,,,,,,,,,,,,,,,,,
37,,37,,,,,,,,,,0.15330751240253448,,0.09514519572257996,,0.2710033357143402,,0.5737758874893188,,0.7115599513053894,,0.9051685333251953,0.8429623246192932
37,,37,0.7957189083099365,1.0,1.0,0.9609375,0.8486328125,0.8294677734375,0.7803955078125,0.8429623246192932,0.15330751240253448,,0.09514519572257996,,0.2710033357143402,,0.5737758874893188,,0.7115599513053894,,0.9051685333251953,,
,0.001,38,,,,,,,,,,,,,,,,,,,,,
38,,38,,,,,,,,,,0.13756658136844635,,0.08411354571580887,,0.2713780105113983,,0.5449657440185547,,0.6706341505050659,,0.8961141109466553,0.8271040916442871
38,,38,0.7957417964935303,1.0,1.0,0.9609375,0.8544921875,0.827880859375,0.78045654296875,0.8271040916442871,0.13756658136844635,,0.08411354571580887,,0.2713780105113983,,0.5449657440185547,,0.6706341505050659,,0.8961141109466553,,
,0.001,39,,,,,,,,,,,,,,,,,,,,,
39,,39,,,,,,,,,,0.09259755164384842,,0.05100919306278229,,0.27419930696487427,,0.5066320896148682,,0.6350899338722229,,0.8814582824707031,0.8075491189956665
39,,39,0.7947115302085876,1.0,1.0,0.9609375,0.8544921875,0.8223876953125,0.78045654296875,0.8075491189956665,0.09259755164384842,,0.05100919306278229,,0.27419930696487427,,0.5066320896148682,,0.6350899338722229,,0.8814582824707031,,
,0.001,40,,,,,,,,,,,,,,,,,,,,,
40,,40,,,,,,,,,,0.07251230627298355,,0.03434187173843384,,0.2787901759147644,,0.4825674891471863,,0.6401913166046143,,0.8655891418457031,0.7954630851745605
40,,40,0.7960165143013,1.0,1.0,0.9609375,0.85888671875,0.8248291015625,0.78131103515625,0.7954630851745605,0.07251230627298355,,0.03434187173843384,,0.2787901759147644,,0.4825674891471863,,0.6401913166046143,,0.8655891418457031,,
,0.001,41,,,,,,,,,,,,,,,,,,,,,
41,,41,,,,,,,,,,0.05925409495830536,,0.02366580441594124,,0.28446879982948303,,0.47236987948417664,,0.6354373693466187,,0.8586227893829346,0.7888928651809692
41,,41,0.7972069978713989,1.0,1.0,0.9609375,0.85888671875,0.8314208984375,0.78125,0.7888928651809692,0.05925409495830536,,0.02366580441594124,,0.28446879982948303,,0.47236987948417664,,0.6354373693466187,,0.8586227893829346,,
,0.001,42,,,,,,,,,,,,,,,,,,,,,
42,,42,,,,,,,,,,0.04955480992794037,,0.018583994358778,,0.28992295265197754,,0.47264790534973145,,0.6170321106910706,,0.8695919513702393,0.7937249541282654
42,,42,0.8000457882881165,1.0,1.0,0.9609375,0.85888671875,0.836181640625,0.783843994140625,0.7937249541282654,0.04955480992794037,,0.018583994358778,,0.28992295265197754,,0.47264790534973145,,0.6170321106910706,,0.8695919513702393,,
,0.001,43,,,,,,,,,,,,,,,,,,,,,
43,,43,,,,,,,,,,0.06506671756505966,,0.024276943877339363,,0.28962796926498413,,0.4681605398654938,,0.6050980687141418,,0.8787769079208374,0.7981913089752197
43,,43,0.7839743494987488,1.0,1.0,0.9609375,0.86328125,0.830810546875,0.76348876953125,0.7981913089752197,0.06506671756505966,,0.024276943877339363,,0.28962796926498413,,0.4681605398654938,,0.6050980687141418,,0.8787769079208374,,
,0.001,44,,,,,,,,,,,,,,,,,,,,,
44,,44,,,,,,,,,,0.06428249925374985,,0.026649855077266693,,0.29058825969696045,,0.46594560146331787,,0.5975643992424011,,0.8219228982925415,0.754041314125061
44,,44,0.8004350066184998,1.0,1.0,0.9609375,0.86328125,0.83154296875,0.785247802734375,0.754041314125061,0.06428249925374985,,0.026649855077266693,,0.29058825969696045,,0.46594560146331787,,0.5975643992424011,,0.8219228982925415,,
,0.001,45,,,,,,,,,,,,,,,,,,,,,
45,,45,,,,,,,,,,0.060850225389003754,,0.027407467365264893,,0.28952187299728394,,0.4650595188140869,,0.5875720381736755,,0.8340333700180054,0.7611980438232422
45,,45,0.7990842461585999,1.0,1.0,0.9609375,0.86328125,0.8345947265625,0.782684326171875,0.7611980438232422,0.060850225389003754,,0.027407467365264893,,0.28952187299728394,,0.4650595188140869,,0.5875720381736755,,0.8340333700180054,,
,0.001,46,,,,,,,,,,,,,,,,,,,,,
46,,46,,,,,,,,,,0.07254667580127716,,0.03344033658504486,,0.284659743309021,,0.46574902534484863,,0.5944832563400269,,0.8117046356201172,0.7457451224327087
46,,46,0.8022435903549194,1.0,1.0,0.9609375,0.8671875,0.833740234375,0.786865234375,0.7457451224327087,0.07254667580127716,,0.03344033658504486,,0.284659743309021,,0.46574902534484863,,0.5944832563400269,,0.8117046356201172,,
,0.001,47,,,,,,,,,,,,,,,,,,,,,
47,,47,,,,,,,,,,0.06604227423667908,,0.030401894822716713,,0.28248363733291626,,0.46458861231803894,,0.5786901712417603,,0.7944251894950867,0.7297268509864807
47,,47,0.8019002079963684,1.0,1.0,0.9609375,0.86474609375,0.84228515625,0.784423828125,0.7297268509864807,0.06604227423667908,,0.030401894822716713,,0.28248363733291626,,0.46458861231803894,,0.5786901712417603,,0.7944251894950867,,
,0.001,48,,,,,,,,,,,,,,,,,,,,,
48,,48,,,,,,,,,,0.055426739156246185,,0.02497822232544422,,0.28268009424209595,,0.4698849022388458,,0.5759295225143433,,0.792858898639679,0.7282610535621643
48,,48,0.7997252941131592,1.0,1.0,0.9609375,0.86083984375,0.8414306640625,0.781982421875,0.7282610535621643,0.055426739156246185,,0.02497822232544422,,0.28268009424209595,,0.4698849022388458,,0.5759295225143433,,0.792858898639679,,
,0.001,49,,,,,,,,,,,,,,,,,,,,,
49,,49,,,,,,,,,,0.05892710015177727,,0.02445523627102375,,0.28117334842681885,,0.46214157342910767,,0.574408233165741,,0.7642560005187988,0.7061386704444885
49,,49,0.8041666746139526,1.0,1.0,0.9609375,0.8603515625,0.8406982421875,0.788116455078125,0.7061386704444885,0.05892710015177727,,0.02445523627102375,,0.28117334842681885,,0.46214157342910767,,0.574408233165741,,0.7642560005187988,,
,0.001,50,,,,,,,,,,,,,,,,,,,,,
50,,50,,,,,,,,,,0.06449387222528458,,0.02376045286655426,,0.27993881702423096,,0.4631096124649048,,0.5733770132064819,,0.7651141285896301,0.7066219449043274
50,,50,0.8095924854278564,1.0,1.0,0.9609375,0.86328125,0.841064453125,0.795074462890625,0.7066219449043274,0.06449387222528458,,0.02376045286655426,,0.27993881702423096,,0.4631096124649048,,0.5733770132064819,,0.7651141285896301,,
,0.001,51,,,,,,,,,,,,,,,,,,,,,
51,,51,,,,,,,,,,0.058388955891132355,,0.020112156867980957,,0.28033939003944397,,0.4647830128669739,,0.577545166015625,,0.7462031841278076,0.6932849884033203
51,,51,0.8106914162635803,1.0,1.0,0.9609375,0.86328125,0.8414306640625,0.79644775390625,0.6932849884033203,0.058388955891132355,,0.020112156867980957,,0.28033939003944397,,0.4647830128669739,,0.577545166015625,,0.7462031841278076,,
,0.001,52,,,,,,,,,,,,,,,,,,,,,
52,,52,,,,,,,,,,0.06287455558776855,,0.019988318905234337,,0.2773951292037964,,0.46367406845092773,,0.5704635381698608,,0.7259631156921387,0.6766895055770874
52,,52,0.8121795058250427,1.0,1.0,0.9609375,0.86328125,0.841064453125,0.79852294921875,0.6766895055770874,0.06287455558776855,,0.019988318905234337,,0.2773951292037964,,0.46367406845092773,,0.5704635381698608,,0.7259631156921387,,
,0.001,53,,,,,,,,,,,,,,,,,,,,,
53,,53,,,,,,,,,,0.07262927293777466,,0.021593928337097168,,0.2728177011013031,,0.4604964852333069,,0.571000337600708,,0.7266082763671875,0.6770833730697632
53,,53,0.8120192289352417,1.0,1.0,0.9609375,0.86328125,0.8388671875,0.798858642578125,0.6770833730697632,0.07262927293777466,,0.021593928337097168,,0.2728177011013031,,0.4604964852333069,,0.571000337600708,,0.7266082763671875,,
,0.001,54,,,,,,,,,,,,,,,,,,,,,
54,,54,,,,,,,,,,0.06823697686195374,,0.020921332761645317,,0.270956814289093,,0.455737829208374,,0.5616199970245361,,0.7091993689537048,0.6620141267776489
54,,54,0.8135073184967041,1.0,1.0,0.9609375,0.86083984375,0.8389892578125,0.80096435546875,0.6620141267776489,0.06823697686195374,,0.020921332761645317,,0.270956814289093,,0.455737829208374,,0.5616199970245361,,0.7091993689537048,,
,0.001,55,,,,,,,,,,,,,,,,,,,,,
55,,55,,,,,,,,,,0.0761796236038208,,0.024053361266851425,,0.26781022548675537,,0.45317405462265015,,0.5593229532241821,,0.6962085962295532,0.6516957879066467
55,,55,0.817147433757782,1.0,1.0,0.9609375,0.86328125,0.8416748046875,0.80499267578125,0.6516957879066467,0.0761796236038208,,0.024053361266851425,,0.26781022548675537,,0.45317405462265015,,0.5593229532241821,,0.6962085962295532,,
,0.001,56,,,,,,,,,,,,,,,,,,,,,
56,,56,,,,,,,,,,0.08876591920852661,,0.028397278860211372,,0.26495659351348877,,0.45078855752944946,,0.5580304861068726,,0.6962839365005493,0.6513866186141968
56,,56,0.8180403113365173,1.0,1.0,0.9609375,0.8671875,0.8406982421875,0.806182861328125,0.6513866186141968,0.08876591920852661,,0.028397278860211372,,0.26495659351348877,,0.45078855752944946,,0.5580304861068726,,0.6962839365005493,,
,0.001,57,,,,,,,,,,,,,,,,,,,,,
57,,57,,,,,,,,,,0.07889856398105621,,0.02490662783384323,,0.26389259099960327,,0.44851022958755493,,0.5564244985580444,,0.68058180809021,0.6391692161560059
57,,57,0.8185210824012756,1.0,1.0,0.9609375,0.8642578125,0.8414306640625,0.80682373046875,0.6391692161560059,0.07889856398105621,,0.02490662783384323,,0.26389259099960327,,0.44851022958755493,,0.5564244985580444,,0.68058180809021,,
,0.001,58,,,,,,,,,,,,,,,,,,,,,
58,,58,,,,,,,,,,0.0679285004734993,,0.020251985639333725,,0.26211458444595337,,0.44654524326324463,,0.5563304424285889,,0.6782766580581665,0.6372876167297363
58,,58,0.819665789604187,1.0,1.0,0.9609375,0.87060546875,0.8406982421875,0.808135986328125,0.6372876167297363,0.0679285004734993,,0.020251985639333725,,0.26211458444595337,,0.44654524326324463,,0.5563304424285889,,0.6782766580581665,,
,0.001,59,,,,,,,,,,,,,,,,,,,,,
59,,59,,,,,,,,,,0.0702119693160057,,0.019193891435861588,,0.2571253478527069,,0.4449183940887451,,0.5467213988304138,,0.6691373586654663,0.6284931302070618
59,,59,0.8206273317337036,1.0,1.0,0.9609375,0.87255859375,0.841796875,0.80902099609375,0.6284931302070618,0.0702119693160057,,0.019193891435861588,,0.2571253478527069,,0.4449183940887451,,0.5467213988304138,,0.6691373586654663,,
,0.001,60,,,,,,,,,,,,,,,,,,,,,
60,,60,,,,,,,,,,0.06979882717132568,,0.01766684278845787,,0.2525124251842499,,0.442402720451355,,0.5450170636177063,,0.6585313081741333,0.6200401782989502
60,,60,0.8211309909820557,1.0,1.0,0.9609375,0.87255859375,0.841796875,0.8096923828125,0.6200401782989502,0.06979882717132568,,0.01766684278845787,,0.2525124251842499,,0.442402720451355,,0.5450170636177063,,0.6585313081741333,,
,0.001,61,,,,,,,,,,,,,,,,,,,,,
61,,61,,,,,,,,,,0.06218014284968376,,0.014609714038670063,,0.2483367919921875,,0.44390738010406494,,0.5400885343551636,,0.6551560163497925,0.6165908575057983
61,,61,0.8224816918373108,1.0,1.0,0.9609375,0.87060546875,0.84228515625,0.811492919921875,0.6165908575057983,0.06218014284968376,,0.014609714038670063,,0.2483367919921875,,0.44390738010406494,,0.5400885343551636,,0.6551560163497925,,
,0.001,62,,,,,,,,,,,,,,,,,,,,,
62,,62,,,,,,,,,,0.0633746013045311,,0.013708588667213917,,0.2401231825351715,,0.4394361972808838,,0.5392670035362244,,0.6419514417648315,0.6062232851982117
62,,62,0.8248626589775085,1.0,1.0,0.9609375,0.873046875,0.844482421875,0.81396484375,0.6062232851982117,0.0633746013045311,,0.013708588667213917,,0.2401231825351715,,0.4394361972808838,,0.5392670035362244,,0.6419514417648315,,
,0.001,63,,,,,,,,,,,,,,,,,,,,,
63,,63,,,,,,,,,,0.05917420983314514,,0.012024267576634884,,0.2346147745847702,,0.43553411960601807,,0.5339701175689697,,0.6346916556358337,0.5995281338691711
63,,63,0.8259157538414001,1.0,1.0,0.9609375,0.8740234375,0.8453369140625,0.815093994140625,0.5995281338691711,0.05917420983314514,,0.012024267576634884,,0.2346147745847702,,0.43553411960601807,,0.5339701175689697,,0.6346916556358337,,
,0.001,64,,,,,,,,,,,,,,,,,,,,,
64,,64,,,,,,,,,,0.05245843529701233,,0.01015394926071167,,0.23224857449531555,,0.4311072826385498,,0.5330361127853394,,0.6362947225570679,0.6003099083900452
64,,64,0.8255037069320679,1.0,1.0,0.9609375,0.8740234375,0.8447265625,0.814697265625,0.6003099083900452,0.05245843529701233,,0.01015394926071167,,0.23224857449531555,,0.4311072826385498,,0.5330361127853394,,0.6362947225570679,,
,0.001,65,,,,,,,,,,,,,,,,,,,,,
65,,65,,,,,,,,,,0.05203992873430252,,0.009386364370584488,,0.2389889806509018,,0.42657774686813354,,0.5282166004180908,,0.6519597172737122,0.6110216379165649
65,,65,0.8215888738632202,1.0,1.0,0.9609375,0.87548828125,0.8465576171875,0.808929443359375,0.6110216379165649,0.05203992873430252,,0.009386364370584488,,0.2389889806509018,,0.42657774686813354,,0.5282166004180908,,0.6519597172737122,,
,0.001,66,,,,,,,,,,,,,,,,,,,,,
66,,66,,,,,,,,,,0.04272444173693657,,0.008291643112897873,,0.23389273881912231,,0.4246886074542999,,0.5285491943359375,,0.6590224504470825,0.6162240505218506
66,,66,0.8222298622131348,1.0,1.0,0.9609375,0.8740234375,0.8443603515625,0.8104248046875,0.6162240505218506,0.04272444173693657,,0.008291643112897873,,0.23389273881912231,,0.4246886074542999,,0.5285491943359375,,0.6590224504470825,,
,0.001,67,,,,,,,,,,,,,,,,,,,,,
67,,67,,,,,,,,,,0.050007354468107224,,0.010493236593902111,,0.24068090319633484,,0.42550212144851685,,0.5334674119949341,,0.6307777762413025,0.5960872769355774
67,,67,0.821955144405365,1.0,1.0,0.9609375,0.87353515625,0.843994140625,0.8101806640625,0.5960872769355774,0.050007354468107224,,0.010493236593902111,,0.24068090319633484,,0.42550212144851685,,0.5334674119949341,,0.6307777762413025,,
,0.001,68,,,,,,,,,,,,,,,,,,,,,
68,,68,,,,,,,,,,0.05023105815052986,,0.011516526341438293,,0.23863375186920166,,0.4232621192932129,,0.5422180891036987,,0.6293692588806152,0.596545934677124
68,,68,0.8261218070983887,1.0,1.0,0.9609375,0.86962890625,0.8466796875,0.8153076171875,0.596545934677124,0.05023105815052986,,0.011516526341438293,,0.23863375186920166,,0.4232621192932129,,0.5422180891036987,,0.6293692588806152,,
,0.001,69,,,,,,,,,,,,,,,,,,,,,
69,,69,,,,,,,,,,0.03684651106595993,,0.009771725162863731,,0.22964735329151154,,0.42000073194503784,,0.5375826358795166,,0.6233934164047241,0.5909203886985779
69,,69,0.8270375728607178,1.0,1.0,0.9609375,0.86767578125,0.843994140625,0.81732177734375,0.5909203886985779,0.03684651106595993,,0.009771725162863731,,0.22964735329151154,,0.42000073194503784,,0.5375826358795166,,0.6233934164047241,,
,0.001,70,,,,,,,,,,,,,,,,,,,,,
70,,70,,,,,,,,,,0.02933734469115734,,0.009281138889491558,,0.23855116963386536,,0.4177805781364441,,0.5362042188644409,,0.6139672994613647,0.5835839509963989
70,,70,0.8272436261177063,1.0,1.0,0.9609375,0.86865234375,0.8424072265625,0.81793212890625,0.5835839509963989,0.02933734469115734,,0.009281138889491558,,0.23855116963386536,,0.4177805781364441,,0.5362042188644409,,0.6139672994613647,,
,0.001,71,,,,,,,,,,,,,,,,,,,,,
71,,71,,,,,,,,,,0.03128154203295708,,0.01140217948704958,,0.24146999418735504,,0.40746429562568665,,0.5259131193161011,,0.6118820905685425,0.5796477198600769
71,,71,0.8237408399581909,1.0,1.0,0.9609375,0.87109375,0.84326171875,0.812896728515625,0.5796477198600769,0.03128154203295708,,0.01140217948704958,,0.24146999418735504,,0.40746429562568665,,0.5259131193161011,,0.6118820905685425,,
,0.001,72,,,,,,,,,,,,,,,,,,,,,
72,,72,,,,,,,,,,0.03348150476813316,,0.013025445863604546,,0.24058054387569427,,0.4048006534576416,,0.5205456018447876,,0.6135696172714233,0.5797780752182007
72,,72,0.8212454319000244,1.0,1.0,0.9609375,0.87353515625,0.844970703125,0.808990478515625,0.5797780752182007,0.03348150476813316,,0.013025445863604546,,0.24058054387569427,,0.4048006534576416,,0.5205456018447876,,0.6135696172714233,,
,0.001,73,,,,,,,,,,,,,,,,,,,,,
73,,73,,,,,,,,,,0.026989003643393517,,0.010180415585637093,,0.24313844740390778,,0.4009022116661072,,0.5136001706123352,,0.5971445441246033,0.565987765789032
73,,73,0.8283196091651917,1.0,1.0,0.9609375,0.8681640625,0.845947265625,0.818511962890625,0.565987765789032,0.026989003643393517,,0.010180415585637093,,0.24313844740390778,,0.4009022116661072,,0.5136001706123352,,0.5971445441246033,,
,0.001,74,,,,,,,,,,,,,,,,,,,,,
74,,74,,,,,,,,,,0.022258108481764793,,0.008285830728709698,,0.2430357038974762,,0.40031278133392334,,0.5108013153076172,,0.6041045188903809,0.5706462860107422
74,,74,0.8268086314201355,1.0,1.0,0.9609375,0.8681640625,0.8463134765625,0.81640625,0.5706462860107422,0.022258108481764793,,0.008285830728709698,,0.2430357038974762,,0.40031278133392334,,0.5108013153076172,,0.6041045188903809,,
,0.001,75,,,,,,,,,,,,,,,,,,,,,
75,,75,,,,,,,,,,0.023511545732617378,,0.009011657908558846,,0.2337755709886551,,0.3926633894443512,,0.5084911584854126,,0.5924199819564819,0.5609833002090454
75,,75,0.8279303908348083,1.0,1.0,0.9609375,0.87451171875,0.8465576171875,0.81744384765625,0.5609833002090454,0.023511545732617378,,0.009011657908558846,,0.2337755709886551,,0.3926633894443512,,0.5084911584854126,,0.5924199819564819,,
,0.001,76,,,,,,,,,,,,,,,,,,,,,
76,,76,,,,,,,,,,0.025758391246199608,,0.010546961799263954,,0.23245900869369507,,0.3870581388473511,,0.5109062194824219,,0.5871920585632324,0.5572422742843628
76,,76,0.826945960521698,1.0,1.0,0.9609375,0.8740234375,0.8414306640625,0.81744384765625,0.5572422742843628,0.025758391246199608,,0.010546961799263954,,0.23245900869369507,,0.3870581388473511,,0.5109062194824219,,0.5871920585632324,,
,0.001,77,,,,,,,,,,,,,,,,,,,,,
77,,77,,,,,,,,,,0.022179177030920982,,0.009309861809015274,,0.23414398729801178,,0.3869205713272095,,0.5071748495101929,,0.5850178003311157,0.5549184083938599
77,,77,0.8285256624221802,1.0,1.0,0.9609375,0.8759765625,0.845947265625,0.81829833984375,0.5549184083938599,0.022179177030920982,,0.009309861809015274,,0.23414398729801178,,0.3869205713272095,,0.5071748495101929,,0.5850178003311157,,
,0.001,78,,,,,,,,,,,,,,,,,,,,,
78,,78,,,,,,,,,,0.018124675378203392,,0.007032753899693489,,0.23341989517211914,,0.38674989342689514,,0.503493070602417,,0.5814121961593628,0.5514969229698181
78,,78,0.8296703696250916,1.0,1.0,0.9609375,0.87744140625,0.84619140625,0.819671630859375,0.5514969229698181,0.018124675378203392,,0.007032753899693489,,0.23341989517211914,,0.38674989342689514,,0.503493070602417,,0.5814121961593628,,
,0.001,79,,,,,,,,,,,,,,,,,,,,,
79,,79,,,,,,,,,,0.017932547256350517,,0.006078018806874752,,0.23718029260635376,,0.38352447748184204,,0.49768686294555664,,0.5763121843338013,0.5464719533920288
79,,79,0.8293498158454895,1.0,1.0,0.9609375,0.87744140625,0.845947265625,0.819305419921875,0.5464719533920288,0.017932547256350517,,0.006078018806874752,,0.23718029260635376,,0.38352447748184204,,0.49768686294555664,,0.5763121843338013,,
,0.001,80,,,,,,,,,,,,,,,,,,,,,
80,,80,,,,,,,,,,0.017351023852825165,,0.005415818654000759,,0.23274224996566772,,0.3803095817565918,,0.4935043454170227,,0.5743927359580994,0.5440424680709839
80,,80,0.8297390341758728,1.0,1.0,0.9609375,0.87744140625,0.846923828125,0.819580078125,0.5440424680709839,0.017351023852825165,,0.005415818654000759,,0.23274224996566772,,0.3803095817565918,,0.4935043454170227,,0.5743927359580994,,
,0.001,81,,,,,,,,,,,,,,,,,,,,,
81,,81,,,,,,,,,,0.015141548588871956,,0.004665741231292486,,0.22858229279518127,,0.37906795740127563,,0.49000218510627747,,0.5678155422210693,0.5383407473564148
81,,81,0.8312729001045227,1.0,1.0,0.9609375,0.87646484375,0.8477783203125,0.82147216796875,0.5383407473564148,0.015141548588871956,,0.004665741231292486,,0.22858229279518127,,0.37906795740127563,,0.49000218510627747,,0.5678155422210693,,
,0.001,82,,,,,,,,,,,,,,,,,,,,,
82,,82,,,,,,,,,,0.015226437710225582,,0.004566703923046589,,0.23021842539310455,,0.37838855385780334,,0.4884418249130249,,0.5659899711608887,0.5366657376289368
82,,82,0.8310897350311279,1.0,1.0,0.9609375,0.87451171875,0.8482666015625,0.82122802734375,0.5366657376289368,0.015226437710225582,,0.004566703923046589,,0.23021842539310455,,0.37838855385780334,,0.4884418249130249,,0.5659899711608887,,
,0.001,83,,,,,,,,,,,,,,,,,,,,,
83,,83,,,,,,,,,,0.016366522759199142,,0.004691213369369507,,0.22852645814418793,,0.3812897503376007,,0.4904589056968689,,0.5647452473640442,0.5362276434898376
83,,83,0.8298993110656738,1.0,1.0,0.9609375,0.87451171875,0.847412109375,0.819854736328125,0.5362276434898376,0.016366522759199142,,0.004691213369369507,,0.22852645814418793,,0.3812897503376007,,0.4904589056968689,,0.5647452473640442,,
,0.001,84,,,,,,,,,,,,,,,,,,,,,
84,,84,,,,,,,,,,0.014461350627243519,,0.003995331935584545,,0.23027707636356354,,0.37599992752075195,,0.48332807421684265,,0.5585220456123352,0.5299907922744751
84,,84,0.8314789533615112,1.0,1.0,0.9609375,0.87451171875,0.8480224609375,0.821807861328125,0.5299907922744751,0.014461350627243519,,0.003995331935584545,,0.23027707636356354,,0.37599992752075195,,0.48332807421684265,,0.5585220456123352,,
,0.001,85,,,,,,,,,,,,,,,,,,,,,
85,,85,,,,,,,,,,0.01390296220779419,,0.0036340164951980114,,0.2261701226234436,,0.3744165003299713,,0.4842803180217743,,0.55559903383255,0.5278527736663818
85,,85,0.8313645124435425,1.0,1.0,0.9609375,0.8759765625,0.84765625,0.8216552734375,0.5278527736663818,0.01390296220779419,,0.0036340164951980114,,0.2261701226234436,,0.3744165003299713,,0.4842803180217743,,0.55559903383255,,
,0.001,86,,,,,,,,,,,,,,,,,,,,,
86,,86,,,,,,,,,,0.014980672858655453,,0.003758334554731846,,0.22184531390666962,,0.37312620878219604,,0.48112255334854126,,0.5557221174240112,0.5272427797317505
86,,86,0.8305860757827759,1.0,1.0,0.9609375,0.8759765625,0.8472900390625,0.820709228515625,0.5272427797317505,0.014980672858655453,,0.003758334554731846,,0.22184531390666962,,0.37312620878219604,,0.48112255334854126,,0.5557221174240112,,
,0.001,87,,,,,,,,,,,,,,,,,,,,,
87,,87,,,,,,,,,,0.014080467633903027,,0.0035908170975744724,,0.22024181485176086,,0.37093937397003174,,0.47944554686546326,,0.5505996942520142,0.5229631066322327
87,,87,0.8325549364089966,1.0,1.0,0.9609375,0.87744140625,0.84814453125,0.823028564453125,0.5229631066322327,0.014080467633903027,,0.0035908170975744724,,0.22024181485176086,,0.37093937397003174,,0.47944554686546326,,0.5505996942520142,,
,0.001,88,,,,,,,,,,,,,,,,,,,,,
88,,88,,,,,,,,,,0.015100216493010521,,0.0037188115529716015,,0.22050245106220245,,0.3684149980545044,,0.4762157201766968,,0.5476935505867004,0.5200629830360413
88,,88,0.8326923251152039,1.0,1.0,0.9609375,0.87548828125,0.8489990234375,0.8231201171875,0.5200629830360413,0.015100216493010521,,0.0037188115529716015,,0.22050245106220245,,0.3684149980545044,,0.4762157201766968,,0.5476935505867004,,
,0.001,89,,,,,,,,,,,,,,,,,,,,,
89,,89,,,,,,,,,,0.016032235696911812,,0.003726684721186757,,0.2208605408668518,,0.36555033922195435,,0.4774206280708313,,0.5464740991592407,0.5192447900772095
89,,89,0.8315476179122925,1.0,1.0,0.9609375,0.87451171875,0.8485107421875,0.82177734375,0.5192447900772095,0.016032235696911812,,0.003726684721186757,,0.2208605408668518,,0.36555033922195435,,0.4774206280708313,,0.5464740991592407,,
,0.001,90,,,,,,,,,,,,,,,,,,,,,
90,,90,,,,,,,,,,0.014033684507012367,,0.003236604854464531,,0.21468578279018402,,0.3636676073074341,,0.47272026538848877,,0.5451598167419434,0.5172137022018433
90,,90,0.8320971131324768,1.0,1.0,0.9609375,0.87451171875,0.8487548828125,0.82244873046875,0.5172137022018433,0.014033684507012367,,0.003236604854464531,,0.21468578279018402,,0.3636676073074341,,0.47272026538848877,,0.5451598167419434,,
,0.001,91,,,,,,,,,,,,,,,,,,,,,
91,,91,,,,,,,,,,0.015043499879539013,,0.0033025876618921757,,0.21239864826202393,,0.3615161180496216,,0.4700062870979309,,0.5422389507293701,0.514386773109436
91,,91,0.8317307829856873,1.0,1.0,0.9609375,0.875,0.849853515625,0.8216552734375,0.514386773109436,0.015043499879539013,,0.0033025876618921757,,0.21239864826202393,,0.3615161180496216,,0.4700062870979309,,0.5422389507293701,,
,0.001,92,,,,,,,,,,,,,,,,,,,,,
92,,92,,,,,,,,,,0.014876031316816807,,0.003115801839157939,,0.21057000756263733,,0.36058109998703003,,0.468533456325531,,0.5391075015068054,0.5116954445838928
92,,92,0.8317994475364685,1.0,1.0,0.9609375,0.87744140625,0.8486328125,0.8218994140625,0.5116954445838928,0.014876031316816807,,0.003115801839157939,,0.21057000756263733,,0.36058109998703003,,0.468533456325531,,0.5391075015068054,,
,0.001,93,,,,,,,,,,,,,,,,,,,,,
93,,93,,,,,,,,,,0.014258528128266335,,0.002998482435941696,,0.2092597782611847,,0.36018601059913635,,0.46733611822128296,,0.5363327264785767,0.5093545913696289
93,,93,0.8326236605644226,1.0,1.0,0.9609375,0.8759765625,0.85009765625,0.822723388671875,0.5093545913696289,0.014258528128266335,,0.002998482435941696,,0.2092597782611847,,0.36018601059913635,,0.46733611822128296,,0.5363327264785767,,
,0.001,94,,,,,,,,,,,,,,,,,,,,,
94,,94,,,,,,,,,,0.015600664541125298,,0.003071923740208149,,0.20475706458091736,,0.3601894676685333,,0.46665632724761963,,0.5347754955291748,0.5080075263977051
94,,94,0.8328297138214111,1.0,1.0,0.9609375,0.8759765625,0.8502197265625,0.822967529296875,0.5080075263977051,0.015600664541125298,,0.003071923740208149,,0.20475706458091736,,0.3601894676685333,,0.46665632724761963,,0.5347754955291748,,
,0.001,95,,,,,,,,,,,,,,,,,,,,,
95,,95,,,,,,,,,,0.01410315278917551,,0.002514930907636881,,0.20339295268058777,,0.3588355779647827,,0.4650036096572876,,0.5348730087280273,0.5076885223388672
95,,95,0.8330815434455872,1.0,1.0,0.9609375,0.8779296875,0.848876953125,0.823516845703125,0.5076885223388672,0.01410315278917551,,0.002514930907636881,,0.20339295268058777,,0.3588355779647827,,0.4650036096572876,,0.5348730087280273,,
,0.001,96,,,,,,,,,,,,,,,,,,,,,
96,,96,,,,,,,,,,0.015991410240530968,,0.002685484942048788,,0.2003122866153717,,0.35740792751312256,,0.4642309248447418,,0.5320911407470703,0.5053555369377136
96,,96,0.8329441547393799,1.0,1.0,0.9609375,0.87646484375,0.8487548828125,0.823455810546875,0.5053555369377136,0.015991410240530968,,0.002685484942048788,,0.2003122866153717,,0.35740792751312256,,0.4642309248447418,,0.5320911407470703,,
,0.001,97,,,,,,,,,,,,,,,,,,,,,
97,,97,,,,,,,,,,0.01407517772167921,,0.0023357844911515713,,0.19779914617538452,,0.35616031289100647,,0.46305161714553833,,0.5294504165649414,0.5030629634857178
97,,97,0.8345696330070496,1.0,1.0,0.9609375,0.876953125,0.84912109375,0.82550048828125,0.5030629634857178,0.01407517772167921,,0.0023357844911515713,,0.19779914617538452,,0.35616031289100647,,0.46305161714553833,,0.5294504165649414,,
,0.001,98,,,,,,,,,,,,,,,,,,,,,
98,,98,,,,,,,,,,0.01634177751839161,,0.0025288090109825134,,0.1960257589817047,,0.35493916273117065,,0.4594380259513855,,0.5266668796539307,0.5002212524414062
98,,98,0.8341346383094788,1.0,1.0,0.9609375,0.8759765625,0.8509521484375,0.82452392578125,0.5002212524414062,0.01634177751839161,,0.0025288090109825134,,0.1960257589817047,,0.35493916273117065,,0.4594380259513855,,0.5266668796539307,,
,0.001,99,,,,,,,,,,,,,,,,,,,,,
99,,99,,,,,,,,,,0.015469091013073921,,0.0024410011246800423,,0.19349753856658936,,0.3530454635620117,,0.4572087526321411,,0.5217012166976929,0.49595868587493896
99,,99,0.8354395627975464,1.0,1.0,0.9609375,0.87451171875,0.8514404296875,0.82623291015625,0.49595868587493896,0.015469091013073921,,0.0024410011246800423,,0.19349753856658936,,0.3530454635620117,,0.4572087526321411,,0.5217012166976929,,
,0.001,100,,,,,,,,,,,,,,,,,,,,,
100,,100,,,,,,,,,,0.014615025371313095,,0.002397330943495035,,0.19311688840389252,,0.3523741662502289,,0.4554930031299591,,0.5184988975524902,0.49319788813591003
100,,100,0.8359889984130859,1.0,1.0,0.9609375,0.87548828125,0.8524169921875,0.82666015625,0.49319788813591003,0.014615025371313095,,0.002397330943495035,,0.19311688840389252,,0.3523741662502289,,0.4554930031299591,,0.5184988975524902,,
,0.001,101,,,,,,,,,,,,,,,,,,,,,
101,,101,,,,,,,,,,0.014504236169159412,,0.002383011858910322,,0.19474944472312927,,0.3527491092681885,,0.4553539752960205,,0.5181663632392883,0.4929589331150055
101,,101,0.8362408876419067,1.0,1.0,0.9609375,0.87353515625,0.851318359375,0.827392578125,0.4929589331150055,0.014504236169159412,,0.002383011858910322,,0.19474944472312927,,0.3527491092681885,,0.4553539752960205,,0.5181663632392883,,
,0.001,102,,,,,,,,,,,,,,,,,,,,,
102,,102,,,,,,,,,,0.011647907085716724,,0.002167726634070277,,0.19490116834640503,,0.3511584401130676,,0.45434534549713135,,0.5186811685562134,0.4930804669857025
102,,102,0.8367445468902588,1.0,1.0,0.9609375,0.87548828125,0.8511962890625,0.827972412109375,0.4930804669857025,0.011647907085716724,,0.002167726634070277,,0.19490116834640503,,0.3511584401130676,,0.45434534549713135,,0.5186811685562134,,
,0.001,103,,,,,,,,,,,,,,,,,,,,,
103,,103,,,,,,,,,,0.014267812483012676,,0.0024214372970163822,,0.195613294839859,,0.3527446687221527,,0.45360663533210754,,0.5206191539764404,0.4944811463356018
103,,103,0.8342490792274475,1.0,1.0,0.9609375,0.87548828125,0.8504638671875,0.8248291015625,0.4944811463356018,0.014267812483012676,,0.0024214372970163822,,0.195613294839859,,0.3527446687221527,,0.45360663533210754,,0.5206191539764404,,
,0.001,104,,,,,,,,,,,,,,,,,,,,,
104,,104,,,,,,,,,,0.010535456240177155,,0.001905299024656415,,0.19338959455490112,,0.35109943151474,,0.45397332310676575,,0.5205128192901611,0.4943626821041107
104,,104,0.8357371687889099,1.0,1.0,0.9609375,0.8779296875,0.8502197265625,0.82672119140625,0.4943626821041107,0.010535456240177155,,0.001905299024656415,,0.19338959455490112,,0.35109943151474,,0.45397332310676575,,0.5205128192901611,,
,0.001,105,,,,,,,,,,,,,,,,,,,,,
105,,105,,,,,,,,,,0.011936546303331852,,0.002033510245382786,,0.19138991832733154,,0.3489430248737335,,0.44706958532333374,,0.5052084922790527,0.4814637303352356
105,,105,0.838850736618042,1.0,1.0,0.9609375,0.87841796875,0.8515625,0.83050537109375,0.4814637303352356,0.011936546303331852,,0.002033510245382786,,0.19138991832733154,,0.3489430248737335,,0.44706958532333374,,0.5052084922790527,,
,0.001,106,,,,,,,,,,,,,,,,,,,,,
106,,106,,,,,,,,,,0.011841834522783756,,0.001982190413400531,,0.1911628097295761,,0.3497658371925354,,0.4472551941871643,,0.5088465213775635,0.4842633903026581
106,,106,0.8383241891860962,1.0,1.0,0.9609375,0.8779296875,0.85205078125,0.8297119140625,0.4842633903026581,0.011841834522783756,,0.001982190413400531,,0.1911628097295761,,0.3497658371925354,,0.4472551941871643,,0.5088465213775635,,
,0.001,107,,,,,,,,,,,,,,,,,,,,,
107,,107,,,,,,,,,,0.009265400469303131,,0.0017553161596879363,,0.18844223022460938,,0.3479025661945343,,0.44557464122772217,,0.5126708745956421,0.48669540882110596
107,,107,0.8360119462013245,1.0,1.0,0.9609375,0.8779296875,0.8538818359375,0.826171875,0.48669540882110596,0.009265400469303131,,0.0017553161596879363,,0.18844223022460938,,0.3479025661945343,,0.44557464122772217,,0.5126708745956421,,
,0.001,108,,,,,,,,,,,,,,,,,,,,,
108,,108,,,,,,,,,,0.007538443431258202,,0.0014602849259972572,,0.1926726996898651,,0.3520269989967346,,0.4532991647720337,,0.5450478196144104,0.5126736164093018
108,,108,0.8338141441345215,1.0,1.0,0.9609375,0.87646484375,0.848876953125,0.8245849609375,0.5126736164093018,0.007538443431258202,,0.0014602849259972572,,0.1926726996898651,,0.3520269989967346,,0.4532991647720337,,0.5450478196144104,,
,0.001,109,,,,,,,,,,,,,,,,,,,,,
109,,109,,,,,,,,,,0.010679475031793118,,0.0019656140357255936,,0.19180810451507568,,0.3501586318016052,,0.4481799006462097,,0.5232467651367188,0.49526476860046387
109,,109,0.8325320482254028,1.0,1.0,0.9609375,0.8779296875,0.8492431640625,0.82269287109375,0.49526476860046387,0.010679475031793118,,0.0019656140357255936,,0.19180810451507568,,0.3501586318016052,,0.4481799006462097,,0.5232467651367188,,
,0.001,110,,,,,,,,,,,,,,,,,,,,,
110,,110,,,,,,,,,,0.010027745738625526,,0.0018456059042364359,,0.1865500509738922,,0.3461035490036011,,0.4388844966888428,,0.49415507912635803,0.4714447557926178
110,,110,0.8421016931533813,1.0,1.0,0.9609375,0.87646484375,0.854248046875,0.83428955078125,0.4714447557926178,0.010027745738625526,,0.0018456059042364359,,0.1865500509738922,,0.3461035490036011,,0.4388844966888428,,0.49415507912635803,,
,0.001,111,,,,,,,,,,,,,,,,,,,,,
111,,111,,,,,,,,,,0.009143858216702938,,0.00162608886603266,,0.18540875613689423,,0.3494071662425995,,0.4423251152038574,,0.5034005641937256,0.47916606068611145
111,,111,0.8404762148857117,1.0,1.0,0.9609375,0.87451171875,0.852783203125,0.832611083984375,0.47916606068611145,0.009143858216702938,,0.00162608886603266,,0.18540875613689423,,0.3494071662425995,,0.4423251152038574,,0.5034005641937256,,
,0.001,112,,,,,,,,,,,,,,,,,,,,,
112,,112,,,,,,,,,,0.010450992733240128,,0.0016257022507488728,,0.18549050390720367,,0.3482794165611267,,0.437972754240036,,0.4939645528793335,0.47122007608413696
112,,112,0.8418269157409668,1.0,1.0,0.9609375,0.87451171875,0.8519287109375,0.834625244140625,0.47122007608413696,0.010450992733240128,,0.0016257022507488728,,0.18549050390720367,,0.3482794165611267,,0.437972754240036,,0.4939645528793335,,
,0.001,113,,,,,,,,,,,,,,,,,,,,,
113,,113,,,,,,,,,,0.011272434145212173,,0.0016700103878974915,,0.18552881479263306,,0.3466722369194031,,0.4327930212020874,,0.4848903715610504,0.46336719393730164
113,,113,0.8444826006889343,1.0,1.0,0.9609375,0.8759765625,0.853515625,0.837677001953125,0.46336719393730164,0.011272434145212173,,0.0016700103878974915,,0.18552881479263306,,0.3466722369194031,,0.4327930212020874,,0.4848903715610504,,
,0.001,114,,,,,,,,,,,,,,,,,,,,,
114,,114,,,,,,,,,,0.010003787465393543,,0.0015908540226519108,,0.18479743599891663,,0.3476931154727936,,0.43258923292160034,,0.48628634214401245,0.4644143283367157
114,,114,0.8421932458877563,1.0,1.0,0.9609375,0.8759765625,0.8531494140625,0.834716796875,0.4644143283367157,0.010003787465393543,,0.0015908540226519108,,0.18479743599891663,,0.3476931154727936,,0.43258923292160034,,0.48628634214401245,,
,0.001,115,,,,,,,,,,,,,,,,,,,,,
115,,115,,,,,,,,,,0.008392187766730785,,0.0014042113907635212,,0.1859721839427948,,0.34444814920425415,,0.42429542541503906,,0.47243383526802063,0.45232686400413513
115,,115,0.8489698171615601,1.0,1.0,0.9609375,0.876953125,0.8590087890625,0.84222412109375,0.45232686400413513,0.008392187766730785,,0.0014042113907635212,,0.1859721839427948,,0.34444814920425415,,0.42429542541503906,,0.47243383526802063,,
,0.001,116,,,,,,,,,,,,,,,,,,,,,
116,,116,,,,,,,,,,0.007463666144758463,,0.0012794181238859892,,0.18444402515888214,,0.3463478088378906,,0.4201599061489105,,0.46925172209739685,0.4492341876029968
116,,116,0.8493360877037048,1.0,1.0,0.9609375,0.8759765625,0.86083984375,0.842315673828125,0.4492341876029968,0.007463666144758463,,0.0012794181238859892,,0.18444402515888214,,0.3463478088378906,,0.4201599061489105,,0.46925172209739685,,
,0.001,117,,,,,,,,,,,,,,,,,,,,,
117,,117,,,,,,,,,,0.007351726293563843,,0.0012404905864968896,,0.18108436465263367,,0.34519994258880615,,0.4134116768836975,,0.463936448097229,0.44388774037361145
117,,117,0.8503891825675964,1.0,1.0,0.9609375,0.87548828125,0.863037109375,0.84320068359375,0.44388774037361145,0.007351726293563843,,0.0012404905864968896,,0.18108436465263367,,0.34519994258880615,,0.4134116768836975,,0.463936448097229,,
,0.001,118,,,,,,,,,,,,,,,,,,,,,
118,,118,,,,,,,,,,0.008101814426481724,,0.0012029316276311874,,0.18213385343551636,,0.34327542781829834,,0.4048817455768585,,0.4567479193210602,0.43681779503822327
118,,118,0.852953314781189,1.0,1.0,0.9609375,0.876953125,0.867431640625,0.845428466796875,0.43681779503822327,0.008101814426481724,,0.0012029316276311874,,0.18213385343551636,,0.34327542781829834,,0.4048817455768585,,0.4567479193210602,,
,0.001,119,,,,,,,,,,,,,,,,,,,,,
119,,119,,,,,,,,,,0.0077772908844053745,,0.0010997448116540909,,0.18320731818675995,,0.3445957899093628,,0.3984981179237366,,0.45037874579429626,0.4309164881706238
119,,119,0.8552655577659607,1.0,1.0,0.9609375,0.8779296875,0.86865234375,0.84814453125,0.4309164881706238,0.0077772908844053745,,0.0010997448116540909,,0.18320731818675995,,0.3445957899093628,,0.3984981179237366,,0.45037874579429626,,
,0.001,120,,,,,,,,,,,,,,,,,,,,,
120,,120,,,,,,,,,,0.006869508884847164,,0.0009930306114256382,,0.17940771579742432,,0.3438182473182678,,0.3961780369281769,,0.44610199332237244,0.42719101905822754
120,,120,0.8557005524635315,1.0,1.0,0.9609375,0.8798828125,0.8677978515625,0.84881591796875,0.42719101905822754,0.006869508884847164,,0.0009930306114256382,,0.17940771579742432,,0.3438182473182678,,0.3961780369281769,,0.44610199332237244,,
,0.001,121,,,,,,,,,,,,,,,,,,,,,
121,,121,,,,,,,,,,0.006393336225301027,,0.000960550969466567,,0.1781570017337799,,0.3453786373138428,,0.386317640542984,,0.4386935830116272,0.4198421537876129
121,,121,0.8578754663467407,1.0,1.0,0.9609375,0.87890625,0.8721923828125,0.850677490234375,0.4198421537876129,0.006393336225301027,,0.000960550969466567,,0.1781570017337799,,0.3453786373138428,,0.386317640542984,,0.4386935830116272,,
,0.001,122,,,,,,,,,,,,,,,,,,,,,
122,,122,,,,,,,,,,0.006464877165853977,,0.0009542984771542251,,0.17752286791801453,,0.3498484194278717,,0.38880711793899536,,0.43440675735473633,0.41729530692100525
122,,122,0.8595467209815979,1.0,1.0,0.9609375,0.87548828125,0.8729248046875,0.852935791015625,0.41729530692100525,0.006464877165853977,,0.0009542984771542251,,0.17752286791801453,,0.3498484194278717,,0.38880711793899536,,0.43440675735473633,,
,0.001,123,,,,,,,,,,,,,,,,,,,,,
123,,123,,,,,,,,,,0.004839374218136072,,0.000931759481318295,,0.18076211214065552,,0.3473254442214966,,0.3777269124984741,,0.4335085451602936,0.4144618511199951
123,,123,0.8599359393119812,1.0,1.0,0.9609375,0.87646484375,0.8748779296875,0.8529052734375,0.4144618511199951,0.004839374218136072,,0.000931759481318295,,0.18076211214065552,,0.3473254442214966,,0.3777269124984741,,0.4335085451602936,,
,0.001,124,,,,,,,,,,,,,,,,,,,,,
124,,124,,,,,,,,,,0.005378893576562405,,0.0009478627471253276,,0.1775388866662979,,0.34387636184692383,,0.36808258295059204,,0.42207589745521545,0.40387746691703796
124,,124,0.8624313473701477,1.0,1.0,0.9609375,0.87939453125,0.8785400390625,0.855133056640625,0.40387746691703796,0.005378893576562405,,0.0009478627471253276,,0.1775388866662979,,0.34387636184692383,,0.36808258295059204,,0.42207589745521545,,
,0.001,125,,,,,,,,,,,,,,,,,,,,,
125,,125,,,,,,,,,,0.004918381106108427,,0.0009259795770049095,,0.17737211287021637,,0.34434831142425537,,0.3622515797615051,,0.418008029460907,0.39975202083587646
125,,125,0.8628892302513123,1.0,1.0,0.9609375,0.87890625,0.8778076171875,0.85595703125,0.39975202083587646,0.004918381106108427,,0.0009259795770049095,,0.17737211287021637,,0.34434831142425537,,0.3622515797615051,,0.418008029460907,,
,0.001,126,,,,,,,,,,,,,,,,,,,,,
126,,126,,,,,,,,,,0.004318554885685444,,0.0008852813043631613,,0.1759233921766281,,0.34441518783569336,,0.3588991165161133,,0.4085042178630829,0.39197927713394165
126,,126,0.8662775158882141,1.0,1.0,0.9609375,0.87890625,0.8809814453125,0.85968017578125,0.39197927713394165,0.004318554885685444,,0.0008852813043631613,,0.1759233921766281,,0.34441518783569336,,0.3588991165161133,,0.4085042178630829,,
,0.001,127,,,,,,,,,,,,,,,,,,,,,
127,,127,,,,,,,,,,0.004256237763911486,,0.0008461003890261054,,0.17531034350395203,,0.34249863028526306,,0.3521106243133545,,0.40405917167663574,0.3872743248939514
127,,127,0.8668956160545349,1.0,1.0,0.9609375,0.87841796875,0.8822021484375,0.8602294921875,0.3872743248939514,0.004256237763911486,,0.0008461003890261054,,0.17531034350395203,,0.34249863028526306,,0.3521106243133545,,0.40405917167663574,,
,0.001,128,,,,,,,,,,,,,,,,,,,,,
128,,128,,,,,,,,,,0.004091701935976744,,0.00079313077731058,,0.17632444202899933,,0.34772080183029175,,0.3503377437591553,,0.4012620449066162,0.3850999176502228
128,,128,0.8674450516700745,1.0,1.0,0.9609375,0.88037109375,0.8818359375,0.860931396484375,0.3850999176502228,0.004091701935976744,,0.00079313077731058,,0.17632444202899933,,0.34772080183029175,,0.3503377437591553,,0.4012620449066162,,
,0.001,129,,,,,,,,,,,,,,,,,,,,,
129,,129,,,,,,,,,,0.003944118972867727,,0.000745694967918098,,0.17563889920711517,,0.35784733295440674,,0.3423270285129547,,0.3997485935688019,0.38292866945266724
129,,129,0.8666895627975464,1.0,1.0,0.9609375,0.87841796875,0.883056640625,0.8597412109375,0.38292866945266724,0.003944118972867727,,0.000745694967918098,,0.17563889920711517,,0.35784733295440674,,0.3423270285129547,,0.3997485935688019,,
,0.001,130,,,,,,,,,,,,,,,,,,,,,
130,,130,,,,,,,,,,0.0028687058947980404,,0.0006735682254657149,,0.1773575246334076,,0.3632436990737915,,0.3365369737148285,,0.4015340209007263,0.3834543526172638
130,,130,0.8687271475791931,1.0,1.0,0.9609375,0.88134765625,0.886962890625,0.861297607421875,0.3834543526172638,0.0028687058947980404,,0.0006735682254657149,,0.1773575246334076,,0.3632436990737915,,0.3365369737148285,,0.4015340209007263,,
,0.001,131,,,,,,,,,,,,,,,,,,,,,
131,,131,,,,,,,,,,0.004096094518899918,,0.000745393626857549,,0.1748075634241104,,0.3476685881614685,,0.3330751061439514,,0.40009546279907227,0.3809668719768524
131,,131,0.8684294819831848,1.0,1.0,0.9609375,0.8779296875,0.88671875,0.861175537109375,0.3809668719768524,0.004096094518899918,,0.000745393626857549,,0.1748075634241104,,0.3476685881614685,,0.3330751061439514,,0.40009546279907227,,
,0.001,132,,,,,,,,,,,,,,,,,,,,,
132,,132,,,,,,,,,,0.003767061745747924,,0.0007158226217143238,,0.1719629168510437,,0.3440456986427307,,0.3304583430290222,,0.3863932490348816,0.3699933886528015
132,,132,0.8708333373069763,1.0,1.0,0.9609375,0.8818359375,0.8857421875,0.8643798828125,0.3699933886528015,0.003767061745747924,,0.0007158226217143238,,0.1719629168510437,,0.3440456986427307,,0.3304583430290222,,0.3863932490348816,,
,0.001,133,,,,,,,,,,,,,,,,,,,,,
133,,133,,,,,,,,,,0.003716705832630396,,0.0006797299720346928,,0.17102769017219543,,0.34541380405426025,,0.3258941173553467,,0.3833654522895813,0.36691904067993164
133,,133,0.8699405193328857,1.0,1.0,0.9609375,0.87841796875,0.8868408203125,0.863128662109375,0.36691904067993164,0.003716705832630396,,0.0006797299720346928,,0.17102769017219543,,0.34541380405426025,,0.3258941173553467,,0.3833654522895813,,
,0.001,134,,,,,,,,,,,,,,,,,,,,,
134,,134,,,,,,,,,,0.003986626863479614,,0.0006695449119433761,,0.17172878980636597,,0.3429415822029114,,0.3262830972671509,,0.3779293894767761,0.36280643939971924
134,,134,0.8732600808143616,1.0,1.0,0.9609375,0.88134765625,0.88720703125,0.867279052734375,0.36280643939971924,0.003986626863479614,,0.0006695449119433761,,0.17172878980636597,,0.3429415822029114,,0.3262830972671509,,0.3779293894767761,,
,0.001,135,,,,,,,,,,,,,,,,,,,,,
135,,135,,,,,,,,,,0.00304615986533463,,0.0006110238027758896,,0.17081230878829956,,0.3456427752971649,,0.3206246495246887,,0.37353000044822693,0.35855990648269653
135,,135,0.8722527623176575,1.0,1.0,0.9609375,0.873046875,0.8887939453125,0.866058349609375,0.35855990648269653,0.00304615986533463,,0.0006110238027758896,,0.17081230878829956,,0.3456427752971649,,0.3206246495246887,,0.37353000044822693,,
,0.001,136,,,,,,,,,,,,,,,,,,,,,
136,,136,,,,,,,,,,0.00271071819588542,,0.0005614041001535952,,0.17333197593688965,,0.3407706618309021,,0.3162599802017212,,0.3701053261756897,0.3549728989601135
136,,136,0.8749542236328125,1.0,1.0,0.9609375,0.87890625,0.8902587890625,0.868927001953125,0.3549728989601135,0.00271071819588542,,0.0005614041001535952,,0.17333197593688965,,0.3407706618309021,,0.3162599802017212,,0.3701053261756897,,
,0.001,137,,,,,,,,,,,,,,,,,,,,,
137,,137,,,,,,,,,,0.0030378405936062336,,0.0005653352709487081,,0.16877904534339905,,0.33477523922920227,,0.3133774995803833,,0.3656575381755829,0.35076141357421875
137,,137,0.8756868243217468,1.0,1.0,0.9609375,0.88134765625,0.8909912109375,0.86956787109375,0.35076141357421875,0.0030378405936062336,,0.0005653352709487081,,0.16877904534339905,,0.33477523922920227,,0.3133774995803833,,0.3656575381755829,,
,0.001,138,,,,,,,,,,,,,,,,,,,,,
138,,138,,,,,,,,,,0.0027909635100513697,,0.000561254215426743,,0.1683770716190338,,0.33605942130088806,,0.3078078627586365,,0.3640595078468323,0.34857335686683655
138,,138,0.8760302662849426,1.0,1.0,0.9609375,0.88330078125,0.89306640625,0.869384765625,0.34857335686683655,0.0027909635100513697,,0.000561254215426743,,0.1683770716190338,,0.33605942130088806,,0.3078078627586365,,0.3640595078468323,,
,0.001,139,,,,,,,,,,,,,,,,,,,,,
139,,139,,,,,,,,,,0.0030917960684746504,,0.0005558033008128405,,0.16921091079711914,,0.33878421783447266,,0.30234062671661377,,0.3558846116065979,0.34155306220054626
139,,139,0.8791208863258362,1.0,1.0,0.9609375,0.8798828125,0.8953857421875,0.873138427734375,0.34155306220054626,0.0030917960684746504,,0.0005558033008128405,,0.16921091079711914,,0.33878421783447266,,0.30234062671661377,,0.3558846116065979,,
,0.001,140,,,,,,,,,,,,,,,,,,,,,
140,,140,,,,,,,,,,0.002872747601941228,,0.0005250649992376566,,0.16714638471603394,,0.33308306336402893,,0.3015027940273285,,0.35146236419677734,0.3377866744995117
140,,140,0.879212498664856,1.0,1.0,0.9609375,0.876953125,0.8946533203125,0.873626708984375,0.3377866744995117,0.002872747601941228,,0.0005250649992376566,,0.16714638471603394,,0.33308306336402893,,0.3015027940273285,,0.35146236419677734,,
,0.001,141,,,,,,,,,,,,,,,,,,,,,
141,,141,,,,,,,,,,0.002766355639323592,,0.0005067467573098838,,0.16587969660758972,,0.33222073316574097,,0.2958565950393677,,0.3465537428855896,0.33298999071121216
141,,141,0.881662130355835,1.0,1.0,0.9609375,0.888671875,0.896240234375,0.875762939453125,0.33298999071121216,0.002766355639323592,,0.0005067467573098838,,0.16587969660758972,,0.33222073316574097,,0.2958565950393677,,0.3465537428855896,,
,0.001,142,,,,,,,,,,,,,,,,,,,,,
142,,142,,,,,,,,,,0.002774677239358425,,0.0004924790700897574,,0.1656101793050766,,0.33135420083999634,,0.2929516136646271,,0.3442133665084839,0.3306456208229065
142,,142,0.8810668587684631,1.0,1.0,0.9609375,0.8818359375,0.896728515625,0.875274658203125,0.3306456208229065,0.002774677239358425,,0.0004924790700897574,,0.1656101793050766,,0.33135420083999634,,0.2929516136646271,,0.3442133665084839,,
,0.001,143,,,,,,,,,,,,,,,,,,,,,
143,,143,,,,,,,,,,0.002151795197278261,,0.0004480357747524977,,0.17112915217876434,,0.3314551115036011,,0.29532909393310547,,0.3412399888038635,0.3289297819137573
143,,143,0.8818681240081787,1.0,1.0,0.9609375,0.87890625,0.8958740234375,0.876739501953125,0.3289297819137573,0.002151795197278261,,0.0004480357747524977,,0.17112915217876434,,0.3314551115036011,,0.29532909393310547,,0.3412399888038635,,
,0.001,144,,,,,,,,,,,,,,,,,,,,,
144,,144,,,,,,,,,,0.0028020190075039864,,0.000461768067907542,,0.1652081310749054,,0.3345569372177124,,0.2889549732208252,,0.34111523628234863,0.32771730422973633
144,,144,0.8833333253860474,1.0,1.0,0.9609375,0.8837890625,0.8990478515625,0.877593994140625,0.32771730422973633,0.0028020190075039864,,0.000461768067907542,,0.1652081310749054,,0.3345569372177124,,0.2889549732208252,,0.34111523628234863,,
,0.001,145,,,,,,,,,,,,,,,,,,,,,
145,,145,,,,,,,,,,0.0021577426232397556,,0.00041937860078178346,,0.1661263257265091,,0.3292565941810608,,0.28332585096359253,,0.34525924921035767,0.3295319974422455
145,,145,0.8810897469520569,1.0,1.0,0.9609375,0.88134765625,0.89697265625,0.875274658203125,0.3295319974422455,0.0021577426232397556,,0.00041937860078178346,,0.1661263257265091,,0.3292565941810608,,0.28332585096359253,,0.34525924921035767,,
,0.001,146,,,,,,,,,,,,,,,,,,,,,
146,,146,,,,,,,,,,0.0031276855152100325,,0.00044067748240195215,,0.17202827334403992,,0.3267129063606262,,0.2787986099720001,,0.33653509616851807,0.32208892703056335
146,,146,0.8852792978286743,1.0,1.0,0.9609375,0.88427734375,0.8997802734375,0.879974365234375,0.32208892703056335,0.0031276855152100325,,0.00044067748240195215,,0.17202827334403992,,0.3267129063606262,,0.2787986099720001,,0.33653509616851807,,
,0.001,147,,,,,,,,,,,,,,,,,,,,,
147,,147,,,,,,,,,,0.0026232139207422733,,0.00040886254282668233,,0.16414207220077515,,0.3298807740211487,,0.2764539122581482,,0.3229086995124817,0.3114825189113617
147,,147,0.8863324522972107,1.0,1.0,0.9609375,0.88427734375,0.899658203125,0.88140869140625,0.3114825189113617,0.0026232139207422733,,0.00040886254282668233,,0.16414207220077515,,0.3298807740211487,,0.2764539122581482,,0.3229086995124817,,
,0.001,148,,,,,,,,,,,,,,,,,,,,,
148,,148,,,,,,,,,,0.0024406902957707644,,0.00038824789226055145,,0.16429530084133148,,0.32495397329330444,,0.2707976996898651,,0.32272374629974365,0.3100535571575165
148,,148,0.8861263990402222,1.0,1.0,0.9609375,0.88671875,0.9005126953125,0.880767822265625,0.3100535571575165,0.0024406902957707644,,0.00038824789226055145,,0.16429530084133148,,0.32495397329330444,,0.2707976996898651,,0.32272374629974365,,
,0.001,149,,,,,,,,,,,,,,,,,,,,,
149,,149,,,,,,,,,,0.0031764074228703976,,0.0003999255714006722,,0.16507214307785034,,0.32530760765075684,,0.2761261463165283,,0.31780844926834106,0.30739179253578186
149,,149,0.8906364440917969,1.0,1.0,0.9609375,0.88623046875,0.9013671875,0.8865966796875,0.30739179253578186,0.0031764074228703976,,0.0003999255714006722,,0.16507214307785034,,0.32530760765075684,,0.2761261463165283,,0.31780844926834106,,
,0.001,150,,,,,,,,,,,,,,,,,,,,,
150,,150,,,,,,,,,,0.0026135831139981747,,0.00037189273280091584,,0.16642853617668152,,0.3249503970146179,,0.2731426954269409,,0.31064870953559875,0.30145978927612305
150,,150,0.8897207379341125,1.0,1.0,0.9609375,0.884765625,0.9000244140625,0.88580322265625,0.30145978927612305,0.0026135831139981747,,0.00037189273280091584,,0.16642853617668152,,0.3249503970146179,,0.2731426954269409,,0.31064870953559875,,
,0.001,151,,,,,,,,,,,,,,,,,,,,,
151,,151,,,,,,,,,,0.00258421478793025,,0.0003571462002582848,,0.16735854744911194,,0.3229435980319977,,0.2593405246734619,,0.30407461524009705,0.2938562035560608
151,,151,0.8928800821304321,1.0,1.0,0.9609375,0.8818359375,0.9046630859375,0.8890380859375,0.2938562035560608,0.00258421478793025,,0.0003571462002582848,,0.16735854744911194,,0.3229435980319977,,0.2593405246734619,,0.30407461524009705,,
,0.001,152,,,,,,,,,,,,,,,,,,,,,
152,,152,,,,,,,,,,0.0031100972555577755,,0.00036265747621655464,,0.16405846178531647,,0.3191235661506653,,0.2650794982910156,,0.30254626274108887,0.29356861114501953
152,,152,0.8930860757827759,1.0,1.0,0.9609375,0.88525390625,0.902587890625,0.889617919921875,0.29356861114501953,0.0031100972555577755,,0.00036265747621655464,,0.16405846178531647,,0.3191235661506653,,0.2650794982910156,,0.30254626274108887,,
,0.001,153,,,,,,,,,,,,,,,,,,,,,
153,,153,,,,,,,,,,0.002656147815287113,,0.00033983701723627746,,0.1633727103471756,,0.32134830951690674,,0.2577553391456604,,0.29787081480026245,0.2887834310531616
153,,153,0.8935897350311279,1.0,1.0,0.9609375,0.8876953125,0.90380859375,0.88983154296875,0.2887834310531616,0.002656147815287113,,0.00033983701723627746,,0.1633727103471756,,0.32134830951690674,,0.2577553391456604,,0.29787081480026245,,
,0.001,154,,,,,,,,,,,,,,,,,,,,,
154,,154,,,,,,,,,,0.003221681108698249,,0.00033927097683772445,,0.16655796766281128,,0.31661826372146606,,0.25054487586021423,,0.29281288385391235,0.28345271944999695
154,,154,0.8973901271820068,1.0,1.0,0.9609375,0.88720703125,0.9066162109375,0.89422607421875,0.28345271944999695,0.003221681108698249,,0.00033927097683772445,,0.16655796766281128,,0.31661826372146606,,0.25054487586021423,,0.29281288385391235,,
,0.001,155,,,,,,,,,,,,,,,,,,,,,
155,,155,,,,,,,,,,0.0032095606438815594,,0.0003345638979226351,,0.16238510608673096,,0.3206353187561035,,0.24789434671401978,,0.2858082354068756,0.277840256690979
155,,155,0.8986950516700745,1.0,1.0,0.9609375,0.88134765625,0.9093017578125,0.895660400390625,0.277840256690979,0.0032095606438815594,,0.0003345638979226351,,0.16238510608673096,,0.3206353187561035,,0.24789434671401978,,0.2858082354068756,,
,0.001,156,,,,,,,,,,,,,,,,,,,,,
156,,156,,,,,,,,,,0.0028638325165957212,,0.00031796953408047557,,0.167068749666214,,0.31830787658691406,,0.2412433624267578,,0.28267180919647217,0.2741854786872864
156,,156,0.8996108174324036,1.0,1.0,0.9609375,0.8857421875,0.9124755859375,0.89581298828125,0.2741854786872864,0.0028638325165957212,,0.00031796953408047557,,0.167068749666214,,0.31830787658691406,,0.2412433624267578,,0.28267180919647217,,
,0.001,157,,,,,,,,,,,,,,,,,,,,,
157,,157,,,,,,,,,,0.003157394239678979,,0.0003085847129113972,,0.16305722296237946,,0.31297042965888977,,0.23545756936073303,,0.27694201469421387,0.26850491762161255
157,,157,0.9041895866394043,1.0,1.0,0.9609375,0.88427734375,0.913330078125,0.90179443359375,0.26850491762161255,0.003157394239678979,,0.0003085847129113972,,0.16305722296237946,,0.31297042965888977,,0.23545756936073303,,0.27694201469421387,,
,0.001,158,,,,,,,,,,,,,,,,,,,,,
158,,158,,,,,,,,,,0.00260644918307662,,0.0002806682896334678,,0.16020604968070984,,0.31471654772758484,,0.23436392843723297,,0.27872154116630554,0.26968273520469666
158,,158,0.8998855352401733,1.0,1.0,0.9609375,0.88330078125,0.912353515625,0.8963623046875,0.26968273520469666,0.00260644918307662,,0.0002806682896334678,,0.16020604968070984,,0.31471654772758484,,0.23436392843723297,,0.27872154116630554,,
,0.001,159,,,,,,,,,,,,,,,,,,,,,
159,,159,,,,,,,,,,0.0032913105096668005,,0.00028504786314442754,,0.17446744441986084,,0.3154597282409668,,0.23660534620285034,,0.28161531686782837,0.2724764943122864
159,,159,0.901511013507843,1.0,1.0,0.9609375,0.88232421875,0.917236328125,0.897369384765625,0.2724764943122864,0.0032913105096668005,,0.00028504786314442754,,0.17446744441986084,,0.3154597282409668,,0.23660534620285034,,0.28161531686782837,,
,0.001,160,,,,,,,,,,,,,,,,,,,,,
160,,160,,,,,,,,,,0.002135974122211337,,0.00025334692327305675,,0.1628762185573578,,0.3156505823135376,,0.23878182470798492,,0.27946093678474426,0.27114060521125793
160,,160,0.9004579186439514,1.0,1.0,0.9609375,0.89111328125,0.911865234375,0.896759033203125,0.27114060521125793,0.002135974122211337,,0.00025334692327305675,,0.1628762185573578,,0.3156505823135376,,0.23878182470798492,,0.27946093678474426,,
,0.001,161,,,,,,,,,,,,,,,,,,,,,
161,,161,,,,,,,,,,0.003381013870239258,,0.00026696291752159595,,0.16109777987003326,,0.3125607371330261,,0.22577205300331116,,0.26999130845069885,0.2614319920539856
161,,161,0.9056776762008667,1.0,1.0,0.9609375,0.88720703125,0.9171142578125,0.90264892578125,0.2614319920539856,0.003381013870239258,,0.00026696291752159595,,0.16109777987003326,,0.3125607371330261,,0.22577205300331116,,0.26999130845069885,,
,0.001,162,,,,,,,,,,,,,,,,,,,,,
162,,162,,,,,,,,,,0.003378518857061863,,0.00026013999013230205,,0.15924511849880219,,0.31991270184516907,,0.21800805628299713,,0.2547311782836914,0.2488509565591812
162,,162,0.910462498664856,1.0,1.0,0.9609375,0.88818359375,0.920166015625,0.908203125,0.2488509565591812,0.003378518857061863,,0.00026013999013230205,,0.15924511849880219,,0.31991270184516907,,0.21800805628299713,,0.2547311782836914,,
,0.001,163,,,,,,,,,,,,,,,,,,,,,
163,,163,,,,,,,,,,0.002184744458645582,,0.00022882559278514236,,0.17262470722198486,,0.3186231851577759,,0.221396803855896,,0.25998759269714355,0.25352516770362854
163,,163,0.9063416123390198,1.0,1.0,0.9609375,0.88134765625,0.917724609375,0.90374755859375,0.25352516770362854,0.002184744458645582,,0.00022882559278514236,,0.17262470722198486,,0.3186231851577759,,0.221396803855896,,0.25998759269714355,,
,0.001,164,,,,,,,,,,,,,,,,,,,,,
164,,164,,,,,,,,,,0.0027916766703128815,,0.0002372873859712854,,0.16056840121746063,,0.31335777044296265,,0.21489378809928894,,0.25656622648239136,0.24935117363929749
164,,164,0.9109203219413757,1.0,1.0,0.9609375,0.88720703125,0.9229736328125,0.908172607421875,0.24935117363929749,0.0027916766703128815,,0.0002372873859712854,,0.16056840121746063,,0.31335777044296265,,0.21489378809928894,,0.25656622648239136,,
,0.001,165,,,,,,,,,,,,,,,,,,,,,
165,,165,,,,,,,,,,0.002711669309064746,,0.00023210296058095992,,0.15919046103954315,,0.3309352993965149,,0.20901256799697876,,0.24646691977977753,0.2414797693490982
165,,165,0.9119277000427246,1.0,1.0,0.9609375,0.88330078125,0.9254150390625,0.909149169921875,0.2414797693490982,0.002711669309064746,,0.00023210296058095992,,0.15919046103954315,,0.3309352993965149,,0.20901256799697876,,0.24646691977977753,,
,0.001,166,,,,,,,,,,,,,,,,,,,,,
166,,166,,,,,,,,,,0.0025381988380104303,,0.00022057213936932385,,0.16032934188842773,,0.30984389781951904,,0.20588888227939606,,0.2439495325088501,0.23802973330020905
166,,166,0.9122253060340881,1.0,1.0,0.9609375,0.8828125,0.9237060546875,0.910003662109375,0.23802973330020905,0.0025381988380104303,,0.00022057213936932385,,0.16032934188842773,,0.30984389781951904,,0.20588888227939606,,0.2439495325088501,,
,0.001,167,,,,,,,,,,,,,,,,,,,,,
167,,167,,,,,,,,,,0.003000759519636631,,0.00022009533131495118,,0.18312138319015503,,0.3145219087600708,,0.19960150122642517,,0.23570121824741364,0.23114964365959167
167,,167,0.9171245694160461,1.0,1.0,0.9609375,0.88232421875,0.9273681640625,0.9156494140625,0.23114964365959167,0.003000759519636631,,0.00022009533131495118,,0.18312138319015503,,0.3145219087600708,,0.19960150122642517,,0.23570121824741364,,
,0.001,168,,,,,,,,,,,,,,,,,,,,,
168,,168,,,,,,,,,,0.0023645793553441763,,0.00020013211178593338,,0.16022643446922302,,0.3043472170829773,,0.19709867238998413,,0.23564106225967407,0.2298891693353653
168,,168,0.915956974029541,1.0,1.0,0.9609375,0.892578125,0.9285888671875,0.91314697265625,0.2298891693353653,0.0023645793553441763,,0.00020013211178593338,,0.16022643446922302,,0.3043472170829773,,0.19709867238998413,,0.23564106225967407,,
,0.001,169,,,,,,,,,,,,,,,,,,,,,
169,,169,,,,,,,,,,0.002133833011612296,,0.00019307041657157242,,0.17071150243282318,,0.3017679452896118,,0.1881583034992218,,0.22025422751903534,0.21667127311229706
169,,169,0.9222298860549927,1.0,1.0,0.9609375,0.89208984375,0.9312744140625,0.920867919921875,0.21667127311229706,0.002133833011612296,,0.00019307041657157242,,0.17071150243282318,,0.3017679452896118,,0.1881583034992218,,0.22025422751903534,,
,0.001,170,,,,,,,,,,,,,,,,,,,,,
170,,170,,,,,,,,,,0.0023895539343357086,,0.0002009664021898061,,0.1668071299791336,,0.2983037233352661,,0.18917924165725708,,0.22201216220855713,0.21797354519367218
170,,170,0.920192301273346,1.0,1.0,0.9609375,0.896484375,0.928955078125,0.91845703125,0.21797354519367218,0.0023895539343357086,,0.0002009664021898061,,0.1668071299791336,,0.2983037233352661,,0.18917924165725708,,0.22201216220855713,,
,0.001,171,,,,,,,,,,,,,,,,,,,,,
171,,171,,,,,,,,,,0.0021821276750415564,,0.00019199764938093722,,0.16444328427314758,,0.2976036071777344,,0.1824309229850769,,0.2087557464838028,0.20670247077941895
171,,171,0.9269917607307434,1.0,1.0,0.9609375,0.8935546875,0.9346923828125,0.92626953125,0.20670247077941895,0.0021821276750415564,,0.00019199764938093722,,0.16444328427314758,,0.2976036071777344,,0.1824309229850769,,0.2087557464838028,,
,0.001,172,,,,,,,,,,,,,,,,,,,,,
172,,172,,,,,,,,,,0.0019506252137944102,,0.0001821051409933716,,0.15718665719032288,,0.29629164934158325,,0.1761322319507599,,0.2008134126663208,0.19941622018814087
172,,172,0.9285485744476318,1.0,1.0,0.9609375,0.8955078125,0.9381103515625,0.9273681640625,0.19941622018814087,0.0019506252137944102,,0.0001821051409933716,,0.15718665719032288,,0.29629164934158325,,0.1761322319507599,,0.2008134126663208,,
,0.001,173,,,,,,,,,,,,,,,,,,,,,
173,,173,,,,,,,,,,0.00212848000228405,,0.00017998958355747163,,0.1674155592918396,,0.2971581816673279,,0.1755133420228958,,0.19911953806877136,0.19819007813930511
173,,173,0.9285485744476318,1.0,1.0,0.9609375,0.89306640625,0.9368896484375,0.927825927734375,0.19819007813930511,0.00212848000228405,,0.00017998958355747163,,0.1674155592918396,,0.2971581816673279,,0.1755133420228958,,0.19911953806877136,,
,0.001,174,,,,,,,,,,,,,,,,,,,,,
174,,174,,,,,,,,,,0.0022004456259310246,,0.0001756690617185086,,0.1659623682498932,,0.29020774364471436,,0.16480375826358795,,0.1900700032711029,0.1890498548746109
174,,174,0.9330815076828003,1.0,1.0,0.9609375,0.8974609375,0.9398193359375,0.932861328125,0.1890498548746109,0.0022004456259310246,,0.0001756690617185086,,0.1659623682498932,,0.29020774364471436,,0.16480375826358795,,0.1900700032711029,,
,0.001,175,,,,,,,,,,,,,,,,,,,,,
175,,175,,,,,,,,,,0.001755483914166689,,0.00016077046166174114,,0.1569981724023819,,0.29661428928375244,,0.16581085324287415,,0.1875372678041458,0.1875336468219757
175,,175,0.9318910241127014,1.0,1.0,0.9609375,0.89501953125,0.939697265625,0.93145751953125,0.1875336468219757,0.001755483914166689,,0.00016077046166174114,,0.1569981724023819,,0.29661428928375244,,0.16581085324287415,,0.1875372678041458,,
,0.001,176,,,,,,,,,,,,,,,,,,,,,
176,,176,,,,,,,,,,0.0020775655284523964,,0.00015901240112725645,,0.15630686283111572,,0.2898707985877991,,0.1764402985572815,,0.1867702156305313,0.1886276751756668
176,,176,0.9334707260131836,1.0,1.0,0.9609375,0.8974609375,0.933349609375,0.93499755859375,0.1886276751756668,0.0020775655284523964,,0.00015901240112725645,,0.15630686283111572,,0.2898707985877991,,0.1764402985572815,,0.1867702156305313,,
,0.001,177,,,,,,,,,,,,,,,,,,,,,
177,,177,,,,,,,,,,0.0012985378270968795,,0.00013451854465529323,,0.1689504086971283,,0.3029443025588989,,0.15783850848674774,,0.18132901191711426,0.18181762099266052
177,,177,0.9328067898750305,1.0,1.0,0.9609375,0.890625,0.94140625,0.932525634765625,0.18181762099266052,0.0012985378270968795,,0.00013451854465529323,,0.1689504086971283,,0.3029443025588989,,0.15783850848674774,,0.18132901191711426,,
,0.001,178,,,,,,,,,,,,,,,,,,,,,
178,,178,,,,,,,,,,0.0015172171406447887,,0.00013976299669593573,,0.159695565700531,,0.32817134261131287,,0.149358868598938,,0.17541031539440155,0.1768616884946823
178,,178,0.9364240169525146,1.0,1.0,0.9609375,0.87353515625,0.9462890625,0.93719482421875,0.1768616884946823,0.0015172171406447887,,0.00013976299669593573,,0.159695565700531,,0.32817134261131287,,0.149358868598938,,0.17541031539440155,,
,0.001,179,,,,,,,,,,,,,,,,,,,,,
179,,179,,,,,,,,,,0.001631121034733951,,0.0001329094375250861,,0.15629509091377258,,0.3005076050758362,,0.14787615835666656,,0.1682516634464264,0.16987647116184235
179,,179,0.9384157657623291,1.0,1.0,0.9609375,0.892578125,0.9459228515625,0.938751220703125,0.16987647116184235,0.001631121034733951,,0.0001329094375250861,,0.15629509091377258,,0.3005076050758362,,0.14787615835666656,,0.1682516634464264,,
,0.001,180,,,,,,,,,,,,,,,,,,,,,
180,,180,,,,,,,,,,0.0013244913425296545,,0.00012995941506233066,,0.1578773707151413,,0.3015177845954895,,0.14836546778678894,,0.17792047560214996,0.177287295460701
180,,180,0.9343177676200867,1.0,1.0,0.9609375,0.896484375,0.9444580078125,0.93341064453125,0.177287295460701,0.0013244913425296545,,0.00012995941506233066,,0.1578773707151413,,0.3015177845954895,,0.14836546778678894,,0.17792047560214996,,
,0.001,181,,,,,,,,,,,,,,,,,,,,,
181,,181,,,,,,,,,,0.0016439745668321848,,0.00013368418149184436,,0.16223345696926117,,0.2963094711303711,,0.13747814297676086,,0.16909904778003693,0.16843482851982117
181,,181,0.9410256743431091,1.0,1.0,0.9609375,0.8935546875,0.9517822265625,0.940704345703125,0.16843482851982117,0.0016439745668321848,,0.00013368418149184436,,0.16223345696926117,,0.2963094711303711,,0.13747814297676086,,0.16909904778003693,,
,0.001,182,,,,,,,,,,,,,,,,,,,,,
182,,182,,,,,,,,,,0.001149827498011291,,0.00011047105363104492,,0.15670691430568695,,0.28599435091018677,,0.14782588183879852,,0.15427881479263306,0.15870878100395203
182,,182,0.9432234764099121,1.0,1.0,0.9609375,0.89599609375,0.9461669921875,0.94488525390625,0.15870878100395203,0.001149827498011291,,0.00011047105363104492,,0.15670691430568695,,0.28599435091018677,,0.14782588183879852,,0.15427881479263306,,
,0.001,183,,,,,,,,,,,,,,,,,,,,,
183,,183,,,,,,,,,,0.0012292455649003386,,0.00010874270810745656,,0.1563565582036972,,0.2935140132904053,,0.13855087757110596,,0.1490148901939392,0.15336890518665314
183,,183,0.9458104372024536,1.0,1.0,0.9609375,0.896484375,0.951904296875,0.946868896484375,0.15336890518665314,0.0012292455649003386,,0.00010874270810745656,,0.1563565582036972,,0.2935140132904053,,0.13855087757110596,,0.1490148901939392,,
,0.001,184,,,,,,,,,,,,,,,,,,,,,
184,,184,,,,,,,,,,0.001328896265476942,,0.00010886190284509212,,0.1564473956823349,,0.29473555088043213,,0.12632712721824646,,0.13624754548072815,0.14155693352222443
184,,184,0.951511025428772,1.0,1.0,0.9609375,0.890625,0.9556884765625,0.953887939453125,0.14155693352222443,0.001328896265476942,,0.00010886190284509212,,0.1564473956823349,,0.29473555088043213,,0.12632712721824646,,0.13624754548072815,,
,0.001,185,,,,,,,,,,,,,,,,,,,,,
185,,185,,,,,,,,,,0.0010707604233175516,,0.0001009651314234361,,0.15842394530773163,,0.27874118089675903,,0.13790562748908997,,0.13473740220069885,0.14186860620975494
185,,185,0.9499313235282898,1.0,1.0,0.9609375,0.8984375,0.951416015625,0.952362060546875,0.14186860620975494,0.0010707604233175516,,0.0001009651314234361,,0.15842394530773163,,0.27874118089675903,,0.13790562748908997,,0.13473740220069885,,
,0.001,186,,,,,,,,,,,,,,,,,,,,,
186,,186,,,,,,,,,,0.001168402610346675,,9.98923642328009e-05,,0.15650396049022675,,0.28577113151550293,,0.11963103711605072,,0.1313844621181488,0.1362331360578537
186,,186,0.9524267315864563,1.0,1.0,0.9609375,0.89794921875,0.956787109375,0.954376220703125,0.1362331360578537,0.001168402610346675,,9.98923642328009e-05,,0.15650396049022675,,0.28577113151550293,,0.11963103711605072,,0.1313844621181488,,
,0.001,187,,,,,,,,,,,,,,,,,,,,,
187,,187,,,,,,,,,,0.0009030792862176895,,9.250210132449865e-05,,0.15744124352931976,,0.2794998288154602,,0.11732334643602371,,0.12684187293052673,0.13210928440093994
187,,187,0.9530448913574219,1.0,1.0,0.9609375,0.8984375,0.9599609375,0.954376220703125,0.13210928440093994,0.0009030792862176895,,9.250210132449865e-05,,0.15744124352931976,,0.2794998288154602,,0.11732334643602371,,0.12684187293052673,,
,0.001,188,,,,,,,,,,,,,,,,,,,,,
188,,188,,,,,,,,,,0.0009596510208211839,,8.81513551576063e-05,,0.15744787454605103,,0.274822473526001,,0.11321524530649185,,0.12414119392633438,0.12909363210201263
188,,188,0.9562957882881165,1.0,1.0,0.9609375,0.8984375,0.962158203125,0.958160400390625,0.12909363210201263,0.0009596510208211839,,8.81513551576063e-05,,0.15744787454605103,,0.274822473526001,,0.11321524530649185,,0.12414119392633438,,
,0.001,189,,,,,,,,,,,,,,,,,,,,,
189,,189,,,,,,,,,,0.0007977878558449447,,8.338339830515906e-05,,0.15563498437404633,,0.2674614191055298,,0.11422716081142426,,0.11468493193387985,0.12182296812534332
189,,189,0.9570741653442383,1.0,1.0,0.9609375,0.90185546875,0.9610595703125,0.959259033203125,0.12182296812534332,0.0007977878558449447,,8.338339830515906e-05,,0.15563498437404633,,0.2674614191055298,,0.11422716081142426,,0.11468493193387985,,
,0.001,190,,,,,,,,,,,,,,,,,,,,,
190,,190,,,,,,,,,,0.0009465504554100335,,8.552897634217516e-05,,0.15822768211364746,,0.265596866607666,,0.10617417842149734,,0.10928669571876526,0.1162060871720314
190,,190,0.9598214626312256,1.0,1.0,0.9609375,0.90673828125,0.9620361328125,0.962371826171875,0.1162060871720314,0.0009465504554100335,,8.552897634217516e-05,,0.15822768211364746,,0.265596866607666,,0.10617417842149734,,0.10928669571876526,,
,0.001,191,,,,,,,,,,,,,,,,,,,,,
191,,191,,,,,,,,,,0.0008769956766627729,,8.013520709937438e-05,,0.15622438490390778,,0.2724055349826813,,0.10027118027210236,,0.10128071159124374,0.10938873142004013
191,,191,0.9628434181213379,1.0,1.0,0.9609375,0.8955078125,0.967041015625,0.965850830078125,0.10938873142004013,0.0008769956766627729,,8.013520709937438e-05,,0.15622438490390778,,0.2724055349826813,,0.10027118027210236,,0.10128071159124374,,
,0.001,192,,,,,,,,,,,,,,,,,,,,,
192,,192,,,,,,,,,,0.0007528808200731874,,7.283421291504055e-05,,0.15670245885849,,0.26779186725616455,,0.092634417116642,,0.09750305116176605,0.10491172224283218
192,,192,0.9651098847389221,1.0,1.0,0.9609375,0.90185546875,0.969970703125,0.967742919921875,0.10491172224283218,0.0007528808200731874,,7.283421291504055e-05,,0.15670245885849,,0.26779186725616455,,0.092634417116642,,0.09750305116176605,,
,0.001,193,,,,,,,,,,,,,,,,,,,,,
193,,193,,,,,,,,,,0.0006080209277570248,,6.511593528557569e-05,,0.16216841340065002,,0.2661133110523224,,0.0979379266500473,,0.0903562605381012,0.1005302146077156
193,,193,0.9664148688316345,1.0,1.0,0.9609375,0.904296875,0.96630859375,0.970245361328125,0.1005302146077156,0.0006080209277570248,,6.511593528557569e-05,,0.16216841340065002,,0.2661133110523224,,0.0979379266500473,,0.0903562605381012,,
,0.001,194,,,,,,,,,,,,,,,,,,,,,
194,,194,,,,,,,,,,0.0007348936051130295,,6.687415589112788e-05,,0.15866711735725403,,0.2579931318759918,,0.09692972153425217,,0.08710882067680359,0.09748328477144241
194,,194,0.9675824642181396,1.0,1.0,0.9609375,0.90576171875,0.965087890625,0.972015380859375,0.09748328477144241,0.0007348936051130295,,6.687415589112788e-05,,0.15866711735725403,,0.2579931318759918,,0.09692972153425217,,0.08710882067680359,,
,0.001,195,,,,,,,,,,,,,,,,,,,,,
195,,195,,,,,,,,,,0.0006274400511756539,,6.305971328401938e-05,,0.15761220455169678,,0.26859378814697266,,0.07877287268638611,,0.08580555021762848,0.09358492493629456
195,,195,0.968315064907074,1.0,1.0,0.9609375,0.9033203125,0.97314453125,0.97113037109375,0.09358492493629456,0.0006274400511756539,,6.305971328401938e-05,,0.15761220455169678,,0.26859378814697266,,0.07877287268638611,,0.08580555021762848,,
,0.001,196,,,,,,,,,,,,,,,,,,,,,
196,,196,,,,,,,,,,0.0008775911992415786,,6.74999610055238e-05,,0.1624959111213684,,0.2559787631034851,,0.07756643742322922,,0.10085444897413254,0.10411406308412552
196,,196,0.9644002318382263,1.0,1.0,0.9609375,0.9072265625,0.974853515625,0.965240478515625,0.10411406308412552,0.0008775911992415786,,6.74999610055238e-05,,0.1624959111213684,,0.2559787631034851,,0.07756643742322922,,0.10085444897413254,,
,0.001,197,,,,,,,,,,,,,,,,,,,,,
197,,197,,,,,,,,,,0.000493762141559273,,5.590758519247174e-05,,0.16387031972408295,,0.2601088881492615,,0.10226918756961823,,0.09838071465492249,0.10710065066814423
197,,197,0.9637820720672607,1.0,1.0,0.9609375,0.90771484375,0.9658203125,0.966644287109375,0.10710065066814423,0.000493762141559273,,5.590758519247174e-05,,0.16387031972408295,,0.2601088881492615,,0.10226918756961823,,0.09838071465492249,,
,0.001,198,,,,,,,,,,,,,,,,,,,,,
198,,198,,,,,,,,,,0.0005666795768775046,,5.507316382136196e-05,,0.1545121967792511,,0.256878137588501,,0.07200373709201813,,0.07831654697656631,0.08611156046390533
198,,198,0.9725732803344727,1.0,1.0,0.9609375,0.9072265625,0.978271484375,0.97528076171875,0.08611156046390533,0.0005666795768775046,,5.507316382136196e-05,,0.1545121967792511,,0.256878137588501,,0.07200373709201813,,0.07831654697656631,,
,0.001,199,,,,,,,,,,,,,,,,,,,,,
199,,199,,,,,,,,,,0.0005685858195647597,,5.346392572391778e-05,,0.15632811188697815,,0.2660551965236664,,0.08893874287605286,,0.07534733414649963,0.08751176297664642
199,,199,0.9720925092697144,1.0,1.0,0.9609375,0.9033203125,0.9683837890625,0.97735595703125,0.08751176297664642,0.0005685858195647597,,5.346392572391778e-05,,0.15632811188697815,,0.2660551965236664,,0.08893874287605286,,0.07534733414649963,,
,0.001,200,,,,,,,,,,,,,,,,,,,,,
200,,200,,,,,,,,,,0.000393432448618114,,4.887460090685636e-05,,0.1636498123407364,,0.253248006105423,,0.06784940510988235,,0.07899021357297897,0.08577457070350647
200,,200,0.9706501960754395,1.0,1.0,0.9609375,0.91015625,0.9765625,0.97296142578125,0.08577457070350647,0.000393432448618114,,4.887460090685636e-05,,0.1636498123407364,,0.253248006105423,,0.06784940510988235,,0.07899021357297897,,
,0.001,201,,,,,,,,,,,,,,,,,,,,,
201,,201,,,,,,,,,,0.00045348849380388856,,5.1109665946569294e-05,,0.15884527564048767,,0.2586619257926941,,0.07011081278324127,,0.06528154015541077,0.07611224055290222
201,,201,0.9748397469520569,1.0,1.0,0.9609375,0.9072265625,0.9737548828125,0.97943115234375,0.07611224055290222,0.00045348849380388856,,5.1109665946569294e-05,,0.15884527564048767,,0.2586619257926941,,0.07011081278324127,,0.06528154015541077,,
,0.001,202,,,,,,,,,,,,,,,,,,,,,
202,,202,,,,,,,,,,0.0005322470096871257,,5.367252742871642e-05,,0.1588355302810669,,0.24849671125411987,,0.05525924265384674,,0.06958208978176117,0.0760764330625534
202,,202,0.9761447310447693,1.0,1.0,0.9609375,0.90771484375,0.984375,0.978485107421875,0.0760764330625534,0.0005322470096871257,,5.367252742871642e-05,,0.1588355302810669,,0.24849671125411987,,0.05525924265384674,,0.06958208978176117,,
,0.001,203,,,,,,,,,,,,,,,,,,,,,
203,,203,,,,,,,,,,0.0004138090298511088,,4.7205750888679177e-05,,0.15543973445892334,,0.245499387383461,,0.05445884168148041,,0.05269294232130051,0.06307592242956161
203,,203,0.9806776642799377,1.0,1.0,0.9609375,0.90869140625,0.9833984375,0.984710693359375,0.06307592242956161,0.0004138090298511088,,4.7205750888679177e-05,,0.15543973445892334,,0.245499387383461,,0.05445884168148041,,0.05269294232130051,,
,0.001,204,,,,,,,,,,,,,,,,,,,,,
204,,204,,,,,,,,,,0.000386640167562291,,4.327202623244375e-05,,0.1572842299938202,,0.2461504340171814,,0.04818027466535568,,0.0595400407910347,0.0670870915055275
204,,204,0.978365421295166,1.0,1.0,0.9609375,0.91015625,0.9864501953125,0.98077392578125,0.0670870915055275,0.000386640167562291,,4.327202623244375e-05,,0.1572842299938202,,0.2461504340171814,,0.04818027466535568,,0.0595400407910347,,
,0.001,205,,,,,,,,,,,,,,,,,,,,,
205,,205,,,,,,,,,,0.0005197366117499769,,4.4940883526578546e-05,,0.16235631704330444,,0.2431136518716812,,0.05005751550197601,,0.05409436672925949,0.06327108293771744
205,,205,0.9811126589775085,1.0,1.0,0.9609375,0.91162109375,0.986328125,0.984375,0.06327108293771744,0.0005197366117499769,,4.4940883526578546e-05,,0.16235631704330444,,0.2431136518716812,,0.05005751550197601,,0.05409436672925949,,
,0.001,206,,,,,,,,,,,,,,,,,,,,,
206,,206,,,,,,,,,,0.0004828002711292356,,4.586470822687261e-05,,0.15443715453147888,,0.2445269227027893,,0.04355250298976898,,0.04946659505367279,0.05855283886194229
206,,206,0.9831501841545105,1.0,1.0,0.9609375,0.91162109375,0.9892578125,0.986358642578125,0.05855283886194229,0.0004828002711292356,,4.586470822687261e-05,,0.15443715453147888,,0.2445269227027893,,0.04355250298976898,,0.04946659505367279,,
,0.001,207,,,,,,,,,,,,,,,,,,,,,
207,,207,,,,,,,,,,0.00041940953815355897,,4.610311225405894e-05,,0.16024932265281677,,0.24564023315906525,,0.04397331178188324,,0.039363592863082886,0.05117293819785118
207,,207,0.9854395985603333,1.0,1.0,0.9609375,0.9052734375,0.9879150390625,0.990142822265625,0.05117293819785118,0.00041940953815355897,,4.610311225405894e-05,,0.16024932265281677,,0.24564023315906525,,0.04397331178188324,,0.039363592863082886,,
,0.001,208,,,,,,,,,,,,,,,,,,,,,
208,,208,,,,,,,,,,0.00046826363541185856,,4.690773494075984e-05,,0.15803134441375732,,0.2422826886177063,,0.03941056504845619,,0.03983006626367569,0.050483766943216324
208,,208,0.9851190447807312,1.0,1.0,0.9609375,0.91064453125,0.9884033203125,0.9892578125,0.050483766943216324,0.00046826363541185856,,4.690773494075984e-05,,0.15803134441375732,,0.2422826886177063,,0.03941056504845619,,0.03983006626367569,,
,0.001,209,,,,,,,,,,,,,,,,,,,,,
209,,209,,,,,,,,,,0.000543446687515825,,4.571570025291294e-05,,0.15548576414585114,,0.24092327058315277,,0.03845898061990738,,0.0358278825879097,0.04720940813422203
209,,209,0.9869734644889832,1.0,1.0,0.9609375,0.91162109375,0.99072265625,0.9910888671875,0.04720940813422203,0.000543446687515825,,4.571570025291294e-05,,0.15548576414585114,,0.24092327058315277,,0.03845898061990738,,0.0358278825879097,,
,0.001,210,,,,,,,,,,,,,,,,,,,,,
210,,210,,,,,,,,,,0.0005092516075819731,,4.112634633202106e-05,,0.15645760297775269,,0.24137502908706665,,0.02989811822772026,,0.02671080455183983,0.038796909153461456
210,,210,0.9901556968688965,1.0,1.0,0.9609375,0.91357421875,0.9935302734375,0.9945068359375,0.038796909153461456,0.0005092516075819731,,4.112634633202106e-05,,0.15645760297775269,,0.24137502908706665,,0.02989811822772026,,0.02671080455183983,,
,0.001,211,,,,,,,,,,,,,,,,,,,,,
211,,211,,,,,,,,,,0.0004612335760612041,,3.674557956401259e-05,,0.15663237869739532,,0.2365480661392212,,0.03303276002407074,,0.030449744313955307,0.04196536913514137
211,,211,0.988163948059082,1.0,1.0,0.9609375,0.9150390625,0.99169921875,0.992218017578125,0.04196536913514137,0.0004612335760612041,,3.674557956401259e-05,,0.15663237869739532,,0.2365480661392212,,0.03303276002407074,,0.030449744313955307,,
,0.001,212,,,,,,,,,,,,,,,,,,,,,
212,,212,,,,,,,,,,0.00047219570842571557,,3.555353032425046e-05,,0.155848890542984,,0.23822161555290222,,0.028392089530825615,,0.02608051896095276,0.0378865972161293
212,,212,0.989949643611908,1.0,1.0,0.9609375,0.9140625,0.9935302734375,0.99420166015625,0.0378865972161293,0.00047219570842571557,,3.555353032425046e-05,,0.155848890542984,,0.23822161555290222,,0.028392089530825615,,0.02608051896095276,,
,0.001,213,,,,,,,,,,,,,,,,,,,,,
213,,213,,,,,,,,,,0.0004884004010818899,,3.6298559280112386e-05,,0.15535524487495422,,0.2287333607673645,,0.023678990080952644,,0.020263196900486946,0.03218797594308853
213,,213,0.9914377331733704,1.0,1.0,0.9609375,0.91357421875,0.9954833984375,0.9957275390625,0.03218797594308853,0.0004884004010818899,,3.6298559280112386e-05,,0.15535524487495422,,0.2287333607673645,,0.023678990080952644,,0.020263196900486946,,
,0.001,214,,,,,,,,,,,,,,,,,,,,,
214,,214,,,,,,,,,,0.0005038899253122509,,3.6536970583256334e-05,,0.1554650217294693,,0.22582557797431946,,0.022429849952459335,,0.019844479858875275,0.0315045528113842
214,,214,0.9915293455123901,1.0,1.0,0.9609375,0.9130859375,0.9952392578125,0.995941162109375,0.0315045528113842,0.0005038899253122509,,3.6536970583256334e-05,,0.1554650217294693,,0.22582557797431946,,0.022429849952459335,,0.019844479858875275,,
,0.001,215,,,,,,,,,,,,,,,,,,,,,
215,,215,,,,,,,,,,0.0005536930402740836,,3.6477365938480943e-05,,0.15624956786632538,,0.2279389500617981,,0.021271346136927605,,0.017939139157533646,0.02996625006198883
215,,215,0.9924221634864807,1.0,1.0,0.9609375,0.9150390625,0.9957275390625,0.99688720703125,0.02996625006198883,0.0005536930402740836,,3.6477365938480943e-05,,0.15624956786632538,,0.2279389500617981,,0.021271346136927605,,0.017939139157533646,,
,0.001,216,,,,,,,,,,,,,,,,,,,,,
216,,216,,,,,,,,,,0.0005751386051997542,,3.6030352930538356e-05,,0.1549147665500641,,0.2211686074733734,,0.019190242514014244,,0.015091268345713615,0.027106450870633125
216,,216,0.9932005405426025,1.0,1.0,0.9609375,0.9169921875,0.9962158203125,0.9976806640625,0.027106450870633125,0.0005751386051997542,,3.6030352930538356e-05,,0.1549147665500641,,0.2211686074733734,,0.019190242514014244,,0.015091268345713615,,
,0.001,217,,,,,,,,,,,,,,,,,,,,,
217,,217,,,,,,,,,,0.000534868217073381,,3.421247311052866e-05,,0.15427163243293762,,0.2214786857366562,,0.015905173495411873,,0.013018936850130558,0.024942688643932343
217,,217,0.9938187003135681,1.0,1.0,0.9609375,0.91796875,0.9974365234375,0.998138427734375,0.024942688643932343,0.000534868217073381,,3.421247311052866e-05,,0.15427163243293762,,0.2214786857366562,,0.015905173495411873,,0.013018936850130558,,
,0.001,218,,,,,,,,,,,,,,,,,,,,,
218,,218,,,,,,,,,,0.0005295066512189806,,3.2573403586866334e-05,,0.15622684359550476,,0.2129671275615692,,0.015488000586628914,,0.012172454036772251,0.02385326661169529
218,,218,0.9939102530479431,1.0,1.0,0.9609375,0.91845703125,0.99755859375,0.998199462890625,0.02385326661169529,0.0005295066512189806,,3.2573403586866334e-05,,0.15622684359550476,,0.2129671275615692,,0.015488000586628914,,0.012172454036772251,,
,0.001,219,,,,,,,,,,,,,,,,,,,,,
219,,219,,,,,,,,,,0.0005525015876628458,,3.17985650326591e-05,,0.1553441286087036,,0.21665304899215698,,0.014647694304585457,,0.01065259799361229,0.02271798625588417
219,,219,0.9942079186439514,1.0,1.0,0.9609375,0.9169921875,0.997802734375,0.998626708984375,0.02271798625588417,0.0005525015876628458,,3.17985650326591e-05,,0.1553441286087036,,0.21665304899215698,,0.014647694304585457,,0.01065259799361229,,
,0.001,220,,,,,,,,,,,,,,,,,,,,,
220,,220,,,,,,,,,,0.000548331590835005,,3.1053532438818365e-05,,0.15308904647827148,,0.21721255779266357,,0.011537277139723301,,0.009065668098628521,0.02094394899904728
220,,220,0.9948260188102722,1.0,1.0,0.9609375,0.91943359375,0.9986572265625,0.99908447265625,0.02094394899904728,0.000548331590835005,,3.1053532438818365e-05,,0.15308904647827148,,0.21721255779266357,,0.011537277139723301,,0.009065668098628521,,
,0.001,221,,,,,,,,,,,,,,,,,,,,,
221,,221,,,,,,,,,,0.0005297449533827603,,3.0219092877814546e-05,,0.1551031619310379,,0.20851671695709229,,0.009670816361904144,,0.00809263251721859,0.019479822367429733
221,,221,0.9951236248016357,1.0,1.0,0.9609375,0.923828125,0.9991455078125,0.99908447265625,0.019479822367429733,0.0005297449533827603,,3.0219092877814546e-05,,0.1551031619310379,,0.20851671695709229,,0.009670816361904144,,0.00809263251721859,,
,0.001,222,,,,,,,,,,,,,,,,,,,,,
222,,222,,,,,,,,,,0.00048780461656861007,,2.8967433536308818e-05,,0.1542024165391922,,0.21493108570575714,,0.009883090853691101,,0.007328719366341829,0.019236711785197258
222,,222,0.9950549602508545,1.0,1.0,0.9609375,0.91845703125,0.9989013671875,0.9993896484375,0.019236711785197258,0.00048780461656861007,,2.8967433536308818e-05,,0.1542024165391922,,0.21493108570575714,,0.009883090853691101,,0.007328719366341829,,
,0.001,223,,,,,,,,,,,,,,,,,,,,,
223,,223,,,,,,,,,,0.000433112756581977,,2.7685968234436586e-05,,0.15613137185573578,,0.21885086596012115,,0.009664686396718025,,0.006671101786196232,0.01890876702964306
223,,223,0.9951923489570618,1.0,1.0,0.9609375,0.9208984375,0.998779296875,0.99945068359375,0.01890876702964306,0.000433112756581977,,2.7685968234436586e-05,,0.15613137185573578,,0.21885086596012115,,0.009664686396718025,,0.006671101786196232,,
,0.001,224,,,,,,,,,,,,,,,,,,,,,
224,,224,,,,,,,,,,0.00047195740626193583,,2.780517388600856e-05,,0.15732109546661377,,0.2082761824131012,,0.00770804425701499,,0.00548135582357645,0.01716744527220726
224,,224,0.9955586194992065,1.0,1.0,0.9609375,0.921875,0.99951171875,0.99969482421875,0.01716744527220726,0.00047195740626193583,,2.780517388600856e-05,,0.15732109546661377,,0.2082761824131012,,0.00770804425701499,,0.00548135582357645,,
,0.001,225,,,,,,,,,,,,,,,,,,,,,
225,,225,,,,,,,,,,0.0005281960475258529,,2.8222395485499874e-05,,0.15592309832572937,,0.2111309915781021,,0.008019613102078438,,0.005102315451949835,0.01705903746187687
225,,225,0.9954670667648315,1.0,1.0,0.9609375,0.92138671875,0.998779296875,0.999786376953125,0.01705903746187687,0.0005281960475258529,,2.8222395485499874e-05,,0.15592309832572937,,0.2111309915781021,,0.008019613102078438,,0.005102315451949835,,
,0.001,226,,,,,,,,,,,,,,,,,,,,,
226,,226,,,,,,,,,,0.0005178302526473999,,2.7745572879211977e-05,,0.15522560477256775,,0.2148761749267578,,0.006777534727007151,,0.0044465321116149426,0.016501545906066895
226,,226,0.9954441785812378,1.0,1.0,0.9609375,0.9189453125,0.999267578125,0.999786376953125,0.016501545906066895,0.0005178302526473999,,2.7745572879211977e-05,,0.15522560477256775,,0.2148761749267578,,0.006777534727007151,,0.0044465321116149426,,
,0.001,227,,,,,,,,,,,,,,,,,,,,,
227,,227,,,,,,,,,,0.0005080600967630744,,2.6523710403125733e-05,,0.15630574524402618,,0.2055853009223938,,0.0075169699266552925,,0.0038759694434702396,0.015789231285452843
227,,227,0.9954899549484253,1.0,1.0,0.9609375,0.9208984375,0.998779296875,0.999847412109375,0.015789231285452843,0.0005080600967630744,,2.6523710403125733e-05,,0.15630574524402618,,0.2055853009223938,,0.0075169699266552925,,0.0038759694434702396,,
,0.001,228,,,,,,,,,,,,,,,,,,,,,
228,,228,,,,,,,,,,0.000485183292767033,,2.4825021682772785e-05,,0.156246617436409,,0.20532968640327454,,0.005649401340633631,,0.003398916218429804,0.015068400651216507
228,,228,0.9955586194992065,1.0,1.0,0.9609375,0.9189453125,0.9993896484375,0.999908447265625,0.015068400651216507,0.000485183292767033,,2.4825021682772785e-05,,0.156246617436409,,0.20532968640327454,,0.005649401340633631,,0.003398916218429804,,
,0.001,229,,,,,,,,,,,,,,,,,,,,,
229,,229,,,,,,,,,,0.0004231034545227885,,2.3573356884298846e-05,,0.15378491580486298,,0.2106226086616516,,0.007123168557882309,,0.0030343709513545036,0.015290587209165096
229,,229,0.9956272840499878,1.0,1.0,0.9609375,0.92138671875,0.9991455078125,0.999908447265625,0.015290587209165096,0.0004231034545227885,,2.3573356884298846e-05,,0.15378491580486298,,0.2106226086616516,,0.007123168557882309,,0.0030343709513545036,,
,0.001,230,,,,,,,,,,,,,,,,,,,,,
230,,230,,,,,,,,,,0.0003971264814026654,,2.2917720343684778e-05,,0.15483634173870087,,0.20077404379844666,,0.004347397014498711,,0.0026219780556857586,0.014011170715093613
230,,230,0.9959020614624023,1.0,1.0,0.9609375,0.92431640625,0.999755859375,0.99993896484375,0.014011170715093613,0.0003971264814026654,,2.2917720343684778e-05,,0.15483634173870087,,0.20077404379844666,,0.004347397014498711,,0.0026219780556857586,,
,0.001,231,,,,,,,,,,,,,,,,,,,,,
231,,231,,,,,,,,,,0.00040165462996810675,,2.2649506718153134e-05,,0.1533311903476715,,0.2051876187324524,,0.009360188618302345,,0.0023831012658774853,0.014961395412683487
231,,231,0.995604395866394,1.0,1.0,0.9609375,0.92236328125,0.99853515625,0.999969482421875,0.014961395412683487,0.00040165462996810675,,2.2649506718153134e-05,,0.1533311903476715,,0.2051876187324524,,0.009360188618302345,,0.0023831012658774853,,
,0.001,232,,,,,,,,,,,,,,,,,,,,,
232,,232,,,,,,,,,,0.00040892345714382827,,2.3215736291604117e-05,,0.15566027164459229,,0.19877439737319946,,0.004329086281359196,,0.002074086805805564,0.013512629084289074
232,,232,0.9957646727561951,1.0,1.0,0.9609375,0.9208984375,0.999755859375,0.999969482421875,0.013512629084289074,0.00040892345714382827,,2.3215736291604117e-05,,0.15566027164459229,,0.19877439737319946,,0.004329086281359196,,0.002074086805805564,,
,0.001,233,,,,,,,,,,,,,,,,,,,,,
233,,233,,,,,,,,,,0.0004012971476186067,,2.2917720343684778e-05,,0.15648432075977325,,0.1960323452949524,,0.00774516724050045,,0.001964063849300146,0.013951851986348629
233,,233,0.9957646727561951,1.0,1.0,0.9609375,0.9248046875,0.998779296875,0.999969482421875,0.013951851986348629,0.0004012971476186067,,2.2917720343684778e-05,,0.15648432075977325,,0.1960323452949524,,0.00774516724050045,,0.001964063849300146,,
,0.001,234,,,,,,,,,,,,,,,,,,,,,
234,,234,,,,,,,,,,0.0003630455757956952,,2.1338233636924997e-05,,0.1587691754102707,,0.2034299671649933,,0.003727101720869541,,0.0015859906561672688,0.013288253918290138
234,,234,0.9959020614624023,1.0,1.0,0.9609375,0.92431640625,0.999755859375,0.99993896484375,0.013288253918290138,0.0003630455757956952,,2.1338233636924997e-05,,0.1587691754102707,,0.2034299671649933,,0.003727101720869541,,0.0015859906561672688,,
,0.001,235,,,,,,,,,,,,,,,,,,,,,
235,,235,,,,,,,,,,0.0003323002893012017,,2.0384577510412782e-05,,0.15728949010372162,,0.18775585293769836,,0.01035437174141407,,0.0014709281967952847,0.013692579232156277
235,,235,0.9956272840499878,1.0,1.0,0.9609375,0.927734375,0.997314453125,0.999969482421875,0.013692579232156277,0.0003323002893012017,,2.0384577510412782e-05,,0.15728949010372162,,0.18775585293769836,,0.01035437174141407,,0.0014709281967952847,,
,0.001,236,,,,,,,,,,,,,,,,,,,,,
236,,236,,,,,,,,,,0.00036423723213374615,,2.0563387806760147e-05,,0.16667015850543976,,0.19534224271774292,,0.013484347611665726,,0.0013224300928413868,0.014633871614933014
236,,236,0.9953983426094055,1.0,1.0,0.9609375,0.92529296875,0.9967041015625,0.999969482421875,0.014633871614933014,0.00036423723213374615,,2.0563387806760147e-05,,0.16667015850543976,,0.19534224271774292,,0.013484347611665726,,0.0013224300928413868,,
,0.001,237,,,,,,,,,,,,,,,,,,,,,
237,,237,,,,,,,,,,0.0003190723655279726,,1.9997154595330358e-05,,0.18123407661914825,,0.20269903540611267,,0.004239181987941265,,0.0011945473961532116,0.013319655321538448
237,,237,0.9955815076828003,1.0,1.0,0.9609375,0.91650390625,0.999755859375,1.0,0.013319655321538448,0.0003190723655279726,,1.9997154595330358e-05,,0.18123407661914825,,0.20269903540611267,,0.004239181987941265,,0.0011945473961532116,,
,0.001,238,,,,,,,,,,,,,,,,,,,,,
238,,238,,,,,,,,,,0.0003262225945945829,,2.0324974684626795e-05,,0.17533239722251892,,0.1970386505126953,,0.007004081271588802,,0.0011479269014671445,0.013468661345541477
238,,238,0.9957875609397888,1.0,1.0,0.9609375,0.92529296875,0.9986572265625,1.0,0.013468661345541477,0.0003262225945945829,,2.0324974684626795e-05,,0.17533239722251892,,0.1970386505126953,,0.007004081271588802,,0.0011479269014671445,,
,0.001,239,,,,,,,,,,,,,,,,,,,,,
239,,239,,,,,,,,,,0.0003992714046034962,,2.121902616636362e-05,,0.18715724349021912,,0.21285736560821533,,0.004064176697283983,,0.0010780488373711705,0.013745219446718693
239,,239,0.9960393905639648,1.0,1.0,0.9609375,0.92626953125,0.999755859375,1.0,0.013745219446718693,0.0003992714046034962,,2.121902616636362e-05,,0.18715724349021912,,0.21285736560821533,,0.004064176697283983,,0.0010780488373711705,,
,0.001,240,,,,,,,,,,,,,,,,,,,,,
240,,240,,,,,,,,,,0.0003505330823827535,,2.0414379832800478e-05,,0.16864685714244843,,0.19581076502799988,,0.004764154553413391,,0.0009180835913866758,0.012740228325128555
240,,240,0.9957875609397888,1.0,1.0,0.9609375,0.92236328125,0.9993896484375,1.0,0.012740228325128555,0.0003505330823827535,,2.0414379832800478e-05,,0.16864685714244843,,0.19581076502799988,,0.004764154553413391,,0.0009180835913866758,,
,0.001,241,,,,,,,,,,,,,,,,,,,,,
241,,241,,,,,,,,,,0.00032431588624604046,,1.984814844036009e-05,,0.17470824718475342,,0.20721128582954407,,0.004184320569038391,,0.0010169348679482937,0.01331119891256094
241,,241,0.9956960082054138,1.0,1.0,0.9609375,0.919921875,0.9996337890625,0.999969482421875,0.01331119891256094,0.00032431588624604046,,1.984814844036009e-05,,0.17470824718475342,,0.20721128582954407,,0.004184320569038391,,0.0010169348679482937,,
,0.001,242,,,,,,,,,,,,,,,,,,,,,
242,,242,,,,,,,,,,0.0003409996279515326,,2.0146166207268834e-05,,0.17193105816841125,,0.18542951345443726,,0.0035296212881803513,,0.0008008647710084915,0.011972510255873203
242,,242,0.9961080551147461,1.0,1.0,0.9609375,0.92822265625,0.9996337890625,1.0,0.011972510255873203,0.0003409996279515326,,2.0146166207268834e-05,,0.17193105816841125,,0.18542951345443726,,0.0035296212881803513,,0.0008008647710084915,,
,0.001,243,,,,,,,,,,,,,,,,,,,,,
243,,243,,,,,,,,,,0.00038366109947673976,,2.0682595277321525e-05,,0.17226186394691467,,0.1939229518175125,,0.0032401971984654665,,0.0008231204701587558,0.012337062507867813
243,,243,0.9959020614624023,1.0,1.0,0.9609375,0.923828125,0.999755859375,0.999969482421875,0.012337062507867813,0.00038366109947673976,,2.0682595277321525e-05,,0.17226186394691467,,0.1939229518175125,,0.0032401971984654665,,0.0008231204701587558,,
,0.001,244,,,,,,,,,,,,,,,,,,,,,
244,,244,,,,,,,,,,0.0003927174839191139,,2.0593190129147843e-05,,0.16037966310977936,,0.18462029099464417,,0.003215168369933963,,0.0007452466525137424,0.011698508635163307
244,,244,0.9960393905639648,1.0,1.0,0.9609375,0.9267578125,0.9996337890625,1.0,0.011698508635163307,0.0003927174839191139,,2.0593190129147843e-05,,0.16037966310977936,,0.18462029099464417,,0.003215168369933963,,0.0007452466525137424,,
,0.001,245,,,,,,,,,,,,,,,,,,,,,
245,,245,,,,,,,,,,0.0003906917118001729,,2.047398447757587e-05,,0.16242393851280212,,0.18618372082710266,,0.0027396301738917828,,0.0006872129160910845,0.011663051322102547
245,,245,0.9961538910865784,1.0,1.0,0.9609375,0.9287109375,0.999755859375,1.0,0.011663051322102547,0.0003906917118001729,,2.047398447757587e-05,,0.16242393851280212,,0.18618372082710266,,0.0027396301738917828,,0.0006872129160910845,,
,0.001,246,,,,,,,,,,,,,,,,,,,,,
246,,246,,,,,,,,,,0.0003861635341309011,,1.9848146621370688e-05,,0.15832765400409698,,0.1845797896385193,,0.0027266498655080795,,0.0006532588740810752,0.01151192281395197
246,,246,0.9962912201881409,1.0,1.0,0.9609375,0.931640625,0.999755859375,1.0,0.01151192281395197,0.0003861635341309011,,1.9848146621370688e-05,,0.15832765400409698,,0.1845797896385193,,0.0027266498655080795,,0.0006532588740810752,,
,0.001,247,,,,,,,,,,,,,,,,,,,,,
247,,247,,,,,,,,,,0.00039426659350283444,,1.9162707758368924e-05,,0.1587565839290619,,0.17508959770202637,,0.0025849249213933945,,0.0005887890001758933,0.010997047647833824
247,,247,0.9963141083717346,1.0,1.0,0.9609375,0.931640625,0.9998779296875,1.0,0.010997047647833824,0.00039426659350283444,,1.9162707758368924e-05,,0.1587565839290619,,0.17508959770202637,,0.0025849249213933945,,0.0005887890001758933,,
,0.001,248,,,,,,,,,,,,,,,,,,,,,
248,,248,,,,,,,,,,0.0003970073303207755,,1.8805087165674195e-05,,0.16281026601791382,,0.17477092146873474,,0.0024787436705082655,,0.0005451284814625978,0.010976956225931644
248,,248,0.9961767792701721,1.0,1.0,0.9609375,0.9287109375,0.9998779296875,1.0,0.010976956225931644,0.0003970073303207755,,1.8805087165674195e-05,,0.16281026601791382,,0.17477092146873474,,0.0024787436705082655,,0.0005451284814625978,,
,0.001,249,,,,,,,,,,,,,,,,,,,,,
249,,249,,,,,,,,,,0.0003887851198669523,,1.889449413283728e-05,,0.1553339660167694,,0.17359992861747742,,0.002306843176484108,,0.0005397139466367662,0.010798110626637936
249,,249,0.9962683320045471,1.0,1.0,0.9609375,0.9306640625,0.9998779296875,1.0,0.010798110626637936,0.0003887851198669523,,1.889449413283728e-05,,0.1553339660167694,,0.17359992861747742,,0.002306843176484108,,0.0005397139466367662,,
,0.001,250,,,,,,,,,,,,,,,,,,,,,
250,,250,,,,,,,,,,0.0004102342063561082,,1.925211472553201e-05,,0.158016175031662,,0.17288020253181458,,0.002213448751717806,,0.0005345803219825029,0.010774455033242702
250,,250,0.9963141083717346,1.0,1.0,0.9609375,0.931640625,0.9998779296875,1.0,0.010774455033242702,0.0004102342063561082,,1.925211472553201e-05,,0.158016175031662,,0.17288020253181458,,0.002213448751717806,,0.0005345803219825029,,
,0.001,251,,,,,,,,,,,,,,,,,,,,,
251,,251,,,,,,,,,,0.0004586121649481356,,1.9371320377103984e-05,,0.1601683646440506,,0.16956329345703125,,0.0021043571177870035,,0.0004705759056378156,0.010575726628303528
251,,251,0.9962912201881409,1.0,1.0,0.9609375,0.93115234375,0.9998779296875,1.0,0.010575726628303528,0.0004586121649481356,,1.9371320377103984e-05,,0.1601683646440506,,0.16956329345703125,,0.0021043571177870035,,0.0004705759056378156,,
,0.001,252,,,,,,,,,,,,,,,,,,,,,
252,,252,,,,,,,,,,0.00047267231275327504,,1.9103104932582937e-05,,0.1562766432762146,,0.16833214461803436,,0.0020290371030569077,,0.00042666480294428766,0.010425327345728874
252,,252,0.9962912201881409,1.0,1.0,0.9609375,0.93115234375,0.9998779296875,1.0,0.010425327345728874,0.00047267231275327504,,1.9103104932582937e-05,,0.1562766432762146,,0.16833214461803436,,0.0020290371030569077,,0.00042666480294428766,,
,0.001,253,,,,,,,,,,,,,,,,,,,,,
253,,253,,,,,,,,,,0.0004462200158741325,,1.8715683836489916e-05,,0.15504659712314606,,0.16798803210258484,,0.0019874046556651592,,0.00039664184441789985,0.010364423505961895
253,,253,0.9962912201881409,1.0,1.0,0.9609375,0.93115234375,0.9998779296875,1.0,0.010364423505961895,0.0004462200158741325,,1.8715683836489916e-05,,0.15504659712314606,,0.16798803210258484,,0.0019874046556651592,,0.00039664184441789985,,
,0.001,254,,,,,,,,,,,,,,,,,,,,,
254,,254,,,,,,,,,,0.00042572495294734836,,1.8358061424805783e-05,,0.15572410821914673,,0.16661465167999268,,0.0019529589917510748,,0.0003751056792680174,0.010285339318215847
254,,254,0.9963141083717346,1.0,1.0,0.9609375,0.931640625,0.9998779296875,1.0,0.010285339318215847,0.00042572495294734836,,1.8358061424805783e-05,,0.15572410821914673,,0.16661465167999268,,0.0019529589917510748,,0.0003751056792680174,,
,0.001,255,,,,,,,,,,,,,,,,,,,,,
255,,255,,,,,,,,,,0.0004295380203984678,,1.811964830267243e-05,,0.1554366648197174,,0.1654053032398224,,0.0019057894824072719,,0.00035280780866742134,0.010199695825576782
255,,255,0.9962454438209534,1.0,1.0,0.9609375,0.93017578125,0.9998779296875,1.0,0.010199695825576782,0.0004295380203984678,,1.811964830267243e-05,,0.1554366648197174,,0.1654053032398224,,0.0019057894824072719,,0.00035280780866742134,,
,0.001,256,,,,,,,,,,,,,,,,,,,,,
256,,256,,,,,,,,,,0.0004419303731992841,,1.8179251128458418e-05,,0.15544401109218597,,0.16320401430130005,,0.0018717413768172264,,0.0003350333427079022,0.010076861828565598
256,,256,0.9963369965553284,1.0,1.0,0.9609375,0.93212890625,0.9998779296875,1.0,0.010076861828565598,0.0004419303731992841,,1.8179251128458418e-05,,0.15544401109218597,,0.16320401430130005,,0.0018717413768172264,,0.0003350333427079022,,
,0.001,257,,,,,,,,,,,,,,,,,,,,,
257,,257,,,,,,,,,,0.0004447901446837932,,1.8447466572979465e-05,,0.15451163053512573,,0.16327601671218872,,0.001844577374868095,,0.0003125518560409546,0.010047351941466331
257,,257,0.9963369965553284,1.0,1.0,0.9609375,0.93212890625,0.9998779296875,1.0,0.010047351941466331,0.0004447901446837932,,1.8447466572979465e-05,,0.15451163053512573,,0.16327601671218872,,0.001844577374868095,,0.0003125518560409546,,
,0.001,258,,,,,,,,,,,,,,,,,,,,,
258,,258,,,,,,,,,,0.0004469349514693022,,1.8507069398765452e-05,,0.1534397304058075,,0.16443923115730286,,0.0018038308480754495,,0.00028962764190509915,0.010064488276839256
258,,258,0.9962683320045471,1.0,1.0,0.9609375,0.9306640625,0.9998779296875,1.0,0.010064488276839256,0.0004469349514693022,,1.8507069398765452e-05,,0.1534397304058075,,0.16443923115730286,,0.0018038308480754495,,0.00028962764190509915,,
,0.001,259,,,,,,,,,,,,,,,,,,,,,
259,,259,,,,,,,,,,0.0004632591735571623,,1.8507071217754856e-05,,0.1545327603816986,,0.16042578220367432,,0.001763464999385178,,0.00027315167244523764,0.009869205765426159
259,,259,0.9963828325271606,1.0,1.0,0.9609375,0.93310546875,0.9998779296875,1.0,0.009869205765426159,0.0004632591735571623,,1.8507071217754856e-05,,0.1545327603816986,,0.16042578220367432,,0.001763464999385178,,0.00027315167244523764,,
,0.001,260,,,,,,,,,,,,,,,,,,,,,
260,,260,,,,,,,,,,0.0004676678800024092,,1.8447466572979465e-05,,0.15513254702091217,,0.16044388711452484,,0.0017309794202446938,,0.0002587550552561879,0.009860195219516754
260,,260,0.9963598847389221,1.0,1.0,0.9609375,0.9326171875,0.9998779296875,1.0,0.009860195219516754,0.0004676678800024092,,1.8447466572979465e-05,,0.15513254702091217,,0.16044388711452484,,0.0017309794202446938,,0.0002587550552561879,,
,0.001,261,,,,,,,,,,,,,,,,,,,,,
261,,261,,,,,,,,,,0.00045372682507149875,,1.8507071217754856e-05,,0.15407373011112213,,0.16029605269432068,,0.0016929180128499866,,0.0002436517970636487,0.009822375141084194
261,,261,0.9962454438209534,1.0,1.0,0.9609375,0.93017578125,0.9998779296875,1.0,0.009822375141084194,0.00045372682507149875,,1.8507071217754856e-05,,0.15407373011112213,,0.16029605269432068,,0.0016929180128499866,,0.0002436517970636487,,
,0.001,262,,,,,,,,,,,,,,,,,,,,,
262,,262,,,,,,,,,,0.0004477690381463617,,1.868588151410222e-05,,0.15345902740955353,,0.16005593538284302,,0.0016539188800379634,,0.00023354899894911796,0.009789013303816319
262,,262,0.9963598847389221,1.0,1.0,0.9609375,0.9326171875,0.9998779296875,1.0,0.009789013303816319,0.0004477690381463617,,1.868588151410222e-05,,0.15345902740955353,,0.16005593538284302,,0.0016539188800379634,,0.00023354899894911796,,
,0.001,263,,,,,,,,,,,,,,,,,,,,,
263,,263,,,,,,,,,,0.0004463391669560224,,1.883488948806189e-05,,0.15364766120910645,,0.1597677618265152,,0.001622763928025961,,0.00022520148195326328,0.009765607304871082
263,,263,0.9963598847389221,1.0,1.0,0.9609375,0.9326171875,0.9998779296875,1.0,0.009765607304871082,0.0004463391669560224,,1.883488948806189e-05,,0.15364766120910645,,0.1597677618265152,,0.001622763928025961,,0.00022520148195326328,,
,0.001,264,,,,,,,,,,,,,,,,,,,,,
264,,264,,,,,,,,,,0.0004368066438473761,,1.8715683836489916e-05,,0.1536588966846466,,0.1584257185459137,,0.0015952351968735456,,0.0002144710742868483,0.009689596481621265
264,,264,0.9963369965553284,1.0,1.0,0.9609375,0.93212890625,0.9998779296875,1.0,0.009689596481621265,0.0004368066438473761,,1.8715683836489916e-05,,0.1536588966846466,,0.1584257185459137,,0.0015952351968735456,,0.0002144710742868483,,
,0.001,265,,,,,,,,,,,,,,,,,,,,,
265,,265,,,,,,,,,,0.00042798896902240813,,1.8566674043540843e-05,,0.15325288474559784,,0.1583629697561264,,0.001571253756992519,,0.00020601687720045447,0.009671048261225224
265,,265,0.9963828325271606,1.0,1.0,0.9609375,0.93310546875,0.9998779296875,1.0,0.009671048261225224,0.00042798896902240813,,1.8566674043540843e-05,,0.15325288474559784,,0.1583629697561264,,0.001571253756992519,,0.00020601687720045447,,
,0.001,266,,,,,,,,,,,,,,,,,,,,,
266,,266,,,,,,,,,,0.0004295380203984678,,1.8387861928204075e-05,,0.15295948088169098,,0.1581936776638031,,0.0015474853571504354,,0.00019639584934338927,0.009647997096180916
266,,266,0.9963598847389221,1.0,1.0,0.9609375,0.9326171875,0.9998779296875,1.0,0.009647997096180916,0.0004295380203984678,,1.8387861928204075e-05,,0.15295948088169098,,0.1581936776638031,,0.0015474853571504354,,0.00019639584934338927,,
,0.001,267,,,,,,,,,,,,,,,,,,,,,
267,,267,,,,,,,,,,0.00044490929576568305,,1.862627686932683e-05,,0.15287016332149506,,0.15773725509643555,,0.0015191854909062386,,0.00018605243531055748,0.009612494148314
267,,267,0.9963598847389221,1.0,1.0,0.9609375,0.9326171875,0.9998779296875,1.0,0.009612494148314,0.00044490929576568305,,1.862627686932683e-05,,0.15287016332149506,,0.15773725509643555,,0.0015191854909062386,,0.00018605243531055748,,
,0.001,268,,,,,,,,,,,,,,,,,,,,,
268,,268,,,,,,,,,,0.00045599075383506715,,1.889449413283728e-05,,0.1530146598815918,,0.15685634315013885,,0.0014909623423591256,,0.0001765598717611283,0.0095604807138443
268,,268,0.9963598847389221,1.0,1.0,0.9609375,0.9326171875,0.9998779296875,1.0,0.0095604807138443,0.00045599075383506715,,1.889449413283728e-05,,0.1530146598815918,,0.15685634315013885,,0.0014909623423591256,,0.0001765598717611283,,
,0.001,269,,,,,,,,,,,,,,,,,,,,,
269,,269,,,,,,,,,,0.0004580163804348558,,1.9311717551317997e-05,,0.15318027138710022,,0.1574440747499466,,0.001463611493818462,,0.00016876366862561554,0.009579003788530827
269,,269,0.9963598847389221,1.0,1.0,0.9609375,0.9326171875,0.9998779296875,1.0,0.009579003788530827,0.0004580163804348558,,1.9311717551317997e-05,,0.15318027138710022,,0.1574440747499466,,0.001463611493818462,,0.00016876366862561554,,
,0.001,270,,,,,,,,,,,,,,,,,,,,,
270,,270,,,,,,,,,,0.0004618293314706534,,1.9579932995839044e-05,,0.15296772122383118,,0.15694257616996765,,0.0014352932339534163,,0.0001614822685951367,0.009542228654026985
270,,270,0.9963369965553284,1.0,1.0,0.9609375,0.93212890625,0.9998779296875,1.0,0.009542228654026985,0.0004618293314706534,,1.9579932995839044e-05,,0.15296772122383118,,0.15694257616996765,,0.0014352932339534163,,0.0001614822685951367,,
,0.001,271,,,,,,,,,,,,,,,,,,,,,
271,,271,,,,,,,,,,0.00046397410915233195,,1.9669338144012727e-05,,0.15283450484275818,,0.15611612796783447,,0.0014094616053625941,,0.00015583391359541565,0.009492836892604828
271,,271,0.9963828325271606,1.0,1.0,0.9609375,0.93310546875,0.9998779296875,1.0,0.009492836892604828,0.00046397410915233195,,1.9669338144012727e-05,,0.15283450484275818,,0.15611612796783447,,0.0014094616053625941,,0.00015583391359541565,,
,0.001,272,,,,,,,,,,,,,,,,,,,,,
272,,272,,,,,,,,,,0.00046885941992513835,,1.996735591092147e-05,,0.15252457559108734,,0.15660887956619263,,0.001380324363708496,,0.00015222682850435376,0.00950414128601551
272,,272,0.9963828325271606,1.0,1.0,0.9609375,0.93310546875,0.9998779296875,1.0,0.00950414128601551,0.00046885941992513835,,1.996735591092147e-05,,0.15252457559108734,,0.15660887956619263,,0.001380324363708496,,0.00015222682850435376,,
,0.001,273,,,,,,,,,,,,,,,,,,,,,
273,,273,,,,,,,,,,0.0004829194222111255,,2.0235569536453113e-05,,0.15260693430900574,,0.1564633548259735,,0.0013507193652912974,,0.00014627366908825934,0.00948827713727951
273,,273,0.9963828325271606,1.0,1.0,0.9609375,0.93310546875,0.9998779296875,1.0,0.00948827713727951,0.0004829194222111255,,2.0235569536453113e-05,,0.15260693430900574,,0.1564633548259735,,0.0013507193652912974,,0.00014627366908825934,,
,0.001,274,,,,,,,,,,,,,,,,,,,,,
274,,274,,,,,,,,,,0.0004704084130935371,,2.0742199922096916e-05,,0.15283343195915222,,0.15664269030094147,,0.001316017471253872,,0.00014155138342175633,0.009489282965660095
274,,274,0.9963828325271606,1.0,1.0,0.9609375,0.93310546875,0.9998779296875,1.0,0.009489282965660095,0.0004704084130935371,,2.0742199922096916e-05,,0.15283343195915222,,0.15664269030094147,,0.001316017471253872,,0.00014155138342175633,,
,0.001,275,,,,,,,,,,,,,,,,,,,,,
275,,275,,,,,,,,,,0.0004836343287024647,,2.092101021844428e-05,,0.15264977514743805,,0.15584039688110352,,0.0012819701805710793,,0.00013511106953956187,0.009438305161893368
275,,275,0.9963828325271606,1.0,1.0,0.9609375,0.93310546875,0.9998779296875,1.0,0.009438305161893368,0.0004836343287024647,,2.092101021844428e-05,,0.15264977514743805,,0.15584039688110352,,0.0012819701805710793,,0.00013511106953956187,,
,0.001,276,,,,,,,,,,,,,,,,,,,,,
276,,276,,,,,,,,,,0.0004950728034600616,,2.1338233636924997e-05,,0.1524321585893631,,0.15581002831459045,,0.0012422704603523016,,0.0001301420124946162,0.009423167444765568
276,,276,0.9963828325271606,1.0,1.0,0.9609375,0.93310546875,0.9998779296875,1.0,0.009423167444765568,0.0004950728034600616,,2.1338233636924997e-05,,0.1524321585893631,,0.15581002831459045,,0.0012422704603523016,,0.0001301420124946162,,
,0.001,277,,,,,,,,,,,,,,,,,,,,,
277,,277,,,,,,,,,,0.0005106813623569906,,2.1725654733018018e-05,,0.1526729315519333,,0.15605251491069794,,0.0011999913258478045,,0.00012570989201776683,0.009426116943359375
277,,277,0.9963828325271606,1.0,1.0,0.9609375,0.93310546875,0.9998779296875,1.0,0.009426116943359375,0.0005106813623569906,,2.1725654733018018e-05,,0.1526729315519333,,0.15605251491069794,,0.0011999913258478045,,0.00012570989201776683,,
,0.001,278,,,,,,,,,,,,,,,,,,,,,
278,,278,,,,,,,,,,0.0005240259342826903,,2.2440894099418074e-05,,0.1524430364370346,,0.1573602259159088,,0.0011452408507466316,,0.0001225952000822872,0.009472143836319447
278,,278,0.9963598847389221,1.0,1.0,0.9609375,0.9326171875,0.9998779296875,1.0,0.009472143836319447,0.0005240259342826903,,2.2440894099418074e-05,,0.1524430364370346,,0.1573602259159088,,0.0011452408507466316,,0.0001225952000822872,,
,0.001,279,,,,,,,,,,,,,,,,,,,,,
279,,279,,,,,,,,,,0.0005287918029353023,,2.27985128731234e-05,,0.1523822844028473,,0.16080355644226074,,0.0010805001948028803,,0.00012031714868498966,0.009619031101465225
279,,279,0.9962912201881409,1.0,1.0,0.9609375,0.93115234375,0.9998779296875,1.0,0.009619031101465225,0.0005287918029353023,,2.27985128731234e-05,,0.1523822844028473,,0.16080355644226074,,0.0010805001948028803,,0.00012031714868498966,,
,0.001,280,,,,,,,,,,,,,,,,,,,,,
280,,280,,,,,,,,,,0.0005256939912214875,,2.37819658650551e-05,,0.15305520594120026,,0.16888093948364258,,0.0009873416274785995,,0.00011965190788032487,0.009987668134272099
280,,280,0.9963598847389221,1.0,1.0,0.9609375,0.9326171875,0.9998779296875,1.0,0.009987668134272099,0.0005256939912214875,,2.37819658650551e-05,,0.15305520594120026,,0.16888093948364258,,0.0009873416274785995,,0.00011965190788032487,,
,0.001,281,,,,,,,,,,,,,,,,,,,,,
281,,281,,,,,,,,,,0.0005514293443411589,,2.354355456191115e-05,,0.15245166420936584,,0.1639481633901596,,0.0008778137853369117,,0.00011791157157858834,0.009727484546601772
281,,281,0.9963141083717346,1.0,1.0,0.9609375,0.931640625,0.9998779296875,1.0,0.009727484546601772,0.0005514293443411589,,2.354355456191115e-05,,0.15245166420936584,,0.1639481633901596,,0.0008778137853369117,,0.00011791157157858834,,
,0.001,282,,,,,,,,,,,,,,,,,,,,,
282,,282,,,,,,,,,,0.0005547653418034315,,2.4050179490586743e-05,,0.15251506865024567,,0.1599285751581192,,0.0006900972803123295,,0.00011416683264542371,0.009501753374934196
282,,282,0.9963598847389221,1.0,1.0,0.9609375,0.9326171875,0.9998779296875,1.0,0.009501753374934196,0.0005547653418034315,,2.4050179490586743e-05,,0.15251506865024567,,0.1599285751581192,,0.0006900972803123295,,0.00011416683264542371,,
,0.001,283,,,,,,,,,,,,,,,,,,,,,
283,,283,,,,,,,,,,0.0005514293443411589,,2.4765417037997395e-05,,0.15233032405376434,,0.16537299752235413,,0.0003833601949736476,,0.00011513083154568449,0.009698052890598774
283,,283,0.9962225556373596,1.0,1.0,0.9609375,0.9296875,0.9998779296875,1.0,0.009698052890598774,0.0005514293443411589,,2.4765417037997395e-05,,0.15233032405376434,,0.16537299752235413,,0.0003833601949736476,,0.00011513083154568449,,
,0.001,284,,,,,,,,,,,,,,,,,,,,,
284,,284,,,,,,,,,,0.0005708495154976845,,2.4646213205414824e-05,,0.1524749994277954,,0.16557534039020538,,0.000654875417239964,,0.00011344616359565407,0.009758907370269299
284,,284,0.9962225556373596,1.0,1.0,0.9609375,0.93017578125,0.999755859375,1.0,0.009758907370269299,0.0005708495154976845,,2.4646213205414824e-05,,0.1524749994277954,,0.16557534039020538,,0.000654875417239964,,0.00011344616359565407,,
,0.001,285,,,,,,,,,,,,,,,,,,,,,
285,,285,,,,,,,,,,0.0004894727608188987,,2.2828315195511095e-05,,0.15269529819488525,,0.16192695498466492,,0.00032249846844933927,,0.00010873578139580786,0.009524495340883732
285,,285,0.9963828325271606,1.0,1.0,0.9609375,0.9326171875,1.0,1.0,0.009524495340883732,0.0004894727608188987,,2.2828315195511095e-05,,0.15269529819488525,,0.16192695498466492,,0.00032249846844933927,,0.00010873578139580786,,
,0.001,286,,,,,,,,,,,,,,,,,,,,,
286,,286,,,,,,,,,,0.0004291805380489677,,2.0563387806760147e-05,,0.15247884392738342,,0.16853588819503784,,0.00021461088908836246,,0.00010610721801640466,0.00980957131832838
286,,286,0.9962454438209534,1.0,1.0,0.9609375,0.9296875,1.0,1.0,0.00980957131832838,0.0004291805380489677,,2.0563387806760147e-05,,0.15247884392738342,,0.16853588819503784,,0.00021461088908836246,,0.00010610721801640466,,
,0.001,287,,,,,,,,,,,,,,,,,,,,,
287,,287,,,,,,,,,,0.0003777029050979763,,1.8805087165674195e-05,,0.1529979407787323,,0.1730668544769287,,0.0003381980932317674,,0.00012151182454545051,0.010062787681818008
287,,287,0.9961538910865784,1.0,1.0,0.9609375,0.92822265625,0.9998779296875,1.0,0.010062787681818008,0.0003777029050979763,,1.8805087165674195e-05,,0.1529979407787323,,0.1730668544769287,,0.0003381980932317674,,0.00012151182454545051,,
,0.001,288,,,,,,,,,,,,,,,,,,,,,
288,,288,,,,,,,,,,0.0003734129713848233,,1.820905163185671e-05,,0.153693288564682,,0.17029589414596558,,0.00026141360285691917,,0.00010857854067580774,0.009916910901665688
288,,288,0.9962454438209534,1.0,1.0,0.9609375,0.93017578125,0.9998779296875,1.0,0.009916910901665688,0.0003734129713848233,,1.820905163185671e-05,,0.153693288564682,,0.17029589414596558,,0.00026141360285691917,,0.00010857854067580774,,
,0.001,289,,,,,,,,,,,,,,,,,,,,,
289,,289,,,,,,,,,,0.0003233625029679388,,1.7344798834528774e-05,,0.15387576818466187,,0.1706656813621521,,0.00017939590907189995,,0.0001116547136916779,0.00992327369749546
289,,289,0.9963369965553284,1.0,1.0,0.9609375,0.931640625,1.0,1.0,0.00992327369749546,0.0003233625029679388,,1.7344798834528774e-05,,0.15387576818466187,,0.1706656813621521,,0.00017939590907189995,,0.0001116547136916779,,
,0.001,290,,,,,,,,,,,,,,,,,,,,,
290,,290,,,,,,,,,,0.0003000047872774303,,1.6242131096078083e-05,,0.1540408730506897,,0.16699248552322388,,0.0001542477693874389,,0.00010917659528786317,0.009746390394866467
290,,290,0.9963141083717346,1.0,1.0,0.9609375,0.93115234375,1.0,1.0,0.009746390394866467,0.0003000047872774303,,1.6242131096078083e-05,,0.1540408730506897,,0.16699248552322388,,0.0001542477693874389,,0.00010917659528786317,,
,0.001,291,,,,,,,,,,,,,,,,,,,,,
291,,291,,,,,,,,,,0.0003152588615193963,,1.5824905858607963e-05,,0.1532609760761261,,0.16622114181518555,,0.00016028541722334921,,0.00010539286449784413,0.009699387475848198
291,,291,0.9963598847389221,1.0,1.0,0.9609375,0.93212890625,1.0,1.0,0.009699387475848198,0.0003152588615193963,,1.5824905858607963e-05,,0.1532609760761261,,0.16622114181518555,,0.00016028541722334921,,0.00010539286449784413,,
,0.001,292,,,,,,,,,,,,,,,,,,,,,
292,,292,,,,,,,,,,0.00030012393835932016,,1.5169265680015087e-05,,0.15299898386001587,,0.1664053350687027,,0.00017987153842113912,,0.00010582842514850199,0.00970893818885088
292,,292,0.9963141083717346,1.0,1.0,0.9609375,0.93115234375,1.0,1.0,0.00970893818885088,0.00030012393835932016,,1.5169265680015087e-05,,0.15299898386001587,,0.1664053350687027,,0.00017987153842113912,,0.00010582842514850199,,
,0.001,293,,,,,,,,,,,,,,,,,,,,,
293,,293,,,,,,,,,,0.00025078488397412,,1.418580359313637e-05,,0.15381599962711334,,0.16513001918792725,,0.00017310302064288408,,0.00010744335304480046,0.009658623486757278
293,,293,0.9963828325271606,1.0,1.0,0.9609375,0.9326171875,1.0,1.0,0.009658623486757278,0.00025078488397412,,1.418580359313637e-05,,0.15381599962711334,,0.16513001918792725,,0.00017310302064288408,,0.00010744335304480046,,
,0.001,294,,,,,,,,,,,,,,,,,,,,,
294,,294,,,,,,,,,,0.00022825974156148732,,1.3142736861482263e-05,,0.15282854437828064,,0.16466352343559265,,0.00015024191816337407,,0.00010036352614406496,0.009615559130907059
294,,294,0.9963828325271606,1.0,1.0,0.9609375,0.9326171875,1.0,1.0,0.009615559130907059,0.00022825974156148732,,1.3142736861482263e-05,,0.15282854437828064,,0.16466352343559265,,0.00015024191816337407,,0.00010036352614406496,,
,0.001,295,,,,,,,,,,,,,,,,,,,,,
295,,295,,,,,,,,,,0.00023052419419400394,,1.2487093954405282e-05,,0.15494731068611145,,0.1625792384147644,,0.000132151588331908,,9.583255450706929e-05,0.009535876102745533
295,,295,0.9964057207107544,1.0,1.0,0.9609375,0.93310546875,1.0,1.0,0.009535876102745533,0.00023052419419400394,,1.2487093954405282e-05,,0.15494731068611145,,0.1625792384147644,,0.000132151588331908,,9.583255450706929e-05,,
,0.001,296,,,,,,,,,,,,,,,,,,,,,
296,,296,,,,,,,,,,0.00018142008048016578,,1.1324817933200393e-05,,0.15467233955860138,,0.16231060028076172,,0.00012610443809535354,,9.485002374276519e-05,0.009518147446215153
296,,296,0.9963369965553284,1.0,1.0,0.9609375,0.931640625,1.0,1.0,0.009518147446215153,0.00018142008048016578,,1.1324817933200393e-05,,0.15467233955860138,,0.16231060028076172,,0.00012610443809535354,,9.485002374276519e-05,,
,0.001,297,,,,,,,,,,,,,,,,,,,,,
297,,297,,,,,,,,,,0.00017212340026162565,,1.0758580174297094e-05,,0.15350791811943054,,0.1611579954624176,,0.00012404084554873407,,9.404496813658625e-05,0.009449457749724388
297,,297,0.9963369965553284,1.0,1.0,0.9609375,0.931640625,1.0,1.0,0.009449457749724388,0.00017212340026162565,,1.0758580174297094e-05,,0.15350791811943054,,0.1611579954624176,,0.00012404084554873407,,9.404496813658625e-05,,
,0.001,298,,,,,,,,,,,,,,,,,,,,,
298,,298,,,,,,,,,,0.00017855956684798002,,1.0311549885955174e-05,,0.15623635053634644,,0.1587522327899933,,0.0001180476465378888,,9.224069799529389e-05,0.009366168640553951
298,,298,0.9964057207107544,1.0,1.0,0.9609375,0.93310546875,1.0,1.0,0.009366168640553951,0.00017855956684798002,,1.0311549885955174e-05,,0.15623635053634644,,0.1587522327899933,,0.0001180476465378888,,9.224069799529389e-05,,
,0.001,299,,,,,,,,,,,,,,,,,,,,,
299,,299,,,,,,,,,,0.00013863079948350787,,9.357885573990643e-06,,0.1554836630821228,,0.1599169373512268,,0.00012242808588780463,,9.400412091054022e-05,0.009414066560566425
299,,299,0.9963598847389221,1.0,1.0,0.9609375,0.93212890625,1.0,1.0,0.009414066560566425,0.00013863079948350787,,9.357885573990643e-06,,0.1554836630821228,,0.1599169373512268,,0.00012242808588780463,,9.400412091054022e-05,,
,0.001,300,,,,,,,,,,,,,,,,,,,,,
300,,300,,,,,,,,,,0.00014041867689229548,,9.208874871546868e-06,,0.15324215590953827,,0.15868136286735535,,0.00011551285570021719,,9.02374304132536e-05,0.009325738996267319
300,,300,0.9964057207107544,1.0,1.0,0.9609375,0.93310546875,1.0,1.0,0.009325738996267319,0.00014041867689229548,,9.208874871546868e-06,,0.15324215590953827,,0.15868136286735535,,0.00011551285570021719,,9.02374304132536e-05,,
,0.001,301,,,,,,,,,,,,,,,,,,,,,
301,,301,,,,,,,,,,0.00014876213390380144,,9.149270226771478e-06,,0.15612265467643738,,0.15868422389030457,,0.0001071877486538142,,8.621082815807313e-05,0.009355060756206512
301,,301,0.9964057207107544,1.0,1.0,0.9609375,0.93310546875,1.0,1.0,0.009355060756206512,0.00014876213390380144,,9.149270226771478e-06,,0.15612265467643738,,0.15868422389030457,,0.0001071877486538142,,8.621082815807313e-05,,
,0.001,302,,,,,,,,,,,,,,,,,,,,,
302,,302,,,,,,,,,,0.00011944057769142091,,8.493625500705093e-06,,0.1575428992509842,,0.158583402633667,,0.00010016253509093076,,8.237274596467614e-05,0.009362760931253433
302,,302,0.9964057207107544,1.0,1.0,0.9609375,0.93310546875,1.0,1.0,0.009362760931253433,0.00011944057769142091,,8.493625500705093e-06,,0.1575428992509842,,0.158583402633667,,0.00010016253509093076,,8.237274596467614e-05,,
,0.001,303,,,,,,,,,,,,,,,,,,,,,
303,,303,,,,,,,,,,0.0001292145170737058,,8.493625500705093e-06,,0.15482039749622345,,0.15785008668899536,,9.582951315678656e-05,,7.854454452171922e-05,0.009292788803577423
303,,303,0.9963828325271606,1.0,1.0,0.9609375,0.9326171875,1.0,1.0,0.009292788803577423,0.0001292145170737058,,8.493625500705093e-06,,0.15482039749622345,,0.15785008668899536,,9.582951315678656e-05,,7.854454452171922e-05,,
,0.001,304,,,,,,,,,,,,,,,,,,,,,
304,,304,,,,,,,,,,0.0001436368766007945,,8.85124973137863e-06,,0.1555621176958084,,0.15779852867126465,,9.807589231058955e-05,,7.653591455891728e-05,0.0092979921028018
304,,304,0.9963828325271606,1.0,1.0,0.9609375,0.9326171875,1.0,1.0,0.0092979921028018,0.0001436368766007945,,8.85124973137863e-06,,0.1555621176958084,,0.15779852867126465,,9.807589231058955e-05,,7.653591455891728e-05,,
,0.001,305,,,,,,,,,,,,,,,,,,,,,
305,,305,,,,,,,,,,0.00011538793478393927,,8.493625500705093e-06,,0.15676960349082947,,0.1578405797481537,,9.507848153589293e-05,,7.579618250019848e-05,0.009312978945672512
305,,305,0.9964057207107544,1.0,1.0,0.9609375,0.93310546875,1.0,1.0,0.009312978945672512,0.00011538793478393927,,8.493625500705093e-06,,0.15676960349082947,,0.1578405797481537,,9.507848153589293e-05,,7.579618250019848e-05,,
,0.001,306,,,,,,,,,,,,,,,,,,,,,
306,,306,,,,,,,,,,0.00011824862303910777,,8.136001270031556e-06,,0.1539236158132553,,0.15901628136634827,,9.213066368829459e-05,,7.49961327528581e-05,0.009333590976893902
306,,306,0.9963141083717346,1.0,1.0,0.9609375,0.93115234375,1.0,1.0,0.009333590976893902,0.00011824862303910777,,8.136001270031556e-06,,0.1539236158132553,,0.15901628136634827,,9.213066368829459e-05,,7.49961327528581e-05,,
,0.001,307,,,,,,,,,,,,,,,,,,,,,
307,,307,,,,,,,,,,0.00013255194062367082,,8.28501106298063e-06,,0.1551744043827057,,0.15779991447925568,,8.731926209293306e-05,,7.13158369762823e-05,0.009287569671869278
307,,307,0.9963828325271606,1.0,1.0,0.9609375,0.9326171875,1.0,1.0,0.009287569671869278,0.00013255194062367082,,8.28501106298063e-06,,0.1551744043827057,,0.15779991447925568,,8.731926209293306e-05,,7.13158369762823e-05,,
,0.001,308,,,,,,,,,,,,,,,,,,,,,
308,,308,,,,,,,,,,0.00012003655137959868,,8.136001270031556e-06,,0.15342657268047333,,0.15707188844680786,,8.345540845766664e-05,,6.8778230343014e-05,0.009230309166014194
308,,308,0.9963369965553284,1.0,1.0,0.9609375,0.931640625,1.0,1.0,0.009230309166014194,0.00012003655137959868,,8.136001270031556e-06,,0.15342657268047333,,0.15707188844680786,,8.345540845766664e-05,,6.8778230343014e-05,,
,0.001,309,,,,,,,,,,,,,,,,,,,,,
309,,309,,,,,,,,,,0.00011765264935093,,7.927386832307093e-06,,0.15378499031066895,,0.15759773552417755,,7.802977052051574e-05,,6.514620326925069e-05,0.009255421347916126
309,,309,0.9963598847389221,1.0,1.0,0.9609375,0.93212890625,1.0,1.0,0.009255421347916126,0.00011765264935093,,7.927386832307093e-06,,0.15378499031066895,,0.15759773552417755,,7.802977052051574e-05,,6.514620326925069e-05,,
,0.001,310,,,,,,,,,,,,,,,,,,,,,
310,,310,,,,,,,,,,0.00012039413559250534,,7.957188245200086e-06,,0.15303218364715576,,0.1580987274646759,,7.58141977712512e-05,,6.291722820606083e-05,0.009268001653254032
310,,310,0.9964057207107544,1.0,1.0,0.9609375,0.93310546875,1.0,1.0,0.009268001653254032,0.00012039413559250534,,7.957188245200086e-06,,0.15303218364715576,,0.1580987274646759,,7.58141977712512e-05,,6.291722820606083e-05,,
,0.001,311,,,,,,,,,,,,,,,,,,,,,
311,,311,,,,,,,,,,0.00012087091454304755,,7.867782187531702e-06,,0.1533372700214386,,0.15675725042819977,,7.095010369084775e-05,,6.0092672356404364e-05,0.009205649606883526
311,,311,0.9963369965553284,1.0,1.0,0.9609375,0.931640625,1.0,1.0,0.009205649606883526,0.00012087091454304755,,7.867782187531702e-06,,0.1533372700214386,,0.15675725042819977,,7.095010369084775e-05,,6.0092672356404364e-05,,
,0.001,312,,,,,,,,,,,,,,,,,,,,,
312,,312,,,,,,,,,,0.00010942813969450071,,7.629365427419543e-06,,0.1535603404045105,,0.15659546852111816,,6.805476732552052e-05,,5.78316357859876e-05,0.009198429994285107
312,,312,0.9964057207107544,1.0,1.0,0.9609375,0.93310546875,1.0,1.0,0.009198429994285107,0.00010942813969450071,,7.629365427419543e-06,,0.1535603404045105,,0.15659546852111816,,6.805476732552052e-05,,5.78316357859876e-05,,
,0.001,313,,,,,,,,,,,,,,,,,,,,,
313,,313,,,,,,,,,,0.00010966652916977182,,7.539959369751159e-06,,0.1531893014907837,,0.15632843971252441,,6.604444206459448e-05,,5.5828037147875875e-05,0.009179680608212948
313,,313,0.9964057207107544,1.0,1.0,0.9609375,0.93310546875,1.0,1.0,0.009179680608212948,0.00010966652916977182,,7.539959369751159e-06,,0.1531893014907837,,0.15632843971252441,,6.604444206459448e-05,,5.5828037147875875e-05,,
,0.001,314,,,,,,,,,,,,,,,,,,,,,
314,,314,,,,,,,,,,0.0001161031104857102,,7.42075098969508e-06,,0.1540861427783966,,0.15661019086837769,,6.374322401825339e-05,,5.374869942897931e-05,0.009201415814459324
314,,314,0.9963828325271606,1.0,1.0,0.9609375,0.9326171875,1.0,1.0,0.009201415814459324,0.0001161031104857102,,7.42075098969508e-06,,0.1540861427783966,,0.15661019086837769,,6.374322401825339e-05,,5.374869942897931e-05,,
,0.001,315,,,,,,,,,,,,,,,,,,,,,
315,,315,,,,,,,,,,0.00010215714428341016,,7.212136097223265e-06,,0.15361519157886505,,0.1562158614397049,,6.26711844233796e-05,,5.2905801567249e-05,0.00917656347155571
315,,315,0.9964057207107544,1.0,1.0,0.9609375,0.93310546875,1.0,1.0,0.00917656347155571,0.00010215714428341016,,7.212136097223265e-06,,0.15361519157886505,,0.1562158614397049,,6.26711844233796e-05,,5.2905801567249e-05,,
,0.001,316,,,,,,,,,,,,,,,,,,,,,
316,,316,,,,,,,,,,0.00010263393050990999,,7.212136097223265e-06,,0.15379688143730164,,0.15549275279045105,,6.025532275089063e-05,,5.125465031596832e-05,0.009143097326159477
316,,316,0.9964057207107544,1.0,1.0,0.9609375,0.93310546875,1.0,1.0,0.009143097326159477,0.00010263393050990999,,7.212136097223265e-06,,0.15379688143730164,,0.15549275279045105,,6.025532275089063e-05,,5.125465031596832e-05,,
,0.001,317,,,,,,,,,,,,,,,,,,,,,
317,,317,,,,,,,,,,0.00010668662434909493,,7.12272958480753e-06,,0.15300023555755615,,0.15581955015659332,,5.8171837736153975e-05,,4.955297481501475e-05,0.009147416800260544
317,,317,0.9963828325271606,1.0,1.0,0.9609375,0.9326171875,1.0,1.0,0.009147416800260544,0.00010668662434909493,,7.12272958480753e-06,,0.15300023555755615,,0.15581955015659332,,5.8171837736153975e-05,,4.955297481501475e-05,,
,0.001,318,,,,,,,,,,,,,,,,,,,,,
318,,318,,,,,,,,,,0.00010013079008786008,,6.794906312279636e-06,,0.15304315090179443,,0.1561850905418396,,5.6170760217355564e-05,,4.8280089686159045e-05,0.009163723327219486
318,,318,0.9963828325271606,1.0,1.0,0.9609375,0.9326171875,1.0,1.0,0.009163723327219486,0.00010013079008786008,,6.794906312279636e-06,,0.15304315090179443,,0.1561850905418396,,5.6170760217355564e-05,,4.8280089686159045e-05,,
,0.001,319,,,,,,,,,,,,,,,,,,,,,
319,,319,,,,,,,,,,9.917721035890281e-05,,6.705499799863901e-06,,0.15314438939094543,,0.15546010434627533,,5.449968375614844e-05,,4.693556547863409e-05,0.009129595942795277
319,,319,0.9964057207107544,1.0,1.0,0.9609375,0.93310546875,1.0,1.0,0.009129595942795277,9.917721035890281e-05,,6.705499799863901e-06,,0.15314438939094543,,0.15546010434627533,,5.449968375614844e-05,,4.693556547863409e-05,,
,0.001,320,,,,,,,,,,,,,,,,,,,,,
320,,320,,,,,,,,,,0.00010358751023886725,,6.8247081799199805e-06,,0.15230318903923035,,0.15543827414512634,,5.243801570031792e-05,,4.5476270315703005e-05,0.00911723356693983
320,,320,0.9964057207107544,1.0,1.0,0.9609375,0.93310546875,1.0,1.0,0.00911723356693983,0.00010358751023886725,,6.8247081799199805e-06,,0.15230318903923035,,0.15543827414512634,,5.243801570031792e-05,,4.5476270315703005e-05,,
,0.001,321,,,,,,,,,,,,,,,,,,,,,
321,,321,,,,,,,,,,0.00010322991875000298,,6.735302122251596e-06,,0.15321391820907593,,0.1557600498199463,,5.075942681287415e-05,,4.407316737342626e-05,0.009141627699136734
321,,321,0.9963598847389221,1.0,1.0,0.9609375,0.93212890625,1.0,1.0,0.009141627699136734,0.00010322991875000298,,6.735302122251596e-06,,0.15321391820907593,,0.1557600498199463,,5.075942681287415e-05,,4.407316737342626e-05,,
,0.001,322,,,,,,,,,,,,,,,,,,,,,
322,,322,,,,,,,,,,9.476689592702314e-05,,6.4968849073920865e-06,,0.15272818505764008,,0.1555498093366623,,4.8703819629736245e-05,,4.259173510945402e-05,0.009124573320150375
322,,322,0.9963598847389221,1.0,1.0,0.9609375,0.93212890625,1.0,1.0,0.009124573320150375,9.476689592702314e-05,,6.4968849073920865e-06,,0.15272818505764008,,0.1555498093366623,,4.8703819629736245e-05,,4.259173510945402e-05,,
,0.001,323,,,,,,,,,,,,,,,,,,,,,
323,,323,,,,,,,,,,9.727005090098828e-05,,6.4968849073920865e-06,,0.1528814733028412,,0.1551656424999237,,4.717889896710403e-05,,4.124261613469571e-05,0.009107060730457306
323,,323,0.9964057207107544,1.0,1.0,0.9609375,0.93310546875,1.0,1.0,0.009107060730457306,9.727005090098828e-05,,6.4968849073920865e-06,,0.1528814733028412,,0.1551656424999237,,4.717889896710403e-05,,4.124261613469571e-05,,
,0.001,324,,,,,,,,,,,,,,,,,,,,,
324,,324,,,,,,,,,,9.655486064730212e-05,,6.467083039751742e-06,,0.1524154543876648,,0.1555488556623459,,4.608478047885001e-05,,4.017678293166682e-05,0.009118560701608658
324,,324,0.9963828325271606,1.0,1.0,0.9609375,0.9326171875,1.0,1.0,0.009118560701608658,9.655486064730212e-05,,6.467083039751742e-06,,0.1524154543876648,,0.1555488556623459,,4.608478047885001e-05,,4.017678293166682e-05,,
,0.001,325,,,,,,,,,,,,,,,,,,,,,
325,,325,,,,,,,,,,9.202533692587167e-05,,6.318072337307967e-06,,0.1526692509651184,,0.15645506978034973,,4.468366387300193e-05,,3.876857954310253e-05,0.009162701666355133
325,,325,0.9963828325271606,1.0,1.0,0.9609375,0.9326171875,1.0,1.0,0.009162701666355133,9.202533692587167e-05,,6.318072337307967e-06,,0.1526692509651184,,0.15645506978034973,,4.468366387300193e-05,,3.876857954310253e-05,,
,0.001,326,,,,,,,,,,,,,,,,,,,,,
326,,326,,,,,,,,,,8.67805938469246e-05,,6.1690616348641925e-06,,0.15259738266468048,,0.1576526165008545,,4.344539775047451e-05,,3.783045394811779e-05,0.009217067621648312
326,,326,0.9963598847389221,1.0,1.0,0.9609375,0.93212890625,1.0,1.0,0.009217067621648312,8.67805938469246e-05,,6.1690616348641925e-06,,0.15259738266468048,,0.1576526165008545,,4.344539775047451e-05,,3.783045394811779e-05,,
,0.001,327,,,,,,,,,,,,,,,,,,,,,
327,,327,,,,,,,,,,9.583967766957358e-05,,6.139259312476497e-06,,0.15343992412090302,,0.15752851963043213,,4.300082218833268e-05,,3.756312798941508e-05,0.009220847859978676
327,,327,0.9964057207107544,1.0,1.0,0.9609375,0.93310546875,1.0,1.0,0.009220847859978676,9.583967766957358e-05,,6.139259312476497e-06,,0.15343992412090302,,0.15752851963043213,,4.300082218833268e-05,,3.756312798941508e-05,,
,0.001,328,,,,,,,,,,,,,,,,,,,,,
328,,328,,,,,,,,,,8.129743218887597e-05,,5.871040229976643e-06,,0.15380701422691345,,0.15761864185333252,,4.1997074731625617e-05,,3.6435245419852436e-05,0.009228331036865711
328,,328,0.9963828325271606,1.0,1.0,0.9609375,0.9326171875,1.0,1.0,0.009228331036865711,8.129743218887597e-05,,5.871040229976643e-06,,0.15380701422691345,,0.15761864185333252,,4.1997074731625617e-05,,3.6435245419852436e-05,,
,0.001,329,,,,,,,,,,,,,,,,,,,,,
329,,329,,,,,,,,,,8.391981828026474e-05,,5.692227205145173e-06,,0.1522076576948166,,0.1576579064130783,,4.060524224769324e-05,,3.563617428881116e-05,0.009210566058754921
329,,329,0.9963369965553284,1.0,1.0,0.9609375,0.931640625,1.0,1.0,0.009210566058754921,8.391981828026474e-05,,5.692227205145173e-06,,0.1522076576948166,,0.1576579064130783,,4.060524224769324e-05,,3.563617428881116e-05,,
,0.001,330,,,,,,,,,,,,,,,,,,,,,
330,,330,,,,,,,,,,8.570780482841656e-05,,5.692227205145173e-06,,0.1533626914024353,,0.1561417579650879,,4.020074993604794e-05,,3.508644294925034e-05,0.009152530692517757
330,,330,0.9964057207107544,1.0,1.0,0.9609375,0.93310546875,1.0,1.0,0.009152530692517757,8.570780482841656e-05,,5.692227205145173e-06,,0.1533626914024353,,0.1561417579650879,,4.020074993604794e-05,,3.508644294925034e-05,,
,0.001,331,,,,,,,,,,,,,,,,,,,,,
331,,331,,,,,,,,,,7.509902934543788e-05,,5.364403477869928e-06,,0.1529078483581543,,0.15566369891166687,,3.872952947858721e-05,,3.3845142752397805e-05,0.009123568423092365
331,,331,0.9963828325271606,1.0,1.0,0.9609375,0.9326171875,1.0,1.0,0.009123568423092365,7.509902934543788e-05,,5.364403477869928e-06,,0.1529078483581543,,0.15566369891166687,,3.872952947858721e-05,,3.3845142752397805e-05,,
,0.001,332,,,,,,,,,,,,,,,,,,,,,
332,,332,,,,,,,,,,7.581423415103927e-05,,5.274996965454193e-06,,0.15238136053085327,,0.1566988229751587,,3.786701927310787e-05,,3.3279284252785146e-05,0.009165343828499317
332,,332,0.9963598847389221,1.0,1.0,0.9609375,0.93212890625,1.0,1.0,0.009165343828499317,7.581423415103927e-05,,5.274996965454193e-06,,0.15238136053085327,,0.1566988229751587,,3.786701927310787e-05,,3.3279284252785146e-05,,
,0.001,333,,,,,,,,,,,,,,,,,,,,,
333,,333,,,,,,,,,,7.688703772146255e-05,,5.274996965454193e-06,,0.15293486416339874,,0.1573285162448883,,3.744701825780794e-05,,3.2829524570843205e-05,0.00920094083994627
333,,333,0.9964057207107544,1.0,1.0,0.9609375,0.93310546875,1.0,1.0,0.00920094083994627,7.688703772146255e-05,,5.274996965454193e-06,,0.15293486416339874,,0.1573285162448883,,3.744701825780794e-05,,3.2829524570843205e-05,,
,0.001,334,,,,,,,,,,,,,,,,,,,,,
334,,334,,,,,,,,,,7.4741430580616e-05,,5.096183940622723e-06,,0.15272468328475952,,0.15714406967163086,,3.6394318158272654e-05,,3.205043321941048e-05,0.009189045988023281
334,,334,0.9963598847389221,1.0,1.0,0.9609375,0.93212890625,1.0,1.0,0.009189045988023281,7.4741430580616e-05,,5.096183940622723e-06,,0.15272468328475952,,0.15714406967163086,,3.6394318158272654e-05,,3.205043321941048e-05,,
,0.001,335,,,,,,,,,,,,,,,,,,,,,
335,,335,,,,,,,,,,6.794698856538162e-05,,4.976975560566643e-06,,0.15295624732971191,,0.15712104737758636,,3.530279718688689e-05,,3.1392090022563934e-05,0.009189977310597897
335,,335,0.9963369965553284,1.0,1.0,0.9609375,0.931640625,1.0,1.0,0.009189977310597897,6.794698856538162e-05,,4.976975560566643e-06,,0.15295624732971191,,0.15712104737758636,,3.530279718688689e-05,,3.1392090022563934e-05,,
,0.001,336,,,,,,,,,,,,,,,,,,,,,
336,,336,,,,,,,,,,7.259582343976945e-05,,5.036579750594683e-06,,0.154379740357399,,0.15786975622177124,,3.517594450386241e-05,,3.0972198146628216e-05,0.009241431020200253
336,,336,0.9963828325271606,1.0,1.0,0.9609375,0.9326171875,1.0,1.0,0.009241431020200253,7.259582343976945e-05,,5.036579750594683e-06,,0.154379740357399,,0.15786975622177124,,3.517594450386241e-05,,3.0972198146628216e-05,,
,0.001,337,,,,,,,,,,,,,,,,,,,,,
337,,337,,,,,,,,,,6.675497570540756e-05,,4.768360213347478e-06,,0.15325984358787537,,0.15783587098121643,,3.448194547672756e-05,,3.0442564820987172e-05,0.009226183407008648
337,,337,0.9963141083717346,1.0,1.0,0.9609375,0.93115234375,1.0,1.0,0.009226183407008648,6.675497570540756e-05,,4.768360213347478e-06,,0.15325984358787537,,0.15783587098121643,,3.448194547672756e-05,,3.0442564820987172e-05,,
,0.001,338,,,,,,,,,,,,,,,,,,,,,
338,,338,,,,,,,,,,6.615896563744172e-05,,4.619349056156352e-06,,0.15357650816440582,,0.15702098608016968,,3.365200973348692e-05,,3.0040657293284312e-05,0.009191229939460754
338,,338,0.9963828325271606,1.0,1.0,0.9609375,0.9326171875,1.0,1.0,0.009191229939460754,6.615896563744172e-05,,4.619349056156352e-06,,0.15357650816440582,,0.15702098608016968,,3.365200973348692e-05,,3.0040657293284312e-05,,
,0.001,339,,,,,,,,,,,,,,,,,,,,,
339,,339,,,,,,,,,,6.48477507638745e-05,,4.708756023319438e-06,,0.15358462929725647,,0.15941593050956726,,3.3534968679305166e-05,,2.9476555937435478e-05,0.009303169324994087
339,,339,0.9963828325271606,1.0,1.0,0.9609375,0.9326171875,1.0,1.0,0.009303169324994087,6.48477507638745e-05,,4.708756023319438e-06,,0.15358462929725647,,0.15941593050956726,,3.3534968679305166e-05,,2.9476555937435478e-05,,
,0.001,340,,,,,,,,,,,,,,,,,,,,,
340,,340,,,,,,,,,,6.425174069590867e-05,,4.6491513785440475e-06,,0.15214037895202637,,0.15785165131092072,,3.286397986812517e-05,,2.894847420975566e-05,0.009212374687194824
340,,340,0.9962683320045471,1.0,1.0,0.9609375,0.93017578125,1.0,1.0,0.009212374687194824,6.425174069590867e-05,,4.6491513785440475e-06,,0.15214037895202637,,0.15785165131092072,,3.286397986812517e-05,,2.894847420975566e-05,,
,0.001,341,,,,,,,,,,,,,,,,,,,,,
341,,341,,,,,,,,,,6.568216485902667e-05,,4.619349056156352e-06,,0.15332134068012238,,0.15810827910900116,,3.2571198971709237e-05,,2.9140664992155507e-05,0.009238339960575104
341,,341,0.9963369965553284,1.0,1.0,0.9609375,0.931640625,1.0,1.0,0.009238339960575104,6.568216485902667e-05,,4.619349056156352e-06,,0.15332134068012238,,0.15810827910900116,,3.2571198971709237e-05,,2.9140664992155507e-05,,
,0.001,342,,,,,,,,,,,,,,,,,,,,,
342,,342,,,,,,,,,,6.05564855504781e-05,,4.589546733768657e-06,,0.15323342382907867,,0.15716446936130524,,3.179685882059857e-05,,2.805535405059345e-05,0.009192094206809998
342,,342,0.9963828325271606,1.0,1.0,0.9609375,0.9326171875,1.0,1.0,0.009192094206809998,6.05564855504781e-05,,4.589546733768657e-06,,0.15323342382907867,,0.15716446936130524,,3.179685882059857e-05,,2.805535405059345e-05,,
,0.001,343,,,,,,,,,,,,,,,,,,,,,
343,,343,,,,,,,,,,6.592056161025539e-05,,4.589546733768657e-06,,0.1539394110441208,,0.15649479627609253,,3.1453408155357465e-05,,2.7824335120385513e-05,0.009168736636638641
343,,343,0.9963369965553284,1.0,1.0,0.9609375,0.931640625,1.0,1.0,0.009168736636638641,6.592056161025539e-05,,4.589546733768657e-06,,0.1539394110441208,,0.15649479627609253,,3.1453408155357465e-05,,2.7824335120385513e-05,,
,0.001,344,,,,,,,,,,,,,,,,,,,,,
344,,344,,,,,,,,,,6.282132380874828e-05,,4.470338353712577e-06,,0.15427863597869873,,0.15657861530780792,,3.055030174436979e-05,,2.7263631636742502e-05,0.009176051244139671
344,,344,0.9963598847389221,1.0,1.0,0.9609375,0.93212890625,1.0,1.0,0.009176051244139671,6.282132380874828e-05,,4.470338353712577e-06,,0.15427863597869873,,0.15657861530780792,,3.055030174436979e-05,,2.7263631636742502e-05,,
,0.001,345,,,,,,,,,,,,,,,,,,,,,
345,,345,,,,,,,,,,5.98412734689191e-05,,4.351129518909147e-06,,0.15361975133419037,,0.1561519205570221,,2.9874085157644004e-05,,2.6844920284929685e-05,0.009147878736257553
345,,345,0.9963828325271606,1.0,1.0,0.9609375,0.9326171875,1.0,1.0,0.009147878736257553,5.98412734689191e-05,,4.351129518909147e-06,,0.15361975133419037,,0.1561519205570221,,2.9874085157644004e-05,,2.6844920284929685e-05,,
,0.001,346,,,,,,,,,,,,,,,,,,,,,
346,,346,,,,,,,,,,6.270212179515511e-05,,4.440536031324882e-06,,0.15541428327560425,,0.1567460298538208,,2.99983803415671e-05,,2.70414548140252e-05,0.009196941740810871
346,,346,0.9964057207107544,1.0,1.0,0.9609375,0.93310546875,1.0,1.0,0.009196941740810871,6.270212179515511e-05,,4.440536031324882e-06,,0.15541428327560425,,0.1567460298538208,,2.99983803415671e-05,,2.70414548140252e-05,,
,0.001,347,,,,,,,,,,,,,,,,,,,,,
347,,347,,,,,,,,,,6.05564855504781e-05,,4.440536031324882e-06,,0.1538928747177124,,0.15668432414531708,,2.9057073334115557e-05,,2.611483432701789e-05,0.009175341576337814
347,,347,0.9963828325271606,1.0,1.0,0.9609375,0.9326171875,1.0,1.0,0.009175341576337814,6.05564855504781e-05,,4.440536031324882e-06,,0.1538928747177124,,0.15668432414531708,,2.9057073334115557e-05,,2.611483432701789e-05,,
,0.001,348,,,,,,,,,,,,,,,,,,,,,
348,,348,,,,,,,,,,7.092700980138034e-05,,4.529942543740617e-06,,0.15454357862472534,,0.15768416225910187,,2.9431806979118846e-05,,2.618112375785131e-05,0.009229975752532482
348,,348,0.9963598847389221,1.0,1.0,0.9609375,0.93212890625,1.0,1.0,0.009229975752532482,7.092700980138034e-05,,4.529942543740617e-06,,0.15454357862472534,,0.15768416225910187,,2.9431806979118846e-05,,2.618112375785131e-05,,
,0.001,349,,,,,,,,,,,,,,,,,,,,,
349,,349,,,,,,,,,,6.401333666872233e-05,,4.5597448661283124e-06,,0.1547616720199585,,0.1578008383512497,,2.8919617761857808e-05,,2.565769864304457e-05,0.009237509220838547
349,,349,0.9964057207107544,1.0,1.0,0.9609375,0.93310546875,1.0,1.0,0.009237509220838547,6.401333666872233e-05,,4.5597448661283124e-06,,0.1547616720199585,,0.1578008383512497,,2.8919617761857808e-05,,2.565769864304457e-05,,
,0.001,350,,,,,,,,,,,,,,,,,,,,,
350,,350,,,,,,,,,,6.16293036728166e-05,,4.351129973656498e-06,,0.15412190556526184,,0.1565474420785904,,2.8197238862048835e-05,,2.518051041988656e-05,0.009170746430754662
350,,350,0.9963828325271606,1.0,1.0,0.9609375,0.9326171875,1.0,1.0,0.009170746430754662,6.16293036728166e-05,,4.351129973656498e-06,,0.15412190556526184,,0.1565474420785904,,2.8197238862048835e-05,,2.518051041988656e-05,,
,0.001,351,,,,,,,,,,,,,,,,,,,,,
351,,351,,,,,,,,,,6.758938252460212e-05,,4.380931841296842e-06,,0.15268594026565552,,0.15705619752407074,,2.767342812148854e-05,,2.481215778971091e-05,0.00917739886790514
351,,351,0.9963828325271606,1.0,1.0,0.9609375,0.9326171875,1.0,1.0,0.00917739886790514,6.758938252460212e-05,,4.380931841296842e-06,,0.15268594026565552,,0.15705619752407074,,2.767342812148854e-05,,2.481215778971091e-05,,
,0.001,352,,,,,,,,,,,,,,,,,,,,,
352,,352,,,,,,,,,,6.69933797325939e-05,,4.380931841296842e-06,,0.15429465472698212,,0.15651792287826538,,2.73837722488679e-05,,2.4319411750184372e-05,0.00917059276252985
352,,352,0.9964057207107544,1.0,1.0,0.9609375,0.93310546875,1.0,1.0,0.00917059276252985,6.69933797325939e-05,,4.380931841296842e-06,,0.15429465472698212,,0.15651792287826538,,2.73837722488679e-05,,2.4319411750184372e-05,,
,0.001,353,,,,,,,,,,,,,,,,,,,,,
353,,353,,,,,,,,,,6.651657167822123e-05,,4.261723006493412e-06,,0.1527533233165741,,0.15684601664543152,,2.7051029974245466e-05,,2.384228355367668e-05,0.009167487733066082
353,,353,0.9963369965553284,1.0,1.0,0.9609375,0.931640625,1.0,1.0,0.009167487733066082,6.651657167822123e-05,,4.261723006493412e-06,,0.1527533233165741,,0.15684601664543152,,2.7051029974245466e-05,,2.384228355367668e-05,,
,0.001,354,,,,,,,,,,,,,,,,,,,,,
354,,354,,,,,,,,,,6.627816765103489e-05,,4.261723006493412e-06,,0.15336494147777557,,0.15756644308567047,,2.665205465746112e-05,,2.3601751308888197e-05,0.009208180010318756
354,,354,0.9963828325271606,1.0,1.0,0.9609375,0.9326171875,1.0,1.0,0.009208180010318756,6.627816765103489e-05,,4.261723006493412e-06,,0.15336494147777557,,0.15756644308567047,,2.665205465746112e-05,,2.3601751308888197e-05,,
,0.001,355,,,,,,,,,,,,,,,,,,,,,
355,,355,,,,,,,,,,7.223821739898995e-05,,4.380931841296842e-06,,0.15233950316905975,,0.1570863425731659,,2.6720665118773468e-05,,2.3438531570718624e-05,0.009173545986413956
355,,355,0.9964057207107544,1.0,1.0,0.9609375,0.93310546875,1.0,1.0,0.009173545986413956,7.223821739898995e-05,,4.380931841296842e-06,,0.15233950316905975,,0.1570863425731659,,2.6720665118773468e-05,,2.3438531570718624e-05,,
,0.001,356,,,,,,,,,,,,,,,,,,,,,
356,,356,,,,,,,,,,7.068861305015162e-05,,4.291525328881107e-06,,0.15358136594295502,,0.15772223472595215,,2.7062196750193834e-05,,2.3476204660255462e-05,0.009218007326126099
356,,356,0.9962912201881409,1.0,1.0,0.9609375,0.9306640625,1.0,1.0,0.009218007326126099,7.068861305015162e-05,,4.291525328881107e-06,,0.15358136594295502,,0.15772223472595215,,2.7062196750193834e-05,,2.3476204660255462e-05,,
,0.001,357,,,,,,,,,,,,,,,,,,,,,
357,,357,,,,,,,,,,6.90197994117625e-05,,4.082909981661942e-06,,0.15314647555351257,,0.15778034925460815,,2.5718287361087278e-05,,2.290596421516966e-05,0.009214953519403934
357,,357,0.9964057207107544,1.0,1.0,0.9609375,0.93310546875,1.0,1.0,0.009214953519403934,6.90197994117625e-05,,4.082909981661942e-06,,0.15314647555351257,,0.15778034925460815,,2.5718287361087278e-05,,2.290596421516966e-05,,
,0.001,358,,,,,,,,,,,,,,,,,,,,,
358,,358,,,,,,,,,,6.794698856538162e-05,,4.082909526914591e-06,,0.15291045606136322,,0.15701913833618164,,2.6007093765656464e-05,,2.2789788999943994e-05,0.009176461957395077
358,,358,0.9963828325271606,1.0,1.0,0.9609375,0.9326171875,1.0,1.0,0.009176461957395077,6.794698856538162e-05,,4.082909526914591e-06,,0.15291045606136322,,0.15701913833618164,,2.6007093765656464e-05,,2.2789788999943994e-05,,
,0.001,359,,,,,,,,,,,,,,,,,,,,,
359,,359,,,,,,,,,,7.009260298218578e-05,,4.142514171689982e-06,,0.1525164246559143,,0.15724050998687744,,2.578612111392431e-05,,2.2416948922909796e-05,0.009181903675198555
359,,359,0.9962912201881409,1.0,1.0,0.9609375,0.9306640625,1.0,1.0,0.009181903675198555,7.009260298218578e-05,,4.142514171689982e-06,,0.1525164246559143,,0.15724050998687744,,2.578612111392431e-05,,2.2416948922909796e-05,,
,0.001,360,,,,,,,,,,,,,,,,,,,,,
360,,360,,,,,,,,,,7.343022298300639e-05,,4.172316039330326e-06,,0.15338250994682312,,0.15694847702980042,,2.5274812287534587e-05,,2.217583460151218e-05,0.00917808897793293
360,,360,0.9963828325271606,1.0,1.0,0.9609375,0.9326171875,1.0,1.0,0.00917808897793293,7.343022298300639e-05,,4.172316039330326e-06,,0.15338250994682312,,0.15694847702980042,,2.5274812287534587e-05,,2.217583460151218e-05,,
,0.001,361,,,,,,,,,,,,,,,,,,,,,
361,,361,,,,,,,,,,6.782778655178845e-05,,4.023305336886551e-06,,0.15272706747055054,,0.15674392879009247,,2.4972707251436077e-05,,2.19079101952957e-05,0.009160553105175495
361,,361,0.9963369965553284,1.0,1.0,0.9609375,0.931640625,1.0,1.0,0.009160553105175495,6.782778655178845e-05,,4.023305336886551e-06,,0.15272706747055054,,0.15674392879009247,,2.4972707251436077e-05,,2.19079101952957e-05,,
,0.001,362,,,,,,,,,,,,,,,,,,,,,
362,,362,,,,,,,,,,6.997340824455023e-05,,3.993503014498856e-06,,0.15258656442165375,,0.1563558578491211,,2.4634502551634796e-05,,2.1473257220350206e-05,0.009140323847532272
362,,362,0.9963828325271606,1.0,1.0,0.9609375,0.9326171875,1.0,1.0,0.009140323847532272,6.997340824455023e-05,,3.993503014498856e-06,,0.15258656442165375,,0.1563558578491211,,2.4634502551634796e-05,,2.1473257220350206e-05,,
,0.001,363,,,,,,,,,,,,,,,,,,,,,
363,,363,,,,,,,,,,7.354942499659956e-05,,4.112711849302286e-06,,0.15292981266975403,,0.15618598461151123,,2.382284583291039e-05,,2.1138310330570675e-05,0.00913598109036684
363,,363,0.9964057207107544,1.0,1.0,0.9609375,0.93310546875,1.0,1.0,0.00913598109036684,7.354942499659956e-05,,4.112711849302286e-06,,0.15292981266975403,,0.15618598461151123,,2.382284583291039e-05,,2.1138310330570675e-05,,
,0.001,364,,,,,,,,,,,,,,,,,,,,,
364,,364,,,,,,,,,,6.842378934379667e-05,,4.0531076592742465e-06,,0.15263131260871887,,0.15597525238990784,,2.365040563745424e-05,,2.0914409105898812e-05,0.009122397750616074
364,,364,0.9963828325271606,1.0,1.0,0.9609375,0.9326171875,1.0,1.0,0.009122397750616074,6.842378934379667e-05,,4.0531076592742465e-06,,0.15263131260871887,,0.15597525238990784,,2.365040563745424e-05,,2.0914409105898812e-05,,
,0.001,365,,,,,,,,,,,,,,,,,,,,,
365,,365,,,,,,,,,,6.651657167822123e-05,,3.8742946344427764e-06,,0.152535080909729,,0.15621203184127808,,2.3029771909932606e-05,,2.0356088498374447e-05,0.009131833910942078
365,,365,0.9963828325271606,1.0,1.0,0.9609375,0.9326171875,1.0,1.0,0.009131833910942078,6.651657167822123e-05,,3.8742946344427764e-06,,0.152535080909729,,0.15621203184127808,,2.3029771909932606e-05,,2.0356088498374447e-05,,
,0.001,366,,,,,,,,,,,,,,,,,,,,,
366,,366,,,,,,,,,,6.603976362384856e-05,,3.844492312055081e-06,,0.1522032916545868,,0.15587681531906128,,2.2519758203998208e-05,,2.0119479813729413e-05,0.00911195483058691
366,,366,0.9963598847389221,1.0,1.0,0.9609375,0.93212890625,1.0,1.0,0.00911195483058691,6.603976362384856e-05,,3.844492312055081e-06,,0.1522032916545868,,0.15587681531906128,,2.2519758203998208e-05,,2.0119479813729413e-05,,
,0.001,367,,,,,,,,,,,,,,,,,,,,,
367,,367,,,,,,,,,,6.675497570540756e-05,,3.844492312055081e-06,,0.15266399085521698,,0.15592123568058014,,2.2358779460773803e-05,,1.970093944692053e-05,0.009119094349443913
367,,367,0.9964057207107544,1.0,1.0,0.9609375,0.93310546875,1.0,1.0,0.009119094349443913,6.675497570540756e-05,,3.844492312055081e-06,,0.15266399085521698,,0.15592123568058014,,2.2358779460773803e-05,,1.970093944692053e-05,,
,0.001,368,,,,,,,,,,,,,,,,,,,,,
368,,368,,,,,,,,,,6.222531374078244e-05,,3.6954811548639555e-06,,0.15241000056266785,,0.15623250603675842,,2.1864125301362947e-05,,1.9537334082997404e-05,0.009130490943789482
368,,368,0.9963828325271606,1.0,1.0,0.9609375,0.9326171875,1.0,1.0,0.009130490943789482,6.222531374078244e-05,,3.6954811548639555e-06,,0.15241000056266785,,0.15623250603675842,,2.1864125301362947e-05,,1.9537334082997404e-05,,
,0.001,369,,,,,,,,,,,,,,,,,,,,,
369,,369,,,,,,,,,,6.258291978156194e-05,,3.6954811548639555e-06,,0.15265882015228271,,0.15639358758926392,,2.1477391783264466e-05,,1.898116897791624e-05,0.009140470996499062
369,,369,0.9964057207107544,1.0,1.0,0.9609375,0.93310546875,1.0,1.0,0.009140470996499062,6.258291978156194e-05,,3.6954811548639555e-06,,0.15265882015228271,,0.15639358758926392,,2.1477391783264466e-05,,1.898116897791624e-05,,
,0.001,370,,,,,,,,,,,,,,,,,,,,,
370,,370,,,,,,,,,,5.602679812000133e-05,,3.66567883247626e-06,,0.15358591079711914,,0.1565958559513092,,2.0833691451116465e-05,,1.8769635062199086e-05,0.009160538204014301
370,,370,0.9963598847389221,1.0,1.0,0.9609375,0.93212890625,1.0,1.0,0.009160538204014301,5.602679812000133e-05,,3.66567883247626e-06,,0.15358591079711914,,0.1565958559513092,,2.0833691451116465e-05,,1.8769635062199086e-05,,
,0.001,371,,,,,,,,,,,,,,,,,,,,,
371,,371,,,,,,,,,,6.747018051100895e-05,,3.7848876672796905e-06,,0.15457579493522644,,0.15645405650138855,,2.0988907635910437e-05,,1.8438659026287496e-05,0.009165281429886818
371,,371,0.9964057207107544,1.0,1.0,0.9609375,0.93310546875,1.0,1.0,0.009165281429886818,6.747018051100895e-05,,3.7848876672796905e-06,,0.15457579493522644,,0.15645405650138855,,2.0988907635910437e-05,,1.8438659026287496e-05,,
,0.001,372,,,,,,,,,,,,,,,,,,,,,
372,,372,,,,,,,,,,5.1377883210079744e-05,,3.5166676752851345e-06,,0.15720558166503906,,0.15784916281700134,,2.0808220142498612e-05,,1.8391981939203106e-05,0.009261436760425568
372,,372,0.9963828325271606,1.0,1.0,0.9609375,0.9326171875,1.0,1.0,0.009261436760425568,5.1377883210079744e-05,,3.5166676752851345e-06,,0.15720558166503906,,0.15784916281700134,,2.0808220142498612e-05,,1.8391981939203106e-05,,
,0.001,373,,,,,,,,,,,,,,,,,,,,,
373,,373,,,,,,,,,,6.4490144723095e-05,,3.4868655802711146e-06,,0.1548280119895935,,0.15745483338832855,,2.0830208086408675e-05,,1.7968017345992848e-05,0.009214775636792183
373,,373,0.9963141083717346,1.0,1.0,0.9609375,0.93115234375,1.0,1.0,0.009214775636792183,6.4490144723095e-05,,3.4868655802711146e-06,,0.1548280119895935,,0.15745483338832855,,2.0830208086408675e-05,,1.7968017345992848e-05,,
,0.001,374,,,,,,,,,,,,,,,,,,,,,
374,,374,,,,,,,,,,5.9602869441732764e-05,,3.576272320060525e-06,,0.15465253591537476,,0.15615910291671753,,2.1578787709586322e-05,,1.8208540495834313e-05,0.00915228296071291
374,,374,0.9964057207107544,1.0,1.0,0.9609375,0.93310546875,1.0,1.0,0.00915228296071291,5.9602869441732764e-05,,3.576272320060525e-06,,0.15465253591537476,,0.15615910291671753,,2.1578787709586322e-05,,1.8208540495834313e-05,,
,0.001,375,,,,,,,,,,,,,,,,,,,,,
375,,375,,,,,,,,,,6.0437283536884934e-05,,3.5464699976728298e-06,,0.15330234169960022,,0.15912379324436188,,2.358947676839307e-05,,1.9361652448424138e-05,0.009276703000068665
375,,375,0.9963369965553284,1.0,1.0,0.9609375,0.931640625,1.0,1.0,0.009276703000068665,6.0437283536884934e-05,,3.5464699976728298e-06,,0.15330234169960022,,0.15912379324436188,,2.358947676839307e-05,,1.9361652448424138e-05,,
,0.001,376,,,,,,,,,,,,,,,,,,,,,
376,,376,,,,,,,,,,6.05564855504781e-05,,3.48686580764479e-06,,0.15378886461257935,,0.1753862202167511,,3.296360591775738e-05,,2.884384957724251e-05,0.010053765028715134
376,,376,0.9962454438209534,1.0,1.0,0.9609375,0.9296875,1.0,1.0,0.010053765028715134,6.05564855504781e-05,,3.48686580764479e-06,,0.15378886461257935,,0.1753862202167511,,3.296360591775738e-05,,2.884384957724251e-05,,
,0.001,377,,,,,,,,,,,,,,,,,,,,,
377,,377,,,,,,,,,,0.00010442188795423135,,4.440536031324882e-06,,0.1539684385061264,,0.3638506233692169,,0.0027382047846913338,,0.005648741498589516,0.02361564338207245
377,,377,0.9927656054496765,1.0,1.0,0.9609375,0.8828125,0.999267578125,0.99847412109375,0.02361564338207245,0.00010442188795423135,,4.440536031324882e-06,,0.1539684385061264,,0.3638506233692169,,0.0027382047846913338,,0.005648741498589516,,
,0.001,378,,,,,,,,,,,,,,,,,,,,,
378,,378,,,,,,,,,,3.266281055402942e-05,,3.2782500056782737e-06,,0.1632087677717209,,0.2122909128665924,,0.4958030581474304,,1.1655006408691406,0.9791913628578186
378,,378,0.8899725675582886,1.0,1.0,0.9609375,0.91796875,0.9298095703125,0.876617431640625,0.9791913628578186,3.266281055402942e-05,,3.2782500056782737e-06,,0.1632087677717209,,0.2122909128665924,,0.4958030581474304,,1.1655006408691406,,
,0.001,379,,,,,,,,,,,,,,,,,,,,,
379,,379,,,,,,,,,,4.7444173105759546e-05,,4.380931841296842e-06,,0.15610361099243164,,0.3099890351295471,,0.4567517936229706,,0.6752589344978333,0.6085938811302185
379,,379,0.9016254544258118,1.0,1.0,0.9609375,0.904296875,0.9189453125,0.895721435546875,0.6085938811302185,4.7444173105759546e-05,,4.380931841296842e-06,,0.15610361099243164,,0.3099890351295471,,0.4567517936229706,,0.6752589344978333,,
,0.001,380,,,,,,,,,,,,,,,,,,,,,
380,,380,,,,,,,,,,5.4238757002167404e-05,,8.761842764215544e-06,,0.17315348982810974,,0.3747568726539612,,0.30893203616142273,,0.4478680491447449,0.41352272033691406
380,,380,0.9120192527770996,1.0,1.0,0.9609375,0.8896484375,0.9276123046875,0.9083251953125,0.41352272033691406,5.4238757002167404e-05,,8.761842764215544e-06,,0.17315348982810974,,0.3747568726539612,,0.30893203616142273,,0.4478680491447449,,
,0.001,381,,,,,,,,,,,,,,,,,,,,,
381,,381,,,,,,,,,,8.642300235806033e-05,,2.172562926716637e-05,,0.159838005900383,,0.24263779819011688,,0.19907808303833008,,0.28076910972595215,0.26121461391448975
381,,381,0.9354853630065918,1.0,1.0,0.9609375,0.9150390625,0.944580078125,0.93377685546875,0.26121461391448975,8.642300235806033e-05,,2.172562926716637e-05,,0.159838005900383,,0.24263779819011688,,0.19907808303833008,,0.28076910972595215,,
,0.001,382,,,,,,,,,,,,,,,,,,,,,
382,,382,,,,,,,,,,0.00012385078298393637,,6.121167098172009e-05,,0.17679433524608612,,0.23455621302127838,,0.16640035808086395,,0.24474205076694489,0.227879136800766
382,,382,0.9329441785812378,1.0,1.0,0.9609375,0.91650390625,0.9473876953125,0.929595947265625,0.227879136800766,0.00012385078298393637,,6.121167098172009e-05,,0.17679433524608612,,0.23455621302127838,,0.16640035808086395,,0.24474205076694489,,
,0.001,383,,,,,,,,,,,,,,,,,,,,,
383,,383,,,,,,,,,,0.00012158608296886086,,6.001969813951291e-05,,0.16134433448314667,,0.22959034144878387,,0.14157137274742126,,0.1578446924686432,0.15761969983577728
383,,383,0.9481456279754639,1.0,1.0,0.9609375,0.91650390625,0.952392578125,0.9486083984375,0.15761969983577728,0.00012158608296886086,,6.001969813951291e-05,,0.16134433448314667,,0.22959034144878387,,0.14157137274742126,,0.1578446924686432,,
,0.001,384,,,,,,,,,,,,,,,,,,,,,
384,,384,,,,,,,,,,0.00018463814922142774,,6.466855847975239e-05,,0.16514509916305542,,0.22045442461967468,,0.15167224407196045,,0.18100114166736603,0.17650191485881805
384,,384,0.9396520256996155,1.0,1.0,0.9609375,0.91943359375,0.947509765625,0.938323974609375,0.17650191485881805,0.00018463814922142774,,6.466855847975239e-05,,0.16514509916305542,,0.22045442461967468,,0.15167224407196045,,0.18100114166736603,,
,0.001,385,,,,,,,,,,,,,,,,,,,,,
385,,385,,,,,,,,,,0.0001941730733960867,,5.563913146033883e-05,,0.1599687784910202,,0.22077003121376038,,0.09143291413784027,,0.1092439591884613,0.11132735759019852
385,,385,0.9608516693115234,1.0,1.0,0.9609375,0.91943359375,0.967529296875,0.961578369140625,0.11132735759019852,0.0001941730733960867,,5.563913146033883e-05,,0.1599687784910202,,0.22077003121376038,,0.09143291413784027,,0.1092439591884613,,
,0.001,386,,,,,,,,,,,,,,,,,,,,,
386,,386,,,,,,,,,,0.0002094287920044735,,5.50133190699853e-05,,0.1600576937198639,,0.22013501822948456,,0.10115231573581696,,0.11780982464551926,0.11954744160175323
386,,386,0.959363579750061,1.0,1.0,0.9609375,0.91455078125,0.9647216796875,0.960601806640625,0.11954744160175323,0.0002094287920044735,,5.50133190699853e-05,,0.1600576937198639,,0.22013501822948456,,0.10115231573581696,,0.11780982464551926,,
,0.001,387,,,,,,,,,,,,,,,,,,,,,
387,,387,,,,,,,,,,0.00040415700641460717,,8.624340262031183e-05,,0.1763845682144165,,0.20784902572631836,,0.08230139315128326,,0.09559878706932068,0.09896524250507355
387,,387,0.9656593799591064,1.0,1.0,0.9609375,0.91796875,0.970458984375,0.96734619140625,0.09896524250507355,0.00040415700641460717,,8.624340262031183e-05,,0.1763845682144165,,0.20784902572631836,,0.08230139315128326,,0.09559878706932068,,
,0.001,388,,,,,,,,,,,,,,,,,,,,,
388,,388,,,,,,,,,,0.00047017011092975736,,0.0001076984335668385,,0.17354445159435272,,0.20314471423625946,,0.056390807032585144,,0.06230875849723816,0.06887845695018768
388,,388,0.9765338897705078,1.0,1.0,0.9609375,0.91845703125,0.981201171875,0.9791259765625,0.06887845695018768,0.00047017011092975736,,0.0001076984335668385,,0.17354445159435272,,0.20314471423625946,,0.056390807032585144,,0.06230875849723816,,
,0.001,389,,,,,,,,,,,,,,,,,,,,,
389,,389,,,,,,,,,,0.0004114258335903287,,0.00010436105367261916,,0.16463690996170044,,0.20235374569892883,,0.06377538293600082,,0.06494693458080292,0.07210096716880798
389,,389,0.9743360877037048,1.0,1.0,0.9609375,0.919921875,0.9788818359375,0.9766845703125,0.07210096716880798,0.0004114258335903287,,0.00010436105367261916,,0.16463690996170044,,0.20235374569892883,,0.06377538293600082,,0.06494693458080292,,
,0.001,390,,,,,,,,,,,,,,,,,,,,,
390,,390,,,,,,,,,,0.0004596845537889749,,0.00011368788545951247,,0.16607321798801422,,0.1979840248823166,,0.04821816831827164,,0.04737534001469612,0.05581338331103325
390,,390,0.9812042117118835,1.0,1.0,0.9609375,0.921875,0.9853515625,0.984100341796875,0.05581338331103325,0.0004596845537889749,,0.00011368788545951247,,0.16607321798801422,,0.1979840248823166,,0.04821816831827164,,0.04737534001469612,,
,0.001,391,,,,,,,,,,,,,,,,,,,,,
391,,391,,,,,,,,,,0.0004847066884394735,,0.00011431363236624748,,0.16733820736408234,,0.19352185726165771,,0.040252216160297394,,0.03981804847717285,0.048455677926540375
391,,391,0.9843635559082031,1.0,1.0,0.9609375,0.92138671875,0.988037109375,0.9876708984375,0.048455677926540375,0.0004847066884394735,,0.00011431363236624748,,0.16733820736408234,,0.19352185726165771,,0.040252216160297394,,0.03981804847717285,,
,0.001,392,,,,,,,,,,,,,,,,,,,,,
392,,392,,,,,,,,,,0.00040820849244482815,,9.285881242249161e-05,,0.16204044222831726,,0.18974316120147705,,0.02944430336356163,,0.034583449363708496,0.04226240515708923
392,,392,0.9864469170570374,1.0,1.0,0.9609375,0.92529296875,0.9920654296875,0.98919677734375,0.04226240515708923,0.00040820849244482815,,9.285881242249161e-05,,0.16204044222831726,,0.18974316120147705,,0.02944430336356163,,0.034583449363708496,,
,0.001,393,,,,,,,,,,,,,,,,,,,,,
393,,393,,,,,,,,,,0.0003389737685211003,,7.548589201178402e-05,,0.157413512468338,,0.18550938367843628,,0.030429236590862274,,0.030879728496074677,0.039415810257196426
393,,393,0.9866300821304321,1.0,1.0,0.9609375,0.92578125,0.989501953125,0.99005126953125,0.039415810257196426,0.0003389737685211003,,7.548589201178402e-05,,0.157413512468338,,0.18550938367843628,,0.030429236590862274,,0.030879728496074677,,
,0.001,394,,,,,,,,,,,,,,,,,,,,,
394,,394,,,,,,,,,,0.0003426679759286344,,7.167152216425166e-05,,0.1561460793018341,,0.1810428500175476,,0.023141320794820786,,0.02461015246808529,0.03312138095498085
394,,394,0.9893773198127747,1.0,1.0,0.9609375,0.9267578125,0.9921875,0.99298095703125,0.03312138095498085,0.0003426679759286344,,7.167152216425166e-05,,0.1561460793018341,,0.1810428500175476,,0.023141320794820786,,0.02461015246808529,,
,0.001,395,,,,,,,,,,,,,,,,,,,,,
395,,395,,,,,,,,,,0.0003610197745729238,,6.94663031026721e-05,,0.15600299835205078,,0.1783636510372162,,0.01782532036304474,,0.020974526181817055,0.029269712045788765
395,,395,0.9911401271820068,1.0,1.0,0.9609375,0.9287109375,0.99560546875,0.994354248046875,0.029269712045788765,0.0003610197745729238,,6.94663031026721e-05,,0.15600299835205078,,0.1783636510372162,,0.01782532036304474,,0.020974526181817055,,
,0.001,396,,,,,,,,,,,,,,,,,,,,,
396,,396,,,,,,,,,,0.00032729512895457447,,5.8946909121004865e-05,,0.15690219402313232,,0.1760730743408203,,0.016475483775138855,,0.01584518328309059,0.025071697309613228
396,,396,0.9930174350738525,1.0,1.0,0.9609375,0.9306640625,0.99658203125,0.996490478515625,0.025071697309613228,0.00032729512895457447,,5.8946909121004865e-05,,0.15690219402313232,,0.1760730743408203,,0.016475483775138855,,0.01584518328309059,,
,0.001,397,,,,,,,,,,,,,,,,,,,,,
397,,397,,,,,,,,,,0.0002734287118073553,,4.708635970018804e-05,,0.15895581245422363,,0.17359110713005066,,0.01342198345810175,,0.012702850624918938,0.022049328312277794
397,,397,0.9935668706893921,1.0,1.0,0.9609375,0.9306640625,0.9974365234375,0.99700927734375,0.022049328312277794,0.0002734287118073553,,4.708635970018804e-05,,0.15895581245422363,,0.17359110713005066,,0.01342198345810175,,0.012702850624918938,,
,0.001,398,,,,,,,,,,,,,,,,,,,,,
398,,398,,,,,,,,,,0.00024375328212045133,,4.053020165883936e-05,,0.16072767972946167,,0.17116838693618774,,0.010953452438116074,,0.012087652459740639,0.02103199064731598
398,,398,0.9938187003135681,1.0,1.0,0.9609375,0.93115234375,0.9979248046875,0.9971923828125,0.02103199064731598,0.00024375328212045133,,4.053020165883936e-05,,0.16072767972946167,,0.17116838693618774,,0.010953452438116074,,0.012087652459740639,,
,0.001,399,,,,,,,,,,,,,,,,,,,,,
399,,399,,,,,,,,,,0.0002445875434204936,,3.83845399483107e-05,,0.160940483212471,,0.16897740960121155,,0.008626565337181091,,0.008951609022915363,0.01814274676144123
399,,399,0.9952839016914368,1.0,1.0,0.9609375,0.931640625,0.9991455078125,0.998809814453125,0.01814274676144123,0.0002445875434204936,,3.83845399483107e-05,,0.160940483212471,,0.16897740960121155,,0.008626565337181091,,0.008951609022915363,,
