epoch,lr-AdamW,step,train/acc,train/acc_s0_1,train/acc_s1_2,train/acc_s2_4,train/acc_s3_8,train/acc_s4_16,train/loss_epoch,train/loss_s0_1_epoch,train/loss_s0_1_step,train/loss_s1_2_epoch,train/loss_s1_2_step,train/loss_s2_4_epoch,train/loss_s2_4_step,train/loss_s3_8_epoch,train/loss_s3_8_step,train/loss_s4_16_epoch,train/loss_s4_16_step,train/loss_step
,0.001,0,,,,,,,,,,,,,,,,,,
0,,0,,,,,,,,,6.943746566772461,,6.463393211364746,,6.548408508300781,,6.1974382400512695,,6.489813804626465,6.438709735870361
0,,0,0.0015579179162159562,0.0,0.0,0.0,0.0,0.0020751953125,6.438709735870361,6.943746566772461,,6.463393211364746,,6.548408508300781,,6.1974382400512695,,6.489813804626465,,
,0.001,1,,,,,,,,,,,,,,,,,,
1,,1,,,,,,,,,5.223525047302246,,3.047487735748291,,2.8012442588806152,,3.0184686183929443,,2.923208475112915,2.943567991256714
1,,1,0.7259897589683533,0.0,1.0,0.923828125,0.78955078125,0.6962890625,2.943567991256714,5.223525047302246,,3.047487735748291,,2.8012442588806152,,3.0184686183929443,,2.923208475112915,,
,0.001,2,,,,,,,,,,,,,,,,,,
2,,2,,,,,,,,,2.1819212436676025,,0.4893023371696472,,0.8357163071632385,,1.76314115524292,,2.444521188735962,2.2174458503723145
2,,2,0.7289223074913025,1.0,1.0,0.923828125,0.78955078125,0.6962890625,2.2174458503723145,2.1819212436676025,,0.4893023371696472,,0.8357163071632385,,1.76314115524292,,2.444521188735962,,
,0.001,3,,,,,,,,,,,,,,,,,,
3,,3,,,,,,,,,0.3528633713722229,,0.3000360131263733,,0.7490767240524292,,1.6687259674072266,,2.3146660327911377,2.090590238571167
3,,3,0.7289223074913025,1.0,1.0,0.923828125,0.78955078125,0.6962890625,2.090590238571167,0.3528633713722229,,0.3000360131263733,,0.7490767240524292,,1.6687259674072266,,2.3146660327911377,,
,0.001,4,,,,,,,,,,,,,,,,,,
4,,4,,,,,,,,,0.3795386254787445,,0.4322085678577423,,0.8304321765899658,,1.6419353485107422,,2.2452473640441895,2.0388927459716797
4,,4,0.7289223074913025,1.0,1.0,0.923828125,0.78955078125,0.6962890625,2.0388927459716797,0.3795386254787445,,0.4322085678577423,,0.8304321765899658,,1.6419353485107422,,2.2452473640441895,,
,0.001,5,,,,,,,,,,,,,,,,,,
5,,5,,,,,,,,,0.3351151943206787,,0.3685641884803772,,0.7702783942222595,,1.5680184364318848,,2.166398048400879,1.9621257781982422
5,,5,0.7289223074913025,1.0,1.0,0.923828125,0.78955078125,0.6962890625,1.9621257781982422,0.3351151943206787,,0.3685641884803772,,0.7702783942222595,,1.5680184364318848,,2.166398048400879,,
,0.001,6,,,,,,,,,,,,,,,,,,
6,,6,,,,,,,,,0.24361379444599152,,0.25328686833381653,,0.6779825091362,,1.5041556358337402,,2.113417148590088,1.9044140577316284
6,,6,0.7289223074913025,1.0,1.0,0.923828125,0.78955078125,0.6962890625,1.9044140577316284,0.24361379444599152,,0.25328686833381653,,0.6779825091362,,1.5041556358337402,,2.113417148590088,,
,0.001,7,,,,,,,,,,,,,,,,,,
7,,7,,,,,,,,,0.2187741994857788,,0.2229394018650055,,0.6480899453163147,,1.4711863994598389,,2.0819616317749023,1.8727803230285645
7,,7,0.7289223074913025,1.0,1.0,0.923828125,0.78955078125,0.6962890625,1.8727803230285645,0.2187741994857788,,0.2229394018650055,,0.6480899453163147,,1.4711863994598389,,2.0819616317749023,,
,0.001,8,,,,,,,,,,,,,,,,,,
8,,8,,,,,,,,,0.2517590820789337,,0.25671881437301636,,0.6598199605941772,,1.4442468881607056,,2.039783477783203,1.8371031284332275
8,,8,0.7289223074913025,1.0,1.0,0.923828125,0.78955078125,0.6962890625,1.8371031284332275,0.2517590820789337,,0.25671881437301636,,0.6598199605941772,,1.4442468881607056,,2.039783477783203,,
,0.001,9,,,,,,,,,,,,,,,,,,
9,,9,,,,,,,,,0.3105410933494568,,0.3182944655418396,,0.6939226388931274,,1.4327611923217773,,2.0142548084259033,1.8182768821716309
9,,9,0.7289223074913025,1.0,1.0,0.923828125,0.78955078125,0.6962890625,1.8182768821716309,0.3105410933494568,,0.3182944655418396,,0.6939226388931274,,1.4327611923217773,,2.0142548084259033,,
,0.001,10,,,,,,,,,,,,,,,,,,
10,,10,,,,,,,,,0.3194718062877655,,0.32463571429252625,,0.6908736824989319,,1.4171314239501953,,1.9980697631835938,1.8031502962112427
10,,10,0.7289223074913025,1.0,1.0,0.923828125,0.78955078125,0.6962890625,1.8031502962112427,0.3194718062877655,,0.32463571429252625,,0.6908736824989319,,1.4171314239501953,,1.9980697631835938,,
,0.001,11,,,,,,,,,,,,,,,,,,
11,,11,,,,,,,,,0.2729395627975464,,0.2709851861000061,,0.6463937163352966,,1.391677737236023,,1.9785881042480469,1.7808947563171387
11,,11,0.7289223074913025,1.0,1.0,0.923828125,0.78955078125,0.6962890625,1.7808947563171387,0.2729395627975464,,0.2709851861000061,,0.6463937163352966,,1.391677737236023,,1.9785881042480469,,
,0.001,12,,,,,,,,,,,,,,,,,,
12,,12,,,,,,,,,0.2263614982366562,,0.2187434732913971,,0.6069860458374023,,1.3764137029647827,,1.9697058200836182,1.7687631845474243
12,,12,0.7289223074913025,1.0,1.0,0.923828125,0.78955078125,0.6962890625,1.7687631845474243,0.2263614982366562,,0.2187434732913971,,0.6069860458374023,,1.3764137029647827,,1.9697058200836182,,
,0.001,13,,,,,,,,,,,,,,,,,,
13,,13,,,,,,,,,0.20970991253852844,,0.19813480973243713,,0.5894646644592285,,1.3658790588378906,,1.9568488597869873,1.7560211420059204
13,,13,0.7289223074913025,1.0,1.0,0.923828125,0.78955078125,0.6962890625,1.7560211420059204,0.20970991253852844,,0.19813480973243713,,0.5894646644592285,,1.3658790588378906,,1.9568488597869873,,
,0.001,14,,,,,,,,,,,,,,,,,,
14,,14,,,,,,,,,0.2191796749830246,,0.20269954204559326,,0.586559534072876,,1.3506810665130615,,1.9316920042037964,1.7342278957366943
14,,14,0.7289223074913025,1.0,1.0,0.923828125,0.78955078125,0.6962890625,1.7342278957366943,0.2191796749830246,,0.20269954204559326,,0.586559534072876,,1.3506810665130615,,1.9316920042037964,,
,0.001,15,,,,,,,,,,,,,,,,,,
15,,15,,,,,,,,,0.2253890335559845,,0.20164461433887482,,0.5801689028739929,,1.3309943675994873,,1.913070559501648,1.716259241104126
15,,15,0.7289223074913025,1.0,1.0,0.923828125,0.78955078125,0.6962890625,1.716259241104126,0.2253890335559845,,0.20164461433887482,,0.5801689028739929,,1.3309943675994873,,1.913070559501648,,
,0.001,16,,,,,,,,,,,,,,,,,,
16,,16,,,,,,,,,0.18721605837345123,,0.1598861664533615,,0.5544254779815674,,1.3167392015457153,,1.8476099967956543,1.662630558013916
16,,16,0.7289223074913025,1.0,1.0,0.923828125,0.78955078125,0.6962890625,1.662630558013916,0.18721605837345123,,0.1598861664533615,,0.5544254779815674,,1.3167392015457153,,1.8476099967956543,,
,0.001,17,,,,,,,,,,,,,,,,,,
17,,17,,,,,,,,,0.1413811296224594,,0.11685887724161148,,0.5368337035179138,,1.3075125217437744,,1.725374460220337,1.567668080329895
17,,17,0.7289223074913025,1.0,1.0,0.923828125,0.78955078125,0.6962890625,1.567668080329895,0.1413811296224594,,0.11685887724161148,,0.5368337035179138,,1.3075125217437744,,1.725374460220337,,
,0.001,18,,,,,,,,,,,,,,,,,,
18,,18,,,,,,,,,0.12084842473268509,,0.10074658691883087,,0.5299115180969238,,1.218833088874817,,12.587515830993652,9.7050199508667
18,,18,0.22919721901416779,1.0,1.0,0.923828125,0.78955078125,0.0306396484375,9.7050199508667,0.12084842473268509,,0.10074658691883087,,0.5299115180969238,,1.218833088874817,,12.587515830993652,,
,0.001,19,,,,,,,,,,,,,,,,,,
19,,19,,,,,,,,,0.1061672568321228,,0.08961835503578186,,0.529164731502533,,1.1818163394927979,,4.160433292388916,3.3713736534118652
19,,19,0.6043804883956909,1.0,1.0,0.923828125,0.78955078125,0.5303955078125,3.3713736534118652,0.1061672568321228,,0.08961835503578186,,0.529164731502533,,1.1818163394927979,,4.160433292388916,,
,0.001,20,,,,,,,,,,,,,,,,,,
20,,20,,,,,,,,,0.09319959580898285,,0.07883010804653168,,0.5329204797744751,,1.2021825313568115,,1.896069049835205,1.6752744913101196
20,,20,0.7355205416679382,1.0,1.0,0.923828125,0.78955078125,0.705078125,1.6752744913101196,0.09319959580898285,,0.07883010804653168,,0.5329204797744751,,1.2021825313568115,,1.896069049835205,,
,0.001,21,,,,,,,,,,,,,,,,,,
21,,21,,,,,,,,,0.10060293227434158,,0.08509550988674164,,0.53254634141922,,1.173119306564331,,2.0520451068878174,1.7869939804077148
21,,21,0.7302969098091125,1.0,1.0,0.923828125,0.78955078125,0.6981201171875,1.7869939804077148,0.10060293227434158,,0.08509550988674164,,0.53254634141922,,1.173119306564331,,2.0520451068878174,,
,0.001,22,,,,,,,,,,,,,,,,,,
22,,22,,,,,,,,,0.1296715885400772,,0.10927852243185043,,0.5310981273651123,,1.1426512002944946,,1.9461820125579834,1.7021015882492065
22,,22,0.7311217188835144,1.0,1.0,0.923828125,0.794921875,0.6978759765625,1.7021015882492065,0.1296715885400772,,0.10927852243185043,,0.5310981273651123,,1.1426512002944946,,1.9461820125579834,,
,0.001,23,,,,,,,,,,,,,,,,,,
23,,23,,,,,,,,,0.20039375126361847,,0.16584457457065582,,0.5391987562179565,,1.2587350606918335,,1.665178656578064,1.514181137084961
23,,23,0.7392778396606445,1.0,1.0,0.923828125,0.8037109375,0.70654296875,1.514181137084961,0.20039375126361847,,0.16584457457065582,,0.5391987562179565,,1.2587350606918335,,1.665178656578064,,
,0.001,24,,,,,,,,,,,,,,,,,,
24,,24,,,,,,,,,0.2586645781993866,,0.19416165351867676,,0.5490384101867676,,1.1729387044906616,,1.687486171722412,1.5157902240753174
24,,24,0.728280782699585,1.0,1.0,0.923828125,0.79638671875,0.6937255859375,1.5157902240753174,0.2586645781993866,,0.19416165351867676,,0.5490384101867676,,1.1729387044906616,,1.687486171722412,,
,0.001,25,,,,,,,,,,,,,,,,,,
25,,25,,,,,,,,,0.24548037350177765,,0.17653721570968628,,0.5480743646621704,,1.1120953559875488,,1.784576654434204,1.5769692659378052
25,,25,0.7237903475761414,1.0,1.0,0.923828125,0.78955078125,0.689453125,1.5769692659378052,0.24548037350177765,,0.17653721570968628,,0.5480743646621704,,1.1120953559875488,,1.784576654434204,,
,0.001,26,,,,,,,,,,,,,,,,,,
26,,26,,,,,,,,,0.19696412980556488,,0.14490927755832672,,0.5436825156211853,,1.1694034337997437,,1.6794196367263794,1.5080609321594238
26,,26,0.7398276925086975,1.0,1.0,0.923828125,0.78955078125,0.7108154296875,1.5080609321594238,0.19696412980556488,,0.14490927755832672,,0.5436825156211853,,1.1694034337997437,,1.6794196367263794,,
,0.001,27,,,,,,,,,,,,,,,,,,
27,,27,,,,,,,,,0.14542199671268463,,0.11295107007026672,,0.5411233305931091,,1.2565879821777344,,1.5597705841064453,1.4339532852172852
27,,27,0.7484420537948608,1.0,1.0,0.923828125,0.78955078125,0.7222900390625,1.4339532852172852,0.14542199671268463,,0.11295107007026672,,0.5411233305931091,,1.2565879821777344,,1.5597705841064453,,
,0.001,28,,,,,,,,,,,,,,,,,,
28,,28,,,,,,,,,0.11349769681692123,,0.09194420278072357,,0.5406893491744995,,1.2905545234680176,,1.5641090869903564,1.4432249069213867
28,,28,0.7322214245796204,1.0,1.0,0.923828125,0.78955078125,0.70068359375,1.4432249069213867,0.11349769681692123,,0.09194420278072357,,0.5406893491744995,,1.2905545234680176,,1.5641090869903564,,
,0.001,29,,,,,,,,,,,,,,,,,,
29,,29,,,,,,,,,0.10807673633098602,,0.08832000195980072,,0.5375267863273621,,1.2301088571548462,,1.5350710153579712,1.4098737239837646
29,,29,0.7346957325935364,1.0,1.0,0.923828125,0.78955078125,0.7039794921875,1.4098737239837646,0.10807673633098602,,0.08832000195980072,,0.5375267863273621,,1.2301088571548462,,1.5350710153579712,,
,0.001,30,,,,,,,,,,,,,,,,,,
30,,30,,,,,,,,,0.12397194653749466,,0.10019433498382568,,0.5278435945510864,,1.0420488119125366,,1.451246738433838,1.3113799095153809
30,,30,0.7490835785865784,1.0,1.0,0.923828125,0.78955078125,0.72314453125,1.3113799095153809,0.12397194653749466,,0.10019433498382568,,0.5278435945510864,,1.0420488119125366,,1.451246738433838,,
,0.001,31,,,,,,,,,,,,,,,,,,
31,,31,,,,,,,,,0.1658492386341095,,0.1379672884941101,,0.5153636932373047,,0.9644393920898438,,1.4300718307495117,1.2808974981307983
31,,31,0.7514662742614746,1.0,1.0,0.923828125,0.8134765625,0.7203369140625,1.2808974981307983,0.1658492386341095,,0.1379672884941101,,0.5153636932373047,,0.9644393920898438,,1.4300718307495117,,
,0.001,32,,,,,,,,,,,,,,,,,,
32,,32,,,,,,,,,0.17493270337581635,,0.1635473668575287,,0.517839789390564,,1.1703526973724365,,1.395275354385376,1.2938640117645264
32,,32,0.7596224546432495,1.0,1.0,0.923828125,0.791015625,0.73681640625,1.2938640117645264,0.17493270337581635,,0.1635473668575287,,0.517839789390564,,1.1703526973724365,,1.395275354385376,,
,0.001,33,,,,,,,,,,,,,,,,,,
33,,33,,,,,,,,,0.12076443433761597,,0.11651511490345001,,0.49198952317237854,,0.9886118173599243,,1.2696785926818848,1.1635410785675049
33,,33,0.7748350501060486,1.0,1.0,0.923828125,0.8046875,0.753662109375,1.1635410785675049,0.12076443433761597,,0.11651511490345001,,0.49198952317237854,,0.9886118173599243,,1.2696785926818848,,
,0.001,34,,,,,,,,,,,,,,,,,,
34,,34,,,,,,,,,0.07393001019954681,,0.07265281677246094,,0.4905134439468384,,0.8178730010986328,,1.2055944204330444,1.0826650857925415
34,,34,0.7816165685653687,1.0,1.0,0.923828125,0.82470703125,0.7576904296875,1.0826650857925415,0.07393001019954681,,0.07265281677246094,,0.4905134439468384,,0.8178730010986328,,1.2055944204330444,,
,0.001,35,,,,,,,,,,,,,,,,,,
35,,35,,,,,,,,,0.0616188645362854,,0.06435667723417282,,0.4882417321205139,,0.8078392744064331,,1.178532600402832,1.0602257251739502
35,,35,0.7799670100212097,1.0,1.0,0.923828125,0.8212890625,0.75634765625,1.0602257251739502,0.0616188645362854,,0.06435667723417282,,0.4882417321205139,,0.8078392744064331,,1.178532600402832,,
,0.001,36,,,,,,,,,,,,,,,,,,
36,,36,,,,,,,,,0.06492283940315247,,0.07418875396251678,,0.46238067746162415,,0.7920352220535278,,1.0906062126159668,0.9901618957519531
36,,36,0.7882148027420044,1.0,1.0,0.923828125,0.822265625,0.76708984375,0.9901618957519531,0.06492283940315247,,0.07418875396251678,,0.46238067746162415,,0.7920352220535278,,1.0906062126159668,,
,0.001,37,,,,,,,,,,,,,,,,,,
37,,37,,,,,,,,,0.06894566118717194,,0.08548784255981445,,0.445245623588562,,0.7650977373123169,,1.0934860706329346,0.986608624458313
37,,37,0.7910557389259338,1.0,1.0,0.923828125,0.826171875,0.7698974609375,0.986608624458313,0.06894566118717194,,0.08548784255981445,,0.445245623588562,,0.7650977373123169,,1.0934860706329346,,
,0.001,38,,,,,,,,,,,,,,,,,,
38,,38,,,,,,,,,0.05916702002286911,,0.07102969288825989,,0.41714590787887573,,0.7509493827819824,,1.0292565822601318,0.9342171549797058
38,,38,0.7941715717315674,1.0,1.0,0.923828125,0.82861328125,0.7734375,0.9342171549797058,0.05916702002286911,,0.07102969288825989,,0.41714590787887573,,0.7509493827819824,,1.0292565822601318,,
,0.001,39,,,,,,,,,,,,,,,,,,
39,,39,,,,,,,,,0.048929981887340546,,0.0559094175696373,,0.39460575580596924,,0.7352412939071655,,0.9948431849479675,0.9041687846183777
39,,39,0.7929801940917969,1.0,1.0,0.923828125,0.83544921875,0.7701416015625,0.9041687846183777,0.048929981887340546,,0.0559094175696373,,0.39460575580596924,,0.7352412939071655,,0.9948431849479675,,
,0.001,40,,,,,,,,,,,,,,,,,,
40,,40,,,,,,,,,0.04330167546868324,,0.047979943454265594,,0.3819466829299927,,0.7122529149055481,,0.9678434133529663,0.8788810968399048
40,,40,0.7936217188835144,1.0,1.0,0.923828125,0.837890625,0.7703857421875,0.8788810968399048,0.04330167546868324,,0.047979943454265594,,0.3819466829299927,,0.7122529149055481,,0.9678434133529663,,
,0.001,41,,,,,,,,,,,,,,,,,,
41,,41,,,,,,,,,0.04163404181599617,,0.04488033428788185,,0.3780026137828827,,0.6916227340698242,,0.9350606203079224,0.8501717448234558
41,,41,0.7998533844947815,1.0,1.0,0.921875,0.83740234375,0.7789306640625,0.8501717448234558,0.04163404181599617,,0.04488033428788185,,0.3780026137828827,,0.6916227340698242,,0.9350606203079224,,
,0.001,42,,,,,,,,,,,,,,,,,,
42,,42,,,,,,,,,0.039786990731954575,,0.04116892069578171,,0.3808380365371704,,0.6759710907936096,,0.9160391092300415,0.8330382108688354
42,,42,0.7982038259506226,1.0,1.0,0.921875,0.83740234375,0.7767333984375,0.8330382108688354,0.039786990731954575,,0.04116892069578171,,0.3808380365371704,,0.6759710907936096,,0.9160391092300415,,
,0.001,43,,,,,,,,,,,,,,,,,,
43,,43,,,,,,,,,0.03513112664222717,,0.034729428589344025,,0.37057065963745117,,0.6596307754516602,,0.8832545280456543,0.8047879934310913
43,,43,0.8025109767913818,1.0,1.0,0.921875,0.83544921875,0.782958984375,0.8047879934310913,0.03513112664222717,,0.034729428589344025,,0.37057065963745117,,0.6596307754516602,,0.8832545280456543,,
,0.001,44,,,,,,,,,,,,,,,,,,
44,,44,,,,,,,,,0.030151288956403732,,0.029033228754997253,,0.3618919551372528,,0.6453679203987122,,0.8631108999252319,0.7865000367164612
44,,44,0.7987536787986755,1.0,1.0,0.921875,0.83544921875,0.7779541015625,0.7865000367164612,0.030151288956403732,,0.029033228754997253,,0.3618919551372528,,0.6453679203987122,,0.8631108999252319,,
,0.001,45,,,,,,,,,,,,,,,,,,
45,,45,,,,,,,,,0.026904642581939697,,0.025755474343895912,,0.35668468475341797,,0.6350557804107666,,0.8396220803260803,0.766638457775116
45,,45,0.8043438196182251,1.0,1.0,0.921875,0.83544921875,0.785400390625,0.766638457775116,0.026904642581939697,,0.025755474343895912,,0.35668468475341797,,0.6350557804107666,,0.8396220803260803,,
,0.001,46,,,,,,,,,,,,,,,,,,
46,,46,,,,,,,,,0.02515977993607521,,0.024099871516227722,,0.348891943693161,,0.6277831792831421,,0.8145664930343628,0.7460732460021973
46,,46,0.808192789554596,1.0,1.0,0.921875,0.833984375,0.7908935546875,0.7460732460021973,0.02515977993607521,,0.024099871516227722,,0.348891943693161,,0.6277831792831421,,0.8145664930343628,,
,0.001,47,,,,,,,,,,,,,,,,,,
47,,47,,,,,,,,,0.023235896602272987,,0.021962080150842667,,0.3406948447227478,,0.6136962175369263,,0.7950069904327393,0.7283300757408142
47,,47,0.8091092109680176,1.0,1.0,0.923828125,0.8330078125,0.792236328125,0.7283300757408142,0.023235896602272987,,0.021962080150842667,,0.3406948447227478,,0.6136962175369263,,0.7950069904327393,,
,0.001,48,,,,,,,,,,,,,,,,,,
48,,48,,,,,,,,,0.02089371345937252,,0.01916799135506153,,0.33605846762657166,,0.5998796820640564,,0.7707127332687378,0.7072412371635437
48,,48,0.8153409361839294,1.0,1.0,0.923828125,0.8369140625,0.799560546875,0.7072412371635437,0.02089371345937252,,0.01916799135506153,,0.33605846762657166,,0.5998796820640564,,0.7707127332687378,,
,0.001,49,,,,,,,,,,,,,,,,,,
49,,49,,,,,,,,,0.019823294132947922,,0.017754964530467987,,0.3269523084163666,,0.5924628376960754,,0.7507477402687073,0.6904138326644897
49,,49,0.8234970569610596,1.0,1.0,0.923828125,0.8359375,0.8106689453125,0.6904138326644897,0.019823294132947922,,0.017754964530467987,,0.3269523084163666,,0.5924628376960754,,0.7507477402687073,,
,0.001,50,,,,,,,,,,,,,,,,,,
50,,50,,,,,,,,,0.019733885303139687,,0.017463283613324165,,0.3282533884048462,,0.5810750722885132,,0.7310218811035156,0.6735250353813171
50,,50,0.825788140296936,1.0,1.0,0.921875,0.8359375,0.8138427734375,0.6735250353813171,0.019733885303139687,,0.017463283613324165,,0.3282533884048462,,0.5810750722885132,,0.7310218811035156,,
,0.001,51,,,,,,,,,,,,,,,,,,
51,,51,,,,,,,,,0.018408173695206642,,0.016269546002149582,,0.3234284520149231,,0.5721980333328247,,0.7093932628631592,0.6553773880004883
51,,51,0.8290872573852539,1.0,1.0,0.921875,0.8359375,0.8182373046875,0.6553773880004883,0.018408173695206642,,0.016269546002149582,,0.3234284520149231,,0.5721980333328247,,0.7093932628631592,,
,0.001,52,,,,,,,,,,,,,,,,,,
52,,52,,,,,,,,,0.016680767759680748,,0.01487786415964365,,0.3100084066390991,,0.5646722316741943,,0.6941754817962646,0.6418893933296204
52,,52,0.8333027958869934,1.0,1.0,0.923828125,0.8369140625,0.823486328125,0.6418893933296204,0.016680767759680748,,0.01487786415964365,,0.3100084066390991,,0.5646722316741943,,0.6941754817962646,,
,0.001,53,,,,,,,,,,,,,,,,,,
53,,53,,,,,,,,,0.016067897900938988,,0.014516592025756836,,0.3032117187976837,,0.5592389106750488,,0.674680233001709,0.6259089708328247
53,,53,0.8349523544311523,1.0,1.0,0.923828125,0.83935546875,0.8250732421875,0.6259089708328247,0.016067897900938988,,0.014516592025756836,,0.3032117187976837,,0.5592389106750488,,0.674680233001709,,
,0.001,54,,,,,,,,,,,,,,,,,,
54,,54,,,,,,,,,0.015727292746305466,,0.014373681508004665,,0.2969796061515808,,0.5528234243392944,,0.659424901008606,0.6129571199417114
54,,54,0.837793231010437,1.0,1.0,0.921875,0.841796875,0.828369140625,0.6129571199417114,0.015727292746305466,,0.014373681508004665,,0.2969796061515808,,0.5528234243392944,,0.659424901008606,,
,0.001,55,,,,,,,,,,,,,,,,,,
55,,55,,,,,,,,,0.014942036010324955,,0.013664067722856998,,0.2917499542236328,,0.5454714894294739,,0.6422134637832642,0.5984000563621521
55,,55,0.8436583280563354,1.0,1.0,0.923828125,0.8427734375,0.8358154296875,0.5984000563621521,0.014942036010324955,,0.013664067722856998,,0.2917499542236328,,0.5454714894294739,,0.6422134637832642,,
,0.001,56,,,,,,,,,,,,,,,,,,
56,,56,,,,,,,,,0.014685275964438915,,0.01317817997187376,,0.2849705219268799,,0.5389520525932312,,0.6261776685714722,0.5848132967948914
56,,56,0.8447580933570862,1.0,1.0,0.923828125,0.84228515625,0.83740234375,0.5848132967948914,0.014685275964438915,,0.01317817997187376,,0.2849705219268799,,0.5389520525932312,,0.6261776685714722,,
,0.001,57,,,,,,,,,,,,,,,,,,
57,,57,,,,,,,,,0.0147604551166296,,0.012893427163362503,,0.2826213836669922,,0.5310021042823792,,0.6128848791122437,0.5732285976409912
57,,57,0.8434750437736511,1.0,1.0,0.923828125,0.84619140625,0.834716796875,0.5732285976409912,0.0147604551166296,,0.012893427163362503,,0.2826213836669922,,0.5310021042823792,,0.6128848791122437,,
,0.001,58,,,,,,,,,,,,,,,,,,
58,,58,,,,,,,,,0.013971381820738316,,0.011996307410299778,,0.28125035762786865,,0.5233246088027954,,0.5965794920921326,0.55946946144104
58,,58,0.8494318127632141,1.0,1.0,0.923828125,0.84716796875,0.8424072265625,0.55946946144104,0.013971381820738316,,0.011996307410299778,,0.28125035762786865,,0.5233246088027954,,0.5965794920921326,,
,0.001,59,,,,,,,,,,,,,,,,,,
59,,59,,,,,,,,,0.01304379291832447,,0.011156324297189713,,0.2782353162765503,,0.5146502256393433,,0.5821356773376465,0.546843945980072
59,,59,0.8520894646644592,1.0,1.0,0.923828125,0.84814453125,0.845703125,0.546843945980072,0.01304379291832447,,0.011156324297189713,,0.2782353162765503,,0.5146502256393433,,0.5821356773376465,,
,0.001,60,,,,,,,,,,,,,,,,,,
60,,60,,,,,,,,,0.012255954556167126,,0.010567792691290379,,0.2735687792301178,,0.5068755745887756,,0.5690485835075378,0.535331666469574
60,,60,0.851081371307373,1.0,1.0,0.923828125,0.84033203125,0.8463134765625,0.535331666469574,0.012255954556167126,,0.010567792691290379,,0.2735687792301178,,0.5068755745887756,,0.5690485835075378,,
,0.001,61,,,,,,,,,,,,,,,,,,
61,,61,,,,,,,,,0.01073160395026207,,0.009338907897472382,,0.26890087127685547,,0.4973200559616089,,0.5523923635482788,0.520796000957489
61,,61,0.8644611239433289,1.0,1.0,0.923828125,0.84375,0.86328125,0.520796000957489,0.01073160395026207,,0.009338907897472382,,0.26890087127685547,,0.4973200559616089,,0.5523923635482788,,
,0.001,62,,,,,,,,,,,,,,,,,,
62,,62,,,,,,,,,0.009811981581151485,,0.0086800716817379,,0.2625676691532135,,0.4887855052947998,,0.5359466075897217,0.5065402388572693
62,,62,0.8686766624450684,1.0,1.0,0.923828125,0.85498046875,0.8660888671875,0.5065402388572693,0.009811981581151485,,0.0086800716817379,,0.2625676691532135,,0.4887855052947998,,0.5359466075897217,,
,0.001,63,,,,,,,,,,,,,,,,,,
63,,63,,,,,,,,,0.008920933119952679,,0.00802299939095974,,0.26048538088798523,,0.48123469948768616,,0.5213348269462585,0.4940454959869385
63,,63,0.8726173043251038,1.0,1.0,0.921875,0.86083984375,0.8699951171875,0.4940454959869385,0.008920933119952679,,0.00802299939095974,,0.26048538088798523,,0.48123469948768616,,0.5213348269462585,,
,0.001,64,,,,,,,,,,,,,,,,,,
64,,64,,,,,,,,,0.007939920760691166,,0.0071428678929805756,,0.25944042205810547,,0.4716678857803345,,0.5070388317108154,0.4814552366733551
64,,64,0.8732587695121765,1.0,1.0,0.921875,0.859375,0.8712158203125,0.4814552366733551,0.007939920760691166,,0.0071428678929805756,,0.25944042205810547,,0.4716678857803345,,0.5070388317108154,,
,0.001,65,,,,,,,,,,,,,,,,,,
65,,65,,,,,,,,,0.0075515760108828545,,0.006783562712371349,,0.2600635886192322,,0.4620296359062195,,0.4926850199699402,0.4688943028450012
65,,65,0.8784824013710022,1.0,1.0,0.921875,0.8603515625,0.8779296875,0.4688943028450012,0.0075515760108828545,,0.006783562712371349,,0.2600635886192322,,0.4620296359062195,,0.4926850199699402,,
,0.001,66,,,,,,,,,,,,,,,,,,
66,,66,,,,,,,,,0.006945514120161533,,0.0060381460934877396,,0.25841063261032104,,0.4522690773010254,,0.47779935598373413,0.4557991921901703
66,,66,0.8792155385017395,1.0,1.0,0.923828125,0.86669921875,0.877197265625,0.4557991921901703,0.006945514120161533,,0.0060381460934877396,,0.25841063261032104,,0.4522690773010254,,0.47779935598373413,,
,0.001,67,,,,,,,,,,,,,,,,,,
67,,67,,,,,,,,,0.006874007638543844,,0.005915194749832153,,0.25259822607040405,,0.4445038139820099,,0.46397560834884644,0.4436894655227661
67,,67,0.8816899061203003,1.0,1.0,0.923828125,0.869140625,0.8798828125,0.4436894655227661,0.006874007638543844,,0.005915194749832153,,0.25259822607040405,,0.4445038139820099,,0.46397560834884644,,
,0.001,68,,,,,,,,,,,,,,,,,,
68,,68,,,,,,,,,0.006444623693823814,,0.00551194604486227,,0.2495507299900055,,0.4372093677520752,,0.44968652725219727,0.4314441382884979
68,,68,0.8832477927207947,1.0,1.0,0.923828125,0.87158203125,0.88134765625,0.4314441382884979,0.006444623693823814,,0.00551194604486227,,0.2495507299900055,,0.4372093677520752,,0.44968652725219727,,
,0.001,69,,,,,,,,,,,,,,,,,,
69,,69,,,,,,,,,0.0063419281505048275,,0.005591945722699165,,0.24902582168579102,,0.43111926317214966,,0.43600350618362427,0.42000484466552734
69,,69,0.8837976455688477,1.0,1.0,0.921875,0.87109375,0.88232421875,0.42000484466552734,0.0063419281505048275,,0.005591945722699165,,0.24902582168579102,,0.43111926317214966,,0.43600350618362427,,
,0.001,70,,,,,,,,,,,,,,,,,,
70,,70,,,,,,,,,0.005682267714291811,,0.0051476843655109406,,0.24582840502262115,,0.42639172077178955,,0.42398276925086975,0.4099360406398773
70,,70,0.8840726017951965,1.0,1.0,0.923828125,0.87255859375,0.8822021484375,0.4099360406398773,0.005682267714291811,,0.0051476843655109406,,0.24582840502262115,,0.42639172077178955,,0.42398276925086975,,
,0.001,71,,,,,,,,,,,,,,,,,,
71,,71,,,,,,,,,0.005589095875620842,,0.005412985570728779,,0.2477158010005951,,0.42055800557136536,,0.4177689552307129,0.4042676091194153
71,,71,0.8874633312225342,1.0,1.0,0.921875,0.87744140625,0.8856201171875,0.4042676091194153,0.005589095875620842,,0.005412985570728779,,0.2477158010005951,,0.42055800557136536,,0.4177689552307129,,
,0.001,72,,,,,,,,,,,,,,,,,,
72,,72,,,,,,,,,0.004785513039678335,,0.004493198823183775,,0.25148969888687134,,0.42217743396759033,,0.42038026452064514,0.4066958725452423
72,,72,0.8827896118164062,1.0,1.0,0.923828125,0.87060546875,0.8809814453125,0.4066958725452423,0.004785513039678335,,0.004493198823183775,,0.25148969888687134,,0.42217743396759033,,0.42038026452064514,,
,0.001,73,,,,,,,,,,,,,,,,,,
73,,73,,,,,,,,,0.005218930076807737,,0.005275369621813297,,0.2587915062904358,,0.41967999935150146,,0.4165171980857849,0.40368008613586426
73,,73,0.8862720131874084,1.0,1.0,0.921875,0.87255859375,0.88525390625,0.40368008613586426,0.005218930076807737,,0.005275369621813297,,0.2587915062904358,,0.41967999935150146,,0.4165171980857849,,
,0.001,74,,,,,,,,,,,,,,,,,,
74,,74,,,,,,,,,0.004363539628684521,,0.004087310284376144,,0.24427327513694763,,0.4086863398551941,,0.37974727153778076,0.37331467866897583
74,,74,0.8914039731025696,1.0,1.0,0.923828125,0.87451171875,0.8914794921875,0.37331467866897583,0.004363539628684521,,0.004087310284376144,,0.24427327513694763,,0.4086863398551941,,0.37974727153778076,,
,0.001,75,,,,,,,,,,,,,,,,,,
75,,75,,,,,,,,,0.003899471601471305,,0.003639625385403633,,0.2547670006752014,,0.40673160552978516,,0.3817441165447235,0.3749327063560486
75,,75,0.8897544145584106,1.0,1.0,0.923828125,0.87646484375,0.8887939453125,0.3749327063560486,0.003899471601471305,,0.003639625385403633,,0.2547670006752014,,0.40673160552978516,,0.3817441165447235,,
,0.001,76,,,,,,,,,,,,,,,,,,
76,,76,,,,,,,,,0.004078998696058989,,0.004114823415875435,,0.23976081609725952,,0.4034804701805115,,0.36439359188079834,0.3605988919734955
76,,76,0.8959860801696777,1.0,1.0,0.921875,0.87255859375,0.898193359375,0.3605988919734955,0.004078998696058989,,0.004114823415875435,,0.23976081609725952,,0.4034804701805115,,0.36439359188079834,,
,0.001,77,,,,,,,,,,,,,,,,,,
77,,77,,,,,,,,,0.0038330908864736557,,0.0039848447777330875,,0.24254518747329712,,0.3980471193790436,,0.34824323654174805,0.34758293628692627
77,,77,0.8982771039009094,1.0,1.0,0.921875,0.87744140625,0.9000244140625,0.34758293628692627,0.0038330908864736557,,0.0039848447777330875,,0.24254518747329712,,0.3980471193790436,,0.34824323654174805,,
,0.001,78,,,,,,,,,,,,,,,,,,
78,,78,,,,,,,,,0.0033040239941328764,,0.003381093731150031,,0.23967620730400085,,0.3957855701446533,,0.3465857207775116,0.34577086567878723
78,,78,0.8964442610740662,1.0,1.0,0.923828125,0.8798828125,0.8968505859375,0.34577086567878723,0.0033040239941328764,,0.003381093731150031,,0.23967620730400085,,0.3957855701446533,,0.3465857207775116,,
,0.001,79,,,,,,,,,,,,,,,,,,
79,,79,,,,,,,,,0.0032891719602048397,,0.003542826510965824,,0.23705926537513733,,0.3890385329723358,,0.32203131914138794,0.32594984769821167
79,,79,0.9031341671943665,1.0,1.0,0.921875,0.8740234375,0.9073486328125,0.32594984769821167,0.0032891719602048397,,0.003542826510965824,,0.23705926537513733,,0.3890385329723358,,0.32203131914138794,,
,0.001,80,,,,,,,,,,,,,,,,,,
80,,80,,,,,,,,,0.0033244602382183075,,0.003771644551306963,,0.2398187220096588,,0.3874707818031311,,0.3227663040161133,0.32633963227272034
80,,80,0.9034090638160706,1.0,1.0,0.921875,0.87548828125,0.9073486328125,0.32633963227272034,0.0033244602382183075,,0.003771644551306963,,0.2398187220096588,,0.3874707818031311,,0.3227663040161133,,
,0.001,81,,,,,,,,,,,,,,,,,,
81,,81,,,,,,,,,0.0028506380040198565,,0.0030972780659794807,,0.23801136016845703,,0.3826727867126465,,0.3035863935947418,0.3109460175037384
81,,81,0.9055168628692627,1.0,1.0,0.923828125,0.87939453125,0.9090576171875,0.3109460175037384,0.0028506380040198565,,0.0030972780659794807,,0.23801136016845703,,0.3826727867126465,,0.3035863935947418,,
,0.001,82,,,,,,,,,,,,,,,,,,
82,,82,,,,,,,,,0.002697521820664406,,0.0030029593035578728,,0.23586583137512207,,0.378377765417099,,0.2908977270126343,0.30051189661026
82,,82,0.907349705696106,1.0,1.0,0.923828125,0.87890625,0.91162109375,0.30051189661026,0.002697521820664406,,0.0030029593035578728,,0.23586583137512207,,0.378377765417099,,0.2908977270126343,,
,0.001,83,,,,,,,,,,,,,,,,,,
83,,83,,,,,,,,,0.0028140253853052855,,0.0033769954461604357,,0.2380257248878479,,0.377034455537796,,0.28714901208877563,0.29755157232284546
83,,83,0.9099156856536865,1.0,1.0,0.921875,0.8798828125,0.9149169921875,0.29755157232284546,0.0028140253853052855,,0.0033769954461604357,,0.2380257248878479,,0.377034455537796,,0.28714901208877563,,
,0.001,84,,,,,,,,,,,,,,,,,,
84,,84,,,,,,,,,0.002467565471306443,,0.0028511695563793182,,0.2317751944065094,,0.3733537793159485,,0.26819920539855957,0.2823340594768524
84,,84,0.9134897589683533,1.0,1.0,0.923828125,0.8740234375,0.9210205078125,0.2823340594768524,0.002467565471306443,,0.0028511695563793182,,0.2317751944065094,,0.3733537793159485,,0.26819920539855957,,
,0.001,85,,,,,,,,,,,,,,,,,,
85,,85,,,,,,,,,0.0022345830220729113,,0.002483732532709837,,0.23597022891044617,,0.36786675453186035,,0.2593153119087219,0.27482664585113525
85,,85,0.9150476455688477,1.0,1.0,0.923828125,0.87890625,0.921875,0.27482664585113525,0.0022345830220729113,,0.002483732532709837,,0.23597022891044617,,0.36786675453186035,,0.2593153119087219,,
,0.001,86,,,,,,,,,,,,,,,,,,
86,,86,,,,,,,,,0.0022607501596212387,,0.0026067406870424747,,0.23055291175842285,,0.36130064725875854,,0.2515481114387512,0.2675105333328247
86,,86,0.9172470569610596,1.0,1.0,0.921875,0.88037109375,0.924560546875,0.2675105333328247,0.0022607501596212387,,0.0026067406870424747,,0.23055291175842285,,0.36130064725875854,,0.2515481114387512,,
,0.001,87,,,,,,,,,,,,,,,,,,
87,,87,,,,,,,,,0.0020113016944378614,,0.0023762122727930546,,0.22998002171516418,,0.3599138855934143,,0.2412639558315277,0.25949928164482117
87,,87,0.9188050031661987,1.0,1.0,0.921875,0.87353515625,0.9283447265625,0.25949928164482117,0.0020113016944378614,,0.0023762122727930546,,0.22998002171516418,,0.3599138855934143,,0.2412639558315277,,
,0.001,88,,,,,,,,,,,,,,,,,,
88,,88,,,,,,,,,0.0018465149914845824,,0.0021464102901518345,,0.22846674919128418,,0.3515321612358093,,0.2256486713886261,0.2461290955543518
88,,88,0.9218291640281677,1.0,1.0,0.921875,0.87744140625,0.931396484375,0.2461290955543518,0.0018465149914845824,,0.0021464102901518345,,0.22846674919128418,,0.3515321612358093,,0.2256486713886261,,
,0.001,89,,,,,,,,,,,,,,,,,,
89,,89,,,,,,,,,0.0017655988922342658,,0.002046276116743684,,0.22730711102485657,,0.3477492928504944,,0.21967408061027527,0.24087795615196228
89,,89,0.923662006855011,1.0,1.0,0.923828125,0.8798828125,0.93310546875,0.24087795615196228,0.0017655988922342658,,0.002046276116743684,,0.22730711102485657,,0.3477492928504944,,0.21967408061027527,,
,0.001,90,,,,,,,,,,,,,,,,,,
90,,90,,,,,,,,,0.0015674459282308817,,0.0018030982464551926,,0.23151317238807678,,0.34570181369781494,,0.21314866840839386,0.2357887476682663
90,,90,0.9241202473640442,1.0,1.0,0.923828125,0.8759765625,0.9346923828125,0.2357887476682663,0.0015674459282308817,,0.0018030982464551926,,0.23151317238807678,,0.34570181369781494,,0.21314866840839386,,
,0.001,91,,,,,,,,,,,,,,,,,,
91,,91,,,,,,,,,0.001553520211018622,,0.0018060028087347746,,0.22718600928783417,,0.33709952235221863,,0.20144617557525635,0.22518576681613922
91,,91,0.9277859330177307,1.0,1.0,0.921875,0.8837890625,0.937744140625,0.22518576681613922,0.001553520211018622,,0.0018060028087347746,,0.22718600928783417,,0.33709952235221863,,0.20144617557525635,,
,0.001,92,,,,,,,,,,,,,,,,,,
92,,92,,,,,,,,,0.0013224674621596932,,0.0014825720572844148,,0.2260313779115677,,0.3314715623855591,,0.19525326788425446,0.2194216102361679
92,,92,0.9276026487350464,1.0,1.0,0.923828125,0.880859375,0.9381103515625,0.2194216102361679,0.0013224674621596932,,0.0014825720572844148,,0.2260313779115677,,0.3314715623855591,,0.19525326788425446,,
,0.001,93,,,,,,,,,,,,,,,,,,
93,,93,,,,,,,,,0.0013543728273361921,,0.0015686940168961883,,0.22934482991695404,,0.322513222694397,,0.1814701408147812,0.20754942297935486
93,,93,0.933192789554596,1.0,1.0,0.921875,0.8876953125,0.9439697265625,0.20754942297935486,0.0013543728273361921,,0.0015686940168961883,,0.22934482991695404,,0.322513222694397,,0.1814701408147812,,
,0.001,94,,,,,,,,,,,,,,,,,,
94,,94,,,,,,,,,0.0012211493449285626,,0.0013880589976906776,,0.2249259054660797,,0.3172840178012848,,0.17343205213546753,0.2003236711025238
94,,94,0.9358504414558411,1.0,1.0,0.923828125,0.8896484375,0.9468994140625,0.2003236711025238,0.0012211493449285626,,0.0013880589976906776,,0.2249259054660797,,0.3172840178012848,,0.17343205213546753,,
,0.001,95,,,,,,,,,,,,,,,,,,
95,,95,,,,,,,,,0.0010895751183852553,,0.001219009980559349,,0.22727999091148376,,0.3105611801147461,,0.1651363968849182,0.19294215738773346
95,,95,0.9360337257385254,1.0,1.0,0.923828125,0.890625,0.9468994140625,0.19294215738773346,0.0010895751183852553,,0.001219009980559349,,0.22727999091148376,,0.3105611801147461,,0.1651363968849182,,
,0.001,96,,,,,,,,,,,,,,,,,,
96,,96,,,,,,,,,0.0010850501712411642,,0.0012805287260562181,,0.23701077699661255,,0.30841314792633057,,0.1569584608078003,0.18685685098171234
96,,96,0.9396077990531921,1.0,1.0,0.921875,0.89453125,0.9508056640625,0.18685685098171234,0.0010850501712411642,,0.0012805287260562181,,0.23701077699661255,,0.30841314792633057,,0.1569584608078003,,
,0.001,97,,,,,,,,,,,,,,,,,,
97,,97,,,,,,,,,0.000894146622158587,,0.0010175069328397512,,0.23394981026649475,,0.31699085235595703,,0.15682098269462585,0.18821626901626587
97,,97,0.9364919066429138,1.0,1.0,0.923828125,0.88671875,0.948486328125,0.18821626901626587,0.000894146622158587,,0.0010175069328397512,,0.23394981026649475,,0.31699085235595703,,0.15682098269462585,,
,0.001,98,,,,,,,,,,,,,,,,,,
98,,98,,,,,,,,,0.0009968079393729568,,0.001151165459305048,,0.22496430575847626,,0.3115452527999878,,0.18491539359092712,0.2078658789396286
98,,98,0.9280608296394348,1.0,1.0,0.921875,0.888671875,0.9368896484375,0.2078658789396286,0.0009968079393729568,,0.001151165459305048,,0.22496430575847626,,0.3115452527999878,,0.18491539359092712,,
,0.001,99,,,,,,,,,,,,,,,,,,
99,,99,,,,,,,,,0.0008005275158211589,,0.0008971446077339351,,0.22403094172477722,,0.29351353645324707,,0.1430606245994568,0.17301252484321594
99,,99,0.9396994113922119,1.0,1.0,0.923828125,0.892578125,0.9512939453125,0.17301252484321594,0.0008005275158211589,,0.0008971446077339351,,0.22403094172477722,,0.29351353645324707,,0.1430606245994568,,
,0.001,100,,,,,,,,,,,,,,,,,,
100,,100,,,,,,,,,0.0008033862104639411,,0.0009465262992307544,,0.22084200382232666,,0.2890291213989258,,0.14238828420639038,0.17151708900928497
100,,100,0.9407991170883179,1.0,1.0,0.923828125,0.89208984375,0.952880859375,0.17151708900928497,0.0008033862104639411,,0.0009465262992307544,,0.22084200382232666,,0.2890291213989258,,0.14238828420639038,,
,0.001,101,,,,,,,,,,,,,,,,,,
101,,101,,,,,,,,,0.0008673481643199921,,0.0010619189124554396,,0.24046003818511963,,0.29306918382644653,,0.14514699578285217,0.17526842653751373
101,,101,0.9387829899787903,1.0,1.0,0.890625,0.89208984375,0.9522705078125,0.17526842653751373,0.0008673481643199921,,0.0010619189124554396,,0.24046003818511963,,0.29306918382644653,,0.14514699578285217,,
,0.001,102,,,,,,,,,,,,,,,,,,
102,,102,,,,,,,,,0.0006460248259827495,,0.0007107214187271893,,0.26647377014160156,,0.304439902305603,,0.1288887858390808,0.16641275584697723
102,,102,0.9420821070671082,1.0,1.0,0.923828125,0.88623046875,0.9560546875,0.16641275584697723,0.0006460248259827495,,0.0007107214187271893,,0.26647377014160156,,0.304439902305603,,0.1288887858390808,,
,0.001,103,,,,,,,,,,,,,,,,,,
103,,103,,,,,,,,,0.0006372089846991003,,0.0006787668098695576,,0.25095444917678833,,0.289056658744812,,0.12294099479913712,0.15833179652690887
103,,103,0.9456561803817749,1.0,1.0,0.923828125,0.89404296875,0.9588623046875,0.15833179652690887,0.0006372089846991003,,0.0006787668098695576,,0.25095444917678833,,0.289056658744812,,0.12294099479913712,,
,0.001,104,,,,,,,,,,,,,,,,,,
104,,104,,,,,,,,,0.0007135705673135817,,0.0008080783300101757,,0.24940460920333862,,0.3050850033760071,,0.11702021956443787,0.15682415664196014
104,,104,0.9458394646644592,1.0,1.0,0.921875,0.8857421875,0.9613037109375,0.15682415664196014,0.0007135705673135817,,0.0008080783300101757,,0.24940460920333862,,0.3050850033760071,,0.11702021956443787,,
,0.001,105,,,,,,,,,,,,,,,,,,
105,,105,,,,,,,,,0.0006217215559445322,,0.0007431955309584737,,0.2379186749458313,,0.285877525806427,,0.1087857186794281,0.14649735391139984
105,,105,0.9479472041130066,1.0,1.0,0.921875,0.8876953125,0.963623046875,0.14649735391139984,0.0006217215559445322,,0.0007431955309584737,,0.2379186749458313,,0.285877525806427,,0.1087857186794281,,
,0.001,106,,,,,,,,,,,,,,,,,,
106,,106,,,,,,,,,0.0005793085438199341,,0.0006892373785376549,,0.22013208270072937,,0.29372262954711914,,0.10599949955940247,0.14504273235797882
106,,106,0.9473057389259338,1.0,1.0,0.923828125,0.8857421875,0.963134765625,0.14504273235797882,0.0005793085438199341,,0.0006892373785376549,,0.22013208270072937,,0.29372262954711914,,0.10599949955940247,,
,0.001,107,,,,,,,,,,,,,,,,,,
107,,107,,,,,,,,,0.0006469779182225466,,0.0007821000181138515,,0.22781427204608917,,0.2794528901576996,,0.09942291676998138,0.13778901100158691
107,,107,0.9522544145584106,1.0,1.0,0.923828125,0.896484375,0.967041015625,0.13778901100158691,0.0006469779182225466,,0.0007821000181138515,,0.22781427204608917,,0.2794528901576996,,0.09942291676998138,,
,0.001,108,,,,,,,,,,,,,,,,,,
108,,108,,,,,,,,,0.0006590101984329522,,0.0008002287358976901,,0.22421275079250336,,0.2781056761741638,,0.0940060168504715,0.13330078125
108,,108,0.9523460268974304,1.0,1.0,0.923828125,0.89208984375,0.96826171875,0.13330078125,0.0006590101984329522,,0.0008002287358976901,,0.22421275079250336,,0.2781056761741638,,0.0940060168504715,,
,0.001,109,,,,,,,,,,,,,,,,,,
109,,109,,,,,,,,,0.0005752577562816441,,0.0006493309047073126,,0.22145822644233704,,0.27246150374412537,,0.09053848683834076,0.12950702011585236
109,,109,0.9541788697242737,1.0,1.0,0.923828125,0.89453125,0.9700927734375,0.12950702011585236,0.0005752577562816441,,0.0006493309047073126,,0.22145822644233704,,0.27246150374412537,,0.09053848683834076,,
,0.001,110,,,,,,,,,,,,,,,,,,
110,,110,,,,,,,,,0.0005409446312114596,,0.0005942376446910203,,0.22338831424713135,,0.2681804895401001,,0.08394835889339447,0.12384592741727829
110,,110,0.954912006855011,1.0,1.0,0.921875,0.89501953125,0.9710693359375,0.12384592741727829,0.0005409446312114596,,0.0005942376446910203,,0.22338831424713135,,0.2681804895401001,,0.08394835889339447,,
,0.001,111,,,,,,,,,,,,,,,,,,
111,,111,,,,,,,,,0.0005455912905745208,,0.0006287494325079024,,0.223444402217865,,0.26605772972106934,,0.07901471853256226,0.11974672228097916
111,,111,0.9584860801696777,1.0,1.0,0.921875,0.89501953125,0.975830078125,0.11974672228097916,0.0005455912905745208,,0.0006287494325079024,,0.223444402217865,,0.26605772972106934,,0.07901471853256226,,
,0.001,112,,,,,,,,,,,,,,,,,,
112,,112,,,,,,,,,0.0005199749139137566,,0.0006309188320301473,,0.21862360835075378,,0.2634645104408264,,0.07553386688232422,0.11642058938741684
112,,112,0.959769070148468,1.0,1.0,0.921875,0.90087890625,0.97607421875,0.11642058938741684,0.0005199749139137566,,0.0006309188320301473,,0.21862360835075378,,0.2634645104408264,,0.07553386688232422,,
,0.001,113,,,,,,,,,,,,,,,,,,
113,,113,,,,,,,,,0.000476246903417632,,0.0005651625106111169,,0.21936684846878052,,0.2606350779533386,,0.0678008496761322,0.1101180911064148
113,,113,0.962243378162384,1.0,1.0,0.923828125,0.90087890625,0.979248046875,0.1101180911064148,0.000476246903417632,,0.0005651625106111169,,0.21936684846878052,,0.2606350779533386,,0.0678008496761322,,
,0.001,114,,,,,,,,,,,,,,,,,,
114,,114,,,,,,,,,0.000427274004323408,,0.00048385479021817446,,0.22168856859207153,,0.25799527764320374,,0.064379021525383,0.10716160386800766
114,,114,0.963892936706543,1.0,1.0,0.923828125,0.90283203125,0.98095703125,0.10716160386800766,0.000427274004323408,,0.00048385479021817446,,0.22168856859207153,,0.25799527764320374,,0.064379021525383,,
,0.001,115,,,,,,,,,,,,,,,,,,
115,,115,,,,,,,,,0.00038961926475167274,,0.00043783560977317393,,0.21541018784046173,,0.25423118472099304,,0.0593150369822979,0.10235820710659027
115,,115,0.9649010300636292,1.0,1.0,0.923828125,0.9052734375,0.981689453125,0.10235820710659027,0.00038961926475167274,,0.00043783560977317393,,0.21541018784046173,,0.25423118472099304,,0.0593150369822979,,
,0.001,116,,,,,,,,,,,,,,,,,,
116,,116,,,,,,,,,0.0003746046277228743,,0.00042708119144663215,,0.22017377614974976,,0.25292301177978516,,0.053928181529045105,0.09829194098711014
116,,116,0.96875,1.0,1.0,0.921875,0.9072265625,0.9864501953125,0.09829194098711014,0.0003746046277228743,,0.00042708119144663215,,0.22017377614974976,,0.25292301177978516,,0.053928181529045105,,
,0.001,117,,,,,,,,,,,,,,,,,,
117,,117,,,,,,,,,0.0003415954706724733,,0.0003908882208634168,,0.2159680724143982,,0.2478010505437851,,0.0500665158033371,0.0942336916923523
117,,117,0.9691165685653687,1.0,1.0,0.921875,0.90771484375,0.98681640625,0.0942336916923523,0.0003415954706724733,,0.0003908882208634168,,0.2159680724143982,,0.2478010505437851,,0.0500665158033371,,
,0.001,118,,,,,,,,,,,,,,,,,,
118,,118,,,,,,,,,0.000316212244797498,,0.00037366829928942025,,0.21480883657932281,,0.24554650485515594,,0.0450320690870285,0.08997635543346405
118,,118,0.9712243676185608,1.0,1.0,0.923828125,0.90576171875,0.989990234375,0.08997635543346405,0.000316212244797498,,0.00037366829928942025,,0.21480883657932281,,0.24554650485515594,,0.0450320690870285,,
,0.001,119,,,,,,,,,,,,,,,,,,
119,,119,,,,,,,,,0.0002885640424210578,,0.00034468265948817134,,0.2163364142179489,,0.24030731618404388,,0.04094017297029495,0.08599238097667694
119,,119,0.9724156856536865,1.0,1.0,0.923828125,0.90771484375,0.9910888671875,0.08599238097667694,0.0002885640424210578,,0.00034468265948817134,,0.2163364142179489,,0.24030731618404388,,0.04094017297029495,,
,0.001,120,,,,,,,,,,,,,,,,,,
120,,120,,,,,,,,,0.0002810560108628124,,0.0003318428935017437,,0.21654677391052246,,0.23660214245319366,,0.03742964565753937,0.08267121016979218
120,,120,0.9732404947280884,1.0,1.0,0.923828125,0.91162109375,0.9912109375,0.08267121016979218,0.0002810560108628124,,0.0003318428935017437,,0.21654677391052246,,0.23660214245319366,,0.03742964565753937,,
,0.001,121,,,,,,,,,,,,,,,,,,
121,,121,,,,,,,,,0.00025769727653823793,,0.0002943967701867223,,0.21568673849105835,,0.23539477586746216,,0.03425348177552223,0.08001929521560669
121,,121,0.974706768989563,1.0,1.0,0.923828125,0.9130859375,0.9927978515625,0.08001929521560669,0.00025769727653823793,,0.0002943967701867223,,0.21568673849105835,,0.23539477586746216,,0.03425348177552223,,
,0.001,122,,,,,,,,,,,,,,,,,,
122,,122,,,,,,,,,0.0002559096028562635,,0.0003032438107766211,,0.2193123996257782,,0.23723332583904266,,0.0337100476026535,0.08012660592794418
122,,122,0.9739736318588257,1.0,1.0,0.921875,0.9091796875,0.992919921875,0.08012660592794418,0.0002559096028562635,,0.0003032438107766211,,0.2193123996257782,,0.23723332583904266,,0.0337100476026535,,
,0.001,123,,,,,,,,,,,,,,,,,,
123,,123,,,,,,,,,0.00020525732543319464,,0.00023567525204271078,,0.21939454972743988,,0.24053487181663513,,0.04199439287185669,0.08696849644184113
123,,123,0.9702162742614746,1.0,1.0,0.923828125,0.9091796875,0.98779296875,0.08696849644184113,0.00020525732543319464,,0.00023567525204271078,,0.21939454972743988,,0.24053487181663513,,0.04199439287185669,,
,0.001,124,,,,,,,,,,,,,,,,,,
124,,124,,,,,,,,,0.0002348147245356813,,0.00028921058401465416,,0.23608902096748352,,0.23615147173404694,,0.08177944272756577,0.1167977973818779
124,,124,0.9587609767913818,1.0,1.0,0.890625,0.9072265625,0.97509765625,0.1167977973818779,0.0002348147245356813,,0.00028921058401465416,,0.23608902096748352,,0.23615147173404694,,0.08177944272756577,,
,0.001,125,,,,,,,,,,,,,,,,,,
125,,125,,,,,,,,,0.00020823694649152458,,0.00024672760628163815,,0.21556472778320312,,0.22090697288513184,,0.02986677922308445,0.07400050759315491
125,,125,0.9762646555900574,1.0,1.0,0.923828125,0.91845703125,0.9935302734375,0.07400050759315491,0.00020823694649152458,,0.00024672760628163815,,0.21556472778320312,,0.22090697288513184,,0.02986677922308445,,
,0.001,126,,,,,,,,,,,,,,,,,,
126,,126,,,,,,,,,0.00017188502533826977,,0.00019744824385270476,,0.2379910945892334,,0.2369498610496521,,0.06704982370138168,0.1059776172041893
126,,126,0.960318922996521,1.0,1.0,0.923828125,0.90283203125,0.9761962890625,0.1059776172041893,0.00017188502533826977,,0.00019744824385270476,,0.2379910945892334,,0.2369498610496521,,0.06704982370138168,,
,0.001,127,,,,,,,,,,,,,,,,,,
127,,127,,,,,,,,,0.00018857131362892687,,0.00023495857021771371,,0.21638837456703186,,0.21787115931510925,,0.02700994722545147,0.07132446765899658
127,,127,0.9747983813285828,1.0,1.0,0.921875,0.9140625,0.9927978515625,0.07132446765899658,0.00018857131362892687,,0.00023495857021771371,,0.21638837456703186,,0.21787115931510925,,0.02700994722545147,,
,0.001,128,,,,,,,,,,,,,,,,,,
128,,128,,,,,,,,,0.00022587609419133514,,0.00031676184153184295,,0.25828611850738525,,0.232458233833313,,0.03963017091155052,0.08550358563661575
128,,128,0.9705828428268433,1.0,1.0,0.890625,0.90966796875,0.990234375,0.08550358563661575,0.00022587609419133514,,0.00031676184153184295,,0.25828611850738525,,0.232458233833313,,0.03963017091155052,,
,0.001,129,,,,,,,,,,,,,,,,,,
129,,129,,,,,,,,,0.00018523407925385982,,0.0002161884622182697,,0.22966314852237701,,0.2133040577173233,,0.023491039872169495,0.06844817101955414
129,,129,0.9774560332298279,1.0,1.0,0.923828125,0.91845703125,0.9951171875,0.06844817101955414,0.00018523407925385982,,0.0002161884622182697,,0.22966314852237701,,0.2133040577173233,,0.023491039872169495,,
,0.001,130,,,,,,,,,,,,,,,,,,
130,,130,,,,,,,,,0.00016211149340961128,,0.00018508272478356957,,0.25232332944869995,,0.2205607146024704,,0.028708377853035927,0.07478975504636765
130,,130,0.9748900532722473,1.0,1.0,0.923828125,0.91552734375,0.992431640625,0.07478975504636765,0.00016211149340961128,,0.00018508272478356957,,0.25232332944869995,,0.2205607146024704,,0.028708377853035927,,
,0.001,131,,,,,,,,,,,,,,,,,,
131,,131,,,,,,,,,0.00017641419253777713,,0.00023430155124515295,,0.22082531452178955,,0.2054743766784668,,0.02017580345273018,0.06407532095909119
131,,131,0.9780058860778809,1.0,1.0,0.921875,0.91748046875,0.9962158203125,0.06407532095909119,0.00017641419253777713,,0.00023430155124515295,,0.22082531452178955,,0.2054743766784668,,0.02017580345273018,,
,0.001,132,,,,,,,,,,,,,,,,,,
132,,132,,,,,,,,,0.00020525732543319464,,0.0003299520176369697,,0.23843276500701904,,0.21354302763938904,,0.021546635776758194,0.06744616478681564
132,,132,0.9769977927207947,1.0,1.0,0.921875,0.916015625,0.9952392578125,0.06744616478681564,0.00020525732543319464,,0.0003299520176369697,,0.23843276500701904,,0.21354302763938904,,0.021546635776758194,,
,0.001,133,,,,,,,,,,,,,,,,,,
133,,133,,,,,,,,,0.00020180096908006817,,0.0003047524078283459,,0.21688205003738403,,0.20100662112236023,,0.01848842017352581,0.061785902827978134
133,,133,0.9788306355476379,1.0,1.0,0.921875,0.92041015625,0.99658203125,0.061785902827978134,0.00020180096908006817,,0.0003047524078283459,,0.21688205003738403,,0.20100662112236023,,0.01848842017352581,,
,0.001,134,,,,,,,,,,,,,,,,,,
134,,134,,,,,,,,,0.0001823735801735893,,0.00025196632486768067,,0.22193199396133423,,0.2001648247241974,,0.016461655497550964,0.06034262478351593
134,,134,0.9794721603393555,1.0,1.0,0.923828125,0.92333984375,0.99658203125,0.06034262478351593,0.0001823735801735893,,0.00025196632486768067,,0.22193199396133423,,0.2001648247241974,,0.016461655497550964,,
,0.001,135,,,,,,,,,,,,,,,,,,
135,,135,,,,,,,,,0.00018046658078674227,,0.00025878800079226494,,0.22029685974121094,,0.19836802780628204,,0.015210885554552078,0.0589897520840168
135,,135,0.9800220131874084,1.0,1.0,0.923828125,0.9248046875,0.9969482421875,0.0589897520840168,0.00018046658078674227,,0.00025878800079226494,,0.22029685974121094,,0.19836802780628204,,0.015210885554552078,,
,0.001,136,,,,,,,,,,,,,,,,,,
136,,136,,,,,,,,,0.00019643761334009469,,0.00032163981813937426,,0.21503478288650513,,0.19163691997528076,,0.013969184830784798,0.05654813349246979
136,,136,0.9799303412437439,1.0,1.0,0.923828125,0.92431640625,0.9969482421875,0.05654813349246979,0.00019643761334009469,,0.00032163981813937426,,0.21503478288650513,,0.19163691997528076,,0.013969184830784798,,
,0.001,137,,,,,,,,,,,,,,,,,,
137,,137,,,,,,,,,0.00020716428116429597,,0.0003857606207020581,,0.2208738923072815,,0.19056454300880432,,0.012784898281097412,0.05573254078626633
137,,137,0.9789223074913025,1.0,1.0,0.921875,0.91796875,0.997314453125,0.05573254078626633,0.00020716428116429597,,0.0003857606207020581,,0.2208738923072815,,0.19056454300880432,,0.012784898281097412,,
,0.001,138,,,,,,,,,,,,,,,,,,
138,,138,,,,,,,,,0.0001941730733960867,,0.0003691103192977607,,0.2131272852420807,,0.18536926805973053,,0.01165550947189331,0.05354589968919754
138,,138,0.9803885817527771,1.0,1.0,0.923828125,0.9248046875,0.9974365234375,0.05354589968919754,0.0001941730733960867,,0.0003691103192977607,,0.2131272852420807,,0.18536926805973053,,0.01165550947189331,,
,0.001,139,,,,,,,,,,,,,,,,,,
139,,139,,,,,,,,,0.00018261195509694517,,0.00033840304240584373,,0.21792295575141907,,0.1817842572927475,,0.010614737868309021,0.0523163303732872
139,,139,0.9808467626571655,1.0,1.0,0.923828125,0.92578125,0.997802734375,0.0523163303732872,0.00018261195509694517,,0.00033840304240584373,,0.21792295575141907,,0.1817842572927475,,0.010614737868309021,,
,0.001,140,,,,,,,,,,,,,,,,,,
140,,140,,,,,,,,,0.00018630675913300365,,0.00035490133450366557,,0.21606263518333435,,0.1793062686920166,,0.010092422366142273,0.05137205123901367
140,,140,0.9813050031661987,1.0,1.0,0.923828125,0.927734375,0.9979248046875,0.05137205123901367,0.00018630675913300365,,0.00035490133450366557,,0.21606263518333435,,0.1793062686920166,,0.010092422366142273,,
,0.001,141,,,,,,,,,,,,,,,,,,
141,,141,,,,,,,,,0.0001934579631779343,,0.00040058232843875885,,0.21419747173786163,,0.17445993423461914,,0.009307686239480972,0.04978638514876366
141,,141,0.9813966155052185,1.0,1.0,0.921875,0.9287109375,0.9979248046875,0.04978638514876366,0.0001934579631779343,,0.00040058232843875885,,0.21419747173786163,,0.17445993423461914,,0.009307686239480972,,
,0.001,142,,,,,,,,,,,,,,,,,,
142,,142,,,,,,,,,0.00018892886873800308,,0.0004058226477354765,,0.21452224254608154,,0.17125314474105835,,0.008512873202562332,0.0486031249165535
142,,142,0.9818548560142517,1.0,1.0,0.921875,0.93017578125,0.9981689453125,0.0486031249165535,0.00018892886873800308,,0.0004058226477354765,,0.21452224254608154,,0.17125314474105835,,0.008512873202562332,,
,0.001,143,,,,,,,,,,,,,,,,,,
143,,143,,,,,,,,,0.00017772526189219207,,0.0003642509982455522,,0.21317780017852783,,0.16903598606586456,,0.00806184858083725,0.047784797847270966
143,,143,0.9817631840705872,1.0,1.0,0.923828125,0.9296875,0.998046875,0.047784797847270966,0.00017772526189219207,,0.0003642509982455522,,0.21317780017852783,,0.16903598606586456,,0.00806184858083725,,
,0.001,144,,,,,,,,,,,,,,,,,,
144,,144,,,,,,,,,0.0001677133986959234,,0.00032204913441091776,,0.21436549723148346,,0.16437610983848572,,0.007563469931483269,0.046591270714998245
144,,144,0.9818548560142517,1.0,1.0,0.923828125,0.93115234375,0.997802734375,0.046591270714998245,0.0001677133986959234,,0.00032204913441091776,,0.21436549723148346,,0.16437610983848572,,0.007563469931483269,,
,0.001,145,,,,,,,,,,,,,,,,,,
145,,145,,,,,,,,,0.00016056202002801,,0.000299650157103315,,0.21354836225509644,,0.16259974241256714,,0.006996785290539265,0.045793820172548294
145,,145,0.9822214245796204,1.0,1.0,0.923828125,0.93212890625,0.998046875,0.045793820172548294,0.00016056202002801,,0.000299650157103315,,0.21354836225509644,,0.16259974241256714,,0.006996785290539265,,
,0.001,146,,,,,,,,,,,,,,,,,,
146,,146,,,,,,,,,0.00015817821258679032,,0.00029875533073209226,,0.21257002651691437,,0.15973465144634247,,0.006644780747592449,0.044945910573005676
146,,146,0.9826796054840088,1.0,1.0,0.923828125,0.93359375,0.998291015625,0.044945910573005676,0.00015817821258679032,,0.00029875533073209226,,0.21257002651691437,,0.15973465144634247,,0.006644780747592449,,
,0.001,147,,,,,,,,,,,,,,,,,,
147,,147,,,,,,,,,0.00015436411194968969,,0.0002937502576969564,,0.21338003873825073,,0.15637345612049103,,0.006326029077172279,0.044113706797361374
147,,147,0.9826796054840088,1.0,1.0,0.921875,0.93408203125,0.998291015625,0.044113706797361374,0.00015436411194968969,,0.0002937502576969564,,0.21338003873825073,,0.15637345612049103,,0.006326029077172279,,
,0.001,148,,,,,,,,,,,,,,,,,,
148,,148,,,,,,,,,0.00014602071314584464,,0.0002689375542104244,,0.21212269365787506,,0.15421266853809357,,0.005978838074952364,0.04338820278644562
148,,148,0.9828628897666931,1.0,1.0,0.921875,0.93408203125,0.99853515625,0.04338820278644562,0.00014602071314584464,,0.0002689375542104244,,0.21212269365787506,,0.15421266853809357,,0.005978838074952364,,
,0.001,149,,,,,,,,,,,,,,,,,,
149,,149,,,,,,,,,0.00013863079948350787,,0.0002463580167386681,,0.21302151679992676,,0.1511310487985611,,0.005544146988540888,0.042525388300418854
149,,149,0.983687698841095,1.0,1.0,0.923828125,0.9365234375,0.9989013671875,0.042525388300418854,0.00013863079948350787,,0.0002463580167386681,,0.21302151679992676,,0.1511310487985611,,0.005544146988540888,,
,0.001,150,,,,,,,,,,,,,,,,,,
150,,150,,,,,,,,,0.00013541258522309363,,0.0002404596598353237,,0.21213014423847198,,0.14958147704601288,,0.005154361482709646,0.04190003126859665
150,,150,0.9838709831237793,1.0,1.0,0.923828125,0.93701171875,0.9990234375,0.04190003126859665,0.00013541258522309363,,0.0002404596598353237,,0.21213014423847198,,0.14958147704601288,,0.005154361482709646,,
,0.001,151,,,,,,,,,,,,,,,,,,
151,,151,,,,,,,,,0.00013100242358632386,,0.0002352462033741176,,0.21198001503944397,,0.14759908616542816,,0.004968869965523481,0.0413815975189209
151,,151,0.983687698841095,1.0,1.0,0.923828125,0.9375,0.9986572265625,0.0413815975189209,0.00013100242358632386,,0.0002352462033741176,,0.21198001503944397,,0.14759908616542816,,0.004968869965523481,,
,0.001,152,,,,,,,,,,,,,,,,,,
152,,152,,,,,,,,,0.00012408917245920748,,0.0002152565139112994,,0.21177658438682556,,0.14588996767997742,,0.004560441710054874,0.04074440151453018
152,,152,0.9838709831237793,1.0,1.0,0.923828125,0.9365234375,0.9991455078125,0.04074440151453018,0.00012408917245920748,,0.0002152565139112994,,0.21177658438682556,,0.14588996767997742,,0.004560441710054874,,
,0.001,153,,,,,,,,,,,,,,,,,,
153,,153,,,,,,,,,0.00011562632425921038,,0.00018820521654561162,,0.211631178855896,,0.14469659328460693,,0.004213932901620865,0.04025312885642052
153,,153,0.9840542674064636,1.0,1.0,0.923828125,0.93701171875,0.999267578125,0.04025312885642052,0.00011562632425921038,,0.00018820521654561162,,0.211631178855896,,0.14469659328460693,,0.004213932901620865,,
,0.001,154,,,,,,,,,,,,,,,,,,
154,,154,,,,,,,,,0.0001081169830285944,,0.0001708057097857818,,0.2117128074169159,,0.14390793442726135,,0.003958007320761681,0.03991657868027687
154,,154,0.9840542674064636,1.0,1.0,0.923828125,0.9375,0.9991455078125,0.03991657868027687,0.0001081169830285944,,0.0001708057097857818,,0.2117128074169159,,0.14390793442726135,,0.003958007320761681,,
,0.001,155,,,,,,,,,,,,,,,,,,
155,,155,,,,,,,,,0.00010489867418073118,,0.00016517452604603022,,0.2114115059375763,,0.14249441027641296,,0.0036974826361984015,0.039441484957933426
155,,155,0.9838709831237793,1.0,1.0,0.921875,0.93701171875,0.9991455078125,0.039441484957933426,0.00010489867418073118,,0.00016517452604603022,,0.2114115059375763,,0.14249441027641296,,0.0036974826361984015,,
,0.001,156,,,,,,,,,,,,,,,,,,
156,,156,,,,,,,,,0.00010287232726113871,,0.0001603179407538846,,0.21166104078292847,,0.14222270250320435,,0.00344372121617198,0.03921163082122803
156,,156,0.9838709831237793,1.0,1.0,0.921875,0.93603515625,0.9993896484375,0.03921163082122803,0.00010287232726113871,,0.0001603179407538846,,0.21166104078292847,,0.14222270250320435,,0.00344372121617198,,
,0.001,157,,,,,,,,,,,,,,,,,,
157,,157,,,,,,,,,9.63164638960734e-05,,0.000146135498653166,,0.21130523085594177,,0.14125779271125793,,0.0032504876144230366,0.03886858746409416
157,,157,0.9840542674064636,1.0,1.0,0.923828125,0.9375,0.9991455078125,0.03886858746409416,9.63164638960734e-05,,0.000146135498653166,,0.21130523085594177,,0.14125779271125793,,0.0032504876144230366,,
,0.001,158,,,,,,,,,,,,,,,,,,
158,,158,,,,,,,,,9.357491217087954e-05,,0.00014145746536087245,,0.21134239435195923,,0.14137521386146545,,0.003117765998467803,0.03879266604781151
158,,158,0.9840542674064636,1.0,1.0,0.923828125,0.93701171875,0.999267578125,0.03879266604781151,9.357491217087954e-05,,0.00014145746536087245,,0.21134239435195923,,0.14137521386146545,,0.003117765998467803,,
,0.001,159,,,,,,,,,,,,,,,,,,
159,,159,,,,,,,,,8.880697714630514e-05,,0.00013266764290165156,,0.21109846234321594,,0.14270108938217163,,0.002972777932882309,0.03892110288143158
159,,159,0.9838709831237793,1.0,1.0,0.923828125,0.93603515625,0.999267578125,0.03892110288143158,8.880697714630514e-05,,0.00013266764290165156,,0.21109846234321594,,0.14270108938217163,,0.002972777932882309,,
,0.001,160,,,,,,,,,,,,,,,,,,
160,,160,,,,,,,,,8.916457591112703e-05,,0.00013305485481396317,,0.2126235067844391,,0.14995208382606506,,0.0028593125753104687,0.04026837274432182
160,,160,0.9832294583320618,1.0,1.0,0.921875,0.93310546875,0.999267578125,0.04026837274432182,8.916457591112703e-05,,0.00013305485481396317,,0.2126235067844391,,0.14995208382606506,,0.0028593125753104687,,
,0.001,161,,,,,,,,,,,,,,,,,,
161,,161,,,,,,,,,7.760223525110632e-05,,0.00010954533354379237,,0.21298900246620178,,0.16220420598983765,,0.0027467343024909496,0.04250021278858185
161,,161,0.9837793111801147,1.0,1.0,0.923828125,0.935546875,0.999267578125,0.04250021278858185,7.760223525110632e-05,,0.00010954533354379237,,0.21298900246620178,,0.16220420598983765,,0.0027467343024909496,,
,0.001,162,,,,,,,,,,,,,,,,,,
162,,162,,,,,,,,,8.05822346592322e-05,,0.00011797774641308933,,0.21135643124580383,,0.15092410147190094,,0.00266465381719172,0.04024501517415047
162,,162,0.9837793111801147,1.0,1.0,0.921875,0.9345703125,0.9996337890625,0.04024501517415047,8.05822346592322e-05,,0.00011797774641308933,,0.21135643124580383,,0.15092410147190094,,0.00266465381719172,,
,0.001,163,,,,,,,,,,,,,,,,,,
163,,163,,,,,,,,,8.535020606359467e-05,,0.00012334107304923236,,0.2121225744485855,,0.16125471889972687,,0.0026093649212270975,0.04217841476202011
163,,163,0.9827712774276733,1.0,1.0,0.921875,0.93017578125,0.9993896484375,0.04217841476202011,8.535020606359467e-05,,0.00012334107304923236,,0.2121225744485855,,0.16125471889972687,,0.0026093649212270975,,
,0.001,164,,,,,,,,,,,,,,,,,,
164,,164,,,,,,,,,7.319182623177767e-05,,9.3692826339975e-05,,0.21858537197113037,,0.15477818250656128,,0.0026673106476664543,0.041309237480163574
164,,164,0.9835960268974304,1.0,1.0,0.923828125,0.9345703125,0.999267578125,0.041309237480163574,7.319182623177767e-05,,9.3692826339975e-05,,0.21858537197113037,,0.15477818250656128,,0.0026673106476664543,,
,0.001,165,,,,,,,,,,,,,,,,,,
165,,165,,,,,,,,,7.998623186722398e-05,,0.00010254279186483473,,0.21178165078163147,,0.15182773768901825,,0.002580613363534212,0.04037128761410713
165,,165,0.983687698841095,1.0,1.0,0.921875,0.9365234375,0.9990234375,0.04037128761410713,7.998623186722398e-05,,0.00010254279186483473,,0.21178165078163147,,0.15182773768901825,,0.002580613363534212,,
,0.001,166,,,,,,,,,,,,,,,,,,
166,,166,,,,,,,,,8.570780482841656e-05,,0.00011222685861866921,,0.21908532083034515,,0.14823034405708313,,0.002373679541051388,0.03988358750939369
166,,166,0.9828628897666931,1.0,1.0,0.921875,0.93212890625,0.9990234375,0.03988358750939369,8.570780482841656e-05,,0.00011222685861866921,,0.21908532083034515,,0.14823034405708313,,0.002373679541051388,,
,0.001,167,,,,,,,,,,,,,,,,,,
167,,167,,,,,,,,,8.070142939686775e-05,,0.00010027810640167445,,0.21408605575561523,,0.14852933585643768,,0.0024879067204892635,0.03979073092341423
167,,167,0.983137845993042,1.0,1.0,0.923828125,0.931640625,0.9993896484375,0.03979073092341423,8.070142939686775e-05,,0.00010027810640167445,,0.21408605575561523,,0.14852933585643768,,0.0024879067204892635,,
,0.001,168,,,,,,,,,,,,,,,,,,
168,,168,,,,,,,,,8.237022848334163e-05,,0.00010406244109617546,,0.21674033999443054,,0.1447080820798874,,0.0021769385784864426,0.03896468132734299
168,,168,0.983687698841095,1.0,1.0,0.923828125,0.9345703125,0.9993896484375,0.03896468132734299,8.237022848334163e-05,,0.00010406244109617546,,0.21674033999443054,,0.1447080820798874,,0.0021769385784864426,,
,0.001,169,,,,,,,,,,,,,,,,,,
169,,169,,,,,,,,,8.797258487902582e-05,,0.00012363900896161795,,0.21327942609786987,,0.1456693857908249,,0.0024676374159753323,0.039201200008392334
169,,169,0.9837793111801147,1.0,1.0,0.921875,0.93701171875,0.9990234375,0.039201200008392334,8.797258487902582e-05,,0.00012363900896161795,,0.21327942609786987,,0.1456693857908249,,0.0024676374159753323,,
,0.001,170,,,,,,,,,,,,,,,,,,
170,,170,,,,,,,,,8.594620157964528e-05,,0.0001209275214932859,,0.2141973078250885,,0.14425840973854065,,0.001903541386127472,0.03855592757463455
170,,170,0.9841458797454834,1.0,1.0,0.921875,0.9365234375,0.9996337890625,0.03855592757463455,8.594620157964528e-05,,0.0001209275214932859,,0.2141973078250885,,0.14425840973854065,,0.001903541386127472,,
,0.001,171,,,,,,,,,,,,,,,,,,
171,,171,,,,,,,,,8.189342770492658e-05,,0.00010841280163731426,,0.2126985788345337,,0.14357177913188934,,0.002060746541246772,0.03847459703683853
171,,171,0.9839625954627991,1.0,1.0,0.923828125,0.93603515625,0.9993896484375,0.03847459703683853,8.189342770492658e-05,,0.00010841280163731426,,0.2126985788345337,,0.14357177913188934,,0.002060746541246772,,
,0.001,172,,,,,,,,,,,,,,,,,,
172,,172,,,,,,,,,8.618460560683161e-05,,0.00011276311124674976,,0.21304631233215332,,0.14257536828517914,,0.0015462007140740752,0.03791768103837967
172,,172,0.9844208359718323,1.0,1.0,0.923828125,0.9365234375,0.9998779296875,0.03791768103837967,8.618460560683161e-05,,0.00011276311124674976,,0.21304631233215332,,0.14257536828517914,,0.0015462007140740752,,
,0.001,173,,,,,,,,,,,,,,,,,,
173,,173,,,,,,,,,8.976056415122002e-05,,0.00012471141235437244,,0.21202698349952698,,0.14149795472621918,,0.0015356829389929771,0.0376598984003067
173,,173,0.9839625954627991,1.0,1.0,0.923828125,0.93505859375,0.9996337890625,0.0376598984003067,8.976056415122002e-05,,0.00012471141235437244,,0.21202698349952698,,0.14149795472621918,,0.0015356829389929771,,
,0.001,174,,,,,,,,,,,,,,,,,,
174,,174,,,,,,,,,8.487341256113723e-05,,0.00011860318045364693,,0.21159040927886963,,0.14234402775764465,,0.0014015099732205272,0.03769738972187042
174,,174,0.9838709831237793,1.0,1.0,0.921875,0.93505859375,0.9996337890625,0.03769738972187042,8.487341256113723e-05,,0.00011860318045364693,,0.21159040927886963,,0.14234402775764465,,0.0014015099732205272,,
,0.001,175,,,,,,,,,,,,,,,,,,
175,,175,,,,,,,,,8.093983342405409e-05,,0.0001068632845999673,,0.21145008504390717,,0.14184077084064484,,0.0011584836756810546,0.03741375729441643
175,,175,0.9846041202545166,1.0,1.0,0.923828125,0.9375,0.9998779296875,0.03741375729441643,8.093983342405409e-05,,0.0001068632845999673,,0.21145008504390717,,0.14184077084064484,,0.0011584836756810546,,
,0.001,176,,,,,,,,,,,,,,,,,,
176,,176,,,,,,,,,8.356221951544285e-05,,0.00010778699652291834,,0.21137642860412598,,0.1415770947933197,,0.0011533827055245638,0.03735700249671936
176,,176,0.9846957325935364,1.0,1.0,0.923828125,0.9375,1.0,0.03735700249671936,8.356221951544285e-05,,0.00010778699652291834,,0.21137642860412598,,0.1415770947933197,,0.0011533827055245638,,
,0.001,177,,,,,,,,,,,,,,,,,,
177,,177,,,,,,,,,8.415821503149346e-05,,0.00011362707300577313,,0.21098445355892181,,0.14037413895130157,,0.0009635101887397468,0.036970362067222595
177,,177,0.9846041202545166,1.0,1.0,0.923828125,0.93701171875,1.0,0.036970362067222595,8.415821503149346e-05,,0.00011362707300577313,,0.21098445355892181,,0.14037413895130157,,0.0009635101887397468,,
,0.001,178,,,,,,,,,,,,,,,,,,
178,,178,,,,,,,,,7.939023635117337e-05,,0.00010960440704366192,,0.2114361822605133,,0.14043286442756653,,0.0008739823242649436,0.03693530708551407
178,,178,0.9841458797454834,1.0,1.0,0.923828125,0.9345703125,1.0,0.03693530708551407,7.939023635117337e-05,,0.00010960440704366192,,0.2114361822605133,,0.14043286442756653,,0.0008739823242649436,,
,0.001,179,,,,,,,,,,,,,,,,,,
179,,179,,,,,,,,,7.712543447269127e-05,,0.00010358542203903198,,0.21082213521003723,,0.1397872120141983,,0.0008427405264228582,0.03676178306341171
179,,179,0.9846957325935364,1.0,1.0,0.923828125,0.9375,1.0,0.03676178306341171,7.712543447269127e-05,,0.00010358542203903198,,0.21082213521003723,,0.1397872120141983,,0.0008427405264228582,,
,0.001,180,,,,,,,,,,,,,,,,,,
180,,180,,,,,,,,,7.915183232398704e-05,,0.00010307892807759345,,0.2110278606414795,,0.13992208242416382,,0.0007712694932706654,0.03674309328198433
180,,180,0.9846041202545166,1.0,1.0,0.921875,0.9375,1.0,0.03674309328198433,7.915183232398704e-05,,0.00010307892807759345,,0.2110278606414795,,0.13992208242416382,,0.0007712694932706654,,
,0.001,181,,,,,,,,,,,,,,,,,,
181,,181,,,,,,,,,7.724463648628443e-05,,9.965215576812625e-05,,0.21061581373214722,,0.1398169845342636,,0.00072834687307477,0.03667176887392998
181,,181,0.9846957325935364,1.0,1.0,0.923828125,0.9375,1.0,0.03667176887392998,7.724463648628443e-05,,9.965215576812625e-05,,0.21061581373214722,,0.1398169845342636,,0.00072834687307477,,
,0.001,182,,,,,,,,,,,,,,,,,,
182,,182,,,,,,,,,7.235741941258311e-05,,9.339452662970871e-05,,0.2110038697719574,,0.13956451416015625,,0.0006864212336950004,0.036611028015613556
182,,182,0.984512448310852,1.0,1.0,0.923828125,0.9365234375,1.0,0.036611028015613556,7.235741941258311e-05,,9.339452662970871e-05,,0.2110038697719574,,0.13956451416015625,,0.0006864212336950004,,
,0.001,183,,,,,,,,,,,,,,,,,,
183,,183,,,,,,,,,7.10462118149735e-05,,9.03551044757478e-05,,0.21059323847293854,,0.1389501690864563,,0.000649969675578177,0.03644905611872673
183,,183,0.9846957325935364,1.0,1.0,0.923828125,0.9375,1.0,0.03644905611872673,7.10462118149735e-05,,9.03551044757478e-05,,0.21059323847293854,,0.1389501690864563,,0.000649969675578177,,
,0.001,184,,,,,,,,,,,,,,,,,,
184,,184,,,,,,,,,6.878139538457617e-05,,8.525960583938286e-05,,0.2107294499874115,,0.13880306482315063,,0.0006139599718153477,0.03640073537826538
184,,184,0.9846041202545166,1.0,1.0,0.921875,0.9375,1.0,0.03640073537826538,6.878139538457617e-05,,8.525960583938286e-05,,0.2107294499874115,,0.13880306482315063,,0.0006139599718153477,,
,0.001,185,,,,,,,,,,,,,,,,,,
185,,185,,,,,,,,,6.41325386823155e-05,,7.801850733812898e-05,,0.21058520674705505,,0.13876163959503174,,0.0005803883541375399,0.03636089339852333
185,,185,0.9846957325935364,1.0,1.0,0.923828125,0.9375,1.0,0.03636089339852333,6.41325386823155e-05,,7.801850733812898e-05,,0.21058520674705505,,0.13876163959503174,,0.0005803883541375399,,
,0.001,186,,,,,,,,,,,,,,,,,,
186,,186,,,,,,,,,6.19869097135961e-05,,7.631993503309786e-05,,0.21054506301879883,,0.13879311084747314,,0.0005501258419826627,0.03634216636419296
186,,186,0.9846957325935364,1.0,1.0,0.923828125,0.9375,1.0,0.03634216636419296,6.19869097135961e-05,,7.631993503309786e-05,,0.21054506301879883,,0.13879311084747314,,0.0005501258419826627,,
,0.001,187,,,,,,,,,,,,,,,,,,
187,,187,,,,,,,,,6.139089964563027e-05,,7.649869075976312e-05,,0.2105584591627121,,0.13835470378398895,,0.0005192620446905494,0.03623734414577484
187,,187,0.9846957325935364,1.0,1.0,0.923828125,0.9375,1.0,0.03623734414577484,6.139089964563027e-05,,7.649869075976312e-05,,0.2105584591627121,,0.13835470378398895,,0.0005192620446905494,,
,0.001,188,,,,,,,,,,,,,,,,,,
188,,188,,,,,,,,,5.817244164063595e-05,,7.226721209008247e-05,,0.2106190025806427,,0.13835278153419495,,0.0004929651622660458,0.03622002154588699
188,,188,0.9846957325935364,1.0,1.0,0.923828125,0.9375,1.0,0.03622002154588699,5.817244164063595e-05,,7.226721209008247e-05,,0.2106190025806427,,0.13835278153419495,,0.0004929651622660458,,
,0.001,189,,,,,,,,,,,,,,,,,,
189,,189,,,,,,,,,5.686121585313231e-05,,7.021104102022946e-05,,0.2104322612285614,,0.13808061182498932,,0.0004700060235336423,0.03614291548728943
189,,189,0.9846041202545166,1.0,1.0,0.921875,0.9375,1.0,0.03614291548728943,5.686121585313231e-05,,7.021104102022946e-05,,0.2104322612285614,,0.13808061182498932,,0.0004700060235336423,,
,0.001,190,,,,,,,,,,,,,,,,,,
190,,190,,,,,,,,,5.638440416078083e-05,,6.863169255666435e-05,,0.21046163141727448,,0.1380878984928131,,0.00044761551544070244,0.03612883388996124
190,,190,0.9846957325935364,1.0,1.0,0.923828125,0.9375,1.0,0.03612883388996124,5.638440416078083e-05,,6.863169255666435e-05,,0.21046163141727448,,0.1380878984928131,,0.00044761551544070244,,
,0.001,191,,,,,,,,,,,,,,,,,,
191,,191,,,,,,,,,5.4596363042946905e-05,,6.383398431353271e-05,,0.21095913648605347,,0.1378868818283081,,0.0004257223044987768,0.03609795123338699
191,,191,0.9846957325935364,1.0,1.0,0.923828125,0.9375,1.0,0.03609795123338699,5.4596363042946905e-05,,6.383398431353271e-05,,0.21095913648605347,,0.1378868818283081,,0.0004257223044987768,,
,0.001,192,,,,,,,,,,,,,,,,,,
192,,192,,,,,,,,,5.376194530981593e-05,,6.338696402963251e-05,,0.21033479273319244,,0.13787558674812317,,0.00040645315311849117,0.03605205938220024
192,,192,0.9846957325935364,1.0,1.0,0.923828125,0.9375,1.0,0.03605205938220024,5.376194530981593e-05,,6.338696402963251e-05,,0.21033479273319244,,0.13787558674812317,,0.00040645315311849117,,
,0.001,193,,,,,,,,,,,,,,,,,,
193,,193,,,,,,,,,5.066266385256313e-05,,5.885740392841399e-05,,0.21066665649414062,,0.13767141103744507,,0.00038768467493355274,0.036015160381793976
193,,193,0.9846041202545166,1.0,1.0,0.921875,0.9375,1.0,0.036015160381793976,5.066266385256313e-05,,5.885740392841399e-05,,0.21066665649414062,,0.13767141103744507,,0.00038768467493355274,,
,0.001,194,,,,,,,,,,,,,,,,,,
194,,194,,,,,,,,,4.935142715112306e-05,,5.474501085700467e-05,,0.21049657464027405,,0.13763228058815002,,0.0003713856858666986,0.035987548530101776
194,,194,0.9846957325935364,1.0,1.0,0.923828125,0.9375,1.0,0.035987548530101776,4.935142715112306e-05,,5.474501085700467e-05,,0.21049657464027405,,0.13763228058815002,,0.0003713856858666986,,
,0.001,195,,,,,,,,,,,,,,,,,,
195,,195,,,,,,,,,4.9828242481453344e-05,,5.6145603593904525e-05,,0.2108321487903595,,0.137480229139328,,0.0003587211249396205,0.03596526384353638
195,,195,0.9846957325935364,1.0,1.0,0.923828125,0.9375,1.0,0.03596526384353638,4.9828242481453344e-05,,5.6145603593904525e-05,,0.2108321487903595,,0.137480229139328,,0.0003587211249396205,,
,0.001,196,,,,,,,,,,,,,,,,,,
196,,196,,,,,,,,,4.565611743601039e-05,,5.2003371820319444e-05,,0.21059975028038025,,0.1376895010471344,,0.00034346646862104535,0.035982128232717514
196,,196,0.9846957325935364,1.0,1.0,0.923828125,0.9375,1.0,0.035982128232717514,4.565611743601039e-05,,5.2003371820319444e-05,,0.21059975028038025,,0.1376895010471344,,0.00034346646862104535,,
,0.001,197,,,,,,,,,,,,,,,,,,
197,,197,,,,,,,,,4.625213477993384e-05,,5.1824565161950886e-05,,0.21076266467571259,,0.1374797821044922,,0.0003318023809697479,0.035941652953624725
197,,197,0.9846041202545166,1.0,1.0,0.921875,0.9375,1.0,0.035941652953624725,4.625213477993384e-05,,5.1824565161950886e-05,,0.21076266467571259,,0.1374797821044922,,0.0003318023809697479,,
,0.001,198,,,,,,,,,,,,,,,,,,
198,,198,,,,,,,,,4.410646579344757e-05,,4.7801531763980165e-05,,0.2105686068534851,,0.137651264667511,,0.00031715736258774996,0.03595368564128876
198,,198,0.9846957325935364,1.0,1.0,0.923828125,0.9375,1.0,0.03595368564128876,4.410646579344757e-05,,4.7801531763980165e-05,,0.2105686068534851,,0.137651264667511,,0.00031715736258774996,,
,0.001,199,,,,,,,,,,,,,,,,,,
199,,199,,,,,,,,,4.482168878894299e-05,,4.9559734179638326e-05,,0.21100068092346191,,0.1376342624425888,,0.00030577159486711025,0.035962242633104324
199,,199,0.9846957325935364,1.0,1.0,0.923828125,0.9375,1.0,0.035962242633104324,4.482168878894299e-05,,4.9559734179638326e-05,,0.21100068092346191,,0.1376342624425888,,0.00030577159486711025,,
,0.001,200,,,,,,,,,,,,,,,,,,
200,,200,,,,,,,,,4.053033626405522e-05,,4.339104634709656e-05,,0.21249552071094513,,0.13780009746551514,,0.0002944535226561129,0.03605492413043976
200,,200,0.9846957325935364,1.0,1.0,0.923828125,0.9375,1.0,0.03605492413043976,4.053033626405522e-05,,4.339104634709656e-05,,0.21249552071094513,,0.13780009746551514,,0.0002944535226561129,,
,0.001,201,,,,,,,,,,,,,,,,,,
201,,201,,,,,,,,,4.386805812828243e-05,,4.8278314352501184e-05,,0.21537543833255768,,0.1380389779806137,,0.00028291845228523016,0.036226291209459305
201,,201,0.9846041202545166,1.0,1.0,0.921875,0.9375,1.0,0.036226291209459305,4.386805812828243e-05,,4.8278314352501184e-05,,0.21537543833255768,,0.1380389779806137,,0.00028291845228523016,,
,0.001,202,,,,,,,,,,,,,,,,,,
202,,202,,,,,,,,,3.564294092939235e-05,,3.7669298762921244e-05,,0.22377119958400726,,0.13911336660385132,,0.0002761978539638221,0.03681667894124985
202,,202,0.9844208359718323,1.0,1.0,0.923828125,0.93603515625,1.0,0.03681667894124985,3.564294092939235e-05,,3.7669298762921244e-05,,0.22377119958400726,,0.13911336660385132,,0.0002761978539638221,,
,0.001,203,,,,,,,,,,,,,,,,,,
203,,203,,,,,,,,,4.577531944960356e-05,,5.0900725909741595e-05,,0.21935543417930603,,0.14112567901611328,,0.0002658384619280696,0.03697957098484039
203,,203,0.984237551689148,1.0,1.0,0.921875,0.935546875,1.0,0.03697957098484039,4.577531944960356e-05,,5.0900725909741595e-05,,0.21935543417930603,,0.14112567901611328,,0.0002658384619280696,,
,0.001,204,,,,,,,,,,,,,,,,,,
204,,204,,,,,,,,,3.6477376852417365e-05,,3.9695743907941505e-05,,0.21616877615451813,,0.1430189311504364,,0.00026875914772972465,0.03718741610646248
204,,204,0.9843291640281677,1.0,1.0,0.923828125,0.935546875,1.0,0.03718741610646248,3.6477376852417365e-05,,3.9695743907941505e-05,,0.21616877615451813,,0.1430189311504364,,0.00026875914772972465,,
,0.001,205,,,,,,,,,,,,,,,,,,
205,,205,,,,,,,,,4.327203714638017e-05,,4.7443874791497365e-05,,0.21061667799949646,,0.1420697718858719,,0.0002507124445401132,0.036735329777002335
205,,205,0.9846041202545166,1.0,1.0,0.923828125,0.93701171875,1.0,0.036735329777002335,4.327203714638017e-05,,4.7443874791497365e-05,,0.21061667799949646,,0.1420697718858719,,0.0002507124445401132,,
,0.001,206,,,,,,,,,,,,,,,,,,
206,,206,,,,,,,,,4.8040190449682996e-05,,5.3791307436767966e-05,,0.21376413106918335,,0.14218413829803467,,0.0002590699295978993,0.03691083937883377
206,,206,0.9843291640281677,1.0,1.0,0.921875,0.93603515625,1.0,0.03691083937883377,4.8040190449682996e-05,,5.3791307436767966e-05,,0.21376413106918335,,0.14218413829803467,,0.0002590699295978993,,
,0.001,207,,,,,,,,,,,,,,,,,,
207,,207,,,,,,,,,4.160317621426657e-05,,4.392743721837178e-05,,0.2206157147884369,,0.14377295970916748,,0.0002620190498419106,0.03753259405493736
207,,207,0.9841458797454834,1.0,1.0,0.923828125,0.9345703125,1.0,0.03753259405493736,4.160317621426657e-05,,4.392743721837178e-05,,0.2206157147884369,,0.14377295970916748,,0.0002620190498419106,,
,0.001,208,,,,,,,,,,,,,,,,,,
208,,208,,,,,,,,,5.173549288883805e-05,,5.53707177459728e-05,,0.21140530705451965,,0.14182882010936737,,0.0002536709071137011,0.03672944754362106
208,,208,0.984512448310852,1.0,1.0,0.921875,0.93701171875,1.0,0.03672944754362106,5.173549288883805e-05,,5.53707177459728e-05,,0.21140530705451965,,0.14182882010936737,,0.0002536709071137011,,
,0.001,209,,,,,,,,,,,,,,,,,,
209,,209,,,,,,,,,5.519237674889155e-05,,6.499592564068735e-05,,0.2158210128545761,,0.14565108716487885,,0.0002625297347549349,0.037660785019397736
209,,209,0.9840542674064636,1.0,1.0,0.921875,0.9345703125,1.0,0.037660785019397736,5.519237674889155e-05,,6.499592564068735e-05,,0.2158210128545761,,0.14565108716487885,,0.0002625297347549349,,
,0.001,210,,,,,,,,,,,,,,,,,,
210,,210,,,,,,,,,5.4596363042946905e-05,,5.7337463658768684e-05,,0.21545153856277466,,0.1442127823829651,,0.0002656727156136185,0.03737577423453331
210,,210,0.984512448310852,1.0,1.0,0.923828125,0.9365234375,1.0,0.03737577423453331,5.4596363042946905e-05,,5.7337463658768684e-05,,0.21545153856277466,,0.1442127823829651,,0.0002656727156136185,,
,0.001,211,,,,,,,,,,,,,,,,,,
211,,211,,,,,,,,,5.8410845667822286e-05,,6.097304867580533e-05,,0.2134971022605896,,0.14303167164325714,,0.00027762557147070765,0.03707142546772957
211,,211,0.984512448310852,1.0,1.0,0.923828125,0.9365234375,1.0,0.03707142546772957,5.8410845667822286e-05,,6.097304867580533e-05,,0.2134971022605896,,0.14303167164325714,,0.00027762557147070765,,
,0.001,212,,,,,,,,,,,,,,,,,,
212,,212,,,,,,,,,6.890059739816934e-05,,7.944840763229877e-05,,0.21547791361808777,,0.1431901454925537,,0.0002762043150141835,0.037193287163972855
212,,212,0.9841458797454834,1.0,1.0,0.921875,0.93505859375,1.0,0.037193287163972855,6.890059739816934e-05,,7.944840763229877e-05,,0.21547791361808777,,0.1431901454925537,,0.0002762043150141835,,
,0.001,213,,,,,,,,,,,,,,,,,,
213,,213,,,,,,,,,6.663577369181439e-05,,7.620041287736967e-05,,0.2107885181903839,,0.1418403536081314,,0.0002701010962482542,0.036715298891067505
213,,213,0.9844208359718323,1.0,1.0,0.923828125,0.93603515625,1.0,0.036715298891067505,6.663577369181439e-05,,7.620041287736967e-05,,0.2107885181903839,,0.1418403536081314,,0.0002701010962482542,,
,0.001,214,,,,,,,,,,,,,,,,,,
214,,214,,,,,,,,,6.5205356804654e-05,,7.518731581512839e-05,,0.21356640756130219,,0.140769362449646,,0.0002703313366509974,0.036644790321588516
214,,214,0.9844208359718323,1.0,1.0,0.923828125,0.93603515625,1.0,0.036644790321588516,6.5205356804654e-05,,7.518731581512839e-05,,0.21356640756130219,,0.140769362449646,,0.0002703313366509974,,
,0.001,215,,,,,,,,,,,,,,,,,,
215,,215,,,,,,,,,7.521823135903105e-05,,8.85966801433824e-05,,0.21130309998989105,,0.14170269668102264,,0.0002742506330832839,0.03671689331531525
215,,215,0.9844208359718323,1.0,1.0,0.921875,0.9365234375,1.0,0.03671689331531525,7.521823135903105e-05,,8.85966801433824e-05,,0.21130309998989105,,0.14170269668102264,,0.0002742506330832839,,
,0.001,216,,,,,,,,,,,,,,,,,,
216,,216,,,,,,,,,8.34430247778073e-05,,9.723803668748587e-05,,0.2112559676170349,,0.14102023839950562,,0.0002621621824800968,0.03657764568924904
216,,216,0.984512448310852,1.0,1.0,0.923828125,0.9365234375,1.0,0.03657764568924904,8.34430247778073e-05,,9.723803668748587e-05,,0.2112559676170349,,0.14102023839950562,,0.0002621621824800968,,
,0.001,217,,,,,,,,,,,,,,,,,,
217,,217,,,,,,,,,8.082063141046092e-05,,9.518193837720901e-05,,0.2108907550573349,,0.13982199132442474,,0.0002546451287344098,0.03632994368672371
217,,217,0.9846957325935364,1.0,1.0,0.923828125,0.9375,1.0,0.03632994368672371,8.082063141046092e-05,,9.518193837720901e-05,,0.2108907550573349,,0.13982199132442474,,0.0002546451287344098,,
,0.001,218,,,,,,,,,,,,,,,,,,
218,,218,,,,,,,,,7.438383181579411e-05,,9.151676204055548e-05,,0.21148857474327087,,0.13973380625247955,,0.00025426544016227126,0.036341093480587006
218,,218,0.9846957325935364,1.0,1.0,0.923828125,0.9375,1.0,0.036341093480587006,7.438383181579411e-05,,9.151676204055548e-05,,0.21148857474327087,,0.13973380625247955,,0.00025426544016227126,,
,0.001,219,,,,,,,,,,,,,,,,,,
219,,219,,,,,,,,,7.73638384998776e-05,,9.592682181391865e-05,,0.21037836372852325,,0.13977374136447906,,0.0002487816091161221,0.03629244118928909
219,,219,0.9843291640281677,1.0,1.0,0.923828125,0.935546875,1.0,0.03629244118928909,7.73638384998776e-05,,9.592682181391865e-05,,0.21037836372852325,,0.13977374136447906,,0.0002487816091161221,,
,0.001,220,,,,,,,,,,,,,,,,,,
220,,220,,,,,,,,,8.225102646974847e-05,,0.00010191618639510125,,0.21133628487586975,,0.13937437534332275,,0.0002460139221511781,0.036260440945625305
220,,220,0.984512448310852,1.0,1.0,0.923828125,0.9365234375,1.0,0.036260440945625305,8.225102646974847e-05,,0.00010191618639510125,,0.21133628487586975,,0.13937437534332275,,0.0002460139221511781,,
,0.001,221,,,,,,,,,,,,,,,,,,
221,,221,,,,,,,,,7.772143726469949e-05,,9.932386456057429e-05,,0.2104748636484146,,0.13907109200954437,,0.00023960361431818455,0.0361582413315773
221,,221,0.9846957325935364,1.0,1.0,0.923828125,0.9375,1.0,0.0361582413315773,7.772143726469949e-05,,9.932386456057429e-05,,0.2104748636484146,,0.13907109200954437,,0.00023960361431818455,,
,0.001,222,,,,,,,,,,,,,,,,,,
222,,222,,,,,,,,,7.533743337262422e-05,,9.467548079555854e-05,,0.21089118719100952,,0.13893210887908936,,0.00023421314836014062,0.0361475832760334
222,,222,0.9846957325935364,1.0,1.0,0.923828125,0.9375,1.0,0.0361475832760334,7.533743337262422e-05,,9.467548079555854e-05,,0.21089118719100952,,0.13893210887908936,,0.00023421314836014062,,
,0.001,223,,,,,,,,,,,,,,,,,,
223,,223,,,,,,,,,7.712543447269127e-05,,9.351340122520924e-05,,0.21041657030582428,,0.13838902115821838,,0.00023128977045416832,0.03602118045091629
223,,223,0.9846957325935364,1.0,1.0,0.923828125,0.9375,1.0,0.03602118045091629,7.712543447269127e-05,,9.351340122520924e-05,,0.21041657030582428,,0.13838902115821838,,0.00023128977045416832,,
,0.001,224,,,,,,,,,,,,,,,,,,
224,,224,,,,,,,,,7.70062324590981e-05,,9.384116856381297e-05,,0.21070758998394012,,0.13873091340065002,,0.00022560679644811898,0.03609474375844002
224,,224,0.984512448310852,1.0,1.0,0.923828125,0.9365234375,1.0,0.03609474375844002,7.70062324590981e-05,,9.384116856381297e-05,,0.21070758998394012,,0.13873091340065002,,0.00022560679644811898,,
,0.001,225,,,,,,,,,,,,,,,,,,
225,,225,,,,,,,,,7.30726242181845e-05,,9.005681204143912e-05,,0.21031275391578674,,0.13829296827316284,,0.00021556724095717072,0.03598643094301224
225,,225,0.9846041202545166,1.0,1.0,0.923828125,0.93701171875,1.0,0.03598643094301224,7.30726242181845e-05,,9.005681204143912e-05,,0.21031275391578674,,0.13829296827316284,,0.00021556724095717072,,
,0.001,226,,,,,,,,,,,,,,,,,,
226,,226,,,,,,,,,6.818538531661034e-05,,8.19815177237615e-05,,0.21058328449726105,,0.13823819160461426,,0.0002067608293145895,0.03598212078213692
226,,226,0.9846957325935364,1.0,1.0,0.923828125,0.9375,1.0,0.03598212078213692,6.818538531661034e-05,,8.19815177237615e-05,,0.21058328449726105,,0.13823819160461426,,0.0002067608293145895,,
,0.001,227,,,,,,,,,,,,,,,,,,
227,,227,,,,,,,,,6.5205356804654e-05,,7.539601938333362e-05,,0.21042001247406006,,0.13794317841529846,,0.00019988988060504198,0.035913847386837006
227,,227,0.9846957325935364,1.0,1.0,0.923828125,0.9375,1.0,0.035913847386837006,6.5205356804654e-05,,7.539601938333362e-05,,0.21042001247406006,,0.13794317841529846,,0.00019988988060504198,,
,0.001,228,,,,,,,,,,,,,,,,,,
228,,228,,,,,,,,,6.603976362384856e-05,,7.42636329960078e-05,,0.21064209938049316,,0.13797667622566223,,0.0001937482738867402,0.035925935953855515
228,,228,0.9846957325935364,1.0,1.0,0.923828125,0.9375,1.0,0.035925935953855515,6.603976362384856e-05,,7.42636329960078e-05,,0.21064209938049316,,0.13797667622566223,,0.0001937482738867402,,
,0.001,229,,,,,,,,,,,,,,,,,,
229,,229,,,,,,,,,6.282132380874828e-05,,6.958514859434217e-05,,0.21020054817199707,,0.1377161592245102,,0.00018772718613035977,0.03585173934698105
229,,229,0.9846957325935364,1.0,1.0,0.923828125,0.9375,1.0,0.03585173934698105,6.282132380874828e-05,,6.958514859434217e-05,,0.21020054817199707,,0.1377161592245102,,0.00018772718613035977,,
,0.001,230,,,,,,,,,,,,,,,,,,
230,,230,,,,,,,,,5.8887653722194955e-05,,6.323787965811789e-05,,0.21060946583747864,,0.13774126768112183,,0.00018258843920193613,0.03587169200181961
230,,230,0.9846041202545166,1.0,1.0,0.923828125,0.93701171875,1.0,0.03587169200181961,5.8887653722194955e-05,,6.323787965811789e-05,,0.21060946583747864,,0.13774126768112183,,0.00018258843920193613,,
,0.001,231,,,,,,,,,,,,,,,,,,
231,,231,,,,,,,,,5.8887653722194955e-05,,6.0943333664909005e-05,,0.2102080136537552,,0.13747981190681458,,0.00017474534979555756,0.03579786792397499
231,,231,0.9846957325935364,1.0,1.0,0.923828125,0.9375,1.0,0.03579786792397499,5.8887653722194955e-05,,6.0943333664909005e-05,,0.2102080136537552,,0.13747981190681458,,0.00017474534979555756,,
,0.001,232,,,,,,,,,,,,,,,,,,
232,,232,,,,,,,,,5.674201020156033e-05,,5.760576095781289e-05,,0.21029657125473022,,0.13762345910072327,,0.00016903996584005654,0.03582465648651123
232,,232,0.9846041202545166,1.0,1.0,0.921875,0.9375,1.0,0.03582465648651123,5.674201020156033e-05,,5.760576095781289e-05,,0.21029657125473022,,0.13762345910072327,,0.00016903996584005654,,
,0.001,233,,,,,,,,,,,,,,,,,,
233,,233,,,,,,,,,5.23315102327615e-05,,5.3195341024547815e-05,,0.2102522999048233,,0.13739237189292908,,0.00016280294221360236,0.035774461925029755
233,,233,0.9846957325935364,1.0,1.0,0.923828125,0.9375,1.0,0.035774461925029755,5.23315102327615e-05,,5.3195341024547815e-05,,0.2102522999048233,,0.13739237189292908,,0.00016280294221360236,,
,0.001,234,,,,,,,,,,,,,,,,,,
234,,234,,,,,,,,,5.125868119648658e-05,,5.003652040613815e-05,,0.21012654900550842,,0.13731271028518677,,0.00015704234829172492,0.035749245434999466
234,,234,0.9846957325935364,1.0,1.0,0.923828125,0.9375,1.0,0.035749245434999466,5.125868119648658e-05,,5.003652040613815e-05,,0.21012654900550842,,0.13731271028518677,,0.00015704234829172492,,
,0.001,235,,,,,,,,,,,,,,,,,,
235,,235,,,,,,,,,5.066266385256313e-05,,4.738430288853124e-05,,0.21021674573421478,,0.13734960556030273,,0.00015303795225918293,0.035757362842559814
235,,235,0.9846957325935364,1.0,1.0,0.923828125,0.9375,1.0,0.035757362842559814,5.066266385256313e-05,,4.738430288853124e-05,,0.21021674573421478,,0.13734960556030273,,0.00015303795225918293,,
,0.001,236,,,,,,,,,,,,,,,,,,
236,,236,,,,,,,,,4.851700214203447e-05,,4.38976421719417e-05,,0.20997759699821472,,0.1373102366924286,,0.00014927721349522471,0.035735879093408585
236,,236,0.9846957325935364,1.0,1.0,0.923828125,0.9375,1.0,0.035735879093408585,4.851700214203447e-05,,4.38976421719417e-05,,0.20997759699821472,,0.1373102366924286,,0.00014927721349522471,,
,0.001,237,,,,,,,,,,,,,,,,,,
237,,237,,,,,,,,,4.51792984677013e-05,,4.082817031303421e-05,,0.21047869324684143,,0.1372988522052765,,0.00014422382810153067,0.03575341776013374
237,,237,0.9846957325935364,1.0,1.0,0.923828125,0.9375,1.0,0.03575341776013374,4.51792984677013e-05,,4.082817031303421e-05,,0.21047869324684143,,0.1372988522052765,,0.00014422382810153067,,
,0.001,238,,,,,,,,,,,,,,,,,,
238,,238,,,,,,,,,4.6132929128361866e-05,,4.0381160943070427e-05,,0.21046684682369232,,0.13774323463439941,,0.0001419142645318061,0.03583453223109245
238,,238,0.9846041202545166,1.0,1.0,0.921875,0.9375,1.0,0.03583453223109245,4.6132929128361866e-05,,4.0381160943070427e-05,,0.21046684682369232,,0.13774323463439941,,0.0001419142645318061,,
,0.001,239,,,,,,,,,,,,,,,,,,
239,,239,,,,,,,,,4.207999518257566e-05,,3.608984115999192e-05,,0.21055933833122253,,0.1391080617904663,,0.00013732168008573353,0.03609151393175125
239,,239,0.9843291640281677,1.0,1.0,0.923828125,0.935546875,1.0,0.03609151393175125,4.207999518257566e-05,,3.608984115999192e-05,,0.21055933833122253,,0.1391080617904663,,0.00013732168008573353,,
,0.001,240,,,,,,,,,,,,,,,,,,
240,,240,,,,,,,,,4.434487345861271e-05,,3.820569327217527e-05,,0.21106697618961334,,0.14212623238563538,,0.00013671550550498068,0.036681368947029114
240,,240,0.9843291640281677,1.0,1.0,0.921875,0.93603515625,1.0,0.036681368947029114,4.434487345861271e-05,,3.820569327217527e-05,,0.21106697618961334,,0.14212623238563538,,0.00013671550550498068,,
,0.001,241,,,,,,,,,,,,,,,,,,
241,,241,,,,,,,,,3.5523738915799186e-05,,3.060644303332083e-05,,0.21328742802143097,,0.14423485100269318,,0.0001347125507891178,0.03717968985438347
241,,241,0.9844208359718323,1.0,1.0,0.923828125,0.93603515625,1.0,0.03717968985438347,3.5523738915799186e-05,,3.060644303332083e-05,,0.21328742802143097,,0.14423485100269318,,0.0001347125507891178,,
,0.001,242,,,,,,,,,,,,,,,,,,
242,,242,,,,,,,,,4.672895011026412e-05,,3.695406121551059e-05,,0.21295417845249176,,0.1385444551706314,,0.00012686529953498393,0.03609027341008186
242,,242,0.984512448310852,1.0,1.0,0.921875,0.93701171875,1.0,0.03609027341008186,4.672895011026412e-05,,3.695406121551059e-05,,0.21295417845249176,,0.1385444551706314,,0.00012686529953498393,,
,0.001,243,,,,,,,,,,,,,,,,,,
243,,243,,,,,,,,,4.327203714638017e-05,,3.620902862166986e-05,,0.21036747097969055,,0.14061568677425385,,0.00012739156954921782,0.03635801747441292
243,,243,0.984512448310852,1.0,1.0,0.923828125,0.9365234375,1.0,0.03635801747441292,4.327203714638017e-05,,3.620902862166986e-05,,0.21036747097969055,,0.14061568677425385,,0.00012739156954921782,,
,0.001,244,,,,,,,,,,,,,,,,,,
244,,244,,,,,,,,,3.9934315282152966e-05,,3.0517036066157743e-05,,0.21214601397514343,,0.14139927923679352,,0.0001280103751923889,0.03658892214298248
244,,244,0.9844208359718323,1.0,1.0,0.923828125,0.93603515625,1.0,0.03658892214298248,3.9934315282152966e-05,,3.0517036066157743e-05,,0.21214601397514343,,0.14139927923679352,,0.0001280103751923889,,
,0.001,245,,,,,,,,,,,,,,,,,,
245,,245,,,,,,,,,5.149708886165172e-05,,3.692425161716528e-05,,0.21361899375915527,,0.1407148838043213,,0.00012476558913476765,0.03652726113796234
245,,245,0.984512448310852,1.0,1.0,0.921875,0.93701171875,1.0,0.03652726113796234,5.149708886165172e-05,,3.692425161716528e-05,,0.21361899375915527,,0.1407148838043213,,0.00012476558913476765,,
,0.001,246,,,,,,,,,,,,,,,,,,
246,,246,,,,,,,,,4.911301948595792e-05,,3.5553410270949826e-05,,0.21044506132602692,,0.14072689414024353,,0.00012460383004508913,0.03638044744729996
246,,246,0.984512448310852,1.0,1.0,0.923828125,0.9365234375,1.0,0.03638044744729996,4.911301948595792e-05,,3.5553410270949826e-05,,0.21044506132602692,,0.14072689414024353,,0.00012460383004508913,,
,0.001,247,,,,,,,,,,,,,,,,,,
247,,247,,,,,,,,,4.708655978902243e-05,,3.603021468734369e-05,,0.21225635707378387,,0.14069050550460815,,0.00012443373270798475,0.03645847365260124
247,,247,0.9841458797454834,1.0,1.0,0.923828125,0.9345703125,1.0,0.03645847365260124,4.708655978902243e-05,,3.603021468734369e-05,,0.21225635707378387,,0.14069050550460815,,0.00012443373270798475,,
,0.001,248,,,,,,,,,,,,,,,,,,
248,,248,,,,,,,,,5.793403761344962e-05,,4.517901470535435e-05,,0.2106701135635376,,0.1397630274295807,,0.00012528672232292593,0.03621075302362442
248,,248,0.9846041202545166,1.0,1.0,0.923828125,0.93701171875,1.0,0.03621075302362442,5.793403761344962e-05,,4.517901470535435e-05,,0.2106701135635376,,0.1397630274295807,,0.00012528672232292593,,
,0.001,249,,,,,,,,,,,,,,,,,,
249,,249,,,,,,,,,6.007967749610543e-05,,4.681805876316503e-05,,0.21114718914031982,,0.14040416479110718,,0.00012538547161966562,0.036353569477796555
249,,249,0.9846041202545166,1.0,1.0,0.921875,0.9375,1.0,0.036353569477796555,6.007967749610543e-05,,4.681805876316503e-05,,0.21114718914031982,,0.14040416479110718,,0.00012538547161966562,,
,0.001,250,,,,,,,,,,,,,,,,,,
250,,250,,,,,,,,,5.590759246842936e-05,,4.324200563132763e-05,,0.21143728494644165,,0.13888388872146606,,0.00012402806896716356,0.03608078137040138
250,,250,0.984512448310852,1.0,1.0,0.923828125,0.9365234375,1.0,0.03608078137040138,5.590759246842936e-05,,4.324200563132763e-05,,0.21143728494644165,,0.13888388872146606,,0.00012402806896716356,,
,0.001,251,,,,,,,,,,,,,,,,,,
251,,251,,,,,,,,,6.139089964563027e-05,,4.8278263420797884e-05,,0.21102644503116608,,0.13958626985549927,,0.00012541173782665282,0.036194439977407455
251,,251,0.9844208359718323,1.0,1.0,0.923828125,0.93603515625,1.0,0.036194439977407455,6.139089964563027e-05,,4.8278263420797884e-05,,0.21102644503116608,,0.13958626985549927,,0.00012541173782665282,,
,0.001,252,,,,,,,,,,,,,,,,,,
252,,252,,,,,,,,,6.282132380874828e-05,,4.908287155558355e-05,,0.21056589484214783,,0.13853506743907928,,0.0001222793071065098,0.0359731987118721
252,,252,0.9846041202545166,1.0,1.0,0.923828125,0.93701171875,1.0,0.0359731987118721,6.282132380874828e-05,,4.908287155558355e-05,,0.21056589484214783,,0.13853506743907928,,0.0001222793071065098,,
,0.001,253,,,,,,,,,,,,,,,,,,
253,,253,,,,,,,,,6.01988795096986e-05,,4.473204171517864e-05,,0.21120640635490417,,0.13905933499336243,,0.00011812143202405423,0.03609846904873848
253,,253,0.984512448310852,1.0,1.0,0.923828125,0.9365234375,1.0,0.03609846904873848,6.01988795096986e-05,,4.473204171517864e-05,,0.21120640635490417,,0.13905933499336243,,0.00011812143202405423,,
,0.001,254,,,,,,,,,,,,,,,,,,
254,,254,,,,,,,,,5.745722592109814e-05,,4.577504296321422e-05,,0.21023017168045044,,0.13837915658950806,,0.00011634635302470997,0.03592367470264435
254,,254,0.9846041202545166,1.0,1.0,0.923828125,0.93701171875,1.0,0.03592367470264435,5.745722592109814e-05,,4.577504296321422e-05,,0.21023017168045044,,0.13837915658950806,,0.00011634635302470997,,
,0.001,255,,,,,,,,,,,,,,,,,,
255,,255,,,,,,,,,5.638440416078083e-05,,4.92020626552403e-05,,0.2115941345691681,,0.1380874216556549,,0.00011515907681314275,0.03593206778168678
255,,255,0.9846957325935364,1.0,1.0,0.923828125,0.9375,1.0,0.03593206778168678,5.638440416078083e-05,,4.92020626552403e-05,,0.2115941345691681,,0.1380874216556549,,0.00011515907681314275,,
,0.001,256,,,,,,,,,,,,,,,,,,
256,,256,,,,,,,,,5.578839045483619e-05,,4.434463335201144e-05,,0.21058160066604614,,0.13824376463890076,,0.00011263121268711984,0.03591194748878479
256,,256,0.9846957325935364,1.0,1.0,0.923828125,0.9375,1.0,0.03591194748878479,5.578839045483619e-05,,4.434463335201144e-05,,0.21058160066604614,,0.13824376463890076,,0.00011263121268711984,,
,0.001,257,,,,,,,,,,,,,,,,,,
257,,257,,,,,,,,,5.709961988031864e-05,,4.696707401308231e-05,,0.21055057644844055,,0.13789856433868408,,0.00010972803283948451,0.03584355488419533
257,,257,0.9846957325935364,1.0,1.0,0.923828125,0.9375,1.0,0.03584355488419533,5.709961988031864e-05,,4.696707401308231e-05,,0.21055057644844055,,0.13789856433868408,,0.00010972803283948451,,
,0.001,258,,,,,,,,,,,,,,,,,,
258,,258,,,,,,,,,5.304672595229931e-05,,4.809946767636575e-05,,0.21061421930789948,,0.13797828555107117,,0.00010817994916578755,0.035860344767570496
258,,258,0.9846041202545166,1.0,1.0,0.921875,0.9375,1.0,0.035860344767570496,5.304672595229931e-05,,4.809946767636575e-05,,0.21061421930789948,,0.13797828555107117,,0.00010817994916578755,,
,0.001,259,,,,,,,,,,,,,,,,,,
259,,259,,,,,,,,,4.8874615458771586e-05,,4.082816303707659e-05,,0.21087801456451416,,0.13768340647220612,,0.00010493159788893536,0.03581484034657478
259,,259,0.9846957325935364,1.0,1.0,0.923828125,0.9375,1.0,0.03581484034657478,4.8874615458771586e-05,,4.082816303707659e-05,,0.21087801456451416,,0.13768340647220612,,0.00010493159788893536,,
,0.001,260,,,,,,,,,,,,,,,,,,
260,,260,,,,,,,,,5.209310256759636e-05,,4.252680082572624e-05,,0.21035127341747284,,0.13770084083080292,,0.00010390087845735252,0.03579265624284744
260,,260,0.9846957325935364,1.0,1.0,0.923828125,0.9375,1.0,0.03579265624284744,5.209310256759636e-05,,4.252680082572624e-05,,0.21035127341747284,,0.13770084083080292,,0.00010390087845735252,,
,0.001,261,,,,,,,,,,,,,,,,,,
261,,261,,,,,,,,,4.875540980719961e-05,,4.109636211069301e-05,,0.2100827991962433,,0.13756385445594788,,0.00010185961582465097,0.0357527881860733
261,,261,0.9846957325935364,1.0,1.0,0.923828125,0.9375,1.0,0.0357527881860733,4.875540980719961e-05,,4.109636211069301e-05,,0.2100827991962433,,0.13756385445594788,,0.00010185961582465097,,
,0.001,262,,,,,,,,,,,,,,,,,,
262,,262,,,,,,,,,4.351044481154531e-05,,3.707325231516734e-05,,0.21060273051261902,,0.13752058148384094,,9.969962411560118e-05,0.03576737642288208
262,,262,0.9846957325935364,1.0,1.0,0.923828125,0.9375,1.0,0.03576737642288208,4.351044481154531e-05,,3.707325231516734e-05,,0.21060273051261902,,0.13752058148384094,,9.969962411560118e-05,,
,0.001,263,,,,,,,,,,,,,,,,,,
263,,263,,,,,,,,,4.660974445869215e-05,,4.050034112879075e-05,,0.21005766093730927,,0.1373043954372406,,9.660396608524024e-05,0.03569895401597023
263,,263,0.9846041202545166,1.0,1.0,0.921875,0.9375,1.0,0.03569895401597023,4.660974445869215e-05,,4.050034112879075e-05,,0.21005766093730927,,0.1373043954372406,,9.660396608524024e-05,,
,0.001,264,,,,,,,,,,,,,,,,,,
264,,264,,,,,,,,,4.672895011026412e-05,,3.9129525248426944e-05,,0.21011151373386383,,0.13749387860298157,,9.456574480282143e-05,0.03573549538850784
264,,264,0.9846957325935364,1.0,1.0,0.923828125,0.9375,1.0,0.03573549538850784,4.672895011026412e-05,,3.9129525248426944e-05,,0.21011151373386383,,0.13749387860298157,,9.456574480282143e-05,,
,0.001,265,,,,,,,,,,,,,,,,,,
265,,265,,,,,,,,,4.1483970562694594e-05,,3.5553410270949826e-05,,0.2100171595811844,,0.13727238774299622,,9.203972877003253e-05,0.03568754717707634
265,,265,0.9846957325935364,1.0,1.0,0.923828125,0.9375,1.0,0.03568754717707634,4.1483970562694594e-05,,3.5553410270949826e-05,,0.2100171595811844,,0.13727238774299622,,9.203972877003253e-05,,
,0.001,266,,,,,,,,,,,,,,,,,,
266,,266,,,,,,,,,4.017272294731811e-05,,3.456997364992276e-05,,0.21004518866539001,,0.13731947541236877,,9.04732005437836e-05,0.03569650650024414
266,,266,0.9846957325935364,1.0,1.0,0.923828125,0.9375,1.0,0.03569650650024414,4.017272294731811e-05,,3.456997364992276e-05,,0.21004518866539001,,0.13731947541236877,,9.04732005437836e-05,,
,0.001,267,,,,,,,,,,,,,,,,,,
267,,267,,,,,,,,,4.053033626405522e-05,,3.299052332295105e-05,,0.20996960997581482,,0.13720741868019104,,8.79715516930446e-05,0.03567003458738327
267,,267,0.9846957325935364,1.0,1.0,0.923828125,0.9375,1.0,0.03567003458738327,4.053033626405522e-05,,3.299052332295105e-05,,0.20996960997581482,,0.13720741868019104,,8.79715516930446e-05,,
,0.001,268,,,,,,,,,,,,,,,,,,
268,,268,,,,,,,,,3.8265450712060556e-05,,3.0725634132977575e-05,,0.21008652448654175,,0.13729923963546753,,8.580065332353115e-05,0.03569108992815018
268,,268,0.9846957325935364,1.0,1.0,0.923828125,0.9375,1.0,0.03569108992815018,3.8265450712060556e-05,,3.0725634132977575e-05,,0.21008652448654175,,0.13729923963546753,,8.580065332353115e-05,,
,0.001,269,,,,,,,,,,,,,,,,,,
269,,269,,,,,,,,,3.8742269680369645e-05,,3.218588972231373e-05,,0.21019604802131653,,0.13724352419376373,,8.378027996513993e-05,0.03568427637219429
269,,269,0.9846957325935364,1.0,1.0,0.923828125,0.9375,1.0,0.03568427637219429,3.8742269680369645e-05,,3.218588972231373e-05,,0.21019604802131653,,0.13724352419376373,,8.378027996513993e-05,,
,0.001,270,,,,,,,,,,,,,,,,,,
270,,270,,,,,,,,,3.45700973412022e-05,,2.8192534955451265e-05,,0.210394024848938,,0.13754627108573914,,8.149429049808532e-05,0.03574860841035843
270,,270,0.9846041202545166,1.0,1.0,0.921875,0.9375,1.0,0.03574860841035843,3.45700973412022e-05,,2.8192534955451265e-05,,0.210394024848938,,0.13754627108573914,,8.149429049808532e-05,,
,0.001,271,,,,,,,,,,,,,,,,,,
271,,271,,,,,,,,,3.8742269680369645e-05,,3.126205410808325e-05,,0.21059611439704895,,0.13793092966079712,,8.009916928131133e-05,0.03582928329706192
271,,271,0.9844208359718323,1.0,1.0,0.923828125,0.93603515625,1.0,0.03582928329706192,3.8742269680369645e-05,,3.126205410808325e-05,,0.21059611439704895,,0.13793092966079712,,8.009916928131133e-05,,
,0.001,272,,,,,,,,,,,,,,,,,,
272,,272,,,,,,,,,3.1470757676288486e-05,,2.500379014236387e-05,,0.21216264367103577,,0.1393302083015442,,7.968035788508132e-05,0.03616499900817871
272,,272,0.9846957325935364,1.0,1.0,0.923828125,0.9375,1.0,0.03616499900817871,3.1470757676288486e-05,,2.500379014236387e-05,,0.21216264367103577,,0.1393302083015442,,7.968035788508132e-05,,
,0.001,273,,,,,,,,,,,,,,,,,,
273,,273,,,,,,,,,3.7431014789035544e-05,,3.024880788871087e-05,,0.21407006680965424,,0.13968467712402344,,7.844179344829172e-05,0.03632017597556114
273,,273,0.9843291640281677,1.0,1.0,0.921875,0.93603515625,1.0,0.03632017597556114,3.7431014789035544e-05,,3.024880788871087e-05,,0.21407006680965424,,0.13968467712402344,,7.844179344829172e-05,,
,0.001,274,,,,,,,,,,,,,,,,,,
274,,274,,,,,,,,,3.659658250398934e-05,,2.697067793633323e-05,,0.21549785137176514,,0.13916197419166565,,7.847575761843473e-05,0.03628905117511749
274,,274,0.9844208359718323,1.0,1.0,0.923828125,0.93603515625,1.0,0.03628905117511749,3.659658250398934e-05,,2.697067793633323e-05,,0.21549785137176514,,0.13916197419166565,,7.847575761843473e-05,,
,0.001,275,,,,,,,,,,,,,,,,,,
275,,275,,,,,,,,,3.8265450712060556e-05,,3.0219009204301983e-05,,0.21349462866783142,,0.1384037733078003,,7.575329800602049e-05,0.03605075553059578
275,,275,0.9844208359718323,1.0,1.0,0.921875,0.9365234375,1.0,0.03605075553059578,3.8265450712060556e-05,,3.0219009204301983e-05,,0.21349462866783142,,0.1384037733078003,,7.575329800602049e-05,,
,0.001,276,,,,,,,,,,,,,,,,,,
276,,276,,,,,,,,,3.838465272565372e-05,,2.9652790544787422e-05,,0.21223744750022888,,0.13851144909858704,,7.3689290729817e-05,0.03601042181253433
276,,276,0.9846957325935364,1.0,1.0,0.923828125,0.9375,1.0,0.03601042181253433,3.838465272565372e-05,,2.9652790544787422e-05,,0.21223744750022888,,0.13851144909858704,,7.3689290729817e-05,,
,0.001,277,,,,,,,,,,,,,,,,,,
277,,277,,,,,,,,,3.93382906622719e-05,,3.123224087175913e-05,,0.21523435413837433,,0.13860124349594116,,7.544763502664864e-05,0.03616923466324806
277,,277,0.984512448310852,1.0,1.0,0.923828125,0.9365234375,1.0,0.03616923466324806,3.93382906622719e-05,,3.123224087175913e-05,,0.21523435413837433,,0.13860124349594116,,7.544763502664864e-05,,
,0.001,278,,,,,,,,,,,,,,,,,,
278,,278,,,,,,,,,4.0649541915627196e-05,,3.18580714520067e-05,,0.2151414453983307,,0.13799592852592468,,7.329457730520517e-05,0.03604966029524803
278,,278,0.984512448310852,1.0,1.0,0.921875,0.93701171875,1.0,0.03604966029524803,4.0649541915627196e-05,,3.18580714520067e-05,,0.2151414453983307,,0.13799592852592468,,7.329457730520517e-05,,
,0.001,279,,,,,,,,,,,,,,,,,,
279,,279,,,,,,,,,4.541770613286644e-05,,3.424216265557334e-05,,0.21356245875358582,,0.13766524195671082,,7.439124601660296e-05,0.03591437265276909
279,,279,0.9846957325935364,1.0,1.0,0.923828125,0.9375,1.0,0.03591437265276909,4.541770613286644e-05,,3.424216265557334e-05,,0.21356245875358582,,0.13766524195671082,,7.439124601660296e-05,,
,0.001,280,,,,,,,,,,,,,,,,,,
280,,280,,,,,,,,,5.113947918289341e-05,,3.94871094613336e-05,,0.21148255467414856,,0.1381637305021286,,7.666567398700863e-05,0.035912126302719116
280,,280,0.9846041202545166,1.0,1.0,0.923828125,0.93701171875,1.0,0.035912126302719116,5.113947918289341e-05,,3.94871094613336e-05,,0.21148255467414856,,0.1381637305021286,,7.666567398700863e-05,,
,0.001,281,,,,,,,,,,,,,,,,,,
281,,281,,,,,,,,,6.067568756407127e-05,,4.345061461208388e-05,,0.21032880246639252,,0.13754191994667053,,7.245094457175583e-05,0.035738199949264526
281,,281,0.9846957325935364,1.0,1.0,0.923828125,0.9375,1.0,0.035738199949264526,6.067568756407127e-05,,4.345061461208388e-05,,0.21032880246639252,,0.13754191994667053,,7.245094457175583e-05,,
,0.001,282,,,,,,,,,,,,,,,,,,
282,,282,,,,,,,,,6.735097849741578e-05,,4.646045999834314e-05,,0.21356052160263062,,0.1374167650938034,,7.161662506405264e-05,0.035865772515535355
282,,282,0.9846957325935364,1.0,1.0,0.923828125,0.9375,1.0,0.035865772515535355,6.735097849741578e-05,,4.646045999834314e-05,,0.21356052160263062,,0.1374167650938034,,7.161662506405264e-05,,
,0.001,283,,,,,,,,,,,,,,,,,,
283,,283,,,,,,,,,5.94836674281396e-05,,4.64604381704703e-05,,0.21091735363006592,,0.137616366147995,,7.166973955463618e-05,0.035779230296611786
283,,283,0.9846957325935364,1.0,1.0,0.923828125,0.9375,1.0,0.035779230296611786,5.94836674281396e-05,,4.64604381704703e-05,,0.21091735363006592,,0.137616366147995,,7.166973955463618e-05,,
,0.001,284,,,,,,,,,,,,,,,,,,
284,,284,,,,,,,,,6.496695277746767e-05,,5.5340886319754645e-05,,0.21235129237174988,,0.13735046982765198,,7.227672904264182e-05,0.03579718619585037
284,,284,0.9846957325935364,1.0,1.0,0.923828125,0.9375,1.0,0.03579718619585037,6.496695277746767e-05,,5.5340886319754645e-05,,0.21235129237174988,,0.13735046982765198,,7.227672904264182e-05,,
,0.001,285,,,,,,,,,,,,,,,,,,
285,,285,,,,,,,,,6.270212179515511e-05,,4.76822788186837e-05,,0.2119724154472351,,0.13734453916549683,,7.056965841911733e-05,0.03577691689133644
285,,285,0.9846957325935364,1.0,1.0,0.923828125,0.9375,1.0,0.03577691689133644,6.270212179515511e-05,,4.76822788186837e-05,,0.2119724154472351,,0.13734453916549683,,7.056965841911733e-05,,
,0.001,286,,,,,,,,,,,,,,,,,,
286,,286,,,,,,,,,6.5205356804654e-05,,4.902331420453265e-05,,0.2119521051645279,,0.13742375373840332,,6.905038026161492e-05,0.03578971326351166
286,,286,0.9846957325935364,1.0,1.0,0.923828125,0.9375,1.0,0.03578971326351166,6.5205356804654e-05,,4.902331420453265e-05,,0.2119521051645279,,0.13742375373840332,,6.905038026161492e-05,,
,0.001,287,,,,,,,,,,,,,,,,,,
287,,287,,,,,,,,,7.629103492945433e-05,,6.007915362715721e-05,,0.21179157495498657,,0.1372528374195099,,6.874243263155222e-05,0.03575003519654274
287,,287,0.9846957325935364,1.0,1.0,0.923828125,0.9375,1.0,0.03575003519654274,7.629103492945433e-05,,6.007915362715721e-05,,0.21179157495498657,,0.1372528374195099,,6.874243263155222e-05,,
,0.001,288,,,,,,,,,,,,,,,,,,
288,,288,,,,,,,,,7.676783570786938e-05,,5.492380660143681e-05,,0.21056944131851196,,0.13721564412117004,,6.841922731837258e-05,0.03568540886044502
288,,288,0.9846957325935364,1.0,1.0,0.923828125,0.9375,1.0,0.03568540886044502,7.676783570786938e-05,,5.492380660143681e-05,,0.21056944131851196,,0.13721564412117004,,6.841922731837258e-05,,
,0.001,289,,,,,,,,,,,,,,,,,,
289,,289,,,,,,,,,8.713819261174649e-05,,5.6771430536173284e-05,,0.21066603064537048,,0.13706758618354797,,6.789885810576379e-05,0.035661812871694565
289,,289,0.9846041202545166,1.0,1.0,0.921875,0.9375,1.0,0.035661812871694565,8.713819261174649e-05,,5.6771430536173284e-05,,0.21066603064537048,,0.13706758618354797,,6.789885810576379e-05,,
,0.001,290,,,,,,,,,,,,,,,,,,
290,,290,,,,,,,,,9.881961887003854e-05,,6.022820889484137e-05,,0.21155309677124023,,0.1371667981147766,,6.577941530849785e-05,0.03572053834795952
290,,290,0.9846957325935364,1.0,1.0,0.923828125,0.9375,1.0,0.03572053834795952,9.881961887003854e-05,,6.022820889484137e-05,,0.21155309677124023,,0.1371667981147766,,6.577941530849785e-05,,
,0.001,291,,,,,,,,,,,,,,,,,,
291,,291,,,,,,,,,8.237022848334163e-05,,4.97981600346975e-05,,0.2109498679637909,,0.13710400462150574,,6.387331814039499e-05,0.03567884862422943
291,,291,0.9846957325935364,1.0,1.0,0.923828125,0.9375,1.0,0.03567884862422943,8.237022848334163e-05,,4.97981600346975e-05,,0.2109498679637909,,0.13710400462150574,,6.387331814039499e-05,,
,0.001,292,,,,,,,,,,,,,,,,,,
292,,292,,,,,,,,,7.70062324590981e-05,,4.6549917897209525e-05,,0.21053805947303772,,0.13721472024917603,,6.26583569101058e-05,0.03567934036254883
292,,292,0.9846041202545166,1.0,1.0,0.921875,0.9375,1.0,0.03567934036254883,7.70062324590981e-05,,4.6549917897209525e-05,,0.21053805947303772,,0.13721472024917603,,6.26583569101058e-05,,
,0.001,293,,,,,,,,,,,,,,,,,,
293,,293,,,,,,,,,7.188061863416806e-05,,4.362945765024051e-05,,0.2106994241476059,,0.1375647336244583,,6.212168955244124e-05,0.035752151161432266
293,,293,0.9846957325935364,1.0,1.0,0.923828125,0.9375,1.0,0.035752151161432266,7.188061863416806e-05,,4.362945765024051e-05,,0.2106994241476059,,0.1375647336244583,,6.212168955244124e-05,,
,0.001,294,,,,,,,,,,,,,,,,,,
294,,294,,,,,,,,,6.305972783593461e-05,,3.713288242579438e-05,,0.2108488380908966,,0.137920081615448,,6.020712316967547e-05,0.03582431375980377
294,,294,0.9846957325935364,1.0,1.0,0.923828125,0.9375,1.0,0.03582431375980377,6.305972783593461e-05,,3.713288242579438e-05,,0.2108488380908966,,0.137920081615448,,6.020712316967547e-05,,
,0.001,295,,,,,,,,,,,,,,,,,,
295,,295,,,,,,,,,6.19869097135961e-05,,3.4659406082937494e-05,,0.2104230523109436,,0.1380186378955841,,5.7985325838672e-05,0.035821132361888885
295,,295,0.9846957325935364,1.0,1.0,0.923828125,0.9375,1.0,0.035821132361888885,6.19869097135961e-05,,3.4659406082937494e-05,,0.2104230523109436,,0.1380186378955841,,5.7985325838672e-05,,
,0.001,296,,,,,,,,,,,,,,,,,,
296,,296,,,,,,,,,6.246371776796877e-05,,3.173889490426518e-05,,0.2106713205575943,,0.137472003698349,,5.603718454949558e-05,0.03572869300842285
296,,296,0.9846957325935364,1.0,1.0,0.923828125,0.9375,1.0,0.03572869300842285,6.246371776796877e-05,,3.173889490426518e-05,,0.2106713205575943,,0.137472003698349,,5.603718454949558e-05,,
,0.001,297,,,,,,,,,,,,,,,,,,
297,,297,,,,,,,,,5.686121585313231e-05,,2.8490558179328218e-05,,0.21097266674041748,,0.13773557543754578,,5.646442514262162e-05,0.03579256683588028
297,,297,0.9844208359718323,1.0,1.0,0.921875,0.9365234375,1.0,0.03579256683588028,5.686121585313231e-05,,2.8490558179328218e-05,,0.21097266674041748,,0.13773557543754578,,5.646442514262162e-05,,
,0.001,298,,,,,,,,,,,,,,,,,,
298,,298,,,,,,,,,6.05564855504781e-05,,2.6881292797042988e-05,,0.2107246369123459,,0.1386469304561615,,5.582149969995953e-05,0.035951483994722366
298,,298,0.9846957325935364,1.0,1.0,0.923828125,0.9375,1.0,0.035951483994722366,6.05564855504781e-05,,2.6881292797042988e-05,,0.2107246369123459,,0.1386469304561615,,5.582149969995953e-05,,
,0.001,299,,,,,,,,,,,,,,,,,,
299,,299,,,,,,,,,6.0437283536884934e-05,,2.6434270694153383e-05,,0.21046686172485352,,0.13907600939273834,,5.562667138292454e-05,0.03601976856589317
299,,299,0.984237551689148,1.0,1.0,0.921875,0.935546875,1.0,0.03601976856589317,6.0437283536884934e-05,,2.6434270694153383e-05,,0.21046686172485352,,0.13907600939273834,,5.562667138292454e-05,,
