epoch,lr-AdamW,step,train/acc,train/acc_s0_1,train/acc_s1_2,train/acc_s2_4,train/acc_s3_8,train/acc_s4_16,train/acc_s5_32,train/loss_epoch,train/loss_s0_1_epoch,train/loss_s0_1_step,train/loss_s1_2_epoch,train/loss_s1_2_step,train/loss_s2_4_epoch,train/loss_s2_4_step,train/loss_s3_8_epoch,train/loss_s3_8_step,train/loss_s4_16_epoch,train/loss_s4_16_step,train/loss_s5_32_epoch,train/loss_s5_32_step,train/loss_step,val/acc,val/acc_s0_1,val/acc_s1_2,val/acc_s2_4,val/acc_s3_8,val/acc_s4_16,val/acc_s5_32,val/loss,val/loss_s0_1,val/loss_s1_2,val/loss_s2_4,val/loss_s3_8,val/loss_s4_16,val/loss_s5_32
,0.0002799038105676658,5835,,,,,,,,,,,,,,,,,,,,,,,,,,,,,,,,,,,
5,,5839,,,,,,,,,,6.92903995513916e-07,,2.1439045667648315e-06,,0.29510509967803955,,0.26625391840934753,,0.03230777382850647,,0.0020526647567749023,0.023541875183582306,,,,,,,,,,,,,,
5,,5849,,,,,,,,,,1.1585652828216553e-06,,4.220288246870041e-06,,0.2645326256752014,,0.29033464193344116,,0.02619822882115841,,0.0018216893076896667,0.02299349009990692,,,,,,,,,,,,,,
5,,5859,,,,,,,,,,6.128102540969849e-07,,7.827766239643097e-07,,0.2887440323829651,,0.25332456827163696,,0.03701125085353851,,0.0018333474872633815,0.023578686639666557,,,,,,,,,,,,,,
5,,5869,,,,,,,,,,6.966292858123779e-07,,6.661750376224518e-06,,0.296889990568161,,0.25636863708496094,,0.042355600744485855,,0.001966997515410185,0.02491948753595352,,,,,,,,,,,,,,
5,,5879,,,,,,,,,,2.952292561531067e-06,,1.9990839064121246e-06,,0.2532956004142761,,0.2814871072769165,,0.03167404979467392,,0.0016664002323523164,0.023357411846518517,,,,,,,,,,,,,,
5,,5889,,,,,,,,,,8.828938007354736e-07,,1.0477378964424133e-06,,0.3086336851119995,,0.24955247342586517,,0.03733482211828232,,0.0017530875047668815,0.023635443300008774,,,,,,,,,,,,,,
5,,5899,,,,,,,,,,2.6263296604156494e-07,,6.565824151039124e-07,,0.2694034278392792,,0.27614259719848633,,0.0339646190404892,,0.0017836657352745533,0.023813188076019287,,,,,,,,,,,,,,
5,,5909,,,,,,,,,,1.383945345878601e-06,,1.462642103433609e-06,,0.2875792980194092,,0.26160621643066406,,0.036397747695446014,,0.0019782281015068293,0.023946963250637054,,,,,,,,,,,,,,
5,,5919,,,,,,,,,,4.3958425521850586e-07,,5.806796252727509e-07,,0.2742144465446472,,0.27291616797447205,,0.032075461000204086,,0.0026464792899787426,0.024011269211769104,,,,,,,,,,,,,,
5,,5929,,,,,,,,,,1.0896474123001099e-06,,3.5548582673072815e-06,,0.2899094820022583,,0.24476635456085205,,0.038372576236724854,,0.0016655781073495746,0.023320546373724937,,,,,,,,,,,,,,
5,,5939,,,,,,,,,,1.171603798866272e-06,,1.7597340047359467e-06,,0.3482578992843628,,0.23814377188682556,,0.030633237212896347,,0.0017475096974521875,0.022303951904177666,,,,,,,,,,,,,,
5,,5949,,,,,,,,,,2.60770320892334e-07,,1.494772732257843e-06,,0.33222582936286926,,0.2612290382385254,,0.028636891394853592,,0.0025626018177717924,0.023435477167367935,,,,,,,,,,,,,,
5,,5959,,,,,,,,,,1.2405216693878174e-06,,8.749775588512421e-07,,0.2972846031188965,,0.2602787911891937,,0.0331619568169117,,0.0020713850390166044,0.023461509495973587,,,,,,,,,,,,,,
5,,5969,,,,,,,,,,4.5634806156158447e-07,,6.970949470996857e-07,,0.29159653186798096,,0.26131606101989746,,0.033371031284332275,,0.0020098830573260784,0.023436542600393295,,,,,,,,,,,,,,
5,,5979,,,,,,,,,,4.325062036514282e-06,,4.625879228115082e-06,,0.29873818159103394,,0.25789421796798706,,0.03405272215604782,,0.001991614233702421,0.02347397431731224,,,,,,,,,,,,,,
5,,5989,,,,,,,,,,6.724148988723755e-07,,1.4314427971839905e-06,,0.3180185556411743,,0.24184051156044006,,0.03627318888902664,,0.00206413259729743,0.02341809868812561,,,,,,,,,,,,,,
5,,5999,,,,,,,,,,1.0617077350616455e-06,,9.043142199516296e-07,,0.2881910800933838,,0.25885820388793945,,0.031022250652313232,,0.0019692410714924335,0.02281039208173752,,,,,,,,,,,,,,
5,,6009,,,,,,,,,,5.252659320831299e-07,,6.793998181819916e-07,,0.3357942998409271,,0.24792829155921936,,0.03322136029601097,,0.0024733426980674267,0.0236465185880661,,,,,,,,,,,,,,
5,,6019,,,,,,,,,,3.2223761081695557e-07,,9.378418326377869e-07,,0.3103393316268921,,0.23938700556755066,,0.045797742903232574,,0.001939210225827992,0.024905622005462646,,,,,,,,,,,,,,
5,,6029,,,,,,,,,,9.145587682723999e-07,,1.6991980373859406e-06,,0.28474825620651245,,0.26285940408706665,,0.03664074093103409,,0.002038738690316677,0.02406350150704384,,,,,,,,,,,,,,
5,,6039,,,,,,,,,,3.5762786865234375e-07,,1.8142163753509521e-06,,0.29578351974487305,,0.2482529878616333,,0.041013941168785095,,0.002316901460289955,0.0245368592441082,,,,,,,,,,,,,,
5,,6049,,,,,,,,,,1.0710209608078003e-06,,1.6647391021251678e-06,,0.3576233983039856,,0.24836605787277222,,0.0399511381983757,,0.0022301622666418552,0.025002626702189445,,,,,,,,,,,,,,
5,,6059,,,,,,,,,,7.506459951400757e-07,,5.248934030532837e-06,,0.30452144145965576,,0.2539895176887512,,0.041651129722595215,,0.0026276111602783203,0.025260847061872482,,,,,,,,,,,,,,
5,,6069,,,,,,,,,,4.78699803352356e-07,,1.1362135410308838e-06,,0.2942894697189331,,0.24659046530723572,,0.0447729267179966,,0.0017215819098055363,0.024699779227375984,,,,,,,,,,,,,,
5,,6079,,,,,,,,,,1.3224780559539795e-06,,1.7464160919189453e-05,,0.2794930934906006,,0.2637456953525543,,0.03481622040271759,,0.0015570825198665261,0.02333999238908291,,,,,,,,,,,,,,
5,,6089,,,,,,,,,,6.07222318649292e-07,,3.112945705652237e-06,,0.3121720254421234,,0.2615033984184265,,0.033191196620464325,,0.001982182962819934,0.023632004857063293,,,,,,,,,,,,,,
5,,6099,,,,,,,,,,1.387670636177063e-06,,3.930181264877319e-06,,0.2909657061100006,,0.2600327134132385,,0.03659974783658981,,0.001993565121665597,0.02396227791905403,,,,,,,,,,,,,,
5,,6109,,,,,,,,,,4.0605664253234863e-07,,4.30690124630928e-06,,0.31138670444488525,,0.24536782503128052,,0.032559435814619064,,0.0012806812301278114,0.0222215224057436,,,,,,,,,,,,,,
5,,6119,,,,,,,,,,1.473352313041687e-06,,1.745671033859253e-05,,0.27688145637512207,,0.2623699903488159,,0.041890986263751984,,0.001334081287495792,0.024404428899288177,,,,,,,,,,,,,,
5,,6129,,,,,,,,,,1.426786184310913e-06,,4.680361598730087e-06,,0.2842119336128235,,0.2596520483493805,,0.04044945165514946,,0.0009224243694916368,0.023783709853887558,,,,,,,,,,,,,,
5,,6139,,,,,,,,,,1.9352883100509644e-06,,5.6568533182144165e-06,,0.26884371042251587,,0.2652282416820526,,0.0401090607047081,,0.0022616193164139986,0.024805823341012,,,,,,,,,,,,,,
5,,6149,,,,,,,,,,5.997717380523682e-07,,9.005889296531677e-07,,0.24300485849380493,,0.2688445746898651,,0.03261195495724678,,0.0020687193609774113,0.023121731355786324,,,,,,,,,,,,,,
5,,6159,,,,,,,,,,6.854534149169922e-07,,1.916196197271347e-06,,0.29611143469810486,,0.26571124792099,,0.03499101102352142,,0.0031992667354643345,0.024891618639230728,,,,,,,,,,,,,,
5,,6169,,,,,,,,,,1.1567026376724243e-06,,3.2419338822364807e-06,,0.2915370762348175,,0.2594233453273773,,0.028830546885728836,,0.001755608944222331,0.02230481058359146,,,,,,,,,,,,,,
5,,6179,,,,,,,,,,7.692724466323853e-06,,2.550426870584488e-06,,0.29411014914512634,,0.2611847519874573,,0.03345126658678055,,0.0022056386806070805,0.023621760308742523,,,,,,,,,,,,,,
5,,6189,,,,,,,,,,3.7383288145065308e-06,,1.7327256500720978e-06,,0.26700228452682495,,0.25668200850486755,,0.033203013241291046,,0.0017811316065490246,0.02272787317633629,,,,,,,,,,,,,,
5,,6199,,,,,,,,,,5.774199962615967e-06,,1.0346993803977966e-06,,0.3151628375053406,,0.25441089272499084,,0.04091314226388931,,0.0010787405772134662,0.02410498820245266,,,,,,,,,,,,,,
5,,6209,,,,,,,,,,1.1641532182693481e-06,,2.237502485513687e-06,,0.3002561628818512,,0.24975012242794037,,0.03511631861329079,,0.0015433970838785172,0.022973136976361275,,,,,,,,,,,,,,
5,,6219,,,,,,,,,,5.792826414108276e-07,,1.3690441846847534e-06,,0.3035008907318115,,0.25575709342956543,,0.03849371522665024,,0.0026871031150221825,0.02478422038257122,,,,,,,,,,,,,,
5,,6229,,,,,,,,,,4.470348358154297e-07,,4.612375050783157e-06,,0.2945594787597656,,0.24032056331634521,,0.029445916414260864,,0.001823154278099537,0.02161066047847271,,,,,,,,,,,,,,
5,,6239,,,,,,,,,,7.133930921554565e-07,,2.79303640127182e-06,,0.3065609633922577,,0.2537999153137207,,0.026152420789003372,,0.001923218136653304,0.021840715780854225,,,,,,,,,,,,,,
5,,6249,,,,,,,,,,3.296881914138794e-06,,4.190020263195038e-06,,0.27043449878692627,,0.2556263208389282,,0.032084546983242035,,0.0017748021055012941,0.022504102438688278,,,,,,,,,,,,,,
5,,6259,,,,,,,,,,1.2658536434173584e-05,,1.4768913388252258e-05,,0.2866533696651459,,0.2550802230834961,,0.036009207367897034,,0.00224920641630888,0.023760590702295303,,,,,,,,,,,,,,
5,,6269,,,,,,,,,,1.4454126358032227e-06,,3.0370429158210754e-06,,0.2824573516845703,,0.2641083300113678,,0.034739717841148376,,0.0024525783956050873,0.02404913678765297,,,,,,,,,,,,,,
5,,6279,,,,,,,,,,4.0046870708465576e-07,,1.4156103134155273e-06,,0.32140088081359863,,0.2526155114173889,,0.03251764550805092,,0.002258694963529706,0.023404568433761597,,,,,,,,,,,,,,
5,,6289,,,,,,,,,,4.2654573917388916e-07,,8.600763976573944e-07,,0.3271366357803345,,0.2634825110435486,,0.03209518641233444,,0.0018856525421142578,0.02362223155796528,,,,,,,,,,,,,,
5,,6299,,,,,,,,,,3.812834620475769e-06,,1.6186386346817017e-06,,0.27461791038513184,,0.27932798862457275,,0.03641662746667862,,0.00189846137072891,0.024569649249315262,,,,,,,,,,,,,,
5,,6309,,,,,,,,,,8.028000593185425e-07,,2.5047920644283295e-06,,0.3472709059715271,,0.248002290725708,,0.03154173493385315,,0.0018476496916264296,0.023000122979283333,,,,,,,,,,,,,,
5,,6319,,,,,,,,,,8.21426510810852e-07,,8.712522685527802e-07,,0.3054885268211365,,0.23805667459964752,,0.03097681514918804,,0.0012464567553251982,0.021487094461917877,,,,,,,,,,,,,,
5,,6329,,,,,,,,,,1.169741153717041e-06,,1.3774260878562927e-06,,0.33288779854774475,,0.24513524770736694,,0.03721161186695099,,0.0014561087591573596,0.02346673794090748,,,,,,,,,,,,,,
5,,6339,,,,,,,,,,3.650784492492676e-07,,7.962808012962341e-07,,0.32039716839790344,,0.2366258203983307,,0.03577812761068344,,0.0013788770884275436,0.022594565525650978,,,,,,,,,,,,,,
5,,6349,,,,,,,,,,2.695247530937195e-06,,2.9766932129859924e-05,,0.3027438521385193,,0.24659483134746552,,0.031766168773174286,,0.002684248611330986,0.023081980645656586,,,,,,,,,,,,,,
5,,6359,,,,,,,,,,9.350478649139404e-07,,1.4565885066986084e-06,,0.28304213285446167,,0.26951438188552856,,0.03200254589319229,,0.00152925169095397,0.02310344949364662,,,,,,,,,,,,,,
5,,6369,,,,,,,,,,4.0978193283081055e-07,,2.828892320394516e-06,,0.30853796005249023,,0.25057992339134216,,0.0330776646733284,,0.0015745052369311452,0.022750116884708405,,,,,,,,,,,,,,
5,,6379,,,,,,,,,,9.257346391677856e-07,,2.562999725341797e-06,,0.2918570935726166,,0.24927009642124176,,0.030965428799390793,,0.0013054009759798646,0.021895159035921097,,,,,,,,,,,,,,
5,,6389,,,,,,,,,,1.3690441846847534e-06,,2.0996667444705963e-06,,0.24588093161582947,,0.259580135345459,,0.03981038182973862,,0.002094138180837035,0.024090174585580826,,,,,,,,,,,,,,
5,,6399,,,,,,,,,,3.6973506212234497e-06,,6.0051679611206055e-06,,0.3272978663444519,,0.24284100532531738,,0.03427838906645775,,0.0013558723730966449,0.022668350487947464,,,,,,,,,,,,,,
5,,6409,,,,,,,,,,7.320195436477661e-07,,3.3993273973464966e-06,,0.29110416769981384,,0.280882865190506,,0.029114365577697754,,0.001528534572571516,0.023188777267932892,,,,,,,,,,,,,,
5,,6419,,,,,,,,,,8.288770914077759e-07,,1.03008933365345e-05,,0.27532219886779785,,0.268224835395813,,0.034751877188682556,,0.0021852334029972553,0.023960253223776817,,,,,,,,,,,,,,
5,,6429,,,,,,,,,,1.0300427675247192e-06,,2.2226013243198395e-06,,0.2982093393802643,,0.25286296010017395,,0.03792529180645943,,0.0014742055209353566,0.023570001125335693,,,,,,,,,,,,,,
5,,6439,,,,,,,,,,2.4493783712387085e-06,,3.341119736433029e-06,,0.2806045114994049,,0.2626330256462097,,0.029023684561252594,,0.001278510084375739,0.022005466744303703,,,,,,,,,,,,,,
5,,6449,,,,,,,,,,7.832422852516174e-06,,1.6256235539913177e-05,,0.2982029914855957,,0.24991315603256226,,0.0298239067196846,,0.002265963703393936,0.022506248205900192,,,,,,,,,,,,,,
5,,6459,,,,,,,,,,1.7080456018447876e-06,,2.5173649191856384e-06,,0.25848400592803955,,0.26507270336151123,,0.030773799866437912,,0.0016804167535156012,0.02249029092490673,,,,,,,,,,,,,,
5,,6469,,,,,,,,,,2.93925404548645e-06,,5.824025720357895e-06,,0.24463485181331635,,0.2776363492012024,,0.03383062034845352,,0.0014150429051369429,0.023291248828172684,,,,,,,,,,,,,,
5,,6479,,,,,,,,,,1.6763806343078613e-06,,1.5910714864730835e-05,,0.2834065556526184,,0.2559032440185547,,0.03298702463507652,,0.0018783295527100563,0.022916091606020927,,,,,,,,,,,,,,
5,,6489,,,,,,,,,,2.0153820514678955e-06,,1.2604054063558578e-05,,0.2963302731513977,,0.26509469747543335,,0.037437744438648224,,0.0024247029796242714,0.02474311925470829,,,,,,,,,,,,,,
5,,6499,,,,,,,,,,8.653849363327026e-06,,5.6568533182144165e-06,,0.2968749403953552,,0.2551095485687256,,0.03339020162820816,,0.0015529482625424862,0.022868243977427483,,,,,,,,,,,,,,
5,,6509,,,,,,,,,,2.1141022443771362e-06,,4.273373633623123e-06,,0.3136221170425415,,0.24487444758415222,,0.03781009465456009,,0.001768653281033039,0.023575402796268463,,,,,,,,,,,,,,
5,,6519,,,,,,,,,,3.1404197216033936e-06,,7.385388016700745e-07,,0.3197386860847473,,0.23094159364700317,,0.034959450364112854,,0.0015604653162881732,0.02230302058160305,,,,,,,,,,,,,,
5,,6529,,,,,,,,,,4.3585896492004395e-07,,5.7122670114040375e-06,,0.3129670023918152,,0.2513706386089325,,0.03412901610136032,,0.0018768615555018187,0.02326311357319355,,,,,,,,,,,,,,
5,,6539,,,,,,,,,,5.029141902923584e-07,,2.7222558856010437e-06,,0.26489710807800293,,0.26828891038894653,,0.03486010804772377,,0.0016366650816053152,0.023449808359146118,,,,,,,,,,,,,,
5,,6549,,,,,,,,,,1.560896635055542e-06,,3.107357770204544e-06,,0.29502546787261963,,0.25157788395881653,,0.033915936946868896,,0.0023310347460210323,0.023363271728157997,,,,,,,,,,,,,,
5,,6559,,,,,,,,,,1.8943101167678833e-06,,4.385598003864288e-06,,0.27516546845436096,,0.2766764163970947,,0.03087202087044716,,0.002111399080604315,0.023571623489260674,,,,,,,,,,,,,,
5,,6569,,,,,,,,,,1.607462763786316e-06,,3.0389055609703064e-06,,0.31809425354003906,,0.22386139631271362,,0.03215482085943222,,0.0021652807481586933,0.021879510954022408,,,,,,,,,,,,,,
5,,6579,,,,,,,,,,8.627772331237793e-06,,9.090639650821686e-06,,0.2835004925727844,,0.25590094923973083,,0.038384124636650085,,0.001552680041640997,0.023684978485107422,,,,,,,,,,,,,,
5,,6589,,,,,,,,,,1.8086284399032593e-06,,3.6833807826042175e-06,,0.2703906297683716,,0.2680731415748596,,0.043586745858192444,,0.0019205417484045029,0.0253536906093359,,,,,,,,,,,,,,
5,,6599,,,,,,,,,,9.55536961555481e-07,,2.5345943868160248e-06,,0.29125094413757324,,0.2540495693683624,,0.03160722553730011,,0.001886317040771246,0.022668305784463882,,,,,,,,,,,,,,
5,,6609,,,,,,,,,,2.650544047355652e-06,,3.4784898161888123e-06,,0.28816449642181396,,0.2414478361606598,,0.03362610191106796,,0.0011941185221076012,0.021900638937950134,,,,,,,,,,,,,,
5,,6619,,,,,,,,,,5.979090929031372e-07,,8.703954517841339e-05,,0.25845208764076233,,0.24917072057724,,0.03955540806055069,,0.0018025962635874748,0.023483186960220337,,,,,,,,,,,,,,
5,,6629,,,,,,,,,,2.6654452085494995e-06,,7.56559893488884e-06,,0.3159404993057251,,0.2518545389175415,,0.030351854860782623,,0.0016040292102843523,0.022407598793506622,,,,,,,,,,,,,,
5,,6639,,,,,,,,,,8.605420589447021e-07,,1.5157274901866913e-06,,0.2704077959060669,,0.2668646574020386,,0.03481799364089966,,0.0015213342849165201,0.023353204131126404,,,,,,,,,,,,,,
5,,6649,,,,,,,,,,5.62518835067749e-07,,4.459638148546219e-06,,0.2852659225463867,,0.2561664581298828,,0.02838500589132309,,0.0012813410721719265,0.021639255806803703,,,,,,,,,,,,,,
5,,6659,,,,,,,,,,4.898756742477417e-07,,1.97533518075943e-06,,0.2729535698890686,,0.26543521881103516,,0.03280632197856903,,0.0017320378683507442,0.023096811026334763,,,,,,,,,,,,,,
5,,6669,,,,,,,,,,1.564621925354004e-06,,4.312489181756973e-06,,0.3177957236766815,,0.24238088726997375,,0.02659621089696884,,0.0019033823627978563,0.021505363285541534,,,,,,,,,,,,,,
5,,6679,,,,,,,,,,5.8319419622421265e-06,,5.1264651119709015e-06,,0.2928566336631775,,0.26268842816352844,,0.03321654722094536,,0.0019252256024628878,0.023423194885253906,,,,,,,,,,,,,,
5,,6689,,,,,,,,,,6.258487701416016e-07,,2.7064234018325806e-06,,0.2734225392341614,,0.2508063316345215,,0.041258662939071655,,0.0017867246642708778,0.024042638018727303,,,,,,,,,,,,,,
5,,6699,,,,,,,,,,1.2479722499847412e-06,,8.667539805173874e-05,,0.25228235125541687,,0.2705501317977905,,0.02930949442088604,,0.0019016263540834188,0.022565986961126328,,,,,,,,,,,,,,
5,,6709,,,,,,,,,,7.431954145431519e-07,,1.7401762306690216e-06,,0.30605900287628174,,0.2492096722126007,,0.0291253924369812,,0.0022379043512046337,0.02241325005888939,,,,,,,,,,,,,,
5,,6719,,,,,,,,,,2.337619662284851e-06,,9.50181856751442e-06,,0.2892550230026245,,0.24938681721687317,,0.03894181549549103,,0.0020916792564094067,0.023955941200256348,,,,,,,,,,,,,,
5,,6729,,,,,,,,,,5.401670932769775e-07,,1.0477378964424133e-06,,0.32471317052841187,,0.2638291120529175,,0.030546993017196655,,0.0018169654067605734,0.023268193006515503,,,,,,,,,,,,,,
5,,6739,,,,,,,,,,1.993030309677124e-07,,6.281770765781403e-07,,0.2850183844566345,,0.2596774101257324,,0.03200143203139305,,0.002108743181452155,0.023099904879927635,,,,,,,,,,,,,,
5,,6749,,,,,,,,,,1.039355993270874e-06,,1.7620623111724854e-06,,0.28240713477134705,,0.25906020402908325,,0.03247949481010437,,0.0016695813974365592,0.022800570353865623,,,,,,,,,,,,,,
5,,6759,,,,,,,,,,7.897615432739258e-07,,5.910638719797134e-06,,0.31803739070892334,,0.24485959112644196,,0.02921435609459877,,0.00157404865603894,0.021868377923965454,,,,,,,,,,,,,,
5,,6769,,,,,,,,,,5.010515451431274e-07,,1.3085082173347473e-06,,0.30057233572006226,,0.26090648770332336,,0.03243287652730942,,0.0024537649005651474,0.023679597303271294,,,,,,,,,,,,,,
5,,6779,,,,,,,,,,1.4044344425201416e-06,,3.3248215913772583e-06,,0.31756624579429626,,0.24334178864955902,,0.03231416642665863,,0.0016890179831534624,0.02245929092168808,,,,,,,,,,,,,,
5,,6789,,,,,,,,,,6.686896085739136e-07,,1.2615695595741272e-05,,0.284577339887619,,0.2562020719051361,,0.022997166961431503,,0.0020874589681625366,0.021227147430181503,,,,,,,,,,,,,,
5,,6799,,,,,,,,,,8.009374141693115e-07,,2.3515895009040833e-06,,0.27910828590393066,,0.2643744647502899,,0.030232297256588936,,0.0015440506394952536,0.022495446726679802,,,,,,,,,,,,,,
5,,6809,,,,,,,,,,4.7124922275543213e-07,,3.693625330924988e-06,,0.2900632321834564,,0.25101980566978455,,0.03256889805197716,,0.0013703739969059825,0.02230563946068287,,,,,,,,,,,,,,
5,,6819,,,,,,,,,,3.948807716369629e-07,,5.43985515832901e-06,,0.2959991991519928,,0.24527642130851746,,0.03760754317045212,,0.001597012858837843,0.023220933973789215,,,,,,,,,,,,,,
5,,6829,,,,,,,,,,3.2223761081695557e-07,,7.138587534427643e-07,,0.3354574739933014,,0.2306852489709854,,0.033992234617471695,,0.0015142488991841674,0.02225918136537075,,,,,,,,,,,,,,
5,,6839,,,,,,,,,,8.512288331985474e-07,,1.0277610272169113e-05,,0.2816087007522583,,0.25146326422691345,,0.039879873394966125,,0.0020866075064986944,0.02413579635322094,,,,,,,,,,,,,,
5,,6849,,,,,,,,,,2.952292561531067e-06,,5.466397851705551e-06,,0.26178282499313354,,0.25811854004859924,,0.03615691512823105,,0.0010425593936815858,0.022733984515070915,,,,,,,,,,,,,,
5,,6859,,,,,,,,,,2.9373914003372192e-06,,3.1637027859687805e-06,,0.27032315731048584,,0.26520293951034546,,0.040109362453222275,,0.0016026191879063845,0.024327658116817474,,,,,,,,,,,,,,
5,,6869,,,,,,,,,,2.386048436164856e-06,,8.10716301202774e-06,,0.2663499712944031,,0.271420955657959,,0.03043978661298752,,0.0018743708496913314,0.022963017225265503,,,,,,,,,,,,,,
5,,6879,,,,,,,,,,1.55717134475708e-06,,7.348600775003433e-06,,0.27504104375839233,,0.2594887912273407,,0.033582255244255066,,0.0018231372814625502,0.023056352511048317,,,,,,,,,,,,,,
5,,6889,,,,,,,,,,5.103647708892822e-07,,9.853392839431763e-07,,0.273958295583725,,0.2479282021522522,,0.03513866662979126,,0.00109012215398252,0.02224360965192318,,,,,,,,,,,,,,
5,,6899,,,,,,,,,,5.6438148021698e-06,,1.9920989871025085e-06,,0.2931444048881531,,0.26658013463020325,,0.027960926294326782,,0.0011462385300546885,0.02203897386789322,,,,,,,,,,,,,,
5,,6909,,,,,,,,,,6.742775440216064e-07,,7.287599146366119e-07,,0.26695406436920166,,0.2671404480934143,,0.03551971912384033,,0.0015918700955808163,0.023510169237852097,,,,,,,,,,,,,,
5,,6919,,,,,,,,,,2.950429916381836e-06,,7.147900760173798e-06,,0.29285672307014465,,0.2596309185028076,,0.029701698571443558,,0.0017671376699581742,0.022502053529024124,,,,,,,,,,,,,,
5,,6929,,,,,,,,,,7.580965757369995e-07,,1.5115365386009216e-06,,0.325039267539978,,0.24954402446746826,,0.030949728563427925,,0.0014666654169559479,0.022414980456233025,,,,,,,,,,,,,,
5,,6939,,,,,,,,,,1.7844140529632568e-06,,1.9068829715251923e-06,,0.313654363155365,,0.26184460520744324,,0.02794676274061203,,0.0015515144914388657,0.022358722984790802,,,,,,,,,,,,,,
5,,6949,,,,,,,,,,1.346692442893982e-06,,7.105991244316101e-07,,0.28613749146461487,,0.269835889339447,,0.03082815557718277,,0.0013946485705673695,0.022833574563264847,,,,,,,,,,,,,,
5,,6959,,,,,,,,,,1.4360994100570679e-06,,2.016313374042511e-06,,0.35049328207969666,,0.2286830097436905,,0.03495078906416893,,0.0015800439286977053,0.022570684552192688,,,,,,,,,,,,,,
5,,6969,,,,,,,,,,1.942738890647888e-06,,3.67872416973114e-07,,0.267592191696167,,0.2541714906692505,,0.030845781788229942,,0.0018668079283088446,0.022239258512854576,,,,,,,,,,,,,,
5,,6979,,,,,,,,,,2.9373914003372192e-06,,2.100132405757904e-06,,0.3027994632720947,,0.23527055978775024,,0.031960830092430115,,0.0017603646265342832,0.021895023062825203,,,,,,,,,,,,,,
5,,6989,,,,,,,,,,1.7862766981124878e-05,,8.870847523212433e-07,,0.3013651967048645,,0.27828195691108704,,0.03356199711561203,,0.001702985493466258,0.0241521168500185,,,,,,,,,,,,,,
5,,6999,,,,,,,,,,7.208436727523804e-06,,8.414499461650848e-07,,0.28122860193252563,,0.2602190673351288,,0.04071500524878502,,0.0018450862262398005,0.02451728843152523,,,,,,,,,,,,,,
5,,7001,,,,,,,,,,,,,,,,,,,,,,0.9919512867927551,1.0,1.0,0.9212272763252258,0.9067023992538452,0.9870300889015198,0.999575138092041,0.02133958600461483,0.0,0.0,0.29799866676330566,0.25116828083992004,0.028298839926719666,0.0010168779408559203
5,,7001,0.9913919568061829,1.0,1.0,0.9231616258621216,0.9048891067504883,0.9854990839958191,0.9992967247962952,0.02316136471927166,2.1139244381629396e-06,,5.518238140211906e-06,,0.29388490319252014,,0.2562529742717743,,0.03370070084929466,,0.0018413206562399864,,,,,,,,,,,,,,,,
,0.0002713525491562421,7002,,,,,,,,,,,,,,,,,,,,,,,,,,,,,,,,,,,
6,,7009,,,,,,,,,,1.993030309677124e-07,,1.9418075680732727e-07,,0.25054800510406494,,0.2789549231529236,,0.032397206872701645,,0.0028109666891396046,0.02420073375105858,,,,,,,,,,,,,,
6,,7019,,,,,,,,,,1.2014061212539673e-06,,1.9832514226436615e-06,,0.2727123200893402,,0.2749503254890442,,0.027890590950846672,,0.0011236995924264193,0.022161824628710747,,,,,,,,,,,,,,
6,,7029,,,,,,,,,,5.401670932769775e-07,,2.8833746910095215e-06,,0.29554104804992676,,0.2550034523010254,,0.034348681569099426,,0.0020887814462184906,0.023429350927472115,,,,,,,,,,,,,,
6,,7039,,,,,,,,,,4.6193599700927734e-07,,3.413297235965729e-07,,0.3154512047767639,,0.24103909730911255,,0.03211238235235214,,0.0018379617249593139,0.022400416433811188,,,,,,,,,,,,,,
6,,7049,,,,,,,,,,6.4354389905929565e-06,,6.947200745344162e-06,,0.3147936463356018,,0.23416098952293396,,0.03146630525588989,,0.0018925569020211697,0.021990029141306877,,,,,,,,,,,,,,
6,,7059,,,,,,,,,,3.3192336559295654e-06,,1.5702098608016968e-06,,0.300817608833313,,0.25222882628440857,,0.029042962938547134,,0.0011501580011099577,0.021661901846528053,,,,,,,,,,,,,,
6,,7069,,,,,,,,,,2.0135194063186646e-06,,8.735805749893188e-07,,0.2795969843864441,,0.2654661536216736,,0.03228720650076866,,0.0011841420782729983,0.022667748853564262,,,,,,,,,,,,,,
6,,7079,,,,,,,,,,2.4177134037017822e-06,,8.177012205123901e-07,,0.29879796504974365,,0.2623511552810669,,0.0373334065079689,,0.001394038088619709,0.023850619792938232,,,,,,,,,,,,,,
6,,7089,,,,,,,,,,3.2689422369003296e-06,,4.484318196773529e-07,,0.2982524633407593,,0.25234872102737427,,0.03110174462199211,,0.0012935393024235964,0.02213113382458687,,,,,,,,,,,,,,
6,,7099,,,,,,,,,,2.0470470190048218e-06,,3.0174851417541504e-07,,0.2882823944091797,,0.24862952530384064,,0.03795698285102844,,0.0025023052003234625,0.0240323506295681,,,,,,,,,,,,,,
6,,7109,,,,,,,,,,4.284083843231201e-07,,4.1816383600234985e-07,,0.32387417554855347,,0.24735333025455475,,0.027987470850348473,,0.0014236010611057281,0.021710742264986038,,,,,,,,,,,,,,
6,,7119,,,,,,,,,,7.059425115585327e-07,,2.3548491299152374e-06,,0.25953802466392517,,0.25503766536712646,,0.030505027621984482,,0.001423380570486188,0.021788908168673515,,,,,,,,,,,,,,
6,,7129,,,,,,,,,,4.0605664253234863e-07,,5.452893674373627e-07,,0.27585655450820923,,0.266899049282074,,0.02814105898141861,,0.001414202037267387,0.02208608202636242,,,,,,,,,,,,,,
6,,7139,,,,,,,,,,5.867332220077515e-07,,2.08965502679348e-05,,0.2995796799659729,,0.24966216087341309,,0.030769668519496918,,0.0012741799000650644,0.02194398082792759,,,,,,,,,,,,,,
6,,7149,,,,,,,,,,4.880130290985107e-07,,9.778887033462524e-07,,0.2830997407436371,,0.2550705075263977,,0.04817888140678406,,0.0016595119377598166,0.02555842138826847,,,,,,,,,,,,,,
6,,7159,,,,,,,,,,4.103407263755798e-06,,1.3941898941993713e-06,,0.29792678356170654,,0.2563766539096832,,0.02822793275117874,,0.0013805662747472525,0.021842487156391144,,,,,,,,,,,,,,
6,,7169,,,,,,,,,,1.5752390027046204e-05,,4.2142346501350403e-07,,0.25718554854393005,,0.2739013135433197,,0.036838799715042114,,0.0017519614193588495,0.024080155417323112,,,,,,,,,,,,,,
6,,7179,,,,,,,,,,1.7397105693817139e-06,,5.150213837623596e-07,,0.26673218607902527,,0.26524800062179565,,0.026818599551916122,,0.0015803000424057245,0.021778302267193794,,,,,,,,,,,,,,
6,,7189,,,,,,,,,,7.618218660354614e-07,,6.351619958877563e-07,,0.262618750333786,,0.2695678174495697,,0.029609186574816704,,0.0018845134181901813,0.02268420346081257,,,,,,,,,,,,,,
6,,7199,,,,,,,,,,6.370246410369873e-07,,6.807968020439148e-07,,0.2910544276237488,,0.24171879887580872,,0.03474799916148186,,0.0019866935908794403,0.0227521900087595,,,,,,,,,,,,,,
6,,7209,,,,,,,,,,2.25752592086792e-06,,1.9869767129421234e-06,,0.2897680997848511,,0.25293251872062683,,0.028576722368597984,,0.0013767092023044825,0.021647891029715538,,,,,,,,,,,,,,
6,,7219,,,,,,,,,,1.4156103134155273e-06,,3.2419338822364807e-06,,0.27401041984558105,,0.2680909037590027,,0.03459439426660538,,0.0019191838800907135,0.023709459230303764,,,,,,,,,,,,,,
6,,7229,,,,,,,,,,1.084059476852417e-06,,2.66125425696373e-06,,0.27903300523757935,,0.258800745010376,,0.036073051393032074,,0.0016909530386328697,0.023438846692442894,,,,,,,,,,,,,,
6,,7239,,,,,,,,,,1.4584511518478394e-06,,1.1366792023181915e-06,,0.278409481048584,,0.2682330012321472,,0.029638946056365967,,0.0021509085781872272,0.02301213890314102,,,,,,,,,,,,,,
6,,7249,,,,,,,,,,9.723007678985596e-07,,7.939524948596954e-07,,0.3404141068458557,,0.23692086338996887,,0.03372984007000923,,0.002110225148499012,0.023007526993751526,,,,,,,,,,,,,,
6,,7259,,,,,,,,,,4.377216100692749e-07,,3.059394657611847e-07,,0.2777378261089325,,0.24420681595802307,,0.029950471594929695,,0.0010963149834424257,0.021145049482584,,,,,,,,,,,,,,
6,,7269,,,,,,,,,,6.910413503646851e-07,,3.9548613131046295e-06,,0.28145620226860046,,0.25898477435112,,0.025988366454839706,,0.0010689178016036749,0.021117903292179108,,,,,,,,,,,,,,
6,,7279,,,,,,,,,,5.438923835754395e-07,,1.1711381375789642e-06,,0.2990341782569885,,0.24583540856838226,,0.027875332161784172,,0.0015644680242985487,0.02143305540084839,,,,,,,,,,,,,,
6,,7289,,,,,,,,,,1.0617077350616455e-06,,9.904615581035614e-07,,0.2652825117111206,,0.2727525532245636,,0.027439331635832787,,0.0028331493958830833,0.02316945418715477,,,,,,,,,,,,,,
6,,7299,,,,,,,,,,5.550682544708252e-07,,8.237548172473907e-07,,0.265999436378479,,0.265527606010437,,0.0313156321644783,,0.0012341930996626616,0.02236657589673996,,,,,,,,,,,,,,
6,,7309,,,,,,,,,,5.662441253662109e-07,,4.614703357219696e-07,,0.29067039489746094,,0.2660565674304962,,0.029369298368692398,,0.0012506505008786917,0.022327879443764687,,,,,,,,,,,,,,
6,,7319,,,,,,,,,,2.682209014892578e-07,,2.71480530500412e-07,,0.27920079231262207,,0.2654123902320862,,0.02834019809961319,,0.0009098598966374993,0.021714575588703156,,,,,,,,,,,,,,
6,,7329,,,,,,,,,,2.7194619178771973e-07,,1.73225998878479e-07,,0.327234148979187,,0.23891599476337433,,0.030822714790701866,,0.0012145235668867826,0.021729420870542526,,,,,,,,,,,,,,
6,,7339,,,,,,,,,,2.60770320892334e-07,,2.644956111907959e-07,,0.2882236838340759,,0.25237181782722473,,0.031041018664836884,,0.0015291795134544373,0.022180041298270226,,,,,,,,,,,,,,
6,,7349,,,,,,,,,,1.6205012798309326e-07,,5.029141902923584e-07,,0.25137263536453247,,0.2663947343826294,,0.036135293543338776,,0.0011076161172240973,0.023044735193252563,,,,,,,,,,,,,,
6,,7359,,,,,,,,,,1.3597309589385986e-07,,4.814937710762024e-07,,0.275954008102417,,0.26115238666534424,,0.03379368036985397,,0.002131600631400943,0.02341608703136444,,,,,,,,,,,,,,
6,,7369,,,,,,,,,,1.1548399925231934e-06,,6.458722054958344e-07,,0.2845091223716736,,0.2510910630226135,,0.03112065978348255,,0.001628008671104908,0.022165529429912567,,,,,,,,,,,,,,
6,,7379,,,,,,,,,,1.3168901205062866e-06,,3.3155083656311035e-07,,0.2569426894187927,,0.2737400531768799,,0.03251703828573227,,0.0022235242649912834,0.023612968623638153,,,,,,,,,,,,,,
6,,7389,,,,,,,,,,3.3974647521972656e-06,,5.374196916818619e-06,,0.2583356201648712,,0.26510149240493774,,0.029193952679634094,,0.0010762333404272795,0.021740369498729706,,,,,,,,,,,,,,
6,,7399,,,,,,,,,,7.636845111846924e-07,,4.6938657760620117e-07,,0.31791067123413086,,0.2459099292755127,,0.04620387405157089,,0.001467450289055705,0.025022469460964203,,,,,,,,,,,,,,
6,,7409,,,,,,,,,,1.4565885066986084e-06,,1.4719553291797638e-06,,0.31758201122283936,,0.25551414489746094,,0.02895096316933632,,0.002478080801665783,0.022991375997662544,,,,,,,,,,,,,,
6,,7419,,,,,,,,,,2.859160304069519e-06,,5.098991096019745e-07,,0.27263736724853516,,0.26814669370651245,,0.027625365182757378,,0.0017915534554049373,0.02229321375489235,,,,,,,,,,,,,,
6,,7429,,,,,,,,,,5.234032869338989e-07,,3.91155481338501e-07,,0.26573970913887024,,0.25201305747032166,,0.029762253165245056,,0.0015521487221121788,0.021677076816558838,,,,,,,,,,,,,,
6,,7439,,,,,,,,,,9.663403034210205e-06,,1.979433000087738e-05,,0.2709655165672302,,0.26597142219543457,,0.028231674805283546,,0.001463702879846096,0.022039448842406273,,,,,,,,,,,,,,
6,,7449,,,,,,,,,,9.486451745033264e-06,,3.998167812824249e-06,,0.27060291171073914,,0.25675415992736816,,0.03311780095100403,,0.0015461143339052796,0.022581184282898903,,,,,,,,,,,,,,
6,,7459,,,,,,,,,,5.029141902923584e-07,,3.255903720855713e-06,,0.29218536615371704,,0.24640817940235138,,0.026673557236790657,,0.0010493563022464514,0.0207678209990263,,,,,,,,,,,,,,
6,,7469,,,,,,,,,,1.1622905731201172e-06,,9.695068001747131e-07,,0.33283931016921997,,0.24327486753463745,,0.03859701007604599,,0.0008537023095414042,0.023186851292848587,,,,,,,,,,,,,,
6,,7479,,,,,,,,,,8.456408977508545e-07,,1.4035031199455261e-06,,0.29444921016693115,,0.23589305579662323,,0.03793839365243912,,0.0006138028111308813,0.02208726294338703,,,,,,,,,,,,,,
6,,7489,,,,,,,,,,1.1418014764785767e-06,,1.734122633934021e-06,,0.3106677532196045,,0.24457409977912903,,0.031909290701150894,,0.001103811664506793,0.021921256557106972,,,,,,,,,,,,,,
6,,7499,,,,,,,,,,1.000240445137024e-06,,4.145316779613495e-06,,0.32506513595581055,,0.2362903505563736,,0.02760285511612892,,0.001273761736229062,0.021021470427513123,,,,,,,,,,,,,,
6,,7509,,,,,,,,,,1.4454126358032227e-06,,4.287343472242355e-06,,0.25303706526756287,,0.26109814643859863,,0.02881639078259468,,0.0015275380574166775,0.02175830490887165,,,,,,,,,,,,,,
6,,7519,,,,,,,,,,1.7397105693817139e-06,,1.6726553440093994e-06,,0.2777566611766815,,0.26483258605003357,,0.02367556095123291,,0.0010518456110730767,0.020902149379253387,,,,,,,,,,,,,,
6,,7529,,,,,,,,,,4.544854164123535e-07,,4.3460167944431305e-06,,0.2823324203491211,,0.25201836228370667,,0.03769611194729805,,0.0012683855602517724,0.023146916180849075,,,,,,,,,,,,,,
6,,7539,,,,,,,,,,2.8759241104125977e-06,,5.445443093776703e-06,,0.29188933968544006,,0.2623797059059143,,0.030810611322522163,,0.0013109073042869568,0.02248530462384224,,,,,,,,,,,,,,
6,,7549,,,,,,,,,,2.1047890186309814e-06,,1.8794089555740356e-06,,0.3085630238056183,,0.2746512293815613,,0.03113466128706932,,0.002683363389223814,0.024346470832824707,,,,,,,,,,,,,,
6,,7559,,,,,,,,,,2.8749927878379822e-05,,2.244953066110611e-06,,0.32226333022117615,,0.24430078268051147,,0.029271315783262253,,0.00148400804027915,0.021834859624505043,,,,,,,,,,,,,,
6,,7569,,,,,,,,,,8.25151801109314e-07,,4.544854164123535e-07,,0.31014183163642883,,0.2549428641796112,,0.027681324630975723,,0.0011129167396575212,0.02161513827741146,,,,,,,,,,,,,,
6,,7579,,,,,,,,,,9.145587682723999e-07,,1.1883676052093506e-06,,0.310680091381073,,0.23169392347335815,,0.037006229162216187,,0.0019793622195720673,0.02293022722005844,,,,,,,,,,,,,,
6,,7589,,,,,,,,,,4.7031790018081665e-06,,1.8570572137832642e-06,,0.30048924684524536,,0.25526851415634155,,0.028542591258883476,,0.0012546865036711097,0.021785149350762367,,,,,,,,,,,,,,
6,,7599,,,,,,,,,,1.8421560525894165e-06,,9.988434612751007e-07,,0.28440314531326294,,0.26593053340911865,,0.026337560266256332,,0.0015906875487416983,0.021935012191534042,,,,,,,,,,,,,,
6,,7609,,,,,,,,,,1.1548399925231934e-06,,8.163042366504669e-07,,0.28687864542007446,,0.25135934352874756,,0.029167409986257553,,0.0017367391847074032,0.021921128034591675,,,,,,,,,,,,,,
6,,7619,,,,,,,,,,2.4959444999694824e-07,,5.401670932769775e-07,,0.25489091873168945,,0.2534524202346802,,0.03394673019647598,,0.0020798281766474247,0.02279803529381752,,,,,,,,,,,,,,
6,,7629,,,,,,,,,,1.7844140529632568e-06,,3.098370507359505e-05,,0.3065970540046692,,0.24282464385032654,,0.02868003398180008,,0.0009904804173856974,0.021100951358675957,,,,,,,,,,,,,,
6,,7639,,,,,,,,,,1.2200325727462769e-06,,8.892733603715897e-06,,0.29552698135375977,,0.25737667083740234,,0.04452992230653763,,0.0014029813464730978,0.02493545040488243,,,,,,,,,,,,,,
6,,7649,,,,,,,,,,3.8929283618927e-06,,8.386559784412384e-07,,0.34799009561538696,,0.24241627752780914,,0.0256165973842144,,0.001044614939019084,0.02103298529982567,,,,,,,,,,,,,,
6,,7659,,,,,,,,,,1.1585652828216553e-06,,1.1315569281578064e-06,,0.2690771222114563,,0.26806774735450745,,0.03480307757854462,,0.001315913163125515,0.023237112909555435,,,,,,,,,,,,,,
6,,7669,,,,,,,,,,8.456408977508545e-07,,1.5674158930778503e-06,,0.30220335721969604,,0.24918699264526367,,0.034391362220048904,,0.001965129980817437,0.023149970918893814,,,,,,,,,,,,,,
6,,7679,,,,,,,,,,1.4808028936386108e-06,,8.878298103809357e-06,,0.27803340554237366,,0.26269054412841797,,0.03234287351369858,,0.0014674176927655935,0.02274225652217865,,,,,,,,,,,,,,
6,,7689,,,,,,,,,,7.469207048416138e-07,,8.633360266685486e-07,,0.2852391004562378,,0.25710272789001465,,0.03341805189847946,,0.001614473876543343,0.022876664996147156,,,,,,,,,,,,,,
6,,7699,,,,,,,,,,4.4517219066619873e-07,,5.159527063369751e-07,,0.30520516633987427,,0.2484411746263504,,0.028269220143556595,,0.0013857674784958363,0.02156737446784973,,,,,,,,,,,,,,
6,,7709,,,,,,,,,,3.550201654434204e-06,,8.01868736743927e-07,,0.2507707476615906,,0.2809956669807434,,0.028085384517908096,,0.0012656290782615542,0.022331079468131065,,,,,,,,,,,,,,
6,,7719,,,,,,,,,,1.3057142496109009e-06,,9.885989129543304e-07,,0.2534533739089966,,0.2606252431869507,,0.03325594589114189,,0.0012890012003481388,0.022394677624106407,,,,,,,,,,,,,,
6,,7729,,,,,,,,,,1.9185245037078857e-07,,1.00722536444664e-06,,0.24692565202713013,,0.26876795291900635,,0.037857845425605774,,0.0017302690539509058,0.023894043639302254,,,,,,,,,,,,,,
6,,7739,,,,,,,,,,1.3820827007293701e-06,,2.158805727958679e-06,,0.23629170656204224,,0.2844899296760559,,0.030705202370882034,,0.001967677380889654,0.023343199864029884,,,,,,,,,,,,,,
6,,7749,,,,,,,,,,9.853392839431763e-07,,7.152557373046875e-07,,0.3295542001724243,,0.2496226727962494,,0.027699606493115425,,0.0016813597176223993,0.022023102268576622,,,,,,,,,,,,,,
6,,7759,,,,,,,,,,1.341104507446289e-07,,6.387941539287567e-06,,0.31709402799606323,,0.2634385824203491,,0.03523634374141693,,0.0015240840148180723,0.023820342496037483,,,,,,,,,,,,,,
6,,7769,,,,,,,,,,7.320195436477661e-07,,6.030313670635223e-07,,0.2769600749015808,,0.2643471956253052,,0.03866150975227356,,0.0015678370837122202,0.02406769059598446,,,,,,,,,,,,,,
6,,7779,,,,,,,,,,5.792826414108276e-07,,5.713663995265961e-07,,0.2804619073867798,,0.25954669713974,,0.024813838303089142,,0.002298695733770728,0.02183486334979534,,,,,,,,,,,,,,
6,,7789,,,,,,,,,,5.662441253662109e-07,,5.066394805908203e-07,,0.2845621109008789,,0.2803608775138855,,0.025138814002275467,,0.0015649311244487762,0.022369317710399628,,,,,,,,,,,,,,
6,,7799,,,,,,,,,,6.185844540596008e-06,,2.845190465450287e-07,,0.27695050835609436,,0.2568403482437134,,0.0328068882226944,,0.0013785294722765684,0.022475585341453552,,,,,,,,,,,,,,
6,,7809,,,,,,,,,,5.569308996200562e-07,,1.0621733963489532e-06,,0.3249638080596924,,0.24401746690273285,,0.029475534334778786,,0.0014915808569639921,0.02189718559384346,,,,,,,,,,,,,,
6,,7819,,,,,,,,,,2.123415470123291e-07,,3.78582626581192e-07,,0.282105416059494,,0.256832480430603,,0.03063720092177391,,0.0012243743985891342,0.02201307751238346,,,,,,,,,,,,,,
6,,7829,,,,,,,,,,2.3283064365386963e-07,,1.335982233285904e-06,,0.32671695947647095,,0.25137588381767273,,0.026636989787220955,,0.00194329593796283,0.022069258615374565,,,,,,,,,,,,,,
6,,7839,,,,,,,,,,2.21841037273407e-06,,1.1390075087547302e-06,,0.3000621795654297,,0.25481563806533813,,0.035230718553066254,,0.001455509103834629,0.023163890466094017,,,,,,,,,,,,,,
6,,7849,,,,,,,,,,2.6635825634002686e-07,,9.797513484954834e-07,,0.30001187324523926,,0.23966732621192932,,0.034325484186410904,,0.0018846228485926986,0.022605188190937042,,,,,,,,,,,,,,
6,,7859,,,,,,,,,,8.102506399154663e-07,,2.4205073714256287e-06,,0.2926537096500397,,0.25535306334495544,,0.03280564397573471,,0.0013439522590488195,0.0225637499243021,,,,,,,,,,,,,,
6,,7869,,,,,,,,,,6.038695573806763e-06,,1.903623342514038e-06,,0.2990378141403198,,0.25703442096710205,,0.03216169774532318,,0.001564656151458621,0.02276221476495266,,,,,,,,,,,,,,
6,,7879,,,,,,,,,,9.369105100631714e-07,,8.817296475172043e-06,,0.26598474383354187,,0.2710937261581421,,0.039814483374357224,,0.0015209203120321035,0.024436425417661667,,,,,,,,,,,,,,
6,,7889,,,,,,,,,,2.998858690261841e-07,,5.164183676242828e-07,,0.2889844477176666,,0.2665063440799713,,0.025196263566613197,,0.001676985644735396,0.02186640165746212,,,,,,,,,,,,,,
6,,7899,,,,,,,,,,3.725290298461914e-07,,2.830754965543747e-06,,0.25952431559562683,,0.26342281699180603,,0.037398628890514374,,0.0017933647613972425,0.023752320557832718,,,,,,,,,,,,,,
6,,7909,,,,,,,,,,1.5087425708770752e-06,,2.7334317564964294e-06,,0.28181228041648865,,0.2569367289543152,,0.028149060904979706,,0.001896820031106472,0.022052355110645294,,,,,,,,,,,,,,
6,,7919,,,,,,,,,,1.1343508958816528e-06,,6.107613444328308e-06,,0.2627047896385193,,0.2908857464790344,,0.02443544566631317,,0.001818427350372076,0.022664859890937805,,,,,,,,,,,,,,
6,,7929,,,,,,,,,,1.7695128917694092e-07,,1.4035031199455261e-06,,0.3524363040924072,,0.22554084658622742,,0.03275955468416214,,0.0010430414695292711,0.021632324904203415,,,,,,,,,,,,,,
6,,7939,,,,,,,,,,7.282942533493042e-07,,5.3299590945243835e-06,,0.26743489503860474,,0.25969892740249634,,0.028448650613427162,,0.0014151474460959435,0.021708188578486443,,,,,,,,,,,,,,
6,,7949,,,,,,,,,,1.3746321201324463e-06,,3.6223791539669037e-06,,0.25376179814338684,,0.26801732182502747,,0.027319714426994324,,0.0015960059827193618,0.021861882880330086,,,,,,,,,,,,,,
6,,7959,,,,,,,,,,7.80448317527771e-07,,1.0559801012277603e-05,,0.2873630225658417,,0.26059454679489136,,0.034752026200294495,,0.001492392155341804,0.02322390489280224,,,,,,,,,,,,,,
6,,7969,,,,,,,,,,7.860362529754639e-07,,1.6177073121070862e-06,,0.35299602150917053,,0.23681288957595825,,0.028196759521961212,,0.0012902722228318453,0.021497126668691635,,,,,,,,,,,,,,
6,,7979,,,,,,,,,,5.628913640975952e-06,,2.9923394322395325e-06,,0.26818421483039856,,0.27611032128334045,,0.023954803124070168,,0.0013034151634201407,0.0215598177164793,,,,,,,,,,,,,,
6,,7989,,,,,,,,,,2.2780150175094604e-06,,1.4132820069789886e-06,,0.2861671447753906,,0.263842910528183,,0.031775567680597305,,0.0011917426018044353,0.0225784033536911,,,,,,,,,,,,,,
6,,7999,,,,,,,,,,4.334375262260437e-06,,2.8815120458602905e-06,,0.289178729057312,,0.2700621783733368,,0.03148597851395607,,0.0013925062958151102,0.02300160564482212,,,,,,,,,,,,,,
6,,8009,,,,,,,,,,1.7117708921432495e-06,,1.1278316378593445e-06,,0.28904250264167786,,0.2481447160243988,,0.02748589962720871,,0.001943380804732442,0.021635429933667183,,,,,,,,,,,,,,
6,,8019,,,,,,,,,,3.557652235031128e-07,,5.802139639854431e-07,,0.2761359214782715,,0.25946807861328125,,0.02633572742342949,,0.0014838187489658594,0.021454589441418648,,,,,,,,,,,,,,
6,,8029,,,,,,,,,,1.8831342458724976e-06,,1.5366822481155396e-06,,0.2738352417945862,,0.258920282125473,,0.0381709560751915,,0.0022601194214075804,0.024203956127166748,,,,,,,,,,,,,,
6,,8039,,,,,,,,,,4.116445779800415e-07,,5.334150046110153e-06,,0.2658194303512573,,0.27012738585472107,,0.02435429021716118,,0.001515730982646346,0.02148578315973282,,,,,,,,,,,,,,
6,,8049,,,,,,,,,,9.145587682723999e-07,,1.7387792468070984e-06,,0.27528825402259827,,0.26894164085388184,,0.029695816338062286,,0.001509454334154725,0.022538239136338234,,,,,,,,,,,,,,
6,,8059,,,,,,,,,,1.4118850231170654e-06,,1.834239810705185e-06,,0.30317074060440063,,0.24602439999580383,,0.02703987807035446,,0.0011758257169276476,0.021042166277766228,,,,,,,,,,,,,,
6,,8069,,,,,,,,,,1.383945345878601e-06,,7.147900760173798e-07,,0.28888970613479614,,0.24725471436977386,,0.030851833522319794,,0.0016852507833391428,0.02202952839434147,,,,,,,,,,,,,,
6,,8079,,,,,,,,,,8.158385753631592e-07,,3.869645297527313e-07,,0.2847519516944885,,0.2408929318189621,,0.026503998786211014,,0.0007971790619194508,0.02020111121237278,,,,,,,,,,,,,,
6,,8089,,,,,,,,,,9.11019742488861e-06,,1.3597309589385986e-06,,0.3041025698184967,,0.2549751400947571,,0.03155059739947319,,0.0013297433033585548,0.022434193640947342,,,,,,,,,,,,,,
6,,8099,,,,,,,,,,4.5262277126312256e-07,,2.2817403078079224e-07,,0.30956318974494934,,0.2371874451637268,,0.02909976616501808,,0.0010781122837215662,0.021015778183937073,,,,,,,,,,,,,,
6,,8109,,,,,,,,,,8.25151801109314e-07,,1.0165385901927948e-06,,0.33662980794906616,,0.23167560994625092,,0.02671571634709835,,0.0015857757534831762,0.021008336916565895,,,,,,,,,,,,,,
6,,8119,,,,,,,,,,7.692724466323853e-07,,3.1245872378349304e-07,,0.30087268352508545,,0.237015500664711,,0.03260141983628273,,0.0017405749531462789,0.02205953747034073,,,,,,,,,,,,,,
6,,8129,,,,,,,,,,5.297362804412842e-06,,1.1222437024116516e-06,,0.29775676131248474,,0.25460636615753174,,0.03189567103981972,,0.0014589589554816484,0.02250416949391365,,,,,,,,,,,,,,
6,,8139,,,,,,,,,,3.1460076570510864e-06,,1.5632249414920807e-06,,0.27076464891433716,,0.26605433225631714,,0.028370171785354614,,0.0009342934936285019,0.021669745445251465,,,,,,,,,,,,,,
6,,8149,,,,,,,,,,8.177012205123901e-07,,3.157183527946472e-07,,0.30570197105407715,,0.24938079714775085,,0.03359447419643402,,0.0009546063374727964,0.02229253202676773,,,,,,,,,,,,,,
6,,8159,,,,,,,,,,2.2463500499725342e-05,,7.022172212600708e-07,,0.318941593170166,,0.24327708780765533,,0.030399058014154434,,0.0021412682253867388,0.02245248481631279,,,,,,,,,,,,,,
6,,8168,,,,,,,,,,,,,,,,,,,,,,0.9920790791511536,1.0,1.0,0.9212272763252258,0.9070345759391785,0.9876422882080078,0.9995719194412231,0.02107194811105728,0.0,0.0,0.29909539222717285,0.2513580322265625,0.0264605600386858,0.001090694684535265
6,,8168,0.9916580319404602,1.0,1.0,0.9231616258621216,0.9051720499992371,0.9864169359207153,0.9994023442268372,0.022319462150335312,2.07916946237674e-06,,2.9055456707283156e-06,,0.2935948073863983,,0.25460538268089294,,0.03090445138514042,,0.0015256012557074428,,,,,,,,,,,,,,,,
,0.00026147172382160914,8169,,,,,,,,,,,,,,,,,,,,,,,,,,,,,,,,,,,
7,,8169,,,,,,,,,,4.239380359649658e-06,,7.16187059879303e-07,,0.2610298693180084,,0.25504618883132935,,0.02956143394112587,,0.0014725348446518183,0.021666700020432472,,,,,,,,,,,,,,
7,,8179,,,,,,,,,,1.0598450899124146e-06,,9.885989129543304e-07,,0.2955455780029297,,0.2429957538843155,,0.02653259038925171,,0.002010683063417673,0.02134193852543831,,,,,,,,,,,,,,
7,,8189,,,,,,,,,,1.2641772627830505e-05,,1.8961727619171143e-06,,0.2851647138595581,,0.27752408385276794,,0.033165622502565384,,0.0014414028264582157,0.02365611121058464,,,,,,,,,,,,,,
7,,8199,,,,,,,,,,2.0172446966171265e-06,,5.373731255531311e-07,,0.319153368473053,,0.2392626404762268,,0.03820883482694626,,0.0016799122095108032,0.023385317996144295,,,,,,,,,,,,,,
7,,8209,,,,,,,,,,3.6675482988357544e-06,,5.890615284442902e-07,,0.3536463975906372,,0.23547574877738953,,0.023895302787423134,,0.000960099627263844,0.020387645810842514,,,,,,,,,,,,,,
7,,8219,,,,,,,,,,3.946945071220398e-06,,4.4563785195350647e-07,,0.2829635739326477,,0.27222388982772827,,0.024211270734667778,,0.0010566733544692397,0.02141382545232773,,,,,,,,,,,,,,
7,,8229,,,,,,,,,,8.270144462585449e-07,,8.935574442148209e-06,,0.32414478063583374,,0.24099934101104736,,0.04166907072067261,,0.0010318231070414186,0.023688044399023056,,,,,,,,,,,,,,
7,,8239,,,,,,,,,,1.0300427675247192e-06,,4.0652230381965637e-07,,0.2725442349910736,,0.25005823373794556,,0.03207837790250778,,0.0016388625372201204,0.022164614871144295,,,,,,,,,,,,,,
7,,8249,,,,,,,,,,8.959323167800903e-07,,3.8230791687965393e-07,,0.34595435857772827,,0.2301415503025055,,0.02445315569639206,,0.0011809800053015351,0.02031770348548889,,,,,,,,,,,,,,
7,,8259,,,,,,,,,,1.4957040548324585e-06,,5.797483026981354e-07,,0.28918933868408203,,0.2525981068611145,,0.03791654482483864,,0.0011516702361404896,0.023208247497677803,,,,,,,,,,,,,,
7,,8269,,,,,,,,,,5.260109901428223e-06,,1.9902363419532776e-06,,0.28396326303482056,,0.2563946843147278,,0.03288563713431358,,0.0014144998276606202,0.02257865108549595,,,,,,,,,,,,,,
7,,8279,,,,,,,,,,8.717179298400879e-07,,8.782371878623962e-07,,0.2755924165248871,,0.2551767826080322,,0.03134056180715561,,0.001974408980458975,0.022553682327270508,,,,,,,,,,,,,,
7,,8289,,,,,,,,,,8.922070264816284e-07,,7.073394954204559e-07,,0.2684088945388794,,0.2679653465747833,,0.022807709872722626,,0.0011053086491301656,0.020816804841160774,,,,,,,,,,,,,,
7,,8299,,,,,,,,,,6.010755896568298e-06,,6.658956408500671e-07,,0.3081779479980469,,0.2504565417766571,,0.02876546047627926,,0.000872619915753603,0.02140483260154724,,,,,,,,,,,,,,
7,,8309,,,,,,,,,,2.2742897272109985e-06,,1.103617250919342e-07,,0.30163970589637756,,0.25499227643013,,0.025646355003118515,,0.002236893866211176,0.021979333832859993,,,,,,,,,,,,,,
7,,8319,,,,,,,,,,2.5870278477668762e-05,,3.9301812648773193e-07,,0.25047487020492554,,0.264081209897995,,0.03024565801024437,,0.0014633359387516975,0.022088034078478813,,,,,,,,,,,,,,
7,,8329,,,,,,,,,,4.6938657760620117e-07,,6.612390279769897e-08,,0.2915492057800293,,0.25473853945732117,,0.03876186162233353,,0.001594166154973209,0.023826753720641136,,,,,,,,,,,,,,
7,,8339,,,,,,,,,,3.5393983125686646e-05,,1.73225998878479e-07,,0.3066437244415283,,0.2583909332752228,,0.024001289159059525,,0.0017252792604267597,0.02150503359735012,,,,,,,,,,,,,,
7,,8349,,,,,,,,,,6.668269634246826e-07,,2.3050233721733093e-07,,0.3036544919013977,,0.25296908617019653,,0.028776396065950394,,0.0014841691590845585,0.021930433809757233,,,,,,,,,,,,,,
7,,8359,,,,,,,,,,2.9727816581726074e-06,,2.0349398255348206e-07,,0.2744535803794861,,0.2632511258125305,,0.03360947221517563,,0.0011069534812122583,0.022693684324622154,,,,,,,,,,,,,,
7,,8369,,,,,,,,,,7.264316082000732e-07,,6.617046892642975e-07,,0.28988027572631836,,0.2550106644630432,,0.026579033583402634,,0.0019074464216828346,0.021770130842924118,,,,,,,,,,,,,,
7,,8379,,,,,,,,,,1.7043203115463257e-06,,1.2405216693878174e-06,,0.2982698976993561,,0.2370859682559967,,0.032322414219379425,,0.0013592481845989823,0.021693946793675423,,,,,,,,,,,,,,
7,,8389,,,,,,,,,,5.738809704780579e-06,,2.1937303245067596e-06,,0.2900453805923462,,0.24827757477760315,,0.03488237038254738,,0.0020431175362318754,0.02311541698873043,,,,,,,,,,,,,,
7,,8399,,,,,,,,,,1.4118850231170654e-06,,9.043142199516296e-07,,0.29472142457962036,,0.23544912040233612,,0.026158906519412994,,0.0011737707536667585,0.020280523225665092,,,,,,,,,,,,,,
7,,8409,,,,,,,,,,3.3657997846603394e-06,,1.3338401913642883e-05,,0.30580854415893555,,0.24547119438648224,,0.026899287477135658,,0.0007600531098432839,0.020708909258246422,,,,,,,,,,,,,,
7,,8419,,,,,,,,,,3.088265657424927e-05,,8.889473974704742e-07,,0.3378671407699585,,0.2408183515071869,,0.026774104684591293,,0.0010966125410050154,0.02109552174806595,,,,,,,,,,,,,,
7,,8429,,,,,,,,,,1.4528632164001465e-06,,1.4631077647209167e-06,,0.30097103118896484,,0.24795809388160706,,0.03311716392636299,,0.0011666076024994254,0.02223990112543106,,,,,,,,,,,,,,
7,,8439,,,,,,,,,,3.7923455238342285e-06,,7.16187059879303e-07,,0.3008689880371094,,0.24424713850021362,,0.032398615032434464,,0.0019373397808521986,0.02250813879072666,,,,,,,,,,,,,,
7,,8449,,,,,,,,,,9.641051292419434e-06,,7.35744833946228e-07,,0.25462639331817627,,0.2659894824028015,,0.03084380365908146,,0.0015066474443301558,0.022370830178260803,,,,,,,,,,,,,,
7,,8459,,,,,,,,,,9.819865226745605e-06,,2.310611307621002e-06,,0.2821398973464966,,0.2427026927471161,,0.03776191920042038,,0.0007692481740377843,0.022345781326293945,,,,,,,,,,,,,,
7,,8469,,,,,,,,,,6.197020411491394e-06,,8.069910109043121e-07,,0.2713235020637512,,0.2682684659957886,,0.02296854555606842,,0.0016886211233213544,0.021332941949367523,,,,,,,,,,,,,,
7,,8479,,,,,,,,,,3.0100345611572266e-06,,2.137385308742523e-06,,0.28530293703079224,,0.2583072781562805,,0.04102953523397446,,0.001019717426970601,0.02391522005200386,,,,,,,,,,,,,,
7,,8489,,,,,,,,,,5.576759576797485e-06,,4.023779183626175e-06,,0.32197102904319763,,0.2407713234424591,,0.028473038226366043,,0.0010252650827169418,0.021172083914279938,,,,,,,,,,,,,,
7,,8499,,,,,,,,,,1.528114080429077e-05,,3.009568899869919e-06,,0.28956013917922974,,0.26969367265701294,,0.027531303465366364,,0.0009386205347254872,0.021906627342104912,,,,,,,,,,,,,,
7,,8509,,,,,,,,,,4.550442099571228e-06,,7.660128176212311e-07,,0.2700236737728119,,0.2567766308784485,,0.02614544704556465,,0.0009685023105703294,0.020834486931562424,,,,,,,,,,,,,,
7,,8519,,,,,,,,,,1.3802200555801392e-06,,4.945322871208191e-07,,0.32470521330833435,,0.23624643683433533,,0.027547746896743774,,0.001530796755105257,0.021197669208049774,,,,,,,,,,,,,,
7,,8529,,,,,,,,,,3.0547380447387695e-07,,3.14321368932724e-07,,0.3425303101539612,,0.23630601167678833,,0.02739480882883072,,0.0017124018631875515,0.0215169545263052,,,,,,,,,,,,,,
7,,8539,,,,,,,,,,5.19677996635437e-07,,1.2042000889778137e-06,,0.340952068567276,,0.23937956988811493,,0.026351328939199448,,0.001353941042907536,0.021177956834435463,,,,,,,,,,,,,,
7,,8549,,,,,,,,,,5.21540641784668e-06,,3.9674341678619385e-07,,0.30425599217414856,,0.260986328125,,0.029479917138814926,,0.0011673909611999989,0.02220769040286541,,,,,,,,,,,,,,
7,,8559,,,,,,,,,,3.1478703022003174e-07,,5.764886736869812e-07,,0.29329729080200195,,0.26329323649406433,,0.027811085805296898,,0.0013405752833932638,0.02200433239340782,,,,,,,,,,,,,,
7,,8569,,,,,,,,,,9.51811671257019e-07,,5.611218512058258e-07,,0.26381152868270874,,0.2620989680290222,,0.028526360169053078,,0.0008062665583565831,0.021336033940315247,,,,,,,,,,,,,,
7,,8579,,,,,,,,,,5.425885319709778e-06,,6.365589797496796e-07,,0.2674387991428375,,0.25299131870269775,,0.0316988043487072,,0.001454673008993268,0.022032935172319412,,,,,,,,,,,,,,
7,,8589,,,,,,,,,,9.052455425262451e-07,,1.6684643924236298e-06,,0.2977749705314636,,0.23652589321136475,,0.03041328303515911,,0.0008047063020057976,0.02088782750070095,,,,,,,,,,,,,,
7,,8599,,,,,,,,,,2.4940818548202515e-06,,1.969747245311737e-07,,0.29992854595184326,,0.2505066990852356,,0.03402449190616608,,0.0011838319478556514,0.02253025956451893,,,,,,,,,,,,,,
7,,8609,,,,,,,,,,7.711350917816162e-07,,1.8905848264694214e-06,,0.3311251401901245,,0.23732176423072815,,0.031048860400915146,,0.0010568348225206137,0.021624404937028885,,,,,,,,,,,,,,
7,,8619,,,,,,,,,,1.5478581190109253e-06,,1.3015232980251312e-06,,0.2978174388408661,,0.2586391568183899,,0.045711055397987366,,0.001325309625826776,0.025184715166687965,,,,,,,,,,,,,,
7,,8629,,,,,,,,,,1.858547329902649e-05,,1.850072294473648e-06,,0.2848633825778961,,0.24516381323337555,,0.03350264951586723,,0.0019391055684536695,0.022571900859475136,,,,,,,,,,,,,,
7,,8639,,,,,,,,,,3.0919909477233887e-07,,2.08243727684021e-06,,0.2657359540462494,,0.26023900508880615,,0.030197400599718094,,0.0014321543276309967,0.022054316475987434,,,,,,,,,,,,,,
7,,8649,,,,,,,,,,8.586794137954712e-07,,3.7532299757003784e-07,,0.29819798469543457,,0.2602921426296234,,0.025639548897743225,,0.0016478016041219234,0.02174427919089794,,,,,,,,,,,,,,
7,,8659,,,,,,,,,,7.115304470062256e-07,,5.261972546577454e-07,,0.31948572397232056,,0.25077641010284424,,0.023930836468935013,,0.0009429586352780461,0.02069842256605625,,,,,,,,,,,,,,
7,,8669,,,,,,,,,,2.689659595489502e-06,,5.345791578292847e-07,,0.34606438875198364,,0.2613004744052887,,0.02793578803539276,,0.0013096174225211143,0.02252957969903946,,,,,,,,,,,,,,
7,,8679,,,,,,,,,,3.974884748458862e-06,,2.2635795176029205e-06,,0.3055034875869751,,0.2485400289297104,,0.023316752165555954,,0.0010180850513279438,0.02037086896598339,,,,,,,,,,,,,,
7,,8689,,,,,,,,,,1.2330710887908936e-06,,1.6652047634124756e-06,,0.2633133828639984,,0.2667884826660156,,0.025551460683345795,,0.0013870463008061051,0.021427836269140244,,,,,,,,,,,,,,
7,,8699,,,,,,,,,,2.0440667867660522e-05,,1.2437812983989716e-06,,0.32420825958251953,,0.23490072786808014,,0.02403338998556137,,0.001663062022998929,0.020568884909152985,,,,,,,,,,,,,,
7,,8709,,,,,,,,,,1.775100827217102e-06,,1.778826117515564e-07,,0.30561983585357666,,0.25413018465042114,,0.02708611637353897,,0.000908738118596375,0.021259227767586708,,,,,,,,,,,,,,
7,,8719,,,,,,,,,,1.0076910257339478e-06,,2.882443368434906e-07,,0.2630603611469269,,0.2734701633453369,,0.037257641553878784,,0.001447988790459931,0.0239793099462986,,,,,,,,,,,,,,
7,,8729,,,,,,,,,,3.827735781669617e-06,,4.898756742477417e-07,,0.3339810371398926,,0.22634373605251312,,0.0353342667222023,,0.0019164362456649542,0.0225917249917984,,,,,,,,,,,,,,
7,,8739,,,,,,,,,,6.226822733879089e-06,,9.392388164997101e-07,,0.2891494333744049,,0.260436475276947,,0.03170368820428848,,0.0010592747712507844,0.022340789437294006,,,,,,,,,,,,,,
7,,8749,,,,,,,,,,5.923211574554443e-07,,7.110647857189178e-07,,0.3065134286880493,,0.25088393688201904,,0.03101349249482155,,0.0010712514631450176,0.02197597734630108,,,,,,,,,,,,,,
7,,8759,,,,,,,,,,5.699694156646729e-07,,2.5704503059387207e-07,,0.2638653516769409,,0.26671403646469116,,0.028754577040672302,,0.0011776519240811467,0.021874457597732544,,,,,,,,,,,,,,
7,,8769,,,,,,,,,,2.9802322387695312e-06,,1.2870877981185913e-06,,0.25132614374160767,,0.2585400342941284,,0.03664678335189819,,0.001468435861170292,0.023042524233460426,,,,,,,,,,,,,,
7,,8779,,,,,,,,,,1.0281801223754883e-06,,1.955777406692505e-07,,0.28899431228637695,,0.24555720388889313,,0.030637353658676147,,0.001270414562895894,0.02159973792731762,,,,,,,,,,,,,,
7,,8789,,,,,,,,,,1.1026859283447266e-06,,1.9100960344076157e-05,,0.2897796630859375,,0.2610412836074829,,0.028331976383924484,,0.0017686827341094613,0.022276418283581734,,,,,,,,,,,,,,
7,,8799,,,,,,,,,,4.377216100692749e-07,,1.1576339602470398e-06,,0.3129640221595764,,0.23855909705162048,,0.030009495094418526,,0.002067913068458438,0.022033102810382843,,,,,,,,,,,,,,
7,,8809,,,,,,,,,,1.959502696990967e-06,,2.8312206268310547e-07,,0.3026440441608429,,0.24120661616325378,,0.02583623118698597,,0.0008425662526860833,0.020334353670477867,,,,,,,,,,,,,,
7,,8819,,,,,,,,,,7.078051567077637e-07,,7.096678018569946e-07,,0.27823588252067566,,0.26094484329223633,,0.0283474400639534,,0.0009619981283321977,0.0215342715382576,,,,,,,,,,,,,,
7,,8829,,,,,,,,,,4.33996319770813e-07,,5.913898348808289e-07,,0.30171555280685425,,0.2453661859035492,,0.029320674017071724,,0.000820046872831881,0.02115509659051895,,,,,,,,,,,,,,
7,,8839,,,,,,,,,,1.7695128917694092e-07,,1.1781230568885803e-07,,0.36422276496887207,,0.22072318196296692,,0.02808091789484024,,0.001153068384155631,0.02074967510998249,,,,,,,,,,,,,,
7,,8849,,,,,,,,,,1.6260892152786255e-06,,1.4295801520347595e-07,,0.3436671495437622,,0.23834289610385895,,0.029593784362077713,,0.0010281105060130358,0.02152484841644764,,,,,,,,,,,,,,
7,,8859,,,,,,,,,,1.3224780559539795e-07,,2.547167241573334e-07,,0.2823627293109894,,0.2560464143753052,,0.027378495782613754,,0.00147057615686208,0.02155277691781521,,,,,,,,,,,,,,
7,,8869,,,,,,,,,,2.6263296604156494e-07,,2.1373853087425232e-07,,0.2862204611301422,,0.25717633962631226,,0.03009849414229393,,0.0019934442825615406,0.022553345188498497,,,,,,,,,,,,,,
7,,8879,,,,,,,,,,3.296881914138794e-07,,1.1408701539039612e-07,,0.26885148882865906,,0.26633894443511963,,0.032872673124074936,,0.0010110229486599565,0.022562645375728607,,,,,,,,,,,,,,
7,,8889,,,,,,,,,,6.202608346939087e-07,,2.3562461137771606e-07,,0.25990429520606995,,0.2805004417896271,,0.029362715780735016,,0.0012542410986497998,0.02264593169093132,,,,,,,,,,,,,,
7,,8899,,,,,,,,,,5.122274160385132e-07,,1.5506520867347717e-07,,0.25786250829696655,,0.25395241379737854,,0.02962207794189453,,0.0013820143649354577,0.02152175083756447,,,,,,,,,,,,,,
7,,8909,,,,,,,,,,2.896413207054138e-06,,3.888271749019623e-07,,0.3131592273712158,,0.24916698038578033,,0.024245766922831535,,0.0012362559791654348,0.020827898755669594,,,,,,,,,,,,,,
7,,8919,,,,,,,,,,1.8440186977386475e-07,,4.0605664253234863e-07,,0.2715187668800354,,0.25094637274742126,,0.028661023825407028,,0.0009092378313653171,0.021005971357226372,,,,,,,,,,,,,,
7,,8929,,,,,,,,,,6.146728992462158e-08,,1.0943040251731873e-07,,0.28430038690567017,,0.25859659910202026,,0.02239169180393219,,0.0010787249775603414,0.020465843379497528,,,,,,,,,,,,,,
7,,8939,,,,,,,,,,2.7194619178771973e-07,,5.024485290050507e-07,,0.2874448895454407,,0.24506905674934387,,0.03049888275563717,,0.0023091123439371586,0.02231193147599697,,,,,,,,,,,,,,
7,,8949,,,,,,,,,,7.711350917816162e-07,,7.916241884231567e-08,,0.34394270181655884,,0.24433588981628418,,0.02246430516242981,,0.001272671390324831,0.020655427128076553,,,,,,,,,,,,,,
7,,8959,,,,,,,,,,1.300126314163208e-06,,1.0989606380462646e-07,,0.29050594568252563,,0.27356719970703125,,0.026941440999507904,,0.0013336183037608862,0.022285006940364838,,,,,,,,,,,,,,
7,,8969,,,,,,,,,,5.345791578292847e-07,,2.3189932107925415e-07,,0.24901872873306274,,0.2782546579837799,,0.030301092192530632,,0.0018440992571413517,0.023031529039144516,,,,,,,,,,,,,,
7,,8979,,,,,,,,,,8.065253496170044e-07,,3.534369170665741e-07,,0.3352962136268616,,0.24983057379722595,,0.022040434181690216,,0.001271420856937766,0.02073127217590809,,,,,,,,,,,,,,
7,,8989,,,,,,,,,,4.2654573917388916e-07,,1.909211277961731e-07,,0.3141142725944519,,0.2336231768131256,,0.023870602250099182,,0.0008149056229740381,0.01972384564578533,,,,,,,,,,,,,,
7,,8999,,,,,,,,,,6.05359673500061e-07,,3.608874976634979e-07,,0.31342974305152893,,0.23823769390583038,,0.0314466618001461,,0.0012269853614270687,0.02166217565536499,,,,,,,,,,,,,,
7,,9009,,,,,,,,,,1.564621925354004e-07,,2.2677704691886902e-07,,0.3021889328956604,,0.25698110461235046,,0.027242133393883705,,0.001157553168013692,0.021568598225712776,,,,,,,,,,,,,,
7,,9019,,,,,,,,,,1.8700957298278809e-06,,2.166256308555603e-06,,0.30706337094306946,,0.24967433512210846,,0.02477443590760231,,0.0012715270277112722,0.02090584672987461,,,,,,,,,,,,,,
7,,9029,,,,,,,,,,4.414469003677368e-07,,1.96872279047966e-05,,0.2868756651878357,,0.2551189064979553,,0.025656992569565773,,0.0015191002748906612,0.02127578668296337,,,,,,,,,,,,,,
7,,9039,,,,,,,,,,1.6577541828155518e-07,,4.7497451305389404e-07,,0.27385279536247253,,0.2585236430168152,,0.028623629361391068,,0.0019549948628991842,0.022166099399328232,,,,,,,,,,,,,,
7,,9049,,,,,,,,,,1.5832483768463135e-07,,4.912726581096649e-07,,0.3265244960784912,,0.24178200960159302,,0.028636854141950607,,0.0006689503788948059,0.02103625051677227,,,,,,,,,,,,,,
7,,9059,,,,,,,,,,4.870817065238953e-06,,1.19674950838089e-07,,0.23718445003032684,,0.2696641683578491,,0.027031535282731056,,0.0007028377731330693,0.021020689979195595,,,,,,,,,,,,,,
7,,9069,,,,,,,,,,8.959323167800903e-07,,6.677582859992981e-07,,0.28605711460113525,,0.23984815180301666,,0.038971081376075745,,0.0013365503400564194,0.02291020005941391,,,,,,,,,,,,,,
7,,9079,,,,,,,,,,9.331852197647095e-07,,1.6810372471809387e-07,,0.280030757188797,,0.2611660957336426,,0.024133358150720596,,0.001317464280873537,0.02104201354086399,,,,,,,,,,,,,,
7,,9089,,,,,,,,,,7.264316082000732e-07,,1.210719347000122e-07,,0.3025282025337219,,0.25007885694503784,,0.03332805633544922,,0.0008512886124663055,0.022160587832331657,,,,,,,,,,,,,,
7,,9099,,,,,,,,,,4.637986421585083e-07,,5.029141902923584e-07,,0.350281298160553,,0.22849850356578827,,0.02630307525396347,,0.000947094988077879,0.020462872460484505,,,,,,,,,,,,,,
7,,9109,,,,,,,,,,3.4086406230926514e-07,,6.509944796562195e-07,,0.2750873863697052,,0.2478891909122467,,0.03004426881670952,,0.001284388592466712,0.021445315331220627,,,,,,,,,,,,,,
7,,9119,,,,,,,,,,1.6577541828155518e-07,,4.5960769057273865e-07,,0.28430551290512085,,0.2653823494911194,,0.02239546924829483,,0.0012392528587952256,0.02090519852936268,,,,,,,,,,,,,,
7,,9129,,,,,,,,,,1.2796372175216675e-06,,6.51925802230835e-07,,0.293995201587677,,0.24594013392925262,,0.037790246307849884,,0.001627597026526928,0.0232857558876276,,,,,,,,,,,,,,
7,,9139,,,,,,,,,,3.3155083656311035e-07,,1.0151416063308716e-07,,0.3237731456756592,,0.22848477959632874,,0.029833761975169182,,0.0011899032397195697,0.02099582552909851,,,,,,,,,,,,,,
7,,9149,,,,,,,,,,3.7383288145065308e-06,,9.220093488693237e-08,,0.32203978300094604,,0.24634529650211334,,0.021347222849726677,,0.000922027335036546,0.02002035640180111,,,,,,,,,,,,,,
7,,9159,,,,,,,,,,1.6763806343078613e-07,,2.4726614356040955e-07,,0.2648232579231262,,0.2615915536880493,,0.027188517153263092,,0.0011094495421275496,0.02130063623189926,,,,,,,,,,,,,,
7,,9169,,,,,,,,,,1.3969838619232178e-07,,1.5599653124809265e-07,,0.2835768461227417,,0.24719281494617462,,0.03037724271416664,,0.0017159682465717196,0.021898385137319565,,,,,,,,,,,,,,
7,,9179,,,,,,,,,,2.045184373855591e-06,,1.935753971338272e-06,,0.283951997756958,,0.2626523971557617,,0.0325307697057724,,0.0012171855196356773,0.02265734039247036,,,,,,,,,,,,,,
7,,9189,,,,,,,,,,3.762543201446533e-07,,8.055940270423889e-08,,0.28852856159210205,,0.25011125206947327,,0.029023349285125732,,0.0009097564034163952,0.02123453840613365,,,,,,,,,,,,,,
7,,9199,,,,,,,,,,5.308538675308228e-07,,4.149042069911957e-07,,0.2648954391479492,,0.28124019503593445,,0.030516982078552246,,0.001882853452116251,0.023427173495292664,,,,,,,,,,,,,,
7,,9209,,,,,,,,,,8.022412657737732e-06,,1.877499744296074e-05,,0.24810853600502014,,0.27916812896728516,,0.022849339991807938,,0.0011737270979210734,0.021163303405046463,,,,,,,,,,,,,,
7,,9219,,,,,,,,,,2.514570951461792e-07,,4.3446198105812073e-07,,0.2943149507045746,,0.25121012330055237,,0.029654590412974358,,0.0012452546507120132,0.02172396145761013,,,,,,,,,,,,,,
7,,9229,,,,,,,,,,3.7439167499542236e-07,,1.126900315284729e-07,,0.27685728669166565,,0.2490217387676239,,0.03576163202524185,,0.001970049925148487,0.02310580015182495,,,,,,,,,,,,,,
7,,9239,,,,,,,,,,1.5832483768463135e-07,,8.651986718177795e-07,,0.3373957872390747,,0.2353275716304779,,0.025336258113384247,,0.001582822296768427,0.020927613601088524,,,,,,,,,,,,,,
7,,9249,,,,,,,,,,3.390014171600342e-07,,1.2624077498912811e-06,,0.3376312553882599,,0.24379733204841614,,0.02612261101603508,,0.0009979651076719165,0.021036218851804733,,,,,,,,,,,,,,
7,,9259,,,,,,,,,,2.868473529815674e-07,,1.5506520867347717e-07,,0.3354901671409607,,0.23190537095069885,,0.032876960933208466,,0.0011971478816121817,0.02186972089111805,,,,,,,,,,,,,,
7,,9269,,,,,,,,,,4.5634806156158447e-07,,3.841705620288849e-07,,0.28321871161460876,,0.2583375573158264,,0.024670422077178955,,0.001138659892603755,0.020913349464535713,,,,,,,,,,,,,,
7,,9279,,,,,,,,,,3.0044466257095337e-06,,6.300397217273712e-07,,0.3039259910583496,,0.2361375093460083,,0.02667359635233879,,0.0012548123486340046,0.020578013733029366,,,,,,,,,,,,,,
7,,9289,,,,,,,,,,3.557652235031128e-07,,3.450550138950348e-07,,0.29719680547714233,,0.2546471655368805,,0.029336418956518173,,0.0017829949501901865,0.02226262353360653,,,,,,,,,,,,,,
7,,9299,,,,,,,,,,1.6614794731140137e-06,,3.995373845100403e-07,,0.2733360826969147,,0.28105008602142334,,0.02184632048010826,,0.0013279605191200972,0.02147478051483631,,,,,,,,,,,,,,
7,,9309,,,,,,,,,,3.073364496231079e-07,,3.3993273973464966e-07,,0.2666643559932709,,0.26232007145881653,,0.024751555174589157,,0.0017571034841239452,0.02138519287109375,,,,,,,,,,,,,,
7,,9319,,,,,,,,,,2.086162567138672e-07,,3.4365803003311157e-07,,0.30270981788635254,,0.24359792470932007,,0.027454225346446037,,0.0008674454293213785,0.020769357681274414,,,,,,,,,,,,,,
7,,9329,,,,,,,,,,2.6635825634002686e-07,,6.407499313354492e-07,,0.3293587565422058,,0.2429010421037674,,0.0308663509786129,,0.001611604355275631,0.02224723994731903,,,,,,,,,,,,,,
7,,9335,,,,,,,,,,,,,,,,,,,,,,0.992068886756897,1.0,1.0,0.9212272763252258,0.9059996008872986,0.9876431226730347,0.9996222853660583,0.020514048635959625,0.0,0.0,0.2941053807735443,0.24999138712882996,0.025319302454590797,0.0007956945337355137
7,,9335,0.9918569326400757,1.0,1.0,0.9231616258621216,0.9055376648902893,0.9871170520782471,0.999468982219696,0.021669138222932816,3.8099458379292628e-06,,1.491447278567648e-06,,0.29333505034446716,,0.25326281785964966,,0.028698226436972618,,0.0012982850894331932,,,,,,,,,,,,,,,,
,0.00025036959095382875,9336,,,,,,,,,,,,,,,,,,,,,,,,,,,,,,,,,,,
8,,9339,,,,,,,,,,6.798654794692993e-07,,6.332993507385254e-07,,0.26670384407043457,,0.25950875878334045,,0.025611910969018936,,0.0010185239370912313,0.020861132070422173,,,,,,,,,,,,,,
8,,9349,,,,,,,,,,4.172325134277344e-07,,1.3713724911212921e-06,,0.2675679922103882,,0.26290738582611084,,0.03170313686132431,,0.001392413629218936,0.02245348133146763,,,,,,,,,,,,,,
8,,9359,,,,,,,,,,8.009374141693115e-08,,8.395873010158539e-07,,0.2608398199081421,,0.2631852328777313,,0.028486844152212143,,0.0009212843724526465,0.021431006491184235,,,,,,,,,,,,,,
8,,9369,,,,,,,,,,9.12696123123169e-08,,8.093193173408508e-07,,0.291786253452301,,0.25009965896606445,,0.028049957007169724,,0.0012206949759274721,0.021322889253497124,,,,,,,,,,,,,,
8,,9379,,,,,,,,,,1.73225998878479e-07,,3.8477592170238495e-06,,0.23890328407287598,,0.27995675802230835,,0.02660899981856346,,0.0011584952007979155,0.021786009892821312,,,,,,,,,,,,,,
8,,9389,,,,,,,,,,3.166496753692627e-08,,4.4563785195350647e-07,,0.31068217754364014,,0.24744895100593567,,0.027335036545991898,,0.0012171347625553608,0.02128334529697895,,,,,,,,,,,,,,
8,,9399,,,,,,,,,,2.2351741790771484e-08,,2.975575625896454e-07,,0.26455312967300415,,0.2618393003940582,,0.026230167597532272,,0.0017092962516471744,0.021579347550868988,,,,,,,,,,,,,,
8,,9409,,,,,,,,,,6.891787052154541e-08,,4.2421743273735046e-07,,0.29960235953330994,,0.23806634545326233,,0.02858361043035984,,0.0013315811520442367,0.021033573895692825,,,,,,,,,,,,,,
8,,9419,,,,,,,,,,3.91155481338501e-08,,1.6489066183567047e-06,,0.31777387857437134,,0.23958827555179596,,0.025392286479473114,,0.0011411311570554972,0.020576542243361473,,,,,,,,,,,,,,
8,,9429,,,,,,,,,,1.0989606380462646e-07,,8.78702849149704e-07,,0.2494155913591385,,0.2634150981903076,,0.02598099410533905,,0.0012849010527133942,0.021110691130161285,,,,,,,,,,,,,,
8,,9439,,,,,,,,,,3.390014171600342e-07,,1.087132841348648e-05,,0.29636263847351074,,0.24403584003448486,,0.029685968533158302,,0.0015441749710589647,0.021641746163368225,,,,,,,,,,,,,,
8,,9449,,,,,,,,,,3.8743019104003906e-07,,2.5671906769275665e-06,,0.2890772521495819,,0.2520800828933716,,0.028906408697366714,,0.001610267092473805,0.021836869418621063,,,,,,,,,,,,,,
8,,9459,,,,,,,,,,1.5832483768463135e-07,,2.9425136744976044e-06,,0.26886826753616333,,0.26173293590545654,,0.02511831559240818,,0.0015649173874408007,0.021308114752173424,,,,,,,,,,,,,,
8,,9469,,,,,,,,,,6.51925802230835e-08,,3.7997961044311523e-07,,0.30798351764678955,,0.25859835743904114,,0.0253249853849411,,0.0009924725163727999,0.021228954195976257,,,,,,,,,,,,,,
8,,9479,,,,,,,,,,8.009374141693115e-07,,7.576309144496918e-07,,0.2567523121833801,,0.26365387439727783,,0.02796938270330429,,0.0013698816765099764,0.021644549444317818,,,,,,,,,,,,,,
8,,9489,,,,,,,,,,2.2351741790771484e-08,,7.748603820800781e-07,,0.27666643261909485,,0.25064587593078613,,0.034965112805366516,,0.0012416221434250474,0.02248387783765793,,,,,,,,,,,,,,
8,,9499,,,,,,,,,,4.637986421585083e-07,,2.8032809495925903e-07,,0.2863076329231262,,0.2725182771682739,,0.020378489047288895,,0.001758282887749374,0.02127433568239212,,,,,,,,,,,,,,
8,,9509,,,,,,,,,,6.388872861862183e-07,,6.328336894512177e-07,,0.35240334272384644,,0.22760827839374542,,0.031627409160137177,,0.0008027249714359641,0.021336261183023453,,,,,,,,,,,,,,
8,,9519,,,,,,,,,,7.197260856628418e-06,,1.1064112186431885e-06,,0.2913474440574646,,0.26610156893730164,,0.022084876894950867,,0.0016802973113954067,0.021294083446264267,,,,,,,,,,,,,,
8,,9529,,,,,,,,,,1.084059476852417e-06,,8.880160748958588e-07,,0.30946218967437744,,0.24166499078273773,,0.026492543518543243,,0.0007348881335929036,0.020478077232837677,,,,,,,,,,,,,,
8,,9539,,,,,,,,,,4.5634806156158447e-07,,1.6405247151851654e-06,,0.2652255892753601,,0.2551153898239136,,0.033802710473537445,,0.0012252478627488017,0.022329047322273254,,,,,,,,,,,,,,
8,,9549,,,,,,,,,,7.562339305877686e-07,,4.0279701352119446e-07,,0.30169951915740967,,0.24691855907440186,,0.031172629445791245,,0.001442994107492268,0.022042347118258476,,,,,,,,,,,,,,
8,,9559,,,,,,,,,,1.1734664440155029e-07,,2.514570951461792e-07,,0.282889723777771,,0.24850338697433472,,0.02679697424173355,,0.0008279814501293004,0.02061416395008564,,,,,,,,,,,,,,
8,,9569,,,,,,,,,,2.7194619178771973e-07,,2.9010698199272156e-07,,0.2985215187072754,,0.268184095621109,,0.025814082473516464,,0.001330813392996788,0.021913031116127968,,,,,,,,,,,,,,
8,,9579,,,,,,,,,,2.3283064365386963e-07,,2.8172507882118225e-07,,0.3007686138153076,,0.23947134613990784,,0.023739852011203766,,0.0006389040499925613,0.019685059785842896,,,,,,,,,,,,,,
8,,9589,,,,,,,,,,6.910413503646851e-07,,2.752058207988739e-07,,0.2668231427669525,,0.248247429728508,,0.03212011978030205,,0.0011326498351991177,0.021640725433826447,,,,,,,,,,,,,,
8,,9599,,,,,,,,,,1.9185245037078857e-07,,4.093162715435028e-07,,0.29338809847831726,,0.2605476379394531,,0.020138390362262726,,0.001241228892467916,0.020363155752420425,,,,,,,,,,,,,,
8,,9609,,,,,,,,,,2.9299408197402954e-06,,2.9848888516426086e-07,,0.27797234058380127,,0.2631129324436188,,0.018046097829937935,,0.0010754649993032217,0.019785983487963676,,,,,,,,,,,,,,
8,,9619,,,,,,,,,,6.92903995513916e-07,,5.42961061000824e-07,,0.31092584133148193,,0.22420300543308258,,0.030047157779335976,,0.0013601179234683514,0.02081219293177128,,,,,,,,,,,,,,
8,,9629,,,,,,,,,,1.341104507446289e-07,,2.561137080192566e-07,,0.2854607105255127,,0.254871129989624,,0.026549646630883217,,0.001183505286462605,0.021163182333111763,,,,,,,,,,,,,,
8,,9639,,,,,,,,,,4.414469003677368e-07,,1.3923272490501404e-07,,0.2724221348762512,,0.25110387802124023,,0.030507583171129227,,0.0012419335544109344,0.02161984331905842,,,,,,,,,,,,,,
8,,9649,,,,,,,,,,3.5390257835388184e-07,,1.955777406692505e-07,,0.278807669878006,,0.26155391335487366,,0.03234396129846573,,0.0005994891980662942,0.02204710990190506,,,,,,,,,,,,,,
8,,9659,,,,,,,,,,1.210719347000122e-07,,2.6170164346694946e-07,,0.3459453582763672,,0.22567611932754517,,0.02470051497220993,,0.0010586024727672338,0.02006281167268753,,,,,,,,,,,,,,
8,,9669,,,,,,,,,,1.2852251529693604e-07,,2.528540790081024e-07,,0.3136245608329773,,0.25355690717697144,,0.02276311255991459,,0.0010625196155160666,0.02063077874481678,,,,,,,,,,,,,,
8,,9679,,,,,,,,,,6.612390279769897e-07,,3.748573362827301e-07,,0.29776543378829956,,0.25914090871810913,,0.02703506499528885,,0.0009251036681234837,0.021404799073934555,,,,,,,,,,,,,,
8,,9689,,,,,,,,,,3.520399332046509e-07,,4.200264811515808e-07,,0.3025927245616913,,0.2493889033794403,,0.027619631960988045,,0.0014705583453178406,0.021522969007492065,,,,,,,,,,,,,,
8,,9699,,,,,,,,,,9.499490261077881e-08,,2.6868656277656555e-07,,0.3069838583469391,,0.2630394399166107,,0.02931123785674572,,0.0018103534821420908,0.02278662845492363,,,,,,,,,,,,,,
8,,9709,,,,,,,,,,4.675239324569702e-07,,1.778826117515564e-07,,0.30481767654418945,,0.25938501954078674,,0.02228568308055401,,0.00041462021181359887,0.020225226879119873,,,,,,,,,,,,,,
8,,9719,,,,,,,,,,6.92903995513916e-07,,1.7136335372924805e-07,,0.2976410388946533,,0.2535504698753357,,0.01931190863251686,,0.0009640930220484734,0.01972202956676483,,,,,,,,,,,,,,
8,,9729,,,,,,,,,,3.1851232051849365e-07,,1.83936208486557e-07,,0.31329232454299927,,0.24594740569591522,,0.024533243849873543,,0.0012046892661601305,0.020708736032247543,,,,,,,,,,,,,,
8,,9739,,,,,,,,,,2.421438694000244e-08,,2.3422762751579285e-07,,0.28909799456596375,,0.2534268796443939,,0.02967580407857895,,0.0008826535195112228,0.021498704329133034,,,,,,,,,,,,,,
8,,9749,,,,,,,,,,3.166496753692627e-08,,1.6996636986732483e-07,,0.2200140655040741,,0.2727521061897278,,0.02794446051120758,,0.0012156598968431354,0.021520130336284637,,,,,,,,,,,,,,
8,,9759,,,,,,,,,,8.381903171539307e-08,,7.739290595054626e-07,,0.25211411714553833,,0.26432979106903076,,0.03771928697824478,,0.0012097714934498072,0.023330314084887505,,,,,,,,,,,,,,
8,,9769,,,,,,,,,,1.30385160446167e-07,,1.4468096196651459e-06,,0.31265318393707275,,0.24003049731254578,,0.026009168475866318,,0.0006246582488529384,0.020265499129891396,,,,,,,,,,,,,,
8,,9779,,,,,,,,,,5.960464477539063e-08,,1.30385160446167e-07,,0.2649201452732086,,0.2544935345649719,,0.03328154981136322,,0.0009146304219029844,0.021965544670820236,,,,,,,,,,,,,,
8,,9789,,,,,,,,,,7.005408406257629e-06,,1.3690441846847534e-07,,0.2819034159183502,,0.2597253918647766,,0.03125216066837311,,0.0011214388068765402,0.02218446508049965,,,,,,,,,,,,,,
8,,9799,,,,,,,,,,1.3597309589385986e-07,,1.1278316378593445e-06,,0.2913746237754822,,0.2472485601902008,,0.02354559674859047,,0.0013408923987299204,0.020429782569408417,,,,,,,,,,,,,,
8,,9809,,,,,,,,,,1.5087425708770752e-07,,1.7746351659297943e-06,,0.28153663873672485,,0.275837242603302,,0.020327260717749596,,0.001011619926430285,0.02080428972840309,,,,,,,,,,,,,,
8,,9819,,,,,,,,,,1.30385160446167e-07,,9.532086551189423e-07,,0.2353656142950058,,0.2763080298900604,,0.028081808239221573,,0.001667368458583951,0.02223142795264721,,,,,,,,,,,,,,
8,,9829,,,,,,,,,,5.029141902923584e-08,,6.09084963798523e-07,,0.28656187653541565,,0.2504594624042511,,0.030987504869699478,,0.001041609444655478,0.021695097908377647,,,,,,,,,,,,,,
8,,9839,,,,,,,,,,8.568167686462402e-08,,2.4028122425079346e-07,,0.31496840715408325,,0.2429116815328598,,0.02353988029062748,,0.001291552442125976,0.020464910194277763,,,,,,,,,,,,,,
8,,9849,,,,,,,,,,4.023313522338867e-07,,1.471489667892456e-07,,0.2977426052093506,,0.24802862107753754,,0.032719239592552185,,0.001337030902504921,0.0222585778683424,,,,,,,,,,,,,,
8,,9859,,,,,,,,,,3.0025839805603027e-06,,3.3248215913772583e-07,,0.3044883608818054,,0.25478988885879517,,0.02400508150458336,,0.0009408523910678923,0.02072315476834774,,,,,,,,,,,,,,
8,,9869,,,,,,,,,,1.9744038581848145e-07,,1.8812716007232666e-07,,0.31447702646255493,,0.24799492955207825,,0.026316117495298386,,0.001307185273617506,0.021229885518550873,,,,,,,,,,,,,,
8,,9879,,,,,,,,,,4.0605664253234863e-07,,2.845190465450287e-07,,0.30582284927368164,,0.25071901082992554,,0.025668257847428322,,0.0014303429052233696,0.021227054297924042,,,,,,,,,,,,,,
8,,9889,,,,,,,,,,2.3227185010910034e-06,,2.6598572731018066e-06,,0.2998914420604706,,0.25657689571380615,,0.023284565657377243,,0.0010063399095088243,0.02066706120967865,,,,,,,,,,,,,,
8,,9899,,,,,,,,,,6.407499313354492e-07,,4.400499165058136e-07,,0.3049653172492981,,0.2329137921333313,,0.02689599059522152,,0.0010999913793057203,0.020364612340927124,,,,,,,,,,,,,,
8,,9909,,,,,,,,,,7.059425115585327e-07,,8.747447282075882e-06,,0.2758569121360779,,0.25459039211273193,,0.02469986118376255,,0.0012935609556734562,0.020773114636540413,,,,,,,,,,,,,,
8,,9919,,,,,,,,,,3.3527612686157227e-08,,1.3364478945732117e-07,,0.28000906109809875,,0.25380367040634155,,0.024744633585214615,,0.001009050291031599,0.020579833537340164,,,,,,,,,,,,,,
8,,9929,,,,,,,,,,4.1350722312927246e-07,,5.4016709327697754e-08,,0.2788320779800415,,0.2576046884059906,,0.026437168940901756,,0.00103579624556005,0.021081747487187386,,,,,,,,,,,,,,
8,,9939,,,,,,,,,,1.3783574104309082e-07,,6.472691893577576e-08,,0.2769216001033783,,0.2575863003730774,,0.029430020600557327,,0.0011791059514507651,0.021727297455072403,,,,,,,,,,,,,,
8,,9949,,,,,,,,,,1.3597309589385986e-07,,1.9604340195655823e-07,,0.2863955497741699,,0.25399526953697205,,0.02268252521753311,,0.001065146760083735,0.020319022238254547,,,,,,,,,,,,,,
8,,9959,,,,,,,,,,1.434236764907837e-07,,1.0756775736808777e-07,,0.3240554928779602,,0.241607204079628,,0.024868406355381012,,0.0007910247659310699,0.020383933559060097,,,,,,,,,,,,,,
8,,9969,,,,,,,,,,4.6566128730773926e-07,,2.505257725715637e-07,,0.2746600806713104,,0.25301143527030945,,0.028484033420681953,,0.0008196794660761952,0.021039238199591637,,,,,,,,,,,,,,
8,,9979,,,,,,,,,,2.1979212760925293e-07,,2.4121254682540894e-07,,0.2646792531013489,,0.27414584159851074,,0.024389389902353287,,0.001189177157357335,0.02142242155969143,,,,,,,,,,,,,,
8,,9989,,,,,,,,,,2.8312206268310547e-07,,2.551823854446411e-07,,0.26851680874824524,,0.25816893577575684,,0.03042597696185112,,0.0011959359981119633,0.021855508908629417,,,,,,,,,,,,,,
8,,9999,,,,,,,,,,1.862645149230957e-07,,1.755543053150177e-07,,0.2758336067199707,,0.2591018080711365,,0.028657522052526474,,0.0011836598860099912,0.021644137799739838,,,,,,,,,,,,,,
8,,10009,,,,,,,,,,4.6938657760620117e-07,,2.4260953068733215e-07,,0.24149492383003235,,0.28893083333969116,,0.021088631823658943,,0.000997295486740768,0.02108088880777359,,,,,,,,,,,,,,
8,,10019,,,,,,,,,,5.830079317092896e-07,,2.3562461137771606e-07,,0.3043527603149414,,0.2558729648590088,,0.029908206313848495,,0.0009095310815609992,0.021855954080820084,,,,,,,,,,,,,,
8,,10029,,,,,,,,,,2.1979212760925293e-07,,1.5087425708770752e-06,,0.3179664611816406,,0.23351150751113892,,0.02862909995019436,,0.0011445311829447746,0.020903484895825386,,,,,,,,,,,,,,
8,,10039,,,,,,,,,,2.4028122425079346e-07,,1.2433156371116638e-07,,0.3127064108848572,,0.24076339602470398,,0.03156133368611336,,0.0013311742804944515,0.021871784701943398,,,,,,,,,,,,,,
8,,10049,,,,,,,,,,3.026798367500305e-06,,2.039596438407898e-07,,0.3053533434867859,,0.23227867484092712,,0.025591790676116943,,0.0008861757232807577,0.019934384152293205,,,,,,,,,,,,,,
8,,10059,,,,,,,,,,6.48200511932373e-07,,4.353933036327362e-07,,0.2801930904388428,,0.2578110694885254,,0.029677342623472214,,0.0017631915397942066,0.02226073667407036,,,,,,,,,,,,,,
8,,10069,,,,,,,,,,1.3679265975952148e-05,,4.4284388422966003e-07,,0.24628987908363342,,0.2822040021419525,,0.029086096212267876,,0.001947880256921053,0.023034710437059402,,,,,,,,,,,,,,
8,,10079,,,,,,,,,,1.8700957298278809e-06,,3.7439167499542236e-07,,0.2856958508491516,,0.2588164806365967,,0.03357723355293274,,0.0007965285331010818,0.02237861417233944,,,,,,,,,,,,,,
8,,10089,,,,,,,,,,3.293156623840332e-06,,3.227032721042633e-07,,0.3038886785507202,,0.2571219801902771,,0.027565130963921547,,0.0010351090459153056,0.021563850343227386,,,,,,,,,,,,,,
8,,10099,,,,,,,,,,8.122995495796204e-06,,3.287568688392639e-07,,0.26618772745132446,,0.2502540946006775,,0.028025420382618904,,0.001350198406726122,0.021122626960277557,,,,,,,,,,,,,,
8,,10109,,,,,,,,,,6.5658241510391235e-06,,5.802139639854431e-07,,0.28450408577919006,,0.25714585185050964,,0.028256256133317947,,0.001389858196489513,0.021733498200774193,,,,,,,,,,,,,,
8,,10119,,,,,,,,,,6.388872861862183e-07,,3.105960786342621e-07,,0.32410693168640137,,0.2308616042137146,,0.02664743922650814,,0.0010354082332924008,0.020397700369358063,,,,,,,,,,,,,,
8,,10129,,,,,,,,,,1.6391277313232422e-07,,2.323649823665619e-07,,0.255023717880249,,0.2604311406612396,,0.03243636339902878,,0.0011277144076302648,0.022129276767373085,,,,,,,,,,,,,,
8,,10139,,,,,,,,,,3.8370490074157715e-07,,1.0174699127674103e-06,,0.3218144178390503,,0.24104224145412445,,0.025629745796322823,,0.0010004963260143995,0.020631106570363045,,,,,,,,,,,,,,
8,,10149,,,,,,,,,,7.729977369308472e-07,,1.4256220310926437e-05,,0.2678191065788269,,0.2668900787830353,,0.027756623923778534,,0.0008524585282430053,0.021497979760169983,,,,,,,,,,,,,,
8,,10159,,,,,,,,,,2.0302832126617432e-07,,6.086193025112152e-06,,0.29594284296035767,,0.2434365451335907,,0.026394708082079887,,0.0007597588701173663,0.020402994006872177,,,,,,,,,,,,,,
8,,10169,,,,,,,,,,2.2351741790771484e-07,,1.7601996660232544e-07,,0.2512367367744446,,0.27537980675697327,,0.021745480597019196,,0.0011152252554893494,0.02077137865126133,,,,,,,,,,,,,,
8,,10179,,,,,,,,,,2.682209014892578e-07,,3.380700945854187e-07,,0.29972127079963684,,0.2472047209739685,,0.03380201756954193,,0.0008657749858684838,0.022092683240771294,,,,,,,,,,,,,,
8,,10189,,,,,,,,,,1.2796372175216675e-06,,6.891787052154541e-08,,0.20927144587039948,,0.2874559164047241,,0.025925412774086,,0.0011188240023329854,0.02163231186568737,,,,,,,,,,,,,,
8,,10199,,,,,,,,,,6.910413503646851e-07,,2.621673047542572e-07,,0.32681286334991455,,0.23868805170059204,,0.025994427502155304,,0.0011004728730767965,0.020722711458802223,,,,,,,,,,,,,,
8,,10209,,,,,,,,,,8.25151801109314e-07,,2.775341272354126e-07,,0.2593410015106201,,0.2611292600631714,,0.025343894958496094,,0.0012928384821861982,0.021006325259804726,,,,,,,,,,,,,,
8,,10219,,,,,,,,,,8.083879947662354e-07,,1.1753290891647339e-06,,0.2823947072029114,,0.26192963123321533,,0.028297536075115204,,0.0012385717127472162,0.021827315911650658,,,,,,,,,,,,,,
8,,10229,,,,,,,,,,1.30385160446167e-07,,2.5937333703041077e-07,,0.30292147397994995,,0.2632978856563568,,0.024929823353886604,,0.0014779281336814165,0.021680030971765518,,,,,,,,,,,,,,
8,,10239,,,,,,,,,,2.942979335784912e-07,,6.84056431055069e-07,,0.24708664417266846,,0.26518183946609497,,0.026410812512040138,,0.0007436893647536635,0.020840831100940704,,,,,,,,,,,,,,
8,,10249,,,,,,,,,,1.642853021621704e-06,,1.2135133147239685e-06,,0.2683578133583069,,0.2597687840461731,,0.0310528464615345,,0.0007614493370056152,0.0217202827334404,,,,,,,,,,,,,,
8,,10259,,,,,,,,,,2.596527338027954e-06,,1.3101380318403244e-05,,0.23186954855918884,,0.27151012420654297,,0.025841228663921356,,0.001423587091267109,0.021362436935305595,,,,,,,,,,,,,,
8,,10269,,,,,,,,,,3.03611159324646e-06,,4.0652230381965637e-07,,0.2946283221244812,,0.24907279014587402,,0.028038738295435905,,0.001260459772311151,0.02133578434586525,,,,,,,,,,,,,,
8,,10279,,,,,,,,,,7.975846529006958e-06,,6.798654794692993e-07,,0.32359662652015686,,0.23534619808197021,,0.0307178758084774,,0.0007716987747699022,0.02116755209863186,,,,,,,,,,,,,,
8,,10289,,,,,,,,,,2.566725015640259e-06,,5.629844963550568e-07,,0.2765774130821228,,0.25228673219680786,,0.024760354310274124,,0.0006259067449718714,0.02018401026725769,,,,,,,,,,,,,,
8,,10299,,,,,,,,,,1.7974525690078735e-06,,5.746260285377502e-07,,0.27605393528938293,,0.2601298689842224,,0.02767517790198326,,0.001545986975543201,0.02178250253200531,,,,,,,,,,,,,,
8,,10309,,,,,,,,,,7.096678018569946e-07,,1.4868564903736115e-06,,0.30286839604377747,,0.2397223711013794,,0.024967312812805176,,0.0010232924250885844,0.02024001255631447,,,,,,,,,,,,,,
8,,10319,,,,,,,,,,3.42540442943573e-06,,7.105991244316101e-07,,0.3103488087654114,,0.24906191229820251,,0.0268925242125988,,0.0011935224756598473,0.021254362538456917,,,,,,,,,,,,,,
8,,10329,,,,,,,,,,1.0579824447631836e-06,,6.556510925292969e-07,,0.27810046076774597,,0.251131147146225,,0.029941584914922714,,0.0004995468771085143,0.021024605259299278,,,,,,,,,,,,,,
8,,10339,,,,,,,,,,4.675239324569702e-07,,1.443084329366684e-06,,0.29168060421943665,,0.23877912759780884,,0.035498782992362976,,0.0011629271320998669,0.022144533693790436,,,,,,,,,,,,,,
8,,10349,,,,,,,,,,9.238719940185547e-07,,4.85684722661972e-07,,0.3029751777648926,,0.2530827522277832,,0.028655800968408585,,0.0007071008440107107,0.02132224105298519,,,,,,,,,,,,,,
8,,10359,,,,,,,,,,5.383044481277466e-07,,8.731149137020111e-07,,0.2993071973323822,,0.25694334506988525,,0.027253471314907074,,0.0010607885196805,0.021462585777044296,,,,,,,,,,,,,,
8,,10369,,,,,,,,,,1.475214958190918e-06,,3.082677721977234e-07,,0.29303959012031555,,0.24876676499843597,,0.02617259882390499,,0.0012470731744542718,0.02094278112053871,,,,,,,,,,,,,,
8,,10379,,,,,,,,,,1.0170042514801025e-06,,9.061768651008606e-07,,0.2680901288986206,,0.27415138483047485,,0.02329309470951557,,0.001351859187707305,0.021379100158810616,,,,,,,,,,,,,,
8,,10389,,,,,,,,,,1.475214958190918e-06,,5.406327545642853e-07,,0.3308965563774109,,0.22504428029060364,,0.025564955547451973,,0.001002478296868503,0.019976811483502388,,,,,,,,,,,,,,
8,,10399,,,,,,,,,,1.3355165719985962e-06,,3.245193511247635e-06,,0.27935153245925903,,0.26934516429901123,,0.027602668851614,,0.000988671788945794,0.02182154916226864,,,,,,,,,,,,,,
8,,10409,,,,,,,,,,3.8035213947296143e-06,,6.416812539100647e-07,,0.28908807039260864,,0.25347185134887695,,0.022746969014406204,,0.0008295763982459903,0.020161408931016922,,,,,,,,,,,,,,
8,,10419,,,,,,,,,,1.0691583156585693e-06,,4.698522388935089e-07,,0.2627931833267212,,0.26433753967285156,,0.022940585389733315,,0.001403061905875802,0.020829172804951668,,,,,,,,,,,,,,
8,,10429,,,,,,,,,,3.632158041000366e-07,,6.565824151039124e-07,,0.2696038484573364,,0.2595166563987732,,0.02452562376856804,,0.0012224864913150668,0.020844774320721626,,,,,,,,,,,,,,
8,,10439,,,,,,,,,,5.7406723499298096e-06,,1.7462298274040222e-06,,0.2232961505651474,,0.27614498138427734,,0.026675740256905556,,0.0013431512052193284,0.021575389429926872,,,,,,,,,,,,,,
8,,10449,,,,,,,,,,6.243586540222168e-06,,5.718320608139038e-07,,0.3088940978050232,,0.25253838300704956,,0.025033636018633842,,0.0008152995142154396,0.020767949521541595,,,,,,,,,,,,,,
8,,10459,,,,,,,,,,5.327165126800537e-07,,4.782341420650482e-07,,0.28087276220321655,,0.25222647190093994,,0.027777422219514847,,0.0011023273691534996,0.021154774352908134,,,,,,,,,,,,,,
8,,10469,,,,,,,,,,5.381181836128235e-06,,2.728775143623352e-07,,0.3129246234893799,,0.23887516558170319,,0.025514084845781326,,0.0011093654902651906,0.020485280081629753,,,,,,,,,,,,,,
8,,10479,,,,,,,,,,8.326023817062378e-07,,5.019828677177429e-07,,0.28482261300086975,,0.25874820351600647,,0.024114571511745453,,0.0010068416595458984,0.02074826881289482,,,,,,,,,,,,,,
8,,10489,,,,,,,,,,4.7124922275543213e-07,,8.963979780673981e-07,,0.29212355613708496,,0.2638469934463501,,0.026450080797076225,,0.0006865994073450565,0.021270686760544777,,,,,,,,,,,,,,
8,,10499,,,,,,,,,,4.3958425521850586e-07,,8.596107363700867e-07,,0.3041781485080719,,0.23063518106937408,,0.031172681599855423,,0.0013988326536491513,0.021274812519550323,,,,,,,,,,,,,,
8,,10502,,,,,,,,,,,,,,,,,,,,,,0.9922282099723816,1.0,1.0,0.9212272763252258,0.9074402451515198,0.9881184697151184,0.9996261596679688,0.0202923770993948,0.0,0.0,0.295001745223999,0.2490946501493454,0.0242576003074646,0.0008076830999925733
8,,10502,0.99200439453125,1.0,1.0,0.9231616258621216,0.9058312773704529,0.987626850605011,0.9995213747024536,0.02119852975010872,1.4919219211151358e-06,,1.326938217971474e-06,,0.29303812980651855,,0.2521619200706482,,0.027095606550574303,,0.0011450900929048657,,,,,,,,,,,,,,,,
,0.000238167787843871,10503,,,,,,,,,,,,,,,,,,,,,,,,,,,,,,,,,,,
9,,10509,,,,,,,,,,6.593763828277588e-07,,1.364387571811676e-06,,0.2756659686565399,,0.2706005573272705,,0.021478703245520592,,0.0012419417034834623,0.02087867632508278,,,,,,,,,,,,,,
9,,10519,,,,,,,,,,3.1869858503341675e-06,,1.4252495020627975e-05,,0.2990906238555908,,0.2647726237773895,,0.02935965359210968,,0.0008988025365397334,0.02210066094994545,,,,,,,,,,,,,,
9,,10529,,,,,,,,,,1.7117708921432495e-06,,2.8032809495925903e-07,,0.32062771916389465,,0.23878324031829834,,0.025912921875715256,,0.0010409022215753794,0.020594701170921326,,,,,,,,,,,,,,
9,,10539,,,,,,,,,,8.961185812950134e-06,,2.468004822731018e-07,,0.2743489146232605,,0.25524619221687317,,0.02887871116399765,,0.0009057526476681232,0.021278968080878258,,,,,,,,,,,,,,
9,,10549,,,,,,,,,,2.9709190130233765e-06,,1.578591763973236e-07,,0.30364423990249634,,0.255315363407135,,0.02746456488966942,,0.0012458557030186057,0.021615516394376755,,,,,,,,,,,,,,
9,,10559,,,,,,,,,,3.0174851417541504e-07,,3.1385570764541626e-07,,0.2844346761703491,,0.24348995089530945,,0.0209356602281332,,0.0006802696734666824,0.019187135621905327,,,,,,,,,,,,,,
9,,10569,,,,,,,,,,5.783513188362122e-06,,2.169981598854065e-07,,0.2841588854789734,,0.2609594762325287,,0.02758779004216194,,0.0007892129942774773,0.02133229561150074,,,,,,,,,,,,,,
9,,10579,,,,,,,,,,2.849847078323364e-07,,6.044283509254456e-07,,0.2859395146369934,,0.2611939311027527,,0.02554137073457241,,0.0011638883734121919,0.021261436864733696,,,,,,,,,,,,,,
9,,10589,,,,,,,,,,6.984919309616089e-07,,1.0505784302949905e-05,,0.3042452931404114,,0.2554314136505127,,0.018476026132702827,,0.0006478705909103155,0.019493671134114265,,,,,,,,,,,,,,
9,,10599,,,,,,,,,,1.1175870895385742e-07,,4.2049214243888855e-07,,0.3258801996707916,,0.24767567217350006,,0.025566045194864273,,0.0010303228627890348,0.0210002101957798,,,,,,,,,,,,,,
9,,10609,,,,,,,,,,1.7210841178894043e-06,,1.648440957069397e-07,,0.29832330346107483,,0.25193899869918823,,0.031189415603876114,,0.0010883939685299993,0.02197529375553131,,,,,,,,,,,,,,
9,,10619,,,,,,,,,,1.1734664440155029e-07,,1.480337232351303e-06,,0.33014729619026184,,0.23698100447654724,,0.03168056160211563,,0.0010145788546651602,0.02168373577296734,,,,,,,,,,,,,,
9,,10629,,,,,,,,,,5.420297384262085e-07,,5.941372364759445e-06,,0.29573124647140503,,0.2519596219062805,,0.023897571489214897,,0.0011698014568537474,0.020639410242438316,,,,,,,,,,,,,,
9,,10639,,,,,,,,,,5.511566996574402e-06,,7.282942533493042e-07,,0.2783193588256836,,0.25419872999191284,,0.02967303991317749,,0.0015517742140218616,0.02191000059247017,,,,,,,,,,,,,,
9,,10649,,,,,,,,,,3.46451997756958e-07,,1.8533319234848022e-07,,0.3095397353172302,,0.2396613359451294,,0.02827249839901924,,0.0006539578316733241,0.02065815031528473,,,,,,,,,,,,,,
9,,10659,,,,,,,,,,1.8812716007232666e-07,,1.8533319234848022e-07,,0.2615263760089874,,0.2560521364212036,,0.030397886410355568,,0.000925218453630805,0.02146596647799015,,,,,,,,,,,,,,
9,,10669,,,,,,,,,,4.470348358154297e-08,,1.5925616025924683e-07,,0.2596876621246338,,0.24667617678642273,,0.026350174099206924,,0.0013350745430216193,0.020553143694996834,,,,,,,,,,,,,,
9,,10679,,,,,,,,,,4.6566128730773926e-08,,3.7904828786849976e-07,,0.3035324215888977,,0.243031308054924,,0.02678488940000534,,0.0010295712854713202,0.020748525857925415,,,,,,,,,,,,,,
9,,10689,,,,,,,,,,6.891787052154541e-07,,5.6140124797821045e-06,,0.2649199366569519,,0.2562161982059479,,0.02718682773411274,,0.0012472450034692883,0.021152811124920845,,,,,,,,,,,,,,
9,,10699,,,,,,,,,,2.3096799850463867e-07,,1.1851079761981964e-06,,0.2513394355773926,,0.26384109258651733,,0.0320037379860878,,0.0009832619689404964,0.022056471556425095,,,,,,,,,,,,,,
9,,10709,,,,,,,,,,3.7439167499542236e-07,,4.637986421585083e-07,,0.31946852803230286,,0.23360683023929596,,0.025240840390324593,,0.0009374995715916157,0.02013479173183441,,,,,,,,,,,,,,
9,,10719,,,,,,,,,,7.82310962677002e-08,,1.8486753106117249e-07,,0.3010127544403076,,0.2466982752084732,,0.024065054953098297,,0.001079578883945942,0.02041834220290184,,,,,,,,,,,,,,
9,,10729,,,,,,,,,,1.5087425708770752e-07,,1.671724021434784e-07,,0.285389244556427,,0.2517905533313751,,0.020920604467391968,,0.0011072877096012235,0.019905027002096176,,,,,,,,,,,,,,
9,,10739,,,,,,,,,,1.7136335372924805e-07,,3.7159770727157593e-07,,0.28311434388160706,,0.2533080279827118,,0.02262028306722641,,0.002072288189083338,0.020992204546928406,,,,,,,,,,,,,,
9,,10749,,,,,,,,,,5.62518835067749e-07,,8.256174623966217e-07,,0.36502647399902344,,0.2223263382911682,,0.023953216150403023,,0.0008303505601361394,0.019818034023046494,,,,,,,,,,,,,,
9,,10759,,,,,,,,,,5.085021257400513e-07,,2.644956111907959e-07,,0.29757779836654663,,0.24432268738746643,,0.027443576604127884,,0.0010988041758537292,0.020914748311042786,,,,,,,,,,,,,,
9,,10769,,,,,,,,,,3.073364496231079e-07,,6.132759153842926e-07,,0.34756559133529663,,0.23711541295051575,,0.02708403393626213,,0.0011425031116232276,0.021128114312887192,,,,,,,,,,,,,,
9,,10779,,,,,,,,,,4.842877388000488e-08,,2.0349398255348206e-07,,0.3163434863090515,,0.24265238642692566,,0.023910030722618103,,0.001326508354395628,0.02056451514363289,,,,,,,,,,,,,,
9,,10789,,,,,,,,,,7.096678018569946e-07,,4.200264811515808e-07,,0.27939969301223755,,0.26300638914108276,,0.022428274154663086,,0.0013917793985456228,0.020856870338320732,,,,,,,,,,,,,,
9,,10799,,,,,,,,,,5.960464477539063e-08,,2.8079375624656677e-07,,0.26523977518081665,,0.25437477231025696,,0.02739619091153145,,0.0009416883112862706,0.02088024653494358,,,,,,,,,,,,,,
9,,10809,,,,,,,,,,1.2293457984924316e-07,,3.2549723982810974e-07,,0.30337321758270264,,0.22847601771354675,,0.024468567222356796,,0.0012043702881783247,0.01976092718541622,,,,,,,,,,,,,,
9,,10819,,,,,,,,,,1.434236764907837e-07,,2.5937333703041077e-07,,0.35489118099212646,,0.2253759503364563,,0.025123897939920425,,0.0015038151759654284,0.020566994324326515,,,,,,,,,,,,,,
9,,10829,,,,,,,,,,5.569308996200562e-07,,7.646158337593079e-07,,0.31796568632125854,,0.24813538789749146,,0.025847163051366806,,0.001087779295630753,0.02102482132613659,,,,,,,,,,,,,,
9,,10839,,,,,,,,,,1.4156103134155273e-07,,8.950009942054749e-07,,0.2945083975791931,,0.235986590385437,,0.023400060832500458,,0.0006498469156213105,0.019392777234315872,,,,,,,,,,,,,,
9,,10849,,,,,,,,,,5.867332220077515e-07,,2.2631138563156128e-07,,0.299377977848053,,0.24209168553352356,,0.03813706338405609,,0.0008722518687136471,0.02266680635511875,,,,,,,,,,,,,,
9,,10859,,,,,,,,,,1.2703239917755127e-06,,1.2693926692008972e-06,,0.2997739911079407,,0.24167826771736145,,0.03045498952269554,,0.0006388177862390876,0.021036209538578987,,,,,,,,,,,,,,
9,,10869,,,,,,,,,,5.103647708892822e-07,,5.132518708705902e-06,,0.2755443751811981,,0.2589378356933594,,0.031359054148197174,,0.0007656124653294683,0.02182612381875515,,,,,,,,,,,,,,
9,,10879,,,,,,,,,,5.289912223815918e-07,,1.584179699420929e-06,,0.3341306447982788,,0.23159652948379517,,0.027785927057266235,,0.0010526302503421903,0.020776093006134033,,,,,,,,,,,,,,
9,,10889,,,,,,,,,,8.568167686462402e-08,,4.075327888131142e-05,,0.2697341740131378,,0.25412195920944214,,0.035827383399009705,,0.0008589968783780932,0.022440394386649132,,,,,,,,,,,,,,
9,,10899,,,,,,,,,,2.2165477275848389e-07,,1.51805579662323e-07,,0.2827358841896057,,0.25744879245758057,,0.031524572521448135,,0.0007750396616756916,0.02187870256602764,,,,,,,,,,,,,,
9,,10909,,,,,,,,,,1.30385160446167e-07,,1.8067657947540283e-07,,0.25955507159233093,,0.25234901905059814,,0.022402619943022728,,0.0007989039295352995,0.01967499405145645,,,,,,,,,,,,,,
9,,10919,,,,,,,,,,9.872019290924072e-08,,8.912757039070129e-07,,0.2442706823348999,,0.26211458444595337,,0.029485562816262245,,0.0007281818543560803,0.021229034289717674,,,,,,,,,,,,,,
9,,10929,,,,,,,,,,5.00120222568512e-06,,6.738118827342987e-07,,0.2641697824001312,,0.27995795011520386,,0.023752011358737946,,0.0010272954823449254,0.021447984501719475,,,,,,,,,,,,,,
9,,10939,,,,,,,,,,3.855675458908081e-07,,3.6368146538734436e-07,,0.278673380613327,,0.2579776644706726,,0.03663906827569008,,0.0011133024236187339,0.02306884340941906,,,,,,,,,,,,,,
9,,10949,,,,,,,,,,2.868473529815674e-06,,9.620562195777893e-07,,0.2551874816417694,,0.2639966607093811,,0.03502114489674568,,0.0008800554205663502,0.02259735018014908,,,,,,,,,,,,,,
9,,10959,,,,,,,,,,1.434236764907837e-07,,4.049856215715408e-06,,0.3248382806777954,,0.24795323610305786,,0.0216818917542696,,0.0011234319536015391,0.02034241519868374,,,,,,,,,,,,,,
9,,10969,,,,,,,,,,1.3597309589385986e-07,,1.0728836059570312e-06,,0.2685168385505676,,0.2512627840042114,,0.02445419505238533,,0.0010837631998583674,0.020327575504779816,,,,,,,,,,,,,,
9,,10979,,,,,,,,,,1.9371509552001953e-07,,3.1851232051849365e-07,,0.2930243909358978,,0.2462204396724701,,0.024838736280798912,,0.0007336848648265004,0.020187919959425926,,,,,,,,,,,,,,
9,,10989,,,,,,,,,,6.332993507385254e-08,,6.486661732196808e-07,,0.28930801153182983,,0.26421287655830383,,0.02097155526280403,,0.0014005604898557067,0.020762965083122253,,,,,,,,,,,,,,
9,,10999,,,,,,,,,,1.6391277313232422e-07,,9.546056389808655e-08,,0.28077566623687744,,0.2515411078929901,,0.027868933975696564,,0.0009880600264295936,0.02105293981730938,,,,,,,,,,,,,,
9,,11009,,,,,,,,,,4.6566128730773926e-08,,2.2212043404579163e-07,,0.3337125778198242,,0.23063477873802185,,0.02707109972834587,,0.0008042132249101996,0.02040567621588707,,,,,,,,,,,,,,
9,,11019,,,,,,,,,,6.146728992462158e-08,,3.9674341678619385e-07,,0.30431729555130005,,0.26305916905403137,,0.02328403852880001,,0.0010745357722043991,0.021073922514915466,,,,,,,,,,,,,,
9,,11029,,,,,,,,,,3.3527612686157227e-07,,7.790513336658478e-07,,0.3301287889480591,,0.23320426046848297,,0.018863944336771965,,0.0011923700803890824,0.019236113876104355,,,,,,,,,,,,,,
9,,11039,,,,,,,,,,2.2724270820617676e-07,,2.705492079257965e-07,,0.29997649788856506,,0.23444746434688568,,0.027601871639490128,,0.0005248598754405975,0.020078973844647408,,,,,,,,,,,,,,
9,,11049,,,,,,,,,,7.953494787216187e-07,,1.671677455306053e-05,,0.3194097876548767,,0.2470088005065918,,0.024564668536186218,,0.0008819482754915953,0.0205940343439579,,,,,,,,,,,,,,
9,,11059,,,,,,,,,,3.855675458908081e-07,,2.2677704691886902e-07,,0.28433921933174133,,0.25731465220451355,,0.02385292947292328,,0.0011903204722329974,0.020763959735631943,,,,,,,,,,,,,,
9,,11069,,,,,,,,,,6.146728992462158e-07,,6.761401891708374e-07,,0.29461586475372314,,0.25819194316864014,,0.02431676909327507,,0.0011291195405647159,0.020966632291674614,,,,,,,,,,,,,,
9,,11079,,,,,,,,,,3.91155481338501e-08,,9.327195584774017e-07,,0.3518160879611969,,0.22986909747123718,,0.022768471390008926,,0.0012819296680390835,0.02013341151177883,,,,,,,,,,,,,,
9,,11089,,,,,,,,,,3.2223761081695557e-07,,2.8265640139579773e-07,,0.3194435238838196,,0.25664305686950684,,0.020866844803094864,,0.0010978849604725838,0.020514579489827156,,,,,,,,,,,,,,
9,,11099,,,,,,,,,,4.198402166366577e-06,,5.359761416912079e-06,,0.30787193775177,,0.26163068413734436,,0.022450733929872513,,0.00037262472324073315,0.02036578394472599,,,,,,,,,,,,,,
9,,11109,,,,,,,,,,1.473352313041687e-05,,1.5976838767528534e-06,,0.2827449440956116,,0.2545986473560333,,0.02362014725804329,,0.0005674727726727724,0.020107034593820572,,,,,,,,,,,,,,
9,,11119,,,,,,,,,,7.37607479095459e-07,,1.3778917491436005e-06,,0.3229794502258301,,0.23245671391487122,,0.02201552502810955,,0.0009917537681758404,0.019557829946279526,,,,,,,,,,,,,,
9,,11129,,,,,,,,,,6.109476089477539e-07,,9.434297680854797e-07,,0.3170859217643738,,0.23368045687675476,,0.0263266209512949,,0.0008089224575087428,0.020217495039105415,,,,,,,,,,,,,,
9,,11139,,,,,,,,,,4.4517219066619873e-07,,7.171183824539185e-07,,0.29875636100769043,,0.24916189908981323,,0.019650671631097794,,0.001088249497115612,0.019686011597514153,,,,,,,,,,,,,,
9,,11149,,,,,,,,,,6.426125764846802e-07,,1.2265518307685852e-06,,0.30586469173431396,,0.22984950244426727,,0.02858828566968441,,0.001135345664806664,0.0205753892660141,,,,,,,,,,,,,,
9,,11159,,,,,,,,,,3.334134817123413e-07,,3.413297235965729e-07,,0.2924386262893677,,0.26339852809906006,,0.018936466425657272,,0.0008256656001321971,0.019948530942201614,,,,,,,,,,,,,,
9,,11169,,,,,,,,,,4.023313522338867e-07,,7.59027898311615e-07,,0.2878287434577942,,0.25437110662460327,,0.02018478885293007,,0.000984927173703909,0.01982482336461544,,,,,,,,,,,,,,
9,,11179,,,,,,,,,,6.873160600662231e-07,,2.2025778889656067e-07,,0.3082820773124695,,0.24205559492111206,,0.02993036061525345,,0.0006431561196222901,0.02105848863720894,,,,,,,,,,,,,,
9,,11189,,,,,,,,,,1.300126314163208e-06,,9.73232090473175e-08,,0.32607540488243103,,0.23503798246383667,,0.02329523116350174,,0.0008956377860158682,0.019883042201399803,,,,,,,,,,,,,,
9,,11199,,,,,,,,,,6.835907697677612e-07,,2.0675361156463623e-07,,0.2965134084224701,,0.2529183626174927,,0.020294075831770897,,0.0008468262385576963,0.019775403663516045,,,,,,,,,,,,,,
9,,11209,,,,,,,,,,4.5634806156158447e-07,,1.1781230568885803e-06,,0.29076582193374634,,0.2552620768547058,,0.02704060822725296,,0.0009494133992120624,0.02116016484797001,,,,,,,,,,,,,,
9,,11219,,,,,,,,,,1.0337680578231812e-06,,2.062879502773285e-07,,0.3086585998535156,,0.24470797181129456,,0.02531575597822666,,0.0006099727470427752,0.020296920090913773,,,,,,,,,,,,,,
9,,11229,,,,,,,,,,3.7066638469696045e-07,,1.3690441846847534e-07,,0.27663737535476685,,0.2662779688835144,,0.027363289147615433,,0.0014269788516685367,0.021929830312728882,,,,,,,,,,,,,,
9,,11239,,,,,,,,,,4.153698682785034e-07,,6.086193025112152e-07,,0.2870994210243225,,0.25684815645217896,,0.02292219176888466,,0.0009061481105163693,0.020386705175042152,,,,,,,,,,,,,,
9,,11249,,,,,,,,,,2.4959444999694824e-07,,1.708976924419403e-07,,0.250485360622406,,0.2570110261440277,,0.030938971787691116,,0.0007450808770954609,0.02134784869849682,,,,,,,,,,,,,,
9,,11259,,,,,,,,,,2.086162567138672e-07,,1.9650906324386597e-07,,0.27878642082214355,,0.2622758150100708,,0.022083014249801636,,0.0007045197999104857,0.020235102623701096,,,,,,,,,,,,,,
9,,11269,,,,,,,,,,6.50063157081604e-07,,6.283167749643326e-06,,0.30590376257896423,,0.25008144974708557,,0.02140999212861061,,0.0012014427920803428,0.020227791741490364,,,,,,,,,,,,,,
9,,11279,,,,,,,,,,3.898888826370239e-05,,9.336508810520172e-07,,0.33949369192123413,,0.24296990036964417,,0.021304693073034286,,0.0011604023166000843,0.02023755945265293,,,,,,,,,,,,,,
9,,11289,,,,,,,,,,8.195638656616211e-08,,4.908069968223572e-07,,0.2756471633911133,,0.2580733895301819,,0.028673158958554268,,0.0010123460087925196,0.02146814949810505,,,,,,,,,,,,,,
9,,11299,,,,,,,,,,1.7695128917694092e-07,,9.387731552124023e-07,,0.26386934518814087,,0.2690454125404358,,0.018728772178292274,,0.001362988376058638,0.02024255320429802,,,,,,,,,,,,,,
9,,11309,,,,,,,,,,7.431954145431519e-07,,7.128017023205757e-05,,0.30065107345581055,,0.24212417006492615,,0.025264736264944077,,0.001142537803389132,0.020472073927521706,,,,,,,,,,,,,,
9,,11319,,,,,,,,,,3.0919909477233887e-07,,3.300141543149948e-06,,0.30515679717063904,,0.23263706266880035,,0.02445281110703945,,0.0007017523748800159,0.019596928730607033,,,,,,,,,,,,,,
9,,11329,,,,,,,,,,2.2724270820617676e-07,,3.2316893339157104e-07,,0.3081420660018921,,0.24727582931518555,,0.023694001138210297,,0.0006545856595039368,0.020140577107667923,,,,,,,,,,,,,,
9,,11339,,,,,,,,,,1.30385160446167e-07,,1.3036653399467468e-05,,0.3028275966644287,,0.23752298951148987,,0.026316005736589432,,0.0009038972784765065,0.020299818366765976,,,,,,,,,,,,,,
9,,11349,,,,,,,,,,7.450580596923828e-07,,3.363564610481262e-05,,0.29085004329681396,,0.25571364164352417,,0.02309534326195717,,0.0011311672860756516,0.02057885192334652,,,,,,,,,,,,,,
9,,11359,,,,,,,,,,9.499490261077881e-08,,1.862645149230957e-07,,0.28300121426582336,,0.25451576709747314,,0.022120073437690735,,0.001435150159522891,0.02047572284936905,,,,,,,,,,,,,,
9,,11369,,,,,,,,,,3.91155481338501e-08,,7.734633982181549e-07,,0.36003679037094116,,0.23576030135154724,,0.01851060427725315,,0.0008729072287678719,0.01940060406923294,,,,,,,,,,,,,,
9,,11379,,,,,,,,,,4.284083843231201e-08,,2.612359821796417e-07,,0.30317139625549316,,0.24244190752506256,,0.026219263672828674,,0.0011321714846417308,0.020687546581029892,,,,,,,,,,,,,,
9,,11389,,,,,,,,,,1.8067657947540283e-07,,1.8998980522155762e-07,,0.3318828344345093,,0.2365613728761673,,0.027349529787898064,,0.0005911038024351001,0.020554449409246445,,,,,,,,,,,,,,
9,,11399,,,,,,,,,,6.332993507385254e-08,,5.201436579227448e-07,,0.30814337730407715,,0.25003954768180847,,0.032817013561725616,,0.0007354869740083814,0.022041847929358482,,,,,,,,,,,,,,
9,,11409,,,,,,,,,,1.8067657947540283e-07,,4.977919161319733e-07,,0.2769707143306732,,0.26229217648506165,,0.031857702881097794,,0.001224666484631598,0.02243799716234207,,,,,,,,,,,,,,
9,,11419,,,,,,,,,,3.520399332046509e-07,,7.827766239643097e-07,,0.2750741243362427,,0.257401704788208,,0.023510068655014038,,0.0013848347589373589,0.020741060376167297,,,,,,,,,,,,,,
9,,11429,,,,,,,,,,1.6577541828155518e-07,,2.171844244003296e-06,,0.2686605453491211,,0.24745094776153564,,0.022955987602472305,,0.001101914094761014,0.0198831744492054,,,,,,,,,,,,,,
9,,11439,,,,,,,,,,2.4586915969848633e-07,,1.0775402188301086e-06,,0.29613426327705383,,0.24277842044830322,,0.025326654314994812,,0.0007892283610999584,0.02019616588950157,,,,,,,,,,,,,,
9,,11449,,,,,,,,,,3.7439167499542236e-07,,7.329508662223816e-07,,0.32911890745162964,,0.23004063963890076,,0.02235424891114235,,0.001394430873915553,0.019882116466760635,,,,,,,,,,,,,,
9,,11459,,,,,,,,,,4.284083843231201e-08,,3.119930624961853e-07,,0.2877114415168762,,0.2504884600639343,,0.024701885879039764,,0.001343021634966135,0.020757203921675682,,,,,,,,,,,,,,
9,,11469,,,,,,,,,,1.1175870895385742e-07,,4.600733518600464e-07,,0.33528634905815125,,0.23602020740509033,,0.022184014320373535,,0.0004724043537862599,0.019511155784130096,,,,,,,,,,,,,,
9,,11479,,,,,,,,,,3.129243850708008e-07,,1.5739351511001587e-07,,0.2865515351295471,,0.24989673495292664,,0.020515646785497665,,0.0008313903817906976,0.019546935334801674,,,,,,,,,,,,,,
9,,11489,,,,,,,,,,2.3469328880310059e-07,,4.286319017410278e-05,,0.27414506673812866,,0.2639928460121155,,0.022003674879670143,,0.0010828543454408646,0.020530270412564278,,,,,,,,,,,,,,
9,,11499,,,,,,,,,,1.7695128917694092e-07,,1.0244548320770264e-07,,0.30533546209335327,,0.24165181815624237,,0.019239516928792,,0.0015568416565656662,0.019685424864292145,,,,,,,,,,,,,,
9,,11509,,,,,,,,,,1.1324882507324219e-06,,9.825453162193298e-08,,0.2809053659439087,,0.24669894576072693,,0.031964611262083054,,0.0008077772799879313,0.021460311487317085,,,,,,,,,,,,,,
9,,11519,,,,,,,,,,2.7008354663848877e-07,,1.9883736968040466e-07,,0.31462621688842773,,0.25397562980651855,,0.017838187515735626,,0.0009302509133704007,0.019639277830719948,,,,,,,,,,,,,,
9,,11529,,,,,,,,,,5.21540641784668e-08,,6.565824151039124e-08,,0.2797486186027527,,0.2509797215461731,,0.024319838732481003,,0.0016275696689262986,0.020828712731599808,,,,,,,,,,,,,,
9,,11539,,,,,,,,,,8.381903171539307e-08,,8.055940270423889e-08,,0.272355854511261,,0.24633364379405975,,0.028203755617141724,,0.001188681460916996,0.02092338353395462,,,,,,,,,,,,,,
9,,11549,,,,,,,,,,5.774199962615967e-08,,2.454034984111786e-07,,0.24782638251781464,,0.2695454955101013,,0.021285714581608772,,0.0007184419664554298,0.020073965191841125,,,,,,,,,,,,,,
9,,11559,,,,,,,,,,1.3597309589385986e-07,,1.1455267667770386e-07,,0.3006611168384552,,0.23787251114845276,,0.02594747021794319,,0.0009274593903683126,0.02023933455348015,,,,,,,,,,,,,,
9,,11569,,,,,,,,,,1.5273690223693848e-07,,1.6354024410247803e-06,,0.30852943658828735,,0.251907616853714,,0.020808689296245575,,0.001131911645643413,0.02017924375832081,,,,,,,,,,,,,,
9,,11579,,,,,,,,,,4.153698682785034e-07,,5.234032869338989e-07,,0.27720022201538086,,0.2590313255786896,,0.023604292422533035,,0.001190418959595263,0.020714210346341133,,,,,,,,,,,,,,
9,,11589,,,,,,,,,,1.8440186977386475e-07,,7.594935595989227e-07,,0.28335434198379517,,0.2645798325538635,,0.02814675122499466,,0.0007523613749071956,0.021569794043898582,,,,,,,,,,,,,,
9,,11599,,,,,,,,,,1.3783574104309082e-07,,2.7134083211421967e-06,,0.27104276418685913,,0.25852954387664795,,0.031437937170267105,,0.0012948720250278711,0.022166041657328606,,,,,,,,,,,,,,
9,,11609,,,,,,,,,,1.695007085800171e-07,,3.5855919122695923e-07,,0.2892860472202301,,0.263072669506073,,0.028611700981855392,,0.00042770785512402654,0.021412307396531105,,,,,,,,,,,,,,
9,,11619,,,,,,,,,,6.239861249923706e-07,,1.955777406692505e-07,,0.2609410881996155,,0.26747384667396545,,0.025843529030680656,,0.001337784924544394,0.0214499793946743,,,,,,,,,,,,,,
9,,11629,,,,,,,,,,4.731118679046631e-07,,8.940696716308594e-08,,0.29429665207862854,,0.25064364075660706,,0.023081719875335693,,0.0010917213512584567,0.0203492920845747,,,,,,,,,,,,,,
9,,11639,,,,,,,,,,5.867332220077515e-07,,2.775341272354126e-07,,0.2729231119155884,,0.2686639428138733,,0.02146175317466259,,0.0011019236408174038,0.020647505298256874,,,,,,,,,,,,,,
9,,11649,,,,,,,,,,1.1920928955078125e-07,,4.0605664253234863e-07,,0.26649942994117737,,0.26510483026504517,,0.021899452432990074,,0.0008869805606082082,0.020326176658272743,,,,,,,,,,,,,,
9,,11659,,,,,,,,,,1.4435499906539917e-06,,2.6728957891464233e-07,,0.27760520577430725,,0.26454704999923706,,0.023973414674401283,,0.0006919439183548093,0.02067285031080246,,,,,,,,,,,,,,
9,,11669,,,,,,,,,,1.3560056686401367e-06,,4.537403697213449e-07,,0.3022061586380005,,0.26129502058029175,,0.022240160033106804,,0.0008639891748316586,0.02061273902654648,,,,,,,,,,,,,,
9,,11669,,,,,,,,,,,,,,,,,,,,,,0.9922236800193787,1.0,1.0,0.9212272763252258,0.9078859686851501,0.9880287647247314,0.9996143579483032,0.02033149264752865,0.0,0.0,0.29504913091659546,0.24940980970859528,0.024357784539461136,0.000814346713013947
9,,11669,0.9921138286590576,1.0,1.0,0.9231616258621216,0.9059488773345947,0.988010048866272,0.9995637536048889,0.020829863846302032,1.2374190418995568e-06,,1.7094108670789865e-06,,0.2928618788719177,,0.25130191445350647,,0.025838185101747513,,0.0010244713630527258,,,,,,,,,,,,,,,,
,0.00022500000000000002,11670,,,,,,,,,,,,,,,,,,,,,,,,,,,,,,,,,,,
10,,11679,,,,,,,,,,9.760260581970215e-07,,3.534369170665741e-07,,0.24838435649871826,,0.2528034448623657,,0.02678217925131321,,0.001234933384694159,0.02071383222937584,,,,,,,,,,,,,,
10,,11689,,,,,,,,,,2.380460500717163e-06,,4.3259933590888977e-07,,0.306144118309021,,0.26041483879089355,,0.019034981727600098,,0.0010681190760806203,0.02016964741051197,,,,,,,,,,,,,,
10,,11699,,,,,,,,,,3.3527612686157227e-08,,1.7881393432617188e-07,,0.3063461184501648,,0.23568463325500488,,0.034046925604343414,,0.0013686362653970718,0.022053372114896774,,,,,,,,,,,,,,
10,,11709,,,,,,,,,,1.0989606380462646e-07,,1.0766088962554932e-06,,0.28254202008247375,,0.25737830996513367,,0.02211236208677292,,0.000997826224192977,0.020275039598345757,,,,,,,,,,,,,,
10,,11719,,,,,,,,,,6.146728992462158e-08,,5.709007382392883e-07,,0.3089746832847595,,0.23952630162239075,,0.025579629465937614,,0.0007491642027162015,0.020211583003401756,,,,,,,,,,,,,,
10,,11729,,,,,,,,,,1.1734664440155029e-07,,2.0349398255348206e-07,,0.3079236149787903,,0.23432134091854095,,0.023468859493732452,,0.0008192012901417911,0.019611893221735954,,,,,,,,,,,,,,
10,,11739,,,,,,,,,,2.9802322387695312e-08,,2.2444874048233032e-07,,0.3232424855232239,,0.23826904594898224,,0.026927080005407333,,0.0010126999113708735,0.02077028527855873,,,,,,,,,,,,,,
10,,11749,,,,,,,,,,8.497387170791626e-06,,3.972090780735016e-07,,0.2788897752761841,,0.2609099745750427,,0.02262570895254612,,0.0011362339137122035,0.020597927272319794,,,,,,,,,,,,,,
10,,11759,,,,,,,,,,8.381903171539307e-08,,4.307366907596588e-07,,0.27834853529930115,,0.24645957350730896,,0.026159970089793205,,0.0010021483758464456,0.020476296544075012,,,,,,,,,,,,,,
10,,11769,,,,,,,,,,9.313225746154785e-08,,1.2200325727462769e-07,,0.3085329532623291,,0.23385174572467804,,0.02946552261710167,,0.001343444688245654,0.02111494541168213,,,,,,,,,,,,,,
10,,11779,,,,,,,,,,3.725290298461914e-08,,4.754401743412018e-07,,0.276157021522522,,0.2546261250972748,,0.03238721191883087,,0.001356404391117394,0.022267159074544907,,,,,,,,,,,,,,
10,,11789,,,,,,,,,,9.499490261077881e-08,,1.1548399925231934e-07,,0.27922141551971436,,0.2530444860458374,,0.024491284042596817,,0.0013348497450351715,0.02073190174996853,,,,,,,,,,,,,,
10,,11799,,,,,,,,,,5.960464477539063e-08,,9.774230420589447e-07,,0.2889500856399536,,0.24869883060455322,,0.027241647243499756,,0.0010160012170672417,0.02091881074011326,,,,,,,,,,,,,,
10,,11809,,,,,,,,,,8.195638656616211e-08,,2.584420144557953e-07,,0.29799431562423706,,0.24722978472709656,,0.026866333559155464,,0.0015523990150541067,0.021287951618433,,,,,,,,,,,,,,
10,,11819,,,,,,,,,,3.166496753692627e-07,,2.0256265997886658e-07,,0.33235645294189453,,0.22439858317375183,,0.020534904673695564,,0.000565841153729707,0.018692726269364357,,,,,,,,,,,,,,
10,,11829,,,,,,,,,,7.934868335723877e-07,,2.7241185307502747e-07,,0.2570164203643799,,0.2874342203140259,,0.019904520362615585,,0.0010665948502719402,0.02102256752550602,,,,,,,,,,,,,,
10,,11839,,,,,,,,,,3.986060619354248e-07,,3.543682396411896e-07,,0.3110930919647217,,0.24100442230701447,,0.022577587515115738,,0.0007517844205722213,0.019744662567973137,,,,,,,,,,,,,,
10,,11849,,,,,,,,,,1.6763806343078613e-07,,2.086162567138672e-07,,0.28138482570648193,,0.2580724358558655,,0.028130047023296356,,0.0010939808562397957,0.02149474434554577,,,,,,,,,,,,,,
10,,11859,,,,,,,,,,1.564621925354004e-07,,1.2526288628578186e-07,,0.3145444989204407,,0.24150511622428894,,0.02298072911798954,,0.001176723395474255,0.020202983170747757,,,,,,,,,,,,,,
10,,11869,,,,,,,,,,3.1478703022003174e-07,,1.7513521015644073e-06,,0.30725380778312683,,0.24052798748016357,,0.02508137747645378,,0.0011159959249198437,0.020420128479599953,,,,,,,,,,,,,,
10,,11879,,,,,,,,,,2.4400651454925537e-07,,8.754432201385498e-08,,0.3278156518936157,,0.22884002327919006,,0.026421930640935898,,0.000999491778202355,0.020277148112654686,,,,,,,,,,,,,,
10,,11889,,,,,,,,,,1.6670674085617065e-06,,9.685754776000977e-08,,0.29980817437171936,,0.24691987037658691,,0.027742240577936172,,0.0010501500219106674,0.02108217589557171,,,,,,,,,,,,,,
10,,11899,,,,,,,,,,2.812594175338745e-07,,3.1478703022003174e-06,,0.3082781732082367,,0.26155754923820496,,0.020573526620864868,,0.0012273893225938082,0.020656276494264603,,,,,,,,,,,,,,
10,,11909,,,,,,,,,,1.7061829566955566e-06,,9.294599294662476e-07,,0.2959210276603699,,0.2523759603500366,,0.029240865260362625,,0.0008913229685276747,0.02145434357225895,,,,,,,,,,,,,,
10,,11919,,,,,,,,,,2.263113856315613e-06,,6.668269634246826e-07,,0.2667943239212036,,0.2687915563583374,,0.02658083289861679,,0.0011678903829306364,0.021591199561953545,,,,,,,,,,,,,,
10,,11929,,,,,,,,,,3.334134817123413e-07,,2.50060111284256e-07,,0.2811852693557739,,0.25155001878738403,,0.026841290295124054,,0.0006349071045406163,0.02060049958527088,,,,,,,,,,,,,,
10,,11939,,,,,,,,,,6.575137376785278e-07,,2.654269337654114e-07,,0.29094183444976807,,0.25724461674690247,,0.02435915544629097,,0.0009734304621815681,0.020770303905010223,,,,,,,,,,,,,,
10,,11949,,,,,,,,,,1.4845281839370728e-06,,2.5425106287002563e-07,,0.27659833431243896,,0.23775017261505127,,0.02754244953393936,,0.00089456100249663,0.020225996151566505,,,,,,,,,,,,,,
10,,11959,,,,,,,,,,1.4919787645339966e-06,,6.216578185558319e-07,,0.31880995631217957,,0.23424331843852997,,0.02199263870716095,,0.0013352800160646439,0.01984613761305809,,,,,,,,,,,,,,
10,,11969,,,,,,,,,,1.5851110219955444e-06,,1.909211277961731e-07,,0.26013830304145813,,0.25246334075927734,,0.03109130635857582,,0.0009139712783508003,0.02140304073691368,,,,,,,,,,,,,,
10,,11979,,,,,,,,,,1.1511147022247314e-06,,7.865019142627716e-07,,0.30411630868911743,,0.25031912326812744,,0.021392742171883583,,0.0010107946582138538,0.020071711391210556,,,,,,,,,,,,,,
10,,11989,,,,,,,,,,8.66129994392395e-07,,2.0675361156463623e-07,,0.3075252175331116,,0.24752312898635864,,0.027622904628515244,,0.0008241090690717101,0.021008966490626335,,,,,,,,,,,,,,
10,,11999,,,,,,,,,,2.2388994693756104e-06,,8.42846930027008e-08,,0.3222888708114624,,0.24263231456279755,,0.019874194636940956,,0.0010235966183245182,0.019649120047688484,,,,,,,,,,,,,,
10,,12009,,,,,,,,,,2.1345913410186768e-06,,1.494772732257843e-07,,0.30918681621551514,,0.2473108172416687,,0.028839468955993652,,0.0013408284867182374,0.021634282544255257,,,,,,,,,,,,,,
10,,12019,,,,,,,,,,1.665763556957245e-05,,1.4388933777809143e-07,,0.2726992964744568,,0.2581743597984314,,0.03266497701406479,,0.0009241937659680843,0.02212085947394371,,,,,,,,,,,,,,
10,,12029,,,,,,,,,,1.4081597328186035e-06,,5.620531737804413e-07,,0.27933934330940247,,0.25299978256225586,,0.0209343284368515,,0.0007275457610376179,0.0196085087954998,,,,,,,,,,,,,,
10,,12039,,,,,,,,,,0.00018434785306453705,,2.728775143623352e-07,,0.29130715131759644,,0.24655885994434357,,0.02368711493909359,,0.0009626888204365969,0.020139606669545174,,,,,,,,,,,,,,
10,,12049,,,,,,,,,,9.723007678985596e-07,,8.847564458847046e-08,,0.26936614513397217,,0.2584468424320221,,0.022724010050296783,,0.0008866669377312064,0.020202016457915306,,,,,,,,,,,,,,
10,,12059,,,,,,,,,,9.667128324508667e-07,,1.1539086699485779e-06,,0.2945660650730133,,0.25279319286346436,,0.02619430422782898,,0.0006472280365414917,0.02070353925228119,,,,,,,,,,,,,,
10,,12069,,,,,,,,,,5.960464477539063e-08,,7.729977369308472e-08,,0.3039833903312683,,0.25364357233047485,,0.0258430615067482,,0.001084213494323194,0.0211157388985157,,,,,,,,,,,,,,
10,,12079,,,,,,,,,,1.6577541828155518e-07,,2.621673047542572e-07,,0.3170100748538971,,0.25975823402404785,,0.02003110945224762,,0.0009562719496898353,0.020369140431284904,,,,,,,,,,,,,,
10,,12089,,,,,,,,,,1.2665987014770508e-07,,1.671724021434784e-07,,0.24576035141944885,,0.26297813653945923,,0.033459633588790894,,0.0012486251071095467,0.022422729060053825,,,,,,,,,,,,,,
10,,12099,,,,,,,,,,1.0989606380462646e-07,,9.499490261077881e-08,,0.2814316749572754,,0.254471093416214,,0.020008675754070282,,0.0008967561880126595,0.01965535245835781,,,,,,,,,,,,,,
10,,12109,,,,,,,,,,7.450580596923828e-08,,3.771856427192688e-08,,0.24581871926784515,,0.2702605724334717,,0.02706555277109146,,0.0006708966684527695,0.021132275462150574,,,,,,,,,,,,,,
10,,12119,,,,,,,,,,1.3969838619232178e-07,,5.9138983488082886e-08,,0.27915656566619873,,0.264349102973938,,0.02489880844950676,,0.0015446892939507961,0.021495021879673004,,,,,,,,,,,,,,
10,,12129,,,,,,,,,,2.682209014892578e-07,,5.075708031654358e-08,,0.3012363016605377,,0.2611187696456909,,0.022891052067279816,,0.0011510567273944616,0.02093053236603737,,,,,,,,,,,,,,
10,,12139,,,,,,,,,,1.471489667892456e-07,,2.4368055164813995e-06,,0.27925020456314087,,0.23572418093681335,,0.02687310054898262,,0.0006737832445651293,0.0198709387332201,,,,,,,,,,,,,,
10,,12149,,,,,,,,,,6.705522537231445e-08,,7.450580596923828e-08,,0.26800066232681274,,0.24562674760818481,,0.03521191328763962,,0.0007187543669715524,0.02180100977420807,,,,,,,,,,,,,,
10,,12159,,,,,,,,,,3.6135315895080566e-07,,6.239861249923706e-08,,0.3117063045501709,,0.24553699791431427,,0.024408584460616112,,0.00037261488614603877,0.020023316144943237,,,,,,,,,,,,,,
10,,12169,,,,,,,,,,6.742775440216064e-07,,1.0244548320770264e-07,,0.3000825345516205,,0.23888087272644043,,0.026592876762151718,,0.001215335913002491,0.020616833120584488,,,,,,,,,,,,,,
10,,12179,,,,,,,,,,3.520399332046509e-07,,3.110617399215698e-07,,0.23324164748191833,,0.2669801115989685,,0.029739808291196823,,0.0012636772589758039,0.021777285262942314,,,,,,,,,,,,,,
10,,12189,,,,,,,,,,2.6263296604156494e-07,,9.73232090473175e-08,,0.2723379135131836,,0.2588954567909241,,0.029824160039424896,,0.0009582330822013319,0.021643172949552536,,,,,,,,,,,,,,
10,,12199,,,,,,,,,,2.421438694000244e-07,,4.377216100692749e-08,,0.3103750944137573,,0.2284483015537262,,0.02508675307035446,,0.0013989650178700686,0.02010362036526203,,,,,,,,,,,,,,
10,,12209,,,,,,,,,,2.073124051094055e-06,,1.2479722499847412e-07,,0.27031219005584717,,0.2501099407672882,,0.025879673659801483,,0.0011939925607293844,0.020644599571824074,,,,,,,,,,,,,,
10,,12219,,,,,,,,,,1.2665987014770508e-07,,1.5506520867347717e-07,,0.291703462600708,,0.25866878032684326,,0.02238583192229271,,0.0005868670996278524,0.02018592320382595,,,,,,,,,,,,,,
10,,12229,,,,,,,,,,7.320195436477661e-07,,9.313225746154785e-08,,0.3086468279361725,,0.23831596970558167,,0.032764941453933716,,0.001199264544993639,0.02183622308075428,,,,,,,,,,,,,,
10,,12239,,,,,,,,,,3.635883331298828e-06,,5.438923835754395e-07,,0.27636510133743286,,0.25212764739990234,,0.02684340998530388,,0.0008607810013927519,0.020740931853652,,,,,,,,,,,,,,
10,,12249,,,,,,,,,,3.05958092212677e-05,,1.530628651380539e-06,,0.29420626163482666,,0.2459840327501297,,0.020308014005422592,,0.0010543031385168433,0.019581519067287445,,,,,,,,,,,,,,
10,,12259,,,,,,,,,,1.4737248420715332e-05,,9.592622518539429e-07,,0.2958599925041199,,0.25128960609436035,,0.0227699875831604,,0.0008984621381387115,0.02019447274506092,,,,,,,,,,,,,,
10,,12269,,,,,,,,,,6.221234798431396e-07,,2.7474015951156616e-07,,0.29212892055511475,,0.24292895197868347,,0.03433922678232193,,0.001300322124734521,0.022229956462979317,,,,,,,,,,,,,,
10,,12279,,,,,,,,,,3.7066638469696045e-07,,5.122274160385132e-08,,0.28401410579681396,,0.24619868397712708,,0.02783595211803913,,0.00112472428008914,0.0209367498755455,,,,,,,,,,,,,,
10,,12289,,,,,,,,,,7.525086402893066e-07,,7.636845111846924e-08,,0.28218722343444824,,0.2538645267486572,,0.02981850691139698,,0.0015655308961868286,0.021977264434099197,,,,,,,,,,,,,,
10,,12299,,,,,,,,,,7.115304470062256e-07,,1.932494342327118e-07,,0.3272043764591217,,0.24441558122634888,,0.026872819289565086,,0.0008832521270960569,0.020997626706957817,,,,,,,,,,,,,,
10,,12309,,,,,,,,,,8.977949619293213e-07,,1.0058283805847168e-07,,0.27706843614578247,,0.25604942440986633,,0.027559025213122368,,0.0007813878473825753,0.021007699891924858,,,,,,,,,,,,,,
10,,12319,,,,,,,,,,8.934363722801208e-05,,1.2665987014770508e-07,,0.2649318277835846,,0.26576900482177734,,0.026380132883787155,,0.0007402256014756858,0.021069247275590897,,,,,,,,,,,,,,
10,,12329,,,,,,,,,,1.564621925354004e-07,,1.1045485734939575e-06,,0.2797231078147888,,0.24312317371368408,,0.026479266583919525,,0.0007696750690229237,0.020221462473273277,,,,,,,,,,,,,,
10,,12339,,,,,,,,,,1.0244548320770264e-06,,1.8202699720859528e-06,,0.3145034909248352,,0.2328065037727356,,0.03735655918717384,,0.000707773317117244,0.022138990461826324,,,,,,,,,,,,,,
10,,12349,,,,,,,,,,1.1807307600975037e-05,,3.1478703022003174e-07,,0.30500608682632446,,0.2609499990940094,,0.022612260654568672,,0.0010730298236012459,0.020855993032455444,,,,,,,,,,,,,,
10,,12359,,,,,,,,,,7.35744833946228e-07,,7.916241884231567e-08,,0.3219010829925537,,0.2272241711616516,,0.025103360414505005,,0.0009072907269001007,0.0198155976831913,,,,,,,,,,,,,,
10,,12369,,,,,,,,,,1.6391277313232422e-07,,8.381903171539307e-08,,0.26270854473114014,,0.24951818585395813,,0.021237030625343323,,0.001189850619994104,0.019653910771012306,,,,,,,,,,,,,,
10,,12379,,,,,,,,,,1.7061829566955566e-06,,3.2689422369003296e-06,,0.3243817090988159,,0.2343350052833557,,0.0222628116607666,,0.0011774947633966804,0.019848058000206947,,,,,,,,,,,,,,
10,,12389,,,,,,,,,,6.644055247306824e-06,,1.6344711184501648e-07,,0.24733586609363556,,0.26756495237350464,,0.02309521846473217,,0.0013777293497696519,0.020809311419725418,,,,,,,,,,,,,,
10,,12399,,,,,,,,,,8.847564458847046e-07,,8.149072527885437e-08,,0.29818302392959595,,0.2679583430290222,,0.02051433175802231,,0.0006112084374763072,0.02036469615995884,,,,,,,,,,,,,,
10,,12409,,,,,,,,,,1.0356307029724121e-06,,3.203749656677246e-07,,0.3005228042602539,,0.2632865011692047,,0.02013763040304184,,0.000596035155467689,0.020091045647859573,,,,,,,,,,,,,,
10,,12419,,,,,,,,,,5.282461643218994e-06,,2.0721927285194397e-07,,0.29120659828186035,,0.2447143793106079,,0.027941346168518066,,0.0006383736035786569,0.020606381818652153,,,,,,,,,,,,,,
10,,12429,,,,,,,,,,7.878988981246948e-07,,9.639188647270203e-08,,0.3332149088382721,,0.23748034238815308,,0.021270137280225754,,0.0006808987818658352,0.019540350884199142,,,,,,,,,,,,,,
10,,12439,,,,,,,,,,2.60770320892334e-07,,2.3422762751579285e-07,,0.2822442054748535,,0.2574307322502136,,0.02546527236700058,,0.0011132119689136744,0.02098938822746277,,,,,,,,,,,,,,
10,,12449,,,,,,,,,,1.560896635055542e-06,,1.5227124094963074e-07,,0.28889623284339905,,0.2565639317035675,,0.025839613750576973,,0.0008517926326021552,0.02090081386268139,,,,,,,,,,,,,,
10,,12459,,,,,,,,,,9.611248970031738e-07,,1.1734664440155029e-07,,0.27515384554862976,,0.26819753646850586,,0.023975398391485214,,0.0010863787028938532,0.021111546084284782,,,,,,,,,,,,,,
10,,12469,,,,,,,,,,1.6707926988601685e-06,,1.2703239917755127e-05,,0.29700785875320435,,0.2593023478984833,,0.018046017736196518,,0.0008121710270643234,0.019632946699857712,,,,,,,,,,,,,,
10,,12479,,,,,,,,,,1.6674399375915527e-05,,1.708976924419403e-07,,0.2950800061225891,,0.2465614676475525,,0.026177240535616875,,0.0010708700865507126,0.02073199860751629,,,,,,,,,,,,,,
10,,12489,,,,,,,,,,5.699694156646729e-07,,1.1827796697616577e-07,,0.31714338064193726,,0.25515538454055786,,0.02668289840221405,,0.0007858092430979013,0.02127452753484249,,,,,,,,,,,,,,
10,,12499,,,,,,,,,,4.76837158203125e-07,,1.5692785382270813e-07,,0.29795336723327637,,0.24256005883216858,,0.02743832767009735,,0.0006604278460144997,0.020506659522652626,,,,,,,,,,,,,,
10,,12509,,,,,,,,,,3.302469849586487e-06,,2.3888424038887024e-07,,0.28189486265182495,,0.2596922516822815,,0.018244914710521698,,0.0011474331840872765,0.019762855023145676,,,,,,,,,,,,,,
10,,12519,,,,,,,,,,1.7136335372924805e-07,,9.778887033462524e-08,,0.2773646116256714,,0.24892911314964294,,0.0224594846367836,,0.001146190450526774,0.019994596019387245,,,,,,,,,,,,,,
10,,12529,,,,,,,,,,1.3224780559539795e-06,,6.207264959812164e-07,,0.2811311185359955,,0.260067880153656,,0.021470405161380768,,0.0010244569275528193,0.02028418704867363,,,,,,,,,,,,,,
10,,12539,,,,,,,,,,1.6391277313232422e-07,,1.3991259038448334e-05,,0.28529566526412964,,0.25238925218582153,,0.026645870879292488,,0.00039482058491557837,0.02047131024301052,,,,,,,,,,,,,,
10,,12549,,,,,,,,,,2.5890767574310303e-07,,1.685693860054016e-07,,0.3403741121292114,,0.23336786031723022,,0.02070489153265953,,0.0007318442221730947,0.019363658502697945,,,,,,,,,,,,,,
10,,12559,,,,,,,,,,1.8812716007232666e-07,,5.21540641784668e-07,,0.3064931631088257,,0.2499014437198639,,0.020537974312901497,,0.0005591388326138258,0.01958085224032402,,,,,,,,,,,,,,
10,,12569,,,,,,,,,,2.8312206268310547e-07,,1.2838281691074371e-06,,0.30568456649780273,,0.24261516332626343,,0.02562873438000679,,0.0008228491060435772,0.020382333546876907,,,,,,,,,,,,,,
10,,12579,,,,,,,,,,5.103647708892822e-07,,5.676411092281342e-07,,0.28121381998062134,,0.2573470175266266,,0.02132982760667801,,0.001823266502469778,0.02073047310113907,,,,,,,,,,,,,,
10,,12589,,,,,,,,,,1.1362135410308838e-07,,3.1990930438041687e-07,,0.2875431478023529,,0.25728753209114075,,0.02540772035717964,,0.0008771036518737674,0.020856866613030434,,,,,,,,,,,,,,
10,,12599,,,,,,,,,,6.332993507385254e-08,,1.587904989719391e-07,,0.30710268020629883,,0.24574168026447296,,0.026927752420306206,,0.0009015952819027007,0.020848242565989494,,,,,,,,,,,,,,
10,,12609,,,,,,,,,,1.0244548320770264e-07,,2.882443368434906e-07,,0.30654382705688477,,0.23568081855773926,,0.0322500541806221,,0.0010028593242168427,0.021444115787744522,,,,,,,,,,,,,,
10,,12619,,,,,,,,,,3.725290298461914e-08,,1.6065314412117004e-07,,0.29386788606643677,,0.250840425491333,,0.02244255319237709,,0.0011268865782767534,0.020260000601410866,,,,,,,,,,,,,,
10,,12629,,,,,,,,,,7.450580596923828e-08,,2.6263296604156494e-07,,0.3062487244606018,,0.2424280345439911,,0.02979430742561817,,0.0007345416233874857,0.0210951566696167,,,,,,,,,,,,,,
10,,12639,,,,,,,,,,2.4495646357536316e-05,,3.6652199923992157e-06,,0.2715492248535156,,0.2678943872451782,,0.02250807359814644,,0.000921032449696213,0.020655876025557518,,,,,,,,,,,,,,
10,,12649,,,,,,,,,,1.3224780559539795e-07,,2.1606683731079102e-07,,0.3210003674030304,,0.25209444761276245,,0.023710593581199646,,0.0013165853451937437,0.021016957238316536,,,,,,,,,,,,,,
10,,12659,,,,,,,,,,2.5704503059387207e-07,,8.656643331050873e-07,,0.25870296359062195,,0.2624984681606293,,0.027779579162597656,,0.0009039220167323947,0.021228089928627014,,,,,,,,,,,,,,
10,,12669,,,,,,,,,,5.774199962615967e-08,,6.426125764846802e-08,,0.32009679079055786,,0.25576189160346985,,0.020311033353209496,,0.0013018817408010364,0.020529715344309807,,,,,,,,,,,,,,
10,,12679,,,,,,,,,,1.3969838619232178e-07,,4.1117891669273376e-07,,0.3135778307914734,,0.2423529028892517,,0.024950701743364334,,0.0008348990231752396,0.020344430580735207,,,,,,,,,,,,,,
10,,12689,,,,,,,,,,3.3527612686157227e-08,,2.3422762751579285e-07,,0.3160400986671448,,0.23067110776901245,,0.027017101645469666,,0.0012765228748321533,0.020544419065117836,,,,,,,,,,,,,,
10,,12699,,,,,,,,,,7.078051567077637e-08,,5.718320608139038e-07,,0.23881036043167114,,0.2589516043663025,,0.024828776717185974,,0.0008284260402433574,0.02021856978535652,,,,,,,,,,,,,,
10,,12709,,,,,,,,,,5.21540641784668e-08,,7.962808012962341e-08,,0.3224077820777893,,0.22583375871181488,,0.026809722185134888,,0.0006588541436940432,0.019889993593096733,,,,,,,,,,,,,,
10,,12719,,,,,,,,,,3.296881914138794e-07,,2.2212043404579163e-07,,0.3067823648452759,,0.23868712782859802,,0.021046340465545654,,0.001012384076602757,0.01949380338191986,,,,,,,,,,,,,,
10,,12729,,,,,,,,,,3.334134817123413e-07,,9.73232090473175e-08,,0.25401178002357483,,0.26404619216918945,,0.028541941195726395,,0.0014397448394447565,0.021790608763694763,,,,,,,,,,,,,,
10,,12739,,,,,,,,,,3.129243850708008e-07,,9.12696123123169e-08,,0.2930939793586731,,0.2331555038690567,,0.026918914169073105,,0.0010204907739534974,0.020181450992822647,,,,,,,,,,,,,,
10,,12749,,,,,,,,,,3.3527612686157227e-08,,8.703209459781647e-07,,0.287101149559021,,0.25283682346343994,,0.024918967857956886,,0.0007859522011131048,0.020482966676354408,,,,,,,,,,,,,,
10,,12759,,,,,,,,,,5.029141902923584e-07,,4.163011908531189e-07,,0.32276761531829834,,0.2488536536693573,,0.026815161108970642,,0.0009253195021301508,0.02117445133626461,,,,,,,,,,,,,,
10,,12769,,,,,,,,,,8.568167686462402e-08,,1.5599653124809265e-07,,0.25182044506073,,0.2654654383659363,,0.029400475323200226,,0.0007904989179223776,0.02150542661547661,,,,,,,,,,,,,,
10,,12779,,,,,,,,,,2.7939677238464355e-08,,7.9302117228508e-07,,0.2805638313293457,,0.2612075209617615,,0.019065164029598236,,0.0006222609663382173,0.019578156992793083,,,,,,,,,,,,,,
10,,12789,,,,,,,,,,1.4528632164001465e-07,,4.777684807777405e-07,,0.2921404242515564,,0.2533726692199707,,0.026552703231573105,,0.0012009365018457174,0.021184872835874557,,,,,,,,,,,,,,
10,,12799,,,,,,,,,,1.6763806343078613e-08,,8.195638656616211e-08,,0.29291749000549316,,0.25401830673217773,,0.026033302769064903,,0.0016786541091278195,0.021485216915607452,,,,,,,,,,,,,,
10,,12809,,,,,,,,,,8.195638656616211e-08,,2.7474015951156616e-07,,0.26942259073257446,,0.25669407844543457,,0.030812706798315048,,0.0006491867825388908,0.021459342911839485,,,,,,,,,,,,,,
10,,12819,,,,,,,,,,6.984919309616089e-07,,1.0565854609012604e-06,,0.2998431622982025,,0.24435827136039734,,0.0225193090736866,,0.0005633104592561722,0.019617727026343346,,,,,,,,,,,,,,
10,,12829,,,,,,,,,,9.387731552124023e-07,,1.103617250919342e-07,,0.24433539807796478,,0.27210360765457153,,0.026348933577537537,,0.0008394574979320168,0.021193355321884155,,,,,,,,,,,,,,
10,,12836,,,,,,,,,,,,,,,,,,,,,,0.9921895861625671,1.0,1.0,0.9212272763252258,0.9064987301826477,0.9882891774177551,0.9995909929275513,0.020231986418366432,0.0,0.0,0.29581621289253235,0.24802622199058533,0.023468000814318657,0.000978621537797153
10,,12836,0.9921282529830933,1.0,1.0,0.9231616258621216,0.9059637188911438,0.9880470633506775,0.999570369720459,0.02074171043932438,2.1750090581917902e-06,,7.096955414453987e-07,,0.2929914593696594,,0.2512490153312683,,0.025542639195919037,,0.0009821585845202208,,,,,,,,,,,,,,,,
,0.0002110104964613701,12837,,,,,,,,,,,,,,,,,,,,,,,,,,,,,,,,,,,
11,,12839,,,,,,,,,,2.564862370491028e-06,,6.007030606269836e-08,,0.3152867555618286,,0.24269740283489227,,0.02910832315683365,,0.0007010918925516307,0.021059980615973473,,,,,,,,,,,,,,
11,,12849,,,,,,,,,,2.868473529815674e-07,,3.8463622331619263e-07,,0.26478809118270874,,0.2546275854110718,,0.02578071504831314,,0.0008353235316462815,0.02050403691828251,,,,,,,,,,,,,,
11,,12859,,,,,,,,,,6.891787052154541e-08,,1.5599653124809265e-07,,0.3543766736984253,,0.22291210293769836,,0.024824298918247223,,0.0006845833850093186,0.019774679094552994,,,,,,,,,,,,,,
11,,12869,,,,,,,,,,1.2908130884170532e-06,,1.3550743460655212e-07,,0.30325591564178467,,0.24247011542320251,,0.022295823320746422,,0.0011615441180765629,0.019976070150732994,,,,,,,,,,,,,,
11,,12879,,,,,,,,,,7.078051567077637e-08,,2.2957101464271545e-07,,0.26138216257095337,,0.2624470293521881,,0.02168883942067623,,0.0009034054237417877,0.02011439949274063,,,,,,,,,,,,,,
11,,12889,,,,,,,,,,4.470348358154297e-08,,1.0244548320770264e-07,,0.27634599804878235,,0.2654914855957031,,0.028530951589345932,,0.0012014888925477862,0.021939368918538094,,,,,,,,,,,,,,
11,,12899,,,,,,,,,,8.568167686462402e-08,,3.57162207365036e-07,,0.2638390362262726,,0.25318464636802673,,0.03357192128896713,,0.0017475505592301488,0.02257080376148224,,,,,,,,,,,,,,
11,,12909,,,,,,,,,,9.499490261077881e-08,,2.766028046607971e-07,,0.2782139778137207,,0.25162070989608765,,0.03012898564338684,,0.0007256781682372093,0.0212536733597517,,,,,,,,,,,,,,
11,,12919,,,,,,,,,,8.754432201385498e-08,,1.2898817658424377e-07,,0.2764914035797119,,0.25457334518432617,,0.026705851778388023,,0.0009250659495592117,0.020879503339529037,,,,,,,,,,,,,,
11,,12929,,,,,,,,,,7.636845111846924e-08,,8.987262845039368e-08,,0.31643402576446533,,0.24120503664016724,,0.023581834509968758,,0.000644734944216907,0.0199247058480978,,,,,,,,,,,,,,
11,,12939,,,,,,,,,,1.6391277313232422e-07,,1.1362135410308838e-07,,0.2752041518688202,,0.26297223567962646,,0.02498340606689453,,0.0003762884880416095,0.020523488521575928,,,,,,,,,,,,,,
11,,12949,,,,,,,,,,1.8067657947540283e-07,,1.3224780559539795e-07,,0.2951899468898773,,0.2661363482475281,,0.022004732862114906,,0.0008538614492863417,0.02070573717355728,,,,,,,,,,,,,,
11,,12959,,,,,,,,,,6.146728992462158e-08,,2.835877239704132e-07,,0.25177040696144104,,0.2563984990119934,,0.031166305765509605,,0.001080153975635767,0.02162819355726242,,,,,,,,,,,,,,
11,,12969,,,,,,,,,,9.685754776000977e-08,,9.848736226558685e-07,,0.27743446826934814,,0.2517859935760498,,0.021746793761849403,,0.0009832815267145634,0.019873492419719696,,,,,,,,,,,,,,
11,,12979,,,,,,,,,,1.0319054126739502e-06,,1.2898817658424377e-07,,0.25975877046585083,,0.270622193813324,,0.02315920777618885,,0.0006061943713575602,0.02053147368133068,,,,,,,,,,,,,,
11,,12989,,,,,,,,,,1.3597309589385986e-07,,3.4319236874580383e-07,,0.3219299912452698,,0.2347216010093689,,0.025054236873984337,,0.0010582059621810913,0.02027146704494953,,,,,,,,,,,,,,
11,,12999,,,,,,,,,,3.725290298461914e-08,,1.6391277313232422e-07,,0.3020681142807007,,0.2655368745326996,,0.021352438256144524,,0.0012776644434779882,0.020953848958015442,,,,,,,,,,,,,,
11,,13009,,,,,,,,,,3.390014171600342e-07,,1.9031576812267303e-06,,0.33434802293777466,,0.24062791466712952,,0.02299264632165432,,0.0013001051265746355,0.020488783717155457,,,,,,,,,,,,,,
11,,13019,,,,,,,,,,5.289912223815918e-07,,3.0123628675937653e-06,,0.2753167450428009,,0.25288110971450806,,0.02189202606678009,,0.0012321326648816466,0.02011394500732422,,,,,,,,,,,,,,
11,,13029,,,,,,,,,,7.655471563339233e-07,,3.3620744943618774e-07,,0.32037049531936646,,0.23130059242248535,,0.028425857424736023,,0.0007209198083728552,0.020472096279263496,,,,,,,,,,,,,,
11,,13039,,,,,,,,,,8.437782526016235e-07,,3.627501428127289e-07,,0.29254260659217834,,0.25280117988586426,,0.026250053197145462,,0.0014542778953909874,0.02129608392715454,,,,,,,,,,,,,,
11,,13049,,,,,,,,,,4.4517219066619873e-07,,5.359761416912079e-07,,0.27950504422187805,,0.2586967945098877,,0.021068250760436058,,0.0008374537574127316,0.019985131919384003,,,,,,,,,,,,,,
11,,13059,,,,,,,,,,3.5762786865234375e-07,,1.475214958190918e-06,,0.2816995084285736,,0.2641454339027405,,0.021058909595012665,,0.0009665015386417508,0.020361382514238358,,,,,,,,,,,,,,
11,,13069,,,,,,,,,,1.1902302503585815e-06,,9.168870747089386e-07,,0.30896222591400146,,0.2556073069572449,,0.021421663463115692,,0.0016250114422291517,0.02084265649318695,,,,,,,,,,,,,,
11,,13079,,,,,,,,,,4.800036549568176e-06,,1.7494894564151764e-06,,0.3107506036758423,,0.22713428735733032,,0.036179959774017334,,0.0008411394082941115,0.02170843444764614,,,,,,,,,,,,,,
11,,13089,,,,,,,,,,1.955777406692505e-07,,8.847564458847046e-08,,0.3098464012145996,,0.23945656418800354,,0.025156134739518166,,0.0012315275380387902,0.020500965416431427,,,,,,,,,,,,,,
11,,13099,,,,,,,,,,1.0021030902862549e-06,,2.3888424038887024e-07,,0.2890305817127228,,0.25485026836395264,,0.02583344653248787,,0.0005416593048721552,0.020588228479027748,,,,,,,,,,,,,,
11,,13109,,,,,,,,,,4.937872290611267e-06,,8.284114301204681e-07,,0.28809547424316406,,0.2593637704849243,,0.023842381313443184,,0.0009126657387241721,0.02069379948079586,,,,,,,,,,,,,,
11,,13119,,,,,,,,,,3.5837292671203613e-06,,1.0151416063308716e-07,,0.283574640750885,,0.2667968273162842,,0.020292628556489944,,0.0013718040427193046,0.020668011158704758,,,,,,,,,,,,,,
11,,13129,,,,,,,,,,3.1851232051849365e-07,,2.8219074010849e-07,,0.2883354127407074,,0.2548256814479828,,0.021819794550538063,,0.0009477059356868267,0.020130790770053864,,,,,,,,,,,,,,
11,,13139,,,,,,,,,,3.3527612686157227e-08,,8.847564458847046e-08,,0.26714181900024414,,0.26942673325538635,,0.02137121930718422,,0.0012627935502678156,0.02071920409798622,,,,,,,,,,,,,,
11,,13149,,,,,,,,,,1.4938414096832275e-06,,5.7015568017959595e-06,,0.27013975381851196,,0.2603072226047516,,0.022251037880778313,,0.0007269432535395026,0.020089801400899887,,,,,,,,,,,,,,
11,,13159,,,,,,,,,,2.9690563678741455e-06,,7.133930921554565e-07,,0.3007950484752655,,0.24555227160453796,,0.023227375000715256,,0.0009741875110194087,0.020125897601246834,,,,,,,,,,,,,,
11,,13169,,,,,,,,,,4.973262548446655e-07,,4.4284388422966003e-07,,0.2710816562175751,,0.26862940192222595,,0.029265988618135452,,0.0007784329354763031,0.021845273673534393,,,,,,,,,,,,,,
11,,13179,,,,,,,,,,5.6438148021698e-07,,1.0617077350616455e-07,,0.30959469079971313,,0.2474735975265503,,0.022083818912506104,,0.0006452755187638104,0.01985790953040123,,,,,,,,,,,,,,
11,,13189,,,,,,,,,,1.2852251529693604e-07,,3.348104655742645e-07,,0.25332510471343994,,0.2557418942451477,,0.02213047817349434,,0.0008209660882130265,0.01972656138241291,,,,,,,,,,,,,,
11,,13199,,,,,,,,,,2.9616057872772217e-07,,1.5227124094963074e-07,,0.29408031702041626,,0.2513362765312195,,0.02477424032986164,,0.0005416296189650893,0.020283985882997513,,,,,,,,,,,,,,
11,,13209,,,,,,,,,,7.450580596923828e-08,,3.133900463581085e-07,,0.27733880281448364,,0.27217191457748413,,0.022260179743170738,,0.0007914858870208263,0.020780595019459724,,,,,,,,,,,,,,
11,,13219,,,,,,,,,,2.2724270820617676e-07,,3.4086406230926514e-07,,0.3043335974216461,,0.24774494767189026,,0.01962757483124733,,0.0016338697168976068,0.020089933648705482,,,,,,,,,,,,,,
11,,13229,,,,,,,,,,5.308538675308228e-07,,3.1837262213230133e-06,,0.30276232957839966,,0.2538733184337616,,0.018191605806350708,,0.0008518931572325528,0.019502924755215645,,,,,,,,,,,,,,
11,,13239,,,,,,,,,,2.3469328880310059e-07,,7.669441401958466e-07,,0.26518481969833374,,0.28617262840270996,,0.025590524077415466,,0.0007894187001511455,0.021917616948485374,,,,,,,,,,,,,,
11,,13249,,,,,,,,,,1.8812716007232666e-07,,3.885477781295776e-06,,0.2906598448753357,,0.23679976165294647,,0.027366764843463898,,0.0011020335368812084,0.02046896144747734,,,,,,,,,,,,,,
11,,13259,,,,,,,,,,2.6635825634002686e-07,,3.1259842216968536e-06,,0.2787448763847351,,0.24888207018375397,,0.025661863386631012,,0.0009944522753357887,0.02049534022808075,,,,,,,,,,,,,,
11,,13269,,,,,,,,,,5.383044481277466e-07,,1.5604309737682343e-06,,0.2860117554664612,,0.2562859058380127,,0.020367847755551338,,0.0011292246636003256,0.020035888999700546,,,,,,,,,,,,,,
11,,13279,,,,,,,,,,5.457550287246704e-07,,2.9476359486579895e-07,,0.3247721195220947,,0.2386511266231537,,0.021344877779483795,,0.0008803058881312609,0.019659891724586487,,,,,,,,,,,,,,
11,,13289,,,,,,,,,,6.016343832015991e-07,,3.7187710404396057e-06,,0.285483717918396,,0.2497628778219223,,0.03077068366110325,,0.0009941922035068274,0.021573571488261223,,,,,,,,,,,,,,
11,,13299,,,,,,,,,,5.308538675308228e-07,,4.634726792573929e-06,,0.26318371295928955,,0.25098299980163574,,0.02961922436952591,,0.000965549610555172,0.021131953224539757,,,,,,,,,,,,,,
11,,13309,,,,,,,,,,6.716698408126831e-06,,9.364448487758636e-07,,0.3289913535118103,,0.2294352948665619,,0.027436181902885437,,0.0008336864411830902,0.02038468047976494,,,,,,,,,,,,,,
11,,13319,,,,,,,,,,8.029863238334656e-06,,9.08970832824707e-07,,0.2816891670227051,,0.2389797568321228,,0.023975085467100143,,0.0014717723242938519,0.020107297226786613,,,,,,,,,,,,,,
11,,13329,,,,,,,,,,1.044943928718567e-06,,1.257285475730896e-06,,0.28395283222198486,,0.24865016341209412,,0.023570993915200233,,0.0007246630266308784,0.019950982183218002,,,,,,,,,,,,,,
11,,13339,,,,,,,,,,1.2852251529693604e-07,,1.0407529771327972e-06,,0.2975383996963501,,0.23666441440582275,,0.030345551669597626,,0.0006670133443549275,0.020775549113750458,,,,,,,,,,,,,,
11,,13349,,,,,,,,,,5.24371862411499e-05,,2.834480255842209e-06,,0.29715490341186523,,0.24115580320358276,,0.02947784960269928,,0.0005338515620678663,0.020719053223729134,,,,,,,,,,,,,,
11,,13359,,,,,,,,,,2.682209014892578e-07,,5.243346095085144e-07,,0.30601170659065247,,0.25598108768463135,,0.02389081008732319,,0.000613596523180604,0.02052992768585682,,,,,,,,,,,,,,
11,,13369,,,,,,,,,,6.537884473800659e-07,,8.298084139823914e-07,,0.28691723942756653,,0.24055300652980804,,0.026563867926597595,,0.000872434233315289,0.020278239622712135,,,,,,,,,,,,,,
11,,13379,,,,,,,,,,1.1175870895385742e-07,,5.30388206243515e-07,,0.2717817723751068,,0.25862205028533936,,0.02081366628408432,,0.0014430175069719553,0.020297633484005928,,,,,,,,,,,,,,
11,,13389,,,,,,,,,,9.499490261077881e-08,,2.1094456315040588e-07,,0.3012116551399231,,0.24296146631240845,,0.030180659145116806,,0.0007466722745448351,0.021142683923244476,,,,,,,,,,,,,,
11,,13399,,,,,,,,,,1.5832483768463135e-07,,5.280598998069763e-07,,0.3313033878803253,,0.2452942132949829,,0.024370063096284866,,0.0012345152208581567,0.02088100090622902,,,,,,,,,,,,,,
11,,13409,,,,,,,,,,2.0489096641540527e-08,,2.1560117602348328e-07,,0.3282880187034607,,0.2223423421382904,,0.03640702739357948,,0.0010948599083349109,0.021922238171100616,,,,,,,,,,,,,,
11,,13419,,,,,,,,,,4.6566128730773926e-08,,6.798654794692993e-07,,0.27801650762557983,,0.27448830008506775,,0.02254774235188961,,0.0006908095674589276,0.020875554531812668,,,,,,,,,,,,,,
11,,13429,,,,,,,,,,1.6763806343078613e-08,,3.417953848838806e-07,,0.2558232247829437,,0.2514299154281616,,0.026567552238702774,,0.0009622979559935629,0.02049184963107109,,,,,,,,,,,,,,
11,,13439,,,,,,,,,,6.146728992462158e-08,,2.0954757928848267e-07,,0.2571808397769928,,0.26172879338264465,,0.022720232605934143,,0.001305633457377553,0.02052665688097477,,,,,,,,,,,,,,
11,,13449,,,,,,,,,,9.872019290924072e-08,,6.839120760560036e-05,,0.29355067014694214,,0.2517743706703186,,0.02667040377855301,,0.0010369591182097793,0.021025724709033966,,,,,,,,,,,,,,
11,,13459,,,,,,,,,,4.6566128730773926e-08,,1.6437843441963196e-07,,0.31594419479370117,,0.2458254098892212,,0.02370637282729149,,0.0014956372324377298,0.020797288045287132,,,,,,,,,,,,,,
11,,13469,,,,,,,,,,1.6577541828155518e-07,,2.50060111284256e-07,,0.2893708348274231,,0.2558453679084778,,0.02797694504261017,,0.0006161733763292432,0.02109677530825138,,,,,,,,,,,,,,
11,,13479,,,,,,,,,,8.177012205123901e-07,,1.7508864402770996e-06,,0.28206855058670044,,0.24738287925720215,,0.023489151149988174,,0.0007402862538583577,0.019865848124027252,,,,,,,,,,,,,,
11,,13489,,,,,,,,,,2.6989728212356567e-06,,1.5208497643470764e-06,,0.2977699041366577,,0.26070165634155273,,0.02419327199459076,,0.0010905959643423557,0.02106921747326851,,,,,,,,,,,,,,
11,,13499,,,,,,,,,,1.8589198589324951e-06,,1.1753290891647339e-06,,0.3062688112258911,,0.25715065002441406,,0.020560933277010918,,0.0010244185104966164,0.02027146704494953,,,,,,,,,,,,,,
11,,13509,,,,,,,,,,1.30385160446167e-07,,1.471489667892456e-07,,0.29910391569137573,,0.2505120038986206,,0.021895401179790497,,0.0008344087982550263,0.01998394913971424,,,,,,,,,,,,,,
11,,13519,,,,,,,,,,2.4400651454925537e-07,,1.671724021434784e-07,,0.30579981207847595,,0.24205079674720764,,0.02454618737101555,,0.0012982729822397232,0.020510846748948097,,,,,,,,,,,,,,
11,,13529,,,,,,,,,,1.3224780559539795e-07,,5.727633833885193e-07,,0.2909259796142578,,0.2601519823074341,,0.029081882908940315,,0.001411281293258071,0.022120628505945206,,,,,,,,,,,,,,
11,,13539,,,,,,,,,,1.210719347000122e-07,,7.655471563339233e-07,,0.2827530801296234,,0.2482256293296814,,0.025961048901081085,,0.0004694259259849787,0.020173782482743263,,,,,,,,,,,,,,
11,,13549,,,,,,,,,,6.51925802230835e-08,,6.612390279769897e-08,,0.2794957756996155,,0.2478417456150055,,0.024821747094392776,,0.0012488859938457608,0.020488668233156204,,,,,,,,,,,,,,
11,,13559,,,,,,,,,,5.774199962615967e-08,,1.0803341865539551e-07,,0.307029664516449,,0.26211848855018616,,0.023913558572530746,,0.0006882790476083755,0.02088990993797779,,,,,,,,,,,,,,
11,,13569,,,,,,,,,,1.862645149230957e-08,,5.927868187427521e-07,,0.28003862500190735,,0.2489810585975647,,0.02869863249361515,,0.0011056673247367144,0.02116810530424118,,,,,,,,,,,,,,
11,,13579,,,,,,,,,,6.146728992462158e-08,,2.0489096641540527e-07,,0.35193735361099243,,0.2290751039981842,,0.020369350910186768,,0.0006832330254837871,0.019198527559638023,,,,,,,,,,,,,,
11,,13589,,,,,,,,,,7.301568984985352e-07,,3.273598849773407e-07,,0.26635509729385376,,0.25481927394866943,,0.02266368642449379,,0.00048738892655819654,0.019685793668031693,,,,,,,,,,,,,,
11,,13599,,,,,,,,,,4.842877388000488e-08,,1.0756775736808777e-07,,0.2972262501716614,,0.2500120997428894,,0.025060128420591354,,0.0009692833991721272,0.020633211359381676,,,,,,,,,,,,,,
11,,13609,,,,,,,,,,2.3096799850463867e-07,,1.7508864402770996e-07,,0.29979968070983887,,0.24787142872810364,,0.023653004318475723,,0.0007160432869568467,0.020109131932258606,,,,,,,,,,,,,,
11,,13619,,,,,,,,,,2.123415470123291e-07,,4.2421743273735046e-07,,0.30084049701690674,,0.2522694766521454,,0.02260567992925644,,0.00037238537333905697,0.01987331360578537,,,,,,,,,,,,,,
11,,13629,,,,,,,,,,1.6205012798309326e-07,,1.5366822481155396e-06,,0.2875732481479645,,0.2582698464393616,,0.027155648916959763,,0.0010534890461713076,0.02136342041194439,,,,,,,,,,,,,,
11,,13639,,,,,,,,,,2.0675361156463623e-07,,5.666632205247879e-06,,0.2532074451446533,,0.26731693744659424,,0.025238605216145515,,0.0006521797040477395,0.020724205300211906,,,,,,,,,,,,,,
11,,13649,,,,,,,,,,9.499490261077881e-08,,7.208436727523804e-07,,0.26829734444618225,,0.2552424967288971,,0.03155403956770897,,0.0011480589164420962,0.02189137600362301,,,,,,,,,,,,,,
11,,13659,,,,,,,,,,4.5821070671081543e-07,,1.044943928718567e-06,,0.29652777314186096,,0.25649958848953247,,0.0295376256108284,,0.0011236502323299646,0.021884743124246597,,,,,,,,,,,,,,
11,,13669,,,,,,,,,,2.4028122425079346e-07,,1.0156072676181793e-06,,0.29932716488838196,,0.24060732126235962,,0.030172744765877724,,0.0010319831781089306,0.02122277021408081,,,,,,,,,,,,,,
11,,13679,,,,,,,,,,2.341344952583313e-06,,4.759058356285095e-07,,0.28912052512168884,,0.25361618399620056,,0.021435707807540894,,0.0009018424898386002,0.019976846873760223,,,,,,,,,,,,,,
11,,13689,,,,,,,,,,5.569308996200562e-07,,1.93621963262558e-06,,0.31773555278778076,,0.2402556836605072,,0.02672892063856125,,0.0009894411778077483,0.02074427157640457,,,,,,,,,,,,,,
11,,13699,,,,,,,,,,1.5273690223693848e-07,,1.850072294473648e-06,,0.2827172577381134,,0.2626095414161682,,0.026380278170108795,,0.0010374262928962708,0.021352505311369896,,,,,,,,,,,,,,
11,,13709,,,,,,,,,,6.09084963798523e-07,,6.477348506450653e-07,,0.2566949725151062,,0.2619107961654663,,0.03207597881555557,,0.0009813904762268066,0.02204088494181633,,,,,,,,,,,,,,
11,,13719,,,,,,,,,,1.0797753930091858e-05,,2.016313374042511e-07,,0.2965347170829773,,0.24199840426445007,,0.02786366268992424,,0.0008323282236233354,0.020672431215643883,,,,,,,,,,,,,,
11,,13729,,,,,,,,,,2.253800630569458e-07,,7.729977369308472e-08,,0.34258052706718445,,0.2410479187965393,,0.020603245124220848,,0.0007078100461512804,0.01971251703798771,,,,,,,,,,,,,,
11,,13739,,,,,,,,,,6.277114152908325e-07,,2.3096799850463867e-07,,0.3124879002571106,,0.22630785405635834,,0.04137147217988968,,0.001218694495037198,0.022946923971176147,,,,,,,,,,,,,,
11,,13749,,,,,,,,,,1.1920928955078125e-07,,4.5588240027427673e-07,,0.23401060700416565,,0.2731555700302124,,0.024149823933839798,,0.0008088191389106214,0.020686235278844833,,,,,,,,,,,,,,
11,,13759,,,,,,,,,,4.170462489128113e-06,,4.470348358154297e-07,,0.26494264602661133,,0.253084659576416,,0.026302404701709747,,0.0010245929006487131,0.02067333646118641,,,,,,,,,,,,,,
11,,13769,,,,,,,,,,1.0672956705093384e-06,,5.448237061500549e-07,,0.33857280015945435,,0.22850441932678223,,0.019506681710481644,,0.0009293691255152225,0.019037973135709763,,,,,,,,,,,,,,
11,,13779,,,,,,,,,,3.03611159324646e-07,,2.5937333703041077e-07,,0.27735239267349243,,0.24309056997299194,,0.025544827803969383,,0.0012379965046420693,0.020368220284581184,,,,,,,,,,,,,,
11,,13789,,,,,,,,,,8.385628461837769e-06,,6.174668669700623e-07,,0.3253711760044098,,0.23297210037708282,,0.022645946592092514,,0.0007588049629703164,0.01955351233482361,,,,,,,,,,,,,,
11,,13799,,,,,,,,,,5.653128027915955e-06,,2.2170133888721466e-06,,0.2994193136692047,,0.24473780393600464,,0.02532716654241085,,0.0007417621091008186,0.020291034132242203,,,,,,,,,,,,,,
11,,13809,,,,,,,,,,1.7713755369186401e-06,,3.377441316843033e-06,,0.30811741948127747,,0.23006176948547363,,0.02041197195649147,,0.0008225692436099052,0.01884368062019348,,,,,,,,,,,,,,
11,,13819,,,,,,,,,,7.82310962677002e-07,,1.4635734260082245e-06,,0.28561049699783325,,0.24533937871456146,,0.02690664306282997,,0.000657757162116468,0.020390579476952553,,,,,,,,,,,,,,
11,,13829,,,,,,,,,,3.594905138015747e-07,,1.4835968613624573e-06,,0.2907964587211609,,0.25384360551834106,,0.026391569525003433,,0.000448563921963796,0.020596567541360855,,,,,,,,,,,,,,
11,,13839,,,,,,,,,,1.1175870895385742e-07,,6.444752216339111e-07,,0.30135464668273926,,0.24421459436416626,,0.023202447220683098,,0.0005751758581027389,0.01976572908461094,,,,,,,,,,,,,,
11,,13849,,,,,,,,,,2.7194619178771973e-07,,1.5813857316970825e-06,,0.2984497547149658,,0.2553409934043884,,0.02481039986014366,,0.0004882421635556966,0.020489707589149475,,,,,,,,,,,,,,
11,,13859,,,,,,,,,,1.0803341865539551e-07,,2.0070001482963562e-07,,0.32498854398727417,,0.2360999435186386,,0.02444051019847393,,0.0013363109901547432,0.020465470850467682,,,,,,,,,,,,,,
11,,13869,,,,,,,,,,1.2293457984924316e-07,,4.01865690946579e-06,,0.2934252619743347,,0.24920304119586945,,0.02550213411450386,,0.0005370387807488441,0.020309368148446083,,,,,,,,,,,,,,
11,,13879,,,,,,,,,,2.514570951461792e-07,,2.5365501642227173e-05,,0.29540908336639404,,0.2639394998550415,,0.02769787609577179,,0.0011355085298418999,0.021884391084313393,,,,,,,,,,,,,,
11,,13889,,,,,,,,,,1.2293457984924316e-07,,3.3387914299964905e-06,,0.3088808059692383,,0.2313980609178543,,0.023663479834794998,,0.0008164085447788239,0.019520465284585953,,,,,,,,,,,,,,
11,,13899,,,,,,,,,,1.210719347000122e-07,,1.1045485734939575e-06,,0.2833467721939087,,0.2706666588783264,,0.022872403264045715,,0.0008942769491113722,0.020972376689314842,,,,,,,,,,,,,,
11,,13909,,,,,,,,,,3.7439167499542236e-07,,2.0349398255348206e-07,,0.3162482976913452,,0.2513501048088074,,0.030403869226574898,,0.0008248822996392846,0.021812785416841507,,,,,,,,,,,,,,
11,,13919,,,,,,,,,,1.3597309589385986e-07,,5.075708031654358e-07,,0.30197903513908386,,0.25070059299468994,,0.018338695168495178,,0.000774938496761024,0.019314834848046303,,,,,,,,,,,,,,
11,,13929,,,,,,,,,,2.7939677238464355e-07,,1.932494342327118e-07,,0.2864108085632324,,0.2520013451576233,,0.02958841249346733,,0.0009551553521305323,0.021438367664813995,,,,,,,,,,,,,,
11,,13939,,,,,,,,,,9.872019290924072e-08,,1.685693860054016e-07,,0.2868405282497406,,0.2499828040599823,,0.02848925068974495,,0.0007254329975694418,0.020970284938812256,,,,,,,,,,,,,,
11,,13949,,,,,,,,,,4.284083843231201e-07,,3.0314549803733826e-07,,0.2353382259607315,,0.273525595664978,,0.03140388801693916,,0.001001492259092629,0.02222415804862976,,,,,,,,,,,,,,
11,,13959,,,,,,,,,,1.3094395399093628e-06,,2.2724270820617676e-06,,0.29235342144966125,,0.25900956988334656,,0.02366427704691887,,0.0006607169634662569,0.020504694432020187,,,,,,,,,,,,,,
11,,13969,,,,,,,,,,2.2277235984802246e-06,,1.5939585864543915e-06,,0.28664112091064453,,0.24502581357955933,,0.025985779240727425,,0.000668588443659246,0.020223379135131836,,,,,,,,,,,,,,
11,,13979,,,,,,,,,,7.282942533493042e-07,,1.4156103134155273e-07,,0.3291494846343994,,0.24706092476844788,,0.02399061992764473,,0.0011148885823786259,0.020777681842446327,,,,,,,,,,,,,,
11,,13989,,,,,,,,,,6.332993507385254e-08,,1.0291114449501038e-07,,0.27387723326683044,,0.2681783437728882,,0.02442522905766964,,0.0009705485426820815,0.021093150600790977,,,,,,,,,,,,,,
11,,13999,,,,,,,,,,8.568167686462402e-08,,2.859160304069519e-07,,0.273443341255188,,0.27196452021598816,,0.026735927909612656,,0.0005742388893850148,0.02140164189040661,,,,,,,,,,,,,,
11,,14003,,,,,,,,,,,,,,,,,,,,,,0.9922604560852051,1.0,1.0,0.9212272763252258,0.9067023992538452,0.9884807467460632,0.999624490737915,0.020035263150930405,0.0,0.0,0.29453611373901367,0.24920427799224854,0.022738609462976456,0.0008451247122138739
11,,14003,0.9921779632568359,1.0,1.0,0.9231616258621216,0.9059733152389526,0.9882301688194275,0.9995918273925781,0.020510660484433174,1.1722007684511482e-06,,1.5460848317161435e-06,,0.2926671504974365,,0.2507246136665344,,0.024757759645581245,,0.0009082035976462066,,,,,,,,,,,,,,,,
,0.00019635254915624216,14004,,,,,,,,,,,,,,,,,,,,,,,,,,,,,,,,,,,
12,,14009,,,,,,,,,,6.50063157081604e-07,,8.149072527885437e-07,,0.24561500549316406,,0.27507105469703674,,0.023486556485295296,,0.0010631403420120478,0.020978465676307678,,,,,,,,,,,,,,
12,,14019,,,,,,,,,,6.51925802230835e-08,,2.337619662284851e-07,,0.3045976161956787,,0.2530515193939209,,0.02551211789250374,,0.0007122603128664196,0.020754076540470123,,,,,,,,,,,,,,
12,,14029,,,,,,,,,,6.761401891708374e-07,,2.183951437473297e-07,,0.31912535429000854,,0.24441178143024445,,0.028952229768037796,,0.000608125003054738,0.02108634077012539,,,,,,,,,,,,,,
12,,14039,,,,,,,,,,1.9371509552001953e-07,,1.4156103134155273e-07,,0.2912684381008148,,0.23668870329856873,,0.028713490813970566,,0.0005669008241966367,0.020322004333138466,,,,,,,,,,,,,,
12,,14049,,,,,,,,,,1.1362135410308838e-07,,3.259629011154175e-07,,0.25384998321533203,,0.2742071747779846,,0.018382597714662552,,0.0007398930611088872,0.019834768027067184,,,,,,,,,,,,,,
12,,14059,,,,,,,,,,3.3155083656311035e-07,,1.8114224076271057e-07,,0.28192514181137085,,0.2510746717453003,,0.023215435445308685,,0.0008185446495190263,0.020044634118676186,,,,,,,,,,,,,,
12,,14069,,,,,,,,,,1.4491379261016846e-06,,1.8570572137832642e-06,,0.27624496817588806,,0.24935707449913025,,0.027022868394851685,,0.0007515659090131521,0.020561346784234047,,,,,,,,,,,,,,
12,,14079,,,,,,,,,,1.564621925354004e-07,,1.5133991837501526e-06,,0.318571001291275,,0.24274834990501404,,0.02199804224073887,,0.000720215670298785,0.01978171244263649,,,,,,,,,,,,,,
12,,14089,,,,,,,,,,5.383044481277466e-07,,6.230548024177551e-07,,0.31911295652389526,,0.24281814694404602,,0.019922180101275444,,0.0007967633428052068,0.019459441304206848,,,,,,,,,,,,,,
12,,14099,,,,,,,,,,1.1958181858062744e-06,,2.547167241573334e-07,,0.3107781410217285,,0.24582621455192566,,0.021024638786911964,,0.0003630903665907681,0.01938420720398426,,,,,,,,,,,,,,
12,,14109,,,,,,,,,,4.153698682785034e-07,,5.778856575489044e-07,,0.2633822560310364,,0.26520952582359314,,0.021529175341129303,,0.0007030519191175699,0.020087122917175293,,,,,,,,,,,,,,
12,,14119,,,,,,,,,,3.03611159324646e-07,,2.4479813873767853e-06,,0.25271567702293396,,0.2672961354255676,,0.023615894839167595,,0.0006610683631151915,0.02041979320347309,,,,,,,,,,,,,,
12,,14129,,,,,,,,,,1.1265277862548828e-05,,2.654269337654114e-07,,0.3135027289390564,,0.24193885922431946,,0.02595076709985733,,0.0005932087660767138,0.020330393686890602,,,,,,,,,,,,,,
12,,14139,,,,,,,,,,1.0803341865539551e-07,,2.0675361156463623e-07,,0.2822250723838806,,0.24451187252998352,,0.028870683163404465,,0.0007175240898504853,0.020725276321172714,,,,,,,,,,,,,,
12,,14149,,,,,,,,,,1.1175870895385742e-07,,5.4016709327697754e-08,,0.3398917317390442,,0.2332807183265686,,0.025776276364922523,,0.0012125668581575155,0.020665662363171577,,,,,,,,,,,,,,
12,,14159,,,,,,,,,,6.649643182754517e-07,,3.5157427191734314e-07,,0.2901553511619568,,0.24715493619441986,,0.028656288981437683,,0.0015398889081552625,0.021518873050808907,,,,,,,,,,,,,,
12,,14169,,,,,,,,,,7.506459951400757e-07,,3.9534643292427063e-07,,0.2926231026649475,,0.2519657015800476,,0.02602313458919525,,0.0014252080582082272,0.0211934894323349,,,,,,,,,,,,,,
12,,14179,,,,,,,,,,2.549402415752411e-05,,3.427267074584961e-07,,0.32174837589263916,,0.24270743131637573,,0.024183141067624092,,0.0011833948083221912,0.020574327558279037,,,,,,,,,,,,,,
12,,14189,,,,,,,,,,3.91155481338501e-07,,7.990747690200806e-07,,0.2734534740447998,,0.24167287349700928,,0.021817300468683243,,0.0005142348236404359,0.019014013931155205,,,,,,,,,,,,,,
12,,14199,,,,,,,,,,1.8458813428878784e-06,,4.44706529378891e-07,,0.30633845925331116,,0.23474524915218353,,0.02554141916334629,,0.0008155221585184336,0.019999131560325623,,,,,,,,,,,,,,
12,,14209,,,,,,,,,,3.5390257835388184e-07,,1.802109181880951e-07,,0.29584741592407227,,0.2490890771150589,,0.023867174983024597,,0.0006626526592299342,0.020120009779930115,,,,,,,,,,,,,,
12,,14219,,,,,,,,,,4.824250936508179e-07,,1.0943040251731873e-07,,0.2723267078399658,,0.25184738636016846,,0.022514600306749344,,0.0012672776356339455,0.02017354406416416,,,,,,,,,,,,,,
12,,14229,,,,,,,,,,1.7136335372924805e-07,,2.4959444999694824e-07,,0.28949031233787537,,0.2413976490497589,,0.022689279168844223,,0.0005201034946367145,0.019357023760676384,,,,,,,,,,,,,,
12,,14239,,,,,,,,,,1.73225998878479e-07,,4.5960769057273865e-07,,0.29505455493927,,0.2467491328716278,,0.02284407988190651,,0.000574928882997483,0.01974332146346569,,,,,,,,,,,,,,
12,,14249,,,,,,,,,,2.6263296604156494e-07,,2.3702159523963928e-07,,0.2741248607635498,,0.2576727867126465,,0.020387398079037666,,0.0012557609006762505,0.020060168579220772,,,,,,,,,,,,,,
12,,14259,,,,,,,,,,1.7695128917694092e-07,,4.842877388000488e-07,,0.2672765851020813,,0.2608150243759155,,0.020880475640296936,,0.00089683523401618,0.019950440153479576,,,,,,,,,,,,,,
12,,14269,,,,,,,,,,7.078051567077637e-08,,7.981434464454651e-07,,0.260231077671051,,0.2826465666294098,,0.023982618004083633,,0.001114551560021937,0.021636581048369408,,,,,,,,,,,,,,
12,,14279,,,,,,,,,,4.284083843231201e-08,,1.1641532182693481e-07,,0.27032026648521423,,0.24427057802677155,,0.02802947536110878,,0.0011261010076850653,0.020723162218928337,,,,,,,,,,,,,,
12,,14289,,,,,,,,,,3.986060619354248e-07,,6.379559636116028e-08,,0.2701610326766968,,0.2512863874435425,,0.025734107941389084,,0.0007383078918792307,0.020328838378190994,,,,,,,,,,,,,,
12,,14299,,,,,,,,,,2.9802322387695312e-08,,3.059394657611847e-07,,0.2822827994823456,,0.2600596845149994,,0.016169052571058273,,0.0009768165182322264,0.019267315044999123,,,,,,,,,,,,,,
12,,14309,,,,,,,,,,3.166496753692627e-08,,7.916241884231567e-08,,0.28955042362213135,,0.2564482092857361,,0.02390986680984497,,0.0006220326176844537,0.020368775352835655,,,,,,,,,,,,,,
12,,14319,,,,,,,,,,6.146728992462158e-07,,1.457519829273224e-07,,0.24778908491134644,,0.260271281003952,,0.027264446020126343,,0.0006968395900912583,0.020743774250149727,,,,,,,,,,,,,,
12,,14329,,,,,,,,,,3.3155083656311035e-07,,3.348104655742645e-07,,0.29799795150756836,,0.2500537931919098,,0.021791813895106316,,0.000770089915022254,0.019881824031472206,,,,,,,,,,,,,,
12,,14339,,,,,,,,,,2.775341272354126e-07,,1.7848797142505646e-06,,0.2814570963382721,,0.2665504813194275,,0.032641906291246414,,0.001432918943464756,0.0229935459792614,,,,,,,,,,,,,,
12,,14349,,,,,,,,,,1.3504177331924438e-06,,2.8172507882118225e-07,,0.2906826138496399,,0.2500644028186798,,0.024340011179447174,,0.0004381142498459667,0.020025435835123062,,,,,,,,,,,,,,
12,,14359,,,,,,,,,,3.03611159324646e-07,,1.0617077350616455e-07,,0.28351131081581116,,0.26057350635528564,,0.024616530165076256,,0.00043820636346936226,0.02048603817820549,,,,,,,,,,,,,,
12,,14369,,,,,,,,,,2.60770320892334e-07,,4.917383193969727e-07,,0.2908259928226471,,0.25717300176620483,,0.02379119023680687,,0.0006706226267851889,0.02043190784752369,,,,,,,,,,,,,,
12,,14379,,,,,,,,,,6.07222318649292e-07,,1.327134668827057e-07,,0.2764834463596344,,0.25431838631629944,,0.021654702723026276,,0.0007431948324665427,0.01978369988501072,,,,,,,,,,,,,,
12,,14389,,,,,,,,,,5.960464477539063e-08,,7.078051567077637e-08,,0.27460017800331116,,0.26174697279930115,,0.023403434082865715,,0.0007499181665480137,0.020442932844161987,,,,,,,,,,,,,,
12,,14399,,,,,,,,,,2.60770320892334e-07,,1.457519829273224e-07,,0.2846694886684418,,0.25932008028030396,,0.023706814274191856,,0.0007760515436530113,0.02052367851138115,,,,,,,,,,,,,,
12,,14409,,,,,,,,,,2.0302832126617432e-07,,1.3131648302078247e-07,,0.30092713236808777,,0.24308361113071442,,0.026875048875808716,,0.0002925416047219187,0.020184440538287163,,,,,,,,,,,,,,
12,,14419,,,,,,,,,,5.4016709327697754e-08,,9.96515154838562e-08,,0.3072609007358551,,0.23609697818756104,,0.020733637735247612,,0.0006045079790055752,0.019013341516256332,,,,,,,,,,,,,,
12,,14429,,,,,,,,,,4.6938657760620117e-07,,8.754432201385498e-08,,0.30566057562828064,,0.24745534360408783,,0.024386286735534668,,0.000780803500674665,0.020344428718090057,,,,,,,,,,,,,,
12,,14439,,,,,,,,,,2.60770320892334e-08,,3.119930624961853e-08,,0.3011088967323303,,0.24382038414478302,,0.023242641240358353,,0.00035602389834821224,0.019587496295571327,,,,,,,,,,,,,,
12,,14449,,,,,,,,,,4.824250936508179e-07,,6.798654794692993e-08,,0.3044406771659851,,0.25258976221084595,,0.02405739203095436,,0.0005037154187448323,0.02030131407082081,,,,,,,,,,,,,,
12,,14459,,,,,,,,,,2.1606683731079102e-07,,1.2526288628578186e-07,,0.32291513681411743,,0.22949789464473724,,0.02437947690486908,,0.000855178281199187,0.01975923590362072,,,,,,,,,,,,,,
12,,14469,,,,,,,,,,2.9802322387695312e-08,,1.0291114449501038e-07,,0.29683443903923035,,0.2485182285308838,,0.031113868579268456,,0.0007887025130912662,0.02155846171081066,,,,,,,,,,,,,,
12,,14479,,,,,,,,,,7.450580596923828e-08,,1.7043203115463257e-07,,0.2790868580341339,,0.2665894031524658,,0.020806917920708656,,0.0005891129840165377,0.020114971324801445,,,,,,,,,,,,,,
12,,14489,,,,,,,,,,2.9802322387695312e-08,,4.842877388000488e-08,,0.28164780139923096,,0.252070814371109,,0.020268496125936508,,0.0011298645986244082,0.01976894773542881,,,,,,,,,,,,,,
12,,14499,,,,,,,,,,1.862645149230957e-08,,5.448237061500549e-08,,0.24915188550949097,,0.2650209069252014,,0.025150451809167862,,0.0006071550888009369,0.02051869034767151,,,,,,,,,,,,,,
12,,14509,,,,,,,,,,9.313225746154785e-08,,2.8172507882118225e-07,,0.29494592547416687,,0.2468859851360321,,0.01904481276869774,,0.00042032694909721613,0.018919946625828743,,,,,,,,,,,,,,
12,,14519,,,,,,,,,,1.2852251529693604e-07,,7.59027898311615e-08,,0.28932324051856995,,0.24667108058929443,,0.026175672188401222,,0.0007644734578207135,0.020439499989151955,,,,,,,,,,,,,,
12,,14529,,,,,,,,,,7.82310962677002e-08,,9.266659617424011e-08,,0.26909393072128296,,0.26683861017227173,,0.020265871658921242,,0.0008500287658534944,0.020103786140680313,,,,,,,,,,,,,,
12,,14539,,,,,,,,,,6.332993507385254e-08,,5.494803190231323e-08,,0.30782216787338257,,0.2464204728603363,,0.019780006259679794,,0.0008490187465213239,0.01950852759182453,,,,,,,,,,,,,,
12,,14549,,,,,,,,,,2.9802322387695312e-08,,1.2405216693878174e-06,,0.2897443175315857,,0.2616402506828308,,0.016954701393842697,,0.0009851313661783934,0.019582467153668404,,,,,,,,,,,,,,
12,,14559,,,,,,,,,,1.4901161193847656e-08,,3.818422555923462e-07,,0.30875861644744873,,0.24753287434577942,,0.028673410415649414,,0.0010119351791217923,0.021361801773309708,,,,,,,,,,,,,,
12,,14569,,,,,,,,,,2.3469328880310059e-07,,7.450580596923828e-07,,0.31989815831184387,,0.23130714893341064,,0.023899726569652557,,0.0005730456905439496,0.01950707845389843,,,,,,,,,,,,,,
12,,14579,,,,,,,,,,1.862645149230957e-08,,1.7834827303886414e-07,,0.2839105725288391,,0.255293607711792,,0.0281215813010931,,0.0008152415975928307,0.02118336595594883,,,,,,,,,,,,,,
12,,14589,,,,,,,,,,1.4901161193847656e-08,,2.7939677238464355e-08,,0.2835405766963959,,0.25163424015045166,,0.026619162410497665,,0.0007790881209075451,0.020698558539152145,,,,,,,,,,,,,,
12,,14599,,,,,,,,,,1.862645149230957e-08,,5.3551048040390015e-08,,0.32313263416290283,,0.23733806610107422,,0.02798748016357422,,0.0008915092912502587,0.020833302289247513,,,,,,,,,,,,,,
12,,14609,,,,,,,,,,4.284083843231201e-08,,1.3597309589385986e-07,,0.3373696208000183,,0.22383418679237366,,0.02570049837231636,,0.00039442628622055054,0.019565219059586525,,,,,,,,,,,,,,
12,,14619,,,,,,,,,,2.421438694000244e-08,,9.872019290924072e-08,,0.2963375449180603,,0.24949945509433746,,0.024294402450323105,,0.0007094931788742542,0.02026025950908661,,,,,,,,,,,,,,
12,,14629,,,,,,,,,,5.587935447692871e-08,,5.681067705154419e-08,,0.3127480149269104,,0.23803529143333435,,0.01977728307247162,,0.000801333284471184,0.019136834889650345,,,,,,,,,,,,,,
12,,14639,,,,,,,,,,1.862645149230957e-08,,5.620531737804413e-07,,0.31045785546302795,,0.25063836574554443,,0.02082560583949089,,0.0007733022794127464,0.01987648382782936,,,,,,,,,,,,,,
12,,14649,,,,,,,,,,4.6566128730773926e-08,,1.9231811165809631e-07,,0.2908165752887726,,0.2382061779499054,,0.03566639870405197,,0.0007982720853760839,0.021865414455533028,,,,,,,,,,,,,,
12,,14659,,,,,,,,,,5.587935447692871e-08,,2.8870999813079834e-08,,0.3612271547317505,,0.23488226532936096,,0.023099366575479507,,0.0003110077523160726,0.019812460988759995,,,,,,,,,,,,,,
12,,14669,,,,,,,,,,5.774199962615967e-08,,1.3690441846847534e-07,,0.281554251909256,,0.2486453652381897,,0.022941293194890022,,0.0009602897334843874,0.019981304183602333,,,,,,,,,,,,,,
12,,14679,,,,,,,,,,5.960464477539063e-08,,3.5390257835388184e-08,,0.32864877581596375,,0.2419215738773346,,0.020989786833524704,,0.0006999231409281492,0.019656753167510033,,,,,,,,,,,,,,
12,,14689,,,,,,,,,,1.0989606380462646e-07,,1.0384246706962585e-07,,0.30633971095085144,,0.24288985133171082,,0.023401878774166107,,0.0007144956616684794,0.019903965294361115,,,,,,,,,,,,,,
12,,14699,,,,,,,,,,1.4901161193847656e-08,,3.119930624961853e-08,,0.30087029933929443,,0.24896103143692017,,0.022042352706193924,,0.0009141440968960524,0.02001930959522724,,,,,,,,,,,,,,
12,,14709,,,,,,,,,,8.381903171539307e-08,,5.541369318962097e-08,,0.36922168731689453,,0.22331005334854126,,0.020462334156036377,,0.0008667382062412798,0.01928592659533024,,,,,,,,,,,,,,
12,,14719,,,,,,,,,,2.421438694000244e-08,,4.377216100692749e-08,,0.3196370005607605,,0.22309474647045135,,0.027294808998703957,,0.0004644699511118233,0.01967424340546131,,,,,,,,,,,,,,
12,,14729,,,,,,,,,,4.6566128730773926e-08,,1.6577541828155518e-06,,0.29246366024017334,,0.25631773471832275,,0.023492762818932533,,0.0011408813297748566,0.020707815885543823,,,,,,,,,,,,,,
12,,14739,,,,,,,,,,1.6205012798309326e-07,,8.055940270423889e-08,,0.2765263617038727,,0.24993877112865448,,0.0255742110311985,,0.0008652414544485509,0.02040550298988819,,,,,,,,,,,,,,
12,,14749,,,,,,,,,,1.7136335372924805e-07,,3.958120942115784e-08,,0.31219640374183655,,0.24312612414360046,,0.01887384057044983,,0.000373840652173385,0.01887892372906208,,,,,,,,,,,,,,
12,,14759,,,,,,,,,,1.2051314115524292e-06,,1.434236764907837e-07,,0.27232620120048523,,0.26372140645980835,,0.02225250005722046,,0.0009184612426906824,0.020419441163539886,,,,,,,,,,,,,,
12,,14769,,,,,,,,,,2.812594175338745e-07,,6.398186087608337e-07,,0.2727840840816498,,0.25929054617881775,,0.02959149330854416,,0.0005918040405958891,0.02134840376675129,,,,,,,,,,,,,,
12,,14779,,,,,,,,,,4.6566128730773926e-08,,6.845220923423767e-08,,0.26438671350479126,,0.2688153386116028,,0.02254685014486313,,0.0007293428061529994,0.020478542894124985,,,,,,,,,,,,,,
12,,14789,,,,,,,,,,2.7939677238464355e-07,,2.8312206268310547e-07,,0.2894832491874695,,0.2553059458732605,,0.019346749410033226,,0.0006266433047130704,0.0194620992988348,,,,,,,,,,,,,,
12,,14799,,,,,,,,,,8.940696716308594e-08,,3.650784492492676e-07,,0.2559840679168701,,0.24813631176948547,,0.0227073822170496,,0.0013866869267076254,0.01993372105062008,,,,,,,,,,,,,,
12,,14809,,,,,,,,,,4.6566128730773926e-08,,2.8545036911964417e-07,,0.32952165603637695,,0.22246584296226501,,0.020145082846283913,,0.0009167266543954611,0.018758997321128845,,,,,,,,,,,,,,
12,,14819,,,,,,,,,,7.450580596923828e-08,,2.9848888516426086e-07,,0.2898227572441101,,0.24106955528259277,,0.02479458972811699,,0.0009181637433357537,0.020038997754454613,,,,,,,,,,,,,,
12,,14829,,,,,,,,,,7.450580596923828e-08,,6.09084963798523e-07,,0.2881614863872528,,0.26023727655410767,,0.024456985294818878,,0.000977872870862484,0.020899709314107895,,,,,,,,,,,,,,
12,,14839,,,,,,,,,,1.471489667892456e-07,,2.3748725652694702e-07,,0.24689432978630066,,0.2690618634223938,,0.021359873935580254,,0.0003422721638344228,0.019772076979279518,,,,,,,,,,,,,,
12,,14849,,,,,,,,,,3.3527612686157227e-08,,1.7369166016578674e-07,,0.24429947137832642,,0.27384495735168457,,0.021827002987265587,,0.000562139437533915,0.020218471065163612,,,,,,,,,,,,,,
12,,14859,,,,,,,,,,1.082196831703186e-06,,3.03611159324646e-07,,0.2644737660884857,,0.264356791973114,,0.02742336504161358,,0.0009223610395565629,0.021329889073967934,,,,,,,,,,,,,,
12,,14869,,,,,,,,,,2.4028122425079346e-07,,3.8463622331619263e-07,,0.3102126717567444,,0.2471696138381958,,0.02429698407649994,,0.0008439528755843639,0.020415017381310463,,,,,,,,,,,,,,
12,,14879,,,,,,,,,,3.557652235031128e-07,,2.3469328880310059e-07,,0.2767423689365387,,0.26029813289642334,,0.022162852808833122,,0.001205403241328895,0.02050914615392685,,,,,,,,,,,,,,
12,,14889,,,,,,,,,,3.1478703022003174e-07,,2.5099143385887146e-07,,0.33786964416503906,,0.2348468154668808,,0.028458449989557266,,0.0006215216126292944,0.020775027573108673,,,,,,,,,,,,,,
12,,14899,,,,,,,,,,1.4901161193847656e-07,,1.0151416063308716e-06,,0.32978367805480957,,0.2478545904159546,,0.022450760006904602,,0.0007443777285516262,0.02025558613240719,,,,,,,,,,,,,,
12,,14909,,,,,,,,,,4.507601261138916e-07,,1.0030344128608704e-06,,0.2887762784957886,,0.24215856194496155,,0.028162755072116852,,0.0007968756253831089,0.020618489012122154,,,,,,,,,,,,,,
12,,14919,,,,,,,,,,3.762543201446533e-07,,2.60351225733757e-06,,0.3496367633342743,,0.24096372723579407,,0.021339667961001396,,0.0007281401776708663,0.019944651052355766,,,,,,,,,,,,,,
12,,14929,,,,,,,,,,2.738088369369507e-07,,1.3642478734254837e-05,,0.25254547595977783,,0.268147349357605,,0.02397269383072853,,0.001106907962821424,0.020859118551015854,,,,,,,,,,,,,,
12,,14939,,,,,,,,,,2.514570951461792e-07,,3.4691765904426575e-07,,0.3102759122848511,,0.23528379201889038,,0.021774407476186752,,0.0014247263316065073,0.019821060821413994,,,,,,,,,,,,,,
12,,14949,,,,,,,,,,2.5331974029541016e-07,,6.793998181819916e-07,,0.3109701871871948,,0.2535724639892578,,0.022908933460712433,,0.0004930164432153106,0.020200511440634727,,,,,,,,,,,,,,
12,,14959,,,,,,,,,,1.3597309589385986e-07,,4.507601261138916e-07,,0.26754245162010193,,0.25845444202423096,,0.026914548128843307,,0.0005871342727914453,0.020742209628224373,,,,,,,,,,,,,,
12,,14969,,,,,,,,,,8.195638656616211e-08,,8.274801075458527e-07,,0.30879515409469604,,0.2485284060239792,,0.02258567325770855,,0.0006010712240822613,0.01995895616710186,,,,,,,,,,,,,,
12,,14979,,,,,,,,,,2.0489096641540527e-08,,3.5623088479042053e-07,,0.2562389373779297,,0.27011585235595703,,0.02746514230966568,,0.0004104948602616787,0.02112722583115101,,,,,,,,,,,,,,
12,,14989,,,,,,,,,,5.19677996635437e-07,,8.461065590381622e-07,,0.3595940172672272,,0.22276608645915985,,0.0244736410677433,,0.0015675709582865238,0.02042562887072563,,,,,,,,,,,,,,
12,,14999,,,,,,,,,,1.4901161193847656e-08,,2.8079375624656677e-07,,0.2660691738128662,,0.2723325490951538,,0.021492132917046547,,0.0004027188988402486,0.020220337435603142,,,,,,,,,,,,,,
12,,15009,,,,,,,,,,2.775341272354126e-07,,6.366521120071411e-06,,0.29057544469833374,,0.23307852447032928,,0.024992067366838455,,0.000811424688436091,0.019630128517746925,,,,,,,,,,,,,,
12,,15019,,,,,,,,,,1.5459954738616943e-07,,2.9000453650951385e-05,,0.3074646294116974,,0.2353995144367218,,0.024354362860322,,0.0005965438904240727,0.019656188786029816,,,,,,,,,,,,,,
12,,15029,,,,,,,,,,2.4177134037017822e-06,,2.596992999315262e-06,,0.24460677802562714,,0.2593151926994324,,0.0237949900329113,,0.0005829133442603052,0.01992550492286682,,,,,,,,,,,,,,
12,,15039,,,,,,,,,,1.993030309677124e-07,,4.1956081986427307e-07,,0.2978553771972656,,0.2442125380039215,,0.024720052257180214,,0.0009790813783183694,0.0203122366219759,,,,,,,,,,,,,,
12,,15049,,,,,,,,,,1.5087425708770752e-07,,1.41095370054245e-07,,0.27055859565734863,,0.26769280433654785,,0.02054513432085514,,0.001128633040934801,0.020422382280230522,,,,,,,,,,,,,,
12,,15059,,,,,,,,,,3.725290298461914e-08,,1.8347054719924927e-07,,0.29491424560546875,,0.24779051542282104,,0.025095492601394653,,0.0008838128414936364,0.020444462075829506,,,,,,,,,,,,,,
12,,15069,,,,,,,,,,1.210719347000122e-07,,1.5664845705032349e-06,,0.288923978805542,,0.2477586567401886,,0.02313641831278801,,0.0007073029410094023,0.01987292617559433,,,,,,,,,,,,,,
12,,15079,,,,,,,,,,2.7939677238464355e-08,,8.381903171539307e-08,,0.3192392587661743,,0.23991659283638,,0.028398701921105385,,0.0013811530079692602,0.021353010088205338,,,,,,,,,,,,,,
12,,15089,,,,,,,,,,1.30385160446167e-08,,1.4761462807655334e-07,,0.2702859044075012,,0.27731257677078247,,0.018605809658765793,,0.00055270193843171,0.020074456930160522,,,,,,,,,,,,,,
12,,15099,,,,,,,,,,1.1548399925231934e-07,,2.0815059542655945e-07,,0.3078303933143616,,0.24163830280303955,,0.02729087695479393,,0.0006671025766991079,0.02055656909942627,,,,,,,,,,,,,,
12,,15109,,,,,,,,,,2.0489096641540527e-07,,1.4062970876693726e-07,,0.29182320833206177,,0.25731122493743896,,0.022868160158395767,,0.0007780927699059248,0.020357588306069374,,,,,,,,,,,,,,
12,,15119,,,,,,,,,,1.4901161193847656e-07,,1.9837170839309692e-07,,0.28834885358810425,,0.2465192675590515,,0.02849947288632393,,0.0008489329484291375,0.02092013694345951,,,,,,,,,,,,,,
12,,15129,,,,,,,,,,2.1606683731079102e-07,,3.394670784473419e-07,,0.3029780387878418,,0.2528778612613678,,0.02485062927007675,,0.0007058102055452764,0.02059805579483509,,,,,,,,,,,,,,
12,,15139,,,,,,,,,,3.427267074584961e-06,,4.184432327747345e-06,,0.2950540781021118,,0.2418433129787445,,0.027053141966462135,,0.0011601727455854416,0.020741742104291916,,,,,,,,,,,,,,
12,,15149,,,,,,,,,,1.4901161193847656e-07,,2.528540790081024e-07,,0.29785123467445374,,0.25323808193206787,,0.02346094511449337,,0.0010438535828143358,0.020547814667224884,,,,,,,,,,,,,,
12,,15159,,,,,,,,,,9.499490261077881e-08,,1.993030309677124e-07,,0.3084811568260193,,0.2535545825958252,,0.01851167157292366,,0.0008146099280565977,0.019587062299251556,,,,,,,,,,,,,,
12,,15169,,,,,,,,,,4.0978193283081055e-08,,4.4750049710273743e-07,,0.29888564348220825,,0.23801825940608978,,0.02009488269686699,,0.0006381763960234821,0.018910711631178856,,,,,,,,,,,,,,
12,,15170,,,,,,,,,,,,,,,,,,,,,,0.992277204990387,1.0,1.0,0.9212272763252258,0.9066890478134155,0.9887495040893555,0.9995805621147156,0.019948221743106842,0.0,0.0,0.29396486282348633,0.2469937801361084,0.022316886112093925,0.0009816100355237722
12,,15170,0.992241621017456,1.0,1.0,0.9231616258621216,0.9061369895935059,0.9884603023529053,0.9996098279953003,0.020278817042708397,7.769168064442056e-07,,9.155963880402851e-07,,0.29253584146499634,,0.2501153349876404,,0.023952875286340714,,0.0008405305561609566,,,,,,,,,,,,,,,,
,0.00018118675362266393,15171,,,,,,,,,,,,,,,,,,,,,,,,,,,,,,,,,,,
13,,15179,,,,,,,,,,1.1175870895385742e-08,,7.217749953269958e-08,,0.31732162833213806,,0.24004866182804108,,0.021771691739559174,,0.0005417503998614848,0.019464151933789253,,,,,,,,,,,,,,
13,,15189,,,,,,,,,,4.7124922275543213e-07,,1.7415732145309448e-07,,0.2759695053100586,,0.2588938772678375,,0.03246153146028519,,0.0008128185290843248,0.02207121066749096,,,,,,,,,,,,,,
13,,15199,,,,,,,,,,5.587935447692871e-08,,2.337619662284851e-07,,0.28609415888786316,,0.2561931014060974,,0.022991521283984184,,0.0007420274196192622,0.020234089344739914,,,,,,,,,,,,,,
13,,15209,,,,,,,,,,6.332993507385254e-08,,3.9348378777503967e-07,,0.2813883423805237,,0.252274751663208,,0.022123295813798904,,0.0005315985763445497,0.019674520939588547,,,,,,,,,,,,,,
13,,15219,,,,,,,,,,8.940696716308594e-08,,1.0989606380462646e-07,,0.32057005167007446,,0.2308036983013153,,0.02417084388434887,,0.00038712171954102814,0.01940271630883217,,,,,,,,,,,,,,
13,,15229,,,,,,,,,,1.4049932360649109e-05,,1.3988465070724487e-06,,0.2915985584259033,,0.24024328589439392,,0.020296473056077957,,0.0009350820328108966,0.019190173596143723,,,,,,,,,,,,,,
13,,15239,,,,,,,,,,2.7026981115341187e-06,,2.747122198343277e-05,,0.3036049008369446,,0.22951680421829224,,0.02535087615251541,,0.0003693513572216034,0.01935158111155033,,,,,,,,,,,,,,
13,,15249,,,,,,,,,,1.7881393432617188e-07,,7.2503462433815e-07,,0.2958317995071411,,0.24825850129127502,,0.027881011366844177,,0.0006425859173759818,0.020818611606955528,,,,,,,,,,,,,,
13,,15259,,,,,,,,,,1.1920928955078125e-07,,9.96515154838562e-08,,0.29414206743240356,,0.24931955337524414,,0.024387553334236145,,0.0005377764464356005,0.02011474221944809,,,,,,,,,,,,,,
13,,15269,,,,,,,,,,8.009374141693115e-08,,2.2212043404579163e-07,,0.26657634973526,,0.2619761824607849,,0.020922500640153885,,0.0009228010894730687,0.02002403512597084,,,,,,,,,,,,,,
13,,15279,,,,,,,,,,6.332993507385254e-08,,6.584450602531433e-07,,0.2835172414779663,,0.2518894672393799,,0.02241799607872963,,0.0006060876185074449,0.01979256048798561,,,,,,,,,,,,,,
13,,15289,,,,,,,,,,1.8700957298278809e-06,,2.4437904357910156e-06,,0.2966691851615906,,0.2426241934299469,,0.025204449892044067,,0.0010202653938904405,0.02034560963511467,,,,,,,,,,,,,,
13,,15299,,,,,,,,,,1.2665987014770508e-07,,1.103617250919342e-07,,0.30828601121902466,,0.21944588422775269,,0.028598302975296974,,0.0009870518697425723,0.020006608217954636,,,,,,,,,,,,,,
13,,15309,,,,,,,,,,4.6566128730773926e-08,,5.820766091346741e-08,,0.3145066499710083,,0.24234871566295624,,0.018075913190841675,,0.0009093420812860131,0.019121630117297173,,,,,,,,,,,,,,
13,,15319,,,,,,,,,,8.195638656616211e-08,,1.042243093252182e-05,,0.29292476177215576,,0.2569219470024109,,0.022089961916208267,,0.001207791967317462,0.020528683438897133,,,,,,,,,,,,,,
13,,15329,,,,,,,,,,3.5390257835388184e-07,,1.6437843441963196e-07,,0.31876933574676514,,0.23242738842964172,,0.019061751663684845,,0.0002950627531390637,0.01843048818409443,,,,,,,,,,,,,,
13,,15339,,,,,,,,,,3.650784492492676e-07,,2.1373853087425232e-07,,0.3156313896179199,,0.23287001252174377,,0.023136239498853683,,0.0009783527348190546,0.019691206514835358,,,,,,,,,,,,,,
13,,15349,,,,,,,,,,2.7939677238464355e-08,,3.189779818058014e-07,,0.2962985336780548,,0.24572768807411194,,0.02726149559020996,,0.0007282232400029898,0.02065347507596016,,,,,,,,,,,,,,
13,,15359,,,,,,,,,,2.2351741790771484e-08,,1.3364478945732117e-07,,0.34338515996932983,,0.2260911613702774,,0.02340964786708355,,0.00070672866422683,0.01954619586467743,,,,,,,,,,,,,,
13,,15369,,,,,,,,,,3.725290298461914e-08,,1.126900315284729e-07,,0.3540545105934143,,0.22887703776359558,,0.02194545604288578,,0.0006499924347735941,0.019484711810946465,,,,,,,,,,,,,,
13,,15379,,,,,,,,,,6.705522537231445e-08,,3.0640512704849243e-07,,0.3084176480770111,,0.24143369495868683,,0.023682337254285812,,0.0008043451234698296,0.01998005248606205,,,,,,,,,,,,,,
13,,15389,,,,,,,,,,2.3655593395233154e-07,,1.0756775736808777e-07,,0.2844400405883789,,0.2542426586151123,,0.020030995830893517,,0.0007936191977933049,0.01960672065615654,,,,,,,,,,,,,,
13,,15399,,,,,,,,,,7.636845111846924e-08,,6.51925802230835e-07,,0.25670650601387024,,0.26638931035995483,,0.021595122292637825,,0.0013872545678168535,0.020589834079146385,,,,,,,,,,,,,,
13,,15409,,,,,,,,,,6.146728992462158e-08,,5.3551048040390015e-08,,0.29014092683792114,,0.2540813386440277,,0.022391334176063538,,0.00047985196579247713,0.01987326890230179,,,,,,,,,,,,,,
13,,15419,,,,,,,,,,2.086162567138672e-07,,1.1129304766654968e-07,,0.28896236419677734,,0.2587409019470215,,0.018081115558743477,,0.000718349649105221,0.019448477774858475,,,,,,,,,,,,,,
13,,15429,,,,,,,,,,8.009374141693115e-08,,1.6111880540847778e-07,,0.28971707820892334,,0.24782349169254303,,0.026113489642739296,,0.0008368087583221495,0.02054074965417385,,,,,,,,,,,,,,
13,,15439,,,,,,,,,,1.0803341865539551e-07,,3.3294782042503357e-07,,0.2659648060798645,,0.27358102798461914,,0.01901409402489662,,0.0008272511186078191,0.02013138309121132,,,,,,,,,,,,,,
13,,15449,,,,,,,,,,6.673857569694519e-06,,2.146698534488678e-07,,0.29177364706993103,,0.24978475272655487,,0.021690014749765396,,0.0009521766914986074,0.01991375908255577,,,,,,,,,,,,,,
13,,15459,,,,,,,,,,1.0058283805847168e-07,,3.1618401408195496e-07,,0.28362682461738586,,0.2553487718105316,,0.02172914519906044,,0.0006685404223389924,0.01987369917333126,,,,,,,,,,,,,,
13,,15469,,,,,,,,,,1.4528632164001465e-07,,3.7997961044311523e-07,,0.2830379605293274,,0.2649309039115906,,0.018251905217766762,,0.000893712742254138,0.019832845777273178,,,,,,,,,,,,,,
13,,15479,,,,,,,,,,4.6566128730773926e-07,,4.12575900554657e-07,,0.26784834265708923,,0.2683601975440979,,0.0219874270260334,,0.00023808158584870398,0.02002432569861412,,,,,,,,,,,,,,
13,,15489,,,,,,,,,,1.2926757335662842e-06,,1.8766149878501892e-07,,0.29478269815444946,,0.2512144446372986,,0.0179123654961586,,0.0006962288171052933,0.019115570932626724,,,,,,,,,,,,,,
13,,15499,,,,,,,,,,6.891787052154541e-08,,6.752088665962219e-08,,0.2551056742668152,,0.26598161458969116,,0.018909040838479996,,0.0002988355699926615,0.019231675192713737,,,,,,,,,,,,,,
13,,15509,,,,,,,,,,5.569308996200562e-07,,1.2014061212539673e-07,,0.2765035927295685,,0.2512272894382477,,0.02411254122853279,,0.0008280964102596045,0.020163653418421745,,,,,,,,,,,,,,
13,,15519,,,,,,,,,,8.363276720046997e-07,,4.568137228488922e-07,,0.30396875739097595,,0.2481977939605713,,0.02183464914560318,,0.0007342005847021937,0.01984589919447899,,,,,,,,,,,,,,
13,,15529,,,,,,,,,,2.1047890186309814e-07,,6.677582859992981e-07,,0.25801756978034973,,0.26202523708343506,,0.02906293049454689,,0.0005294252187013626,0.021157613024115562,,,,,,,,,,,,,,
13,,15539,,,,,,,,,,1.0803341865539551e-07,,1.0058283805847168e-07,,0.2763170003890991,,0.24517858028411865,,0.02902749739587307,,0.001070008845999837,0.02098112180829048,,,,,,,,,,,,,,
13,,15549,,,,,,,,,,8.754432201385498e-08,,1.1734664440155029e-07,,0.29768097400665283,,0.24306029081344604,,0.028687750920653343,,0.000645688094664365,0.02075018547475338,,,,,,,,,,,,,,
13,,15559,,,,,,,,,,8.21426510810852e-07,,3.580935299396515e-07,,0.29718688130378723,,0.254645973443985,,0.022597599774599075,,0.00061059306608513,0.02011909708380699,,,,,,,,,,,,,,
13,,15569,,,,,,,,,,1.3168901205062866e-06,,1.3746321201324463e-06,,0.3033275902271271,,0.24202242493629456,,0.02972385101020336,,0.0009495266713202,0.021189967170357704,,,,,,,,,,,,,,
13,,15579,,,,,,,,,,2.1047890186309814e-07,,5.220528692007065e-06,,0.26394081115722656,,0.2592650055885315,,0.024090392515063286,,0.0006719412049278617,0.020271973684430122,,,,,,,,,,,,,,
13,,15589,,,,,,,,,,7.35744833946228e-07,,3.146938979625702e-06,,0.2979225516319275,,0.24444228410720825,,0.024417806416749954,,0.0010704784654080868,0.020335683599114418,,,,,,,,,,,,,,
13,,15599,,,,,,,,,,1.2796372175216675e-06,,5.885958671569824e-07,,0.24444665014743805,,0.26763084530830383,,0.02426716312766075,,0.0006318577798083425,0.02043878473341465,,,,,,,,,,,,,,
13,,15609,,,,,,,,,,1.7695128917694092e-07,,3.0561350286006927e-06,,0.3131522536277771,,0.23980781435966492,,0.02325165458023548,,0.0005618568975478411,0.019696639850735664,,,,,,,,,,,,,,
13,,15619,,,,,,,,,,1.6205012798309326e-07,,4.833564162254333e-07,,0.27058032155036926,,0.24942642450332642,,0.02164425700902939,,0.0009374553337693214,0.01962891034781933,,,,,,,,,,,,,,
13,,15629,,,,,,,,,,3.520399332046509e-07,,2.5797635316848755e-07,,0.31854188442230225,,0.23085349798202515,,0.022731278091669083,,0.0004899724153801799,0.019188450649380684,,,,,,,,,,,,,,
13,,15639,,,,,,,,,,3.91155481338501e-08,,1.6810372471809387e-07,,0.2946654260158539,,0.24280011653900146,,0.02059713751077652,,0.00037780398270115256,0.018984317779541016,,,,,,,,,,,,,,
13,,15649,,,,,,,,,,4.6566128730773926e-08,,2.71480530500412e-07,,0.2729184031486511,,0.2652674913406372,,0.021831270307302475,,0.001153683289885521,0.020596332848072052,,,,,,,,,,,,,,
13,,15659,,,,,,,,,,1.862645149230957e-07,,4.163011908531189e-07,,0.2874267101287842,,0.2657296061515808,,0.020750252529978752,,0.0007201710250228643,0.020260106772184372,,,,,,,,,,,,,,
13,,15669,,,,,,,,,,3.650784492492676e-07,,2.3152679204940796e-06,,0.36676692962646484,,0.2182437777519226,,0.01680786907672882,,0.0008142946753650904,0.01829489693045616,,,,,,,,,,,,,,
13,,15679,,,,,,,,,,1.043081283569336e-07,,4.6938657760620117e-07,,0.3125579357147217,,0.25162869691848755,,0.015299282968044281,,0.0008479772950522602,0.01896711438894272,,,,,,,,,,,,,,
13,,15689,,,,,,,,,,1.2293457984924316e-07,,6.430782377719879e-07,,0.30344414710998535,,0.24935103952884674,,0.020473068580031395,,0.0006872261292301118,0.019603224471211433,,,,,,,,,,,,,,
13,,15699,,,,,,,,,,4.5262277126312256e-07,,1.9790604710578918e-07,,0.3163364827632904,,0.23223412036895752,,0.023330403491854668,,0.0011375411413609982,0.019825492054224014,,,,,,,,,,,,,,
13,,15709,,,,,,,,,,2.0675361156463623e-07,,7.152557373046875e-07,,0.29123455286026,,0.25612953305244446,,0.02349521592259407,,0.0009935981361195445,0.020574554800987244,,,,,,,,,,,,,,
13,,15719,,,,,,,,,,3.91155481338501e-08,,1.4435499906539917e-07,,0.3194733262062073,,0.24141298234462738,,0.027320753782987595,,0.0009379702969454229,0.020891282707452774,,,,,,,,,,,,,,
13,,15729,,,,,,,,,,5.867332220077515e-07,,6.118789315223694e-07,,0.2778335213661194,,0.2441316694021225,,0.02849617227911949,,0.0006634439341723919,0.020545169711112976,,,,,,,,,,,,,,
13,,15739,,,,,,,,,,2.7939677238464355e-08,,2.0675361156463623e-07,,0.2885618209838867,,0.24996782839298248,,0.023886220529675484,,0.0004069757997058332,0.01988757960498333,,,,,,,,,,,,,,
13,,15749,,,,,,,,,,2.641230821609497e-06,,2.2025778889656067e-07,,0.2845248878002167,,0.2344878911972046,,0.026368048042058945,,0.0007226176676340401,0.01981670968234539,,,,,,,,,,,,,,
13,,15759,,,,,,,,,,8.195638656616211e-08,,6.048940122127533e-07,,0.32057541608810425,,0.23694396018981934,,0.022637881338596344,,0.0011796907056123018,0.019997747614979744,,,,,,,,,,,,,,
13,,15769,,,,,,,,,,2.0489096641540527e-07,,1.6903504729270935e-07,,0.27583760023117065,,0.25606659054756165,,0.023525919765233994,,0.0005570765351876616,0.020069411024451256,,,,,,,,,,,,,,
13,,15779,,,,,,,,,,2.4586915969848633e-07,,1.9920989871025085e-06,,0.2970649302005768,,0.27368438243865967,,0.025171637535095215,,0.000581535161472857,0.021471267566084862,,,,,,,,,,,,,,
13,,15789,,,,,,,,,,3.725290298461914e-08,,4.5727938413619995e-07,,0.3369555175304413,,0.24033552408218384,,0.021137522533535957,,0.0008143080049194396,0.019793275743722916,,,,,,,,,,,,,,
13,,15799,,,,,,,,,,4.153698682785034e-07,,1.6530975699424744e-07,,0.25843513011932373,,0.25553998351097107,,0.025937069207429886,,0.0008359604398719966,0.020502150058746338,,,,,,,,,,,,,,
13,,15809,,,,,,,,,,5.21540641784668e-08,,2.2258609533309937e-07,,0.3178161382675171,,0.22617864608764648,,0.027104783803224564,,0.0006439518765546381,0.019896501675248146,,,,,,,,,,,,,,
13,,15819,,,,,,,,,,5.289912223815918e-07,,1.2914184480905533e-05,,0.3171928822994232,,0.2433038353919983,,0.025959551334381104,,0.0007845488144084811,0.020582862198352814,,,,,,,,,,,,,,
13,,15829,,,,,,,,,,7.264316082000732e-08,,9.685754776000977e-08,,0.281802773475647,,0.25416597723960876,,0.025086678564548492,,0.0006312747136689723,0.020398594439029694,,,,,,,,,,,,,,
13,,15839,,,,,,,,,,1.3224780559539795e-07,,5.485489964485168e-07,,0.28364109992980957,,0.2560533285140991,,0.01865517348051071,,0.0007047529798001051,0.019357556477189064,,,,,,,,,,,,,,
13,,15849,,,,,,,,,,5.979090929031372e-07,,4.698522388935089e-07,,0.26704394817352295,,0.2576567828655243,,0.028660742565989494,,0.0007630698964931071,0.02115844190120697,,,,,,,,,,,,,,
13,,15859,,,,,,,,,,6.51925802230835e-08,,7.729977369308472e-08,,0.2721419632434845,,0.25112396478652954,,0.02222779020667076,,0.0008623114554211497,0.0197798740118742,,,,,,,,,,,,,,
13,,15869,,,,,,,,,,5.4016709327697754e-08,,1.2014061212539673e-07,,0.2847265899181366,,0.24829910695552826,,0.028218235820531845,,0.000955997733399272,0.020988704636693,,,,,,,,,,,,,,
13,,15879,,,,,,,,,,1.3969838619232178e-07,,1.1641532182693481e-07,,0.2918345630168915,,0.24958917498588562,,0.02112307772040367,,0.0009267351124435663,0.019779887050390244,,,,,,,,,,,,,,
13,,15889,,,,,,,,,,2.2351741790771484e-07,,6.342306733131409e-07,,0.37483352422714233,,0.22612881660461426,,0.015336558222770691,,0.0009621854987926781,0.018594153225421906,,,,,,,,,,,,,,
13,,15899,,,,,,,,,,2.0116567611694336e-07,,2.0489096641540527e-07,,0.3055361211299896,,0.23940107226371765,,0.025262501090765,,0.0013057932956144214,0.020523501560091972,,,,,,,,,,,,,,
13,,15909,,,,,,,,,,6.146728992462158e-08,,3.1478703022003174e-07,,0.31376373767852783,,0.24569198489189148,,0.01576189696788788,,0.0007204690482467413,0.01869400404393673,,,,,,,,,,,,,,
13,,15919,,,,,,,,,,1.2511387467384338e-05,,3.3387914299964905e-07,,0.2945214807987213,,0.2507607936859131,,0.022893458604812622,,0.0005249348469078541,0.01989692822098732,,,,,,,,,,,,,,
13,,15929,,,,,,,,,,2.514570951461792e-07,,2.1187588572502136e-07,,0.26633065938949585,,0.2567744851112366,,0.026144379749894142,,0.0009585937950760126,0.020783457905054092,,,,,,,,,,,,,,
13,,15939,,,,,,,,,,1.9185245037078857e-07,,1.7243437469005585e-06,,0.2700793147087097,,0.25284916162490845,,0.02600412629544735,,0.0005545967724174261,0.020313983783125877,,,,,,,,,,,,,,
13,,15949,,,,,,,,,,1.7192214727401733e-06,,9.064842015504837e-05,,0.25968867540359497,,0.261696994304657,,0.021606555208563805,,0.0004936425248160958,0.019736820831894875,,,,,,,,,,,,,,
13,,15959,,,,,,,,,,4.470348358154297e-08,,2.183951437473297e-07,,0.30580759048461914,,0.2520074248313904,,0.026154421269893646,,0.0004506327968556434,0.020643500611186028,,,,,,,,,,,,,,
13,,15969,,,,,,,,,,1.2665987014770508e-07,,2.6775524020195007e-07,,0.28494173288345337,,0.27296704053878784,,0.021219678223133087,,0.0009543848573230207,0.02083405666053295,,,,,,,,,,,,,,
13,,15979,,,,,,,,,,3.650784492492676e-07,,1.648440957069397e-07,,0.30090808868408203,,0.24878647923469543,,0.02272029221057892,,0.0006528455996885896,0.019942693412303925,,,,,,,,,,,,,,
13,,15989,,,,,,,,,,5.438923835754395e-07,,1.3830140233039856e-07,,0.2786884903907776,,0.25835955142974854,,0.0277827437967062,,0.0009676214540377259,0.02131667174398899,,,,,,,,,,,,,,
13,,15999,,,,,,,,,,5.438923835754395e-07,,1.2153759598731995e-07,,0.2610868513584137,,0.2739747166633606,,0.025884825736284256,,0.0004972480819560587,0.021133678033947945,,,,,,,,,,,,,,
13,,16009,,,,,,,,,,1.2498348951339722e-06,,8.749775588512421e-07,,0.33551380038261414,,0.23080550134181976,,0.021811548620462418,,0.001012494321912527,0.01960463635623455,,,,,,,,,,,,,,
13,,16019,,,,,,,,,,4.0605664253234863e-07,,2.705492079257965e-07,,0.25645148754119873,,0.2725014090538025,,0.0223543681204319,,0.0006178987678140402,0.020438654348254204,,,,,,,,,,,,,,
13,,16029,,,,,,,,,,5.755573511123657e-07,,1.1874362826347351e-07,,0.2747989892959595,,0.25145265460014343,,0.028027381747961044,,0.00075090944301337,0.02083054557442665,,,,,,,,,,,,,,
13,,16039,,,,,,,,,,3.5390257835388184e-08,,1.83936208486557e-07,,0.2590254247188568,,0.26053744554519653,,0.023517046123743057,,0.000711585336830467,0.02019621431827545,,,,,,,,,,,,,,
13,,16049,,,,,,,,,,8.940696716308594e-08,,1.6530975699424744e-07,,0.307309627532959,,0.24569350481033325,,0.017574481666088104,,0.001047514146193862,0.019203707575798035,,,,,,,,,,,,,,
13,,16059,,,,,,,,,,6.332993507385254e-08,,3.0919909477233887e-07,,0.2884107828140259,,0.2556571960449219,,0.0213528573513031,,0.000994238187558949,0.020117998123168945,,,,,,,,,,,,,,
13,,16069,,,,,,,,,,4.842877388000488e-08,,1.7508864402770996e-07,,0.26663142442703247,,0.2534821629524231,,0.0229390487074852,,0.0006080924067646265,0.01976853236556053,,,,,,,,,,,,,,
13,,16079,,,,,,,,,,2.868473529815674e-07,,1.8486753106117249e-07,,0.31396573781967163,,0.23771324753761292,,0.0218349639326334,,0.0005957111716270447,0.01936766318976879,,,,,,,,,,,,,,
13,,16089,,,,,,,,,,1.30385160446167e-07,,4.23286110162735e-07,,0.29359495639801025,,0.233786478638649,,0.024288538843393326,,0.0005981463473290205,0.01940675638616085,,,,,,,,,,,,,,
13,,16099,,,,,,,,,,5.904585123062134e-07,,9.634532034397125e-07,,0.28060591220855713,,0.2333647459745407,,0.0342949777841568,,0.00024745764676481485,0.020848318934440613,,,,,,,,,,,,,,
13,,16109,,,,,,,,,,2.6561319828033447e-06,,3.511086106300354e-07,,0.30781275033950806,,0.25920799374580383,,0.02050425298511982,,0.0004496755718719214,0.01994423195719719,,,,,,,,,,,,,,
13,,16119,,,,,,,,,,1.3783574104309082e-07,,6.793998181819916e-07,,0.3148753046989441,,0.23225203156471252,,0.022671595215797424,,0.0004230803460814059,0.019149672240018845,,,,,,,,,,,,,,
13,,16129,,,,,,,,,,6.130896508693695e-05,,7.236376404762268e-07,,0.287120521068573,,0.2581304609775543,,0.018538417294621468,,0.0010559039656072855,0.019737305119633675,,,,,,,,,,,,,,
13,,16139,,,,,,,,,,3.073364496231079e-07,,2.198386937379837e-06,,0.2923882305622101,,0.2612129747867584,,0.019085027277469635,,0.0013566284906119108,0.020271653309464455,,,,,,,,,,,,,,
13,,16149,,,,,,,,,,4.116445779800415e-07,,3.958120942115784e-08,,0.2822120189666748,,0.25743722915649414,,0.021153781563043594,,0.0008793328888714314,0.020005259662866592,,,,,,,,,,,,,,
13,,16159,,,,,,,,,,2.7194619178771973e-07,,6.146728992462158e-08,,0.3123701512813568,,0.23051822185516357,,0.017534567043185234,,0.0009789711330085993,0.018492605537176132,,,,,,,,,,,,,,
13,,16169,,,,,,,,,,7.767230272293091e-07,,6.100162863731384e-08,,0.31422799825668335,,0.2511400282382965,,0.023398544639348984,,0.0007702924776822329,0.020424481481313705,,,,,,,,,,,,,,
13,,16179,,,,,,,,,,3.4458935260772705e-07,,1.2759119272232056e-07,,0.2828117609024048,,0.25772297382354736,,0.02309459075331688,,0.000939678808208555,0.020434951409697533,,,,,,,,,,,,,,
13,,16189,,,,,,,,,,1.5106052160263062e-06,,1.126900315284729e-07,,0.3129209578037262,,0.24339982867240906,,0.020548861473798752,,0.0008404896361753345,0.019564464688301086,,,,,,,,,,,,,,
13,,16199,,,,,,,,,,6.332993507385254e-08,,1.0151416063308716e-07,,0.25643888115882874,,0.2638074457645416,,0.03098411299288273,,0.00026117870584130287,0.021381741389632225,,,,,,,,,,,,,,
13,,16209,,,,,,,,,,1.0058283805847168e-07,,1.1185184121131897e-06,,0.29825007915496826,,0.24499624967575073,,0.021165261045098305,,0.0006739867385476828,0.019458048045635223,,,,,,,,,,,,,,
13,,16219,,,,,,,,,,4.2282044887542725e-07,,1.2852251529693604e-07,,0.3298688232898712,,0.2311868518590927,,0.01915440894663334,,0.00032469944562762976,0.018542038276791573,,,,,,,,,,,,,,
13,,16229,,,,,,,,,,4.161149263381958e-06,,3.7159770727157593e-07,,0.26631224155426025,,0.2771579325199127,,0.021848388016223907,,0.0009641474462114275,0.020937424153089523,,,,,,,,,,,,,,
13,,16239,,,,,,,,,,2.2724270820617676e-07,,1.050066202878952e-06,,0.3055298328399658,,0.23522663116455078,,0.02103305049240589,,0.000820533256046474,0.019170455634593964,,,,,,,,,,,,,,
13,,16249,,,,,,,,,,2.3283064365386963e-07,,1.0617077350616455e-07,,0.29102975130081177,,0.2598210573196411,,0.02167249098420143,,0.0009188007679767907,0.02034727856516838,,,,,,,,,,,,,,
13,,16259,,,,,,,,,,8.381903171539307e-07,,7.906928658485413e-07,,0.30373328924179077,,0.2539675235748291,,0.019171662628650665,,0.0009285550331696868,0.01976003311574459,,,,,,,,,,,,,,
13,,16269,,,,,,,,,,4.675239324569702e-07,,1.539476215839386e-06,,0.28576692938804626,,0.2590346932411194,,0.025577425956726074,,0.0007317610434256494,0.020840764045715332,,,,,,,,,,,,,,
13,,16279,,,,,,,,,,4.302710294723511e-06,,1.0617077350616455e-07,,0.2718803882598877,,0.2663503885269165,,0.022906098514795303,,0.0015399828553199768,0.021126313135027885,,,,,,,,,,,,,,
13,,16289,,,,,,,,,,1.4156103134155273e-07,,2.5890767574310303e-07,,0.2729412317276001,,0.2636103928089142,,0.021939730271697044,,0.0008886134601198137,0.020340394228696823,,,,,,,,,,,,,,
13,,16299,,,,,,,,,,7.264316082000732e-08,,1.4808028936386108e-07,,0.31517118215560913,,0.25230616331100464,,0.016647856682538986,,0.0005222108447924256,0.019038045778870583,,,,,,,,,,,,,,
13,,16309,,,,,,,,,,5.4016709327697754e-08,,1.6065314412117004e-07,,0.30412131547927856,,0.25018322467803955,,0.020972875878214836,,0.0011484515853226185,0.02008991874754429,,,,,,,,,,,,,,
13,,16319,,,,,,,,,,6.891787052154541e-08,,3.166496753692627e-08,,0.2755332589149475,,0.2558547556400299,,0.023125912994146347,,0.0007964509422890842,0.02016046643257141,,,,,,,,,,,,,,
13,,16329,,,,,,,,,,1.1175870895385742e-07,,1.1222437024116516e-07,,0.31074851751327515,,0.24635934829711914,,0.018795441836118698,,0.0005407618591561913,0.019124066457152367,,,,,,,,,,,,,,
13,,16337,,,,,,,,,,,,,,,,,,,,,,0.9922182559967041,1.0,1.0,0.9212272763252258,0.9064069390296936,0.9884448647499084,0.9995958209037781,0.02002447284758091,0.0,0.0,0.2942449152469635,0.2476261556148529,0.02244883030653,0.001006367732770741
13,,16337,0.9922970533370972,1.0,1.0,0.9231616258621216,0.9062550067901611,0.9886447787284851,0.999630868434906,0.020075010135769844,1.7205372841999633e-06,,1.0048736385215307e-06,,0.2924586236476898,,0.24952009320259094,,0.02327570877969265,,0.000776532047893852,,,,,,,,,,,,,,,,
,0.0001656792694901481,16338,,,,,,,,,,,,,,,,,,,,,,,,,,,,,,,,,,,
14,,16339,,,,,,,,,,5.591660737991333e-06,,3.864988684654236e-08,,0.2805767059326172,,0.25499850511550903,,0.02891360968351364,,0.0009745980496518314,0.02139854244887829,,,,,,,,,,,,,,
14,,16349,,,,,,,,,,2.8293579816818237e-06,,1.578591763973236e-07,,0.30947038531303406,,0.23501569032669067,,0.025189578533172607,,0.0007862480124458671,0.019960574805736542,,,,,,,,,,,,,,
14,,16359,,,,,,,,,,2.0675361156463623e-07,,4.7497451305389404e-08,,0.24224397540092468,,0.2578972280025482,,0.02073410525918007,,0.0011606274638324976,0.019690653309226036,,,,,,,,,,,,,,
14,,16369,,,,,,,,,,1.210719347000122e-07,,1.317821443080902e-07,,0.3266085982322693,,0.2337140142917633,,0.02312825806438923,,0.0002810789446812123,0.019334867596626282,,,,,,,,,,,,,,
14,,16379,,,,,,,,,,3.5762786865234375e-07,,1.2479722499847412e-07,,0.32212287187576294,,0.24182960391044617,,0.024884965270757675,,0.0007398542365990579,0.02033642865717411,,,,,,,,,,,,,,
14,,16389,,,,,,,,,,8.828938007354736e-07,,1.3457611203193665e-07,,0.27313297986984253,,0.26278552412986755,,0.01807914674282074,,0.00041284237522631884,0.019223013892769814,,,,,,,,,,,,,,
14,,16399,,,,,,,,,,2.942979335784912e-07,,3.110617399215698e-07,,0.345084547996521,,0.23630481958389282,,0.020805723965168,,0.0005426892312243581,0.019433584064245224,,,,,,,,,,,,,,
14,,16409,,,,,,,,,,1.1324882507324219e-06,,8.139759302139282e-07,,0.3056527376174927,,0.2549561858177185,,0.020943213254213333,,0.0007085686083883047,0.019996104761958122,,,,,,,,,,,,,,
14,,16419,,,,,,,,,,4.5262277126312256e-07,,1.51805579662323e-07,,0.3028096556663513,,0.24772199988365173,,0.02652493305504322,,0.0008219764567911625,0.020755494013428688,,,,,,,,,,,,,,
14,,16429,,,,,,,,,,3.166496753692627e-08,,2.183951437473297e-07,,0.30259135365486145,,0.24834145605564117,,0.019173583015799522,,0.0012735085329040885,0.019741997122764587,,,,,,,,,,,,,,
14,,16439,,,,,,,,,,6.332993507385254e-08,,8.521601557731628e-08,,0.316723495721817,,0.2389368861913681,,0.023221276700496674,,0.0006423987215384841,0.01975238136947155,,,,,,,,,,,,,,
14,,16449,,,,,,,,,,1.6763806343078613e-07,,3.3527612686157227e-08,,0.31078439950942993,,0.22589778900146484,,0.02275724709033966,,0.0007985824486240745,0.019101548939943314,,,,,,,,,,,,,,
14,,16459,,,,,,,,,,7.553026080131531e-06,,1.1455267667770386e-07,,0.2930932939052582,,0.25672459602355957,,0.018782271072268486,,0.0006033012759871781,0.019447559490799904,,,,,,,,,,,,,,
14,,16469,,,,,,,,,,5.587935447692871e-08,,2.7525238692760468e-06,,0.2668273448944092,,0.2562193274497986,,0.022389112040400505,,0.000613539363257587,0.01980011910200119,,,,,,,,,,,,,,
14,,16479,,,,,,,,,,3.3527612686157227e-08,,8.800998330116272e-08,,0.29464423656463623,,0.24682024121284485,,0.03042587637901306,,0.0007640296826139092,0.021305637434124947,,,,,,,,,,,,,,
14,,16489,,,,,,,,,,1.2293457984924316e-07,,2.6030465960502625e-07,,0.2727596163749695,,0.2481047362089157,,0.020469676703214645,,0.0006071835523471236,0.019124435260891914,,,,,,,,,,,,,,
14,,16499,,,,,,,,,,3.5762786865234375e-07,,5.4016709327697754e-08,,0.24669423699378967,,0.27661705017089844,,0.021494396030902863,,0.0004699192359112203,0.020244956016540527,,,,,,,,,,,,,,
14,,16509,,,,,,,,,,2.0675361156463623e-07,,3.3993273973464966e-08,,0.31161102652549744,,0.2569807171821594,,0.019619669765233994,,0.0006161979399621487,0.019843343645334244,,,,,,,,,,,,,,
14,,16519,,,,,,,,,,1.341104507446289e-07,,3.771856427192688e-08,,0.29333728551864624,,0.24955204129219055,,0.025228962302207947,,0.00042102328734472394,0.020186426118016243,,,,,,,,,,,,,,
14,,16529,,,,,,,,,,2.9653310775756836e-06,,3.6973506212234497e-07,,0.28652578592300415,,0.2559847831726074,,0.02371062897145748,,0.0009310877649113536,0.020506080240011215,,,,,,,,,,,,,,
14,,16539,,,,,,,,,,6.51925802230835e-08,,2.798624336719513e-07,,0.2433844804763794,,0.2738983631134033,,0.02304888144135475,,0.0008746494422666728,0.020673848688602448,,,,,,,,,,,,,,
14,,16549,,,,,,,,,,1.3969838619232178e-07,,3.6265701055526733e-06,,0.2831488251686096,,0.23514077067375183,,0.02757638320326805,,0.0004223357536830008,0.01983254961669445,,,,,,,,,,,,,,
14,,16559,,,,,,,,,,1.356564462184906e-05,,1.017935574054718e-06,,0.3133872151374817,,0.2416689097881317,,0.01958058588206768,,0.0005860608071088791,0.019116323441267014,,,,,,,,,,,,,,
14,,16569,,,,,,,,,,4.302710294723511e-07,,2.0908191800117493e-07,,0.29700154066085815,,0.26448407769203186,,0.018744394183158875,,0.0004742817545775324,0.019753286615014076,,,,,,,,,,,,,,
14,,16579,,,,,,,,,,8.575618267059326e-06,,7.366761565208435e-07,,0.27628904581069946,,0.2714692950248718,,0.025062957778573036,,0.0009725990239530802,0.021396871656179428,,,,,,,,,,,,,,
14,,16589,,,,,,,,,,3.7066638469696045e-07,,5.094334483146667e-07,,0.27092593908309937,,0.25045859813690186,,0.02592797763645649,,0.0006156177259981632,0.020243313163518906,,,,,,,,,,,,,,
14,,16599,,,,,,,,,,1.0356307029724121e-06,,1.2991949915885925e-07,,0.30393078923225403,,0.24477288126945496,,0.026153139770030975,,0.0016367345815524459,0.021171852946281433,,,,,,,,,,,,,,
14,,16609,,,,,,,,,,8.642673492431641e-07,,4.470348358154297e-08,,0.28844085335731506,,0.25225260853767395,,0.020943164825439453,,0.0010233285138383508,0.01990370824933052,,,,,,,,,,,,,,
14,,16619,,,,,,,,,,6.183981895446777e-07,,3.958120942115784e-08,,0.258388489484787,,0.25623446702957153,,0.02871258556842804,,0.000921549741178751,0.021118909120559692,,,,,,,,,,,,,,
14,,16629,,,,,,,,,,8.046627044677734e-07,,1.802109181880951e-07,,0.2866373658180237,,0.2529946565628052,,0.024095769971609116,,0.0006459517171606421,0.020225515589118004,,,,,,,,,,,,,,
14,,16639,,,,,,,,,,7.282942533493042e-07,,2.6030465960502625e-07,,0.2918326258659363,,0.2501654326915741,,0.023079130798578262,,0.0004856534069404006,0.01984284073114395,,,,,,,,,,,,,,
14,,16649,,,,,,,,,,9.723007678985596e-07,,1.1455267667770386e-07,,0.2955820560455322,,0.24723410606384277,,0.020550545305013657,,0.0002974972012452781,0.019133973866701126,,,,,,,,,,,,,,
14,,16659,,,,,,,,,,1.5273690223693848e-07,,1.30385160446167e-07,,0.3464624285697937,,0.22664332389831543,,0.023746713995933533,,0.001001350348815322,0.019892392680048943,,,,,,,,,,,,,,
14,,16669,,,,,,,,,,2.1979212760925293e-07,,1.7695128917694092e-07,,0.29440009593963623,,0.2495265007019043,,0.021711193025112152,,0.0005178459687158465,0.019610578194260597,,,,,,,,,,,,,,
14,,16679,,,,,,,,,,4.7497451305389404e-07,,2.407468855381012e-07,,0.2977636456489563,,0.23932060599327087,,0.02718503586947918,,0.0006428391207009554,0.020291849970817566,,,,,,,,,,,,,,
14,,16689,,,,,,,,,,9.629875421524048e-07,,8.242204785346985e-08,,0.2896161675453186,,0.23541259765625,,0.023579951375722885,,0.001470054965466261,0.019957561045885086,,,,,,,,,,,,,,
14,,16699,,,,,,,,,,9.890645742416382e-07,,8.521601557731628e-08,,0.3020562529563904,,0.23937243223190308,,0.021273158490657806,,0.000943943508900702,0.019461732357740402,,,,,,,,,,,,,,
14,,16709,,,,,,,,,,1.0244548320770264e-07,,8.940696716308594e-08,,0.2981075644493103,,0.2488907128572464,,0.024206509813666344,,0.0010305354371666908,0.020476823672652245,,,,,,,,,,,,,,
14,,16719,,,,,,,,,,3.1478703022003174e-07,,1.648440957069397e-07,,0.3039788603782654,,0.23928476870059967,,0.025017090141773224,,0.0009362135315313935,0.020176516845822334,,,,,,,,,,,,,,
14,,16729,,,,,,,,,,1.471489667892456e-07,,9.918585419654846e-08,,0.3034559488296509,,0.24258878827095032,,0.022053435444831848,,0.000664988998323679,0.019566012546420097,,,,,,,,,,,,,,
14,,16739,,,,,,,,,,1.1734664440155029e-07,,6.472691893577576e-08,,0.2843284010887146,,0.251740038394928,,0.020823217928409576,,0.0008570679929107428,0.01968424953520298,,,,,,,,,,,,,,
14,,16749,,,,,,,,,,5.252659320831299e-07,,3.841705620288849e-07,,0.29007488489151,,0.2549617886543274,,0.021378859877586365,,0.0006134932627901435,0.01982414722442627,,,,,,,,,,,,,,
14,,16759,,,,,,,,,,8.568167686462402e-08,,2.9336661100387573e-08,,0.2632859945297241,,0.26356008648872375,,0.021026376634836197,,0.000455827743280679,0.019728895276784897,,,,,,,,,,,,,,
14,,16769,,,,,,,,,,2.7939677238464355e-07,,5.494803190231323e-08,,0.3156341016292572,,0.24842827022075653,,0.02422334812581539,,0.00041642654105089605,0.020203042775392532,,,,,,,,,,,,,,
14,,16779,,,,,,,,,,3.5762786865234375e-07,,2.314336597919464e-07,,0.28462082147598267,,0.25985535979270935,,0.02330854907631874,,0.0007901531644165516,0.020484089851379395,,,,,,,,,,,,,,
14,,16789,,,,,,,,,,2.812594175338745e-07,,3.2316893339157104e-07,,0.2963549494743347,,0.2297096848487854,,0.027245309203863144,,0.0002274452126584947,0.01952439919114113,,,,,,,,,,,,,,
14,,16799,,,,,,,,,,1.3969838619232178e-07,,1.0016374289989471e-06,,0.2904977798461914,,0.2587429881095886,,0.029211347922682762,,0.000966983032412827,0.021740524098277092,,,,,,,,,,,,,,
14,,16809,,,,,,,,,,1.825392246246338e-07,,8.335337042808533e-08,,0.3132552206516266,,0.23830705881118774,,0.02406851202249527,,0.0007601151010021567,0.01992940343916416,,,,,,,,,,,,,,
14,,16819,,,,,,,,,,7.078051567077637e-08,,3.976747393608093e-07,,0.2730408012866974,,0.25104522705078125,,0.02601856365799904,,0.000976581941358745,0.020583385601639748,,,,,,,,,,,,,,
14,,16829,,,,,,,,,,2.905726432800293e-07,,7.543712854385376e-08,,0.31358715891838074,,0.24396981298923492,,0.029211293905973434,,0.0009963109623640776,0.021340494975447655,,,,,,,,,,,,,,
14,,16839,,,,,,,,,,1.862645149230957e-08,,5.21540641784668e-08,,0.2634870111942291,,0.2604002356529236,,0.017757399007678032,,0.0006733150221407413,0.01913316920399666,,,,,,,,,,,,,,
14,,16849,,,,,,,,,,1.0617077350616455e-07,,3.725290298461914e-08,,0.31008172035217285,,0.23175495862960815,,0.022745564579963684,,0.0008052327902987599,0.019370730966329575,,,,,,,,,,,,,,
14,,16859,,,,,,,,,,8.381903171539307e-07,,4.98257577419281e-08,,0.2878270149230957,,0.25174281001091003,,0.02758190594613552,,0.00094044697470963,0.02105550281703472,,,,,,,,,,,,,,
14,,16869,,,,,,,,,,5.62518835067749e-07,,2.407468855381012e-07,,0.3150663375854492,,0.23093605041503906,,0.02400266006588936,,0.0006226878613233566,0.019489586353302002,,,,,,,,,,,,,,
14,,16879,,,,,,,,,,8.568167686462402e-08,,6.798654794692993e-08,,0.31850188970565796,,0.2426033765077591,,0.02440483123064041,,0.00047579954843968153,0.02004212699830532,,,,,,,,,,,,,,
14,,16889,,,,,,,,,,7.078051567077637e-08,,2.4354085326194763e-07,,0.31506863236427307,,0.23172789812088013,,0.01952427253127098,,0.0006478211143985391,0.018705690279603004,,,,,,,,,,,,,,
14,,16899,,,,,,,,,,1.471489667892456e-07,,2.752058207988739e-07,,0.27531763911247253,,0.2599976062774658,,0.02558894269168377,,0.0005037409719079733,0.020594527944922447,,,,,,,,,,,,,,
14,,16909,,,,,,,,,,1.4901161193847656e-07,,3.14321368932724e-07,,0.32257816195487976,,0.2466539740562439,,0.01853252947330475,,0.0008355312165804207,0.01944836415350437,,,,,,,,,,,,,,
14,,16919,,,,,,,,,,6.705522537231445e-08,,1.0291114449501038e-07,,0.2655313014984131,,0.27623414993286133,,0.020307518541812897,,0.0008971979259513319,0.02054574526846409,,,,,,,,,,,,,,
14,,16929,,,,,,,,,,1.1548399925231934e-07,,3.236345946788788e-07,,0.28258055448532104,,0.24337267875671387,,0.03279867023229599,,0.0008009034208953381,0.021475257351994514,,,,,,,,,,,,,,
14,,16939,,,,,,,,,,1.3783574104309082e-07,,6.379559636116028e-08,,0.3033551573753357,,0.24546170234680176,,0.021675625815987587,,0.00023785661323927343,0.019308246672153473,,,,,,,,,,,,,,
14,,16949,,,,,,,,,,1.3783574104309082e-07,,4.190951585769653e-08,,0.32506272196769714,,0.23647786676883698,,0.024052778258919716,,0.0006679185316897929,0.019909923896193504,,,,,,,,,,,,,,
14,,16959,,,,,,,,,,4.5634806156158447e-07,,1.5040859580039978e-07,,0.3166956901550293,,0.25940603017807007,,0.01704747974872589,,0.0007501952350139618,0.019634777680039406,,,,,,,,,,,,,,
14,,16969,,,,,,,,,,2.598389983177185e-06,,5.718320608139038e-07,,0.303590327501297,,0.24681413173675537,,0.019883636385202408,,0.0007024627411738038,0.019386878237128258,,,,,,,,,,,,,,
14,,16979,,,,,,,,,,4.49642539024353e-06,,2.1187588572502136e-07,,0.2632927894592285,,0.2510024309158325,,0.026742015033960342,,0.0014188782079145312,0.020934604108333588,,,,,,,,,,,,,,
14,,16989,,,,,,,,,,3.390014171600342e-07,,2.915039658546448e-07,,0.283027708530426,,0.24329426884651184,,0.02376362308859825,,0.0006701528327539563,0.01968425139784813,,,,,,,,,,,,,,
14,,16999,,,,,,,,,,1.862645149230957e-07,,7.217749953269958e-08,,0.30120694637298584,,0.24456435441970825,,0.022838078439235687,,0.0005435706116259098,0.019688347354531288,,,,,,,,,,,,,,
14,,17009,,,,,,,,,,1.440383493900299e-05,,1.8952414393424988e-07,,0.2738029360771179,,0.24931207299232483,,0.026103928685188293,,0.0004139846423640847,0.02010502479970455,,,,,,,,,,,,,,
14,,17019,,,,,,,,,,1.7911195755004883e-05,,6.09084963798523e-07,,0.2624317705631256,,0.26276588439941406,,0.01951976865530014,,0.0002541018766351044,0.019247770309448242,,,,,,,,,,,,,,
14,,17029,,,,,,,,,,1.1995434761047363e-06,,7.874332368373871e-07,,0.327249675989151,,0.23137027025222778,,0.0206136591732502,,0.0005704099894501269,0.018977943807840347,,,,,,,,,,,,,,
14,,17039,,,,,,,,,,0.00012406334280967712,,1.23586505651474e-06,,0.3101593852043152,,0.24630509316921234,,0.036805160343647,,0.0006640747305937111,0.022584863007068634,,,,,,,,,,,,,,
14,,17049,,,,,,,,,,1.1362135410308838e-06,,9.471550583839417e-07,,0.3065102696418762,,0.24372796714305878,,0.023919513449072838,,0.0009707205463200808,0.02023455873131752,,,,,,,,,,,,,,
14,,17059,,,,,,,,,,2.5723129510879517e-06,,3.105960786342621e-07,,0.3027662932872772,,0.24363242089748383,,0.02500227838754654,,0.001059328787960112,0.020455732941627502,,,,,,,,,,,,,,
14,,17069,,,,,,,,,,2.5704503059387207e-07,,2.421438694000244e-08,,0.2905607223510742,,0.25792789459228516,,0.019539687782526016,,0.0005382297676987946,0.019567519426345825,,,,,,,,,,,,,,
14,,17079,,,,,,,,,,7.80448317527771e-07,,8.055940270423889e-08,,0.2561008632183075,,0.25371599197387695,,0.020907051861286163,,0.0010023711947724223,0.01957074925303459,,,,,,,,,,,,,,
14,,17089,,,,,,,,,,1.6296282410621643e-05,,2.668239176273346e-07,,0.3203737139701843,,0.23130565881729126,,0.02192581258714199,,0.0008933227509260178,0.01938265934586525,,,,,,,,,,,,,,
14,,17099,,,,,,,,,,2.644956111907959e-07,,1.2433156371116638e-07,,0.2678970694541931,,0.24991926550865173,,0.02794991061091423,,0.0007486178074032068,0.020661501213908195,,,,,,,,,,,,,,
14,,17109,,,,,,,,,,1.914799213409424e-06,,3.0919909477233887e-07,,0.2779521048069,,0.26038387417793274,,0.019953178241848946,,0.0011869645677506924,0.020099099725484848,,,,,,,,,,,,,,
14,,17119,,,,,,,,,,1.9185245037078857e-07,,9.778887033462524e-08,,0.2734829783439636,,0.2619446814060211,,0.022272218018770218,,0.0009518120205029845,0.020378412678837776,,,,,,,,,,,,,,
14,,17129,,,,,,,,,,1.7415732145309448e-06,,1.1781230568885803e-07,,0.3220268189907074,,0.2364645004272461,,0.0255865678191185,,0.0002376164629822597,0.019838564097881317,,,,,,,,,,,,,,
14,,17139,,,,,,,,,,7.841736078262329e-07,,3.57162207365036e-07,,0.2896310091018677,,0.26231223344802856,,0.018846910446882248,,0.000275148922810331,0.01943490281701088,,,,,,,,,,,,,,
14,,17149,,,,,,,,,,2.6104971766471863e-05,,1.3331882655620575e-06,,0.2727394104003906,,0.26025891304016113,,0.02193816378712654,,0.0009568422101438046,0.02023180015385151,,,,,,,,,,,,,,
14,,17159,,,,,,,,,,1.8768012523651123e-05,,1.4621764421463013e-07,,0.2950025796890259,,0.2544082999229431,,0.019886596128344536,,0.0005738302716054022,0.019546346738934517,,,,,,,,,,,,,,
14,,17169,,,,,,,,,,5.085021257400513e-07,,6.51925802230835e-08,,0.30430421233177185,,0.2459181547164917,,0.018356595188379288,,0.0006375379161909223,0.019018137827515602,,,,,,,,,,,,,,
14,,17179,,,,,,,,,,4.4330954551696777e-07,,1.19674950838089e-07,,0.3130221962928772,,0.22708599269390106,,0.026591993868350983,,0.0011049567256122828,0.0201325174421072,,,,,,,,,,,,,,
14,,17189,,,,,,,,,,1.3727694749832153e-06,,4.889443516731262e-08,,0.27569934725761414,,0.2527197599411011,,0.01741967350244522,,0.0013223744463175535,0.019339781254529953,,,,,,,,,,,,,,
14,,17199,,,,,,,,,,4.112720489501953e-06,,1.19674950838089e-07,,0.3255491256713867,,0.23090259730815887,,0.022319549694657326,,0.0011311561102047563,0.019676677882671356,,,,,,,,,,,,,,
14,,17209,,,,,,,,,,7.245689630508423e-07,,7.217749953269958e-08,,0.31638303399086,,0.23919346928596497,,0.02258201315999031,,0.0004586542781908065,0.019502688199281693,,,,,,,,,,,,,,
14,,17219,,,,,,,,,,4.991888999938965e-06,,1.0244548320770264e-07,,0.2796984016895294,,0.25721222162246704,,0.0238589346408844,,0.0008844418916851282,0.02047642320394516,,,,,,,,,,,,,,
14,,17229,,,,,,,,,,4.801899194717407e-06,,4.66126948595047e-07,,0.3176192045211792,,0.23942719399929047,,0.024443062022328377,,0.0003188494883943349,0.01977229304611683,,,,,,,,,,,,,,
14,,17239,,,,,,,,,,2.5853514671325684e-06,,1.564621925354004e-07,,0.2547900974750519,,0.2708526849746704,,0.02295493707060814,,0.0005547577748075128,0.020407145842909813,,,,,,,,,,,,,,
14,,17249,,,,,,,,,,7.4338167905807495e-06,,1.4202669262886047e-07,,0.2740432322025299,,0.25097736716270447,,0.022778283804655075,,0.0007829001406207681,0.019838960841298103,,,,,,,,,,,,,,
14,,17259,,,,,,,,,,5.21540641784668e-08,,3.864988684654236e-08,,0.2944943904876709,,0.24935051798820496,,0.027419311925768852,,0.0005673559498973191,0.020711107179522514,,,,,,,,,,,,,,
14,,17269,,,,,,,,,,6.284564733505249e-06,,4.377216100692749e-08,,0.2617061734199524,,0.2624441683292389,,0.025266233831644058,,0.0009003601153381169,0.02078671008348465,,,,,,,,,,,,,,
14,,17279,,,,,,,,,,1.1734664440155029e-07,,4.1443854570388794e-08,,0.27407020330429077,,0.2608991861343384,,0.02259841188788414,,0.0006938974838703871,0.0202039685100317,,,,,,,,,,,,,,
14,,17289,,,,,,,,,,8.568167686462402e-08,,7.776543498039246e-08,,0.32054799795150757,,0.2245834767818451,,0.024315375834703445,,0.0007981876260600984,0.019446296617388725,,,,,,,,,,,,,,
14,,17299,,,,,,,,,,1.2852251529693604e-07,,9.42964106798172e-07,,0.2892684042453766,,0.2453184723854065,,0.02312585338950157,,0.0007093835156410933,0.019762128591537476,,,,,,,,,,,,,,
14,,17309,,,,,,,,,,1.7881393432617188e-07,,2.561137080192566e-07,,0.332498162984848,,0.24720337986946106,,0.01911565288901329,,0.00037079304456710815,0.01935112662613392,,,,,,,,,,,,,,
14,,17319,,,,,,,,,,1.0803341865539551e-07,,1.587904989719391e-07,,0.290467768907547,,0.2529071569442749,,0.021056804805994034,,0.0005002382677048445,0.01958705484867096,,,,,,,,,,,,,,
14,,17329,,,,,,,,,,1.4901161193847656e-07,,4.7963112592697144e-08,,0.2701892554759979,,0.2543807029724121,,0.02869473770260811,,0.0004217681707814336,0.02079204097390175,,,,,,,,,,,,,,
14,,17339,,,,,,,,,,4.78699803352356e-07,,6.51925802230835e-08,,0.3228643536567688,,0.23686358332633972,,0.0251460038125515,,0.00080742227146402,0.020211925730109215,,,,,,,,,,,,,,
14,,17349,,,,,,,,,,1.085922122001648e-06,,1.5087425708770752e-07,,0.3001209497451782,,0.23962509632110596,,0.024257205426692963,,0.0013891643611714244,0.020344536751508713,,,,,,,,,,,,,,
14,,17359,,,,,,,,,,1.2665987014770508e-07,,1.103617250919342e-07,,0.2831227779388428,,0.24690867960453033,,0.022869018837809563,,0.0008619674481451511,0.019830947741866112,,,,,,,,,,,,,,
14,,17369,,,,,,,,,,2.2351741790771484e-07,,1.0896474123001099e-07,,0.26727020740509033,,0.2481117844581604,,0.025833090767264366,,0.0011830241419374943,0.02049829065799713,,,,,,,,,,,,,,
14,,17379,,,,,,,,,,6.146728992462158e-08,,9.499490261077881e-08,,0.3328922688961029,,0.22339601814746857,,0.0188303105533123,,0.0004063607193529606,0.01821267232298851,,,,,,,,,,,,,,
14,,17389,,,,,,,,,,1.1622905731201172e-06,,1.4016404747962952e-07,,0.2990061044692993,,0.2515803873538971,,0.024512501433491707,,0.0008803423261269927,0.020558180287480354,,,,,,,,,,,,,,
14,,17399,,,,,,,,,,3.8370490074157715e-07,,7.776543498039246e-08,,0.2637561559677124,,0.26350677013397217,,0.02232685126364231,,0.0008268986130133271,0.02025417611002922,,,,,,,,,,,,,,
14,,17409,,,,,,,,,,1.3597309589385986e-07,,3.958120942115784e-08,,0.265697717666626,,0.2741851210594177,,0.021763484925031662,,0.0014097974635660648,0.02110922895371914,,,,,,,,,,,,,,
14,,17419,,,,,,,,,,8.23289155960083e-07,,8.149072527885437e-08,,0.31656143069267273,,0.23774690926074982,,0.028751952573657036,,0.0005306869861669838,0.020648138597607613,,,,,,,,,,,,,,
14,,17429,,,,,,,,,,7.320195436477661e-07,,2.835877239704132e-07,,0.30005431175231934,,0.24702922999858856,,0.019044073298573494,,0.00039220062899403274,0.018965302035212517,,,,,,,,,,,,,,
14,,17439,,,,,,,,,,4.706904292106628e-06,,2.3562461137771606e-07,,0.32062774896621704,,0.24779559671878815,,0.01833057776093483,,0.00028359051793813705,0.0190271008759737,,,,,,,,,,,,,,
14,,17449,,,,,,,,,,2.2174790501594543e-05,,8.987262845039368e-08,,0.31655681133270264,,0.24807780981063843,,0.021345127373933792,,0.000658557575661689,0.019839288666844368,,,,,,,,,,,,,,
14,,17459,,,,,,,,,,9.294599294662476e-07,,4.842877388000488e-08,,0.33609825372695923,,0.24595777690410614,,0.021581511944532394,,0.0005999368731863797,0.019969284534454346,,,,,,,,,,,,,,
14,,17469,,,,,,,,,,4.0978193283081055e-08,,8.475035429000854e-08,,0.27786785364151,,0.25240129232406616,,0.02056436985731125,,0.001126430812291801,0.01979305036365986,,,,,,,,,,,,,,
14,,17479,,,,,,,,,,7.450580596923828e-08,,2.7008354663848877e-07,,0.3522011637687683,,0.22836242616176605,,0.020765449851751328,,0.000841888424474746,0.01936151273548603,,,,,,,,,,,,,,
14,,17489,,,,,,,,,,5.6549906730651855e-06,,1.2479722499847412e-07,,0.291851282119751,,0.24269703030586243,,0.023319071158766747,,0.0007945522665977478,0.01976962760090828,,,,,,,,,,,,,,
14,,17499,,,,,,,,,,5.191192030906677e-06,,2.584420144557953e-07,,0.28346672654151917,,0.25189781188964844,,0.022078515961766243,,0.0006503923214040697,0.019761931151151657,,,,,,,,,,,,,,
14,,17504,,,,,,,,,,,,,,,,,,,,,,0.9922332763671875,1.0,1.0,0.9212272763252258,0.9070329070091248,0.9883939027786255,0.999589741230011,0.01991109549999237,0.0,0.0,0.2936229407787323,0.24707946181297302,0.021948492154479027,0.001024205586872995
14,,17504,0.992336094379425,1.0,1.0,0.9231616258621216,0.9063041806221008,0.9887858033180237,0.9996427893638611,0.01992691121995449,2.1801263301313156e-06,,5.511705580829585e-07,,0.29231715202331543,,0.24913594126701355,,0.022774633020162582,,0.0007306149927899241,,,,,,,,,,,,,,,,
