generated_index,hash,matched_split,matched_dataset_indices,num_dataset_matches
0,bc4136dda336fd9b1435c8880f8e5fe182d55961,train,33648 33655,2
1,b0b6d157dad0b753389f61a6c1243d131b3e2cbb,train,61021,1
3,6e506bf05d7e1f5076604745490290fbce032e0c,train,6992 6999,2
4,af0d95ea7801bec432280f1ce9313d2887fe65ed,train,21372 21374,2
5,53f2ea64c0d2496f463ebef8437cbf1456216389,train,67741,1
6,7797707b3fb19bac729067ba58cc705cdbdd38f6,train,16060 16062,2
7,d26826b4b4c5eb9bdea13a9000fdf212d36cdafe,train,24535,1
10,cd69d77d3bba66b65458a767645bb6d30109edc1,train,88350,1
11,1780cee4e04208fd8f5ccd12d2bdfa7a1a3068fb,train,33384,1
12,c7e15b8d15099c9b82351093c7278ca64c957df8,train,84399,1
13,63f3961b9dc511fe97400f05ad9f34175c6f0d6a,train,56250,1
14,fbec11aaa73f70641ae3fc9e1ffb10d7ca7c6512,train,38501,1
15,ba5ea26bef325219218dcf5c67c529673e004838,train,13764 13766,2
16,02488a55ff90a56b3a0a1a5e18a45de0fe96ec12,train,73481,1
17,de2c015d0fd6b21d4070b6422692c3f9e8659628,train,70486,1
18,4ef81cf435663c2966d6ad2973cf9b68c548444e,train,86034,1
19,652707175ddb26eaf6dfe1d4bea5ba1738c9cd6c,train,39825,1
21,ab2a43a8bdcaf6dc562693f7206e05a173be90df,train,76652 76654,2
23,053723703ab7ef51683528f3c6e5e6dd5ee1b6b5,train,79712 79719,2
24,76b758074782f177f3b09ceeb990e0a84b2aa20d,train,69701,1
25,e4acaa53d848178be07f46466575eadae238965c,train,44572 44574,2
28,9aa8b0192c26b95ddca0867d87d2a65322a659ef,train,61849,1
29,7d8fe1aa6ae7166f99352b157d364f81df34f57f,train,35769,1
30,790450941350d538fa66f5c78cca79e22026bd83,train,92313,1
31,9fa0fa3c1464b4d52d6d0d4ce118c8aa07320334,train,42619,1
32,ad3a1ab35f7d9422ffea16b44f8ee437af60a05e,train,7428 7430,2
33,574bb22741b3607692820b962972de661fd07d48,train,42586,1
34,d58ed717700dc0e819c63b243e824273ac40794f,train,20868 20870,2
35,d401d9df0c36b4ad574322e0f982c94bb1fc4038,train,15787,1
37,605f0ccc792d700777eae19495ea07f79a269fc4,train,66059,1
38,f5715e19b2319b8816b2534d452af478e1300470,train,81006,1
40,8ec930dd036c2aa718d0552f82283747063530c6,train,48148 48150,2
41,651da020f9df8f77a371abde905c232fa9345eca,train,69299,1
42,2642979a2f34730db1b6b16123b92ac615e274ea,train,8474,1
44,91c1ef613a850aebaf24db5806eaf0b5ef209c3c,train,12971,1
45,ad2695bf654419b67c52e05211a98641e6001926,train,57073,1
46,a9c3b842179dc0b0fcb83a5b7ffb40524e6c2519,train,47921,1
47,501172127fbe98602709e49bf80eec5964689fcc,train,70712,1
48,2552e81e5ed7f919c0699b892edc225f39d9fd6d,train,62028 62030,2
49,2016ef5ae6fb2fec7f287874ff1b8341a43be219,train,46170,1
50,ae26d50df1a315e3e65d2eb4f50c0491bff8ca22,train,81730,1
51,5ef3fdd3849dfb231da7f6dd7306b21ba881a089,train,74658,1
52,63ed3c2c576fff1b50f65b78a74a32c7f26cfe50,train,51785,1
54,c8b1582e46fc573e04fff95225ce071aad79e6d2,train,83464 83471,2
55,d164a0a098af4c52511358b1c9d7ac8bd467879a,train,50596,1
57,3bc9c006c829fb7f0d51b865014556c2bc13b399,train,9928,1
58,1ea5d7f07eb6374f4eeed2ae6c0430632f563a5a,train,30548,1
59,996233c263396a2c2e10445bbb43b0f1517efdde,train,92848,1
60,bac183df971f9c311042263b0634cb67ea8a781e,train,43369,1
61,1fc96aee3848548b2658fc5d0cf0daa1467d61a9,train,46312,1
62,dde8877fe9acc5f59c19f4bc6ef48df95a622e20,train,29587,1
63,ca560a63cfcd57405d8b13a23f8213170b522bde,train,42076,1
64,91bcab53051cebef40c68e72a3676d758db68201,train,29514,1
65,43b44de8bfd7d5e0e2f1b6f3997c8d95b1e03f8b,train,9539,1
66,db0e5a62fc25c2f0c0421c9323d10733e29c4e76,train,5471,1
68,667fea6b9ec3bbf7a17498cefb4cd29a6e536732,train,41527,1
70,64afa36236966c21dbecbd02c3bc1281501b35f1,train,68180,1
71,7012d9e1a7b54d67e3f00231eab209f96d252771,train,1831,1
72,3320689a7889ce278d23f7e20b6620f82ddc41eb,train,33505,1
73,555a54b80d3a99b520feaf5b1765123a3bd64785,train,27306,1
74,ef966638d271cb29332d1f4a33e604e0047b5eae,train,39353,1
75,6a103bc58079c0c89a35b7a8f022abb3a45d8578,train,91012 91014,2
80,66352a4fb0c784401a7ba192d9079ff765cf4bce,train,82892 82894,2
81,8623684212681b90830f80111dcf02f05cf2ea29,train,90844 90846,2
82,eca7a95bb79c4d5fc85f938efe1adcdff20795b1,train,493,1
84,b8e13b33a5cf2a27123e87d9739dec3a29d52d44,train,8632 76424 76431,3
86,cd48e5697b200a1ae775e329cf4eaac7bbc52793,train,47938,1
87,725b14eb58b4e593c00cdbf6335fad7224163511,train,17762,1
88,75ebe0c573c6d9b4f4d21cdae93fa6ceb580c95b,train,38276 38278,2
89,0a8380a05bf97a6dae7617269d0607274ecc49ee,train,83180,1
90,ceea756246050e43f84e9e310e434677aebc40b2,train,61854,1
92,4fb84029ac2ff68ea87df5f1710a647dbbb188db,train,77372,1
93,7eab49a33ade331c9f5ab954c7e3424fb50d2b43,train,41617,1
95,e39f120529cae6b696e44d86075df139c440c980,train,7630,1
96,07fe029c93a547309a487576672857f0f600ed8a,train,21063,1
98,802385ea28dbd968886cc94f91a48ef07e84585b,train,34839,1
102,3a951686606425c65669c81ad52a3bfd18cb410f,train,36250,1
103,faf93808591c8c9230d40f900379040de312c785,train,29237,1
104,e63752757f2383f2994693a3e3ace4d96acc95b5,train,85508,1
105,6ca4647c7fdd5781c335c94a75f0c8448ef92b9b,train,32068 32070,2
106,d50e3f2ea8ebf2a7a083171a5aaa5a1f8433005c,train,43640 43647,2
107,faadbc394bbd1beea73f1afc663aea08354b2f56,train,26691,1
109,6e54cc842051f99505eebb1f9d230c65eb6d8e1e,train,61943,1
110,950bcf12177c88e18377eafb196b9a546fab2251,train,76561,1
111,7608e12581eaad99e3eb1976b5eaa2c1fe5b25ca,train,1828,1
113,8f9aa9bfe0b8447e3649ea28bc6402fed77a1fee,train,16436 16438,2
115,898073d8837cafe8acae7e8febcd0bdeb71a3463,train,2457,1
116,dba0eaa34060d2c7b644b87b8e2737d543d0eb9c,train,16612 16614,2
117,7cd09b8f382d3cecb021e980ba28149e6fc78208,train,90044 90046,2
118,e6b0f0df7a602c355bab221fa257126ff51db3ad,train,22516,1
120,39e287cb8df2ce5aa0a8c9b1e294b2eec08014ed,train,58796 58798,2
121,3db7eb4dd8e9645240feac3e4aff9161c68ea830,train,44427,1
122,e4acaa53d848178be07f46466575eadae238965c,train,44572 44574,2
124,b06aa216d3ebd12c999bf4cabb2d2dfb28aeaad8,train,71400 71407 79288,3
125,b05a30fb67edc25cc664a6e1bce80f0902cf5ab5,train,78815,1
127,05a1769e0d567d63267d3b8bd58a24cef6e1b7ce,train,22877,1
128,52fde8da1bda88eb92418973d66cb30f25ea280d,train,65213,1
129,c2b196aefbb6401f2ca016e075545e1f78c3c36d,train,7285,1
130,ec7efbfff73dcb4a65f1203d9132d12c10ca7783,train,82003,1
133,11398cad6b4657847499de80039e8cf03c356f8e,train,73493,1
137,f44e67cc6695354deb5304c70f4d1d30112f30f7,train,57057,1
138,5fed0882b0fafeed090468b78d5fe6e049df9b0d,train,67220 67222,2
140,62a3bcfa0aa2513fbbbdc65a7eb993734d533b0f,train,45208,1
141,83c391a02ceb31ffefc7a3d93d58174dede1dfa1,train,64579,1
142,899b48e2f6ac22ff53bc97746cb2cb89a513dca5,train,67605,1
143,4e78df6dc8f7101b74c0484cc604a5545d4789cb,train,56168 56175,2
145,6debcd2ed75fd96009031d3553bdec2fa538e4df,train,19983,1
146,8bba7c605f38538560b4a88e0dad087669eaf500,train,34160,1
147,552dba869ed23590a72ea1d06cc980c6af9bf1d7,train,92020 92022,2
148,7129c5ad295a823b40ae00e41c4541e2b191bc76,train,81976 81983,2
151,48ab9bb92e72526233996891ed29bd7dc4820a40,train,75052 75054,2
152,dbb47be00de8ded076ffc0eca70ee930891ff67f,train,7398,1
153,17a45c3c081c88e011700a789e11cd2d581c12a4,train,82746,1
154,0b562f629b1bf4a35fb72b49d7e1d9659bfeb8c3,train,76936 86272 86279,3
155,f1f6f0a676c2eb10e9f19b56dee280e0b2ee0fa2,train,71689,1
157,ddaebb27626f718ac2a3e224cd298f11bf90bf19,train,35650,1
158,053fdde74177f633a7756ee40f94dd3f2456aff2,train,51184 51191,2
160,4855d9dd9b09d4df54e9d6d808da87af45a8318a,train,52117,1
161,58427244fdcae64d6d817754309390ef68b6a560,train,10204 10206,2
163,802f186ce37a19bd6e9ade3b4a048f2b7da053be,train,49128,1
164,c933b0cba010c695a4a3428b86a97609a318cc06,train,44537,1
166,16bf24e4c919443f975b8be0bd97bc42d43919fd,train,90272,1
167,454a89de39217086888f2296360c7bf736dce20d,train,15872,1
169,38a6d54e98d7a32ec5c1001bbd19a899990c104b,train,80468,1
170,72a00860f63e4198bd58a5a9321b4655a613e368,train,6388 6390,2
172,7f540ed47f44d9dcce411be77775e4912fe49d19,train,87435,1
174,bb87b6e7a0f6e28fc1aee6d4fb3185bafb526f6e,train,51737,1
176,177e058f31387c21eb1d53500b12b1c08edc7dc5,train,73467,1
177,f209502a287d81b6186163a225305784fc8589ff,train,59675,1
178,48395a847de4e7167f88d46378b82d49040254c7,train,86776 86783,2
179,9e4b97480eb2d20345c078a769760343f1fec47a,train,48906,1
180,c842b1a1320e165a48837837ded50b84e7381ff7,train,10874,1
182,220a2b349e242feee2378b06de02c4adbb5c2feb,train,12299,1
183,c5db08f08b338a917217ea42474255f90d6e0481,train,51047,1
184,cf0c4e51f7ccc4e06cab1215c4e4013c055249dc,train,52052 52054,2
185,3e14009569fb6106e7710eb90e07ed7d1c54d0d5,train,28436 28438,2
186,af2ffdbfd1e1a1f97273f81fd5949d86fc6206df,train,83338,1
187,23008d0671cc4de3be693d93fc124b86a1b6594e,train,22765,1
188,9fad154ac60e3e13e5f9f0c2c533786bd4d14d41,train,50199,1
189,d55d73167fc9ac18d9a886d408fa59a0e76ed7f5,train,30712,1
190,9959430bf5a88fb3fb545bffae63460c4b22ea2c,train,64400,1
191,1d6c3a56009299d27fe232f1966e77907df59b37,train,44608 44615,2
192,a2a129c70ddae6f108ec02f5b490e29802cfab63,train,74104 74111 87496,3
194,9c699f096bc27ed79a5d749a398798a094a949eb,train,21995,1
195,37473f9a63e53535c706d3dd56436cc9a5ff0cab,train,21489,1
197,a270367551e1ea42c107cc34f3e6c6b0615eb9c1,train,91188 91190,2
198,48b9d1b66f692e2c3753881df9620cd07a3fb59b,train,53795,1
199,471021b28a87eea8a78057048b18b900ba743427,train,73284,1
200,6f28279c5966f33ae0ab5abcbdb61d3e1f844598,train,45699,1
201,cc677780c13626d3e5374b535bed64e69f9c4ff0,train,73049,1
202,3b82a598112fb190329c15254e3cf01d559add8a,train,33513,1
204,f17dec5a2ac7d4f10ff40d1fb38332040aa8da21,train,89480 89487,2
205,e204598533077cc836c93ee3b3418a9290cce054,train,86986,1
210,125a0f6b2ffdb1710bf5312a7863d3895ed6dff6,train,31731,1
211,c2324e1d84ff38aeff2781bf7527b1d0f162de88,train,72040 72047,2
212,13a83061e566798121259dc3d6fce128d4832248,train,2584 2591,2
213,02a8240554ce8e43d3cada38f1cbd231d1fcf334,train,15488 15495 66992,3
214,90e47c6d56c8d5fc15e4e983cbf824b6bdc16155,train,36873,1
215,bacd65cdddb3a42dc3741c908523d79d1fcfcf2f,train,58524 58526,2
216,682a56182c08e023c12f4b9d784e82d3edcafea3,train,47672 47679,2
217,aaf8c1d7d73bf38068657eccc91ebb79e7acd574,train,22728,1
218,0ea697620ce63850a63c28d8296c611ed6f79847,train,36445,1
219,2fa8a607d63b2fecf3fb57780ed017a48eaf762f,train,39896,1
221,353e79dc424728961d804e88c96ce57478dbb3f1,train,22992 22999,2
223,7c79081ece9b83c08af35da0e0dcd8d0729b6713,train,89347,1
224,007a27783696640398b18bc6584ec346920bb5a2,train,12608 12615 67168,3
225,ba5db96432e1aaddb678cec41506abc575eed1cf,train,32816,1
226,0ca6df176b7e3ea3da78f38d458a92bdf2a9d802,train,9365,1
227,444ff522502d3229eb624533fca9b3f9f2076d15,train,79689,1
229,9fc67e2b13198bdb2a9e8b0d8a5931909f548731,train,1051,1
230,89274a1e8fba7268af440189329c0f39095d6017,train,19083,1
231,ff18703833f6ffb34aca95f33a758233ee9f3ea4,train,38364 38366,2
232,929f724c36fb24fb347cd0ab38a6a96a9cf8f4b9,train,60442,1
233,b01b3d68ba63f38f05b4802aca4b87af2a795ae8,train,33916 33918,2
235,4b44c0fc9fe46df0eda9773242e2b1cb25647c10,train,1785,1
237,402e6463a53f258b4b62f8dc76a563635ea86e0e,train,41016 55616 55623,3
238,e2affbcdbb5deb2fe270ca067598fc77c7422e5b,train,57738,1
239,170785aeae5f0b0fd16b9d97b0779877c55ff992,train,49068 49070,2
241,eec5b45bb8340c13295bf8781751a9bd33eee780,train,61424 61431,2
242,836234b8266d69cc29983769f822c2f01b6cfd27,train,55250,1
243,88eb8db5d8f1b8d08de35eeb0dd8133d215ac188,train,50720,1
244,faabf3a40e6d29fb2d4ee945b6e20b26e9e0ce4b,train,12487,1
245,db1944924644b0ca1f8ed9b6d3b2080b029890fe,train,86772 86774,2
248,f2ccf283a977255642d165fce783a67a065d0d7a,train,72161,1
249,8d84abdc879d8f613e045cbf6d3262bced275b70,train,60411,1
251,5de0b58dc029744bca0f0e57db54aef1a23c6060,train,21816 31304 31311,3
253,1c019bbd6f7fcd6ee1b2df9bee577d13ee8d1498,train,41400,1
255,4319c82a2705aea637549fa23528e5a910f6014b,train,8977,1
257,67eeca0578b6855b5002b0ca5b51494a3cab3108,train,92545,1
259,9396b4b0634054d06c8aa032b08604a5d457a2a0,train,60799,1
260,1cd1ad370d27158582c5bd0b580ca2f0a6ee0b22,train,90523,1
262,d69552c58fb403d4eefaf35cbbc3fd564559aaa6,train,30207,1
263,f9823b986851ade73e809e4e4e218e4fd66a1b5e,train,44981,1
264,c1bdcebcf9bff27b676e159d91a438ce74c58435,train,41218,1
265,57c5de0e981360855e3a367e26707eef564663e2,train,82670,1
266,a0d9894ab71e4346ff3cc206e652d4d1ce5c20f4,train,73182,1
267,88303ef6c7e5e24860c81a6edd7ce4267abaeb43,train,38451,1
268,de5ad213b02598d38835e12256ef88c8bcd0f1e4,train,92952 92959,2
270,a0af45883aaa587f6c7eaf874016845f8fd2e3c6,train,48887,1
271,c23bcd583c6b5e1d0046aff8771022071b31f313,train,36607,1
272,d9be0d8851081bd4e955fc942459df5bc3a647eb,train,65145,1
273,a4c43690900009512814715f286087bca836beee,train,66946,1
274,8592ab9270f28fe1dcf931d2e279b12166386c82,train,17970,1
275,0490b9225322bbd00ec6c3ccc6aac70eb008bc3c,train,71946,1
276,9203d5bd1e3edbab2669a04677317b52b7283e5c,train,62786,1
277,e918490441b85d148711e07081dca058deef2f4f,train,91979,1
278,afd118d21940e120c7860fcf489b5b82454abdd8,train,25802,1
279,b8d9094c6d07c57bfec779a82e19bd1f3bbd509e,train,87400 87407,2
280,6f3be40eb44214adb35944b3edede3abc814b75b,train,31586,1
282,afe0eb08ae0aa29b7dfc45274735d93f3098810f,train,80264,1
283,54faf009b6b68acdb18357488967a5df2a237dae,train,70377,1
284,d73894e0148994491c8957d35169aae8580208e1,train,92123,1
285,6a23617316e2f4519b34c598139eef8ecdaecd76,train,70688 70695,2
286,696641dcdfeff5aeb6019e9fc67b74e40a77d21a,train,51148 51150,2
287,717e190ae2f80d8a66874ea8a879a7159d1657cf,train,77798,1
288,855fbd036e826547e96df43c3029c8715f742fcb,train,43483,1
290,7cea2d5cc892093cd2b2faccafdfad7dfb808094,train,36603,1
293,ca21b44645c47b79f9c66529a37b58232493d321,train,83969,1
297,089fa11c95835fd33b557adb0d591cb04b5cf477,train,19698,1
298,781996f414d51f439ed46f5caf5b16e2dfcfc250,train,51088,1
299,cb26dceed9bd48b6fb24a87902411913cfc70e17,train,11902,1
300,a7a90a34cdc030ecaef1ad46eb5701a63a5a6c8d,train,39976,1
301,b1867616f00e1e05035d0ed882988b3606bcc624,train,53473,1
302,0977f4db0433aa223fd8d9566b39d96891b7f52c,train,12405,1
303,641f59e08b7159f60d630801416847c5a6e54b87,train,22515,1
304,3c31365256f5e43452d6cc7993604658969d9cec,train,54786,1
305,e7024a3554035376cd0c45b2f5d21791757be7da,train,22565,1
307,b66a98974a44c767f406c02368145bd0216d4e51,train,77747,1
309,044fc01d5416d4f92ed900a25913278d2319ab61,train,43993,1
310,3be5575b90f27d05e35cda8f48a53848a6ea143c,train,87313,1
311,542966e04bff517c6c99b3bbd4ab366164b8038b,train,1160 82744 82751,3
313,8c57b771955978fe616ab26ab58b30b18693207d,train,69344 69351,2
314,95b7a4bd10a2ef5572695a42583738d65f550c8f,train,40644 40646,2
316,66199c63d47391100e22b596d9fbcb806f7d93a4,train,74506,1
317,7e88d5c7b573c2faae7adc6fbdc48e1b192a07f4,train,71064 71071 72208,3
318,3f91e9f1bf7022c80a9b5186ae6aa623ceef7d3a,train,41498,1
319,866d99ad07bf0cea187a0ab12fce931c4a808513,train,69224,1
320,4d24645bf5e075cc70c579d6463e5f44596d6ece,train,90936,1
321,f4f41c9efa5416ede8c306254466febd3b3c1434,train,7983,1
322,3b6e29b7801014c59be11d6fb89896151ba9ace1,train,4892,1
323,f2dbe38d32005b7237b90a7de5e4269533df6adc,train,2052 2054,2
324,c0c962424ee85a016bfd8188617da6e3e3638b50,train,9460,1
325,85ff5507d35bb45aab9cca5a96fe1445a4b1ffe7,train,17345,1
326,9d3c4e682105639b8e6579ff9829de56b423a162,train,22073,1
327,e4688cd1df40914185a5a13b7b5a1bb1ed03910d,train,2859,1
328,b56e49166a58325e91aecf507151d9696c0acc31,train,78450,1
329,46e52872cd8e7ca6280195dd0bdefca002344f29,train,74580,1
330,a3b8d44c40f9e79be33ceb9bd90f5f9f06269472,train,57064 57071,2
331,e20dc0ee655fe4ee89e5a09dfd04dfd86db4bf7e,train,25856,1
333,4b10c5f0940d91fce2060c0c940f072c4e04990d,train,21763,1
334,9f6dd9bb458c9fbd8bc080d0496e0bee6f6a3c04,train,74566,1
336,cc8a9a73b0c046fbc5776177bed3303dd39734a9,train,13679,1
337,c4b371cbe8ddd2558ad2f323b97aead4fa5e9f3e,train,30497,1
338,acfa1f6f2132390b44dd6b2be8650460459f69b6,train,56928 56935 80032,3
340,4d2a2d33e358039ab3e49b820311049374c41aa0,train,63923,1
341,0eadb03eee3fe3b321a5eb77461e4403b08822ec,train,60204,1
343,3bc801d59dbe6c52de239e078bd6d242ca6ebdbb,train,79055,1
345,fd1d68ffe91c6d6f75946281f61745cd475dcaac,train,48524 48526,2
346,3bad514ce20d82abe0ea50c194a8a87bbae35966,train,83977,1
347,88d5030f8e5bfadc7812c04b077b995e3c23eb0a,train,22112 22119 35568,3
349,a6f56f4346be54064acc60050e3dfe93267b0ab4,train,37010,1
351,8a94ff51a7c24507d56655972c240966d1b8449c,train,18580 18582,2
353,54bbeb62d90267829ce1d167b3834ce64878d180,train,40751,1
354,62b683b5402bdd5464ca791955b8a7cd306a55e9,train,74257,1
355,a857dcc1fba73e95d9d12fe9efd77e82099fba12,train,54675,1
356,505c63e6b3f49ce7358148340e3d13bea6334a06,train,29972 29974,2
357,36c9a340333b8064f6c3cfc5043b12a415a8615c,train,32852 32854,2
358,1ba08dd4a6d43e9446d2044f1c59693a79735ce6,train,9516 9518,2
359,b10e08dac930f2ee24c465c7408f154541fa8754,train,49724 49726,2
360,09c70217d046c78bdda82a3c2a4e3c68b360a8ed,train,69900 69902,2
362,b35111eea3d2003100bc8fc44d5cd9001502afec,train,64171,1
363,e9e55ee8884b9137ccba64957d0b765f5c075473,train,43243,1
364,35f7d7e3217a86cad17c5dc058facad1784df7ac,train,25276,1
365,2f56f562252f12af6d4f088d33c10c414c2fe338,train,6973,1
366,97b29d2e2dc2d0b1d7df1d94d523a55ae3834628,train,16861,1
367,9d74ac7de41871cf50f97536779a2ca00ae95bda,train,78500 78502,2
368,66cc8a124bedfd69e9259939b95eb2c94fbbc9ce,train,87823,1
369,52dd3fac3bd3ac310aae48d6c17b85fd8cdf38c9,train,13814,1
370,52e6bc0919b22f83881c48f80246c8d39a0de403,train,29273,1
371,c0ac8be33cdda4a34e4ef8f236def832e7bcdffe,train,63354,1
372,d00ba2dfcd981192e50c9f719a0ec32cb32d887c,train,17155,1
373,b2fbdc77bc50fc4949f63a9c6d16ad6b4be32c4c,train,15148,1
374,d85e532485c795946bb53235d5079a55d5c728bc,train,7145,1
375,4d500953eb7073a770b1591b1c163ce2a43e3856,train,87553,1
376,1ed4510424e7d55a70e291581c7098e60dddd760,train,21928 21935,2
377,affb2d20229b2a59bec3a89d7457657bcd9d5392,train,67559,1
378,2f77fd6ed4cd07551578dcafc1820ae151bab5c1,train,11168 11175,2
379,5302d49f5b63163aa0f8dd7a11eee61e47d0bd39,train,68632 68639,2
381,cfd4593b9d0e1fc9b276d67ea8e475e91ee836ed,train,13399,1
382,029ecdcb48a04e3b47e7503d386b985fea0708c2,train,83292 83294,2
383,e1774167cfae28ce3b74cd5fda2fddd43bbdaf59,train,27924,1
384,3e687f116095f511d5d80f800c6dadc5ffb09256,train,81087,1
385,24fb95de808476976514d31a8a3c84721f89f8aa,train,81410,1
386,ea256a0af9389a394a6acd65b875252cc8d134c9,train,21650,1
387,3242e57c38808411eae45e33eb906488697f99bf,train,74023,1
388,7452ab93536217ced2ec60164e2979c25200c307,train,85228,1
389,fe3e8144dc75ec02dd139e1e33a41f5362c6171c,train,19322,1
390,ad6cebb134ec563c50d504f023f7ab9e6f588c71,train,38002,1
391,deb570a879beaec10a591c049f3b1f1527e10a0e,train,8745,1
392,6082e74eaff2e7f1bd9dd5ae4958ea1c3d624eb2,train,91696 91703,2
396,529f726bbad18a351312931d6d3996c52576614b,train,75437,1
397,d4777c44c54a1579d985273b10e3b51f317ad019,train,46829,1
398,293a5f222c9b903c59c20a09ff1677fce4295ecc,train,48869,1
399,eaa01d73cff10a24ee092b79cd985f6b9f683a00,train,25243,1
400,fd71e6bece6a32508b939212616bd896b0c557c7,train,48016,1
402,b100c1be8367f4ce8d0006f8068a0aa8e0205744,train,56162,1
403,4c91490ffb6dcc3eee94bd9f6694aa3d318a72c7,train,7307,1
404,5321dfc16e25e6307dad553754decfe08475cc9a,train,26734,1
406,4e9380f4b45ce22068180d4b3dae69415ae9c582,train,50505,1
407,5fc3ea18a01eeb556c30e04d75c36a0f1753f6bc,train,6452 6454,2
408,ee755b018799f123931f3bd43dd9f8d489d2d064,train,61841,1
409,9ac50e6572ecf79e9ea8d1ea5ba957aef96cf979,train,5280,1
410,f31d6dcf8730e561611383845c40603915b81e1b,train,78274,1
411,784d86d55bd4fed633e2eac4d2d067898c8dde3d,train,80538,1
412,c5175262545256ddaa480220f1cf629dc0573214,train,78099,1
414,e616afb72489105ba9bc8a1d42ffb47bb5ea49cc,train,35972,1
417,57a149786741811d5aa5a6f8547cf8b68e1f4476,train,74208 77832 77839,3
418,d7b9f7402e50772acc8291f4f6c6057960472d2b,train,56474,1
419,7b6362b1411420adf42b54e82ba4f1bb7cebd68e,train,59640 59647,2
420,6c8a0f9ae5c30226e9d0f41bf676e6e1985980a0,train,72811,1
421,a6e38753c7e420f27ea23b5befef7b4bead169cd,train,25261,1
422,37c0faeb588471ae73fbf447deccd6d29918572f,train,81059,1
423,c1cd6297dfdcf58121f80f2b573964514fbfe8d8,train,16424 16431 52520,3
424,d0cabafd36b82fe15bb1928ee6f5190d88e9cf98,train,52314,1
425,73eb7506b04703b2b7f3ca644e86350b6cff369e,train,1072 1079 27488,3
427,0a5fb1e61633a3bcdf8c69eb8a4463499fafc6ad,train,82784 82791,2
428,e6b9e37da774cffb8b03ff72849aa696bd454e36,train,20445,1
429,ee7f23c77821f33621cf663baeff7960ac77ea68,train,83223,1
430,02abc3c8e78319d3b71f071a15b39da05e7663a6,train,22247,1
431,eecfeaafe83303effb6190382b6835cfbcf73119,train,82449,1
432,9a0370422e04e7fe5e667b98c90ada0f5cf9cea9,train,1200 1207,2
435,372b363c7ae6e0e87a5e56eab530818b49a14035,train,23180,1
436,dd08706d1ebe4cd1c73a291d881827b05ea13865,train,22556,1
437,694824c3e6c49395ab03cabbbbcda326b1a34551,train,63892 63894,2
438,8ea084560a8d5db194be8e9832cc2bdce880f15a,train,37953,1
439,6ecbb52b99c029e76b3224b9960c726ff93eb42f,train,38349,1
440,70a5d216c3e24ab4743928244db70877f246d07e,train,51093,1
442,47c0cf9c06783a6f1363af76903b10973ff1a275,train,51907,1
443,dc30cf1ed2d7f4cd228e9ff202332bcd3841d654,train,71848,1
444,da22e7c9284024e20c2aee505f967264171498bd,train,12664 12671,2
445,6ce15d6897d967556fa469905a5417b631c1939a,train,60710,1
447,43835bfb72be848d2746bd1dae11ecfc40e87767,train,31,1
448,5f7dd858fd75487dd65df9ab8b6156fe8ef4fd42,train,61889,1
450,02e0822ff5dfbec19c987bedf671182bb37cb0e9,train,89311,1
452,4889c62456e4fcc77c5a6dd8a1e8f95fe0eb9493,train,10649,1
453,e396189595cb6e456a80d44fc79b02cd1ec5d7fc,train,92477,1
454,ee0c0943eb7810c07db0061c78870bc63bc4587f,train,52944,1
455,81e210c9ff885ae0124da37b0de3041d31e5a0e8,train,51960,1
456,ee7b9f8a197c524d29aa6313b8cb154bfdfc4fb9,train,47763,1
457,daab754d2ab34b9ac8fd2414b29ac92e4c484fbc,train,18328,1
458,3f64b1bbfb5b95ea7c1e54d46aa3eb46fee22e0a,train,88685,1
459,0f77abca0342bda9e5570feb79a26e3e09d93642,train,61080 61087,2
461,54fb4de871970aa90b52b8bd99a75e5019f7c22a,train,61827,1
462,83008917a82f1b63635f8a3bd21fb32f12ac513a,train,89787,1
464,84f63338b55a64afe9d2acd01c4167bf48ba43fe,train,86363,1
466,33d34b0a9019a4e84cbc3cacd71af023e4f5ac5c,train,90905,1
467,d78a2a6438fe3baa0c89b677547d1447cf56dabd,train,52234,1
468,39256263dd6af5c96faa928542a93648ba3def26,train,12817,1
470,66189d94b00df2a1790b9fc7fa72033c7fb9ca1d,train,32492 32494,2
471,9a333d8fc3f0a4cdf6ca5c7701e0217f549e248f,train,58294,1
473,b7c1a8d8d512476d1420524c339d388af94e673d,train,88656,1
475,1278ab2912888d06f5e7ff43ba87f8087575c9ec,train,1171,1
476,64dbe3c3b469c3e1eaa2c69bbe2ebd70b72a7128,train,20867,1
479,b8bc09f4c13bd06adb569c9275ca00a873a87f86,train,66703,1
481,6d0c9ce9ae00c91d106bc2c7181788b516fb7b82,train,31139,1
482,adc659b93b2bd7b019ce0004aa252942ba9b0266,train,52032,1
484,ac127ed563387e2d5e0c7e8ffaa7a3445ba5c6b4,train,20817,1
486,711c50da6616e52b40e1717a79805ef36f9dc0a2,train,63193,1
487,27826388576d56440fd39edca6931fadf3d018bc,train,52524 52526,2
488,cff967f77d3171d0ae8ac9eab1e3b604a6038a88,train,35132 35134,2
489,cfff41d63a1a0d8fc86e58250d8223e027648aa1,train,59573,1
490,37f34184aad1eeb90b9aedd77ece8bcbc3d6ec67,train,48417,1
492,fd1d68ffe91c6d6f75946281f61745cd475dcaac,train,48524 48526,2
493,75ebe0c573c6d9b4f4d21cdae93fa6ceb580c95b,train,38276 38278,2
495,4753c575e97085ce7e1c6958fb1f9c43bdc6825e,train,48093,1
496,7087c6e394cb45198759c8a5af48969bb740a4e9,train,7326,1
498,92477bcf6386b85e2df3929f7682e0448c8738ae,train,86997,1
500,a6c5db3f2e80973fa7773aa61997cb2e0182ecf5,train,27834,1
502,6c7a0ab11177014374552195f741c1a3a190fed0,train,35370,1
504,4e3cc2f84d94549a79eb91d474b4f1a5f37ba8f9,train,31821,1
505,f92d0f5dbb02b7e6067d9fe4c6f6b2162772ce7e,train,66730,1
506,8d3688a97a837a2babf96a1f718c9fdd941d4619,train,72381,1
507,ab2cdca807874dd8354efb1208be3eac49d62aa6,train,38044 38046,2
508,2099471af1a9c5d1700a7cc30ad280e5a24fad56,train,1624 1631,2
509,c17f5175739f62288ec462e7630528f3f66fd6f5,train,66723,1
510,3426ce308f6927fb51b0ccf4934755954b69314e,train,61124 61126,2
512,b2ca82cdb39971603187babc8adef3e46ecf0b61,train,88432 88439,2
514,901bd197e6a5772cea9c27614cbfaf497c2ed559,train,73251,1
515,ab8d6d297fde0e27e99be8e5d6a8cc9ecd9ec975,train,89216 89223,2
516,5d79879251e0d13ce8c1db254a3bd554c59310c7,train,59812,1
518,07443bd2bfc38c20a3961d67410034566ce14df3,train,90525,1
520,5f1a74d8cca5ef38202ffe365200326577656152,train,38552 38559 72752,3
521,45519b25880d47f93a4e1d0dc6207765a2b42def,train,39616,1
522,92bdfdae9b2348e6c455d5fb1290709f0a9a9b25,train,73264,1
524,a50d667275e47d8da7ad081c4dd6c71b75651154,train,16583,1
526,88a08f74f76f4c211c102e1d2f2d25f1d05cda40,train,70199,1
528,5fbc98b24451e135b9c6cc7ec53a11269faec4c3,train,57482,1
529,1278ab2912888d06f5e7ff43ba87f8087575c9ec,train,1171,1
533,7501a0d81bc74ec04bfa31bb026fffc66d9bb3df,train,49500 49502,2
534,d14ccd6e14bec7d3e6099436a0c6e622fecab9f5,train,42008 42015,2
535,d080d516b08f0c82e397f4f4e7728b44c55ecfb1,train,70429,1
536,88f74c3b50fa056b87b7b70b545075318d068931,train,40740 40742,2
537,226e5616a1fd925a2360525a2368509d58630bd6,train,88817,1
538,69505c971448b7ceddb44bb7cb1e5627815a0c1f,train,58192,1
539,dfbd4bdbcd154587baa3ce80aa29477738434bcd,train,55277,1
540,5e3739ee194043f256bdee67fac42e2d1cbb5f15,train,10377,1
542,566da180c530c351f056c07ad3ddff54058f6d42,train,37568 54264 54271,3
543,92cf065a7257315123f2169d6e58f508bfa7fd8d,train,35971,1
547,5a61dbb958f68f85e77f1b0f5ed8c5e45d9475e4,train,38860 38862,2
548,7a3c94953249f9ece2883fd7e93de4a2889a00c9,train,47152,1
549,f5fe4f1bb1bdba6ce10a197757c1b545dffe61db,train,53519,1
551,8e55a45af84e19691141b0bc6c13bf9f3e335dff,train,32258,1
557,7fcaaf4443eb5d05c6927257cea5b799ba10417f,train,28364 28366,2
558,b531fd8d18be668a201390d465a4aa83e6180d06,train,83447,1
559,2b7f21be772e9d1fd6746156834ef5a656402a53,train,35072 35079,2
562,fac73674e0e70e3543b94fb3bbcad4a33428a598,train,85633,1
564,8d159912fb04bed0f84422c4e7a8067d1abe0c6a,train,24367,1
565,a682e5626e0fad0c7c490b66fc9a2ab11d338f8e,train,70289,1
566,a8c3763096f252fcceabbc291117d47335f75809,train,12659,1
567,3f1a16e16ae676fb005b120c9ebc13b315015fcd,train,69986,1
568,a2a4e8cfc56d501a47803a2a9cfafd62ade38db8,train,19659,1
570,0a859e2216fc10ceec2434f1f799fd2527716aad,train,52074,1
571,16417a916bc7c8e8d29c2ee3efc36431fc701659,train,20677,1
573,e637cdfc02c70b6bcefbd7f02362001c2646d827,train,19893,1
574,3d62974d4972e6e1214a819863c20b462a6d2415,train,19095,1
575,7d7b62b167ef65802b627268efa6c762b9070a4a,train,27779,1
576,b4e65ca58810feb9f721afda6fcb9872afd14a3e,train,21173,1
577,657917be345fbd50ae18724c39a279da113dfbfe,train,32876 32878,2
580,731cc1bf46f1d84849aa4eae73e3892c18c8418e,train,28165,1
581,912aa4e8a4a8fa75df89ee9f59e04470e65164f4,train,41228 41230,2
582,f35461b3b7e6fa76b90d17e979cf2aa24129e8f5,train,68344,1
583,9c8fe6cf5fb7683bb94c131c7753b00965954967,train,80508 80510,2
584,3623e2eadda4a17e8e97bc5935d2e7db983490ee,train,64700,1
585,721651ccd66d3846b6b274ddafddd465a5ae10a3,train,71677,1
586,807b808091cd256d7b8842d77a0454c98513d948,train,29120,1
587,1f3cfad8048ebd1c4bc4584685d92209ab51c9eb,train,5556 5558,2
588,18cfded7dc784f150c2f0036c5a3e0f72e160c01,train,15493,1
589,3a510d1c380e2e1caa870ccea2eb788b0632ce18,train,4832 4839,2
590,794d70be16109af1f1aa359739d8981d16648273,train,54465,1
591,44b924a7fad04e8df7f6a4b39852ea9e1fe5f337,train,4040 14096 14103,3
592,e46609367e601d9455e739de0815945ffbfbac78,train,45509,1
593,05f9b68657e019a83ddcf85d1b2ef998679efa3c,train,61037,1
594,17cf11aa628cf356edea6ac81651b4b254033fee,train,29083,1
596,1f919ca4c7c18959f24f4238d3bf1e2a6dc95bdb,train,75276 75278,2
597,b5fd5168834672cf2f8e2c83f2a3ffaa34b46e1f,train,17003,1
598,a2772156bdcc43e2a51eaddd36584e49c29c6ba9,train,60108 60110,2
599,ef9c0829e0749ec02bc649f051b006ec97931732,train,73081,1
600,4b5938419516237e2ff2208138efc6fee0bb0102,train,583,1
601,a4ad42d82aed7717f7c74ba83b0b7d9775894f4a,train,17489,1
603,65f61d659055d8ee4d637d37267a524dd5d3b3e6,train,31689,1
605,5e1cc20a0556356a8b172f436d08cef7f9302d6b,train,21964,1
607,ef37d5a3b261c3f83de8caeb3c665fd2c29cea94,train,33484 33486,2
609,18a3a432dfc695cf777afe179e50fc9ed67b7a1e,train,59480,1
610,d75391d45ba4ef86c9dbd218e65e229b122be269,train,7365,1
611,170876af0496fb101b79667fce73c78770c14924,train,50637,1
612,487ffb0e888d56462ac78e195391f1f39be2d6fa,train,14635,1
613,be9384e5d6d5dd5fa8dbff4d9f4436084bc227c3,train,81813,1
614,87efddd91cc0b8eca15f0aa1d31b3d9872718da6,train,80713,1
615,67678b53ef33c4232a16ffe5d40f13e5095dad80,train,31618,1
617,2597f55b7e77f0887943cb62b57a37ce60a610f5,train,47880 47887,2
618,dcf7a448581b64e6fe6cc01bbbb948fd3fef98f1,train,86256 86263,2
619,3d9eaa9a79ef0cb2d9d0d57b26d630b98f562960,train,69670,1
620,a9d0cb32fa12d52f86781ba6a9e3b3b9e4392614,train,39622,1
621,d374440ce856acc7e0e4f87fe01fd6e2838b952e,train,88675,1
622,a5742ce87d397ec41c99989b52847138ef0aec04,train,51532 51534,2
624,05f057dceb47946ae252987f808514ca16f6255c,train,78228 78230,2
625,138e84e9ab8cbf15465837adce42640d6048aa8e,train,32368 41632 41639,3
627,28174d6d003a00b6cb91f2558b7a3e01890cba75,train,15904 15911,2
628,3563d4a0141046198ecf0895934295726842dc8b,train,83130,1
629,f6f52c89461ebe18d74bdb03d03ebb8753ba2d87,train,91898,1
631,fe403995c94ae5c67f14a5e2e03a1ab5bee1345f,train,52659,1
632,bce4ddd4223a3fbd5018fa47fb88f91497de4fc3,train,83289,1
633,d0f4dca60c99adc3bd3a7d704c650feb09dc4694,train,24680 24687 52080,3
634,aedbbdd6b0f47b0803dca0c4b3430b506e8d3afd,train,78537,1
635,51077f78c773ab262429054318767256c46aff5d,train,14771,1
636,d2b653949f4cd459e8a97f046ac82f148194b482,train,52428 52430,2
638,9510dd72b83612ad98d7576f261d7de91a281840,train,51894,1
639,7e5a994c700e4bffb6059b3f3130cd788086e927,train,29684,1
640,bfa6fcca61b24612552fe8115af1727b81f6edb5,train,30237,1
641,3a510d1c380e2e1caa870ccea2eb788b0632ce18,train,4832 4839,2
643,c1c6f9b9356220ed47b87f2063ec726eb57eb3f1,train,38460 38462,2
644,5b74b835c1f2a06c1bbaaf02582dbf850a026aff,train,44635,1
647,4cd10b63ddd39f06e810fd318179d969df558992,train,7844 7846,2
648,b05b67b7f4681d9b036cb90193ab216c91404ad6,train,1055,1
649,b3b62648abad424f10dce0fd79bb64d90112d43c,train,28088 28095 54040,3
650,9caa2c21bb901bee2dd4e53ddb52a8683cff85a8,train,17018,1
651,5407d83a596136af3c10e6e75dff495985f0a093,train,78906,1
652,c7cb969ec45acd9496478112431b6719be1bda78,train,11378,1
653,904ecd5232670df3cec9845cb32eb6928ad61d4f,train,42936 42943 54240,3
655,ebbe6e9c1b6e566f41ef6d4c7d51641f144ef620,train,28210,1
656,771815a905b193a74fc21ea038a4c0b6ef8dfd5c,train,51378,1
658,23e72b984487fcb198f03709cfb50087eab953d8,train,8608 19448 19455,3
659,96077ae19ad19b21a7d5768e1e6a40acf2fe4817,train,29724 29726,2
660,3a7b904249d08d2d9a0a14c894abf3e0ae7751b0,train,81864,1
662,2b8c8253f9f88ec36e3eefca74fb6dd4113fa724,train,7830,1
663,d48579594505101a24ed82ea1552bf9abb21d808,train,88881,1
664,6cdeaa990c228a5b1649a1bf6ca54ed275b940c9,train,31083,1
665,3fb8e652d4f704e4b3526caf13e781eb8e094cde,train,15930,1
666,97fe93821603f485c4321790b8aa3acc3c2f6ca8,train,49473,1
667,d1cac689417c4ecc0abc81440b39eec40f1e839f,train,91906,1
669,3be6db1408560aff1977c0dec487b4ae032902ef,train,36537,1
670,54af49c16378c86383ca39efa6ceb67b7b9d566e,train,69542,1
671,855b9f84cdf02d1c7d275763f14fbb0baa1283e1,train,86888 86895,2
672,f855f8784bad4fac0ce112252f954a52f30b72fb,train,68885,1
674,87eb2bfebd761434b79215f2ac631e8777c068d5,train,14307,1
675,f81690a4fc38b07fa3a643afa51dc3f9f6b2aebc,train,66688,1
676,759aa228b2adb435cacf19c1775b12cbbf9ac20d,train,63997,1
677,0756e63057c202aa91a03eb2a34b16f8b1826a4f,train,84932 84934,2
679,eb3dd7382a02af68374bd411cfd1671c37185994,train,23182,1
680,122f61b8229220212f2e84f20a3237cfd288f7a8,train,12148 12150,2
681,ce4dbe1b58c56fd02ced2def96ba7561e71b4212,train,92637,1
682,fec60b718eb40d3ba37d27fe0e0e0741b2e0bc61,train,86933,1
684,09c3236add5da75a1c9473fe12b1b31c5c5b0f18,train,12896 12903,2
685,8169795e5c37ffe80655bc746a45f581367d0438,train,10671,1
686,082a9c28f7c4cf82accbd03fe6c6bbce63257a9a,train,240,1
687,9f08d25834978851c79821e40862caaae6ec54e4,train,26883,1
688,23bb7a5c5e3448c947e525b346c5568eb9890fdc,train,66052 66054,2
689,70f7a4c33a0bb2d41f118b35dbe04423e82e3525,train,83775,1
690,7a57fdc52c648d33e94c8e683b0cb4b1cb838a45,train,37995,1
691,0c2dfde66b7d39624ae3a6a5d61c3e3a239f9392,train,32276 32278,2
692,65838455f6be2720399808191fd6495b31862b83,train,63552,1
693,a22a03c8d301c82ff5796e6b23afb39921ef2e96,train,24584 66112 66119,3
695,045fbc703582b51c1790e9565468952badb76cf3,train,58937,1
696,b7a911b0a4003a935b3d492d4bfaaf05e694e54b,train,64153,1
697,86b2077ca66ea3e2fc61030243a1fd210c3ffa14,train,3519,1
698,cd3f6b164155aeeda4b8e1d8373ae436d4bfd858,train,67682,1
699,2add3fc6ae256102859821df283bcb37cab1956f,train,44976,1
700,6eea6b4108c8a3445d797e88437e37177777f108,train,72188 72190,2
702,f1f2211ce7dd78d2b0d449cfb7ddcc799aa0f671,train,8756 8758,2
703,c1cb76e017c692cc0ee39dc3e3e487e0d545e025,train,25131,1
706,d62ab9c6cdbcf437566e8d6d1f2d5679dd19292b,train,90326,1
708,40ef1b6973e1ff1843356d2475d093abfab10db7,train,6740 6742,2
709,2fa6f899e9ddfe620cba7b50084f82abbd71825a,train,81635,1
710,844ca042ba90d257d447a0e4e68d157268ace987,train,579,1
711,a353204077e8bac1544f1ac263fb3354d5d75405,train,2324 2326,2
712,5d15aaa2f39be05cec7e4440e20882d63adc0904,train,81718,1
713,9421c47684dd82cc682da4a2ecaa7dbef34dea33,train,67630,1
714,64f3ed20efc2973d4b7be85e10f06d8c017af1cb,train,64483,1
715,ae70004da6ef751de34eb3acd7bedea1b11c1e00,train,44292 44294,2
716,c87205c09a74b8808050b35f4d482f651cf2e588,train,50193,1
717,56e347c79e2d755e0302ea28fca61f95360df119,train,49752 49759,2
718,4063d04b612d8c62eedbb3b057e6a984500429f2,train,81516 81518,2
721,cffec9119f1d648c1057363edc0fe9ed1cfca3f6,train,67314,1
722,944f73af22d633d6d94f47c28f6f7299d584060b,train,8637,1
723,b41a28605e486075298fb6f3b79d594d17a1d04b,train,14706,1
724,deb7e00dfd0aff27659f8b2a0bd62e1d236357c7,train,3475,1
725,9758ce295cac8e20b4666e864173a2619c7ec337,train,86097,1
726,37fba84df8675466ee3be1de33685e10f625c28b,train,57292 57294,2
727,e02fc2c6a51b024c91fa9a34df84c1d06bf3a8cf,train,45768 45775,2
728,b983bd08e0bf37c5057bb41b14a70f9bc65f5c55,train,91913,1
729,db0e5a62fc25c2f0c0421c9323d10733e29c4e76,train,5471,1
730,af4a8a8049766ffe76b212efaa8d77ce120ed81a,train,58160,1
731,2c010a8fbf7fbacd546922ac41cf8356c3adcdb4,train,53541,1
732,0a9a38e7ddd06b84029950ff855f2b70575e1d09,train,86412,1
733,f444c14bf5ca4e7f097a81bf1dab83da9bb5c5df,train,85152,1
734,41935c753025dd193da44ecefffd5df69c598bcc,train,49812 49814,2
736,6b2fdc9454ccd7fb74990333821006cc0d9e795e,train,20093,1
738,e7237dd2d6e53d1348390b4ccc3b8fc88983e618,train,41743,1
739,e5ccc3a913b0afcec306ce03ffe4bef6e534a1b6,train,90657,1
740,7301bd072ed5cba2a84323d8da29151a3555aa7c,train,63336 63343,2
741,3963947ffc316e6e936314b18ec7be33d4fec661,train,36264 36271,2
742,390bde895219211db988ac565b39bc23897523ab,train,23634,1
743,8523e44a53771a3e70c0bea3b3ad132b224ff0d1,train,54645,1
744,1789443a367c7d19983cbbcd42762c484a0d0ac0,train,88884,1
746,ca2b4e0e82a5f4cd828cbc130409455436ebb63e,train,9123,1
747,055249dbb0fdf0e5f1ad3fa65eef5059ded3e4d8,train,42131,1
749,98f21700149784b8456fc50a7680a9cc6bb8e3d9,train,21733,1
750,ef81de9bb7a19b8e4baa0533f9c4ec213a1372f5,train,23800,1
753,881f2b3f82a058c0038a05c97f91ef738e20fd3f,train,30362,1
754,b68143ae1da81b84dbdc1a47720e43addaf86bbf,train,85068 85070,2
756,eac5c5efd994d6ffc4248a4ee92cee9cf633f026,train,45085,1
758,a79a2933efac89f90aa5ae542b1dde147146e2bd,train,12140 12142,2
759,d02f029fdd692ba5b875f723c7cc836c93428869,train,2667,1
760,dd9c1e0b0366861e5f9b8e5ccc09d32b7841adab,train,73757,1
761,a849f73abd9139477b62e878b09fe5d51a03558a,train,56256,1
763,c1aa31aeb70e073e8b86cd6a370b77c32e61d783,train,17717,1
765,9609e68b6f0c45a611c2edb67835b52e6bfd6a98,train,292,1
767,90cd14c450e8cd7beeb6238e339def4fe61c91b7,train,50196 50198,2
769,3c7e59f2746412663f8d2c2cbb7520dc19660a0d,train,63819,1
771,2ab625c5d3bd79dec6a78afb499062e8043f7cf9,train,15341,1
773,79ea56714fcc30cb1b1675014cbb66798a101c2d,train,34830,1
774,faa2f5dd59d8d18b982b5441ea319c18911e6260,train,69748 69750,2
775,697ceab9b9aaae8c99eaa92de7cadac94d4a309f,train,71484 71486,2
776,cd00830816ee2bd4c0a0ad35a0f72d23420a97f4,train,11805,1
778,9b6452e07c883a7f205800d6d4f3faad28a0bc3f,train,48490,1
779,dc5529e7b46f2b3675b8a09cf37a7114137503b3,train,83060 83062,2
780,93f1b47f34c9f841518596ed8ffd7093649e54e4,train,43517,1
781,11878e300f5781f23a5d8d0fa6d10c0c905eedad,train,78474,1
782,7b20032b128236c35e65ab3e59c105a0993c4047,train,24932,1
783,59476b14b69b0bf0b99708b9ae14bad4e7014c09,train,63152,1
784,a33f0dbc0efdd144df6ecd4579360abc1b7f71ba,train,84817,1
786,34f67f24484483acb2da16c008607b76f0246a89,train,32624 32631,2
789,dc89712f984fd4fd4f6ca3c75cac8a04eddb2ff0,train,37152 37159 46824,3
790,131e808b3e441edca9f6aaddda7c0eb3d0982a89,train,13617,1
793,5267f5b0f34331ff42cfc0e08531e907da6f63c6,train,1444 1446,2
794,15ce18d7e4ee2eff76bba0d5818bd134a592bbd3,train,93192 93199,2
795,d25b983da773bd72e81d153e9d9d5b3a347fab62,train,31564 31566,2
796,30ae77147c677c3e2cc7c63cc59a1cad7d3160e6,train,41076,1
797,5d92f3e3fcfc6fb1022c92fb1afe64e8a9e4d6b4,train,25992 25999,2
799,c13c4f748b4deccdd9cd320f378bc2f7d8976a2e,train,80763,1
800,209eef6d18b0f2589faead644f6aa2e4c0a68730,train,57904,1
802,daab5fa7c3f715c1cfdf8dea2a51cfdf6c4e3123,train,59229,1
803,e4b04f1813554792d92146ef0072cb952f40a047,train,71697,1
804,611a1249cca7eacd2559cf86da8db315595dd257,train,17912 30648 30655,3
807,25ac89b2a83d1843383cce112b98e9706c730c3c,train,76496 76503,2
808,97b65a0e51784aaac8186bed81078fb22a42d91d,train,37226,1
810,efcc2490cb509977eb8eb70d22c5d4353b7cbd7d,train,22874,1
811,2ec11f606e31e71f0d9727dc2796482fe7242a7d,train,13892 13894,2
812,9e04ce6a3cc97d215b19198eccb7c9c681e7559c,train,76400 76407,2
814,c3a1a291a254eccad2ad831bc6cf18e043ebfbe5,train,83240,1
815,cc062116a22ef63259494e8a4da17a129cd8c2d6,train,51244,1
816,7e88a71048308b1c6fc461342bcc0bbbaa224c07,train,58272 58279 70328,3
818,64d1ed92242e4fa7d5d5a8e186156cbf6f6fbde8,train,44204 44206,2
819,0b95a543d51435f16b6defc100faa44cdfc054da,train,45770,1
821,38b70dddaf6349f43ce61ec8f8473c6719b9bcc4,train,59079,1
823,fb52516400df1bd54003279709f1a1e4a9b8ba91,train,43297,1
824,20f1fecc17483cb6e7e3fbcb92956c9d35d5d02a,train,38269,1
825,5e8ddf8c53d24f36846633c9a55328a92bd4c725,train,45524 45526,2
826,cd8443a422b41ac02ff74b6a4cf66e3f6d425d61,train,62100 62102,2
829,04c6996168b09541d748ab79003132e6f9cc1c0b,train,2029,1
830,e59dc650d1ce126ab415fab0a4e58d79e8d9b512,train,73620 73622,2
833,69d7b7211af2f4135ca1bf834c9bfa2958edd8db,train,14571,1
834,6ef1900552e0a5e73d8c2e214c19e58c2d9e956a,train,58903,1
835,868be2305339993fba719ae12166f9a0435539f4,train,66104 66111,2
836,30ddf211d2c0977147072a0dc180e59afdc9a144,train,30329,1
842,49df4be456f1b5fa505b209b38e7b3c880b84a88,train,59662,1
843,d96fad819ae7e557fab8067b537e6cfce5362ffc,train,568 575,2
844,9701c6157fad308d6b27216ab75e0b813cc730a5,train,6496 6503 49096,3
847,7311d93213dccd0f37d0ecb8bc0419ede425320f,train,8631,1
848,f8e546934cc67efc50cc1cc7577b3a179ac3af29,train,76096,1
849,54c368d9adaecfbd6d765daecdee14f94c11491a,train,86724 86726,2
850,e873800889c716cecc859b40623c6f5eacdd47a7,train,72596 72598,2
851,7a7fb334f294fcccc2d41a7cd7a7d2cb8e537ad1,train,2308 2310,2
853,74e5cd83fca85ec15bbf135c7d88ff67ba2bd0bf,train,36804 36806,2
854,b7684d427598f84a175016e78031b953d2a396d8,train,77525,1
855,93aa57942b0265c650d4ab3e57bae6862e550228,train,51082,1
857,802f186ce37a19bd6e9ade3b4a048f2b7da053be,train,49128,1
858,292de8ea87f2bf6b8f5994dd97e99f120b4aaf4a,train,89239,1
859,b036bfefd1cf4f772221a5b501ad269c69dda953,train,7205,1
860,71b263ba4206f0b83d910bc955738883f161ff5d,train,61492 61494,2
861,c41595da188019c8cbe1b35c04b3e08e20e84965,train,24282,1
862,716e5db10d25a26d3c9c77023997b8a668ffd60c,train,21224 21231 42120,3
863,95a4eeb8654a9221e3f2041fc0f4778b9ebeac1f,train,72495,1
867,ea5c5bd42f7b7a9f0d458f778caf15de1b180926,train,85860 85862,2
868,8ecdeae64a2d039ee67a2f5a3796fdb9fa64f012,train,10180 10182,2
869,a7c59e5b5ed62c3df89ce93b08f414ca8e665851,train,86450,1
870,1134e53eb90a7511019ffb30c3513d3cbf2ec9e0,train,62282,1
871,fa7f980a915e05efda601959ee5d01641e8dcec0,train,80180 80182,2
872,abe02dc88f6f30cb95e34f2a1d0ed1890b1d8c29,train,3006,1
873,add5683c1ea63a13f0037bb376d037fe998f70dc,train,70593,1
875,0460e4ea670c8de6658b6c59046086bc1759443d,train,71013,1
876,66352ee262ebae8d1cc1480ccbfbb81be957fc5d,train,83950,1
877,bf1be58179022daae6e8d4688ee0356ec22d33fa,train,10350,1
878,49f048db6d090c70883b51119a9c879b4220c8dd,train,79469,1
879,5ae5de9803ecba878f9f883403e3336ef00bc5d1,train,47393,1
880,0bfe32aec5a1fd9ffabe3dfcd72c0363f1935249,train,57122,1
881,d86e681e70114b2c13d25d97715c8a9337674320,train,62251,1
882,993dddef6a824236f1939c24b200b4d35f95aee3,train,8164 8166,2
883,776d500949ad1e20bc528dea9f2cba0f9931654d,train,50588 50590,2
884,1603116d9951634da1f95be1dde91495349b2598,train,90160 90167,2
885,ab905e13cf53baf4dd3d922657dc91c6729061bf,train,86492 86494,2
886,36eb4cb66e8e3270f9f7ac81b977642a132585b6,train,53597,1
887,f473ccadabb4750f33f54d3dbe5a085a651231f2,train,77746,1
888,275dfa421179735dc92edf20fc32b9e2d93549a6,train,85828 85830,2
889,1c3a8df1bf0839cfc10e9f46aa269fdce656dd8b,train,9120 9127 53536,3
890,78357fb0ff29364fb16b094c50f5cde9d10275a3,train,35760 42824 42831,3
891,defa50a6dd82d7a861a7b6f28d7ab89134b45956,train,49067,1
892,217cedef1fe8714341c7184cfa2b3f60b44dee3b,train,18508 18510,2
893,e30553adfbe0dfd22d33c85f40b0604abfa27cf0,train,85841,1
894,9dbf78b870975c64ce8296e4add640caa0c88df4,train,20027,1
895,ed62e0bd597f49a6c804c23c564be57dc6b4ba64,train,67149,1
896,fe340e64aa3e48f280ba0ee23143f094e82968e2,train,29728,1
897,2214a30605bf429fdeb0e8d177b367c6eb7895b3,train,9044 9046,2
898,25cef43c15204ccff5a5c48fb022b143b642959e,train,48356 48358,2
899,1f7b7f319df10b6a6a056869ade996edff6f1a7b,train,47768 47775,2
900,fdd3efd6cc8385c499dda7b71095b08a97cb3c22,train,3037,1
901,ccc5a50b2804ad9450b4ddec4c7957c080503363,train,3761,1
902,709632c814eccbe329846e467b74d73bc017247d,train,45547,1
903,7e3f022a64d46cb3cfa43f5963ddbe44193adbaf,train,15216 85480 85487,3
904,22a367a8bd94166c8d82e6d1391806bf34df2cec,train,4920,1
905,cd8443a422b41ac02ff74b6a4cf66e3f6d425d61,train,62100 62102,2
907,2dc842fa1401e3b3e68cdb64ce54f5b7a1424b5b,train,32681,1
908,6953cf688208d18534a182a0423637a29c3758c7,train,1438,1
909,fdc14ca93289bc3a78a5b8056cc33046224077c5,train,65216,1
910,da04e902e7f1f5d3c123ec716b419d68fc109409,train,39619,1
912,bad660856db9ff35047ba1db0c55a4eab938faee,train,70290,1
913,51b3288b09886dfed7b60f4a08f8d010dca88b84,train,32012 32014,2
914,522f65259dd769291d38b45f52db9cd68ee4d5e4,train,5842,1
915,4e4561922d40b2e235e53559f88db2d79f255619,train,29556 29558,2
916,149a387167dd7968443e567840217756ad32280a,train,52301,1
917,cd34970169694c5d9e82742a0e7e1bca9336b15b,train,3336 3343,2
921,db85f0c10ee7b35bcac7effdc1c1d0c8203a9334,train,35925,1
922,497289a968767b7b67d789707b8d26ecb46a25cf,train,88075,1
923,83f0238bfed2beaebe029d7bd035b445b6498991,train,48092 48094,2
924,1970a05c0eddfecd2bfbf9aa5ce4a1273791b766,train,34808,1
925,b040e161bf0aee57eb95310a1873fd4e8ea149a7,train,65289,1
926,87412d3a5107083a0522f1bf1438b089a321efee,train,78188,1
927,6dd37e1e3c76db7c5a14c1bd9dbc2f72614c083b,train,31241,1
928,e8086eff85140478010ccb351b5097b516d5b090,train,55532 55534,2
929,28f29afc8c4bda3aa613e9f8799b9102875584f3,train,90013,1
932,195481023939588df9a1ad2b7dd4f43b4fe07fb5,train,45079,1
933,8c1dcc9e2d40098d3755d7a2650f601582da2ae3,train,84383,1
934,d3057a06b88342bff78c0a783f23caeb2f986119,train,85227,1
935,58aafc7b912c9ccb1de27fa384a283210d0a8bb5,train,29338,1
936,fc611709b757c71d72a78b38600e807ba8a793a9,train,38099,1
938,f6f0b4d179c666436719f5c970ed4127707df721,train,41211,1
939,cf3691d7850158abc0ead63d7472cd4d38162564,train,19794,1
941,75179cb1bfd6928e754e4d3b44b7aa350d8804bf,train,78181,1
942,abc3cd6cad2178c01fd3d3c71e00dfde89bb66bb,train,76564 76566,2
943,aba08fee425c53703d86b0b79dd351de55b058dc,train,5609,1
944,d479d8642b01eb956c2536103ef6d0f4bac55140,train,65472 65479 67312,3
947,c5b2c0834287dd83bc231b3580b5ab3987424191,train,66475,1
948,1a7d36a77c3273cc48d0172be8611f64d7fc487b,train,17600 91208 91215,3
949,8ac451645262ae7a1ce73b1063a095a394a9b5b7,train,11189,1
952,6299feaa2fccfa4972e18db600499956fc93946a,train,87372,1
953,3948ba263ef121d44154df4123a8f125a9acd22d,train,2705,1
954,adc9f9cb963279e3fb81e2dc2d93da720420ae1b,train,16344 16351,2
958,35c5cf8721e8b79ef21b0836759643c7c8c33b1c,train,1592,1
959,8018b30bf0e287b4bb9a35c67111b5c526de869b,train,66472,1
960,9f5c0411380a001682839432e741f9aa07bf8c7c,train,60123,1
961,01f2c4ec2235d4dd624f0e64f577fd810cb942fb,train,20864 85088 85095,3
962,7f22a8649c33a5e620a67f8d14d8af0de7f1e79c,train,19622,1
963,594fcba59a8af88ef6a95184701cccc34c3cdc38,train,38344 85472 85479,3
964,571a37c0c09592cbb9c3e3caf7092fd79ededb7c,train,37016,1
965,346c8a87e9761cd42e7c1b390ab2241b5c1905ec,train,53653,1
966,eff7c34af9899379d3ccda818fa86b4fac33d679,train,51809,1
967,c32a54c61f7791595b01a0cafc7d7521436c61f5,train,5360,1
970,f33db149a6c452ccea528f7c21cc776814fb44ea,train,12964 12966,2
971,ebb29cb7db165f4a94f64d4d2553c44548c237ac,train,40916 40918,2
974,13bdf16a89c7565942b0923343189a64c07b83c9,train,82096,1
975,f9f4f83597403f57aecd7538ceb939915549deee,train,33167,1
976,b0b76860f4e7796f14b309daa799c9d200119adc,train,39524 39526,2
977,377315620e1182c822072390a738344531c9d9f6,train,34161,1
978,ab2803f26e8c8ea2f1ca4add855b1ff9aa32cd1b,train,42711,1
979,962ebb3bad64e37df39ceb4165611f8f3f477787,train,20107,1
980,e907ce953dc2eaac1a22e5bd1a30b8ce127eae12,train,28860 28862,2
981,9c6ba2b273dd07501950f935362ab0ab763493c3,train,13255,1
983,92518da73142ff5ef4d31e21b8efd03ac675b2cc,train,61210,1
984,69d667d0231a80eff6225233a3e85fe28eee12c1,train,693,1
985,cc90dcf1dcf7f5cd9e90219ca61f2ecfbfda90d6,train,59252,1
987,7a2e172176f60c19e2d86c80d1f9d1595f84ed63,train,6376 36912 36919,3
989,0a4dfd79a902474e8c3e9801b63d4f846b3e60da,train,61084 61086,2
990,6a0474acb6017a07fbe851c49a9be75fd915ef3b,train,50396 50398,2
991,8948d60e4089c1fc603c56350367db3d17117434,train,54521,1
993,5862e11eac26d608b70006043550d2d218058f30,train,90530,1
994,431b5d6db8a0b44f03acf729014405e5898deb25,train,11644 11646,2
995,0f895d2fa664f25923d331167a5e31a9e4b0b2ae,train,40965,1
996,93fac8d88faef046b0dcb5e1e893421ca24c9551,train,62683,1
997,3223bce41008ea7c615565a12c2d0759a8db7b3b,train,40812 40814,2
1000,6508e43592d4a4636fcc0cbe8c26366de9ad2ecc,train,52746,1
1001,784f9c650cd4e8aa9efe03f54277bc983e1ec054,train,34652 34654,2
1002,53ef61c8589145640dc58435aabd289103ade586,train,83131,1
1003,eafba9917efd2780ef93af35758d89868b87ac9d,train,26049,1
1004,f13a18ec9caff163b17737f8f8854cc1608bd549,train,77675,1
1005,b40a45f14152f4681b9e529bf12eac0dd4b17187,train,42499,1
1006,8731dcbe011dfbb7a918ddeaaa2494b0c4405f94,train,31052 31054,2
1007,a452fb9318c451f11031a930675e9978ba230bfc,train,26960 26967,2
1008,22ad67d95f53b8441e9c43d07c6c6e8d18da7c17,train,23673,1
1009,cbf21adcaba1cb1094b644bd08a94d430b8ab830,train,92512 92519,2
1011,5b2e89bda378a6858e837d1c4222eccf882a29b5,train,73692 73694,2
1012,ff3fa046bea79b52d5935c23a57e3ba18550e029,train,979,1
1013,7be3825f56be2e27dea5529b35719ba6ff527221,train,68745,1
1014,43065f6d3a5e033445af432b6fc77cf84a2ad136,train,9685,1
1015,95e349e7fd6325915d37b5eea5b09006d7978ae7,train,70827,1
1016,ef71700e244b2d8a2a8a65abe0173ee2f34635aa,train,84823,1
1017,74df2002eb99d4ed208b1f76e0dc73ec57eaf16a,train,55888,1
1019,b07800745ac9766ef202bf01197fd0638ed0e1d1,train,74521,1
1021,8853e7f4a29baf7d65a3cf85bf478da018a87f1a,train,33668,1
1022,151b24967b5502d8301dfaef974c570b9f747a77,train,60206,1
1023,58dca555071c6b72009e1a7d84d40b9479a8be67,train,18516,1
1025,189358bb47f459a69f08c5b3bc3d4907f3aabd6e,train,21283,1
1026,c63f83f03f6a13e866c12a0b36a09b39c738bbbe,train,13572 13574,2
1027,4c6a29cad1cd96d060ca8cc0e25df6c69cff4d31,train,63263,1
1028,8c9f4cae89e4953bf4ed9db3aa6fcca1f59aaa63,train,37207,1
1029,ef4164e125a70dd65436bc915fa10467bf313042,train,29140 29142,2
1030,b9cba510e0d20c3e80a7288b07f680ba326da2ed,train,28432 28439,2
1031,fec55927a09b46624400557c5e04b13510db4646,train,86969,1
1032,41dd2de9e685012d67d41c297d19b76e19cd9103,train,67880,1
1033,26fbed5b1f59ae9f46e45382bdbc00c39e3c010c,train,7449,1
1034,f57228c975d0ae72b61645f8e5ad4bf13a931654,train,1048,1
1035,44bd83d7e87f7c0acd61ba13544965e3dcf2a1b1,train,34815,1
1037,0ac969a22754bbb6742c2aace2901322a36720d3,train,75160,1
1038,bade74680ba88e452467bc87cf58b3911165d3a5,train,66988 66990,2
1039,490858ff64dec72701a93ac7a54e56be4f0660b6,train,81514,1
1041,b30e3de19343e0c1e5adf74631ddf4eb281ab0c2,train,89672,1
1042,55a4b0cff5b69f72e501dc7b8247e6a25d99dca8,train,72091,1
1044,ee6ae6edeee0ed253b6c030589e7e063a18c61ac,train,80268,1
1045,b32b0787fd9511573a7d064bad0f62ebb3344b9c,train,19888,1
1046,6a0474acb6017a07fbe851c49a9be75fd915ef3b,train,50396 50398,2
1047,7f72703f6d904d44190730400707fa955429fd17,train,1706,1
1048,b51284a548da88f64981d1113db49177c43d7f2d,train,65379,1
1049,9e76e6b9da21dc7b66626d23fa6db6e21ed57000,train,72625,1
1050,96911cc84bab135b6a2939f285ea64ed22012ebe,train,70561,1
1051,9712fb01d4aa02620d2167f3562f0a5141a2e402,train,33732 33734,2
1052,eb7f4acdbac5c440e9d34c542e7d30ebd827aa8b,train,52473,1
1053,595efd520b153c22388b916a790d0ebc7d144b52,train,30754,1
1054,7ab4e855b0f0d573e0e9391b1dfa15e585bdf6f6,train,61697,1
1055,d2adf806cdda90243b28f0a2d89d0487db404b83,train,67866,1
1056,5267f5b0f34331ff42cfc0e08531e907da6f63c6,train,1444 1446,2
1057,b667db75afa235d5bab056b54e97b319a9541331,train,73194,1
1058,fa098a87026ded5db1c5f0bf0b955fc3463226ed,train,30283,1
1059,ff6ba24a24fb59a8a2a9a0d2ae92590b53176635,train,4693,1
1060,f3c9806db45be23eac149ed3a240028f67a4e2af,train,25750,1
1061,1d6c3a56009299d27fe232f1966e77907df59b37,train,44608 44615,2
1062,50f658355cb69fca054d27a77f045cfcc8ecb625,train,72592 72599,2
1063,e55b13c7dedcdc9ef58cfb2454070710b3000619,train,68054,1
1064,4e10fe2ad6502d027b48798373b3495da88c3f03,train,82472 85416 85423,3
1065,6fc1a6be36ae731c6500e4bb866987ae152020e3,train,5689,1
1066,824ae6b3ecc138e4614990cca523efb461a9ae1c,train,2284,1
1067,34d7d48fdc38cd1c4b795260f1be75987399afc4,train,68877,1
1069,8105094c56f6e349ff9be4fdc011bc7e4366f46e,train,38810,1
1070,a4a7ef634eeb703f638634864829c1c2da859641,train,59666,1
1071,dfc3cc2c565b6d4eead91eff9f6dd9693571961d,train,53602,1
1072,aad29c87817ecc835cf131397d13a2d7ce672ca2,train,59900 59902,2
1073,b08b12dd4e6cb2e2682cfcc2dea938ed4d175864,train,54120,1
1074,de446fa260eb319cfaa82c25ad5fa5a4fb784c39,train,91280,1
1075,1bface70ff5620c54848bf215a94141b70c571ac,train,78275,1
1076,bb0016e2661b90c3f89c493bcebd62840cd65149,train,60373,1
1077,5f8c765bfc8f4340f29909c704dec8f6475958dc,train,63690,1
1078,e59f011fd3625a3c2399528e1456ebf643d0cddb,train,66937,1
1079,7493e75b643c8eae3e782ee9f09957fd25aa9cb2,train,46336 80320 80327,3
1080,9260b7aebd8bfd932cf85548f097b8ec0dc26480,train,54175,1
1081,831695368bddec9c35cf4114c10110db8fb7ccde,train,88776,1
1083,6c4fde90e2c257b340c67c7bfbddd33149e4ab10,train,76625,1
1084,69a8c29f9aa495b853adb7bd23036f9000f9e3c6,train,49431,1
1085,6f83cc983eac7eda8fdea1baf85894ccb0a6a766,train,2592 2599,2
1086,9f103ccf5d3e17e1d5f69f706a89cd878f6d91a0,train,78611,1
1087,48147b0338d70d40d81b774265e6bc47d18322b1,train,93045,1
1089,724506c0c583abb589a05e0ac945e24cafd0635e,train,84797,1
1090,d9339ef2c267cd6be7c1c6a2f8045844b686b5e6,train,450,1
1091,fa06e42c4f064b67dcc35c34067b1357daf00ec0,train,16923,1
1093,d374440ce856acc7e0e4f87fe01fd6e2838b952e,train,88675,1
1094,4a47115f9330a6f06be6de1f2d1d77cce5d8ae37,train,43269,1
1095,c642b7c5c95e40c06c29e38d54d6275c30e7ab02,train,44084 44086,2
1097,b13a372af4435f7f5d82bb449e51963588c1afd2,train,71241,1
1098,a57930382edc27627fa6519187dadda3f766743c,train,25612 25614,2
1099,b182f630526dad9f4cfd36805e5d8d0dbe8b4720,train,18590,1
1100,f1f0477982d69ad50f8aa751ace5ea723d2ecd06,train,61936,1
1101,494d1c2fc24c7317914e1721f29d76e4eaecc06d,train,62436,1
1102,d6c6fdc6831083cdd4c5d632497ce04f0096ad7c,train,19105,1
1103,824618669d6a957e78950fc1a600a98763a8c9b1,train,22188 22190,2
1105,57e998edfa19a8c1ca8c296aa1061a942bed4e5e,train,75737,1
1107,b749f6a2f0615fe7bc6d384afb433135830917ce,train,17473,1
1108,42858c9fa6a0e79bdc2f35057ade4469ec306e3c,train,45419,1
1109,be30dafaaac3db87e1cd5238142d1077b9e4ba4d,train,13288 13295,2
1110,ee08579c87f0f06792a3863557e20e34c3fab36f,train,13048,1
1111,4b2390fcb0389c2e46585456fdab8ad2dd3f9c85,train,7038,1
1112,54545ec5cdb4cfa56280471316a3aa656e41bbfd,train,29312,1
1114,57268a8a45b2588cb46f6221787f146111429050,train,19136 19143 36584,3
1115,a308d8cc7c2e576cdcd6812fb94887804a14f065,train,51812,1
1116,9b166b616e34157ff42973acedcd7ba529d75042,train,12424 12431,2
1117,377018b07ad5b8e1e4b04768fa0d050fa5826ff0,train,31088 31095,2
1118,696bf1e230204a447d577a600f37207da7a9d959,train,29618,1
1119,927fad36226e74f058f614193fa129f2723a8f26,train,38301,1
1121,8b789db53311305d85835616ed1e42f677984ee4,train,44395,1
1123,cb5b5f31f50c31ac72b01d218534c19f8984926e,train,8248 91472 91479,3
1124,6d958402d9088131e20c2fea6e420a191e9c848d,train,44128,1
1125,8901c0793e89ead9f14f1846dcf6d163db5da424,train,57220 57222,2
1130,f7f7674f8f24aa63d779d6fabba04e99a762aceb,train,61036 61038,2
1132,5705258a2408178acbae44739f4a48d1a73acb1c,train,59555,1
1133,1619ffc2cf3b99f0948d59214ad1d20d5ce82644,train,36908 36910,2
1134,ce7e16f207ead098e80ca500098c26ba54762951,train,71996 71998,2
1136,e846fa862cc1178fb1475f20baebfafb4f851081,train,86138,1
1137,2bee17f90adbe6484e00a39b4b732fb507b5b4fb,train,84616 84623,2
1138,c5279175bcabc8f02a2f1650d9d5dbe7fce62f7c,train,3216 3223,2
1140,34370cd18a9bd5346273789c217edafe65ecca93,train,11584 11591 75472,3
1141,01233d9c18d1b69be90d5a59522564eb1cd80cbd,train,52568,1
1142,1cbfe3246a07a8876aac7b4d131e2c87372f417d,train,88078,1
1143,9011cab1ca10fc5cec4c7bfcf56589621a81819a,train,32432 32439,2
1144,aa79037a5f433a10ebf228e580ee952a6d041886,train,72268 72270,2
1146,e77e278088518d0ca2f6b6494f76fefbbbf0bd92,train,32292 32294,2
1147,0d52752dda6ec7dc42ca289187400502494fed6a,train,62113,1
1148,d166938b42706d989d68b80500cad135e027b095,train,29867,1
1149,4a8a78a559fbb4c6543f33006059bf49cfd0810e,train,46264 90792 90799,3
1150,ec3239808ae47549acfcaa26aca8610bef63d122,train,62935,1
1152,e7ba6f7b67364d0cddba55366185771bf0c58d6a,train,66668 66670,2
1153,178f04f8d4c7d5a2d7be2648e3bd9d1107f7dcea,train,58969,1
1156,7b5827f09b82afe5436682896a80b25a4c6d0e11,train,24293,1
1159,74105a86f323792d0f474ad2ecc8bf1c21f6b9f5,train,4146,1
1160,4e14688601d8b2cdc289226cbeb54cf09705c2b1,train,93298,1
1161,5c3346831ae38b47f499e1918e9fd22febf739a0,train,42472 42479 81048,3
1162,e6a333e3ebbe49d009d3b69f97ea1aa4e65f1093,train,78617,1
1163,cf049b82e2ce508a82b0958d1f1fa23fa143ee58,train,1662,1
1164,6aa294456006025006148957b07274c86ae3c051,train,38272,1
1165,bfafa7dfb6bd42668676bb1bc0b88393cb88fe33,train,80362,1
1166,07b9eb837d100d99c4ec675d70e8286efc745e05,train,14097,1
1167,3d4a51c65bcd7f2fd8633101142498c4e26455f1,train,84554,1
1168,558ebe809a86eb2853367e14b885390fcfbc9fbd,train,48738,1
1169,599e4793b123f066801901d5d6a97f55fb86abe5,train,4801,1
1173,322c78bd48c948f494f8585c0a1368cb2ad46ea2,train,86414,1
1174,808c7749e57ca8c14ea7f771bd5065411879c9ff,train,34503,1
1175,27148415808a57125a79b8332e7399c6795f05ac,train,32392,1
1176,d36a285ec8623f6201311a80b98a8565da8b3299,train,57216 57223,2
1177,8226e4cec7d2bb02622219a21610bd561a045d11,train,13088 13095 62544,3
1178,77fcd0d842936e79f3f42ad96d05e12ce90f3e05,train,58684 58686,2
1179,8ec37da0ab3921690bec08b545b860245ddd2da9,train,17218,1
1180,b82bf9bce956fc532b938d7154e299afc6bcf0f9,train,34756,1
1181,e48a0e85cb848e6187b88f341de4a1f17211e0b2,train,59804 59806,2
1182,fca6156a816a2e57efe2cfbba90ee57d608a7466,train,19509,1
1183,5331e0f2f8bc32e95ff3ecbe8acc6c7189c0e5dc,train,24477,1
1184,86a10fcebaf108db02c62127c1476837c73021c8,train,83325,1
1185,d8420778831473292ee88981776c3115b6a0f48d,train,89924,1
1186,5576ae58c365f5578b046ca0daff85eb40e01515,train,24096 35392 35399,3
1187,93dd4fbcfe566d9feda5b816a0d8bbadf6ca748d,train,33040,1
1188,5a8485090f0e5043f43c9f24e09a3abe3b14af3d,train,19484 19486,2
1189,70683f91f39e94deab2f2fd30e0fd0e7d1e4ae2c,train,31597,1
1193,0495c6be5f169e6debea8676ae9a9b489cbd2bda,train,64964 64966,2
1194,1be95398f4888db0510fd0dda01320f3c29eeeaf,train,77713,1
1195,dd58e2c44d4200cb615f58f6effe412e0771ddd4,train,72716 72718,2
1196,3d227ce8d17b06aab73b7c0c3a793047f1a3d3c1,train,13722,1
1197,88056a74360075f94ecc10175baa7a32d61cb48a,train,61525,1
1198,a8b54005dd339cb958d43a46346102f8158c5115,train,23269,1
1199,4b9bfb882304506aaaaec36c90149c5932359733,train,87779,1
1200,ba1fd1469081cb452a4c3cfbeb9b52c3ccb9ccdd,train,28797,1
1201,6d56c70c59ba63a241b88b04abfce339c36e6f76,train,21286,1
1202,ab9a31c35e4ba891523f986eac40c8272bd3feb1,train,33781,1
1203,17de385136ab1545f1be3a324c2b35fa8e75356c,train,19928,1
1204,b48ba4ea00e1b2f163d911f4d435766adfa1e2f8,train,54435,1
1205,fcf4f2ec64208693fade2ed76b9195851ad7af9c,train,86008 86015,2
1208,f2dfb94671b99028d0569753aa57e1510226255c,train,79696 79703,2
1209,fc33abcd12c31ec614e6388da02db8e0168b62c6,train,45428,1
1211,20c6e4ceb21211aef7d05989ff74962beee4dcd5,train,74416 74423,2
1212,2de71f54d2c1d5cbc06661753caf0ac88ffcf2b1,train,50909,1
1213,bd9b16a9e9290c1b701fef1eb4f906531d0e3ca1,train,63729,1
1214,b4574aa4daab0ebe35843a727f687e1a6cd31d33,train,6371,1
1215,4427ad118a3a37b51aeef3536b980543506c0eb7,train,64540 64542,2
1216,264d6a8c8753687ad590826310a10ff83f0828a3,train,28387,1
1217,659aa36498742c4c271cbe345283f5a22f8db84a,train,62016 62023 92320,3
1219,fc67f5d6cadad7f631b3c640b7de3894bbd151c9,train,42444 42446,2
1220,07e629a4401d87a550c9196d4add7c0dad0ec206,train,65186,1
1221,b9dedccdf859427ee9d510c103a8f69184113224,train,75723,1
1222,a6db0af466f73f0541f34f181626fb95a019b74e,train,32010,1
1224,7cfe9c73cab14a0ca7457d0d7854d574136dc7ac,train,30055,1
1225,700e2bd1ed405290e28ef807fa3ac2cdc720606a,train,41092 41094,2
1226,4f48cd17b25dd754e6f260585f291ea49f0726aa,train,35033,1
1228,d231460b8c8b285c5ee03f7012a7c72288f6cb50,train,74417,1
1229,d0efc1142531af924ed097bd80c920638f88b16c,train,56664,1
1232,e0ab069e42d8c609b25c21a7c82371ed489ff0c6,train,48308 48310,2
1234,5bfd3137011176ab64d4d98c8bbed4372f5853e8,train,67953,1
1235,7fcca5ba7f50051a2a970df5393570de5fbb2441,train,15252,1
1236,4b7c5312891e280f7ada9f4f13feb4650ad7d53f,train,3,1
1239,a66a6577d94ef02b4eeae416c14e27f808b704c1,train,69495,1
1241,53b762ae35d30513486607924c0194b90acfcccb,train,17488,1
1242,0c83b30215b257660ee5343d1713f22779b6d4fa,train,38623,1
1243,5862e11eac26d608b70006043550d2d218058f30,train,90530,1
1244,4a00c4c524b13fb29aaef7d97aa47dc392a6d7d0,train,54657,1
1248,6fc6a021ebe34384a7484a54695904e95dc049d5,train,13524 13526,2
1249,9674a70397e084f1db7e507dad0cc996cd9f9315,train,3384,1
1250,befb0fdb69c3bdf3f50bbe99beb70fdbb54e534d,train,24650,1
1252,9543e54b1b4bbde2e4c944e91647dafa2502b4e7,train,43007,1
1253,dd8309352eb2bf32df21f878b955d53be4c19eff,train,77120 77127,2
1255,8910cef0f7bfcc459e36ab6f89f471588fa1bd21,train,92700 92702,2
1257,69420c496df7dd0f61ecc5dac470ebcf775f6dfa,train,76238,1
1258,b479fbfc556b202b5bac382211d12449ab14ea3f,train,52574,1
1261,b03f895f384534e75998561e691a4a09b00f8300,train,61312 61319,2
1262,13179eb6d3feb7d4f3ab5f4a9b24fa19140baaf0,train,10080,1
1267,0fd84f396c320b386bd0278f9aa32a6efe03187d,train,56533,1
1268,e040e0fd4969b8567f78a369341536557f4b4a0f,train,39570,1
1269,df8fc7b11bfe0f649f253d5f97b6004fd081fe55,train,82455,1
1272,5d25f05cd8d183f91cf45001fa7f14996d8b7efa,train,36287,1
1273,a5b542a393d96fc94a81ce6f1dd7e08ed4152e84,train,83909,1
1274,b6b57c0ef1bc900bf21df952c109745406c39922,train,11852 11854,2
1275,3772647ce593c78405743c3a4a016fa9eb3e0527,train,77874,1
1276,52a969a996dc96238ab89d981b98fc1083a60732,train,35383,1
1278,8292e27f667d9d0a5c1af31cf8f2a4c1eae45340,train,72185,1
1279,c609d34a94dda2494da740185fe14bb4e74aae48,train,13188,1
1280,9f14ba9d1ecf90d567fc78e3d76dcf4e05fcde9c,train,66762,1
1281,23389679cc60231eded2f051473caf3e3a5c2c8b,train,49588,1
1282,73031f4920787eb58f5ce410b498ffcaccede1d7,train,84303,1
1284,59187f5d3bda565f00c946bdca6422565560354c,train,48800 48807,2
1285,81a1a0635214ee5bf19244855b69653f1114760a,train,21504 44152 44159,3
1286,c6064a3c3c05937de2fbe7acc7f6df5fd7a73a2e,train,29185,1
1288,51d11fee8ed45571be8bc9991305f7c999dc9e8e,train,12432 47032 47039,3
1289,6ef7c77fd467b3fe2963613e2af6607665a4f136,train,23076,1
1291,daf9bdf463e4f64bb099c3aa4e8d88a5112a2a38,train,47282,1
1292,b020be097087210d93704e1cc2feaff52784865d,train,40328 40335,2
1293,00c0591ef06439e2c33ebd705bfb2670b1d07ce6,train,35572 35574,2
1295,dd34dd810ab2e64f99360e95ab19c5eed65d9bfc,train,84787,1
1296,1adba146463dc1de006a20aa49d390d6c051b2cc,train,21040,1
1297,bcd766a1b6ac9fed1274e17851795cb5fda2f8cd,train,83572 83574,2
1301,b5a69421436bbb803be081622b302ae03bc6a535,train,34126,1
1302,e85a06bc0ea08c503be66847839a6cdb2f0d01ca,train,57783,1
1303,66eba45cbb4165a08084e358e9929613b4fde705,train,72145,1
1304,2115dda088ef3dff20a159de0bac480428ca0927,train,27776,1
1305,dc5a97196bf70820e37cd231ec992af65a971af3,train,92197,1
1306,6e2d65cb95d904ab30968f0f02efd15eb4f102fc,train,77672,1
1307,1fe5e310d4468b23dbcaec8ddcd48128396a2b83,train,73647,1
1308,e3b6372b2801073361bde6e778028a6450c3a6be,train,82050,1
1310,53fa94140c66ca8fe3acc8ccf4a2d8b0939152f1,train,89790,1
1311,d1ce6546f8d0f8ebe670a9c0b260fd6960374c37,train,64017,1
1312,96dcd65c843a24992464c5629dc351bb16a6e177,train,30369,1
1313,9ea87325f8e9431b6f93200e69153fafa2eead9b,train,63692,1
1315,879ff4177043c43e06b3fd4cdec5f0a470c61afe,train,66699,1
1316,31063346d43fc4f1155c35f246dd77cf4884005e,train,44872,1
1318,52e95064ca193b53641bdf3fe0fd276c7883cd5d,train,24929,1
1319,7b96d9234c1296b06e011acf19b1dbfc7a9f425b,train,58012 58014,2
1320,4b3a160c3b1097ff13df968952a4d3650f5310d9,train,82879,1
1321,5dcc4682a4aabf4bf20cdc9d281b187d135f50f7,train,90327,1
1323,ade4394a62f608cbbe649ebd43c8c338e7520a10,train,67922,1
1324,61b99cbfe6503282d572f797ed548cef7cadf408,train,27096 27103,2
1327,4ae61bbdfba208f00620a0837769f9464fea1df8,train,5634,1
1328,d5c9f7c4be7ce8cc13130216a9e1541cba512eaa,train,45017,1
1329,7af4e91b581f43cfcef8b60e98e75121a11115b2,train,16160 16167 23600,3
1331,4b8a25aa47dccab6a3139a66bbf503bcffacf6f5,train,32648,1
1332,e9cd4dd7300131714359543548d8196376b65f4f,train,90152,1
1333,6d3a58604fc8f69d60ee5cf10747b76845b73707,train,66152 66159,2
1335,1ec16dfd808c2dc56f1ffc457fe3c78d943424a2,train,51128 51135,2
1336,d4878ef36f0933e8729d1da314b998fd44d9d6d4,train,52667,1
1337,f652d6f441f7e20c4a489374bffdeabcd66c9c9d,train,89677,1
1338,0c3340efebcf1b3c76e173787827c35726f2a28d,train,66013,1
1339,0106d43f6ca7d66461ff0cef7c1670e04057a3cc,train,27605,1
1340,60fbadd839264f4b4e185316e5ecb49ad5537e5c,train,72724 72726,2
1341,5b3514147b8abc2a0c4a93f093b45b8638d52c91,train,79053,1
1343,5d62bf203e6a68eca13615e62d818b3473d6f3d0,train,18671,1
1344,788ef8dcdcdecd555807026b2a68e42a1240d0f0,train,89560,1
1345,35eaf8af683ba97122765fb2dc2d19a05145299b,train,5132 5134,2
1347,999d9506ec2f350de6e9c9f5e12bbaacc2ade216,train,79364 79366,2
1348,9808871447a3c9d242dc4a02933c8d66e3ca6434,train,40386,1
1350,4e364b6d28764be12ed9da2a80f063c7a3324a22,train,7215,1
1351,5c9c936a870f0075028a6a0c5fae310c5ce54f5f,train,70564,1
1352,6cc2b9bdfa0e916cf70d11c9aeae0644add132ba,train,75481,1
1353,71d6d0c566f73353daeed24c597d226fad7c130c,train,37399,1
1354,44b0560060115cc1d16da6f8657fcbf508428a7c,train,68412 68414,2
1355,7c10b975714e619ef556d03702c004144ca7a269,train,79850,1
1356,3febd36aab13c6608fc5138bd18f4f2485bd6cdb,train,54564,1
1357,894ea1c62993b51a195e9911377f6f3d6845ad12,train,7328,1
1358,acdfaf778b5d5a94012b68b07ad6ed7413fbb670,train,92290,1
1359,71b263ba4206f0b83d910bc955738883f161ff5d,train,61492 61494,2
1360,5fa308cb325648b1c6afe3c2cba3ac8681d4fe7e,train,45808,1
1361,fbeac70c6ff6a9a6a487ff7a23f294f330a289c8,train,50865,1
1362,2b60061c085100850bff3a2dd4922c8c986024aa,train,2051,1
1363,9ccd13391d5fd6613da41a6296db69f4d6b34f13,train,8155,1
1364,7b9cca0cdc46dbe3c4d85b05fd072c8d7df86222,train,23897,1
1365,4726e3a15ac0cd4c99817ff714eae56a04a43b27,train,15343,1
1367,122810fb528ba1a9b3df3fe31f2e6fdadea99292,train,66573,1
1368,5a9e2892b9cad6de3160fc0c1d11bf6810fe06e4,train,31846,1
1371,7eee0a6aebfd4930de33aee8277778d48f76c94b,train,82544 88872 88879,3
1372,2535a810ce90b782ae685164d0a0cbffd87a3705,train,47491,1
1373,2d37c5bff4b402f5a5231a09d78dc10f52875f0b,train,53518,1
1374,b733a8916ff0b085691705c7d7d692e2ca3d3597,train,46695,1
1375,95a0482b939c0d78210275a0de41ee052fe9a212,train,39092 39094,2
1376,36830491e9615a70e8ea5b2634fd29fa7c849286,train,92225,1
1377,c8088b73f833b1bc0f3256f8ffffa84c758274f0,train,19144,1
1378,3078b4332037a1e0dee2f5ab9b2138d87c22679c,train,29164,1
1379,f3a754eee894a7fe62adf38f45ae914c4ebae394,train,67375,1
1380,64121a083de85e6c3655662a5a68de9a9b9c8cae,train,88160,1
1381,8649543af992b16cfd2793043d6a279fb288a064,train,24951,1
1382,6b4fbd1497fddacceb8110540a23624590ad1925,train,71637,1
1383,8001a8f4b89f0b35676329b4a7d8cf631c7e33cb,train,3588,1
1384,1c347c0ed151289dac3c00b9158cd8e699ef8842,train,20708,1
1385,11a2e46a87ef609e80f2bdcc4c484377364c6a45,train,26768 26775,2
1387,0fb91dd190bf82d740613af50b92424f97fa271b,train,54344,1
1388,25a38af4ac0a75548b4db0acb2bd820111005445,train,83099,1
1389,6465af7a5ba8c0b02de1badd2a81bde584919a70,train,56674,1
1390,97c27580be4b9dcd004c27a3f03f248a5cdf2e5b,train,38371,1
1391,3b1e171cd1d93dd5c55d7b095848cae536188d33,train,1061,1
1392,dd038521463d00a92755cff8bdf3b19ef7b84024,train,54815,1
1393,a5d8a10711f5701983feb0666f1940493f7baf80,train,87970,1
1394,d40b285f4086135fc35e5f3a620e06eb086d6403,train,48565,1
1395,59347a88cdefbc236254db080817e358b56e85a8,train,20937,1
1396,da612e260034623d1cd282aa04e3afea948d3ad7,train,47187,1
1397,21bb3422d1264fd8c46cea1ea0f4f872d5614c81,train,21715,1
1398,ce366e6cd401806d2796599e916b666a0c1acac5,train,49520 49527,2
1399,0620f48ea9132be5f9450671e3e75a6fa150a0c4,train,54631,1
1401,6c055e7ef9679c82ac2936f83593806192a30106,train,33258,1
1402,87c7ee38b86e1ff3317d14ee5f49ad44d7197f58,train,72804 72806,2
1403,48a0274f72c55e49980981deca74d26ea5133fe3,train,21,1
1404,35f33443dcce642879b3839c55012faf92ec93fe,train,44482,1
1407,c51f33636b4fd1d287b3bbe3447a7038d2ddaec6,train,66420 66422,2
1408,2b4fa0cbc239d832d76524864b93c9c2913bce33,train,60383,1
1409,d98e883e4b58391bd4ffec6ee67d219a673b36d2,train,84152 84159,2
1410,8a4a4a6c27509af50806af404301c5f594e03a16,train,48550,1
1412,98009ad1c823dd47ca613c2748b6ef12cadccb9f,train,11880,1
1413,57102d76f1a4d934bb8b46b9cb472a2cd6714048,train,87900,1
1414,ad7b040e686dd0203fbe00201881c29cd6d6b210,train,80859,1
1416,cbaff528d8e1c660acbe2660b37a97ad1016ada2,train,35324 35326,2
1417,546ea2598d6f9f1a63ee0946a3ec6256e3ed54c4,train,46570,1
1418,ff61ca26a1e3243312b8d50074669c86522a09da,train,39812,1
1419,b9070b20dd0cc1e527475aaa32dfc8ff96f27506,train,62181,1
1420,7642c8e478269487137abaf90dc22f8fda074da6,train,82299,1
1421,2d3de576a0a9ad9ef3aada7b9658eaa6d584262c,train,28531,1
1422,8cc36db6b5bf3290a37e277023f3676d72900d7b,train,17299,1
1423,1fbc57786252466582ebe72dc8ab65cdbb44f9b4,train,40600 40607,2
1424,ae28beeedfe9b7c5fbd8b41182ea5f5dcd89aff4,train,67300,1
1425,94060b4fdf34cb0dd702f270310e645ad9956189,train,17706,1
1426,505596afaaee7d4c426f721d7e211b4918fffee5,train,21071,1
1427,a2c188854c43705e9173333de2b7731a88662289,train,16811,1
1428,90624cc331660bfcbe0ea2be028c03f478fa28fb,train,53699,1
1431,138e84e9ab8cbf15465837adce42640d6048aa8e,train,32368 41632 41639,3
1432,d70805d408f5aee4f6387be9a9da1fcafb68feb1,train,60664,1
1434,18fbc71d052c554350db8e89091c8b91f7b7a3c0,train,26704 26711,2
1435,ba8d06ba8245e6e27f5704876ee41106ff33b41f,train,33656,1
1436,565e5a84bb50ebe1d02b2d393ca0e39bffbcc869,train,48420 48422,2
1437,36da0c40a34b0e61a89c9560a74cff186ad0bc58,train,46908,1
1438,24fddbc5c8fecbf1b9e2fd39b63c224e1dc1d586,train,89553,1
1439,7d72c6f636ea7dc280fc3a25ebea11893a24911a,train,40327,1
1440,04d9fdec1e2ad821d973621a552a57d00d9a28fa,train,40886,1
1441,109dbeda0c88dfb701415714b3834e7257e3c0ed,train,23880 23887 84040,3
1442,64b835157f7a8fcfaf2e44ff2383b6330f6f2044,train,74100 74102,2
1443,806b1b50b340e654341319143d17d7570807f1b7,train,47300,1
1445,da735ffd82372020fa738ee9bbd59f40795ab6a6,train,8048 8055,2
1446,7f8909b976c3d1fb3bfd103a1aa2cdb8fc3bff42,train,12738,1
1448,e5f0ba5317e88bb8c33df0434f1f1ce1f705e0bc,train,87008,1
1449,fa7b807573531ee49a7431812343da75de91154a,train,54924,1
1451,7d8222894bef3efcbba22d7e59745041bfa52c68,train,62650,1
1453,38a423bcac7f3eeb856206b45795cecc0edbf4f0,train,53476 53478,2
1454,8ad82f9e787724f211bcb6739741d4b2a7968536,train,92401,1
1455,970a9ea099e9ef67089320020d956fa6c4c3f8e0,train,3832,1
1456,ab37b52f2b4b9258f97cdafc6c720cb8c67ffc7c,train,61706,1
1458,120e5fa7e31445d2c83875dad1e5553623cc44ff,train,81179,1
1459,717e190ae2f80d8a66874ea8a879a7159d1657cf,train,77798,1
1460,de241fcb35b420b26f50536749f8eaacc3062ce3,train,8488 8495,2
1461,2b0f8bfc06eca2971b0e3f1d68dd02f7288b358f,train,35802,1
1462,7bd864bea517df1147ee666a6bd02a2d91e61d5f,train,5004 5006,2
1464,83283269e47507a0d63440acb6e1db82e763aad3,train,48416 48423 86136,3
1465,99da0c38ed4772204ee960dbbc814080b0a2b44b,train,91400 91407,2
1468,49c54cc92f347da169bf55eadb9f955fa80da4d3,train,25547,1
1470,a1fda5e033ebb639f3b1ba70bc03bccd7c1d8f66,train,86988 86990,2
1472,1894b5b3e2a2565a1555e1ace7aeefb4ed2f068b,train,73953,1
1473,0c131fe71ca5639d116e9296eda60b29067e9bf0,train,78584,1
1474,bb43089383de7d75b4320b247cce0423b6289f8b,train,25880 25887,2
1477,863005e6fd27fddb2d7efcf87da9b2e8b5569bb8,train,45489,1
1478,432e8058e4c792e7e3268e18913ecaaf1184876a,train,64956,1
1479,a63e509ea4cd2757eeac409b5dc990a62b9aa987,train,62866,1
1480,d0946f6aa356f2f48dc4a98671d2fa17954d05f3,train,29612,1
1481,18e0d897df96b7fb918d45778ce835af714bc2b9,train,41562,1
1482,e24696157014e1038d0eb683a62aa6e9ec4b36da,train,73829,1
1484,b3b9ae3d17d6d6083b07a39a16684ccf3655b92e,train,28129,1
1485,e0c4f860aeff35a0c0ab4f43a622ea4db23e730f,train,22923,1
1486,e509026e000afe55676c77f2643108f1f0a8c2a3,train,80511,1
1487,cbac0d3a8e2b2ef5d3b21cf0dc1d883b8f4475b8,train,50284 50286,2
1488,0e3a0e6c5990f39847fb2c36d2c55c244c41d807,train,24616,1
1489,7b6a267883e16ad5cb4dfcb414ba89dca85e7295,train,88351,1
1490,04d1ee60e0fb90132989ec68a2c89f9f47d255ab,train,73842,1
1492,454a89de39217086888f2296360c7bf736dce20d,train,15872,1
1493,a194b5500f3ba1e3238b66fc058f68d4aebc6993,train,27177,1
1494,bb1daf5855fc6afef128966beecc56515efc2f5b,train,16781,1
1495,93850dfeea9ec56e3a2661faace07da7aa7a6d88,train,7570,1
1496,7c42b1a2b6f1350a55c82b8f214dc91242c5bb8f,train,18773,1
1497,055eb11f7c94f4c4583d82b4a5703eb3283814c1,train,53499,1
1498,c23192686044ba2046981252e1382a576199cc87,train,15151,1
1500,df84a1e422183d88da24e7eab1741361cf412ab5,train,80874,1
1501,78c9e6c11e50600d7fcd6bd2e94586ed69e30229,train,33968 44408 44415,3
1502,54f319f2332ad21876ed9ba11ee7b09c4147df04,train,42497,1
1503,7acd2763f9d804500f40b161c71e6f4de019db6b,train,73703,1
1504,35379e84a91c91233dddc9d30340798b861c3a97,train,25905,1
1505,639dcf20e249124e41830b22874bb0867d250489,train,71692,1
1507,4952c4a2c59fe42ef205cbcc12be8ab5e090848d,train,84264,1
1508,9033cb12bb8ca77476771dcb598f79e4bf8e8dd7,train,83651,1
1509,10470f3e00f630493f04f7b4b02b80d0c3c5b066,train,656,1
1510,36212eb9b81595d2c86c19fea19379b7ad90b7d7,train,44226,1
1511,e83df6fc8a0e3a7f9714142c5006a91821885dd3,train,36836 36838,2
1512,287a3a8fec9aa2d1ecb7c95048b2d52b472d2d1a,train,56387,1
1514,ab08e20a3da7c5aeed98d0068b84d63479981e80,train,87508 87510,2
1515,048078b14e7169b9d0d57e13d094e37a9f00e2db,train,61379,1
1516,6c949f1146a4a714f428dd9cdad241b6bc26f637,train,29527,1
1517,806b1b50b340e654341319143d17d7570807f1b7,train,47300,1
1520,78b5de00166d8755bd322794acbc8d8ae2736548,train,18356 18358,2
1521,9c508d1e6e32cd32521545274930d473df1d2529,train,2809,1
1522,c1f7bc8b0a37b6a4c9f08d2d97a990365b9503c6,train,53412,1
1523,6fec32307734b468ca8338cd56a4473fde27e25f,train,28856 28863 87968,3
1524,2591cc516dafa07409a2883e011653eef3519688,train,60851,1
1525,f36e911425bbe46e8f489eb3ccf554eaee356e9a,train,54033,1
1526,25d1700f0a36ea61c9ad3384e1832ce1972eaa01,train,18196,1
1530,52dd3fac3bd3ac310aae48d6c17b85fd8cdf38c9,train,13814,1
1531,f3e5a6f0b5de17c58ed71b69b471c241a62df844,train,87664,1
1532,aec07fee7c1012457635d827d2fe3d91aa067ac9,train,4730,1
1533,9b6efe8f8bff71c4f65cca2b43923e951481e8da,train,61060 61062,2
1534,0b99ffaca6e556c7424ff38a3dd043019d5898a9,train,21861,1
1536,5f414c17ff6d5476b124508a29945a6c31e42940,train,24816 24823,2
1537,043a3bd60cbad2d37c9b4bdedc34a4e0f9291752,train,83791,1
1538,24316c236e49efb56778211e059301d7b35e9698,train,86308,1
1539,7a45dcfc69221a0e5e2b946acba8b876fcda3281,train,85229,1
1540,d0d3cf552edbb550d555d7964cb959b6fcec3cf3,train,44355,1
1541,8076985d20d7526fd9bb8d4264150e26e8a71ce0,train,91124 91126,2
1542,b538894e081334aa9ec80e277e4d2e604e658ec5,train,36048 93104 93111,3
1543,0982406c3c56f501a2139ce0c4bee8f5734e91ef,train,45703,1
1545,8a7e72c22e07636f1c27186150d37229eac29dda,train,51436 51438,2
1546,04311c24d4ee80ba6b6a5f72e7af2f7cfd38153c,train,53875,1
1547,48a6d4a3a9aac82c6788bc1fac2877173ff9b676,train,4871,1
1549,2c151a9299fd815b1efa561cce3c4982a3fe09af,train,39312,1
1551,e4acaa53d848178be07f46466575eadae238965c,train,44572 44574,2
1552,e41769999c24c6fc833cf624304ced383a30a507,train,28965,1
1553,764ed289655944e97d6662862ae2409d663f14a0,train,91186,1
1554,0a43274ceffd12756554f609257cc2fcda178d29,train,27512,1
1556,1f3ebb3e632e51632d4c46db740f25db13c2cd9f,train,6253,1
1557,793318e659106fca428f6dc769c2b7ef95938563,train,19187,1
1558,e0459f506b4b89b1bda5b67a33d4e66ee23b5e48,train,58941,1
1559,f982a84e27abb97a2bf54a37318017ed77d5dd90,train,64818,1
1561,049cc1ee436f0acd2fb374684c5294948bd6e964,train,43123,1
1562,5cb9a68683b98c0072c5a82e5ec8fcde8d365052,train,58611,1
1563,7aae30cf87e8b8470ebf7b5c38276a669084e0ad,train,32426,1
1564,b025a28f495cda05e4ab5cf47253dc7e367de02c,train,21315,1
1566,fb4f94b8e294b5a852f7485289b3c7506673d312,train,21348 21350,2
1567,d77a751c7d785b3ec2bde7441e08844394e4abbb,train,9010,1
1569,64fd6a00cdb9b5ebf48c125560aec32f98be76f4,train,46792,1
1570,52d783bd6f8d700222d6fd11dadb8efc0f876fc7,train,8600 16352 16359,3
1571,30bc1647c3646618af4079fd15e05038db6d1068,train,33517,1
1572,0e9b7addfad6b3b4c6d9138428da998acd786454,train,28959,1
1573,accd407296ea539a4a57cd05905c2e2d28dab834,train,43440,1
1574,3dd42ab8e6e249c2a7e74680365df8ba23d98560,train,30054,1
1575,178a087075740e911cccd1d577fc9e53f00870fe,train,40784 40791,2
1576,03f884b71d31aaa48f6eb133dab8b9a07e48b111,train,2527,1
1577,f07c7375799422610ccc0e24547a6f729f6fdc57,train,3117,1
1578,cd4f4c1d26e4a4dffac39bb0f5f898ef843c3837,train,37253,1
1579,872775d9add3f8728cf6744b2ced823186b11c9f,train,58460 58462,2
1580,9d6644752699e4d5850716da15a66d345a2eae43,train,23838,1
1581,ea256a0af9389a394a6acd65b875252cc8d134c9,train,21650,1
1582,9e2ce34604a8701adf0973d60a34486b6be66549,train,88806,1
1583,a8e67317fb0fa5eec532042b8765c2c80e6faeec,train,59506,1
1584,e16ee8f99be68dfe27a4eda28bcb95143ca3b2d6,train,74733,1
1585,4a058a375fe949a1a6d50a190eb1bea1e2d36d38,train,86732 86734,2
1587,18655fdcee0b4e9e5d1ab97660a791914dd200f2,train,92404 92406,2
1590,29ef2671961b873854628aa08fc39e6df7e939bc,train,20907,1
1591,8106ad4578bc8d4d4958664b9e218f41e6dee157,train,74194,1
1592,3c2ca96033d038620b1b8c3054f467faaa261d50,train,71714,1
1593,1a5f58e17fbcaff9006e3c29d7c070558b90b18b,train,4674,1
1594,8db64ceca03d4cbedecd8538bef2f2c674be2a73,train,82300,1
1595,a5556c9fdec10ad6bbb89627621f4d4756317c58,train,56785,1
1596,bed2446b1b7480e2ca2e8a78b9b7a79e549f4ee4,train,14189,1
1597,835ba62d52251160ce1b990f81efa2f1d69d3d74,train,79935,1
1598,bf3d952acd5c2a5a60d1c9f53ccac08c2e1db7b9,train,23704,1
1599,952c0ffa0c8bbb0152c84a62a9691ffdb17ba3f4,train,65016,1
1600,bfdc809ea39256191ce9595905422d1d3af0c206,train,7989,1
1601,61c45ca0da138c78f977f1997c6dd1ef6be63488,train,6794,1
1602,3e55d8cca58b3c71a781ed310e450ebba60e9152,train,63377,1
1603,be7bb7cfa4011e68234deb8bd35d4c228d343176,train,62922,1
1605,bfdcde2069ee80fc942b2b0ef2e4baa7b810d1d0,train,29424 29431 47832,3
1606,5b3bc7d67851ea1aa7e78cca2287720d8dc29580,train,54198,1
1607,aace1f0bcab0d71cddf7d3618cf99783d56ce334,train,24851,1
1608,72e85451fbb422e5812fcd6fcd1a145737d6342f,train,30331,1
1609,f8cff1e0c4480eeae90bc1724fe53c10e487684a,train,26672,1
1610,1caf29faa03b98d6f4252ff91b0df5a536b55a61,train,84164 84166,2
1611,99d0cfd923deed306f02ed4d6612c2b8307adb9f,train,2922,1
1612,5b6c913192ed0ce6443da04daa1eddeabf021485,train,18639,1
1613,cf51332a8fef00350cd81d5f787c4a92b036ab1f,train,65785,1
1614,a6a82d9513452305402e66747c0986345742323a,train,63411,1
1615,7c8fa0347abcb1f743fd3826478a330da0aeb7d9,train,53868 53870,2
1616,20bc88892b02a22c6554a05aa18ad9ca2994c575,train,59234,1
1618,732856f7999eaa94cf1eea115875c4f4bdb00a01,train,3473,1
1619,9aa8b0192c26b95ddca0867d87d2a65322a659ef,train,61849,1
1621,2586e77fc021f01b08fc109e9b302edff9ff19b5,train,981,1
1622,28f115fa0aac497225817c32e34addb7651509f1,train,82668,1
1623,7b6aeb38db04572ff92ca4e559ace95a252ebbb6,train,10880 10887,2
1624,81f21f8900aff02f55f8c0f7bcb3e05ad6ab65b7,train,35872 35879 85016,3
1626,3b343b7df19e658e71a26c76901c9f3cc696d89e,train,61473,1
1627,67c2c34fb48603d25edcd5f6eb1655a49bfae323,train,41561,1
1629,acfd84f98f70d55c97398858c597537e694b884b,train,20906,1
1630,476185ca874550cf5d029c0221d7b148c00c3dd4,train,37519,1
1631,e1d85e78624edc01bc3caaefbdc2f5365bbc159b,train,42514,1
1632,a5acf34871ef04d02dcdeb4e3839f78481b4986a,train,28179,1
1633,4187983d9054d9384baa65040bfbb7e9769943ed,train,21259,1
1634,ea5ecf80916419325f3f46745cfda8994baacd99,train,5000,1
1635,07615d5a057280c55c2896e2602a5c46ab357b20,train,47683,1
1637,b9d90561b4783a2c1d34c000645647ed79971d24,train,4876,1
1638,575a722278c6da397d9c0f08a57c79002200c834,train,81750,1
1639,9614390e124bf48cd535390d102c15571dccd77c,train,67306,1
1640,7f33b6ed4c8cae5836fd0c78c5159392466bec05,train,49256 56144 56151,3
1643,4e36fc7971c6f33c6a071200707fc1d554aeea0b,train,41596 41598,2
1644,83df0b39ab47c8702ae961ed156796f390fa1777,train,68903,1
1645,269924f7b14dbbed20f872e137c667b34cedfdb7,train,17888,1
1646,799c84f18e29eab63c3f0a2c2e3059a5d96361f3,train,91176,1
1647,dc116ec040218ae066f32bdca025c735293a33de,train,16948 16950,2
1648,a969c881dc9eaa14fc16880154caf57def402726,train,21956 21958,2
1649,10d25cc55f44c03bda5ee2c1fecf090c29c47af6,train,21075,1
1650,02b83bf18c982f4fceb82a33592c99952b4c3ad7,train,51699,1
1651,613a24cf595e6dace2c54eea05c172b27d4ba1b0,train,2129,1
1653,baea97a660e4aa6f0b59fd704d332a6a2aa102bd,train,80556 80558,2
1654,124a9f8b0bcdd73225e5e2f14d005187bf42e213,train,92940 92942,2
1655,7f33b6ed4c8cae5836fd0c78c5159392466bec05,train,49256 56144 56151,3
1656,29e52d8ba763b055efbeb8e9ef16824adefd5cd6,train,83675,1
1657,6d04de107a019ee69489b1a266b7a82b4871e977,train,58059,1
1658,fbb6435e7ceb3685e7234d2fd6e9aef9f2be75a4,train,15048,1
1660,7e6fb7c188b5c5015bbaa4b4bf334bcb46b9de04,train,35651,1
1662,29e52d8ba763b055efbeb8e9ef16824adefd5cd6,train,83675,1
1663,f48cfb33c8bcb0cd16adc82b12b6202445fc76c1,train,91385,1
1664,e3df6528214519ea5591ad8f2c24f2453d8e0d10,train,56107,1
1665,5e345bd4f8f3b98781540acc181f33387e302ddd,train,50184,1
1667,1c3a8df1bf0839cfc10e9f46aa269fdce656dd8b,train,9120 9127 53536,3
1668,f2e61d8cffda1d061f22dc8555ff34af921c0f72,train,55141,1
1669,403d48a6ce47d91e06387259a0b873845ffa054e,train,42656,1
1671,fb973ee87a1d840e9cd076e0a6cbe5a745c31bc2,train,16856,1
1672,a16e6c1b41abe27a329a1aadebe0de59e12e8bbf,train,81528,1
1674,9462c02784b8e2eb68334fad518053dd6a64823f,train,74581,1
1675,0d37a9c30447d318184132972c31eeaaf32cdaaa,train,58416 58423,2
1677,c2bafd228d0dcd7335b408ae9dff5b304c5200ae,train,39899,1
1678,56e347c79e2d755e0302ea28fca61f95360df119,train,49752 49759,2
1680,a9ad51f39fe171a2801c4c36affeda5e38835600,train,3396 3398,2
1681,be60a39e0597e7aaeeadede3b4c3d6bb5e6fcefe,train,72644 72646,2
1682,fe6c2c526bb88b01a35da5beb959f1a7d2f19e41,train,82365,1
1683,8b10f98fcb281f70e901a9e15ac836cf6ae0b0a5,train,38975,1
1684,ff3e5f48f7532af9c88e66b06fe0c8d4b5a7ab27,train,71740 71742,2
1685,85bb271ecfb86e964ab088e0f45a4ce08e413756,train,81907,1
1686,6903bbd17412ae4b9ca58253ab713dc8013144c0,train,1674,1
1687,9808712595f71847d70f05e2f1b56f6acc8b1530,train,82526,1
1688,ec8951ddbca6eafb45b54c65849949d0b261c9c0,train,84053,1
1689,1ea2c0b6c1cce08865645b734e50ec008ac7d96d,train,76834,1
1690,1b012b2a162c68d5352bba3a9354fdd8cbe50e28,train,22231,1
1691,90d6d8a34ae2f7994c82f6e5ef51d7b7170d7704,train,54370,1
1693,31cbda276a575826c209f427c0fc419fc6ea9507,train,56176 56240 56247,3
1695,29891e0439842e1bd1d53444af834d4b65bceb8e,train,24458,1
1696,67cbfc2f1f5606e811df14ba25ea4031c3520cd8,train,76234,1
1697,0c2042229093b8bb22c4ac2f1ba3f79647a7337b,train,1779,1
1698,db58b82f81877f225ce7aadb12474b23c21c1567,train,75657,1
1699,1d8e742883c209c8616f3db8cda04b2cb3afa46b,train,19525,1
1700,b5600258de01dec2fe869e8f5089c71b7e25344c,train,87250,1
1701,010e248fc47840a8ed8cc138b88751a3d79d0daf,train,17604 17606,2
1702,80e94772101ff896a3b0f6b32dc2129ca28000e2,train,2047,1
1703,1bdc54eed14a14fb385e968ce9cfc3955d093170,train,50407,1
1704,6603a31318cbd63b74349a1ce2d91b2aa5c53171,train,30894,1
1705,7c80ef32a97dcdb68b7545b0b7d3d22441609bc7,train,48260,1
1706,34f639999fa614e2b90b71552b7e21d9133fdea4,train,83182,1
1707,a3a924f0366cd1181524c74d2a21d1281b5cdcee,train,16609,1
1708,55a3b1dfe669594580885843a04a6f92fca9b3f5,train,22177,1
1709,63434bfe7299eeede264a44d7193a9c3696ba4c9,train,73749,1
1710,c7d181a917808f8eca6dcbd15a0979b91c7cbec9,train,70752 70759,2
1711,84ae6ed33f241439cc833716e7337d3eb4acc8d4,train,35049,1
1713,e3d7476ed29c6ac536a79b7ed1554523a6741a7b,train,14938,1
1714,0e9c468b3098853d72d471582a0d58376edebade,train,4016,1
1715,e1617f8c52873b0bb717f54b0f20acd643a68d80,train,1152 39632 39639,3
1716,2f051186e2eb66115c51315162cb027a6d7907c3,train,36033,1
1718,46fa4d499a015c9a063d141856e1a9db2e197a88,train,76828 76830,2
1721,e2e0c448ecfa6ba8593de36f10dfe292bca2afe8,train,74987,1
1722,8b065ac768b41a1a0bfb3589090bb7f31222d578,train,45595,1
1723,e772523afd210478bcabf281691f76387c9374b0,train,81117,1
1725,3bb62b1998dda7944b94c0b75260688e9a287f79,train,2825,1
1726,09be13cce372f8971dd7558196de54ca43a4d1fc,train,79260 79262,2
1727,7c4a3726f0df1dbf52b58a87d45674f4f9af84ae,train,15696,1
1728,ba5e2045492cdc18db210dbbf3a582e171a68fe7,train,46140 46142,2
1729,cc386960465fc8a71bc322d3f6d76f80e09f1a3f,train,13522,1
1730,db659f2d9c70fa3ac14880f57bb3c1d10e718e90,train,6013,1
1731,6d3a58604fc8f69d60ee5cf10747b76845b73707,train,66152 66159,2
1732,160d3ac7293b3bdba23d618a57528b4bfead1636,train,35944,1
1733,398b5affc55a2c9193676247d3bf3cefdc256ea5,train,87740 87742,2
1735,045403d0a9b95ef3a3e50fe5c46b355caf8eab6b,train,8772 8774,2
1738,f6318be7b10f9ffdaf937781c6220e9d894d4fbd,train,48095,1
1740,3eee8b1dff8802525b5c427b32639f557cd5fbb0,train,24281,1
1741,448d9347a11c50e8cc063eb9f81deae5ca6d471b,train,50236 50238,2
1742,ba4649006165616ddd40765f042c5d8d3263f496,train,3688,1
1743,3707cc80732e425a74524f952d7465e226c65459,train,8844 8846,2
1744,1d2d0469f377c0858982534cb2ee3f4fd4a3d252,train,84513,1
1745,7d153497da088b4ac23f438d47189883e2caffec,train,73217,1
1746,1c832727024e1de9a694bb1cad03ab629a11e474,train,15685,1
1747,0bf97b048e29cb230bf1f929be2ae1fe54212770,train,13092 13094,2
1748,6fbd1b93ee6a312798ebe1407d0329db193b912f,train,79556 79558,2
1749,7f3533ed14e1872c692bf84145687c7e27782067,train,5810,1
1750,e7df56adea7f77381e3812af7621b9f231a29590,train,82393,1
1751,e48597238c4c401fcadb3f40740242e69636cfad,train,26421,1
1752,c40054ef5ccb6082332e5244babd82550d112450,train,47396 47398,2
1753,6fabfa816fe66464cc35c951a318009069301df7,train,33288 33295,2
1754,1a4303aa93fea83aa4cc74c3d1ca0183a2ee9a54,train,13395,1
1755,a7652e789daf9dacf00e67fc2afe6f6698b85c43,train,89650,1
1756,5d064764e191a7c1d06c5c48643f936324237111,train,20840 20847,2
1757,9dfe884806bb1b4a760d84009245f38f24b848f7,train,51674,1
1758,931f5ff7a7a6ce486ebbda6c330cec73c5937299,train,83134,1
1759,f0065a25ae1a6b859bbc11ef6ab969c088fc384a,train,5207,1
1761,374c0a8e82711e232316d19b75b81e682ec7e963,train,42420 42422,2
1763,8dbc06ef32d55773dec57d699a4f1692a9be1d07,train,14586,1
1764,08f0c895e708366ea4b67d73eb29b4107bc6c7d0,train,6175,1
1765,8e5dcf1d2fbad7dcc1ebb95199c8bbfeedd27102,train,89625,1
1766,ae82da629fa3a8dea986c54ea23c434c187cd6a0,train,75799,1
1767,f164a26cbfb80c9abd10ed2b81826fc430f56660,train,61972,1
1768,ef4164e125a70dd65436bc915fa10467bf313042,train,29140 29142,2
1769,355e885a2435adab1d339c8347ac2ccb75447191,train,63240 63247,2
1772,ab60f211812cef73771a3ee8f5822ba267558180,train,60667,1
1773,34bf4f7027b6b80bb1a51bfd72a934e42a927227,train,77754,1
1774,ac6d7189fd92784f01b0a45c398ca6a45f3813fa,train,5512 83456 83463,3
1775,1dc25f690e13125f8e0bfaddf748517c35771606,train,81292 81294,2
1776,8a952ad4ed14c0450f8f871c7f601bce67b8cad5,train,28457,1
1777,9b4669b32190c74f2c32882dd08ad3ad78abb908,train,21626,1
1778,d5aecb2c0500827fc21614c2369cd23b397ff320,train,68507,1
1779,9fc3c344c036163cbfc6e27560af102a23527463,train,92892 92894,2
1780,81589b305e3ec91a90b3e5b4122c2bbb6d9db0bc,train,30468 30470,2
1781,49b7ec87563b9c41906330d97d386f5dc2cef491,train,49260 49262,2
1782,a36f4a49994223821afe47ef8025566c2daf91f9,train,52252 52254,2
1783,6afeeddc40688b1c844977a24cfa2764f1c82dc3,train,23220 23222,2
1784,dfd71e45ec7d42f215b92d6be65aec7755035e6a,train,34877,1
1786,1f3ebb3e632e51632d4c46db740f25db13c2cd9f,train,6253,1
1787,4c279babf8fac8c59d5579074fd0b87d3830302d,train,10996 10998,2
1788,cd2841d5a4ca92f39e19d3895d10c88554f99a7e,train,27857,1
1789,cb72f33590353776b58269dd831582445912b493,train,26403,1
1791,29c56fb2389a05d080b5a42826800789582945e3,train,45771,1
1792,6a9f5cf7ee088d9ec1d4f68e33f97527050b7797,train,52636 52638,2
1793,0c76a7ea041340564d0d3f194fac54044b9d58d2,train,86219,1
1795,13e5764f528fa1d4e6b143626af3b7c50c4ebe8b,train,39165,1
1796,2a766ac0123343d456e4fd2ad57eb9f80e5ad559,train,4274,1
1797,cc838f947a8e5ca8dc227db800ad12fde7eda74a,train,88280,1
1798,fddbc9ea330fb5e96c9843222ab3ed5cd79cd8cc,train,30138,1
1799,f202edbabf407697e97595f36dc902f595c31c43,train,25372 25374,2
1800,6c851f429904a4f2c437d1c96b90eaf76a04c679,train,19740 19742,2
1801,565b54c90cd6308a044044f324cf4448ad4b31f9,train,77963,1
1802,75438795e0f4b21def60c7609b39bc44039abbc4,train,52544 52551,2
1803,c7a2ae073954f4ebbfb4a240974a2f936e8fac86,train,40872 92976 92983,3
1805,4e10fe2ad6502d027b48798373b3495da88c3f03,train,82472 85416 85423,3
1806,a2be345d3863e9a1d84b50bc50e81a243a7e587e,train,62131,1
1809,e1cca80ce70f14767726f9a992fd2416c8e0e831,train,78025,1
1812,cad0d9ead7bc1f6f039bfa52a6dd8813bbd97856,train,61233,1
1813,80e974397c39190a7513e8b5640c473eeef35e43,train,50880 50887,2
1814,3dc47dccdf8fbd2b8df7e67f32a1b135e8101e98,train,6489,1
1815,9824178b073f389935d7c385c827c5999c8bd10e,train,93169,1
1817,f1f627064e6343e903de2233213d33ddfd89f3c1,train,81084 81086,2
1818,071b06eedae71858bc00e74c703e7b55388ba3f7,train,10009,1
1819,8e5037928c81e67a3f480f24574dde5c9db3e63d,train,764 766,2
1821,ab6c2ba2d78e6af294a51cabeb6e951ce4973a4b,train,43276,1
1822,8b28ddb181f60cb449be0f0384cf7571aec07c41,train,80888,1
1823,0d669509e4be7e29cc88bb8286b78ead31595581,train,67604 67606,2
1824,714adb55fbe27bdf50968b04d941cfa91c8f2f7a,train,35627,1
1825,00346a52d5d6add5fe125619aa5ee20831d9a73a,train,27472 64992 64999,3
1826,c72e890bb61dd0b4c8504309ea36c73478e351db,train,49445,1
1827,188bc7277052f45dd89d0dfa55facf493026dcc0,train,74781,1
1828,4efc7b22268a8901a79d00e5aa124e2b723d59eb,train,34940 34942,2
1830,052976b834b4235a907be0eb10df2899fe5123fe,train,62004 62006,2
1831,c6951f0f5db79e4ab90d53df5e04a3d323c9e390,train,87079,1
1832,74bd55af9d134063b466635a3d7e19db3f4fafa8,train,70353,1
1833,7dc902be3d6032b406286e731df522b6e08c0b15,train,32794,1
1835,de3ffd050238edcafa8470b197294c2c5b0f04a6,train,19782,1
1836,b65db01042425c6f5f4dee01d8f0ae7ab4dee207,train,13508,1
1837,3a81b5701e9d63f24d9f0c55eeec95c9be02277a,train,74816 74823,2
1838,f8ac4457ef87ebcdcd722ed42777b854a23e573e,train,38015,1
1839,6a1d8442a8f05b24ece9b90c44319140c44b954a,train,31265,1
1840,865fb509aba240efcd826882b9caa10723643148,train,9099,1
1841,6df9ad3fc5cca2d739631e02ed7d5e2fa68902a3,train,73927,1
1843,8578258259d8004aa79e07512f47454a38a1a478,train,26080 26087,2
1844,54ccd258c147163f50c9552c4eaec340f87355b3,train,7654,1
1845,13745c24af3063b476aa425dac9f3b9b87252097,train,53502,1
1846,bfd32a5fa72b7ca76166c37d039995ef304a27b8,train,7396,1
1847,01623bc8cb49d4b9f9dcaea50343695f1c3ef433,train,83571,1
1848,a5ae00c657e3c373d8bc7213b1a1d5cd7ddea469,train,92464 92471,2
1849,52b834176006a6715d0654ee214d5a905c4e2e75,train,33536,1
1850,726ed692e80f21dacb9215a4e0a7b52c5ccad8c2,train,12841,1
1851,78a39f93aa2240c3f6802671a87e2321ef1f0df5,train,84422,1
1852,8ab6ec66a9578eb2366a1b073ee950a1ff148829,train,41140 41142,2
1853,c04f51e9e0031fa2f2649956e36877023bd2ef5a,train,21929,1
1855,7af20ce28e33a1ea3554a52d61c49674daf8ec66,train,77484 77486,2
1856,a8221f5d1b3a533d32abf2da28cdd4f7c04a0d0c,train,21084 21086,2
1857,39ee97ac8a3cf4a7882068f78bfff1d652f8611b,train,26145,1
1860,b810d8bc21f8df35007aa9684d5594a1b0f2bcd5,train,84006,1
1861,2995b0d83e31c2f4125befcb663f06983493039c,train,26082,1
1862,ffe2db30c015823fb06e8978f8f1ea4aeb8d0196,train,93231,1
1863,b66a98974a44c767f406c02368145bd0216d4e51,train,77747,1
1864,11526373a2bd386533acf063997d2f6c6c7c7c5d,train,49620 49622,2
1865,77097404835c31ae968cd6d90f03661e2db85671,train,71893,1
1866,0a7cdb28f0980aef4a971123711d1a8387d8de81,train,536,1
1867,da162fee4666c5d81c7c8b24c991f630d134b2b7,train,45818,1
1869,4dd6f69c365c95f9896e127c5d580ae776121f70,train,52000 52007,2
1870,5302d49f5b63163aa0f8dd7a11eee61e47d0bd39,train,68632 68639,2
1871,bff0cb3e581a34244e9684d63bdb59025df34e01,train,23135,1
1873,b7b7555e8b16fafc4eb378ee97ebe9ee855384ff,train,62320 62327,2
1874,6e311ebf8e026a23472fa6338fa03dd0ed11f694,train,85572 85574,2
1875,30ced4f3e389d3ad0c4e9935124ac678126ac3f2,train,39568,1
1877,b30a386a65a4b7ca40c56ce5ab8d1e1cabc5d400,train,45213,1
1880,4770f82ea59865cd80ca7576a27189074e6824ff,train,31568 31575 57304,3
1881,7a5790ae601b5cdb96ac08dd2800f4627a4ee933,train,25400 25407 79728,3
1882,92d28d7edf0bbbbcc23455206bf758a21107fe96,train,60301,1
1883,97dccd27763aded838f8ba51f65813c16e31105f,train,25258,1
1884,226f80bdf9c36250a8a3e0f45be49317673393db,train,49383,1
1885,c6dc6b0d5ad1c58b25034843175ddd5935bd2378,train,9857,1
1886,e54ec21b6d13e2fbb74916b9b66521c05110c149,train,56281,1
1888,ab2ee77c0c55fcdacdfe879965cbaa6365e2e6fb,train,56800 56807,2
1890,43bb69e9fb079ff52b19a8064d37eed0abed1bcd,train,69720 69727,2
1891,f4cd4577694c0b1c89fdea4d395ebdb8e1cbfab8,train,26693,1
1892,cad196be7de347052e999fb32470f724e78d881c,train,92731,1
1893,eca34948e7bd582bb0db31aa9e8f91f23181f653,train,10691,1
1894,0a3489a30fda9aa5d6689c3b49e7801c06d7f3f1,train,15388 15390,2
1896,f393bf36278c301d4b1c5146d97bc605b2a3d905,train,17343,1
1898,961771075d6f32947faef452d689d93d76c50da7,train,10668 10670,2
1899,57e7a515ecebf22cc7367c793d4593cb791290a0,train,83692 83694,2
1900,0773055ac307a7ef87c1344406484143ce3d9cbd,train,83110,1
1901,8877d2c169d5cefc417b3861d890bd8b73028ca8,train,80702,1
1903,6cbf729bab56647cbc3740af362e7771c1cf2b7c,train,60314,1
1904,6a8d7bb2e3f136bb05202b067072137b41697ac6,train,40856,1
1905,6d5b78ed4fcdc126b2eef67a7acd5cae5b385e09,train,87698,1
1907,b353c45677d3b5a2a6edfd9f78795435a2f9985f,train,83034,1
1908,94990739212411785bda0d8d1618a2b39697b42e,train,3378,1
1910,2322a3334c473ec2e357862c338f2918de7332da,train,10192,1
1911,c8a9fd788bb6263aa2f530ecdc25b3d28a25c024,train,5710,1
1912,c308fae0d2c14583553ab20b52b61b046c8f8c50,train,22260,1
1915,0b068abd4603a77d0c1f1dc1faf647899f59b946,train,37096,1
1916,457a0f7454dc8d7d176d82947f9db5036efe6882,train,19116 19118,2
1917,760cb56480ba410634f8cc469de596f6ac5a27ea,train,83561,1
1918,2c567e06f8d392a86b6e78fde2beb2745273462c,train,33440,1
1919,3b6a66c607b6dba468d69ad5d77e279e05a7aee0,train,87120 87127,2
1920,354336ae86158f1b97b71d463fc7978f6587db56,train,4338,1
1921,044b4cd827c55c2207d870b7b27e1e9be2cb8efd,train,71532 71534,2
1922,2dadfea04cea823fd89c4d3432dd43da449f8153,train,80104 80111,2
1923,a9ad66b072e21285137544ce8b10f5de05fccfb1,train,78152,1
1924,8d50b1cf6e9800805ee1af64fbf827d28abef182,train,72494,1
1925,7477806f9d2eedee5eb9e1a28aa5e6b8ad335412,train,5813,1
1926,a752892d4a49964c05917a2042b28a523c1f7eca,train,11520,1
1927,825f43c3285b8fab76a175d92ae0def08b14eed5,train,5036 5038,2
1931,daefba3653df6d8f39138e026bb96d21643d0dff,train,41044 41046,2
1933,513b9b5c1389bd88d5a67a1aecbf25fff3eed043,train,5664,1
1934,87224512f4585348d63fb5624979829bdb5526ac,train,36566,1
1935,6df80bd0ca50fae56d865e5f4fb64ce722701656,train,38814,1
1937,a5acf34871ef04d02dcdeb4e3839f78481b4986a,train,28179,1
1938,267a7ef0f35b7f331aa9ab55d44cf30486338843,train,15032 15039 28224,3
1939,768294eb8e78b518d4354798994952bea68fc774,train,53304 53311,2
1940,19fdae06a46e7cac25d30fadd5bd7f3d81929e72,train,16428 16430,2
1941,4749e4e0083fef8ea96f549cc21297694711fdf5,train,40738,1
1943,15ea861060a9d6ac0aa31e89093cfa0074869cc0,train,13273,1
1944,9f184758550800232aa22c3a112e16ef7f4e6d23,train,72916 72918,2
1945,55c5f9c1ae59358bf5bb6ce926550a86c878f3d0,train,49426,1
1946,65a7c8da3863dc0561e291456ccf64298f888650,train,12576 12583 91504,3
1947,b0714a6479244d024357dce7579c45c3e50fd530,train,8493,1
1949,385a06ef69d5048c147291606067c9bcde8ea2e0,train,71516,1
1951,979449e56b189f06cc93ed4a146b3e17f259df37,train,9915,1
1952,9d56253d434ec8a145cdf3d46a2691f88337ffb2,train,60778,1
1953,0c90181f013779ed7752a4dc24b9ec1ffc4b073b,train,53627,1
1955,0723d24b3298fede8e2119a3d3d3d8f91140121a,train,54819,1
1956,8b93ea98eda0aaa3dd717c400af1ae88ca308114,train,759,1
1957,4d2fb532f2bca7358424958ddb5a337ad1119200,train,17028 17030,2
1958,70caed141b4a95af386e1f13e6e8f40f839c53ce,train,46859,1
1960,99284d39763c641a9c121585a965d4e11f4d6383,train,5299,1
1961,8ed0f02af461b9c49385b310996aae174eeb1dcb,train,13875,1
1962,0bf932c720490da8db3a66298017b87ae21fed13,train,32507,1
1964,fda4386e23e09dcc0a65cf0322bc0636a7a2474a,train,35010,1
1965,4c1688d41bc54dae7145b968d7ed38c2a7d2dbe7,train,63257,1
1967,536e96c96fb57b632b7a72da541bdd6172e7feb5,train,6748 6750,2
1968,5b433a57d4580d6b667be6977fec4f4aad686d62,train,82392,1
1969,dfbce17ea8a9e5c0871d29bdb9fc64bbba3677fc,train,61029,1
1970,a253527c87855b30b5a661368e12a8b0a437a67c,train,91745,1
1971,b82a3aef2cc15d6aa37531c6ca4366dcb7c26a10,train,74545,1
1973,116fb416eb4c794bcd1793f3b08f01d66f5823a8,train,83922,1
1975,d1f2e45afbd948c42596a59876c0a9babc08eb17,train,39620,1
1977,d7d312d2f8b3561a122e34e7d1effd2773a6d857,train,90956 90958,2
1978,456c8a714aa503f1bc3a26490e34302a192c2755,train,7006,1
1979,b9cba510e0d20c3e80a7288b07f680ba326da2ed,train,28432 28439,2
1980,a2b85b2b9d348db09c5aea150ecaf559acf534a1,train,93024 93031,2
1981,f0c89992436c14685a0c9674b820cbda109e9dac,train,59440,1
1982,3eee26521df1642bccbc4661e55509f632ea4a0f,train,13816 13823,2
1984,4f4e24d73e4923b795653df63ab4df5c777c400c,train,50215,1
1985,efa641f246347a15b886fe1bdc668a2947564293,train,89388 89390,2
1986,a248b05441fcaaa65faadbc931918ef740ce002a,train,27183,1
1987,078221da102224c2fb341bded03b01bcf7c2584d,train,15631,1
1988,03908950db08992c4ffc409b54b90fe9d87bd7bb,train,68196 68198,2
1989,4072fb9ace6eb9e1a250c3854c20d7753d95c37b,train,89668 89670,2
1990,54609e2a982d839ca88f881b7067d4eef6205b48,train,4542,1
1992,c3c653d89983669666db07ed65cf4de7e24aa64a,train,89036 89038,2
1993,d1e1c152b95b48406d6c432ceb65f6c8247254db,train,45200,1
1994,c6dbdcc7b898c4018ba1a19de507a58006e6e1dc,train,15208,1
1995,16546398aace8de70e754446f4d6c0368042da47,train,91050,1
1997,68f7c472ee977a70f233bc9c1d09e3578d416609,train,78603,1
1998,92b39c889f8ea167c8872faab1462e2befbd7a5d,train,39744 39751,2
2000,e8b5041f608aa7915b32d1d5c32344a9098c15a2,train,16296 63312 63319,3
2001,0ea721f56bde2c60137b5dba538084974863104c,train,60971,1
2002,30f4006bfb282d9da1ee5cd59dc634f36dde2537,train,76279,1
2004,a886a40e521b00f54e8baa9451893160da2bd092,train,59937,1
2005,144864f5fc99cdd7c93e047cd5130f969261ad33,train,44252 44254,2
2006,16037a37cdacfa7a76de289a3bd6e6173e8d15bb,train,91600,1
2007,fc0b68bcb87855e7196bbeea79fea2561c6b4495,train,32190,1
2008,8af505842580f3a4048a240d15a1184d5dfcdd18,train,32256 32263,2
2009,c672455d30ce5322fbf38d0d2ccdfdf2634fa360,train,24154,1
2010,3004efea6aa23fb7ca84902766f7d5dc3e88d168,train,12493,1
2012,c8f8a7c71c8329cb9434a00688e842c78b13b354,train,80868,1
2013,33cce8bf631b1e3c9f675c72bd2096b955712270,train,51951,1
2014,5a74a42d06e22c081595444a3ded0eb5f8b5640d,train,42055,1
2015,261b1e0c7c12df0d61b15c7851315c0e005a29f9,train,52507,1
2017,156977024d23b119d41429636d1b2588e2594510,train,19113,1
2018,75cd0b2a69836765c260269ce12b2c5b8ab35b24,train,49985,1
2020,2d39c8c211292503bdb3c9831bdb0f6231f6a263,train,2783,1
2021,90c073ede999fddb6d41ebf91871fa3ccb3b18d3,train,41019,1
2022,0c5df3fb87e7087774c3e143d926a5184ff64f02,train,52300,1
2025,696d2dad3090f90f0339a809222ec90e88ecd963,train,65977,1
2027,9f25b715fe6c26840ef25d5105edcb00110c7aa6,train,12436 12438,2
2028,21c307dfffa933b5ca06bd2befd7e2121d4f9df9,train,79330,1
2029,a15dc3e50dc04600c652357c0b5423c2fb91fcc7,train,52504 62064 62071,3
2030,4a253ad2ac5f7f8a764c8b46e1d67ddb5f033963,train,77994,1
2032,aa671293017127e060909d4e0400f4e3300ae58b,train,45190,1
2034,e820073e49d1e66511f8746384a70293cf868b57,train,75254,1
2035,a2f912ea6d07602bf62abf93cf70bd0502dd3aa9,train,87639,1
2037,aef4ac6c83ce89e8c277cc211c0bffe784da2e33,train,32064 59224 59231,3
2038,72ce96ff3c18a2548ee688e49aad37ad62bf101b,train,82103,1
2039,c0d2a8b5b410e182aad01a0c6f0e3f7c5764b40c,train,66268,1
2040,f96b4ab4fb5f8f248b832eb9750c3ba32c4b23e6,train,23706,1
2041,a9918f4f362d1f144e4772a920f6366ae1327b4f,train,16986,1
2042,0182601f94ec2ea9247a559ea2ec1c0500999562,train,76098,1
2043,3d4039b9f3bb4aea052e6908eb21c77085ee1b52,train,35515,1
2045,fdf0242bfc72959190d3e95b7192e055a5086762,train,42100 42102,2
2047,fc370aa96d2239c60642b92b1daa6e74da4556b8,train,43317,1
2048,ffa863baae0bf5f679c1f7b18dc5249a7bfcd1ab,train,57249,1
2049,deb1c8f15717886259327af37e4d2276e2a18a9a,train,53085,1
2050,65b36abee589c63cc1900ef4b4b4e0469fb9a4f5,train,86484 86486,2
2051,ecb1c9229565b14e7ce697cf29429f2f5deabd63,train,43209,1
2053,b5270492e6bf28a340d069b766220501bd0a68e5,train,7818,1
2054,a46de7921ca9e5927e8f6208c73b8a18054fbddb,train,3469,1
2055,5cce1cc598c0b6a80d07b558f7698c58ad3a1917,train,71954,1
2056,09015ece567bad49c81e20fc2960f6d720804243,train,72109,1
2057,349964219325e3294873378f035cc73111ef0a8f,train,80442,1
2058,82ccd203aebd810bd8d59eef467e45f3f4d3c843,train,22061,1
2059,37edb8b6de81aa9ea0166dc8831b2bb89dabf7b9,train,25260,1
2060,a3b55d9ffb5a3ed4ad1412bd5f5335d1d3df18dc,train,87945,1
2061,0cc87a17ba7290c0e0dc367554e71f22571ba968,train,48032,1
2062,5e75b7838a593a1a073eadae426741225dc93578,train,51975,1
2064,0a3489a30fda9aa5d6689c3b49e7801c06d7f3f1,train,15388 15390,2
2065,9a1710ed8f4615348214d9b359b5cab2b3bb2af8,train,30484,1
2066,f155ce535eaf6196fb9fa9ea2557fce742596760,train,7433,1
2067,ffa2914be099523b668b46121d5e5ff868505972,train,23964,1
2068,402d4ca28b66780e11b625ef9d202508806c7ea8,train,54327,1
2069,78357fb0ff29364fb16b094c50f5cde9d10275a3,train,35760 42824 42831,3
2070,4144e1611599e40a8bea40dd0266871e08b63eda,train,89383,1
2071,65e3a11f65b8520f0e8f30918c3823d3275807c4,train,27475,1
2074,8c7ac67f16a2acec99252b7f3d31ba7a22f18af1,train,76189,1
2077,d04815890e279f85511742407f5f85bb8b2faa23,train,31866,1
2078,5d0837c717fc1501688bc9cf2439b802acf5825e,train,47707,1
2079,00c967f20a01a29ab66aa1d21f0a4ef01c38c603,train,15313,1
2080,8ea9b115a231a451bc24a25e980348193c1c1860,train,25244 25246,2
2082,4ef9bf454e5e6526c8d984d6f480ab10e58d1e35,train,30233,1
2084,dae7bc32371c4e26e60dd4c5742608223b055539,train,90396,1
2086,d1d46477f5ff77524cd9dc456adfdc23a9150278,train,37257,1
2087,cb141f0ad08fc6146f4da805e24a811d8d2a6986,train,39707,1
2088,e9c747c97ccbf4e292a5af57f3d6e24808f502bf,train,18331,1
2089,297e703a8fd7cd75d4180312403a9063588cb0fc,train,47808 54608 54615,3
2090,ddcd4d404a9e1f849c06c144bd2521ab7ef96dd2,train,34417,1
2091,7a5f003de0bd3d9a775d8cadf0ead86e50de0a1f,train,27783,1
2092,4845e5197b4f1f35cc610c4258e1272dd402148a,train,33234,1
2093,0694381b58a59f3827d6be24b98c34a08ee5a188,train,46904,1
2095,3177830a31aa0b3bc0ac4470defd8ae0a5d47998,train,35578,1
2096,43ef88476ed3f54b692f42ca92efabd1ec77c109,train,56740 56742,2
2097,f10b2c4812e66064049b037ae99df1f9d12a44fc,train,22876 22878,2
2098,0e5cd5df794633886a704a2622e192dab1bc9e86,train,19527,1
2099,eead420d0ea77f5832f187d2953dec85100fcea5,train,63305,1
2100,fb5ab84464ad2699937c2f2c4dc7bdfa37777254,train,87840,1
2102,6134ae4f847bbd6f3a02e3442d897ce27229f838,train,82099,1
2104,ac997614594a559bbb8feee98f811007d764a16e,train,74712 74719,2
2106,94b63db4e275621c36f3b0cb1bc22d167b9c12fe,train,20066,1
2107,cb0e5ae851a17b82ce09010b7b6947e1ac2df76d,train,73063,1
2108,bb9f433e854fbfa91bb0f23c3626cb1aab6dd564,train,63977,1
2109,fd8da5311fbc8692076d7aeaf3da7d683094c769,train,90285,1
2110,79fa95fbe9864e4601788a7e0208bd8fab30d74a,train,66153,1
2111,5fae454ea2d27aa0fc8d90d65f2f0adb28df1641,train,47745,1
2112,e1f5b3e54ba3d6e9b7c5718ac5457705f2465069,train,69476 69478,2
2113,12db1525c4db5d71f5dc1d3ba30aa3313cca2886,train,32519,1
2114,2de2235348984be3816095585cb305a84a65e0e7,train,40993,1
2115,2754a93804f25d96521f877aed06d04e47738556,train,16737,1
2117,3ea4cc618d78eb0faea9be6ac4fdf4bf07bbde6e,train,64443,1
2118,002bf91eb38c654721275b2e2fab06bf7a0e54d2,train,74618,1
2119,781996f414d51f439ed46f5caf5b16e2dfcfc250,train,51088,1
2121,87c4395c986daddfbdb0963785f8f97e28e50a21,train,26797,1
2122,f46a4aa5ca2abcb76ac97b1c23790cf60d4ed212,train,59935,1
2123,6b112a3b34be33fb6b86a0414bf874c9dd05b537,train,67227,1
2125,177112681b0b7803907484967fda9cca9fd39c7b,train,49983,1
2126,2390bdeba8ceb8374fb4f387ed7dd69e7ba14b56,train,2332 2334,2
2127,4a47115f9330a6f06be6de1f2d1d77cce5d8ae37,train,43269,1
2128,05f057dceb47946ae252987f808514ca16f6255c,train,78228 78230,2
2130,7d089f3ae8fe9c802930e2197a85f7fee7ba8be1,train,31716 31718,2
2131,f0a1848fc17b76aa7185c9cd02b970e56c776aa1,train,1815,1
2132,901e01be5959141a73e1292ae95559153752928f,train,58809,1
2133,c1aad4fe8028d9106ea00765978a75e40ab0b515,train,50372 50374,2
2135,3f84d089e79f3b65729bbb742950bcf1dd3e48dc,train,31512 56936 56943,3
2136,fd3abde8a7fb5d6fa78b4257e43a4cec1eab1763,train,12016 12023 17232,3
2137,24e4a53da8139f0845de98e94e023683529d3901,train,88027,1
2138,2d02ef00db72655abf8e8e437c410ef701b5b2ac,train,36706,1
2139,b6a5ae86a824c56a67749a308709f3e9e4743932,train,71688,1
2140,f73731152cd753b16844bb7a235dee3f5ae56a39,train,32712 32719,2
2141,7a594d96afaae452af629c82ac88455373e17476,train,41464,1
2142,e0cef47db40691c8a08011c5b350152a53915a4f,train,7993,1
2143,a5a50094a581fa5074b73f4b23eb754a0ae341f7,train,31712 71872 71879,3
2144,92518da73142ff5ef4d31e21b8efd03ac675b2cc,train,61210,1
2146,90d87ce82239d03d265ac54e69a6ec87beeb1a57,train,7980,1
2147,dc7a82abd60ba02e4964b0ceab5910237d0448ef,train,24930,1
2148,7541386cee76ce60f2b929d7923540eb8cd36c6e,train,19320,1
2149,9a36bc8b21298f98a06753b63d16a8ef39e4eaf5,train,9508 9510,2
2151,2f62f9c59b592a0673ac43ceb32ec2f897ad3967,train,80831,1
2152,4f75c3563d73ae035a310aa76eba144c7cc5a31d,train,15788,1
2153,3116b8e8fb5880dd98682df5f16480d29a7971df,train,83848 83855,2
2154,a64da2e735a048c7f550eeff821025ddbe66219f,train,61389,1
2155,8f6ce2e98bbf7f6ab8e3a79a7476e975b7cf03e6,train,52904 52911,2
2156,b05076a966515f3a7c64098666d09194b01b30ed,train,82397,1
2157,68960df789a853dc5799f4199421f2f9882af40f,train,32813,1
2158,555a54b80d3a99b520feaf5b1765123a3bd64785,train,27306,1
2159,94dc12806beb80cdf60f1f8ddb233ff47acaed2b,train,54323,1
2160,4c424a9f7a09ba3be640293824503d42663d2b6b,train,19843,1
2162,a91b3c459cb61dbe209e5c832e7b4584f25d64c8,train,57192 57199,2
2164,52fd78603d843f8e76fe1ffda3da1cd712ba4ef0,train,48884 48886,2
2166,83f0238bfed2beaebe029d7bd035b445b6498991,train,48092 48094,2
2167,48a5e6695ed78155d0e2b97e27ba09b821ecdce9,train,45894,1
2168,c695d5c07f426ff48615253ef96d3f7136708ca5,train,80164 80166,2
2169,3d035baf4c82908d2c0a46aa7ffbfad7c41b10be,train,45755,1
2170,40150f9859327be642d8f40d3229384d620b7a77,train,18509,1
2171,02539b361d1378303fa48293abeba331a2345069,train,28544,1
2172,ba923d44c1934a9c8cab237082c12626c1778d5e,train,14101,1
2173,2c5e892d4ae481bf919ab220b183178deb041cb4,train,54371,1
2174,fffd4e87a4252c4173d32a6a0e2a7f30918bc04c,train,84836 84838,2
2175,4e836d92d48f74df71bc41ba8a47c61b030f9bef,train,16376 16383,2
2176,af3d8767c43c795d25c5e711281293f0588b3c72,train,13029,1
2177,9c29a2ae3df95dadd20d15dceba8fbd4e0d6a02a,train,20621,1
2178,b8a8b40178729bd5f1315a37b297c8dffe049b45,train,2603,1
2179,1de468271b4688d398c21d59489de53eb2db21ef,train,28949,1
2180,f9924c7a346ec6ebe9547837dd7e1d845b354a2e,train,77096,1
2181,1e96b16da55081085013ebe264796d15f0427fb2,train,45343,1
2183,ad843ac7ce5f15e51ed0da824e3dbf3399785cdf,train,16362,1
2185,a31bd69c28be621a49b78b5a410ff6c94ff14005,train,9704,1
2186,b153308a6283c4be7ef042fb10a200d5c4062d10,train,8002,1
2187,3b15d1dcb8f338d6fb4bd5e4622d0e17ad6f6679,train,72568,1
2188,ed2547d45097f2c79477ef7a3490a05543f7a261,train,89872,1
2189,46fa4d499a015c9a063d141856e1a9db2e197a88,train,76828 76830,2
2190,fc326a007ac58ab18a01f5e610e16eff2cfca635,train,60003,1
2192,b1febeb1cdf79c04b8cf13c3c263e4a2491724fd,train,67557,1
2194,2529433a5483d90b156b853cf54f0b33995f6dc3,train,19774,1
2195,76fca9a4fbdca8be8c814f97f1336e6742719845,train,61240 61247 62200,3
2197,3766b3bf66485fae955a7a6d83d5dcf5861df872,train,82232,1
2199,20669a1128de021ce7a07c298632afacc73bba6f,train,53552 53559,2
2200,85390af1a75107bcbe2e779de23844cb7ff27bc8,train,17683,1
2201,3de2ab8c11e4b6467beb38e8a72b94dea521990f,train,14090,1
2202,a9498936ec1b48232cb7124bae241ff6fe8d2700,train,30723,1
2203,30c0bc5610fa5abcfd6f0f06ebf5b803e24cada0,train,69489,1
2204,70a373fbcc8f51ae9fba398e7b8b1cb83d0bc957,train,68819,1
2205,309ec737b3e9fdad90eb9cd4f8580edbab8c825d,train,39468 39470,2
2206,12ffa10a899be8086b7ef52ab415f5da04030bf1,train,17901,1
2209,8546227d6639071a7194be3ed7ec49595e400c29,train,89003,1
2210,52c948d8246c5c343d130b0f1019d458bd51e36f,train,51232 51239,2
2211,466398fb22deb1964e1bc1d1abfdf35fba4322cd,train,23680,1
2212,5a0af3d288d88186c5b6adbb0edfceb0c5fb1706,train,49117,1
2213,f8d31165555af23ff141a0a20531eedfc0213be2,train,21088 21095,2
2214,b5f402ee74affc1b65098e82f329442b2656e795,train,15397,1
2215,71d6d0c566f73353daeed24c597d226fad7c130c,train,37399,1
2216,f6b19360420315270a1bb11a6e645af0aa2d90a8,train,88023,1
2218,cd23de592f2a92919f9e6b93fb37cc2af28d6fcb,train,43261,1
2219,c4e976b979f86a688203cf029736bc217c6909ce,train,74348 74350,2
2225,2bbe3162231c06b28e7378f1570220ecd179c25c,train,53138,1
2226,7d4a7ab8a2f44b9ea69e57fbcbaed9bb842b91a3,train,69316 69318,2
2227,1e91a56f4771135fa2b1bc154647777921f4a40f,train,91267,1
2229,3396b191aa6ae459f50e6236bd46329ad514bad3,train,14704 14711,2
2230,af359d5a313b81e8658cf92dee374f3ad901fd27,train,50718,1
2232,f336ea10f5b9b8e236c33ab0656afbae01f7db19,train,42175,1
2233,71c4c38a82556a923da1cbe94ce66505f58aef05,train,53857,1
2235,49179eba1c5aabebdfb241d92c2384f04bb18f63,train,13219,1
2236,1f7b7f319df10b6a6a056869ade996edff6f1a7b,train,47768 47775,2
2237,0679050c214680bcedc903d0fed4d2699fd236ae,train,49122,1
2238,5c575732be2b84a448ccd4740afad11640d6f075,train,23077,1
2239,24c33eceed04545ae1ac5b6b90beaa94ed74ad7c,train,28896 52288 52295,3
2240,016f72bc395a9d6fe42d4fe79d6f8920bce1e591,train,38096 38103,2
2241,7601f69fb9292384937d33b15e83c31301a8f95c,train,38235,1
2242,32c6a56f35b1f5f02d5246c96d291fc70838298a,train,79028 79030,2
2243,7d017ad84f2192e5c120f96f8cd085c8cd749034,train,20577,1
2244,48a5542fc94f716e26ff83914b075c94d0401c44,train,90701,1
2246,ab0ab03056841efc5a935341698ea52e3a8c5d26,train,42816 42823 61592,3
2247,ad316bfb0110510bde3803006d3a329e7ae2cae6,train,7483,1
2248,b58a1d129aebc8f420346848fbe2af13b6bcb3de,train,19605,1
2249,f7f91e7fd943cc0827d7c26c80502ef5710e18e8,train,61385,1
2250,8bfd1db9bc3cb128b7ae5ef5472ceb3c9a2e55a2,train,88704,1
2251,28ee501a6e4bdb45863191d808c4f45205aec5bd,train,40166,1
2252,f4290bb20f594048ec8ba92ffb62104d3d17762b,train,1197,1
2253,894ea1c62993b51a195e9911377f6f3d6845ad12,train,7328,1
2254,823fffb5e32d98252924712d14fc76f3eac5c45d,train,82004 82006,2
2257,bbc3cf641d7ddb4072c34bc6a4148fa49f31b7d4,train,61812,1
2258,45cf3c317461260177201b80b73faeaf9d4e5d00,train,66098,1
2259,8212d5f142bac3affcb37408b4e1222a9799f075,train,88287,1
2260,64ae87178ba6d9ed4235d9ad647bb94e3ee01a6d,train,89711,1
2261,b5860a3a06f556826e1d2aea54a546e9dc3de67c,train,76660 76662,2
2262,6c7c2f9d3512bf539ce105b447b9d3ecc758345f,train,8949,1
2263,2a662177024aaa06c742aec00aefd4ccb59ddde7,train,10748,1
2264,1a04a14b0cffd48422aa3a08914c22f3e06b0404,train,76629,1
2267,c539f7cd24379297a8d9a8b01d3436855f94125f,train,31711,1
2268,10914ef466bcfe3f8aa8e81e4759644703c25952,train,70868 70870,2
2269,2d377d3240ed888733d11ba6bd835ea8414c8fe9,train,60753,1
2270,c23b126478378e340518bdb24290004304704878,train,18433,1
2271,317ac303a8a87098bbcb0cce44985c851036d417,train,23327,1
2273,848accc154f33864d96d3e368a63b6880a171f75,train,14984 14991,2
2275,eb5a0d4640ee2df40706f6fec9e4be6fff8af392,train,13621,1
2276,00713243deba255bcf366f58add7e2ea7e14aa66,train,12144 85392 85399,3
2277,3adaa3f0273103c67bd695ef11958ee9ad10720f,train,57009,1
2278,639dcf20e249124e41830b22874bb0867d250489,train,71692,1
2280,a656dc88cb02cae79732d2864637e69334c6b16c,train,32693,1
2281,63321e153fa029d0c4ffa2474c360739de0ee3dc,train,16419,1
2282,8b28ddb181f60cb449be0f0384cf7571aec07c41,train,80888,1
2283,e61583c3e881ac743f1b5959ed2bfec54d60a422,train,63018,1
2285,771d9dd9851843c883b7fa71574de65f4258668a,train,60625,1
2286,16b488267900b285544b14d6f9168ca2a3457289,train,22676 22678,2
2287,50f658355cb69fca054d27a77f045cfcc8ecb625,train,72592 72599,2
2288,d1d7ba1de0934bcf0c3ecee60e5b24e1f22c199e,train,78208 78215,2
2289,443bb2e773f1e884410d63a3ae5cc60d5fe97d40,train,12753,1
2290,3fb8fc5f51d25605ef70a3948d5d5990e50628ae,train,13064,1
2291,8b08b4350c62d503185e599c933f756ba13fe6db,train,46920 46927,2
2292,3afb79054e589c2fa819ee3a575a79823aca0ac2,train,33092 33094,2
2296,1276096c8b1444d4741359d6cb60c64e97766094,train,75572 75574,2
2297,a3ca5ae064b270d8bd1e9f1e095d61243c1b05c2,train,6527,1
2298,e1e90205112d63867d216a9472d9a65a90db3fec,train,62729,1
2300,80a05b6cddfd64de76706856952a986066a5afc0,train,7775,1
2301,78f1f56f9445c72f4dae29d364cf84b6a5009ed7,train,49243,1
2302,96e933d4285388db373ccef466d4ec9cae2877e7,train,46856,1
2303,86b6c4f0a5c48f71ed5e917aa664373955e30cce,train,86809,1
2305,4d1aa3dba55789f5a233aedc5f2e60e92370c13a,train,87796,1
2306,dd92bf549535f682553ce0321754cbc22a1b3b80,train,59264,1
2307,9011cab1ca10fc5cec4c7bfcf56589621a81819a,train,32432 32439,2
2308,6e1c7a4222cb239fb9d443f7d43727cd9d4b6c51,train,59125,1
2309,82c7f564ce230d43e6a71f65ad71605b3547bb59,train,61851,1
2310,3ee9a263f231e314630ee4b80e6274c678312f11,train,65584 65591,2
2311,c735f9c919056c4c1ccf1285a213aaa238c012e5,train,78811,1
2312,f37ba377305047ff0e3d8e0748774b56224a09af,train,6168,1
2314,8592ab9270f28fe1dcf931d2e279b12166386c82,train,17970,1
2315,e0121c500c13c757cd0facb0deec8725f977bf09,train,32692 32694,2
2316,dc3be9df10b280e8b025e194d49cffe48597e730,train,47186,1
2317,03a13dfee3d777ad73144fb51c316780b9aa5298,train,7977,1
2318,306eacd77de4aa612fcd489dda63249e49302c39,train,52472 52479,2
2319,fc1b12452061d38ea7e868030993bfdd2670a3e3,train,4643,1
2320,7bd2d23466debc1415be07c3a67e390362546f5b,train,66029,1
2323,3ce3e853dfe53638f3bd31e3b1cddd0c319c835e,train,5460,1
2324,bb7e74a07fa2fc95e3b3aa707cd6954ebd871b5b,train,67941,1
2326,a33f0dbc0efdd144df6ecd4579360abc1b7f71ba,train,84817,1
2327,e133740ae499e67178e2e1ef7d1078c11a3deda5,train,10277,1
2328,45a1da32e169850f6e17917b9a90a89c358ca8f9,train,15304,1
2329,84fab36fec286b8f0fcd280fb008cbbac859d4fa,train,49948,1
2330,7c770affde8dd8d16a682ad0fc98e05ca5846da3,train,755,1
2331,4f06e3324a4078e12f4e4b3117ae692a7fb95506,train,59277,1
2335,1b6fd19180b920548b9c7ceed07b8f76d50d6b3b,train,23955,1
2336,98e73a9f8eff820166cb2f1c744607f8ec38c393,train,91848 91855,2
2338,a3cadfcdda1142ca09e4ca1d871369112dea8c84,train,73224 89896 89903,3
2340,2bf689ad4b258c1c65c7b8e8974be42e2b2aa972,train,368,1
2341,7dc54e0af87ade6955d88c2aea0d7301b265f2a0,train,32243,1
2343,5d864647adf79679772cc47e961d9664fedb1beb,train,26465,1
2344,d165d28d882fd12ff51c9fc96224fcdf9b2dac26,train,74185,1
2345,5b19fd17eddee7bea8f0ab8c525deb78707c3508,train,92987,1
2346,bcab6801bf3125cd5e7405cd7a981ea3445e3704,train,20956 20958,2
2347,052976b834b4235a907be0eb10df2899fe5123fe,train,62004 62006,2
2348,8c7ce1d7cec7098da981bc77ead346d974f64e33,train,75089,1
2350,3ef11eb39ad08d640d8d9f45c9018dd402f3c38a,train,16013,1
2351,c5d88865ca605adede988cfb6ad764c4740b8c09,train,11553,1
2352,4b3bb3af44ee4a626231fe16e006905b68c58bfa,train,71569,1
2354,24f715368a0208f817fdba886b5603177743f37c,train,80037,1
2355,f0227b4186e276ba8d3336c8ec35d35326e170bc,train,48269,1
2357,7d9d5b40101307cfceaf6961d2f71034e8601a51,train,1632 1639,2
2358,1bc38920099a9956ba70a925a5c64ca014768e55,train,9578,1
2359,64a51df572930e17792577693758352ff97fd541,train,75583,1
2360,044f7ced1a61918b068a8d0a9a831af45c8bc04e,train,27906,1
2361,c4973d428ebd62feda80b7136861befd448b43d9,train,8648 74328 74335,3
2362,87f46d3b6dfea5584ef0405df1a6010cab4a3d50,train,56332 56334,2
2364,24c9d3075485aff2fb65d1f85d7d5fe801166d35,train,72982,1
2366,ffc42d8444cd39bcfd0e6a3e9053918045622b44,train,40401,1
2367,75b9b64c927b119b37a38a73c034f289f073cac8,train,48917,1
2369,6c1a80f1723899bf13b66b35f2a3577004cede31,train,58540 58542,2
2371,4537c1b6ad21d0fcc18cf44306c46175afa40bdc,train,21448,1
2372,e78dd19dad59d5fbaa8e579a9102de5bfeee18cb,train,72809,1
2373,ccf3d47f3168d777857741a034aff32456764e5a,train,56365,1
2374,6ca8360147e26d0ac6d09f058abc01153e5f416e,train,22905,1
2375,a015d29ecac1ae91d9dd068121a42d5739d1b9b2,train,57032,1
2378,6012db14ed03bf66d58391a409c9dc5db032fe93,train,29151,1
2380,d612d4f17f6b0adda33ba5c2604621e6725aacec,train,20639,1
2381,91bd53486e5f6a140a4cb2368b0117b9ffa4d4ac,train,6576 6583,2
2382,3d02c0167a1e8b38ad3fcf6514c095073551bad8,train,81165,1
2383,4bf5024dbe3e5c6d538052d67ef25cdf17e0b9dc,train,73973,1
2384,182844a7bbe604b13ff88d327428ba4dce04324b,train,10451,1
2385,1797dc41fb6437834e65373197916ba86aebea79,train,59780 59782,2
2386,bb01dd3fd43829bd05bedcf4ba3f04c741992116,train,84752 84759,2
2387,e9739da03fa3a4111347d284d28c6a9676ab8393,train,52749,1
2388,c66f160867318e45bf8677c6719e423d09a18bd1,train,79669,1
2389,ebf3a1209bed4c1e82d91cfbc2c9e4b7c895f54d,train,34752,1
2390,0b973453b99aaa6b52992a7957673e8eb3e750e7,train,3908 3910,2
2391,64df7260b88d4d7e773f255b5287ac59bd56d9f5,train,63253,1
2392,679aa8364facacf6cb3224faec4c33b66600b7a1,train,28491,1
2393,623c20131183d686bbdac4a8c7ab1f53255f962b,train,51761,1
2394,7e7d9cc45ada78bed66e5ae5f2ae8286a818cfa7,train,57092 57094,2
2395,5a6dcc2fec0cbe4c391be88270cff5d03444155a,train,41177,1
2397,b59eb9d70e31650115b412122470118044c00433,train,68840 68847,2
2398,352d7cebf62b76e0af021623cbbf2106aff4e2fe,train,69689,1
2399,8d6d29e41fbf0d06cb0f116cdf531f4c70a006df,train,62932 62934,2
2404,d9dc78d4b622f1edf4a42747ecf246b92c96d7b6,train,13520,1
2405,2cfdeace49533a099294dd02bad8b9520a2e0f7b,train,34726,1
2406,7f6ca59568a32c640ac46261470453075e8cf073,train,16594,1
2407,98d10aac15754b9bf8e9e02e5fd55db971f546be,train,14705,1
2409,3a85495198d0c0f23e445f9f718b4d0a8ed3f50f,train,58201,1
2410,66344aeb22ff5e8c7482345d2ab891955fa372ce,train,19347,1
2411,b8c410fcddbb90ade12f833e146587ceace956f5,train,40484 40486,2
2412,8cccc75a47ab92dbce0fb84be6f07498e29aba18,train,75712,1
2413,43008ea6d136fe766e4ba6861c9c575a76534e77,train,48745,1
2414,008eadd8d385d0d8ccc4d25250a0088252240939,train,14256 14263 48088,3
2415,0dc2a1c58f9a5d85a1ed783cd512e36757527898,train,89780 89782,2
2416,af76bec62bf2731d37806d238ff3e99a0030e3f9,train,22487,1
2417,b3e03c772097b680a572aff4ad54cee878c40275,train,40589,1
2419,1f70aeabce9e6b344dd949c70daf694e6f083205,train,28227,1
2420,839c46f5500b81a552fe14e0978aa30475fc5403,train,28339,1
2421,6c1bfc41c185a3b9cedd85faa9f6a006bacc9d16,train,16123,1
2422,15306f018db103b575a8caed20464b6d96969f2b,train,74338,1
2423,38a9da7e8e08f80a1cf381e561cf12720836d19b,train,10233,1
2424,fb0a88363472cb0bf46f6d9cae8e4822c40d2d30,train,53740 53742,2
2425,5088319c112bc188abe4bbab20c239ee9b4bfbd8,train,1736,1
2426,1ae1a91aea1835e6d12213e423ce0e3d38035fbe,train,68358,1
2427,19d226c7efefae3bb23f0a62d57006ccf3039c08,train,81073,1
2428,c1136ddcae95e185b73e0b9e1e163d3e242011a4,train,45943,1
2429,6da0c0b45516ba5a98ee3511694e182f47a03a9e,train,52932 52934,2
2430,d4c1cbb4c12e85a7c0e21272dc5341208c276a5a,train,61959,1
2431,543a6e0f6720dfb651905226f7b448425da33b50,train,51743,1
2432,ff748a27e62270a83a4f07025b9ff5c30501385a,train,90181,1
2433,31ae02263bc7829dea0652b2c2d15da86a376202,train,36103,1
2434,ef2563e8ea297eec03a09aa5150d200883be55c0,train,3882,1
2436,6b14a132c7dc520e33fc544f2fba1c686a1d2afe,train,75385,1
2438,7ff904776f335b2237c691fbdf81008416b8b671,train,37827,1
2439,9f43afe612b78e00f6a7d6f10e7ded7aba28642b,train,22006,1
2440,05cabec67ce429dd8302149bb652cf093bd1468e,train,49574,1
2441,50152858497a642d2dec49f4046527275e61b0ff,train,90920 90927,2
2442,752066a970857b3e6fdefaf530f48b6cc770d754,train,38376,1
2443,6e1c7a4222cb239fb9d443f7d43727cd9d4b6c51,train,59125,1
2446,e8d16a4c820d312f2f356fffa635783d83fdcc9b,train,36748 36750,2
2447,1d4aba676fcf1673461bcc9daeb53aa9faf96306,train,87096,1
2448,3caa5443204862f9fce0a9412bfc554af3298b3a,train,49702,1
2449,0dc2a1c58f9a5d85a1ed783cd512e36757527898,train,89780 89782,2
2451,531ea75942d0573d4642e02d261717f45cdc0ac6,train,57900 57902,2
2452,0768baf563443f1c0b62585f60c9a0879d5c77d9,train,35687,1
2454,d54a504673eb6f988f55871d5038d07a61a96aa3,train,51745,1
2455,62f7e6ef888c5a992d41f348343f9ed06ce53d5e,train,52565,1
2456,0a890c73f943e81de6fe02a58e8c7b168d24bade,train,64961,1
2457,97dccd27763aded838f8ba51f65813c16e31105f,train,25258,1
2458,fddb42134904b9142ecfea1905279f7648ea5b27,train,15092 15094,2
2460,cbf043dc925d80f55f5fa3f692e5793c39ce07ce,train,76010,1
2461,6b73e5f649b977a0968b2a50d7be2c29fa566068,train,28980 28982,2
2462,c12261d271288c0dfcbc36f4d5f3d59ce5b275bf,train,34922,1
2463,0d0e543103ef4c63faa4b74921f41f495acabe26,train,58559,1
2464,b0fb02e0921a313418e29bc4fed3a811ce78e15e,train,50289,1
2466,4cc70b1acfbb3880e104710e87487e24ed1eb927,train,37479,1
2467,0514fc9c4d8a1339754d0a87bfcf43f969f889c0,train,19579,1
2468,42e61344bf74a0cf7c977a7315754cf72561acea,train,89636 89638,2
2469,155df17469e1e4decc3ac4ae22d65b95df1b5aad,train,69352,1
2471,8ed70a806965506c43303b1d70bcb6c188ce030f,train,87578,1
2473,58e53d25ed210878c0f3fb076182f35563a581ab,train,32112,1
2474,8d944065b66c941ef23622a26c1ecc803ae25e26,train,48871,1
2477,1b2e4ed606896853c4aaceb10c5db25409bd3357,train,14632 14639,2
2478,188b6cdfd18e53af64acaa58610b02b77e59fddf,train,1458,1
2479,7c9e7c2bea72d52205715b21e6c4b049ab952eb8,train,79081,1
2480,9d00f62649426703a55424e97a27335f98a70a21,train,20771,1
2482,1e8bb584c9e53ed87accbedda0e2986418d40643,train,57331,1
2485,8213c8b5684bdd36937c94f7ca6e9af9ce541880,train,90853,1
2486,016b59ffbf19fa9dad461292fcbc02bcd2af5c31,train,80528 80535,2
2487,cded04246a379c73423916634cb1589e08501483,train,20420 20422,2
2488,6253e90982ad7d1224326644c0cfc6a9ba3230fd,train,58852 58854,2
2489,5f667ea0949ad75470153bf810302ffe2cc65011,train,56013,1
2490,400bb4d5ef6da7ceea0fde66e90e9a9a2aa13ece,train,9793,1
2493,6be6a4529dd2886059715269056add7d49e773f7,train,48377,1
2494,fd6d827931396d31cfc28f2e04484fecb687eccc,train,39988 39990,2
2496,47c72f5b4fc7597de020bd5d9c49c9cf515b234c,train,6409,1
2498,b1867616f00e1e05035d0ed882988b3606bcc624,train,53473,1
2499,5600d8ed6150e0cdfe401283a6a50140c48ac639,train,54354,1
2500,6be71bb8db9bbfab182bab06b6b65dd97a5fd820,train,60144 60151,2
2502,fd3abde8a7fb5d6fa78b4257e43a4cec1eab1763,train,12016 12023 17232,3
2503,6e311ebf8e026a23472fa6338fa03dd0ed11f694,train,85572 85574,2
2505,2877bb85e91c3fc824752fe684b1073c1b2241a6,train,6232 6239 58336,3
2507,e15db120258e2c132c8b0b962f071eea199c682b,train,4947,1
2509,5a8485090f0e5043f43c9f24e09a3abe3b14af3d,train,19484 19486,2
2511,85c03fbb4dc7f8b6988eaab9f574419fe73b5e5f,train,82183,1
2512,2fab18ca533066bfcb942319b5326029d2ddc357,train,44230,1
2513,d6fbcb20796ff0d9bd6d7acc47f7286932cb2f19,train,78315,1
2515,6914301b7a1d6cb425af52b33076567de69a2766,train,21685,1
2517,a1a09868b3c198f3de0f3c7456b7882474349a43,train,57657,1
2518,e6fa834f50850053e8987c8e69257439b5cdfaee,train,68136,1
2519,43822bc051697752b426f3f5b5984b3dd8d47df6,train,83960 83967,2
2522,111bce4e5fc5fadab8a194234148ea304be95008,train,47184,1
2523,ea51c76499d69b7724cc8fbbdbd2569d794aa103,train,76872 76879,2
2524,7301bd072ed5cba2a84323d8da29151a3555aa7c,train,63336 63343,2
2525,e451445b4e386e2ea3f05d78030f3eb30b59832c,train,12248 69464 69471,3
2526,02c3c6c7312c0879a96867d159380c3e20ff5216,train,79261,1
2527,a34cb690ebdd87561ed8f9b0df5f8f848e7b0fca,train,13676,1
2529,a412600831dceeca6044950ebd4c186fbb06cdce,train,49147,1
2530,f16c4123a7423615c116e1d4ac9544ff5b88d0d4,train,44422,1
2531,49a6492b9d5ce34fdb5321002a5ce9bde4402dbc,train,14900,1
2532,62e6d2cd3f001d05b9e6a1f8cba6e4eb3816c88c,train,19645,1
2533,ea9da0159ce2981db9f7df14b0bd829b245a3304,train,71108 71110,2
2534,971f1734d59633fea8550d10f9856a81e393a274,train,29779,1
2535,10d13f001e44c21d5168cafef206079452f02175,train,90728,1
2536,56b800ab65f015ecb9c36d90968099848a507d60,train,23536 55544 55551,3
2537,ed8d8b5bca60c093dc491b9be50d2ac6e129128c,train,36787,1
2539,d14c6d824a2aeae45baebb7f3b56e0bd4f4e4077,train,36736,1
2540,0725f39b874cfd5d69e627261f6fa9f1d1b52c86,train,59096 59103 65816,3
2542,a282a570a04cf2b837ec1eab70c563970aac6685,train,64156 64158,2
2543,c9547eb55efcf72e758a58e89606f063838c6013,train,78345,1
2544,fdc6d3ece54e03b349183ecffa4061405c9df4e4,train,66915,1
2546,7eb54adda4cb5ed98bf7fdeb71c8baf48c0b97fc,train,50633,1
2547,9dd703235222c4ec8c59567233071a0d387c49b4,train,32273,1
2548,870681750e71842f93c65999cb92fcf66bd67e82,train,8112 8119,2
2549,60602fb344f7d276437d8e2340e4cb46c5e7655a,train,65327,1
2550,b9cf2bf62506fa6b1c4022e0bc98bf775ef12f22,train,83830,1
2551,549475196bc2a3d68e5e90a3afe9d23bb9903df7,train,70086,1
2552,7c7014556041289b97a6519086eb24fd68ca4007,train,24833,1
2554,8017a54ea8a04eabbffc00cfac725f3e8e9331dc,train,56251,1
2555,921ae71f5463f0b5c56e10df2a61209da346c302,train,68896,1
2557,90774a9677b42a475d84ffcb96b06f4a961b9dd2,train,14491,1
2559,f68e4949660f2ecee7482f73b980d837d8e22741,train,52728 52735,2
2560,0a8380a05bf97a6dae7617269d0607274ecc49ee,train,83180,1
2561,29c588d77a8aee4762d7149e09a1890377d460bb,train,67676 67678,2
2562,f90a7e1d95f480b3dacec4c1aa3409358e9046ce,train,44220 44222,2
2564,cdc78cdf1b878871d4b5a11a9e46344cf6289c92,train,77858,1
2565,9a07319038aa52fd323017c60a31b97f06a93854,train,27002,1
2566,8fc46ff5e77942546964d10b7f34f2c4d329e361,train,67947,1
2571,f41b0df2a431a788d029c7763d51670ac75bf469,train,51882,1
2572,868eb390318d2a90da0e38cbb828c86fe30091e8,train,84770,1
2573,4bc0ac9354f1d3a97075a872acc922112b0662c7,train,39743,1
2574,cdfaa7dd0e06255e1e2e4b933ae69e4836613895,train,32772 32774,2
2576,3d62ada2901d8da2748c6bdbd5aa9c0cd80c7b77,train,71408,1
2577,723782647339584dde837f5a202fa346d850b59f,train,80396 80398,2
2578,3914ca510ed2252e1fd240caca4b9089e30648e1,train,35332 35334,2
2581,e90d8c411e656f7de0d3813be1fa860117286744,train,86305,1
2582,d54474a87931ba3027b41f9c0f03bb028f774996,train,22674,1
2584,86b93ca1a88c2d3a5a5e4041769ecfc6b7878269,train,53575,1
2586,105658e0211a0121de2325d12f53ebfcf0e9b52e,train,2091,1
2587,73795952dc513ca209c3e9ef1d4a8d11ef091fa8,train,71395,1
2588,d526e31b6f418dbd79d23d11eac4de371159cfbc,train,32200,1
2589,64aa480f4130dbad4492b034025027f99aaf56dd,train,29760,1
2591,8c32907a5abcbe2f11179a2283c54c8f27959563,train,76070,1
2592,ca82450c124bd1cbdc119ac75f7ffbcfa781a9bf,train,70339,1
2593,7c14f6d52d39a79dcc36f0aa4afff80ce2341fe6,train,93003,1
2594,1a3340796031e1af7e76df3ecc3dc1576269211c,train,63226,1
2595,ae315221f9f36ca4a28bb866db8baee7bfd54dfc,train,40747,1
2596,da2f822d2537fa7643a9ecef3411bea07c8dd104,train,5553,1
2597,12ae627e2ea95ad2d5f01d74827dfed0a0b12ba6,train,86200,1
2600,439ca31699613c5c316966076ec9c4e2a1e87bbf,train,81220,1
2601,8392ad7fae2ca7045ef96dd5d9c8cb4715dc1ade,train,21355,1
2602,b2dc53d35a4f10788fd5254cf31835bcf4b55d29,train,57050,1
2603,fa02df2e956090ca34a236187b1e8823a7bc1c11,train,78807,1
2604,93af3202f55dffe51d865490e6463d6c1e0be3f4,train,78668,1
2606,9482634d37620c856ac23865d7713bbb0d58f768,train,41595,1
2609,b036bfefd1cf4f772221a5b501ad269c69dda953,train,7205,1
2610,3a624cb11c6a0b77c4fbafc3c0e0c7d1181cf9ff,train,50907,1
2611,e5c12e60268a16e3006698115c9c89c8782b20e8,train,62264,1
2612,45d935b44fe85cfd3a885832ed0a6e64d6ebc9ef,train,18325,1
2613,b05c007bf9a0d0e2357be80f15f930898cc59916,train,24424 24431,2
2614,83aa36bf7df5841bcf41f282b3f33f621fb9d8a1,train,43441,1
2619,e3bae5426c6ffc897dbe04439aae2c702700d2c8,train,55321,1
2620,a8b8062bbfbb12c82d6dbd502b857db3082c5f91,train,66280,1
2622,13a4c13e68040d3a0ee9346e119715be8636d989,train,33661,1
2623,dbc6d5f6c93c3c4dfd215e3f98ca36c2d716330b,train,50499,1
2624,803b36c2f4ec5ed408c0b7dd11f8e41d766430e1,train,12908 12910,2
2625,d7b528332d0fde06af857c056772647fea39bdba,train,18032 81552 81559,3
2626,b9334027fcf2ff801640fb2c9fb33bbc9ff3cb37,train,2352 2359,2
2627,f028881eece133ddb141b949e9a30f4cc90ce7b9,train,63641,1
2628,9dde21b97c471202bc521639429f8f7e5a9a51e9,train,70380,1
2629,78724b2d1a81cec8968f45c485237b47a4f514f1,train,59128 59135,2
2630,46f7b11f6642722eefdf133cab7c7fe28f9df1d7,train,75576,1
2631,63eb12dd31ed0e4a149fd2a11a098a6d72f6bc35,train,6810,1
2632,a03396d8903979f56dddc6f2dc54304e60fd5d62,train,92605,1
2633,94ead9df2acfe1957f2db6e502dca7be226c31fb,train,53167,1
2634,388d441fd3ec4a3b0715c268bc91306f016982f3,train,65691,1
2635,f4cd4577694c0b1c89fdea4d395ebdb8e1cbfab8,train,26693,1
2636,917a75b78444441e0e92c6f40ac251ffea883ce7,train,88677,1
2637,b351829c70f170d02d84eb0d6a9031ad98899997,train,38589,1
2638,e4a63d4ef2514df1bb70c21b422d3aa8fd3b8840,train,69724 69726,2
2641,723782647339584dde837f5a202fa346d850b59f,train,80396 80398,2
2642,f501b876b7eaa922d597b081c16ec1c239aa8fb6,train,59805,1
2643,239176d24619a3109f85eb3f3601c99cef68cf93,train,46244 46246,2
2644,bf5be643f7a5d441fc4131544765804c738dd8e2,train,89776 89783,2
2645,6cf2b77697c7060b1dce2c2852a12488805030fc,train,80504 81512 81519,3
2646,6fe2d80c3328e3551091d497126ed9a9c863e0a0,train,66286,1
2647,8e325511c41027b6de890ebbf56a549894a633c1,train,45649,1
2649,43dfc165aaa903afe1b6c37bdb823e3b4fd954c8,train,6149,1
2650,1ff411e1f11183b595d9d7af50aa2b159b3c4023,train,25746,1
2651,e7242a235d211bf8e7d7b1f2ee55a9bbff0176f6,train,23786,1
2652,23722b9be307506b63065c7ecebcd15544b84f5b,train,75740 75742,2
2653,0d4ffcc3e129abfdfccf1ebd0926996816de9025,train,8696 8703 80272,3
2654,bffd5b1a7081a064833e9bdbc5618ed25a90271c,train,18148 18150,2
2655,0a6b8d17cf8d8cd8fa8f183f2603556d21c198fa,train,62933,1
2657,80c464f9a0f8b4e165b082f89698e8cea59babdf,train,38260,1
2658,487f0a162a5f02cecceb5020b5e4450eb48e31a9,train,86273,1
2659,fb283cac8ef0b03cd6bfb3f58bd1c3190869260f,train,21392,1
2661,efff51a4b42ea81d1ad42e89034b15b4d38030c9,train,10628 10630,2
2663,ebca42c40b4e7871d92481aeaa3cf2e4c66af21c,train,88475,1
2665,b68143ae1da81b84dbdc1a47720e43addaf86bbf,train,85068 85070,2
2669,925b9f3fdc764ddce78ad84e8e144dcca47246d5,train,1138,1
2670,b9e6ecd8ffb98ccf5ae803618e6a98f9ef97cfdc,train,79500 79502,2
2671,9fd36c703d3869bf90f9bc5243a9c01daf860977,train,72402,1
2672,179909ad3f8e5af93f6d2621f9d0a0a13c15d629,train,56764 56766,2
2673,eff6b3ff5c12023f3d1f559fa3f9b24e8e9585d5,train,71929,1
2676,13a2fb050d793a505d52a1cf71e2d1a82d8d6238,train,23004 23006,2
2677,1f0d1f463a97f9f8653b39cf529c8c1e65e4e3a3,train,58936 58943,2
2678,95e242f5e761b033b2868d8b80b5701342bd1de4,train,91996 91998,2
2679,b0dc2daedbcd3ebdbca101e6150c4d7df0f2aff8,train,55424 60960 60967,3
2680,cca66cd15771a5698b34a23c46a4f03949bdb542,train,22975,1
2681,1c019bbd6f7fcd6ee1b2df9bee577d13ee8d1498,train,41400,1
2682,fe2a0e697a97f76e143543d7cf8573600d6666f9,train,87412 87414,2
2683,456c40dc5a2b9568c5ff51c5c8ec0c561d402188,train,33244 33246,2
2686,c714eafb58df157f49e7b6947fb8eb00a81ab8b0,train,15207,1
2687,35dee537437e43bc75a2f57bff984bdc62fd33cf,train,33008 58456 58463,3
2688,791c38b20158b887b64074c11453d1e3a0152d16,train,18792 91568 91575,3
2689,828a579cbde44a5d7cab651fab76909e071e0666,train,33080 67048 67055,3
2691,9be111368375f96d7c3ab18a07967fa651619688,train,82613,1
2692,2b04ac5e2a29b5605fa4e4ae63208b57a107ff8f,train,13298,1
2695,6f2e84645bedab50ff32a8328626fb9a0326e167,train,40357,1
2697,c4ebb40aa52083f6363a2a91f66c930a5f89c9d7,train,8736,1
2701,26025375ca6560df22e0b3fa666090b03ef7dc88,train,46915,1
2702,02a8240554ce8e43d3cada38f1cbd231d1fcf334,train,15488 15495 66992,3
2703,18b5796037b862108976a99d8e6f1756ab39b790,train,44880,1
2705,a004c5f97026d7fe4a0953a851187582797c2254,train,33121,1
2706,965c6aabbbfa536725232c7b028c4c2527798343,train,37098,1
2707,312c84d798290a0e6fa9bb9fac5fb5805525b93c,train,16056 16063,2
2708,cff9866bea62caa00a312b7f55fddedc8847a207,train,9025,1
2709,5236a2e09cc33380182518530803452ef3d34420,train,49240 49247,2
2710,bfaa68139286b9983704f6ae8ea19d2b1e22d8e7,train,86357,1
2712,16c46b9ddb84400daec05c3c3900da97d4ca1791,train,43786,1
2713,21a06b6abacdfc79e3dffbfa08f455c5b7810299,train,10750,1
2715,75540e7aeb1b20730d7ba3de7e50cd95de722202,train,10841,1
2717,4ab8354812e5b0eb25d5b4b7ee967f5666bc1854,train,28649,1
2718,57055c1f8c6b7cdf5133c59b1ac1af521d5911fb,train,3337,1
2719,84ccd4d7c890708a45ed948a1723861dbf6d1f07,train,7689,1
2720,5b424fe62d65e0a8c8727f173e5e40b9982b8c3b,train,4044 4046,2
2721,76fca9a4fbdca8be8c814f97f1336e6742719845,train,61240 61247 62200,3
2722,cd7533030682aefac038eabdcb88df14019d7b07,train,62412 62414,2
2723,177d3f6970b61cccb2d45acd0dff1aace4530997,train,856 863,2
2724,0e03151efa58bc6e6728dde8667af7bd7a0e388e,train,68593,1
2725,55f93d6a153e235df462677213df9e0f77f92cbe,train,30220 30222,2
2726,4c3e361b2a3861256d78462ca927dc71288eeec6,train,65401,1
2728,af1a7d60c2ea7ad5c7d788dc4a7c64c77833b95c,train,64605,1
2729,53e87496e2dc916d6e5078446eb0488cd539cb11,train,37775,1
2731,8a88f8723e6500bbe97f2f9c521433fe933cca2c,train,85328 85335,2
2732,0817865b3a26c4862510912b156a8fc7ad57097a,train,49477,1
2735,eb8c1f30de0aca06216d4ddae8f20c9a9a6a1e0d,train,22687,1
2736,63d1be9d136aaf5bf4f8f84bcf718ecc6db47301,train,48907,1
2738,60ae5570830294523cbb7155d1db4ad9701a6142,train,30370,1
2739,dc37c5a91432dfed6ef83d0de43ebc82d8e7c5fe,train,71905,1
2740,faadbc394bbd1beea73f1afc663aea08354b2f56,train,26691,1
2741,b72d7154470ff128b28fff747640b1604e8202b3,train,61441,1
2742,01cc7173eb4f8425d915a0100115975640dcbd6a,train,30388 30390,2
2743,b9d90561b4783a2c1d34c000645647ed79971d24,train,4876,1
2744,1be10b85cb85c8379a7bd4fbee51ebfeb7386b18,train,31715,1
2745,0b9280a38c62bc489fc81f40c3636f333a157a91,train,64929,1
2746,4b3a160c3b1097ff13df968952a4d3650f5310d9,train,82879,1
2747,1d667817873d8a49e94fe96172b70cc3f21abf30,train,35536 35543 71344,3
2749,9451d700e7d9f5650c09a97f68ad6bad8dacb880,train,77241,1
2750,1701e4343e2b16fe29bbfc7aa40cef2097f68d92,train,50903,1
2751,2ad70b7c9e33335df3c5543ae430acbe25143daa,train,77467,1
2752,e8fa103d07a1c66803ec39bf3b1fe6ea3c322b7d,train,16472 23672 23679,3
2754,df84a1e422183d88da24e7eab1741361cf412ab5,train,80874,1
2755,81ccb080a33f6baf3fb21813223b5a97de341bf2,train,18174,1
2756,393d260b560d7fb5b1e7bc486b6ce9bec07b4860,train,7513,1
2757,c35d6215064790923c2fe3840d25fef8a2eb7512,train,51826,1
2758,366fa6918c8c5b2c5e9521b85cf90ad49d94de06,train,27361,1
2759,3fbb669d47ba4d28905e573f2a96b70304ee79d6,train,29398,1
2761,d10821315a597665c7fc1c5a235a052027362c55,train,63939,1
2762,6d97532225f43d16280add33c045056e437ba82a,train,41543,1
2763,ef996ca0585a8ee43ef42ace29a3c95f5be38bb1,train,28132 28134,2
2764,49957e412dd40954d136ffe2a7a8dcf7e592d5e9,train,12743,1
2766,8ab74ddb06c6051dd9be38ab6100ca26407c8e6e,train,22848 22855,2
2767,61118d830bfd564d291fa59108e2c9ecc9ee0304,train,33877,1
2770,cd48e5697b200a1ae775e329cf4eaac7bbc52793,train,47938,1
2772,5ea614ae5c2af32d3526db0c23d829feeea29258,train,67882,1
2773,37699e16d67e4ecd736ce8922ba3a1faa8690702,train,3989,1
2774,1a110912210e335cc88a6bacb026de5356fdb610,train,74997,1
2775,86f9c2872aa8963be4d42d39d588a96776b72b47,train,75955,1
2776,737ff7964e00fef744e3a2f6bb3fa19389300b39,train,73268 73270,2
2777,f5156e2c005f2acd95fd8bea1539befe36555795,train,30426,1
2779,dc98fbb34f9e33d443b8eaffe94b42215806521b,train,91287,1
2780,50d3c43ad0ad51aaf38159708bbfaa14018bd673,train,58483,1
2781,82e00cb07bc8821353fd1cd19990a88733f3f7fb,train,12162,1
2782,5549f7889502c5907bdb776f9945bc6033eee8c0,train,93151,1
2783,27e36066709b6acccc1ee93d6db37feb5df33093,train,53472 53479,2
2784,f6ee4ecb2d2b30f203a9b2ea793c51443d3fca57,train,85471,1
2785,e792d7ee85e55304eb296fbb7126e4f1715e7e91,train,74108 74110,2
2786,6fabfa816fe66464cc35c951a318009069301df7,train,33288 33295,2
2787,a5fe1dce3a29131e615df278ac7e83bf79822909,train,81103,1
2789,6c0d1fe05a902bec895c556b88fd7e01675b8393,train,62388 62390,2
2790,f0d430303cb14371133bc77b4949da32ce0652ca,train,10562,1
2792,a74fd2ad8c349616b30ecc572deea3d70aed9642,train,12864 14152 14159,3
2793,f5ba1ebdaf7bae3b8d470b38cc0707b30f17b24b,train,76079,1
2795,c63426f9b1a3cb5102fd33956f827d9b7fe75c0e,train,46105,1
2796,7229b79082fba201c7f6d8f0205165c2bd93a280,train,66996 66998,2
2797,7153de8f4c0bd0185d1b47e75e4a1a131468a8d2,train,15580 15582,2
2798,a0cf06794a1215ec0fc60dc3d38d878d7f53d9a7,train,61724,1
2800,b8a187e9803800d545bd6c517725f28e31937dce,train,81540 81542,2
2801,76bd6a24bf61315dfee07260e7da20f1a710280f,train,25889,1
2802,9e4f6204cf9fb8f0c73c5e64e03bc074629ddf1f,train,51643,1
2803,8e6881cbae35a25caa5b93e563f7a0d039947ce1,train,36746,1
2804,b048f8cf3532460b53568594189b95b6c8ab01c3,train,11640 45024 45031,3
2805,6838bc121f25b2231a571bc20526b72d38480aa8,train,26210,1
2806,add707f2c69992c4c0e0dc0656e8997a5aae14af,train,17217,1
2807,bbf8a69e0ca83b13db16794a7ff2ee332f8cfdb1,train,66837,1
2809,3262fbbfb01fbc794b5a0001feda2c125c8ac8ec,train,38787,1
2810,6afb02ecd1c62b74fdf1ce6aa94cd03e86dbd3f1,train,6784 6791 26072,3
2812,bf0958211bd3e114a20b3f727827135e47027d24,train,14408 14415,2
2813,07a6c11d47eddc8dd94b632231b695493b8b6f83,train,6319,1
2814,d16268d9f445dc3b84a78b1df9b320035706dc22,train,36940 36942,2
2815,d70977ffa812b5e31aac53d639b1106c26cb1ea9,train,59083,1
2817,d1f2e45afbd948c42596a59876c0a9babc08eb17,train,39620,1
2818,d64d5a3b8f1111439e90f0cf0e0e79cf4ac2c396,train,6481,1
2819,f562557b4db50374bb25bbfc751a80e10c712a60,train,79068 79070,2
2820,a546bb37351834660ffc292f6e1d3ab26f3c61de,train,4712,1
2821,cee7e197169d15dd0180afb02fe6f5813ad46b51,train,27922,1
2822,eba4405522545f74fef57ac12aa15eaae049c14d,train,9040,1
2823,114c33ab5cbf2cdb43a0943f8c87f176bfc5741a,train,27794,1
2824,9fffff38f37a03936178f1f495aeea4d22fa9c40,train,73687,1
2825,d3ab7cfb93088354d817327107293f5b6fb1856a,train,64665,1
2827,593ccf028c15d83f9ea3766debfafeeb25202da0,train,12916 12918,2
2829,6079da72b05876b02b3e3fe13f26b725b83eb535,train,28817,1
2832,8f77914a936f04ee7fee3d07d8ad54e8a0ba884f,train,41664,1
2833,5c6d600b410ee0988d94e87eaf0b935f853da204,train,87554,1
2834,669612c6e1b38fceb8d002ac8beb8b5b9c9b2b4b,train,67743,1
2835,f3adaa174c3ddfaf8c1c45422efbb28a7e567073,train,90532 90534,2
2837,a25f20f1f6d1eea9f84eb05ad0b5321ad370a6a9,train,67724,1
2838,8c299563d46222496acfe23a6d870c70e4bff50c,train,10865,1
2839,9c6af0b782bd52f734742ef93548094a235ec054,train,38597,1
2840,0d564938592c2875c75b7967ae164c11da16bf5e,train,45904 45911 90464,3
2841,7e3f022a64d46cb3cfa43f5963ddbe44193adbaf,train,15216 85480 85487,3
2842,d9f7b1ca68890624affc9041489ab4ec01a8199d,train,79976,1
2843,183e2d5954b8b5d43581085c319fc0b1ce96904c,train,78479,1
2844,cafd65629dec4bab435d4057131cf08b64e800d0,train,29126,1
2845,3018a62bfcaa9cc2409a42b6f408dd63e92aa734,train,61973,1
2846,59c444c7eba05ca4253191aa6beadd8495ed95f5,train,49103,1
2847,ece6ec0dfd95cd388faf5421a4768a8a0c6defdc,train,85676,1
2849,53b511a44df6dd6d909ae19302cd98d1cd31b9cb,train,38267,1
2851,75beef719b22c9c0b72f47788d19166ab6f483fc,train,61768 61775,2
2852,33a902806a8f1979218fcfdf6df8e2cc2c3db88f,train,67313,1
2853,257bd1493b98c8ffb2d796861e8c13681cec8e36,train,25920,1
2854,92b3b19c49440695e5bb67f110279f42c484d1da,train,20856 20863,2
2855,9bc9a855c2e5f968b607d2cbbc9c1eb65451be65,train,22140 22142,2
2856,f8fbaedd4f2d88e3d0af78a413d20ac251e85f01,train,92248,1
2857,d70cfe9ad01c2ddb2ef06f7a6927398c20e1c8da,train,48304,1
2860,4790b188c93ffa1a01de9ba7b3ce24e4e004cc13,train,77636 77638,2
2861,5b0bfce43da5b3c0f3dda539ea325ea89ca44263,train,47020 47022,2
2862,06a95e819f270e5a51e13aa6c4596a221af71ed3,train,60657,1
2863,6aece91eb04caa45d04a0a53a7b3b82bdb76b911,train,11476 11478,2
2864,7dfede71b65883180dbb2c7c251f95d89fc6966d,train,58092 58094,2
2865,bdbcae08178d0e424851d9481295e37a5c03fca6,train,50185,1
2866,a9b4b87e5569a9bdf7701daa2fed36d77c3f4779,train,11924 11926,2
2867,0d552861b14ad847ead3d33bb12b52eb34ca08be,train,75644,1
2871,26cd0b4f8d3d08406a149c776de51826a5589f60,train,16361,1
2872,c1dd8d243af773150acda4628e5d0cd4b5893488,train,14553,1
2873,6d58ed293e092b0945874dd26178ffc75ce9ad44,train,19823,1
2874,053fdde74177f633a7756ee40f94dd3f2456aff2,train,51184 51191,2
2875,871f7ef2e7f9424f314f0e90cbebdff0830145e1,train,72658,1
2877,599d1440bf70119ca78fd8f014418d3f0db5930e,train,70632,1
2878,b3d25b093f963f62e0ca5ea3bb66c915e9f99773,train,17088 17095,2
2879,3e1c8d69bf39fc3dfc84cc94151e38f16ca9a8ca,train,52611,1
2880,559649025a1fed59dcdfee45d766b164ccc70398,train,88203,1
2882,f20bca65a2bd0505d28149261f6177b3d792cdf1,train,20224 23712 23719,3
2883,78bf010edaecab3d7cf98e28a9335e5e74b268b4,train,53056 53063 89328,3
2884,ebd13978ef76b6d36560fc01f30e14e06122270d,train,49423,1
2885,f2d9a9e6627488de73e557961bbc23d4d3351b83,train,85809,1
2886,26a1f69259165973ac94a49a0aaccba87e010822,train,48101,1
2888,85194557edebaf31a2d9ded4a67fbe861552e2cf,train,68770,1
2889,f5c4ace4e2430bf149d8768780216b6ab4f6d107,train,37104 68672 68679,3
2890,369edcf8c4eb3e6784a86d61f1de8a4e05f2edd4,train,59254,1
2891,8e1ab2baf45619aa1ef28d7cbb946ac6eff25c32,train,20477,1
2892,b53312cd390003795b2d5edcd202f265e0c97ffe,train,67340 67342,2
2893,1c8c38580713933549c79bb13422753bb8d60ce4,train,9019,1
2894,f5a60d63cdb0bee065ec7232d743da8cdd7aeb85,train,714,1
2895,57e1e42791e2d2f0e15d5dc600b9690258d3fda8,train,39082,1
2896,cfe2139f4de5821c65edff062115254cd516ff13,train,19146,1
2897,72cb5a2f0a872b9b445aa4047ea84d6e824d2037,train,27709,1
2898,8c2aac43bbb52779fe73504941754e32d33d15c3,train,59700 59702,2
2899,e1cdaf030645892228215469cc4e2e4816b1c299,train,18585,1
2900,d8ba7a5e2c8db2fd18a092b3e1d07872e93fbaf9,train,6764 6766,2
2901,ec520b6e06c00892219482c8f15d9cb9e0e4fa26,train,61789,1
2902,388ba354ca53fd1cf80699485074b76e75cc99d3,train,47297,1
2903,1ff411e1f11183b595d9d7af50aa2b159b3c4023,train,25746,1
2904,afd95968aab090318bd107baeb1d03f23438dd81,train,13564,1
2905,10ee798473bd79893be5b750fbd3ec932ccfb63d,train,17420 17422,2
2906,2d124fd8ce108dd32728d7635e30056e72530979,train,55432 55439,2
2908,bc4abb9f411db1534fa2e5a4ca199d8c3c15a539,train,67555,1
2909,fe070d64c59112d0c5187eef41d47b4476b4aaf4,train,21916 21918,2
2910,dc116ec040218ae066f32bdca025c735293a33de,train,16948 16950,2
2911,e5b58cf2ff016f4d10f819b220aa35a2425ab6fa,train,8915,1
2914,bbba1489095cdf5580a7112a32c37b592e940765,train,29482,1
2915,63c6d7d8e96ef207e789a83bb836946d26b06ca3,train,90724 90726,2
2919,76a372ad8156816d39048b31d6b73afb40fad5bd,train,80725,1
2920,5296f98627e5e0f18a7ec378ba93266dd8735519,train,41309,1
2921,b30f343750e9e94d64cef05312fa4b8f851e2a2c,train,58696 58703,2
2922,7474215322a70809e6d14c8c232fd26773c5eb47,train,30863,1
2925,d46737fa038ec2c2befb1f417d8d11d0f56b9a66,train,24407,1
2926,9c6941c0fda9f5ae1c05af58a333232de919a7b4,train,81164,1
2927,394f55a2e5fdef63de34dcd37dd9d7e437306d70,train,12610,1
2928,de87d19252e662113830310ca45ec85bf1e6d505,train,14050,1
2929,f62d6de461ce1bcca8f6defd1c75bdef487efe17,train,88789,1
2931,d4607fd79543ba5f1a88229f1fc858264bb742c4,train,63601,1
2932,bc9e71ba1517b2ee71ea2171ccb2ff9e45a88137,train,22239,1
2933,34c060d4b7564852c41cc1fad17899e1c6055bfa,train,50202,1
2934,3c9e1a4669d952f319e11ea4f1758d37a9e8db09,train,43840 43847,2
2935,9c4ec2ea16c99da5bb6070ccb4765ec069fc71cc,train,43368,1
2936,cd9d7399f551ac597b800cf877fb0b848f09e40a,train,42464 42471,2
2937,81249896f66db40216c7b8061e245e97456d94c6,train,1892 1894,2
2938,64408ad0e107ae0babbd9adcd5cc0cf84050ba89,train,14420 14422,2
2941,dd3545e32fe83efefaac18f0b25eb9e1d9f43bc3,train,48777,1
2942,9823785b38cb395148c9dd97ed54b12e35c442fb,train,81783,1
2943,2542167b4e1fa92528db900ee2df086dc12564bb,train,2840 2847 79744,3
2945,0e3c4c2f4a6fb7efffb243ca078e1546100fd523,train,47302,1
2946,8473de2921865d48c2fe4bb4b5b83a1cf78d5724,train,39995,1
2948,6fd599ae2ab338bf6fbd0b38a086028278f27ef2,train,72802,1
2949,402e9555f411639f7e144d1482f4b5524311bc5e,train,73427,1
2950,611a1249cca7eacd2559cf86da8db315595dd257,train,17912 30648 30655,3
2951,244e134178d6b04c4f2bf75e964b748e6f5d4a1f,train,7438,1
2952,3002b3bc4f1b265f067c841c59bf5e2a924282ae,train,12352,1
2953,cd23d17bb2686f5e5e5977dec9ec625aa8d526f3,train,50719,1
2956,4641e4954f7cce36d0f51c7729389116fed92f3d,train,80968,1
2958,346fddd56b425d66fc9b2e347fb812ecec8d6b22,train,31840,1
2960,14af3d89ee0e4f880e0f0179b77e3b68c72afb71,train,14784 14791,2
2961,941ee34dc4e57c456a21e9ff6e95ad2c9bd3ba19,train,1258,1
2962,4a75c668920655628ea01e5cea0876dd9dd4e83d,train,70340 70342,2
2964,5f41c9f86b96c047a33393200340371196767317,train,92318,1
2965,6fbe9862c14793922979569fe6a1aa9ad01703e8,train,63053,1
2966,a3fa765aaeb403bd32ded5249330c732a10e0e87,train,31936 31943,2
2967,e6c6b22275e0acd74f462030d3f3cbc6a2e8329b,train,22808,1
2969,7c4813f5718539c7107246a2d1b5e2bc6306ee83,train,56356 56358,2
2970,53b762ae35d30513486607924c0194b90acfcccb,train,17488,1
2971,15e13dd58e6bd79b2dd06f7c8245f0010419c5bf,train,44536 44543 52656,3
2972,6b112a3b34be33fb6b86a0414bf874c9dd05b537,train,67227,1
2973,9d54e7d5be4d531d1e765e6a86bbd285ae83f109,train,57768,1
2975,8b3e8a1cd88d4dafc8ab22a8dd4bd1823a3d3acd,train,44105,1
2976,920a96336203e8eb536fe417c332f3b41ebc57ae,train,38226,1
2977,0693c587b6b46d65bd93a2d40aa281c49624b717,train,32784 32791,2
2978,723a8b4c38e6f4f74ed766b9bf9f78d923d32687,train,258,1
2980,33b6158a7c7458a68b7cf423a7dfb080d0d3b1d9,train,6428 6430,2
2981,3223bce41008ea7c615565a12c2d0759a8db7b3b,train,40812 40814,2
2982,093b8574adac7778435d246f34eb406568c74f6c,train,14681,1
2983,09a4734d2e299414b92a8888b88817fa6b3dcd92,train,722,1
2985,55462bbc6238896cf7545f9996ad21b6280eeea6,train,57255,1
2986,7452ab93536217ced2ec60164e2979c25200c307,train,85228,1
2987,a25b70f598306173e61f9e93a879f8b135a5105a,train,11539,1
2988,9439875ab0c1ff1d9dbff2c657d69cfa6d2f10e6,train,49811,1
2989,fa3959ab5bc57c78a3cf4ab4bbab17a240a19f50,train,33090,1
2990,ba8d4780dde3bd3e1e33648bd4172e0be062ef65,train,6656 10112 10119,3
2991,bc1ae20814ef02ee39804b4322592736dad6f455,train,57333,1
2992,910d38d1d73736c274efea375a993a6f2f543a30,train,2230,1
2994,ab7caed10a3ba97a734823e17e192dfd0dbb8b70,train,10480,1
2995,d331530e00f0902d956d6b8310c4b1903f4baf12,train,3871,1
2997,79d3992c6a7462ce91a7393b8c21d7d46847052b,train,41233,1
2999,545da5905332388903a6c225be40bdfdac89c43a,train,72993,1
3000,8f2c5fc94e50b17f2d1131d47a4d7ecf8dcb518d,train,70682,1
3001,e625fe9b2918caaa04a81595e98fd8b9da343962,train,83739,1
3003,b0737bc0dee75caa1c2129c0ac88b5875b4ae1f2,train,55184,1
3004,830d395efd4e47fdb02970f6ad28f86caa1a11be,train,6804 6806,2
3005,27a6d6fd6f0210659fb6853b73e0cff8ecdaea3f,train,58849,1
3006,1e33b7228600c37d842637ae81fef9c0167ad1e5,train,31040 31047,2
3007,cc891169a54eb738a4c95a10a9b0d46d8182a1d1,train,46880,1
3008,7803206cc201a59e43be21f95b1617886266fa83,train,71679,1
3014,9ea87325f8e9431b6f93200e69153fafa2eead9b,train,63692,1
3015,94345b1e4ca80145cd434e541f0ba06169a6f9e8,train,56535,1
3016,cd93b758387825775749c907e30f320a57470f7d,train,74932 74934,2
3017,c47ba69c869c7d7800fbf333d2b8f84e4aeb0a11,train,90260 90262,2
3020,50cf736295db502cc192e2293b4882f2c6bb4a46,train,58899,1
3021,d045ecf4c50eb984968fba60abbc5db99b8fc39d,train,7191,1
3022,7bdb384602edad5088222df2c8dc4326dab17266,train,18961,1
3023,547f79c2341ca936bb2bec341053147301e2dc58,train,81429,1
3026,d771290302f1528d9153c379e082cb79911baef4,train,12511,1
3027,f8178a2635558dfe2e122a1c5ab189d6972108ce,train,45152,1
3028,02039a360feeee7bc6c19945b06b112337feb1fc,train,64195,1
3029,0e65115c3d382773cfa544204388e4c5b11aef97,train,6551,1
3030,9fc88d671dd281fb735cfc510d505dccd94619ed,train,45219,1
3034,696641dcdfeff5aeb6019e9fc67b74e40a77d21a,train,51148 51150,2
3035,8c8c1858e42cee1e8d408007090bd2a5bb585cdf,train,77291,1
3036,cd8872820dd816176e9b9e54523cfc37a6159413,train,55162,1
3037,60249ca7b31677801d73542a3f3d8afb53921d51,train,3525,1
3038,88ad90913a6503982be8ecfe1976f793031b97a0,train,20596 20598,2
3039,5faed9b1b7909521bea2af7e9c76ad6f45935b76,train,43788 43790,2
3041,51ce3afd2f52594efd6975961760481e373f92c7,train,37402,1
3042,e3f5e7c77d593fe8a590b5eb362b28901fb5690f,train,72331,1
3045,b754b58800de50eb583b14c48ef4999b593faa87,train,68486,1
3046,5c3b1b77df394026a2a5d991f688fd8a4a0b543a,train,90064,1
3047,4319c82a2705aea637549fa23528e5a910f6014b,train,8977,1
3048,af6c1fd01171495f881dd21f1205a16962ce6c57,train,86088,1
3049,0bdb701ab408e3535739b71107cbd6ba8d47661d,train,89385,1
3052,f65e25cdb237c5860632fe671c064a08e7e92f7d,train,41291,1
3053,36879ea71e4a3116591e42f18630be167120ae10,train,5637,1
3054,a2050a6c639225cdc58dd1f36dfba02b861d07c0,train,7948 7950,2
3055,826c1c2d67fcb6a151c517f6c0190badc1d84a01,train,28801,1
3056,16c66d6962a6479a8987ec606ef47f422c5d5960,train,66032 66039,2
3057,5909b1281bf0cc916a2a4ba54868996a1c866b27,train,86989,1
3058,ce5d560f7ac65dc4f4aa2f58e97c043aa7636f38,train,51416 51423,2
3059,1bc7ab483160ecccd257234fd8563eee14a0a20e,train,35848,1
3060,7407041c821baff4356249dc3eda17eb9970f870,train,73697,1
3062,8f0e4c2c22fcf8079ab0face6fa422c70c69792c,train,64061,1
3063,055eb11f7c94f4c4583d82b4a5703eb3283814c1,train,53499,1
3064,9fd9f3d3e0e38299a2f1bf5a892dc9e86adc083e,train,83885,1
3065,107bc76136b04a89fbb0c450c797f08bdf86cfa6,train,4828 4830,2
3066,4475dc3477cf6972d0e2028020c4cf6a3f7c5c69,train,13714,1
3069,ba8eee342ea12e9b94a7a706df051641df2ceaa8,train,24185,1
3070,bfdbd794f4a5e4898eb77c8b460caabd46c9c110,train,20773,1
3071,6903bbd17412ae4b9ca58253ab713dc8013144c0,train,1674,1
3072,a94f010e3c1aa76201f7e7556ee8ef17c45a1926,train,48438,1
3073,6a48977a3889cc4e0b6549061ce64da1c72b23a6,train,54724 54726,2
3074,9f5aab180c4842923f187d7c31d4938f77a100e9,train,79841,1
3075,4554fa250883282dc075210fa4a40e70c524756b,train,1300 1302,2
3076,c1aad4fe8028d9106ea00765978a75e40ab0b515,train,50372 50374,2
3077,15e13dd58e6bd79b2dd06f7c8245f0010419c5bf,train,44536 44543 52656,3
3078,a892c625d862a09b3ffc6eba67139efaecb7e4dc,train,52649,1
3079,efb220472bbab68f2df7a6969b57ba909b1bc5ea,train,56981,1
3080,f31f6fa5c56c50608c6c8ed81b97cc200991c315,train,65072 74320 74327,3
3081,67b01b605444d8f91e6bae04b06722d42de39524,train,44279,1
3082,bbfd896a1595851a03d884c943e534921aa3d8bc,train,77078,1
3083,e8062515729a4b513e7d8ad04ec34c9db15e5147,train,50162,1
3084,727bb750529a761383a11fd8c9d1dca7959a756a,train,76808 76815,2
3086,882cf10f7183b596282202b2007ba6475844b91d,train,32504,1
3087,866d99ad07bf0cea187a0ab12fce931c4a808513,train,69224,1
3089,642befe2e7483667ee5f2ffd02aae34ca9814423,train,28147,1
3092,07e3f930f8db5f8fea056552775f8c00f82592c7,train,13896,1
3094,148c53f43d64965733a00fd2b0eecc0e95b56ac8,train,75291,1
3095,9552f4c1e0893d1f7d570b84de17d9e4f93859f5,train,83322,1
3096,0e489c22b4c470ceebd08fc847c95dd89e5fb13a,train,11567,1
3097,03b3860f88a1f7abaadbd2952507a354d485ce6f,train,48956 48958,2
3099,0cf7a70ac513e607aea1345c452eab21f274b9b6,train,70498,1
3100,f1667ef351dfb3df3069e517adb60b0c226e536b,train,55658,1
3103,2a4d51076989a497cd88436ee4c78f5ee75f43b0,train,27867,1
3104,63bef832de4b25ed2e1a82e5ae0a52a54b7c5a1f,train,15875,1
3105,7254a5182df32c35600755eb678765208040b6cb,train,22227,1
3106,a2417d5af53dfba0f056779cacec17c9238e7c88,train,33188 33190,2
3108,e9bbb7882e706d9d93b78328165cc0122aa60298,train,42896,1
3109,afda9756bd7d8dc08c06ebd345a5a8ec7e4ccd80,train,13967,1
3111,18d688a6cb16bad318b37c5c440d0d7455fcd77b,train,66701,1
3113,f95fc0827648c8a1e022a3c74b2208b0c39f486b,train,3472,1
3114,234d562378df904671772a17e5f193ee8428b867,train,84499,1
3115,6904631b45d6a971a7869a1e629418ae97ff81bc,train,5880 5887,2
3119,ab2437270d3205edacc16cd25479983f03c0244d,train,2492 2494,2
3121,2973f7f671b556a49fae4f312f232cd5659c02c1,train,80912,1
3122,e2d980d54b6f61f0c7a6faaeb1bd8948184c73cc,train,73646,1
3123,482e694b07217a236cdec4b5f7f815c84cfa583b,train,68342,1
3124,f2c5b4a126e5dc8a2152f1d196cf7e059557cb5a,train,85812,1
3125,24beeee6d5983b44124da7dfd32ccd1699ebf3e7,train,48650,1
3126,ec8fa10b072d722c5f15e26e720916f31c040220,train,59754,1
3127,5a90ff47be77ec4effd8abab02f5a3530a52b5bf,train,81374,1
3128,3fe643daa57669db7c77ae09a947021fb0fee7ce,train,16249,1
3129,8219c9f322305dd7bb35765efa242304193359a6,train,78636 78638,2
3131,462dcd05724a10e2a45a63d9fee854d4c30213ef,train,79429,1
3132,60be7065aaa176e05256b6fad0373bc43aefcaa1,train,80530,1
3133,6dc3c9f07120581a9a68550ea0e6ec890fe0b6fb,train,32384,1
3134,9c7988b7ccfa9cb2379e61c2146a881fc4e6db7a,train,1532 1534,2
3135,a8e2dbce562dea34be3fcc2a6b9fcf6832e931f1,train,71995,1
3137,128fc8c08aaa40a0bff66c22fa17c76c50376b47,train,6594,1
3138,7262b03f25a60aed74bcfd3482799788e088b9e7,train,26396 26398,2
3139,90b65365ef9d2bb91f197e56077237d63c116822,train,77250,1
3140,62eb1133aa1891cd91c4056c145eeeecb1ecd99a,train,40871,1
3142,c91ba34da2136141af8088a4f2003e4cbb66f375,train,70549,1
3143,404966115cb5e60cd2d9d21ac503ac33f502d1cc,train,74398,1
3144,94cfd5c1ba9294e774873cac1775826a04929105,train,59513,1
3145,8483e45df4144c5b8fb6be0a51f196ec77e10e90,train,16884 16886,2
3146,715f049a46432ed269d5631e28c8dffc0bc5d6ce,train,47819,1
3148,bbe737de4e221b8eb4c1fb9e148adf773fce97df,train,33404 33406,2
3149,f8d3016b63dfc191a95fe53d19a3e2b00216b655,train,18151,1
3151,de4afa8c3ea651d811033ab72644c16322231568,train,10392,1
3152,00f73b6c825b788590efd34713f6c05c21ff93b8,train,61076 61078,2
3154,a30d84e99612f4801ff2d5882dce438139116ca7,train,87907,1
3155,d72a01c00afba694646e279f014551deb115738f,train,22405,1
3156,e5f5524a29d416938e78a9f08f2d27d9b9051b74,train,70589,1
3157,ef1158a85bae2161f66ffb7b1431c5d7671ccde1,train,49586,1
3158,e616afb72489105ba9bc8a1d42ffb47bb5ea49cc,train,35972,1
3159,fd4afa34f2ce1da29071e7e48f05700557f12c73,train,2924 2926,2
3160,739b47703c9ddeb9854c24582ed1ddbb34bb1be7,train,93181,1
3161,921d0b490167122962d8568ab2a539e0c944b390,train,50891,1
3162,641ea45c939d97fa92778bfff9651b2c5348b61c,train,31983,1
3163,6c6338bd835a4b93b86d8661a6a236091790f226,train,92828 92830,2
3164,de03b437ccf4bcc22bf83514ba52fd378737e52f,train,18635,1
3165,d9f8bd1b78ac8563daa9c84a9a695914eed7ca1d,train,5526,1
3167,9e5a0dd42f174b82a9f8431856210529b5f03594,train,2620 2622,2
3168,81ed0a34af2c8976fa053a823c1fc432db847079,train,25684 25686,2
3169,fe54b1c2c64eea896893f19c0f70cde6598b6a28,train,71820,1
3170,0270ad9e8b41066a8a627502f2c82070a4f63a19,train,67093,1
3171,cf8d958215992aac10093a745b9434cbfc1b16de,train,74983,1
3175,912aa4e8a4a8fa75df89ee9f59e04470e65164f4,train,41228 41230,2
3176,446062df60f04eec74c65c1fd8c6ddc9772643a3,train,80780 80782,2
3177,7f22a8649c33a5e620a67f8d14d8af0de7f1e79c,train,19622,1
3178,eb9ac6e14b7f8173b08cb876589b5ab4173632b2,train,52794,1
3179,aa15657a0aa80a7fc067ec8852a80cf3045c373b,train,63206,1
3181,85bfd25f1d989c74da68ec0572f1505fb847ec89,train,43578,1
3183,c1cd918e1cf78fcf0c34e8aaeb5aff08a1509241,train,27690,1
3185,b171fee5ce04313db2bca1cb88e4b0ff83c4ed47,train,92855,1
3186,1e3847257cb302b50c09370b756edaf6afbe080f,train,35401,1
3187,fec6c110ae0918c987a401c32068c6155a5d46fd,train,22473,1
3188,43bb69e9fb079ff52b19a8064d37eed0abed1bcd,train,69720 69727,2
3189,633bfb689edf00a76fe06ece15af7e79a47cdae7,train,72949,1
3190,2542167b4e1fa92528db900ee2df086dc12564bb,train,2840 2847 79744,3
3191,525e64fd68d80760b9333858f24c13867b83fea1,train,28957,1
3192,8c7d00881ee9a4cba0308c9a17581c3afa631791,train,12722,1
3193,ef8bd43caeb3b0e171c19ebeb6f0a5ae470784d6,train,5847,1
3194,399c879b0ca2b102a06f5bbbcfad7e04a7269032,train,2632,1
3195,88d1b3f2045f3747bd6347266ee247559f9f86a2,train,35125,1
3198,6daa253493eded0f69a1dc01e4d88a5d50278e37,train,5076 5078,2
3199,ea7b69918054524ac4f1e8963a0ff39fa36e0b1f,train,29362,1
3200,0bbb69d2806d76784145499db3a86c2cd549270f,train,39699,1
3202,71ef1610972e1969bdef2cbcfaac94e38545d111,train,57796 57798,2
3203,c6655f09d38ec4d7dd839b8a09fe37f4c7135b69,train,59800 88480 88487,3
3204,13ae4fd829537f8e069bedce9f3e8a07a39c60d9,train,20474,1
3205,f9e24ef1263e0aaeeff60fb4a33f165f0442511e,train,14510,1
3206,1852220e6e5ca2e88fc255dbf34b631e3b4a37f0,train,79581,1
3213,759a027d42db776b7331b68f8194c1eb79a6bcf8,train,11604 11606,2
3214,82c141fa95d7701bc84f01130638c8ed28ca0eaf,train,11452 11454,2
3215,3fe6a0aafa3dc59959dbe8f319b66c85fc1d3199,train,7,1
3216,a47fa814b18e9c76ad3051a83fddb513c7b0c549,train,48658,1
3217,73323a7043ac676a5eb23ceeb1c63c164a41a5bc,train,43819,1
3218,5e94263d0dc2ebe355bd67b2acc63f520f1e77dd,train,7368 7375,2
3219,2a811dc6bb64f51857ea838be61857b3ca0b811d,train,84769,1
3221,9c835d57040262565aec1f0fa475404c5f531b5f,train,26961,1
3223,33da4b4f861918560fbf2360f1eea5cd165ee732,train,11907,1
3224,9f75ce799dc516fc0549cc5a8886e8e5f680e98d,train,14056 14063 42568,3
3225,4b02ae6b3a2ab5e736fc432c90172f936b6383f5,train,41854,1
3226,29b697ba30faf198ff9ae88d4d733df8c422f05d,train,48091,1
3227,30cc803dc935216f4a6b0cedd20d45985cbcdab4,train,29784 29791 80872,3
3228,cda8c5875c6c0b05ab2e484fe530b27153303337,train,61185,1
3229,e06299506014e7ccae27e4b64e9e6fecb53bebbf,train,38020,1
3230,ce366e6cd401806d2796599e916b666a0c1acac5,train,49520 49527,2
3231,44f4a17a6d28fab2818e3f3b07bbbf310fef4688,train,18520 18527 56384,3
3232,b619fec051e59857e60e70793df64cfe66d5ce0a,train,65599,1
3234,caac6cff27d9389d0332cb10455bb30d08530f73,train,61523,1
3235,44ef5f0b2dd2af5e6d7eab18e0c1e10c0a32727b,train,13590,1
3236,2864e9f69995ab44c93ccf846862fc73dc69b5c4,train,9131,1
3237,7952b9a85b97a285e981668c1caaf0b7d09c04e7,train,8188,1
3239,0a203180ee6061725cf9ca2ffae1054e4124b401,train,76664,1
3240,2aa7667cba6e05e555878b6bf29dd04f665840b2,train,5304 5311,2
3242,c9db1d1dadc136813a7c028ac0a9db9dbf874b2f,train,34066,1
3243,1dda4a237d9e968065ed19585994a2569bcb662b,train,87517,1
3244,cd056419a6d2de095ee5f36783f4ce05bf364c70,train,12123,1
3245,e617d4f586a64c1ae9449e838d641d200f9b2a3f,train,71823,1
3246,1b18df9ced38e0bfbd9bfcdbc0ad2c7d77e0cdfe,train,49434,1
3247,31167b6829c83ea8eac6ed273adeff835d0d51a8,train,30353,1
3248,44d8d4d6fc08fc5d1a35bfb1334c1c1f9aae740c,train,39871,1
3249,d182bebd6714704f810b4881d69d13bff2546cba,train,14121,1
3250,9ce5fc1c4be0373dfd0b56adfa9ce7d8a11e359b,train,4848 4855,2
3251,54e354c8b245ea3c7d519c8ea3ccb61bdfd72de9,train,39852 39854,2
3252,6c44744004a99def2058a12649cf97933cce8438,train,33323,1
3253,65e9dcee8cd42158a3ef4775fd945458978a4825,train,64161,1
3254,da71c8ccc65e4a3960f0101ebf9b318e2ceedc07,train,54293,1
3255,66278520091b3fdcb8588fdaf5cb4ac98219432f,train,87969,1
3256,e85a06bc0ea08c503be66847839a6cdb2f0d01ca,train,57783,1
3257,bf1a3d6887b8697a2811bd2b8be4650eae79e9df,train,9660 9662,2
3258,cb9837e1ec4fea4c48effd82ac60f493519f71fd,train,736 743,2
3259,c8486d62f0bd95d00ad00b33e3373940d5b2bc69,train,45433,1
3260,8f6ce2e98bbf7f6ab8e3a79a7476e975b7cf03e6,train,52904 52911,2
3262,9449433ea244ea69fc9a60111ae6cb0656938725,train,65680 65687,2
3263,722709c2ac8167bb10389157b50d0a51e55a4187,train,75840 75847,2
3264,7bc926a6f4b6035723297dd96307316655cb3456,train,84148 84150,2
3265,5b1ddc167853e5913e02bbb22bea4541b5d6b969,train,92639,1
3266,b63bbcda2dd657f270eea381504bb02a57ee052c,train,34419,1
3267,7b17e914d4e0471e1af9626fcc89a9790541e83b,train,78504 78511 85536,3
3269,db8bebb3ab84e463b0fd0b25f1af4277e8cf501a,train,30368 30375,2
3271,79dda7997eafc99430e8a5995b4c49d0ae7598a9,train,360 367,2
3272,52e95064ca193b53641bdf3fe0fd276c7883cd5d,train,24929,1
3273,0b57945761b99255a2e208b24fc5bace5f772e01,train,39385,1
3274,dc68b7ba58ff883597757ca134b83812d291cab0,train,41203,1
3277,8855bf8bfe1772f6f5dcd6bd4c0c2689a4e5d821,train,72456,1
3279,a114be72881847d5e77ad19ec6527e0d86441c6f,train,70325,1
3280,a27f32337cfc2c72085ed69dcb50f0e14a634ddf,train,17087,1
3281,6d7241eb63840d21ccd9c38e47dfb1ce4f84fdfe,train,8375,1
3283,4b927cab0a264998cd942af7b88967b8538394bd,train,59930,1
3284,f6bd3ae11beb0f6e73ddc2678c75d8279b95625e,train,8489,1
3285,5fdf51ede69413d920c344ad93074b52a5154b00,train,32674,1
3286,7f7b07c8e9879cae567329558d5dc8301299e0b3,train,54269,1
3287,190c0100c32d173ad5912f5d7c3c8be7a071769b,train,20484,1
3288,7b0d17d38507bfb9627358380884e273eba3c822,train,28184,1
3290,f855f8784bad4fac0ce112252f954a52f30b72fb,train,68885,1
3291,d59996db22a5061773196952de6daf667db640be,train,51758,1
3292,3ed78cf8d2134572e163fa82c969bd5603ea8ddd,train,30404 30406,2
3293,a46b99c1c488ce313a629e9d28a80ca7967df4d7,train,56544 56551,2
3295,e7eac5b2a55330c95795a651cff0d24a62ff5ba3,train,9921,1
3296,93e1632773f551f6cb57c5902226cc6ee247db1e,train,52390,1
3300,016b59ffbf19fa9dad461292fcbc02bcd2af5c31,train,80528 80535,2
3301,a2050a6c639225cdc58dd1f36dfba02b861d07c0,train,7948 7950,2
3302,f09c41361139562605e560a3a0315236eb7fd03c,train,5149,1
3304,d4a73094a1afd255df57fe9e35c6f47316a58534,train,17220,1
3305,ddc963547ad15e689280d11bd158e31e05b160a8,train,78281,1
3306,a14253c902f1e923e83cebc38bdbd666212efd8e,train,41316,1
3308,9deb6c9ea71f5f8582d61636cd3dc16904f6ffb3,train,38937,1
3309,3b220f51776919b80ca381aa8fa338103ae698f3,train,124,1
3310,bc7fb68f41bc669718182dde3c52516af8238ef3,train,76450,1
3311,2ad0f98bb34ba39f638a9979718e8c60442e54c0,train,69009,1
3313,627440b260fe992a283a6f5a23698ac117bea266,train,2914,1
3314,71652597b85273c4f8b6222220a16e2ba18cfcbd,train,45748 45750,2
3315,eba4405522545f74fef57ac12aa15eaae049c14d,train,9040,1
3316,9b89ed0f664890924c3285a6ce59344078d46c49,train,153,1
3317,42e61344bf74a0cf7c977a7315754cf72561acea,train,89636 89638,2
3318,58238eac99a02f64883d09c5a3150f1e873e9dc6,train,17082,1
3319,bce30a20115bbfb29e97dbb206567811896d7d36,train,71724,1
3320,202ce530d1c982b284e10e11494e428b72cd9193,train,61869,1
3321,5eee1861d1a288dd3ce0dc4d1450fdd6aa2d0bca,train,72462,1
3324,7cfe9c73cab14a0ca7457d0d7854d574136dc7ac,train,30055,1
3325,8232ef25c72732efaefde1f0618358756ff60aed,train,67884,1
3326,09df0d35d210429d67ac2642333d0a602c6eb803,train,28291,1
3327,82ac387a0e98cca425b029c8604280f1c42a3abb,train,30314,1
3328,fcf79f662094579546424b831fd9b1a4fe63186a,train,52264 52271,2
3330,b8c410fcddbb90ade12f833e146587ceace956f5,train,40484 40486,2
3331,740c51bff3ae4c11ab39edb1a8a61f66c72d2f7b,train,58176 58183,2
3335,decafa9685fb294fe8b2752de25eb396c8cbbefa,train,51500 51502,2
3337,1534c64db455f0f3f7d7c3d2bded42c30bb55816,train,49720,1
3338,1cfd38439cbc660ab48b529d4bb3dc1d360e164a,train,25600 66928 66935,3
3339,95d5ef3a8a90e41a0ba1e662ac2f2e146f795817,train,15490,1
3340,948fa8f92ea095c5b4a083e0588fc75ca8ff2807,train,81243,1
3341,15e13dd58e6bd79b2dd06f7c8245f0010419c5bf,train,44536 44543 52656,3
3342,43fca82bb640938733ea732ec1ffd87d5d0caaab,train,40689,1
3344,9134b935091ddff4992bf0418694a41c9290ca36,train,90340 90342,2
3345,b859a871b3249c71e92e689059f4902dd9441697,train,91951,1
3346,37c50f68bec72670e57754bf22ce3dd34b2a32c4,train,80364,1
3347,6dd912279e2d58b152491407584177e3b557c276,train,88234,1
3348,71e5d878372b1bfbb3a18dda226bd33b349ffc74,train,66248 66255 75064,3
3349,bc5d12b2717d36813c9abac68a7dd2783b77ff0b,train,29499,1
3350,14ba83dd188a92b950958f7d4be20ee9137c0415,train,17895,1
3352,8d944065b66c941ef23622a26c1ecc803ae25e26,train,48871,1
3354,ee7bc0da0b6f63f65e18f34ab52e80285efe1506,train,72303,1
3355,1934e530365d5a80c2d350daf8cfc5d92633bb26,train,809,1
3356,21e32ed6de9bdc2e02c142258259a9138f9de13f,train,77402,1
3357,66fe9e5918158d882828e05c5b183700c70594f6,train,63971,1
3359,32cad6f688f0f7ea4d892c4b9c5c15fbde2b6913,train,5579,1
3360,2ff38b86e0784968e910d1575c039f0b701befed,train,28081,1
3361,72ba023e4043d3e3f573a64098f83a6167bf6627,train,1561,1
3362,f986a931927fc07a851a30482e5ae321598c96bd,train,60629,1
3363,faadc6a11626df7e49c01d00a0f285ebd8354aaf,train,87332 87334,2
3364,fbd38def4200510444280aef9a2bbac0ead53e3a,train,14861,1
3365,c47303001bb230d1da2564034f5ce3db7f9efde7,train,62148 62150,2
3366,272b0ea22817a802fe6bdd633ef2884adb360e72,train,30524 30526,2
3367,e88d5fbd827065cf203fef0c83e390d6264fe1dc,train,61752 61759 70872,3
3369,990984a52f5f6c29080a9d80c52be214a2ec1ca9,train,1681,1
3370,490b7a69f922ca4a12b0fea4bd486f2db871d0b6,train,35624,1
3371,bf1e942fc5bc1b74079098146f420abdb8a5f282,train,41106,1
3373,2aa001f40a1004cfc33986032c09c8493cbbb410,train,59273,1
3374,94323e4811f971562efda61eb1dabe1806fb3f56,train,78154,1
3376,cd66c25380c751ca4d96261157b91a6e44f9562b,train,26817,1
3377,f5ef882df1dd2aecfb3e0ef2f1e79cc0f7062ddb,train,68833,1
3381,a4fd2c8c3fac51bfdd79a32cac507807d0abff8d,train,86378,1
3382,33f47df9f2e39a00ea4c87c75f20375451326f0b,train,11028 11030,2
3383,529a1bb2414d65adb5df1ccc897e8f98e0471032,train,31164 31166,2
3384,8e35c6361bea0f3cb136c8b8ce19df4dcf75a76c,train,18312 18319,2
3386,d486862959e64d573624cb601e3111a191b92e90,train,7988 7990,2
3387,8aec8ba882ea286b352db65d7a9f152bf7783da9,train,90196 90198,2
3388,79ed99a9414af6016870c9ecddedc738decfab97,train,35973,1
3389,1323d1a5c08a25b6723738fea7c4e7719e1d30d3,train,76971,1
3390,688b1b61cc88d6d46e0f27a6407e314e0f97b0aa,train,43580 43582,2
3391,0243847ce4ab7e2fdc815e3c6bf2262cc9366542,train,78693,1
3392,725b14eb58b4e593c00cdbf6335fad7224163511,train,17762,1
3394,3e6b1eeb42f112d5237d30f597ca9627485a0bee,train,48457,1
3395,aabd11040a689b5af7cc8bcda18a9b01a6016ad9,train,6517,1
3396,fb5e1d60d032cfb0491fcc3d4fce92d10a7dfb9f,train,45007,1
3398,766e8c819fecb7157dd9fdeac62b1453d3a5d415,train,89866,1
3399,051c06e0c3fb8f5c150977d8117e432290e817dd,train,56252 56254,2
3400,7878121f07bbba11851157a2015fe28658a03dae,train,62986,1
3401,c509962317ff24d76e17bf6c3570f69af50f9608,train,37812 37814,2
3402,cd34970169694c5d9e82742a0e7e1bca9336b15b,train,3336 3343,2
3403,4c39ca9f7790d9a3ca6c8898c7061795d5af3236,train,65093,1
3404,ee853326915e1a5416002e971698b53c98052426,train,46616,1
3405,4ea2e04695406461b27bbee442b8c02d8e70d0ae,train,91269,1
3406,d6fa4a020f8f59594ac2fe1c12bc1bdb9a31f5ef,train,64656 64663,2
3407,ae3207cabbb7efd0d62bff0827c5c6bed8aed7fd,train,63981,1
3408,d4e9a4337f2286965d6e245224ff20ba408abc67,train,46899,1
3409,4c86f6773a7341bf25ed73d8ca5b48f17ceefce0,train,68764 68766,2
3410,788832921a82acf727481413e815a6e4d6192367,train,49818,1
3412,4863d710c404f86e0e3c70adb03da20fb634805d,train,13042,1
3413,e3f10202ef3be62f3d3a3896d45363b10b2f95b6,train,59000 59007 64512,3
3414,807b808091cd256d7b8842d77a0454c98513d948,train,29120,1
3415,44db422d1e0bd56d436aa2187731c545d125e7c7,train,4927,1
3416,5afc0c317b1fc47fdf2961fc549545337c259646,train,31888,1
3417,21d694e0718ef9502c39a0ebd92627f42de7a004,train,51077,1
3418,9b3b6d940beac0a92206bb8f3e20ef28c7f23fbf,train,46891,1
3420,17c46e14145a0a9d8ee14a01e75a294d4b09a782,train,79872 79879,2
3422,a404d3f2dd3d0a150be768db474e48a8d7d5b379,train,52522,1
3423,9c0bb191d28a484d6acddf1935a23e9b1ccc784b,train,12672,1
3424,9f9f286f2c7f4f3b0d0d78038ca23054c72af84e,train,66321,1
3425,f458b8f743af3accbf7cdefd527c2e14519b0df7,train,69225,1
3428,487ffb0e888d56462ac78e195391f1f39be2d6fa,train,14635,1
3429,766e8c819fecb7157dd9fdeac62b1453d3a5d415,train,89866,1
3430,f0befe67fd390360e6f423ab411169a01cf44ae5,train,4290,1
3431,456c40dc5a2b9568c5ff51c5c8ec0c561d402188,train,33244 33246,2
3432,59347a88cdefbc236254db080817e358b56e85a8,train,20937,1
3434,de13a1b2aca4efdb20df72862997a199681afb0c,train,75716 75718,2
3435,a0b4f0597f2d414dbc27a1a842a15906c0978d30,train,66436 66438,2
3437,b920fc39ed3e4b2a13dd2aa7c9e7062b7dc2e5f8,train,15716,1
3439,e2a88277ab90a0732b1ef1f9f17bd7f29ec244d6,train,62376,1
3440,0f9286b773c9a27cc37eb9e00053a0a27fc22b9f,train,6592,1
3441,f02facb86cf9fcb695d3f1651e412b2f32f4bd3f,train,40679,1
3442,5192f28473e47d26abe6e2c4c4ea65a7ff454aa9,train,19553,1
3443,9e83a72e8541c5be8d2e4a664e3078ac23da08fc,train,60897,1
3445,3ac6cf23f5fbc91f1e085613798dbb07923ac79d,train,86276 86278,2
3446,bb5072d2ddb720827d1f22e69c18a802dd46e964,train,76724,1
3448,6eea6b4108c8a3445d797e88437e37177777f108,train,72188 72190,2
3449,9b166b616e34157ff42973acedcd7ba529d75042,train,12424 12431,2
3451,ce1b24488d7c068098c2b3fc387fb2278692ca30,train,63485,1
3452,ed31b73b3f2a2eab18e6742a07b14d6068e98f68,train,30050,1
3454,a859cf0118129baaa59930992753105837cc6bd0,train,76559,1
3455,9b5b3565f269614a4444147b3e800752b40fbec2,train,25180 25182,2
3456,a631edc9d081390ea61836f2fcab6ad55850978e,train,48214,1
3457,18a8311324d9bcd69923b4fa6e4bcfa6832724c3,train,57236,1
3458,671d4b4e907bd7638ade2ccbe1175261d61c7f50,train,62065,1
3459,4cd8d06fd7f2719b2c37af97b4438f34f189424c,train,1684 1686,2
3460,7517cbc65db9c14e2fe87018909cbb1190a54b73,train,48900,1
3461,e3513e1ef4d3b91dfa1371aaef56faa714f1da7f,train,51280 85824 85831,3
3462,6588f319348ebce81183857d88c800800c0ba54a,train,26604 26606,2
3463,9d9befd2f1ef21b5d8957edbaff85090a2da87ce,train,31706,1
3464,35800c3a8a17560ea68c18d65b8bae1e39c1a73d,train,5364,1
3465,fbb2f15072c24678f6569cc7408183fae2f94dd2,train,80266,1
3467,cf801a39ff16f81cea12d00a7e9ab35082841c1e,train,66737,1
3469,4c1330a56005583ce1f61578539d585fb1327ed7,train,20257,1
3470,388ba354ca53fd1cf80699485074b76e75cc99d3,train,47297,1
3471,7501a0d81bc74ec04bfa31bb026fffc66d9bb3df,train,49500 49502,2
3472,a44bc5611d5a752d371a8cf6084914f3193bb98b,train,5413,1
3473,7642c8e478269487137abaf90dc22f8fda074da6,train,82299,1
3474,61ea0394a4887783731b4dcb9230948d10a6755b,train,54512 67616 67623,3
3475,1f1e586a76c8ff8a83b153c276cdf3f20c76be4a,train,91409,1
3476,5eeab9e94b620fa5b0a6d1640abba32594d8b3e8,train,78317,1
3477,d75235026e44d763062642a3aed52d82179011b8,train,26470,1
3478,c3c2b8aeb25a86b1163f4f2050ea3f05928f6443,train,23083,1
3479,9dfd3876dc7fa005c49739f19245a0cf42ede8af,train,68812 68814,2
3482,a87205ec40f104264fc608641911c884a4baf869,train,12998,1
3483,ee557408ab415243fe7fc0a888066cbdbf45ec8d,train,48321,1
3484,28f29afc8c4bda3aa613e9f8799b9102875584f3,train,90013,1
3485,293a5f222c9b903c59c20a09ff1677fce4295ecc,train,48869,1
3486,dbfffa965c9ccaad2fdf28decab1277b89eb9a49,train,38357,1
3487,ea03bdc1c5a96e185af94a9146e518f3d39fe39f,train,51235,1
3490,35613cc749c423450fcce7eb79e187ba70167000,train,58209,1
3491,51836da6a6e32242c49a5a0ac8b5d7aa877b65f1,train,31192 31199,2
3492,8d545bbbdccb8175fd7a26bcdb39a9e0def81aab,train,85114,1
3493,d95abd526f10936e54eb706d1d1a66663b7c49a2,train,86424,1
3495,cc7641cb60657c0a85c0f1f85a9d3b89534fbf7c,train,55442,1
3497,7e79a77a96b8c20d6ca694e23cb7579de8baa424,train,56388 56390,2
3498,967fdc9eb52d75586287315f24108d055fbf907e,train,33444,1
3499,74fede6a10ba0ad71c46c02de44867175ff065bd,train,53269,1
3500,bb50a3d00d2e102dfebb0ebc71f718629ec1ff30,train,55568 55575,2
3501,9dc5546cfa8e14e01ef8e5cfc24ad17a0a8324c5,train,30280 55320 55327,3
3502,022499f54d8d6491a13209a28f649a3979ad9b62,train,58554,1
3503,0f513fb048d1ab79da6aa7c70a01798c4f12bcb0,train,33914,1
3505,754efbd628658188ed2dba77c1293ab09836da3a,train,65500 65502,2
3506,e3ea4782c2eb02e5eb4ae94193a3f580d9bddd62,train,7994,1
3507,e26bf29c0b12ae92afc1cd4720062076b2c39df3,train,56791,1
3508,4ee008f5d847c0f5276a5884a4262b4f5b68d533,train,27323,1
3509,a816c1a879d7f0f3c5f1043039dad53f5fc75422,train,26484 26486,2
3510,8d731f4a5ba5a8c07420268be9c2fc7a3f2ead73,train,13080,1
3512,ee46bca8bee07b22aa6f806388111fc1ec737965,train,51708 51710,2
3514,80e10e84d33471b3b1bf55ffb223a1e263ab8e05,train,49288,1
3515,611dbf173425b50d4da75ae77996f5f9c1824aaa,train,72258,1
3516,a8bdcadfd0e46f8af37a88a6e6ec2fefa464d323,train,74928,1
3517,fea3ef7190215ecd482707c80c2691b74141bb2a,train,22739,1
3518,ca57e5b947a2ae9126b0cdff050a4483e22e0c8d,train,82005,1
3519,2cfe322c02d10db2ab42f453b41677cd5e9238a7,train,91417,1
3520,a998f0f0f173d04ca322e7f2089e519bde4f6473,train,63891,1
3521,218725d8c671e48c2ff213fee1133bdc6acfa8ba,train,51145,1
3523,5580099932a9f8c3958861ab479f3e75a62fe377,train,79972,1
3525,0d3d3188c3ac0d158c826999ee8b18f695d0f0f6,train,39085,1
3526,01db5c0b166fe16b8daa0c36f3aed70e8d8d8037,train,81943,1
3527,0debf44cd99ef8d8dcc4a5c0b1fa23408fba06b7,train,92805,1
3528,1769321682f5c5b27f9cc7be9722b0e3823de27f,train,69272 69279,2
3529,e978b6513ac77d94fb70c254aa949165b1497c4f,train,66673,1
3530,af899765faf867cbec8baa041231769d5a51293c,train,18373,1
3531,5d5e14b4d0748d88c21b11fbf4d71ba34ddd3cd9,train,18530,1
3533,9f30b10fa446aa99cccb5d72082a0dae57b368ca,train,1227,1
3534,8b5298bbe8250863a07ff41caf030ac4632ad379,train,67570,1
3535,8b0cc0864d7a30a05d566cc0b465425f3bfab06d,train,18292 18294,2
3539,a6a82d9513452305402e66747c0986345742323a,train,63411,1
3541,12c6e91a60bb420f5f51d03eb9b0f25386142d16,train,66914,1
3542,b0c8c1b5d5384295eb5e8ca3daf1c266d9329d01,train,36386,1
3543,c96c6be1ffeb2bd99a7535b4e19d1a19576f4135,train,26756 26758,2
3544,7ff3ed7285ecbfdc975bccaa43c666d7284e28b1,train,54321,1
3545,d0fde2e7d38309d82548e2f3ae89c578c393613f,train,20480,1
3546,96875cea39467caa91eab55553e56faedda40e71,train,86140 86142,2
3547,2283fe93d7cfac843a42d78766927c63747b9499,train,50868 50870,2
3549,b51c8b3abb779150d24a6b76373fb4f3b292f04d,train,34180,1
3550,2457eef25467a0eb2752582e34a2e812236d016c,train,41115,1
3551,558611a3d10b2e69791086997a3cbf4a7f595bb1,train,77796,1
3554,6d412fd1741b56cf1475cf58060d505447daa4fc,train,79476,1
3555,78c0b5738a7e96377471f3d8733e86c57e7bded4,train,74804,1
3556,27826388576d56440fd39edca6931fadf3d018bc,train,52524 52526,2
3557,4de8ad8ab7c4c01f13a60dd1ba2261ce22c36ddc,train,43898,1
3558,55cab8670ac93cc06fa17fc5f1f6759f98c0723d,train,83207,1
3560,8936525f30bad8b3ed5583f7527bc4553f792013,train,69227,1
3561,e6cbdfd5a39c0a0ff6a30021830b61a1a6dd0d08,train,62565,1
3562,b6dcb3f0d91a35e402dd8df09543ff99377e79f1,train,47584 47591,2
3564,cfe2139f4de5821c65edff062115254cd516ff13,train,19146,1
3565,f3142ef310d1b6248b355c0374509490d0105dc2,train,90420 90422,2
3566,a3b8d44c40f9e79be33ceb9bd90f5f9f06269472,train,57064 57071,2
3568,6eb1bb7464a2a00e6c5d2e22ff784736eb653457,train,34828,1
3570,bf1a3d6887b8697a2811bd2b8be4650eae79e9df,train,9660 9662,2
3572,d84206b36b7dabc4e2587cd10b5ff111583187e9,train,46186,1
3573,30103d498b342614719068557e165e9a8c5bcfb6,train,47087,1
3574,04af42f033c503ee4bcd3039ac9c41410f23af50,train,53731,1
3575,581fd44ccdea8945f9d42f00d72bf67c0eb864f9,train,91737,1
3577,a7e119b2c10ab2f2bd2fdbb69c4bff6c051e8c61,train,4879,1
3578,703ce57a352f6217bdbb3d13deb5e89aa3189f29,train,81488 81495,2
3581,23288d7484dc12a6f2c364cd8ce1a1995f7ab757,train,26472 26479 60712,3
3584,1dc9b0e5eeb1f53dbb4a359c2b5aefe1174d349f,train,79659,1
3585,ccc38c7db471e0200430ab4a43600a4707b4cb6a,train,13654,1
3586,1d38c0d95d27c742b51c974aa55dd4cbd7482a06,train,64936,1
3587,5f9033c2698c329a6dbb64f46414d56ee269930c,train,3311,1
3588,fc64cf3fcf6dc74390a6abe6c36cdee0606f9464,train,78932,1
3589,9c15991f1ee2662dfd1800f3d644009cadf027c6,train,78605,1
3590,cc6aa50f0f85b5f68a0a1cd699af9d99a0643c59,train,78876 78878,2
3591,f4574edad8787e7792bad086bc13ea9596799a03,train,31912,1
3592,ea547cf48cf08cc747300322e9d8d37c8050c0b7,train,53640 53647,2
3593,2b61b12b66bcb5da9d63df1d324eeeb8c3154a35,train,44772 44774,2
3594,d1850522b3c1a42ef5e7b6bcbfe579e5d9e64701,train,61304 61311 74032,3
3596,1831a28ab79a629b50c569ea4b3260ec1f19a0f3,train,74434,1
3598,52fd78603d843f8e76fe1ffda3da1cd712ba4ef0,train,48884 48886,2
3599,56ca8a9e5e64e4ba0feb4441797db42da2484ec1,train,31531,1
3601,eb868ab4b828e4eb913372e2128bd3bc6c2a22c2,train,91928,1
3602,2630f10d1eea783b16e3eecac2ea582d629ee0f7,train,79760 79767,2
3603,49be9b8a0b7a3a95478280ec904bc8cbdc88aff3,train,21461,1
3604,40287a9eeb8c66b7fce63e85d06ec14fe414e7ba,train,3141,1
3605,f6ea248064311fa158d15893c3d333a3d60cdb0c,train,19387,1
3607,0c6288a9ba08964e259a321b346d9421d1412a09,train,50814,1
3608,3f08c51f1643504e0c3cd9cc300fc6960904b467,train,14368 14375 71472,3
3610,a33134303925d68f5f6f6d20334dda5c0a1ad915,train,7443,1
3611,d851bcbd343f83bf1f91bd0e7e3f6111d4824883,train,40421,1
3612,445e423550dd1a6ec41082adb0cbc04bf84dd1e3,train,82706,1
3613,5e1cc20a0556356a8b172f436d08cef7f9302d6b,train,21964,1
3614,c9901a466e6b1adf8ccb4fe724730baa629e8754,train,53416,1
3615,a4514773446a65e0ac2cf00bbae3503c192d01fa,train,3885,1
3616,3543bfba0ef1da16f3fedc9195c8a63f8b32c6c7,train,90083,1
3617,cceb7e2351787eb4b0970ed2ec9360592d7f679c,train,40491,1
3618,f8313781906d4180eaebdfe97a3998a2d757d635,train,90796 90798,2
3619,a3e90894dfadc6becc7e5c7800bd5293ce605a6a,train,78287,1
3620,3218f354198313030236265eecfba1a4764c5b4a,train,31794,1
3621,ac12b2407844085b0587c33922073bc38e8116d5,train,74616,1
3622,e497b873e819975dcfbcd33f9e69584f560646af,train,89680 89687,2
3623,4880e2e26907871cfbeb5ca4f1b48b74b4669aaa,train,46858,1
3624,fe096b22e546d12fc40e16e6598ee1b8fca80aad,train,66955,1
3625,718188231585f3972819db3efc081db24ee195ad,train,64278,1
3627,7301bd072ed5cba2a84323d8da29151a3555aa7c,train,63336 63343,2
3629,a0c5ee8665f1c12d3158d100da00c7d3909ad016,train,14709,1
3630,88c53532c47c1324d6bc765d518bbaee99e8dba0,train,27636 27638,2
3631,5007233d36e9def941e079fca0a015a2dea6e4b2,train,27210,1
3633,a52a7b3bc72085899859a2169c3555883dc8f17f,train,13527,1
3634,4e42998bc904f379408fc57e6ff9f37e36a8321a,train,51149,1
3635,9237169eb4e26e2c7e21c2dc4b69afda312cd8b0,train,83415,1
3636,be732df0d953ee0052b16ebbb5b15ebf34a2e8c3,train,52424 52431,2
3637,af26129fa65a9807d338a2b2079f32e9017dfb85,train,70580 70582,2
3639,8faedf03537f0184319e877e578d5b5563721cdf,train,72474,1
3641,a9f2b9167e2477438e8bbcd0697bce5fedb8a897,train,31908 31910,2
3643,834946f5e61e692b78be382049af5285bcd16f10,train,33432 33439,2
3645,7b0bed78ab8892775ec967e4cf3e4cbeeafc7670,train,61189,1
3646,fe89aee432be8ae2ff7e7efe5fb153c6d3de767c,train,27503,1
3647,50e31797906a59dea255049320a7881fbf6b5a77,train,66211,1
3650,984e69ecef8d0d60c8029756725865cfc72fb992,train,77993,1
3651,b0397051ecfc7bb660b8a55c4be75a3012e05644,train,64623,1
3652,ad7d420df6283fcea20e0aeb888c25e8f1ba4dbd,train,57460 57462,2
3653,538b60df0c65c232d40d4387ad9e8428e63ebd79,train,18227,1
3654,c85bae7034bff906db3e15ef9e338f62e7e9c8df,train,58467,1
3655,233d2aa054ef500e8cbdabc57a41d5b661e51a21,train,13156 13158,2
3656,bae5dfe1de8dd1e00541a14aab1f3a6f738849db,train,16509,1
3657,8d3397caae721762104d8cc55bd10e6acdccea9b,train,92315,1
3658,7d089f3ae8fe9c802930e2197a85f7fee7ba8be1,train,31716 31718,2
3659,c1ab2e73a901c281980bb0ab4974795b14076793,train,82998,1
3660,02d759a0d28b9211c9d1dd283aad91fa6a20c7b9,train,88729,1
3661,fdb3c626fa48c76cd154edaca3a008dafb56375f,train,56547,1
3662,75d39e8d96ff109eb23d6b2af73e8b5a797d1aee,train,10635,1
3663,9a0873901859be03ca9628c0a25eb8c73583087d,train,88276 88278,2
3665,9484317cda0a19c9422a494bd0ca718dbb7c68b6,train,87460 87462,2
3666,a440dd317e3644a5ff59bbe4579fa8772a531a9b,train,33089,1
3667,feb0a344ecc4b4916497b2e58c83268a7fb5fefa,train,61338,1
3668,cc3f82aca61801be1bdbc4c754b5d93755fb9e25,train,48237,1
3669,22aa4cf2987fc49893ef053af921bdf148bacdb1,train,72276 72278,2
3670,12ee98dae7d97028fd47f8e27449d1430b21071a,train,54816 54823,2
3671,57e7a515ecebf22cc7367c793d4593cb791290a0,train,83692 83694,2
3672,12ee98dae7d97028fd47f8e27449d1430b21071a,train,54816 54823,2
3673,57400908a53823590f709073833952fba03df1fe,train,794,1
3674,53998dcec45f6ec6c35c53e0bccd845839fc721c,train,14968 14975,2
3675,2900138952d68c038d8c9eff69641d6abeff95e1,train,82875,1
3676,bc25662d2981f5c59ec0df61f7bc05fd662f9843,train,63410,1
3677,6eeac84e34eb68ea64a47d492ec525cdb979aa53,train,74620,1
3678,f9ce638969aaeb4ab6fa87f9b01da2c0c810e5a7,train,29916 29918,2
3679,db47de9797ae550baef94f100c9b7011d8363ad8,train,30132 30134,2
3680,e63752757f2383f2994693a3e3ace4d96acc95b5,train,85508,1
3681,3ae5d2b0eb97546c41ae99379d5b7e39f1d9ec3b,train,92699,1
3682,ba270917f3695a6f3482ca58a41c1ea33c58d7f8,train,87331,1
3683,e3b18bed8ad561c36fdc6d612d1c0e61d3e8e00f,train,74942,1
3684,9a17856ed61c0e6ed0db3713abc567685f74aa20,train,63194,1
3685,44209e15cb8ca478580fedc1e004ac9410df9f7f,train,40700 40702,2
3688,883ead412f1d236bd2623f8d24d25f97c27bd0ff,train,42078,1
3690,e728ca2b1054c34a3df0869008e5a5b5ea2f8a49,train,93154,1
3691,1062a458071d4b8a1d4bbc2a0fdde35278440b5f,train,74059,1
3692,a2a129c70ddae6f108ec02f5b490e29802cfab63,train,74104 74111 87496,3
3693,a2b1eee270638b6e49bfdc6ee6d91b5ecc1ba90d,train,55796 55798,2
3694,04e50fd9a34d165716c18a8d92d762f1b7d50a21,train,22097,1
3695,c9f7cd9d7344ba7ff7493939e75ed381cec802ac,train,59164 59166,2
3697,c2764e17c0a354f87cd5d5621349520e10cf862c,train,73271,1
3698,01baef3a8312864e769bca3f96a9ad5cc2a8aa55,train,3428,1
3699,3c378920b5806a0be0bae4db0f90443bba36e225,train,15033,1
3700,b67b6f1ac05384ecf2271ee849c38c2efc7f08b2,train,38520 78032 78039,3
3701,7eb54adda4cb5ed98bf7fdeb71c8baf48c0b97fc,train,50633,1
3702,99dc7b349766a4fef6f909e367b37b84e59e12df,train,85863,1
3703,ba846b3812106776b6208de5645ccc0789892651,train,48489,1
3706,507824851432b2d8c1b871c6474b10acfa21a29b,train,88016,1
3707,4ff4e9c797af4cf2ac96819b52a94de2f62b742e,train,47120 47127,2
3708,6b6505597a741b09c4b294ef3683cdbe8ec17fb4,train,51531,1
3710,7de5c1506b2fc38e20f3d32c1c1555bf13cdfe8e,train,7027,1
3711,04235682342c90565a7a0ec428c660587026fe89,train,25619,1
3712,8c1f6a0d00f9d9f247be9b738437563148d9e6bd,train,45891,1
3713,f2f6245b00de8fe2951cddaddbf9afc384135c4a,train,58464,1
3714,a4a0b941b15764e066fb363d10ad3c5e0b4b5d36,train,24100 24102,2
3715,5f7d91320ab6071fc008e83c07ed8a25c5703fb9,train,92724 92726,2
3716,789add7da0889e5441661ada5d70075be57458a3,train,87434,1
3717,711265fba09998f573b6d579593f8c2bd1094f57,train,80152,1
3718,b8e13b33a5cf2a27123e87d9739dec3a29d52d44,train,8632 76424 76431,3
3719,a8538034520422218b4062ec7ac9695f2be22257,train,69197,1
3720,760b33c174b1b607b05572eb15e2d35ec70c0dd9,train,80435,1
3721,53c0a9eec567956722fc69caf59dfac13283e685,train,33112,1
3723,c502c411d4ce450280591ba88f518652e7881096,train,81600,1
3724,35627574048da0056cfac866d68e1198863c3c82,train,69782,1
3725,f715b4b8298535a8c5f3dfa52357e8c5f60b470a,train,29980 29982,2
3726,06d8f4f513ff5bcdfefcd6e08fff045651dc08b1,train,19077,1
3728,3b5c493aee73212cf288cf7fc03a6f5163d9a9d5,train,90018,1
3729,f65c7c6f5d8228a4d01632e87e108773f250599c,train,3892,1
3730,62c4afebdbda65eea132412dd396c30ea2e5fe95,train,72396 72398,2
3731,d21e3ed361bbbfcd3d2f32f47854c4b9146298be,train,81081,1
3732,ad87117626861778827875effca1c820f89816c2,train,64897,1
3733,e819c35d341a19fa883d26b431a02d0605a4f6b8,train,27144 27151 92488,3
3734,ef5d8b449e31d1c6c4e82319a6739dccc4c6292c,train,59907,1
3735,10d824633a56dbb223fb7f2408f9c5cbda0df9d8,train,80860 80862,2
3736,e210cd2ccb3b23951f3614704f2c4199a0f01fe2,train,23432,1
3737,0fa250d0514a914bbbb53821a6d5e617b3800f4d,train,3808 31248 31255,3
3738,2f1359f04f4a9126845677af5af72d81025f5208,train,71455,1
3740,4c8a2daa875efec66e3716f9f0b7883313ad7c35,train,48021,1
3743,817e95290e8040b9f520bdd0c492ee22ccbeb402,train,8144 8151,2
3744,3ce2635387cbb120d05a16d185c5bd83a21f51a1,train,5668 5670,2
3746,45646e6db4af679ad225061c3c9a592cf5d9721f,train,38337,1
3747,c7c8881ebd1ad46ebb3ac2f91c5fd97cca414d36,train,32508 32510,2
3748,72e89967afc0735d3469a86b4ee95fd5f3c0bc17,train,14171,1
3749,090ea1059600f327ba26fc3334cbb216b30e73ae,train,19112 19119 38968,3
3750,77199442ed9c3b23ef04e54f559d78179dec62fa,train,22755,1
3751,448d9347a11c50e8cc063eb9f81deae5ca6d471b,train,50236 50238,2
3752,965c6aabbbfa536725232c7b028c4c2527798343,train,37098,1
3753,00346a52d5d6add5fe125619aa5ee20831d9a73a,train,27472 64992 64999,3
3754,b76c425512956e7ecbc28f6a039ddf03df4b9802,train,21272 21279 22200,3
3755,28646b98e5a2a50bec3137fd2eb6afa7faa9df4b,train,71796 71798,2
3756,d65733074e3fb4c6a9d269ed8aaea65f2c8a462f,train,25394,1
3757,86cfded0480baa0e29c9a7dae4dc470d8ee9c19c,train,61699,1
3758,473cd38e90b4a4c3073f0700e937d15a2ca02599,train,58683,1
3760,d29a5d0cce1894754551a30978cb1b66f684dfc8,train,21912 21919 35784,3
3761,7e158b6f012fd0bf75d4e968f48dc8e8739c13a4,train,91361,1
3763,a5eea86e98d44db5984881cdd71bf8df90fef64a,train,32088,1
3764,1f0bb7ec33c7c4a08e88d6ac7f677a7b54c37b1c,train,983,1
3765,47cbdef565006f10481e9214ce8c4a7f58b8c7c3,train,9575,1
3766,0dc9f3f71c5a48e1ece188e80d05d7271921ff94,train,55733,1
3767,d512a5774244cf517e615dab190a79944efb57b3,train,50517,1
3768,dcf40fdb5583b1cd53a03e3821a11cbfa56d29ed,train,13338,1
3769,8376e79067a27f7d3dc46a58b376335e4867b82b,train,53528,1
3770,d33446a2741cec25e8928674c874b23b73093f8c,train,49027,1
3771,b6da43a3f7ca4624b4f64087cacdd25a09d9aecd,train,21684 21686,2
3772,79932e09a3afd2e25acb78ae88ca998e3bd2a01e,train,53057,1
3773,e819a746ba7d0d19a23ab3c36129b418db34cd65,train,19449,1
3774,247215909b13523aa15f23daccfe8e0372f88f78,train,76337,1
3775,0cf8d81984844fe1cbfc8dbc24ce7669e7db29ac,train,66753,1
3776,f890fef1210f3692e5c1212b7d0f8ab914248771,train,77724,1
3777,0273d87dc751dd1780ebe615d2e381afbf1d8249,train,58939,1
3778,e5b75fa57798fbb2acad8e32fa48cf14a1a6a883,train,62994,1
3779,fa9ba221056da3a41facdf48201c477c82dba437,train,23601,1
3780,0fb2dd842afd195c53de3518d4d8849815b7411a,train,50217,1
3781,c640cf0b3c836ab12cd2e47252093da973e578e1,train,22236,1
3782,49f21c672087aa6bf262d2d876ae7386e12925ba,train,45616,1
3784,6c949f1146a4a714f428dd9cdad241b6bc26f637,train,29527,1
3785,30894598d81cb4f9510c8521a03d48fbab525065,train,29805,1
3787,1d2e1c9c58eb003feb0fa09fc1f3763d03444729,train,88116 88118,2
3790,385961f1442b97d06c06b64bcbc74c16312a3f8e,train,30153,1
3791,082be52204422489869a47765ecc0ff864387b22,train,39028,1
3792,d59996db22a5061773196952de6daf667db640be,train,51758,1
3793,47ff61df250816141ec563a3a4bb2da5be3710ba,train,2419,1
3795,01238d66c914d0c3709fd53035163cb28ce6563a,train,51005,1
3796,dcaf635c002f2c0113b7aa57c8d6274ee065817a,train,29440 29447,2
3798,2ac89865d5567e34fa9767d35ab1369be439ba3c,train,33876 33878,2
3799,aae711e7f0502453541fecb987998bd339a2a535,train,11432 93176 93183,3
3800,6837608851a0dd100b9553171114243d12801b50,train,11693,1
3801,1cf158b3fbfb801e19eef3d0ba828f67031a1513,train,32855,1
3802,a2f0aca8f56fb59a7c17dc5b16836d573b94af88,train,92281,1
3803,0fc3839d51e885a946dedbe2c93c83e1403184a4,train,28880,1
3805,c591acbfcf1be42dd629033808227c0103f73261,train,85964 85966,2
3806,af9b5dff4beddb79d0672458934a5789275c5d5d,train,15900 15902,2
3808,eb26909d7df1803bd8db62ff09af63f83872f78a,train,47040,1
3809,f537c9521e9aa96682a39d6dee7669b28a4b4146,train,440,1
3810,cff9866bea62caa00a312b7f55fddedc8847a207,train,9025,1
3812,9f82d4c83bf5e71ab49397d955ba7c0725146ea8,train,90301,1
3813,2eb534edbe525c19242da1433a4bb64a710506e1,train,75436 75438,2
3815,79487a27f892515fdd7346ddfe65dfb497ff1099,train,67128 71320 71327,3
3817,1a3340796031e1af7e76df3ecc3dc1576269211c,train,63226,1
3820,3ac33ab7f85749a91073ff91df98f30b21a563bf,train,71381,1
3821,d4ac630553ee33a8c96897db85324c38f7d74710,train,61596 61598,2
3822,8dfb20d07a830149b61b25431288ff7a8999a1bb,train,3656,1
3823,5df633b4a1c53d920ade28c55e409d28cb0c3527,train,62014,1
3824,ab5bccad56f01884272816c0f1ccc7de0a665079,train,19120 19127,2
3825,08f3dbd375d9cb7a219b8478c141c2f40e9ec116,train,10697,1
3826,60c96fa65986ce9f07780690534be16c0c0e2f6e,train,21411,1
3827,6d1a283559d27a5b9a65a37ef9fdaac576efa524,train,36773,1
3830,ffe71c495c5fa13a6278a77b60fb0a04e35bdd70,train,11624 11631 26840,3
3832,367e1b0295e2312aa522d87c766dc0afd2eec45a,train,56104,1
3833,04a8723df585df383266a3fd0235519363ddb661,train,57307,1
3835,99f434eecccd72517b04066c486124bcf08f06e2,train,84453,1
3836,1aa65484411cf1a4df5338e9f5d427863dcbd989,train,10752 10759 21608,3
3837,995507849300a24c1bf7f2ddda31ce3db0cfc2e6,train,22484,1
3838,f786eb62353b6af29a3afcf537fc4e71a37bcdad,train,32493,1
3839,dc3f228ded43cf15c8832accbd6e4673bca95d13,train,51033,1
3840,49dea4e9cc8a7f3d83b2a3d06af7052256934768,train,90992 92376 92383,3
3841,ec43810a196db10b07e1da4da22f8d49caf3ba3b,train,55276 55278,2
3842,60c484ff054ca338d8c04a72e10fca2fb899b055,train,45769,1
3844,5264152633fec5078de8e0c52e5d671e2b2befe1,train,17373,1
3845,cc7641cb60657c0a85c0f1f85a9d3b89534fbf7c,train,55442,1
3846,8a7cda5cf4e0221118440322ef3092dc51e3a8b7,train,54545,1
3847,0d455bf46c9cb540ecd8c055adf8ec45235f9184,train,78476,1
3848,d3dc631add3c39bd46a2f571954699d1ede9c473,train,59896 59903,2
3849,9a775f2f9df3612c3c9c070dad7ed346045d2117,train,88448,1
3850,13c2fb92dad234b8072dc0542d79ddf4e783e20a,train,78732 78734,2
3851,c6fa97909f83cc65d779093f2f74600bba3940ef,train,82298,1
3852,3dc2346f1fceae665809f5158668ba9cee8b65c1,train,40826,1
3853,fc3202db8ecb6a63f410fcc26d7a0c82abb5d238,train,75524 75526,2
3854,ec230321469f1dfe437a5a5fba0cc40a95ad56dd,train,67448,1
3855,7a43480fffa348a077333186cb20e4be27f58653,train,70024 70031,2
3856,414f48ffd1838a7bb1c253ae9180aa5002d75008,train,40862,1
3857,9b52cf38659e1c714a68447dc10649bfd6bbabba,train,1960,1
3858,448649beebde214c8923caec4209e5deb831fcc7,train,61322,1
3859,707e03003cde3057f2515308411d02d0ab491768,train,65196 65198,2
3860,cd66c25380c751ca4d96261157b91a6e44f9562b,train,26817,1
3861,de241fcb35b420b26f50536749f8eaacc3062ce3,train,8488 8495,2
3862,67c5c45e8d5fab6bb56f87047fa314f503699d0c,train,30315,1
3865,6a9f5cf7ee088d9ec1d4f68e33f97527050b7797,train,52636 52638,2
3866,055ebb0895ba2bdb984a505b1419dff76796eb04,train,74347,1
3869,7df502b873f7f25855496ab26fbb5f7a93c1d92a,train,21708 21710,2
3872,cf9eaadbedba2237e28196045ce52c9d0b92e259,train,59357,1
3873,29e52f757f815cab212ac0aa0bf9eb3720e01387,train,85225,1
3874,cca8ce92d6e73fbd58a9d74a76bb42e33c291c7c,train,86663,1
3875,d16ea6e736fa357773ba7ded43c91e8229883427,train,89419,1
3876,a2caca1ca2b529dacee6c6e384b2445d65a54cb2,train,43164 43166,2
3877,d1014f9945652f4883eff8af96c52786735df578,train,16904 16911 68808,3
3878,e3ff9f24943fa1fc8047eb98bffcbf378088325b,train,60924 60926,2
3879,fe8554846ad060687a4bd03d90aab9943099400a,train,74930,1
3880,d53bb53f507f830a777e9f132d4612caf7decbbb,train,60913,1
3881,bab80ebe5d058ee413d20fafd9e6f4901355096d,train,10692 10694,2
3882,9b166b616e34157ff42973acedcd7ba529d75042,train,12424 12431,2
3883,f997b829c884dfe3b8ead4c8f9cd0d24c7df8780,train,49072,1
3885,2410c931fb79e2b2deca8f9319d01402019dc6d9,train,5504 5511 19480,3
3887,7c65eac0f7efb70f408e39643c7bd1078a83e196,train,59492 59494,2
3888,030f4adcb0c9422bb5bd27a803121e07ff86c6b4,train,25192 25199,2
3889,0277c3d154d20b985200e35d779b023d48e644d1,train,74380 74382,2
3890,ca2e2eac9683f61bcbe3abdcf62c4b760462bfbb,train,30585,1
3891,24fa1c2498f4f04cb7dc952f582e3cb49b42eabd,train,21216,1
3892,6fc6a021ebe34384a7484a54695904e95dc049d5,train,13524 13526,2
3893,546e76c069512254995907e23c771c5257eb1d68,train,50026,1
3894,fefd2134c7843f5bc43112f8eab5a7a650a254f4,train,46463,1
3895,209daa2a322713ee9a1f67fdead93e7244f5608f,train,7853,1
3896,8cf140f4655bb8edd1753f8001d94c7b2997f694,train,65751,1
3899,76fca9a4fbdca8be8c814f97f1336e6742719845,train,61240 61247 62200,3
3900,9c0fa2bb971dfa5067a6b1e4e58c8e5e94342e8a,train,50810,1
3901,28f4b25c5ceefcedb3ad3755ab370096be7a2df6,train,29999,1
3902,a6b8b059276b071728e71a6b54c18c9462fbe88e,train,50838,1
3904,0d4ffcc3e129abfdfccf1ebd0926996816de9025,train,8696 8703 80272,3
3905,dc116ec040218ae066f32bdca025c735293a33de,train,16948 16950,2
3906,2c5616cb3b02f53e6430277201e2b9b07e6cbb7e,train,12152,1
3907,a0b654c071abc451c0e031cfb997c742da1482cf,train,20865,1
3909,fe633c15f588a1de8c5de281bd62b0ede7c39bd9,train,20909,1
3910,628340696e263022e25f7c48be31f13564270f21,train,83980 83982,2
3912,876b1960fe5d5706164cd65de5dd02d52f40b3ed,train,90322,1
3913,05d6da7a28def3485ee791f5ab771c96a82ba914,train,40696 40703,2
3914,63b3a0cb31987460745b8ff9f285adb245548434,train,15369,1
3915,df7ad807b922e6975f23b9cc0731604939d329eb,train,67924,1
3918,a5a2c61a2caec182983333c60688e16598dc7c07,train,16632 30224 30231,3
3919,a238f02a167160ef5921a0700700f379fef04044,train,50888 50895,2
3920,c9a73b0564ac2dbd1f34d961b0b07d36d8a2a7c9,train,86049,1
3921,77770c4fe153c0f66f6305c19cf9475b0102cea5,train,13153,1
3922,517e3fc2c9eb6eb6c541e0dde0e8cbe3355fcd08,train,74698,1
3924,849f33681fd0ebf1f51a182f49a46e20b66faeb6,train,9591,1
3925,1ed60cea725076ce51761352ec63584edd85f5b0,train,26865,1
3927,bc7d7219e425fdefd82b7ebab7a6c7d6f4f57b20,train,25019,1
3928,4e756fcbfba928618487c30c95f0328ba8f8425f,train,59898,1
3929,40ab6ece58776fbc7077c7e588f2563501450fe7,train,49776 49783,2
3930,c8d0d5cfc5177e228ed2ac8c6e4ef747df6f80a7,train,4484,1
3931,7e7dcb173219d884ed48480131ef38e1e7975c62,train,39892 39894,2
3932,04c83f1412eaeaadfdb6efa696863ad15e43c3fa,train,681,1
3933,4fb0bda1f8cac3037fb15d2b6d0a5036effcb324,train,11541,1
3934,bb8a3750ce08e8864971b52b9e9b1f33e9ab9f3e,train,51828 51830,2
3935,faae209d227fcf450ff18a96932e2919636ec9fe,train,35652 35654,2
3938,2e83f3832df2479f85d85f9dffc26916af9a8c68,train,31264,1
3940,844a9f80433f73bc08d65b4ef7a50850a90ea1d0,train,72907,1
3941,42c25d244ff71a204e83dc947384dd660c85c254,train,26000 65872 65879,3
3942,715c879640a4e0c6a3584727a981e494de39cf4b,train,55052,1
3943,6983e8286b21a24ad4a933ea34d443d2a9369a59,train,4340,1
3947,785a44700ae1b598cbfa3016253691de84372dd1,train,55939,1
3948,354336ae86158f1b97b71d463fc7978f6587db56,train,4338,1
3949,05a376cfa37a67ebad32b210eb6ed3fe0f2e93ed,train,20428,1
3950,4d3e9e87afb44bce5e4cc9b51d5ae183bb7ac7fb,train,92121,1
3951,8efc444630ce209b09d6857dd2f37667de13278a,train,83814,1
3952,38db84421000dd7b4682811782d869d3f14e7db9,train,25501,1
3954,571c4e160e543c790e69f850c866a18d0c2fac21,train,42155,1
3955,dbbbee94af2032bc3825ad90c2e94d7886026524,train,32433,1
3956,b013237438604a4534bc3221b5e3b12315c0e85e,train,87248,1
3959,9aa3546cdb977cddd84f330769ce8b276b312374,train,45776 74752 74759,3
3961,c0b47509e672c5e7e50752f2d6fafc3f9afc4897,train,10203,1
3962,35113d484d6ca84086607fd6db9667dc37ed33fa,train,9204,1
3963,3c97843a407f7f4238b1251e7a8c05b5a060665e,train,90629,1
3965,5be4e1ff09b771156d3acbf2bfdcaa1a93911385,train,19599,1
3967,ac4af1c3e5bcddf461f3ad521ad620b6147417f1,train,6317,1
3968,39a56593503167bf5d818d47f6019e9218994133,train,29676 29678,2
3970,b7fd9a576e5653f6baf19dc1971860a3665e2e3a,train,63141,1
3972,fe29818f813fee23ae97240ee3e35773e6a3c289,train,50269,1
3974,acc5975ecc37e44b34d0da71fb99eaf8ebb9f29b,train,73543,1
3975,eb74589f1ce7a88701c39965d3ddacaaccefdc97,train,31788,1
3976,ebf97133b7f7afd00be810adfb1b73eea1aae865,train,9243,1
3978,8656be661a9df9205e01a91203327ccd9815e488,train,2602,1
3980,a7c0c591d3b2f566ed3a047670d05f8e80bbdb01,train,3897,1
3981,3ca169588af99fd602baf02b2ac9d0890b658af4,train,80506,1
3982,06b8ee1c0127fbc436473d21526d80e3053d2a72,train,90628,1
3983,bc0628185b398385dc29f37780617b8d9d1d4dc2,train,73850,1
3984,5bb40aa426b78fde57d44e0da5038f7d93bd0c0b,train,79666,1
3985,80429e36ad18eb3c866a357cb36e84da709c290e,train,56839,1
3986,1ef8fde20475a0383d96bba84e9747ca7e617e9e,train,5945,1
3987,0bdcd72c700a518bf76cb124b0d7dffc823877f3,train,88764 88766,2
3988,2b7f21be772e9d1fd6746156834ef5a656402a53,train,35072 35079,2
3989,8936525f30bad8b3ed5583f7527bc4553f792013,train,69227,1
3990,5c8ebfe8bc061cdcef52fbf111214b2c2e965190,train,38570,1
3991,1ca7b875a7f11a1d5f7552c1e998e3e01245aa72,train,61446,1
3992,e8c2ee3c3ed85d1d1177c8ae3434c3804645bd14,train,25028,1
3993,54a1477a6b1c743d0b29b5af050ec4068d00ab50,train,89720 89727,2
3995,12f144d5cd988d3b79f95a5eec76bc5c59e81f75,train,11884 11886,2
3996,96a366ade3f861767168341ea974f131e0d0dcb0,train,1564 1566,2
3997,5d929df875fcb518297596b6b4a18002e8a4f145,train,92284 92286,2
3998,5d314d320cf269948b4268d60c84aa6123545366,train,47939,1
3999,434072965cf2c6633bafd695637a48a743bdbbe1,train,85864,1
4000,09961bed57cfae72038f614d15afd8ac0b310e3c,train,30105,1
4001,7a36111234c6ac516a6e690e08b87073e04c35d9,train,74912,1
4002,70d8cdafacf1111d7a1b66c050dcabd757c0353d,train,19902,1
4003,fdd8e167b460efdca05213faf95f4912d58a9b5b,train,21578,1
4004,1d0c2571fccb2b5efd13133912ed480952e85148,train,19866,1
4005,29590c71b86a44e01a1e2a394a9b90e34eb625c6,train,14030,1
4006,a6c509b98dc609e416294b7e1bcc219dc32b85a0,train,55386,1
4007,ea1df89b6a789fc5fd514815d6625f905724f1c5,train,9705,1
4008,a5d8a10711f5701983feb0666f1940493f7baf80,train,87970,1
4009,5862e11eac26d608b70006043550d2d218058f30,train,90530,1
4010,d4b126573b97dca6ed99ab257abe8568ac42d51e,train,28742,1
4012,b313b9e84a62b8bb41e5d023e65b042fe546abf0,train,33108 33110,2
4013,06a3fca32d8b36a0c8e2743a88b8770beed4c106,train,37965,1
4014,5e9d76c8297a21ce70fccb5d2825b34c24edc9db,train,10832 10839,2
4015,0fd8a2c24ff8d7fa59a57ee7be36b93f72a24da4,train,74683,1
4016,4ac51d91ee08773778be8892b4a95e493fbb3c5a,train,31036 31038,2
4017,a6967b0f1f677e77b3900dc9953c4e1d57ca038f,train,73854,1
4018,13a83061e566798121259dc3d6fce128d4832248,train,2584 2591,2
4019,b4152478c21c1fa2d329454a02ec2e94279ff534,train,46869,1
4020,0ac969a22754bbb6742c2aace2901322a36720d3,train,75160,1
4021,2c2e01d10a0cd3fa34a45d760c333eaa0702fd52,train,34258,1
4022,a51d73f9172c65e0e92008869c728a367599022a,train,9596 9598,2
4025,69d94b46bc279bcde288f218113895d5beab09da,train,59901,1
4026,2c1778d549e790d22760c00b7d062ea7870b3065,train,72668 72670,2
4027,fec195a60537d9d5e0f0d73444662f860d8bc27e,train,69729,1
4028,cbcb11f318022104b96a9f724baff5ec126910ec,train,74389,1
4029,4770f82ea59865cd80ca7576a27189074e6824ff,train,31568 31575 57304,3
4030,6ed2f2598457f319695110fe9003214aa0129e6b,train,72834,1
4032,31ecfdbd6ecbc870a015fbc74beecc3943b70514,train,58830,1
4033,7070d20fb242ac1df947657f455c0e15f7c8da46,train,67175,1
4034,4f6415d1861f5c0f5a8edbc7ed2e12d2c5d4d25e,train,48507,1
4035,9011cab1ca10fc5cec4c7bfcf56589621a81819a,train,32432 32439,2
4036,7ae8c385cfaa9c95a29fe777cbe0b645916acd57,train,50461,1
4038,652842ed04de65b9d28e26cca6bc5d78fe3cdbfd,train,71277,1
4039,e72672e1b6fbc13fa90b233a16677bf1ed08d41f,train,22482,1
4041,b93c70f8ed8349e2861238ac0d869ea241378d49,train,73060 73062,2
4042,9d22c75f3f50a3ba816e56c8f34d22722839e620,train,12905,1
4043,ebf80667417e928a7eac5fff070c7c7dbc0c79da,train,26688 26695,2
4044,f2ca9ddb93c750f8c495f2c5e5656a2fdb1fa786,train,82450,1
4046,bc470e43e462978e864bf10723d072f63162af1e,train,90200 90207,2
4047,85a09c04ea638630bd968e9788cc622bc4539e62,train,56475,1
4048,f42665ed424167990035416f21e5d221d5543f8a,train,8561,1
4050,08f465b4e2b1da7604a65f76224df99d598a45e6,train,38191,1
4051,694fea1e519adc4b67bbb656f884060ade104311,train,69569,1
4052,18066020e854d9b6e79b5dfaa7ac036989d88652,train,1096,1
4053,1470e6664f6f23c1055cc88950e3f1c0b689d578,train,41232,1
4054,f2edf9140dbc9acdcd6996e9e984fa4dd63bb7d8,train,57100,1
4056,40d76ba3b381a8485c1db248c6f119496d0639c1,train,4890,1
4058,359f134a6cc7a6febbd8dc17e9a8a2b76a73c4cc,train,41168 41175,2
4059,d05324cc4d06b2ef109c22eb86464c8806580f26,train,82698,1
4060,65a7c8da3863dc0561e291456ccf64298f888650,train,12576 12583 91504,3
4061,1eb049c8df7112a1326a88c138c10b7f872a139a,train,60997,1
4062,3767e1b389b4eec5792f602a6d495a2daae7d4fc,train,57055,1
4063,f4f6203d0b9b0c6a07283026d70ad1cfdd4d9b15,train,26680 26687,2
4064,40bdfd09bf05dc41f61f056555433cf9e794b4c8,train,22481,1
4065,129d44022c934b80314f66829ad43eccf52c9b56,train,41671,1
4068,9f25b715fe6c26840ef25d5105edcb00110c7aa6,train,12436 12438,2
4069,0952cb6ab318e5e7640060c325f2c3a16b919bf0,train,67235,1
4070,26488cda6ef36cea8f21a60af837b33070050c95,train,30664 30671,2
4071,13e13eff96a889316b3435f7cc4e7e37cb5a9f9f,train,52245,1
4072,239176d24619a3109f85eb3f3601c99cef68cf93,train,46244 46246,2
4073,454ce0e805325d7bcee8209cd8d5e67eeee1f56a,train,82957,1
4075,675b24c1cb18c8515ced18985d9a59b4b69cee65,train,16112 16119 32768,3
4076,1e2f29895c44332d5c5bab0f788b9faac56a1cb4,train,69480 69487,2
4077,2d10a7ec584b1fa858e893bab30233a678d2bf8f,train,89664 89671,2
4078,db6038ac61659345c8019235ca28d9e25228ae32,train,40691,1
4079,db9786bfe3bf15c531165770b782bf23e84f557f,train,3251,1
4081,e7942a9f785a825ed9609120f75d29f186a186e2,train,42680,1
4083,497adb9de0344e234e49c942c609b33f75492f86,train,37146,1
4084,7d38d461b6b909a19644f2b2b56910996de61e65,train,12116,1
4085,2dbeb0c252ea7869c1062bcc40706a8a65e9dfd8,train,80307,1
4086,2b726f87e259678083b12e5bd3918628dc571741,train,50889,1
4087,378b6f7073b75ccf5a4794d3a5e465a80005813b,train,59905,1
4088,09c5bd89d8c3e8f45092f07fb4e5077066bdbfb7,train,37709,1
4089,77b3cd63764d80cdac11a0c62c0e8626921426f1,train,51552,1
4091,114356e6e9fcf005445d38c271296a34cf56e8f3,train,10173,1
4094,9d9404285ba6940669c72f95dde82bc56cf7595d,train,58874,1
2,62077a541d9debd62ee95d431e31d3e01641ac86,val,48518,1
20,bfd7a64ebe08243261fe8f8b682fd2005733167f,val,68905,1
22,bb10dc5031b3195a92d00fe170039e9e2ce266a4,val,82037,1
26,d8cf65b78c91eb956a608203a4c4a6e505361a7b,val,87223,1
53,187719e85a2aa092df7346409d85d63d96b110b9,val,18002,1
56,194efb5047785b01d1ea3e0cb87a4f1c2b5340ea,val,28011,1
69,79998c0578becec99613c1723d43f15de785b4fa,val,32568 32575,2
97,e0dbf6e516d24f12f251056a5daa0a4aaf6655b2,val,89461,1
108,8835ea307baf6cd00157f3c295d87657cf347a91,val,43021,1
114,e27adb4e3e1a3e2a908a953939b978f69fae9c59,val,23244 23246,2
119,637696b73cb6b8657bce3e5560dbd6e7b043d62d,val,13957,1
136,0ad3073bf2c48fff623dd0fbffa251ae5948cec0,val,25320,1
144,5e8ccf1620d89b5008525d3e7c934e18aef46a63,val,24122,1
149,dea49922ff80befcfd17343fd61dc51ad156aa17,val,67280,1
156,8936fbf4058d654b44f995183b7c867a58049c47,val,92267,1
159,7052ee2bb0a0aabd295d32879bc5b2118b83e712,val,25096 25103,2
165,fa906049a285ee26e9042c1bea1027fc0315f146,val,36312 36319,2
203,1458f51d0996c083d875922554696722a511b55e,val,92789,1
206,4e7341f6fea4601febee03f2b8f3f3b918c53161,val,13843,1
207,c0915e8f3e9dd29867c5a20d2ff914870f625394,val,81769,1
208,ed3adb152284d8d1bc50849b2690d6de272d5e62,val,26170,1
234,c7d02d995d67457925822c7d29766b051759d0ed,val,2337,1
246,43de325c350144e55b8124119c6f55ca60647ad9,val,54589,1
258,b818a0d923b029726c67028a8dfa265f3c0efffa,val,1854,1
292,fa50136a814a9f09b674f8d1205c172afb1ba036,val,45841,1
295,9ead641a55c1f5d76aed80205e1a9c12977345b5,val,55963,1
306,9371c0b136c3a5652fef53dd557548ec984c5a26,val,20989,1
308,748f19a5751e8e4903ab30f7bb2f6271f88fedfc,val,1004 1006,2
312,90d0dbd8773f010bcb592eb10cd61d53d7545c3c,val,29906,1
339,3b3ae05447b680b8ee3ef43081713b6a34441e43,val,46258,1
344,6c411bfa80b4ef71488dd4102b9cd0b9924c77ed,val,52500 52502,2
380,64273ff9009f6dc4d72554c1dfa251d85d49a5d5,val,16281,1
395,9228e5ecdc0bc334ba2efe004e3590ac184635bd,val,61620 61622,2
415,fc2918cd50513e46e133cece76b0b201620c3c9c,val,73012 73014,2
416,d52056af7374c5ebb8728c85c88915d72a1fb8d2,val,44592 44599 87680,3
426,1a97184a943402fd88bef3b1349815d4265336b0,val,48156 48158,2
434,f3fe91e5251e8891f711eebb0276a2873620c134,val,40765,1
441,571dce1b133ff48b1c3dbdb1594428c46bbc3bab,val,73679,1
446,4737dcfe36aa5b8db9a964550442029f577b22ea,val,52287,1
449,328ecb42933806c94aa1240d364ba42d56544824,val,10797,1
451,123320df4487de58e39db91928eacbf148865254,val,27951,1
469,bdce2a35f700b543dfcfe853f2e4978fe8e88037,val,40112,1
472,20dd34d98d5efddaf350bf7fafe87d52805b38ef,val,64920,1
480,da27851b1136182062ff2d101190e588a69b6503,val,38059,1
483,d76be84b25bdd6e8b999d8ec0cf09405df7da2ea,val,11515,1
491,f451d3c3d07e2d7f4de550d61f4d2194b6b74b2a,val,54591,1
497,56fafcab3661f1c65e7782e5e7c48383e39e96e9,val,85880,1
523,42d9afcc8cd23dcfe521e81fef34f74ffd81c724,val,66337,1
532,84eb09f239d5827bd8eea292120a6664b60685b2,val,81214,1
546,2cfddea19b514f7570b1226b79fd229a345f8fa4,val,65252 65254,2
550,a26d012a368267bdabf1d70407e8484400564d34,val,76739,1
569,105e64ee9e36cc0078fbf39fc5306da298a7c31e,val,76395,1
602,cc2630e8d2c80b5d937d0219aa360b6069a4fbe0,val,16176 54984 54991,3
606,626bfafdf58410e8341fe02bd1d939bf5e795aa6,val,59256,1
608,1bccfe2b94bfbb7359761928fc114f169ea14220,val,4917,1
645,4e91163a558debb07201e7ca9f9087b763a2e260,val,65946,1
668,0e53950f4c907f7c63537910c11613a3dbd4ed95,val,61328,1
694,f8ff17aadf8857f6f7f97d5e45ce7a4ee660ab43,val,73010,1
704,25bab0b60cffa95618431c178d205892c1733472,val,3666,1
705,0761f17cc7386d5ffd0b02bec6305cd7ac995337,val,45970,1
745,22314f20dc2576348486a083ed3ca54296d8756e,val,55129,1
751,f8a9614b7cce656bc488fba87e69e84c515214ae,val,77577,1
752,d479b0fa07b44442914052060db1bd2c1738746d,val,37291,1
757,78864cec384d2ae0096624092fa22e14c9f7832f,val,46023,1
762,b47c2f76c806e9cc79ca8c2db36cd8c7623a5606,val,80060,1
768,1e627e8ace3c3c80434a50032f149ee532737507,val,41418,1
787,04c0c56069938af8972e2018a7eacc717f7471e7,val,39563,1
788,632edd2e72536083579b68998fa0ad1db734009a,val,24124 24126,2
791,fa37bf591d011613d9544f788f3e309961a8a682,val,8760 8767,2
792,5057575cdf01418741be5d4bb6487fa1036dd25a,val,39781,1
809,e86fef50908fd92665be783509d84cfa4295d6ef,val,79530,1
813,456ca38cd41a6ff7c51209de27633e46180c8086,val,5043,1
832,8c28e933fdb44392eca5bfe22b604a1eaf984153,val,48728 48735 61712,3
838,017d89eb65ee6314944fcbbd845a941b5591bd25,val,45993,1
856,c83caecf4a1d72e0405ea898801f470daa94847b,val,22249,1
874,d468820a89d7d3fba44768782a76e32bf838ced0,val,57841,1
911,a5ba6f3e4af772e34775a918b9bca98009b815bc,val,64500 64502,2
918,4be1ded4dc8e2c939267fad5487d33f977a59bc5,val,6340 6342,2
919,d4a9ed6f62c2a4e7c3dac352ecd43bd85b5a2e85,val,73994,1
930,35dc02efcede803655ea47eafd49bf01dd5f9b29,val,89690,1
937,b4b97288600501a5d2e40219c78be9dc96a333b0,val,64324 64326,2
945,87ffd9aa1c2ce81d969624cf6b445a6c0d513434,val,32216 32223 32888,3
950,57fd862187159fb007b485daa10429f4a4ce5971,val,63368,1
957,93a33513bd9048344228d4f888094aee464974e9,val,75424,1
968,dc1f416cca4612db634fb6a87d0408bb34e2abfa,val,45529,1
969,ebfdcc177595cf6b8baba037c541f3ee8c32c9c1,val,63648 63655 70304,3
972,128902282ed2fc1d3fb79c7bc49c25dbad806de2,val,46198,1
982,60847a2b70c4e65dad21bdd65d62269c5cb6d658,val,48687,1
999,4bfb62856daec2502f3648c189e6985125c3b8df,val,68866,1
1018,5b52b56710dc8c16d97131768779d53e8c82374a,val,90435,1
1020,db5801abb96ef352123d519f97d7cfd81e01da5f,val,47353,1
1040,3eba22b500775ae7996f34e8c5d133363b307f1c,val,51334,1
1082,94d09a500cc6c3d14687b83b7cdf80b734828455,val,25956 25958,2
1092,a7ea7d2cceeb3b0515172e6d9921176ed82b7f22,val,49468 49470,2
1131,3d7e9d8cda46be2c21cb11b02304b67c790cf2c6,val,12985,1
1139,926ba42b1e0fc7ef88ed8d2e2ca92821909862a1,val,82036,1
1151,dbdbb7500f84c5ec714452fbf85daed377119e4d,val,58102,1
1154,5beb9765b7855840f108e117fafd7a18d2859b65,val,89693,1
1191,d621cf4e08aea8258cec6087651b03924dabd29b,val,2689,1
1206,b69e0158ca0a66121bbbefa6999dc4b03f403a7a,val,22661,1
1240,7c5bae06500170fd4b0772e7bc5b0c784656973e,val,80059,1
1245,2f07c1935c0a969add1c2e9d93f75ee8430c4e30,val,67744,1
1246,e5c1228920b262af20dc527fa321157180ebfa94,val,21107,1
1251,f27f22ee2ccbaebe065b934b1ee0132de1f1a512,val,10537,1
1259,09cba99e140a242b48b6d66b9fa0225be73f4345,val,12385,1
1263,c1590d19bef93a288095d10d482818cbc1f8d5b0,val,41970,1
1270,7d437bd5710100c833325f9aaa24c03242942232,val,28514,1
1277,dff30eecd8db70a923cf16c944480957f68a387c,val,15652,1
1283,123320df4487de58e39db91928eacbf148865254,val,27951,1
1287,30d3587c132364176e099fea9e4a322aecb0b35f,val,59405,1
1298,26ef06a75db6ad7cb90a10b4682f392360801bbb,val,31335,1
1325,2f74b39574af5c29f49dd11c57ff69b02191f363,val,22152,1
1342,d9e505f992a472cd94db4d7ab45605375eb981e7,val,84671,1
1366,60c2b7a9f1ff2803182a9548bbdd77a215d05a91,val,5265,1
1405,209fe912cd2e3bfd84edf45b174f736f922e2e61,val,49744,1
1411,5252577cec3ff80f32650ab310ef743ca19f3de4,val,27950,1
1452,9afb22aa61e8153a09baa60a5bc70db664ff1f3c,val,46131,1
1463,d713824d26ed21847a76a336e966a04d434410e7,val,44433,1
1471,6c44b0d9cf69f75707033a330a357f12cabf05c7,val,58124,1
1475,4e18fe1badee8adf7043f7f623415a79f9e42b0e,val,37185,1
1483,6f44bddcceadc8fadc31f2f67f35f6fef2181227,val,4764 4766,2
1519,d5faad5f5938bcac214af4492c5cdf8846953b3a,val,1033,1
1527,acbb135fb72b8fe0b15107f5f70534349c8e5d10,val,70457,1
1528,a1bf4fd90ff848083896af4a9393acffb071d50c,val,9987,1
1529,aa29ff4620555a49f1db72ad9b50062f190b74be,val,39564 39566,2
1535,d49a5a94d4a39c772b4b470328f37871cf0e682b,val,29741,1
1548,bd01c196e9fd360e3c3f7f2117d10b88219710c2,val,90802,1
1550,9371c0b136c3a5652fef53dd557548ec984c5a26,val,20989,1
1555,eb520146d81003c1ea33804820c4e03faf0358bc,val,9140,1
1560,3080824d1dc497f57ee812f44330f919cd976923,val,65972 65974,2
1565,020e75a0bbe2ce3da2c7c5b78c463371feb7a956,val,53239,1
1604,d4980b10a16336757069d4b94f46e105001e25ca,val,45571,1
1625,912f79ca7a45dddec1aa8a786b3ff68722f0644f,val,77146,1
1641,9ae7e1a07973bc233e2145e477e6a1c599976679,val,86896,1
1642,ff4e5c488576f19a1b9cb7546781178fa26c86d7,val,27355,1
1652,2f74b39574af5c29f49dd11c57ff69b02191f363,val,22152,1
1666,1007a0f5f2fe523cf553a35674bdb92f683594eb,val,80736 80743,2
1676,b81721a44d7457f8b76caff5288b30dc3442a45f,val,17441,1
1717,fc54bc84e85319fccc9c60827a93cdfeff666849,val,67745,1
1762,42ba5778fe77930cc2d101e67ef6bacbe1209a95,val,82712 82719,2
1785,0f9e87604c3617c734fc1e37b051dca96565dce3,val,15428 15430,2
1811,7e69ec7af8981f897b4601790c6c9f708c469cf9,val,32892 32894,2
1816,a85fcc7e013dfe448b2a6256caec683a9e731040,val,33699,1
1829,846e941f773b0955800b0bda110ff19688bc18f9,val,14209,1
1842,466ccdc12a1e72181fcf1cf77383eefc2754303b,val,36124 36126,2
1854,58c2f18e8c7f2de95c36daa77d5acd1e42e44d70,val,16513,1
1868,bc1aa0f58f92d4378fa8cef1633fdee3a224c303,val,26168,1
1872,143eea3db83ae38ca1a653226a727e443258a927,val,85982,1
1876,c49a7bf4ae7e6b4681ddcca2c4e7db8f465f2219,val,24889,1
1889,cba6eef192919d1008c2204c6c457a88e7f6291a,val,36145,1
1897,e279d4ddd3e7a7ba63ffb6903528cf131bbcc1e8,val,46592 46599 90048,3
1906,0eac1c07049cf02db7f3e14a170272ea00b50d17,val,33895,1
1914,a5e6164f0be366b40771888c146927c72492ed0f,val,73984 73991 83720,3
1932,46ad566ee2e002957ff43bebb72d118fb3a2df7b,val,65491,1
1942,06421eaa880b8e1e2931ed52d6d39f97e7054a2c,val,42246,1
1950,dd100b78c3b3f393a317df64409b2576024080a1,val,71304,1
1954,8aa02442f50ddbb8705bdcb6751d025daf7edea5,val,30027,1
1959,6a67e26764125c5d4ccbce77d5711681f866072f,val,33021,1
1972,283046b42dab962d59a9722549f6aef3135dba19,val,65569,1
1974,507066555016cc3c95890382b4ccda042a25e208,val,3665,1
1976,7e4dc53b0a435a4a1b7ddf6284dbdefd97f878f6,val,9984 9991,2
1991,83848f09aeb3b40ab844f305476e26c101cb580f,val,18001,1
1996,abad5e8ca8c7a4c504f8a4d56a130a7fb3d3f560,val,16287,1
2003,c21ff62f73a90b857ec3471f85905e9d938044f6,val,67746,1
2011,baf60d9c1fee9cd96ea19b5ae655555057885b33,val,81139,1
2019,23b2d3b9730acbf9f8d264a1814ae3cc19e21439,val,9956 9958,2
2033,31d8c15cbeaa529f9fd48fb1da9a0fd9ffd4a367,val,36556 36558,2
2036,90d0dbd8773f010bcb592eb10cd61d53d7545c3c,val,29906,1
2044,5f76dace915b46b98982eab4b881c0c4a893f60e,val,25428 25430,2
2063,94b496b252f790fd6140eb734dd573dc9f6462dc,val,24121,1
2076,92291651bf1b9fccb4488efb83397808f07bbfa7,val,2336,1
2101,d7d1c1cf202f35bba36b8d4c5f5431e50fbc41ed,val,47213,1
2105,49bf1d29511b12946b96e0d200ca9d5e6daa34ba,val,45847,1
2120,ac5693be17d7402edb138e026f92b36c88ab3bcd,val,54877,1
2150,77755eadec893364b062e8a7dad45804c31ce153,val,59615,1
2161,d34d8b397e8fffb6a83aaab8ed00326a8fbf5a5f,val,6872 6879,2
2182,d42a85f540d6e552ad3bf73beea143d63955a4f8,val,19677,1
2191,fa51817c8ff03e92d677679afd335d4a140368f3,val,952,1
2198,19d4953ffef8bfec915212c826b82608940fb87c,val,71216 71223,2
2208,01fd7c16f225dc15b0bfbf05acd2803e3f45e3be,val,3162,1
2220,e845a8c8effe1c4118ceb0bd16fd30bb62f07027,val,30580,1
2223,042929b6fe17492db6d6d409e8ef8c1642974771,val,74221,1
2234,bdce2a35f700b543dfcfe853f2e4978fe8e88037,val,40112,1
2256,d51584ab6d230fbd7a2d40aaec0af6b54ba69cd2,val,76049,1
2265,b38a14ffc2de6db65c47243a2d71dee503471a7a,val,13413,1
2266,a6327f743a762cc178d772478a7f5b826152ff15,val,78738,1
2272,43572a01f2abc4f28b7429cdb0b1c4ca17d86774,val,64676 64678,2
2274,ba688958d17067c3c68673e827facf9ffe9a58eb,val,6364 6366,2
2279,3427f17290862e29158e98e7a2abe49bd36ae863,val,41420 41422,2
2293,1a668b50e10e705f371cb0b53167603ffefa6599,val,16083,1
2295,7f365adea039ce7f4d2a480f837cea20909bd9bb,val,28308 28310,2
2299,3b8db73d83804aa7f37bbea762638742b538fcea,val,19361,1
2313,0937049b2c7d9f1e7abaae92107b1637a1ddcdad,val,51300 51302,2
2332,11c6a6658dab53074d74f8c916febd5541492131,val,79616,1
2333,7f347b0b225f2978d213b1c6153c7c0fe17ba7f5,val,31466,1
2334,deebffe0fd3650c517c2e32a1143b5fe36e322f1,val,68210,1
2339,eb656300c3a87273c269c52094f26b717cc9e2a6,val,14108 14110,2
2349,3b094bc134e05e3c3b02c319c63c8632c5d39c44,val,78856,1
2353,26363b3343d79c8c02e36f7753d472fac737f1df,val,45801,1
2356,1618603eb17907613cf53fd0260109aa7dee950e,val,15469,1
2365,94c1cebfe29343c8135e6d7807b3b335a55ceb69,val,45994,1
2401,e6066ee6c0d9df5d4c0a293f4e21855860d18a98,val,59032,1
2402,0c6e94cf8ceb941e1b0cbb5149cfb4c20de32878,val,70916 70918,2
2437,d5bf23562da57665305f93b15b4841664b3fc61d,val,28306,1
2445,9ade6378ef67e13f400e913af2f0b8e409a31165,val,71883,1
2453,f58f262ff95aac06b407cca1775ac9f8aef65ad3,val,55133,1
2459,6a6339de79020307013213c4bc88fb8774361b64,val,57840,1
2465,69d29e9e580cd64edade57f4584c3747244e2d56,val,12456,1
2472,44f02211741ee2fd0a69d2353be250c82ed622cc,val,57842,1
2475,d9e505f992a472cd94db4d7ab45605375eb981e7,val,84671,1
2476,522b5eacb201ebffb31278c0982d4d7a27c13189,val,92268 92270,2
2483,57fd862187159fb007b485daa10429f4a4ce5971,val,63368,1
2508,5b0c7a351187318cf189acb7b17b744dce397804,val,47079,1
2516,a564c5eb5c267a17531cda6ac4fc52614fc82d42,val,61176,1
2521,7b37eaec255ad7f39e8e496362c627ca9d360258,val,76043,1
2545,f2a7dc0e82c37babe85e6ff6b01cbf4f41d14a3b,val,30324 30326,2
2553,df88cae11a95422d1cc204020ae1c4ae4d70ecdd,val,40949,1
2563,4ee52b1548ea5000b4e138313b9320a2d3354351,val,7579,1
2567,82e066824c110754d6d1b6c1e2be2d253a4323a6,val,38532,1
2583,7f365adea039ce7f4d2a480f837cea20909bd9bb,val,28308 28310,2
2585,bd723f83a0be585f0b5cb34728377acb1058ff18,val,89768 89775,2
2590,2477ce4ddb50dbbbbd304ea16ed73652f4d7706b,val,49163,1
2598,ea95a6d6b9768a3a438cd0a16d40d5b4414a4d55,val,41969,1
2618,ecfdc47bbc7cebe9e30140189636119a497e41a3,val,83212 83214,2
2640,cb9de86118bce5b943ae6be1eefd5129cf3082f3,val,61904 61911 84032,3
2648,4c215899cf3b3a4b530d4de5ab2d451d52ae9d3b,val,33036,1
2662,2f284861cea645a94d4080ad34a6fc8373285d73,val,23427,1
2666,280b4fec5060b042c7495f823e55c72e7ae892f2,val,2691,1
2667,bd809fd5183506eed73fbd46a374e4c599d37675,val,26339,1
2668,b38a14ffc2de6db65c47243a2d71dee503471a7a,val,13413,1
2674,de3886a126573cf46297b4c11acd3cfdcf1674de,val,76055,1
2675,645b479aef6177b5f0363b19304edaa735853304,val,5740,1
2694,9dc9781394fd23a06d29b80b2a97fcb285e54ae9,val,5268 5270,2
2700,f0ae09791116ba57aff36134215d22f36096a285,val,23733,1
2711,90d92f1115d8a77c333d9acf08b196ece00b0307,val,41421,1
2714,95e37ab538f1dcc78171cbfb9347ea8808cd6e71,val,16284 16286,2
2727,66087ff16bb9c6b75fe0427cb6401d8173b5f2ed,val,51209,1
2730,a842f9aed6b83631cf35b8c9bf9f14c24bb8f99a,val,64711,1
2733,baf60d9c1fee9cd96ea19b5ae655555057885b33,val,81139,1
2737,54b1b525fb80070e08e3c8f5238459e1ef5eba46,val,24609,1
2768,b7f6f37f953ee8cbe4a63ec95d7e0175f32656a9,val,17548,1
2799,89939f39453ec52e05683743369b38d43afc904e,val,1036,1
2826,69a7ace88c7b04557ad46068cde4d5306615494c,val,91065,1
2848,79ef25edc79c0b01a5b61ab0f69688582f3eb99a,val,63106,1
2858,425c20f527e779fda2a5c60bd50ef261bdc4a34c,val,61909,1
2869,8ab75d7d9238f1fbb4b962841edbc11fe809acdb,val,87321,1
2870,9da5611bca6ee7eb495035273e9702193829c95f,val,39768 39775,2
2913,08bb352e9d4c71783b857781c8d2db795f7b643c,val,17580,1
2917,072a44687191cd08c329e9c2bb45683726c48c2f,val,69508 69510,2
2918,7ceb3f216440478444f6902c337f3b46514f1c1b,val,26936 26943,2
2924,c32749b7c281a5331f8dbbd072919775f53fbddd,val,42104,1
2944,bc9e22974c081ef4c92449702f58229376946f71,val,49236 49238,2
2947,525be22eb0e8644bce27b6bed85a694b5b2d9dbf,val,1941,1
2959,3fc3ed195931be0f1418deacb8335c5ab8bb5c2e,val,89459,1
2963,11c1bb80e7081fb0bd4f80cf605de95658ff9e1a,val,45840,1
2968,bd651d69141669ae2761c005709153a1c7598aaf,val,75430,1
2974,4aca89b233452de41c94065b1091ca825109ed39,val,20837,1
2984,57d655bd0377fac136f55c3ca646a75e2dce26e1,val,77276 77278,2
2993,7dd6860060ad3327e6b1f840884ea460cf8c88ae,val,43137,1
2998,6f8ec678353cc0e185d6e23d0764f2d14e5bf274,val,68559,1
3002,4ede0efcff4c96fb4a10bf5e0298c1bb37fbaf1d,val,85611,1
3009,a1b87172c2a48ba535d228082f303b73fe7d085c,val,8812 8814,2
3011,d20eaf9274cc6fe6f3b66becf8f97b8cde5cd112,val,93116 93118,2
3012,6872c1cc87294d8e23dfb095cf0bfcd76dae8fd5,val,81141,1
3013,562bfdc2ba62d3022abb11b624cf0f380e9db362,val,26283,1
3018,049431b8af84eacf06b74a2749d4dd0435738bee,val,58452 58454,2
3019,293d149f8916deceb35325aceb02fdf87738cc0e,val,49467,1
3024,99e8c6ed575c60bbd019164b0598218069ad545d,val,74794,1
3031,7236bd21790159ac2983c1c9168f98645a7d4aa9,val,46020,1
3044,f02ee01d0ff072f2294d96362c2b457508a66dd5,val,54532,1
3050,a6c1ebe5ef177e70bb7f307842f3d383c0fbae7c,val,8413,1
3051,007f16ec417aed6df0683fcaf3a3d28efda006db,val,14167,1
3061,b9d6dc06265bc9657d2903fa85583f9a24f58693,val,18450,1
3068,d8630e46204d78eb664d00f15eb46514902756bb,val,32364,1
3098,be917d57c31cecf60d86db65672990e0098d22fd,val,2122,1
3107,5a7fc72a87df21c11fbc1adc2cc3a974462795d3,val,63388 63390,2
3120,2799cf2b4239a727489748f4b04b907df75817c8,val,58663,1
3130,be62fcd62b246ce4a61450eeaa95c1f28aa60bc3,val,11105,1
3147,e4e5957caaecea33dde2ddf15638dc9009709413,val,34857,1
3150,2d6f806e44f876e55bfcafd26df445068119d399,val,22084 22086,2
3166,d2fbe4afa6e22cc447610ddd6d8f6c891869c127,val,34859,1
3173,b3d70d6270226a5fc3e0a62d5d33174446ad199a,val,37188 37190,2
3174,1df96e0931440b774788c2a7529ce1cf9730f8be,val,70808,1
3196,914ae14adf181e506f51c486ed7d280d995ca936,val,76882,1
3201,1e667d56b5c18a1b1ec427008d086631bbb62bd1,val,42450,1
3209,b9c2f7e50772af548790314742ca3d06dd41bb26,val,85979,1
3212,15f4be8fd15177fa711e2de1f58de1cc90a2965f,val,84660 84662,2
3220,88fe0538949b6eca5d0910006744c4792f08be1f,val,69506,1
3233,b314acf67d4f98546899e6b7fcb1276d40605cda,val,90864,1
3238,120ec38d75b28b30a8d5632524e48ceed5b57b77,val,1411,1
3268,18a9ec796dbf2a7f98b9f3278e5d9aa43a488735,val,69246,1
3270,50934d92cee02d34346ff858e87a64a4f9dc0bc1,val,22895,1
3275,bfb16c04ddd827f463fb45ee81662ac2c5f946d8,val,48605,1
3278,30d84e45beb91b8d71b6aa076748b0acbf0810a7,val,54875,1
3282,8936927eac235d9af70c3254125e351f967a3e36,val,61331,1
3307,0adf6782af7766cbb98a88eeb31970a74a660b49,val,85983,1
3322,b9f43183732473643276cf947faad695acb32443,val,77145,1
3323,096de8f7fabee622a92f71c8480a8e6548bd8ea5,val,43726,1
3329,21b14a34d622c83712ae71d52da3fc30f60eba71,val,76051,1
3333,3fcfc3dcd199328f3fe12003bec18630bdd6526b,val,28635,1
3334,db9ed1780c3e0806bfce1849c46ad7336d218169,val,46123,1
3343,b11e856d7a0b86420e5bd4966cedde44f0bc4ffa,val,35093,1
3358,481bf8e2f48e097d6de232dd10c7c6c68a99c28a,val,78407,1
3397,a573858880f81b43be7f84a71224d6e84db18c5b,val,30970,1
3426,24142fff76dcb774e871fe55516c8af382c88416,val,62658,1
3433,a9aafbeeadfe9d73534b23ab66d33ad828d496bc,val,59040 59047,2
3436,fba6a36452a3699dd82c43ba4b0138aff2f18d38,val,3161,1
3438,ff45bda947bd3ba1e14cc955fd10bb440227dda5,val,73555,1
3447,ea8eed8f35635d7932be076707f5e4642c8982a9,val,75175,1
3468,3499c37ec3b7d926bab5355d5a1ba16a6fa1a37d,val,53144,1
3480,8f41fb020e3529eb2cd0624736e454f617eba19b,val,4552,1
3494,578adf51314b9ba792c2ce8831c3d3b0c54e5648,val,5099,1
3504,54b8b6f7ad99f8770ff9e9bf5565e6dac8b53c98,val,62822,1
3532,734934c87a6311f46dc5d6281b935078123a24c8,val,75993,1
3536,0a5153baf479d6fe18262e59b058e3af54501c97,val,90140 90142,2
3559,b9eb88ef871c04056988029c4ff8a91bf1ddf340,val,57322,1
3567,fa906049a285ee26e9042c1bea1027fc0315f146,val,36312 36319,2
3580,000d053489b68e7aa54ea5a65c86f3418ab2dbee,val,1003,1
3582,43572a01f2abc4f28b7429cdb0b1c4ca17d86774,val,64676 64678,2
3583,286f736387c1c4621cc5f1466a477a5bdd3e05fb,val,51296 68944 68951,3
3632,9471c0517cec9598c9bbd3acf256aa7c610400f4,val,28873,1
3642,5f9b0121b8e181688ee9e9cc537473a21816c61f,val,14468 14470,2
3649,8f41fb020e3529eb2cd0624736e454f617eba19b,val,4552,1
3664,d6a017218d57c2b2033154a0a0ba26acc4803a42,val,2232 5752 5759,3
3689,9fc290e8b57e8085f83cc921288cae38c233decf,val,60192,1
3704,76e8011426eb76943683438ceed9e1e8961bf595,val,1922,1
3705,183cc2a599cbd2c62583cf00eac77eb9704955e1,val,19672,1
3709,0baa6ecd9fb68a56a9267f2d276b9b84bf157033,val,81026,1
3722,adbf96009ff28f088ba8d632d60e41cafa3374fe,val,8764 8766,2
3741,f7a96bb15d0f14db7c30457abff53de98b616601,val,60877,1
3742,2677311051e4993286591f4d30e0d65dbd70ff59,val,89812 89814,2
3762,4d5919012db48f6475027fb706872bd8ec713e9c,val,64633,1
3786,349cc4ebcf6a1acca7561c55a116b05f1a56257a,val,84272,1
3804,590b2e248821696e4166eefe34f4b00d021d1fd1,val,74145,1
3811,69004951bbb195121f08142fd9444bfbd4f0d5cc,val,13369,1
3814,cb9de86118bce5b943ae6be1eefd5129cf3082f3,val,61904 61911 84032,3
3816,67f404dce2896ccff9afd711e335d3e47a25fcb2,val,63465,1
3828,4100002861891ce783cfdd615ae72e40fa3951ba,val,27354,1
3831,0852473807481c873cf05ebab335ea88c29664de,val,70408,1
3863,7211942bee0a319225ef79649ed6ae42b237f978,val,48454,1
3884,e069080ef5676568d9705f2362a2e219d9ac29b3,val,85280,1
3903,8bd71996a9fa9bee2896646b86c9346d74b33c21,val,78772 78774,2
3916,9e3c9b6896981d4940be636968df69c3d1c16866,val,75996,1
3917,7710409b3e1dbedffd88ae714df336870b6e2712,val,75856 75863,2
3923,3598583f6612c8001514b11854d4319175eb7c02,val,82800,1
3926,4563416b0f059901c44a81e947d057db52a084c6,val,78769,1
3936,34c359ffce5f2205d8d3fd205340ecf3bbcfc81e,val,62051,1
3937,cedc53e8f605bb0cf6544949e71c7bd5b8fb8976,val,17443,1
3939,ff9635430d222fa4a67534e7b54c2f55b2db4663,val,58659,1
3958,b9e1e440d425a07a9af29de0c40fa680535fd20b,val,57844,1
3964,f49fdbf9e0b5e7811c4d11fe8d85ab1c2701e9cb,val,26340,1
3966,e6012016de664aa64f31f1ec8a5769ef5fcf8e09,val,57492,1
3969,39bab7ab73f8ee84da5c5ec38a870a85d8e8056e,val,58656 77824 77831,3
3973,baf60d9c1fee9cd96ea19b5ae655555057885b33,val,81139,1
3977,120ec38d75b28b30a8d5632524e48ceed5b57b77,val,1411,1
3979,1f97e20c2a4ba71b9fe487632a0707f008edced0,val,25049,1
3994,98268f8a7978a045ca2959585c203c7e48e93cad,val,7632,1
4024,a74721cb39e915f517ebbe40f4cf4b6a626305fb,val,45997,1
4031,a702cc64ff3024abf6e8fe3f5c170b32764e3408,val,85787,1
4040,f291c6492669fb19af339fffe2115241ee4dedbe,val,2476 2478,2
4055,f7b6ef5a1bf8fa726abfddc0a1847e417c2c16ea,val,32196 32198,2
4074,191f7866157f7dd03ed0a8a808d0e83108dc4522,val,54528,1
4080,eb5e21b4cfdf6213f3a14917310f9fc00607c719,val,84352,1
4082,8d3dbc5662362d9a520d172ed6d7ac2cd936ea4f,val,69437,1
4090,8c0e22e9a9bec1812a64698d0151950f336f7d1c,val,20697,1
9,5ef16afeb311a0553cedcbb192f142e1461dc50b,test,90184,1
43,f70868e0dd822c3c924f09678b40a0f754079bbf,test,35619,1
77,7f71ccf2da567b6af8b4f68060bb7e6463eeddc0,test,37365,1
78,2b0838c68c8266d9c3d2d2119033bc1857cca596,test,62889,1
83,0c97bdd5c035f1a2e19ec0795367b4ad06a69f40,test,86707,1
85,cbc088db9374fe1dd97bc116e1de011cf6e168ed,test,4202,1
94,40b81fb0d74fa23e49ba82e070cd64b7d4b77f11,test,83585,1
99,870e6993ea60e6cb197f1a7980dafc54f1c99cfa,test,49341,1
100,77bf834615849185644dc42c7c72ed88afd12c2a,test,79204 79206,2
126,c0558c8c42dd30e58b51b72710f523f619700e7d,test,64082,1
135,64c15e7a487afbdc9ca05ac70618e675df6c6d9f,test,48349,1
168,adbca14e21763e9244a3a0ec518ff4c946f735a7,test,79944,1
175,35c8db6726efc0b587cd84a58bce91e3badd9040,test,84186,1
193,ea63d653140acc582cde54ac88815e6cba989d15,test,62850,1
209,57a8d8eccca230d61fd6f4fd6b1738b318eeddeb,test,27898,1
220,b3bb1ce07d6da6de93860518d70ceed6dea44d47,test,82269,1
240,36c618839768627c3086f86cdb36e161e91c0de2,test,87423,1
252,783b35d5afaeb274adbd6915521e65485eb1b9ee,test,61496,1
294,0231e3878f70ff5288f5b86ebbeb89e98213893f,test,37050,1
296,6c113d6a262abc0410af43c70e99ebaf8ae29fb6,test,58071,1
315,afefb6203550d202bffa427106d2d169891a689a,test,55788 55790,2
332,3c540465364712fa9625d3dad92d4c1602199fd4,test,65028,1
335,5976f403c83990e281ab8cf439895569ad8a81f2,test,85578,1
348,731339525a3af5f639d54767e91c63be5930bd71,test,9480,1
352,c791f78b70166dd9126b26568c710118e4c6c531,test,63186,1
405,21bf6537e050ae1af3919fffe0f44fa3f4d172e6,test,77088 77095,2
433,81fb125d3dbe487795b8ecb72f43078097911f3c,test,73549,1
460,e26c42ee937a2f8e440f6d05a16b533751090748,test,61396 61398,2
463,19a32500716d5f0559dbc3799b79e22a9178fa98,test,25642,1
474,be0d48d94c19bf9d1c4feff45cb1ef2a2f7b4ad0,test,37367,1
477,1d474a14256bbdf6dbb3f0eb05e1bd36d029014b,test,17736 17743,2
478,8ad336b9b525d92313fb1c5e856948373fcaea9d,test,77201,1
485,4f4f8190d8b362265d2ad3275373038963f0e798,test,24999,1
499,ef4e018b1ab8b31117cff4da755c9e4c94939974,test,37300 37302,2
501,1236217f3c186818aa1f0379ce17c944827490cf,test,20289,1
503,8fa3bd0ac121bdca8186ccee9192daeaa17d6d35,test,7180 7182,2
511,c47932cf534491152a9d3a05353715741a401deb,test,6923,1
513,a7aebcb018dd1576b4a1f89c1ffb3d0672798276,test,72036 72038,2
517,172daab5df26d5723c66404a18a1257b9a5e9ee8,test,51203,1
519,7d626c54a28d37eb42b2406dc56b8f56f78faf7a,test,4512,1
527,6103f9c01d63424dfd1e171e4126f44e21e942e8,test,9849,1
530,734ec7e9f89f24b0be746b6a9023e95afa9b81c7,test,84456,1
545,8c9da979e5064bff29895ac4967713125fa37698,test,79147,1
553,889c926c36c72c6ad6e3da93d4126da5e710b20e,test,843,1
554,afcbe7e0eed13c3158fc4eaadaa4ac455144eec0,test,29089,1
555,1892734d2208324351f80fb43e533d83f378280b,test,11343,1
556,9e52d007c8f2c37ab7711ff0dad08ccd4d0c2fc3,test,58383,1
563,eea927076cc93df6b908e1ea917ad5fa90c33f12,test,60940,1
572,1b0c9446d45e2b17b7781f1268e0085bea7b7f20,test,84304 84311,2
578,64c15e7a487afbdc9ca05ac70618e675df6c6d9f,test,48349,1
579,ddcd84f538330869c7efd9749d002644f0176d0b,test,54328 54335,2
595,08aa6ab7eb2b9208942c068ddc019aa4fea1e136,test,17829,1
604,4eb77a11bcd4e4896fee963bff06ba18aaa212a7,test,41775,1
626,65fcb89f659b384ae14de871048aab95edc011ab,test,7096 92832 92839,3
630,9f92eb551d2777022bc1077f95eeaaba54496779,test,82684 82686,2
637,b30d45f95991abd0b95577a2b697ef629f476bf3,test,68320,1
654,2fa89bc9e4829e40eabf2c57df7405adea276d9d,test,84639,1
657,8cce6613db99918ed91b14b3e5cec9d36a4a0e00,test,36895,1
701,aa98f88a815477e083036c269506b61001de3d6e,test,81314,1
707,ec2f60dcf4cb8f138389f032b2a9a24f5473c657,test,77304,1
737,83c9ea6ce1e9c2945b840df93bf6176cc2e11567,test,63932 63934,2
748,610189ba65a0464f4974d94cd3b2c418888e7410,test,28573,1
755,e0e958bf38aabce72bab8e76e98c04d06d072161,test,24993,1
766,e6e2398c04788b0c5b76975f768dce821a050d4c,test,2610,1
770,1f2eeb398d1e8b3e5d9857db41aef309c3ba4fbd,test,35556,1
772,3d42d5e6648e597ab64d587490ae1621584a6841,test,87880,1
801,b1b099c9b749f162a760ebf6dd00788e7cf5989c,test,46103,1
817,64621da375faa57099dfcb7825eb007da455b22d,test,79106,1
828,56b5c97d8f53f0dcff06ed6decb65e249139669d,test,84185,1
831,b60fae194d95b71125ace0f9a33d6820d1b9b90e,test,49603,1
840,1162f44aff3190148ea022388f9765de4af099ff,test,21785,1
846,5fa8890a0e7d218ab68b0a31d87c5038cccc1f75,test,55560,1
866,a3e8fbb7430df71a263a57820b965d0f34126384,test,39268 39270,2
906,c793ab5e672dbe13393e0ecba10031747645c635,test,9353,1
931,524e73fbef3049c81c01ceeb0af71e53fb98e4f7,test,80600,1
946,901f9e7939c082738636879e10f521b6c769404b,test,9304,1
951,75228691d82628e084bf6aaf2d232012b25f4e02,test,15732 15734,2
956,15dd707f2141585b91dfc715663a98b4a29d660d,test,40772 40774,2
973,8800d8c96f2c5960e70f43291d15081b2d15b778,test,19195,1
986,22715aae62a3085a1d07cb1ac912af0fd195fc9f,test,730,1
988,29bbd625152d7af39a131938360fa46447c9e00c,test,45484,1
998,e8020beeff51f79f49897b2d9029b60fe798bd48,test,37366,1
1036,2a40445a587d4137b2228f2051fe4817c492ad31,test,53687,1
1088,c68427015a467eafbb2fc98e2f935ae38de4b7cc,test,38071,1
1120,35c8db6726efc0b587cd84a58bce91e3badd9040,test,84186,1
1122,0a7d8b319d67705f93af1372f752ce8027b5c499,test,19196 19198,2
1126,9ed795f1a88aa9bc8ac239f1eeadad2468999d4f,test,51064,1
1128,155ba1cb23e827773c5db56bcc5c9d3b2a951727,test,23488,1
1129,60efdb01d5e832c5013628283e6c7edcdd3f3de2,test,66471,1
1157,0a25aef61be8c0059174cb0c708a41edbd74caab,test,52677,1
1158,1ab9aa66bd55089e798783516efb0ea0c55495a4,test,93052,1
1170,a2d34ab95dca2b57806cb5f57cb2422150c6f6b2,test,24071,1
1171,54db6f60b68af9e50a1cd2acc4a6af8b38da7086,test,45487,1
1210,5ee74ecc542217e90b2504be0a878dd801f4b4cb,test,56040,1
1231,ec2f60dcf4cb8f138389f032b2a9a24f5473c657,test,77304,1
1237,512d14ffbed9d015aa70eba227eeedc4e1339b81,test,27049,1
1238,70cf0e4b1bb8f1b8c025563d4fb6c7ffa59630a6,test,30060 30062,2
1247,9fdb23b338f6998438b9b792104aae599ab9d23e,test,43707,1
1260,a9d02cb0bef01ca599ead0efe3515318b63b0aea,test,49612 49614,2
1266,80c1f6e49bb6d8d0cfa4ebee9bb9291fd79d12e1,test,62418,1
1290,6a9c60421b1b01f1c6cb3776f14d39cb8004d9c7,test,87715,1
1294,fe41e012e6ca544feb478c5289558c13a8818858,test,27656 62768 62775,3
1299,7c146459a9f990ffc8bf7df16f8f6586251ba671,test,39859,1
1314,cf402e0d44c1e09bb3690524694f690087746b36,test,33255,1
1317,fc2e6576f5df003b71b9dedd5be99e9a6bdcf738,test,77390,1
1326,3c7cd34051e17e947c2dc4fac1e778b8aaa5af24,test,55682,1
1334,750d66f8592bd6be1691ae4183a485504439baf5,test,58472 58479 74528,3
1349,a264b6f4264330ada9881334448462937f9ed2cd,test,44014,1
1369,016ef3939d4f4f2f2106b2f1a7441e77f6b6f35e,test,63756 63758,2
1370,f4dced960a57e9e75db7be898bc92bfaefe7480e,test,44321,1
1386,b23bf0931b4ba01480c4e9054c1865b8f1eb1354,test,62769,1
1400,ddcd84f538330869c7efd9749d002644f0176d0b,test,54328 54335,2
1406,3d5e7e751e5d47347d53b1d646321259aaad3119,test,26205,1
1415,b3cd8707de94a57ade7959b6c24da98c5a4b5c26,test,81323,1
1429,70da96ca0e87d5f450aa5130e33866a3a410e001,test,15485,1
1430,6e3d608ae036c2f266e8e76beae10faacb437ea5,test,18761,1
1433,605caaad1fd7138b784bf76f715dc2f324e108cb,test,2188,1
1444,3c25d2ad5e3fd5cd2349dbdd3049933bd583a29c,test,25696 61576 61583,3
1447,0a25aef61be8c0059174cb0c708a41edbd74caab,test,52677,1
1450,e025da72bd037c9956691e26cdc8eb124e8fb9ed,test,48004 48006,2
1457,a9e0f98a760cf8049a156f16d2f013b1d3c1937a,test,62888,1
1466,527d6024757196b18316fe9b93bc04084cfd8e9a,test,8714,1
1469,7a8e68cf20d3c5aa55cff81e03fe3e2d56763702,test,61540 61542,2
1491,83220f32658db4f68baa90e7578ba485ce023834,test,10107,1
1499,6d87ab57b2d73eed80992d35bc3c69dd8e1140ed,test,59740 59742,2
1506,a45ceb6a88e2f6a4c8f888ba1889c2d9dd8c96bd,test,37377,1
1518,7a25cad5c1901d12cc0c5354774ae90d657e1abe,test,74512 74519 77560,3
1544,c43d61d3a5ce681897a2c40d1763d712d95761c7,test,88157,1
1568,a9e0f98a760cf8049a156f16d2f013b1d3c1937a,test,62888,1
1588,64e6804f6b102dacba9f7a37ccaad4ba41163573,test,33252 33254,2
1589,41b2dcc281847fde8d1cf7c67862cec8e794e314,test,44017,1
1620,ea55d724eb0d6416df8645a8285787add76232fa,test,87297,1
1692,94f4d719d2fbecedc5c21aa63c7b3048e32c66ac,test,6228 6230,2
1719,2458804022215e58b401080f2ee37e4dde17700d,test,7791,1
1720,3ab197e88c3a04405478ec512d4bb002a02edee1,test,356,1
1724,5d2fd77a23ecabf8b8ff32e8110a9a4ff7c63ec3,test,87920,1
1734,9eee824e91e18cda5c93a37b91bb791a5014ea77,test,73548 73550,2
1736,d5ec48d7abb2775aa45338e660fe492eb6e38ffa,test,72650,1
1739,dcfe123593e9085488796473eabc36245f7aceba,test,33202,1
1760,c5bce1aebd84649a7b86514d7fa61a91b64bc887,test,83635,1
1771,044859abca983bd4bb13f13dcf1e600e2fdc6524,test,36143,1
1790,f843cdb5be6646dcb2cab9988027294294a8c3a6,test,82580 82582,2
1794,c5bce1aebd84649a7b86514d7fa61a91b64bc887,test,83635,1
1804,f0b78e34ece8b67e24003e656bb297b85db69f4a,test,63951,1
1807,5e215cf1b9418c15eaeb4b741f8d3861310c9864,test,67978,1
1808,8e2fd672bbbd7c28acae74ab7ec3c54c9709776f,test,65024,1
1810,d30277bae8597e4e363141ac7c27560460c72f69,test,2317,1
1834,d3b6d781287a8b19a21fec3e92b8a0177242ddad,test,49610,1
1858,4746ace044366223129a2c5d744305f3f80d28db,test,27083,1
1878,bae2b1f656a14efa84145b7838b6f73906214dfd,test,33309,1
1902,b1cccfd0f78a29dab78e358f121a61589d36c8e0,test,4206,1
1909,5864a11ca1a2aae0a528dbd9ebec6b97db956cd8,test,36647,1
1913,4ff5387a39b592b6aefb398914af630a5cceade2,test,10930,1
1928,1a92e279badefaf9f84a4a8d173929de6e19a429,test,83319,1
1929,00ad8222a2c061ff609f10d1e2cf973bb1b3b689,test,21320 21327,2
1930,6bcb606ac632477b645fb4d4d04d2bb7da32c47f,test,92340 92342,2
1936,fb71b619c8ea8a825915564a482190b12291ba8e,test,15892 15894,2
1948,0f5c510c4ad798adc4d2209c61b1c015fff61ae4,test,58432 58439 79856,3
1963,c1ec2ce3dfafaf8a888f9f46031776a200bcff7d,test,35617,1
2023,6d53c10fffbf6b8d67f16e6e8259a1c0298529a8,test,91276,1
2024,76ee3e9c2b8d38b3f5cdeff41113b24dbb2c05be,test,69445,1
2026,23d851d2e5d193eebb57e63a79499a006ac792b4,test,10384,1
2031,5aec8701a1f024d74eb5e0bb466fe1a03a486514,test,10931,1
2052,7f71ccf2da567b6af8b4f68060bb7e6463eeddc0,test,37365,1
2072,d130ff3d27e1ac7509009b09e6be8a12f0f0b146,test,77787,1
2073,731339525a3af5f639d54767e91c63be5930bd71,test,9480,1
2075,1159b38848852f4667e5c1c1b875a9759617fbb8,test,33273,1
2085,437be9cec80dffa6452ba7e406cfd89b9d62e3a0,test,75120 75127,2
2094,1fa7d8bd855faabccc9b1020822670aa7752ae6c,test,10989,1
2103,27f2f0aeb5593c9c5aabe29eb67172a93f28197c,test,26347,1
2129,363ef35946fd82c0fe9aaa49777d28770c2816d7,test,86229,1
2134,d2dbad672cdf4d8a7b0e57c3c919c0b55e102422,test,852,1
2163,15ea4ab56e4971feeba283130d5225e196b06bec,test,21810,1
2165,04fb032bdc21c4c78b83808032617b5008d978b5,test,23462,1
2184,fd5cf978d11d0391dc6ec190f8da4e30ec432890,test,65725,1
2196,e11f65cd0966bc11e6bff3e7d594cd631221c6a6,test,88968,1
2207,83f847a13f4d40456004d34ddd3eb9ae182ee778,test,77225,1
2222,2f8c31ee1aa1e3de122077b44c60acc9b8e525b3,test,28218,1
2228,506927f4d7bca4f8bc1c60b4d39b3b709548f437,test,61003,1
2245,adbca14e21763e9244a3a0ec518ff4c946f735a7,test,79944,1
2255,2d3d079a5994abe5cf9b29cd56edff50afceef36,test,2659,1
2294,5e54ea9c57c86a7c9e955aba7ccf697dbaf232ac,test,5642,1
2304,4cbc493d2cc6be2daf59a96fe8bb5b13671b76e6,test,14433,1
2321,6a106023389d7228472f3f55a708ccf35881c7c6,test,68088 68095,2
2322,7543c2edf6c48bc5eb45e31d62c23ebee974b4f6,test,38328,1
2337,a01f0a39263b87537891232d5bb6be27027aba22,test,86791,1
2342,e2a9df39d0182f45a0e5cdcf972a90b65acce99f,test,67977,1
2363,224084802f6dad4739bbd174b148a7eb85d9c276,test,13229,1
2368,46dce2ea99e3de5b1a98c584e85e8bdbedec5da6,test,27997,1
2376,dcfbc20d72aa654f212aec574f9cde243c925f89,test,62427,1
2377,ce14326c4a4f1ff2184cbb94fe9c12973cb66629,test,85325,1
2379,85839957c0ffca8ac52e882f123382d365d35536,test,52722,1
2396,2f219e676c72ae3e185611d25b5d731af1b5ac82,test,77448,1
2400,51ecbb706dbfce7e4c2b7aaed93c63e3e98d2df5,test,5261,1
2403,68c428ebfbb99c1a1f3eca11c4085c85581fa6e0,test,87717,1
2408,f02a556a828051a4a6836867b1ba3e857bc46579,test,54329,1
2450,56b5c97d8f53f0dcff06ed6decb65e249139669d,test,84185,1
2470,53e916d4d6f958a1d84642067d1c003fad287c74,test,38052 38054,2
2484,7ffead513c9771d5b664d21b881824ca884b38b0,test,17737,1
2497,8bc966d33715d155dee50018215417bb4b2be3fc,test,59186,1
2501,f05b0fddced838919c3d5442e902db39fdb284ce,test,28567,1
2504,0629721b83900b50fa8e1927b46e2e3e56398301,test,17042,1
2510,debdf0ad8d6c4878bb65a3d5696e1c89637252d8,test,15731,1
2514,73f73a0befc73cadf0a401f27bc96e613ba72e6a,test,74413,1
2520,b6fed60df5c74d849596ccd1d3a061dd5f379cab,test,5828,1
2538,18f21593a2cf85ed396af2461cbfa061d0a236cb,test,34234,1
2541,81fb125d3dbe487795b8ecb72f43078097911f3c,test,73549,1
2556,da2e7f0c6c494eb47342de3fcc1532a80501212f,test,78459,1
2558,5e52fe6934f586bbea4c72701dec9345c993a443,test,54104 54111 64240,3
2569,186c3efd4bc68fa2d1940838a32c30d9b740eb43,test,3401,1
2570,689ac2d48459cea1693b201fb9a291ca44180b03,test,82279,1
2575,9f75f68a27ed002a1eb0100fb324b041222b487b,test,14245,1
2579,8b3aa020c25d4caa4de40dcd099e57a344860013,test,86787,1
2580,fee0be7a45c61389e95b1d33237acdcabe9df437,test,46767,1
2599,21f894ab3db3e38ae270e21336f81568b172a6ab,test,44703,1
2608,eed8016ad085bf0150c40fbada73989e4890e86a,test,7217,1
2615,8e398664ed5043e8e7d084daa6c3733712f2adfa,test,12607,1
2616,8a4f77527a7f94491c152065ad7bde625327783e,test,25824 25831 85576,3
2617,02718a52346e4c0127ff1f8da2d8b6d198bc75df,test,36644 36646,2
2639,f6b6b965642558c22b8c10bc0aa2b90ec5a46a89,test,88549,1
2656,750d66f8592bd6be1691ae4183a485504439baf5,test,58472 58479 74528,3
2664,5297cc6524e0481411dc659bad77a8fcf157f49a,test,54795,1
2690,9c514093bf15fb68d1ee93a47c9c1e547daeef28,test,55959,1
2693,1cd2e05e70c4b7a4edcd821f34859e7ed7af3a6b,test,18090,1
2696,5b79a19c9f9fc23ab07a495e715633853931865b,test,62895,1
2699,b6683121bf440c518766f13a9a76e08df6f9ee9e,test,38732 38734,2
2716,9342e6f530c0c5e73e04683807847e4e3f65fb20,test,74587,1
2734,9e6e1375ed2e33d3c211c72bcfe331e86738cb15,test,63025,1
2753,65469e165e8a665ccbb4bd00b6d108c57228fb89,test,41906,1
2769,2d7fa7d0700ea384dcfad7ab22d83c705a6d4bc9,test,51143,1
2771,3c3503e49f4b75931f6f6cd18f221dd8099c0392,test,61467,1
2778,8fa3bd0ac121bdca8186ccee9192daeaa17d6d35,test,7180 7182,2
2788,5899de24a5f7a25f9d4ae9328842da92b4e42d33,test,53611,1
2791,6848fa01a1f148420a03b8985aa784f69c21bda2,test,26216 82680 82687,3
2794,345a635d2b260711e33691f273d8d023582680ee,test,17048 36320 36327,3
2808,26c046936cc40848bd0726fa4ffc70e67fa79636,test,86784,1
2836,26c046936cc40848bd0726fa4ffc70e67fa79636,test,86784,1
2850,2b2ac0cfbbfd6d7661ce455d1838994ea2aff5a2,test,86040,1
2859,66c7f5c8946799e7e2f13fa0b3b3ee664de65075,test,41153,1
2876,2ca148505787b3625109366b4d92753a849bd1c3,test,30728,1
2881,3d5cef96e1aa2e2fd83cf814dacb97b48f0ea39a,test,69656 69663,2
2907,db0a4426f8a8cb6d7af78d0d42adeb267ddc71da,test,15730,1
2912,4b4527f0806e60c9d2818fbbd2e65186599a9574,test,82566,1
2923,c107cbbd55190e4af78a185bfb2b5754b0aa34d2,test,20883,1
2930,a089207b4b63b7862566267e9792cb0785cfbc7a,test,848,1
2939,8361bb62d749bcd245f2ec60d8006b8c7ffad470,test,58378,1
2940,80eea9efdd1f4355f7bc383cc3109aa9b5da9920,test,17826,1
2954,14b1e1c2a97c6924423cd40e1aab1247f682d71f,test,12315,1
2955,bac134c25b4ca3c4109f547d6ff035013dbbe1b5,test,89268 89270,2
2979,3500a2f114c12efa5efc07af9ba60a0cd23fc5e6,test,9484 9486,2
2996,70e1ac972b262da183cbf3dec7b417200f762ca8,test,71290,1
3025,2b92c035faa4954e830c895dd63f6907b69b5d98,test,35309,1
3033,1f75f49907f1f21e55c8e997b28fe9bffd53ac96,test,28935,1
3040,0e3f64f4486aebbaa3151827ccdfc91dd641e5e5,test,11843,1
3043,275388b22eb98330b1b0596f51a4d9c864e762d7,test,59049,1
3088,e7db70eb26b36649d20c26876658592ad4180fde,test,77204 77206,2
3091,9124cd32056b8ac69964e57852ee996eb53d8953,test,39860 39862,2
3093,042cbbee14f5abd0f0e095d2412add5266328baf,test,19221,1
3112,874c8f34a60217bd134e6428079eb2fe8c9225c2,test,21812,1
3116,bc8c7eac4be89dbcb8e685de3f074d62b70b9c76,test,4896 4903 27416,3
3118,b7eb7029fb908b26ef9198a162aeef28fd5cb2b6,test,11844 11846,2
3136,527ea9262fc47aed7bec43eab59f0654bf38843c,test,5386,1
3141,29a5c257fae17f3acbf2208a89bbabe7f53d885c,test,61498,1
3153,23a190d838cd4bb3dbfe5691a78688cfd64789e7,test,31290,1
3172,ca14b1c80f786dd756b9dbef748c6e4a41691571,test,63441,1
3180,883f062c39379fbd0b522de67851028f09cee17d,test,61554,1
3184,6a00dc68f0aa1f609ed1bb4011d0816437a4961a,test,35616,1
3208,2045a2c31459ca16242b6888faf14bda745701ce,test,15513,1
3210,fb8fa3279c18f546de6a9ad5a251cc9cc23b684a,test,27284 27286,2
3211,0ea07e87adbf87c665769713bf1602de28faedec,test,27992,1
3222,6c657b8338863f3b6bebfd1bc2eb35a3f8b71ad9,test,86043,1
3276,00bb7b2ac88f1ed548163f34efcc9bbf6a61f642,test,46040,1
3289,ebedeb7475be6d6e3cb686094fadc67a3a16a154,test,28695,1
3294,84bc99eb88b982a037dd9f17e3da066b8c6c479c,test,79201,1
3297,cde981899906f9118c6544b4980d07c593a0baf1,test,2264,1
3298,f089a9540ee6fa6705f00c506ed75374c9482e5f,test,63027,1
3303,24f946f84d8cbcec9c5c05375c0c925f0565234a,test,60640,1
3312,5fc01a448a8c914d0556d0974d5159ebad80e5fd,test,19801,1
3336,9c1b2e5da9e9e916f11eb0c9f112251ba2dd77f0,test,56898,1
3368,1ac75eb1934f1219765023f829ba2afc9d90d523,test,1019,1
3372,b3a24caf0bef0c64b408c12d27cd4484b49c3651,test,3325,1
3375,61c02e53634ead990fd431e4af98f4cac351abd5,test,84643,1
3379,3688f80e033c3324c4f2f667654e9368b6deb644,test,34233,1
3380,750d66f8592bd6be1691ae4183a485504439baf5,test,58472 58479 74528,3
3393,52b37eab45bd46901245ff2e055463f29ce5ec78,test,69036 69038,2
3411,bb09d4b14692187b4eca8bd3e1c1596eb8d69a8a,test,58433,1
3453,47e6fd6073a81fd76fe07dc15e6cea2b29d0d655,test,42314,1
3466,a4beffaed804103e39bd535c54492bc35533c1d9,test,1120 1127 89928,3
3488,fc22873947c3207b2f2577335eca791572020451,test,184 191 90976,3
3489,386ee3d0e246001b7e0cfd157094d8ba69beb5c0,test,36136,1
3496,524e73fbef3049c81c01ceeb0af71e53fb98e4f7,test,80600,1
3522,3eaa55ea8d15ce660bf383544dee478cde344deb,test,79352 79359,2
3524,b47d813f635577c9ca6e1654ea9ad596650653fa,test,841,1
3537,6a6e3cc38f92886655a41605d103a2af25f826bc,test,74535,1
3538,fb84dad4036b75ce03ff6e4dbf8aae4cee1dfba7,test,81708 81710,2
3540,7cef98dfb4bc3614964a04eb77fa7fea0fe3959a,test,48879,1
3548,fb7f0b0012bd640d2536a75d93b54867f3836581,test,7808,1
3552,6423ba894bda3ff85b90e87f00f7b13be1e11cf9,test,26203,1
3569,962ef8447fb2e1ef898c29f64369db7cc37cb47f,test,91338,1
3595,cf2d1084bb381db4c35f3524a2570f657bea8642,test,69004,1
3600,bbf2e0f13d7152a54d760292e70c3e277670b1bf,test,63754,1
3609,fba2fef07da3f06e7c0054c626f4d7f1b7ccb6be,test,61819,1
3638,3d055c064c5a6eeed01db62025e4dca64a2ea0e3,test,70653,1
3640,8ad336b9b525d92313fb1c5e856948373fcaea9d,test,77201,1
3686,fc6c300f456f057e19acf91482d572c0cf3b5533,test,58473,1
3687,cbeefcbb0df73478e69ce11cb1e251c7b8c8beae,test,829,1
3727,bcc885789824ccf8d6984411aa7f3a96aca51319,test,74924 74926,2
3739,0187026f30cecf7cd3aef13519f04d0941c2fe6b,test,32179,1
3745,56010687f1e9589f58f986ae0a16fd6522b79a0f,test,49492 49494,2
3789,e754685e8df8da733de83b65ddecfbc3686efd2c,test,2608,1
3797,afc22db8dd11fe562aae8526ea3ba87eb34effcb,test,68464 68471,2
3819,7755e7f5c8786ac468608df0ee62d7b6a94dd867,test,64839,1
3834,7d856c536ba0f3209d39a8f67be8f31e7d94b3d8,test,39170,1
3843,3c35c67d9dc5f7fcb05dd1cbcb072176b00c54fc,test,10944 10951 41152,3
3867,aae3c3fe755b651d3960c5f624c7d00f991c403b,test,38064,1
3868,84c62a545b27d527a29b8139bbb2ac25ded7b5ad,test,37362,1
3870,898347eaf0088d3e70d0eac43a4756ef247fef6c,test,64380,1
3871,66c7f5c8946799e7e2f13fa0b3b3ee664de65075,test,41153,1
3886,afc3d35473a15c6596348cde5dc3065d6e3544b9,test,31675,1
3897,efc22bed795031e1623cd5d18db0868d3836e304,test,23494,1
3908,81fd60ed221fcf4701da92ee0c60110d9465019d,test,49956 49958,2
3911,e47232053872d38e722c56cc77e451e50dd5238a,test,72652 72654,2
3945,f55c9786e923677af25681ab10706b78b83526ce,test,31995,1
3953,9128db1c04f5d5fa2e6a78509717ca38d6f535bc,test,1150,1
4011,bef18ad864fb3e8ff13fb40bbf74f4ab923958b0,test,28571,1
4023,caf114df09ab79de17fa10421bbf31970a5e9121,test,64477,1
4037,94fc4cb3ee110458a96ce4b4362470fefbb1c85f,test,6756 6758,2
4045,c849026e2a05d3a29683717c90ecbccca2b2ee97,test,24370,1
4057,f5ec97a47a1116f17ab8f477b402cd113b7aefb0,test,854,1
4067,a2673c3c42cf45f758f51ab33d17250e9e8d7680,test,70177,1
4092,4187461c3e9b83e7eb29ef06234e3aa631e2af3d,test,36324 36326,2
4093,a9326a56f2838b6b083f8d33bb11f3632589d760,test,12606,1
4095,68b05ac211215479f53b2d9040cefbfb9b27edb9,test,45851,1
