generated_index,split,nearest_dataset_index,hamming_distance,hamming_fraction
0,train,33648,0,0.00000000
1,train,61021,0,0.00000000
2,train,31630,10,0.00976562
3,train,6992,0,0.00000000
4,train,21372,0,0.00000000
5,train,67741,0,0.00000000
6,train,16060,0,0.00000000
7,train,24535,0,0.00000000
8,train,43004,1,0.00097656
9,train,53888,11,0.01074219
10,train,88350,0,0.00000000
11,train,33384,0,0.00000000
12,train,84399,0,0.00000000
13,train,56250,0,0.00000000
14,train,38501,0,0.00000000
15,train,13764,0,0.00000000
16,train,73481,0,0.00000000
17,train,70486,0,0.00000000
18,train,86034,0,0.00000000
19,train,39825,0,0.00000000
20,train,8721,10,0.00976562
21,train,76652,0,0.00000000
22,train,60245,12,0.01171875
23,train,79712,0,0.00000000
24,train,69701,0,0.00000000
25,train,44572,0,0.00000000
26,train,35327,20,0.01953125
27,train,14476,3,0.00292969
28,train,61849,0,0.00000000
29,train,35769,0,0.00000000
30,train,92313,0,0.00000000
31,train,42619,0,0.00000000
32,train,7428,0,0.00000000
33,train,42586,0,0.00000000
34,train,20868,0,0.00000000
35,train,15787,0,0.00000000
36,train,76069,8,0.00781250
37,train,66059,0,0.00000000
38,train,81006,0,0.00000000
39,train,71519,1,0.00097656
40,train,48148,0,0.00000000
41,train,69299,0,0.00000000
42,train,8474,0,0.00000000
43,train,55731,8,0.00781250
44,train,12971,0,0.00000000
45,train,57073,0,0.00000000
46,train,47921,0,0.00000000
47,train,70712,0,0.00000000
48,train,62028,0,0.00000000
49,train,46170,0,0.00000000
50,train,81730,0,0.00000000
51,train,74658,0,0.00000000
52,train,51785,0,0.00000000
53,train,89746,17,0.01660156
54,train,83464,0,0.00000000
55,train,50596,0,0.00000000
56,train,16315,15,0.01464844
57,train,9928,0,0.00000000
58,train,30548,0,0.00000000
59,train,92848,0,0.00000000
60,train,43369,0,0.00000000
61,train,46312,0,0.00000000
62,train,29587,0,0.00000000
63,train,42076,0,0.00000000
64,train,29514,0,0.00000000
65,train,9539,0,0.00000000
66,train,5471,0,0.00000000
67,train,49004,1,0.00097656
68,train,41527,0,0.00000000
69,train,74200,5,0.00488281
70,train,68180,0,0.00000000
71,train,1831,0,0.00000000
72,train,33505,0,0.00000000
73,train,27306,0,0.00000000
74,train,39353,0,0.00000000
75,train,91012,0,0.00000000
76,train,45932,1,0.00097656
77,train,49941,13,0.01269531
78,train,52569,18,0.01757812
79,train,44663,2,0.00195312
80,train,82892,0,0.00000000
81,train,90844,0,0.00000000
82,train,493,0,0.00000000
83,train,22675,19,0.01855469
84,train,8632,0,0.00000000
85,train,57818,9,0.00878906
86,train,47938,0,0.00000000
87,train,17762,0,0.00000000
88,train,38276,0,0.00000000
89,train,83180,0,0.00000000
90,train,61854,0,0.00000000
91,train,56415,4,0.00390625
92,train,77372,0,0.00000000
93,train,41617,0,0.00000000
94,train,31065,33,0.03222656
95,train,7630,0,0.00000000
96,train,21063,0,0.00000000
97,train,66245,20,0.01953125
98,train,34839,0,0.00000000
99,train,59669,35,0.03417969
100,train,73388,13,0.01269531
101,train,24728,1,0.00097656
102,train,36250,0,0.00000000
103,train,29237,0,0.00000000
104,train,85508,0,0.00000000
105,train,32068,0,0.00000000
106,train,43640,0,0.00000000
107,train,26691,0,0.00000000
108,train,36813,9,0.00878906
109,train,61943,0,0.00000000
110,train,76561,0,0.00000000
111,train,1828,0,0.00000000
112,train,90220,1,0.00097656
113,train,16436,0,0.00000000
114,train,31652,13,0.01269531
115,train,2457,0,0.00000000
116,train,16612,0,0.00000000
117,train,90044,0,0.00000000
118,train,22516,0,0.00000000
119,train,48765,9,0.00878906
120,train,58796,0,0.00000000
121,train,44427,0,0.00000000
122,train,44572,0,0.00000000
123,train,59232,8,0.00781250
124,train,71400,0,0.00000000
125,train,78815,0,0.00000000
126,train,53194,31,0.03027344
127,train,22877,0,0.00000000
128,train,65213,0,0.00000000
129,train,7285,0,0.00000000
130,train,82003,0,0.00000000
131,train,72044,20,0.01953125
132,train,18876,1,0.00097656
133,train,73493,0,0.00000000
134,train,2652,9,0.00878906
135,train,58253,7,0.00683594
136,train,59352,22,0.02148438
137,train,57057,0,0.00000000
138,train,67220,0,0.00000000
139,train,4989,1,0.00097656
140,train,45208,0,0.00000000
141,train,64579,0,0.00000000
142,train,67605,0,0.00000000
143,train,56168,0,0.00000000
144,train,82290,13,0.01269531
145,train,19983,0,0.00000000
146,train,34160,0,0.00000000
147,train,92020,0,0.00000000
148,train,81976,0,0.00000000
149,train,58760,7,0.00683594
150,train,45085,1,0.00097656
151,train,75052,0,0.00000000
152,train,7398,0,0.00000000
153,train,82746,0,0.00000000
154,train,76936,0,0.00000000
155,train,71689,0,0.00000000
156,train,5611,12,0.01171875
157,train,35650,0,0.00000000
158,train,51184,0,0.00000000
159,train,36936,21,0.02050781
160,train,52117,0,0.00000000
161,train,10204,0,0.00000000
162,train,12113,1,0.00097656
163,train,49128,0,0.00000000
164,train,44537,0,0.00000000
165,train,53472,18,0.01757812
166,train,90272,0,0.00000000
167,train,15872,0,0.00000000
168,train,2496,19,0.01855469
169,train,80468,0,0.00000000
170,train,6388,0,0.00000000
171,train,59232,1,0.00097656
172,train,87435,0,0.00000000
173,train,40206,1,0.00097656
174,train,51737,0,0.00000000
175,train,23778,21,0.02050781
176,train,73467,0,0.00000000
177,train,59675,0,0.00000000
178,train,86776,0,0.00000000
179,train,48906,0,0.00000000
180,train,10874,0,0.00000000
181,train,5488,1,0.00097656
182,train,12299,0,0.00000000
183,train,51047,0,0.00000000
184,train,52052,0,0.00000000
185,train,28436,0,0.00000000
186,train,83338,0,0.00000000
187,train,22765,0,0.00000000
188,train,50199,0,0.00000000
189,train,30712,0,0.00000000
190,train,64400,0,0.00000000
191,train,44608,0,0.00000000
192,train,74104,0,0.00000000
193,train,962,8,0.00781250
194,train,21995,0,0.00000000
195,train,21489,0,0.00000000
196,train,30368,1,0.00097656
197,train,91188,0,0.00000000
198,train,53795,0,0.00000000
199,train,73284,0,0.00000000
200,train,45699,0,0.00000000
201,train,73049,0,0.00000000
202,train,33513,0,0.00000000
203,train,57061,10,0.00976562
204,train,89480,0,0.00000000
205,train,86986,0,0.00000000
206,train,72483,16,0.01562500
207,train,12689,10,0.00976562
208,train,1986,20,0.01953125
209,train,5554,22,0.02148438
210,train,31731,0,0.00000000
211,train,72040,0,0.00000000
212,train,2584,0,0.00000000
213,train,15488,0,0.00000000
214,train,36873,0,0.00000000
215,train,58524,0,0.00000000
216,train,47672,0,0.00000000
217,train,22728,0,0.00000000
218,train,36445,0,0.00000000
219,train,39896,0,0.00000000
220,train,30573,23,0.02246094
221,train,22992,0,0.00000000
222,train,91153,1,0.00097656
223,train,89347,0,0.00000000
224,train,12608,0,0.00000000
225,train,32816,0,0.00000000
226,train,9365,0,0.00000000
227,train,79689,0,0.00000000
228,train,82464,1,0.00097656
229,train,1051,0,0.00000000
230,train,19083,0,0.00000000
231,train,38364,0,0.00000000
232,train,60442,0,0.00000000
233,train,33916,0,0.00000000
234,train,41241,18,0.01757812
235,train,1785,0,0.00000000
236,train,31847,2,0.00195312
237,train,41016,0,0.00000000
238,train,57738,0,0.00000000
239,train,49068,0,0.00000000
240,train,91863,18,0.01757812
241,train,61424,0,0.00000000
242,train,55250,0,0.00000000
243,train,50720,0,0.00000000
244,train,12487,0,0.00000000
245,train,86772,0,0.00000000
246,train,73941,10,0.00976562
247,train,78885,20,0.01953125
248,train,72161,0,0.00000000
249,train,60411,0,0.00000000
250,train,26369,1,0.00097656
251,train,21816,0,0.00000000
252,train,35728,8,0.00781250
253,train,41400,0,0.00000000
254,train,22469,12,0.01171875
255,train,8977,0,0.00000000
256,train,6132,1,0.00097656
257,train,92545,0,0.00000000
258,train,27814,19,0.01855469
259,train,60799,0,0.00000000
260,train,90523,0,0.00000000
261,train,694,13,0.01269531
262,train,30207,0,0.00000000
263,train,44981,0,0.00000000
264,train,41218,0,0.00000000
265,train,82670,0,0.00000000
266,train,73182,0,0.00000000
267,train,38451,0,0.00000000
268,train,92952,0,0.00000000
269,train,3896,1,0.00097656
270,train,48887,0,0.00000000
271,train,36607,0,0.00000000
272,train,65145,0,0.00000000
273,train,66946,0,0.00000000
274,train,17970,0,0.00000000
275,train,71946,0,0.00000000
276,train,62786,0,0.00000000
277,train,91979,0,0.00000000
278,train,25802,0,0.00000000
279,train,87400,0,0.00000000
280,train,31586,0,0.00000000
281,train,40872,1,0.00097656
282,train,80264,0,0.00000000
283,train,70377,0,0.00000000
284,train,92123,0,0.00000000
285,train,70688,0,0.00000000
286,train,51148,0,0.00000000
287,train,77798,0,0.00000000
288,train,43483,0,0.00000000
289,train,31530,1,0.00097656
290,train,36603,0,0.00000000
291,train,62062,1,0.00097656
292,train,43993,9,0.00878906
293,train,83969,0,0.00000000
294,train,86210,10,0.00976562
295,train,85267,4,0.00390625
296,train,5431,23,0.02246094
297,train,19698,0,0.00000000
298,train,51088,0,0.00000000
299,train,11902,0,0.00000000
300,train,39976,0,0.00000000
301,train,53473,0,0.00000000
302,train,12405,0,0.00000000
303,train,22515,0,0.00000000
304,train,54786,0,0.00000000
305,train,22565,0,0.00000000
306,train,41069,10,0.00976562
307,train,77747,0,0.00000000
308,train,72916,14,0.01367188
309,train,43993,0,0.00000000
310,train,87313,0,0.00000000
311,train,1160,0,0.00000000
312,train,50490,14,0.01367188
313,train,69344,0,0.00000000
314,train,40644,0,0.00000000
315,train,1532,7,0.00683594
316,train,74506,0,0.00000000
317,train,71064,0,0.00000000
318,train,41498,0,0.00000000
319,train,69224,0,0.00000000
320,train,90936,0,0.00000000
321,train,7983,0,0.00000000
322,train,4892,0,0.00000000
323,train,2052,0,0.00000000
324,train,9460,0,0.00000000
325,train,17345,0,0.00000000
326,train,22073,0,0.00000000
327,train,2859,0,0.00000000
328,train,78450,0,0.00000000
329,train,74580,0,0.00000000
330,train,57064,0,0.00000000
331,train,25856,0,0.00000000
332,train,19308,14,0.01367188
333,train,21763,0,0.00000000
334,train,74566,0,0.00000000
335,train,24730,13,0.01269531
336,train,13679,0,0.00000000
337,train,30497,0,0.00000000
338,train,56928,0,0.00000000
339,train,76666,17,0.01660156
340,train,63923,0,0.00000000
341,train,60204,0,0.00000000
342,train,16842,1,0.00097656
343,train,79055,0,0.00000000
344,train,76684,20,0.01953125
345,train,48524,0,0.00000000
346,train,83977,0,0.00000000
347,train,22112,0,0.00000000
348,train,19496,17,0.01660156
349,train,37010,0,0.00000000
350,train,48097,14,0.01367188
351,train,18580,0,0.00000000
352,train,22026,8,0.00781250
353,train,40751,0,0.00000000
354,train,74257,0,0.00000000
355,train,54675,0,0.00000000
356,train,29972,0,0.00000000
357,train,32852,0,0.00000000
358,train,9516,0,0.00000000
359,train,49724,0,0.00000000
360,train,69900,0,0.00000000
361,train,25880,1,0.00097656
362,train,64171,0,0.00000000
363,train,43243,0,0.00000000
364,train,25276,0,0.00000000
365,train,6973,0,0.00000000
366,train,16861,0,0.00000000
367,train,78500,0,0.00000000
368,train,87823,0,0.00000000
369,train,13814,0,0.00000000
370,train,29273,0,0.00000000
371,train,63354,0,0.00000000
372,train,17155,0,0.00000000
373,train,15148,0,0.00000000
374,train,7145,0,0.00000000
375,train,87553,0,0.00000000
376,train,21928,0,0.00000000
377,train,67559,0,0.00000000
378,train,11168,0,0.00000000
379,train,68632,0,0.00000000
380,train,19057,8,0.00781250
381,train,13399,0,0.00000000
382,train,83292,0,0.00000000
383,train,27924,0,0.00000000
384,train,81087,0,0.00000000
385,train,81410,0,0.00000000
386,train,21650,0,0.00000000
387,train,74023,0,0.00000000
388,train,85228,0,0.00000000
389,train,19322,0,0.00000000
390,train,38002,0,0.00000000
391,train,8745,0,0.00000000
392,train,91696,0,0.00000000
393,train,51354,7,0.00683594
394,train,57915,13,0.01269531
395,train,3692,20,0.01953125
396,train,75437,0,0.00000000
397,train,46829,0,0.00000000
398,train,48869,0,0.00000000
399,train,25243,0,0.00000000
400,train,48016,0,0.00000000
401,train,39333,1,0.00097656
402,train,56162,0,0.00000000
403,train,7307,0,0.00000000
404,train,26734,0,0.00000000
405,train,90720,13,0.01269531
406,train,50505,0,0.00000000
407,train,6452,0,0.00000000
408,train,61841,0,0.00000000
409,train,5280,0,0.00000000
410,train,78274,0,0.00000000
411,train,80538,0,0.00000000
412,train,78099,0,0.00000000
413,train,72184,1,0.00097656
414,train,35972,0,0.00000000
415,train,64172,20,0.01953125
416,train,6784,7,0.00683594
417,train,74208,0,0.00000000
418,train,56474,0,0.00000000
419,train,59640,0,0.00000000
420,train,72811,0,0.00000000
421,train,25261,0,0.00000000
422,train,81059,0,0.00000000
423,train,16424,0,0.00000000
424,train,52314,0,0.00000000
425,train,1072,0,0.00000000
426,train,50068,7,0.00683594
427,train,82784,0,0.00000000
428,train,20445,0,0.00000000
429,train,83223,0,0.00000000
430,train,22247,0,0.00000000
431,train,82449,0,0.00000000
432,train,1200,0,0.00000000
433,train,7597,23,0.02246094
434,train,525,16,0.01562500
435,train,23180,0,0.00000000
436,train,22556,0,0.00000000
437,train,63892,0,0.00000000
438,train,37953,0,0.00000000
439,train,38349,0,0.00000000
440,train,51093,0,0.00000000
441,train,39607,27,0.02636719
442,train,51907,0,0.00000000
443,train,71848,0,0.00000000
444,train,12664,0,0.00000000
445,train,60710,0,0.00000000
446,train,20831,3,0.00292969
447,train,31,0,0.00000000
448,train,61889,0,0.00000000
449,train,73565,11,0.01074219
450,train,89311,0,0.00000000
451,train,22199,13,0.01269531
452,train,10649,0,0.00000000
453,train,92477,0,0.00000000
454,train,52944,0,0.00000000
455,train,51960,0,0.00000000
456,train,47763,0,0.00000000
457,train,18328,0,0.00000000
458,train,88685,0,0.00000000
459,train,61080,0,0.00000000
460,train,9404,8,0.00781250
461,train,61827,0,0.00000000
462,train,89787,0,0.00000000
463,train,37442,16,0.01562500
464,train,86363,0,0.00000000
465,train,34468,1,0.00097656
466,train,90905,0,0.00000000
467,train,52234,0,0.00000000
468,train,12817,0,0.00000000
469,train,16560,5,0.00488281
470,train,32492,0,0.00000000
471,train,58294,0,0.00000000
472,train,91432,19,0.01855469
473,train,88656,0,0.00000000
474,train,49943,11,0.01074219
475,train,1171,0,0.00000000
476,train,20867,0,0.00000000
477,train,66152,18,0.01757812
478,train,74929,20,0.01953125
479,train,66703,0,0.00000000
480,train,66027,10,0.00976562
481,train,31139,0,0.00000000
482,train,52032,0,0.00000000
483,train,51075,11,0.01074219
484,train,20817,0,0.00000000
485,train,29479,31,0.03027344
486,train,63193,0,0.00000000
487,train,52524,0,0.00000000
488,train,35132,0,0.00000000
489,train,59573,0,0.00000000
490,train,48417,0,0.00000000
491,train,47279,10,0.00976562
492,train,48524,0,0.00000000
493,train,38276,0,0.00000000
494,train,76120,21,0.02050781
495,train,48093,0,0.00000000
496,train,7326,0,0.00000000
497,train,19400,5,0.00488281
498,train,86997,0,0.00000000
499,train,2916,28,0.02734375
500,train,27834,0,0.00000000
501,train,55481,16,0.01562500
502,train,35370,0,0.00000000
503,train,20060,8,0.00781250
504,train,31821,0,0.00000000
505,train,66730,0,0.00000000
506,train,72381,0,0.00000000
507,train,38044,0,0.00000000
508,train,1624,0,0.00000000
509,train,66723,0,0.00000000
510,train,61124,0,0.00000000
511,train,9539,20,0.01953125
512,train,88432,0,0.00000000
513,train,19660,16,0.01562500
514,train,73251,0,0.00000000
515,train,89216,0,0.00000000
516,train,59812,0,0.00000000
517,train,36051,7,0.00683594
518,train,90525,0,0.00000000
519,train,9416,22,0.02148438
520,train,38552,0,0.00000000
521,train,39616,0,0.00000000
522,train,73264,0,0.00000000
523,train,42545,11,0.01074219
524,train,16583,0,0.00000000
525,train,88385,1,0.00097656
526,train,70199,0,0.00000000
527,train,73041,16,0.01562500
528,train,57482,0,0.00000000
529,train,1171,0,0.00000000
530,train,28576,5,0.00488281
531,train,4848,15,0.01464844
532,train,42950,9,0.00878906
533,train,49500,0,0.00000000
534,train,42008,0,0.00000000
535,train,70429,0,0.00000000
536,train,40740,0,0.00000000
537,train,88817,0,0.00000000
538,train,58192,0,0.00000000
539,train,55277,0,0.00000000
540,train,10377,0,0.00000000
541,train,85985,6,0.00585938
542,train,37568,0,0.00000000
543,train,35971,0,0.00000000
544,train,5405,20,0.01953125
545,train,62091,11,0.01074219
546,train,20492,12,0.01171875
547,train,38860,0,0.00000000
548,train,47152,0,0.00000000
549,train,53519,0,0.00000000
550,train,90939,10,0.00976562
551,train,32258,0,0.00000000
552,train,42073,1,0.00097656
553,train,73779,15,0.01464844
554,train,61041,10,0.00976562
555,train,14087,10,0.00976562
556,train,19895,17,0.01660156
557,train,28364,0,0.00000000
558,train,83447,0,0.00000000
559,train,35072,0,0.00000000
560,train,65806,1,0.00097656
561,train,19630,1,0.00097656
562,train,85633,0,0.00000000
563,train,2468,17,0.01660156
564,train,24367,0,0.00000000
565,train,70289,0,0.00000000
566,train,12659,0,0.00000000
567,train,69986,0,0.00000000
568,train,19659,0,0.00000000
569,train,6011,9,0.00878906
570,train,52074,0,0.00000000
571,train,20677,0,0.00000000
572,train,10512,23,0.02246094
573,train,19893,0,0.00000000
574,train,19095,0,0.00000000
575,train,27779,0,0.00000000
576,train,21173,0,0.00000000
577,train,32876,0,0.00000000
578,train,58253,7,0.00683594
579,train,16384,16,0.01562500
580,train,28165,0,0.00000000
581,train,41228,0,0.00000000
582,train,68344,0,0.00000000
583,train,80508,0,0.00000000
584,train,64700,0,0.00000000
585,train,71677,0,0.00000000
586,train,29120,0,0.00000000
587,train,5556,0,0.00000000
588,train,15493,0,0.00000000
589,train,4832,0,0.00000000
590,train,54465,0,0.00000000
591,train,4040,0,0.00000000
592,train,45509,0,0.00000000
593,train,61037,0,0.00000000
594,train,29083,0,0.00000000
595,train,45773,7,0.00683594
596,train,75276,0,0.00000000
597,train,17003,0,0.00000000
598,train,60108,0,0.00000000
599,train,73081,0,0.00000000
600,train,583,0,0.00000000
601,train,17489,0,0.00000000
602,train,17024,14,0.01367188
603,train,31689,0,0.00000000
604,train,20871,23,0.02246094
605,train,21964,0,0.00000000
606,train,40168,10,0.00976562
607,train,33484,0,0.00000000
608,train,48629,13,0.01269531
609,train,59480,0,0.00000000
610,train,7365,0,0.00000000
611,train,50637,0,0.00000000
612,train,14635,0,0.00000000
613,train,81813,0,0.00000000
614,train,80713,0,0.00000000
615,train,31618,0,0.00000000
616,train,53640,1,0.00097656
617,train,47880,0,0.00000000
618,train,86256,0,0.00000000
619,train,69670,0,0.00000000
620,train,39622,0,0.00000000
621,train,88675,0,0.00000000
622,train,51532,0,0.00000000
623,train,60021,4,0.00390625
624,train,78228,0,0.00000000
625,train,32368,0,0.00000000
626,train,38128,5,0.00488281
627,train,15904,0,0.00000000
628,train,83130,0,0.00000000
629,train,91898,0,0.00000000
630,train,10300,15,0.01464844
631,train,52659,0,0.00000000
632,train,83289,0,0.00000000
633,train,24680,0,0.00000000
634,train,78537,0,0.00000000
635,train,14771,0,0.00000000
636,train,52428,0,0.00000000
637,train,39600,21,0.02050781
638,train,51894,0,0.00000000
639,train,29684,0,0.00000000
640,train,30237,0,0.00000000
641,train,4832,0,0.00000000
642,train,28592,1,0.00097656
643,train,38460,0,0.00000000
644,train,44635,0,0.00000000
645,train,17554,11,0.01074219
646,train,45523,1,0.00097656
647,train,7844,0,0.00000000
648,train,1055,0,0.00000000
649,train,28088,0,0.00000000
650,train,17018,0,0.00000000
651,train,78906,0,0.00000000
652,train,11378,0,0.00000000
653,train,42936,0,0.00000000
654,train,81063,10,0.00976562
655,train,28210,0,0.00000000
656,train,51378,0,0.00000000
657,train,60975,16,0.01562500
658,train,8608,0,0.00000000
659,train,29724,0,0.00000000
660,train,81864,0,0.00000000
661,train,18680,1,0.00097656
662,train,7830,0,0.00000000
663,train,88881,0,0.00000000
664,train,31083,0,0.00000000
665,train,15930,0,0.00000000
666,train,49473,0,0.00000000
667,train,91906,0,0.00000000
668,train,35576,7,0.00683594
669,train,36537,0,0.00000000
670,train,69542,0,0.00000000
671,train,86888,0,0.00000000
672,train,68885,0,0.00000000
673,train,29472,1,0.00097656
674,train,14307,0,0.00000000
675,train,66688,0,0.00000000
676,train,63997,0,0.00000000
677,train,84932,0,0.00000000
678,train,38756,7,0.00683594
679,train,23182,0,0.00000000
680,train,12148,0,0.00000000
681,train,92637,0,0.00000000
682,train,86933,0,0.00000000
683,train,93098,2,0.00195312
684,train,12896,0,0.00000000
685,train,10671,0,0.00000000
686,train,240,0,0.00000000
687,train,26883,0,0.00000000
688,train,66052,0,0.00000000
689,train,83775,0,0.00000000
690,train,37995,0,0.00000000
691,train,32276,0,0.00000000
692,train,63552,0,0.00000000
693,train,24584,0,0.00000000
694,train,64170,20,0.01953125
695,train,58937,0,0.00000000
696,train,64153,0,0.00000000
697,train,3519,0,0.00000000
698,train,67682,0,0.00000000
699,train,44976,0,0.00000000
700,train,72188,0,0.00000000
701,train,4882,19,0.01855469
702,train,8756,0,0.00000000
703,train,25131,0,0.00000000
704,train,14882,21,0.02050781
705,train,69706,11,0.01074219
706,train,90326,0,0.00000000
707,train,2240,13,0.01269531
708,train,6740,0,0.00000000
709,train,81635,0,0.00000000
710,train,579,0,0.00000000
711,train,2324,0,0.00000000
712,train,81718,0,0.00000000
713,train,67630,0,0.00000000
714,train,64483,0,0.00000000
715,train,44292,0,0.00000000
716,train,50193,0,0.00000000
717,train,49752,0,0.00000000
718,train,81516,0,0.00000000
719,train,75230,1,0.00097656
720,train,10032,1,0.00097656
721,train,67314,0,0.00000000
722,train,8637,0,0.00000000
723,train,14706,0,0.00000000
724,train,3475,0,0.00000000
725,train,86097,0,0.00000000
726,train,57292,0,0.00000000
727,train,45768,0,0.00000000
728,train,91913,0,0.00000000
729,train,5471,0,0.00000000
730,train,58160,0,0.00000000
731,train,53541,0,0.00000000
732,train,86412,0,0.00000000
733,train,85152,0,0.00000000
734,train,49812,0,0.00000000
735,train,63297,21,0.02050781
736,train,20093,0,0.00000000
737,train,8852,14,0.01367188
738,train,41743,0,0.00000000
739,train,90657,0,0.00000000
740,train,63336,0,0.00000000
741,train,36264,0,0.00000000
742,train,23634,0,0.00000000
743,train,54645,0,0.00000000
744,train,88884,0,0.00000000
745,train,54809,11,0.01074219
746,train,9123,0,0.00000000
747,train,42131,0,0.00000000
748,train,24925,14,0.01367188
749,train,21733,0,0.00000000
750,train,23800,0,0.00000000
751,train,73905,10,0.00976562
752,train,34883,7,0.00683594
753,train,30362,0,0.00000000
754,train,85068,0,0.00000000
755,train,29473,26,0.02539062
756,train,45085,0,0.00000000
757,train,53087,13,0.01269531
758,train,12140,0,0.00000000
759,train,2667,0,0.00000000
760,train,73757,0,0.00000000
761,train,56256,0,0.00000000
762,train,27204,4,0.00390625
763,train,17717,0,0.00000000
764,train,81165,1,0.00097656
765,train,292,0,0.00000000
766,train,28714,5,0.00488281
767,train,50196,0,0.00000000
768,train,86562,14,0.01367188
769,train,63819,0,0.00000000
770,train,16124,26,0.02539062
771,train,15341,0,0.00000000
772,train,51336,14,0.01367188
773,train,34830,0,0.00000000
774,train,69748,0,0.00000000
775,train,71484,0,0.00000000
776,train,11805,0,0.00000000
777,train,58898,2,0.00195312
778,train,48490,0,0.00000000
779,train,83060,0,0.00000000
780,train,43517,0,0.00000000
781,train,78474,0,0.00000000
782,train,24932,0,0.00000000
783,train,63152,0,0.00000000
784,train,84817,0,0.00000000
785,train,84062,1,0.00097656
786,train,32624,0,0.00000000
787,train,13747,11,0.01074219
788,train,58420,16,0.01562500
789,train,37152,0,0.00000000
790,train,13617,0,0.00000000
791,train,19656,13,0.01269531
792,train,63117,36,0.03515625
793,train,1444,0,0.00000000
794,train,93192,0,0.00000000
795,train,31564,0,0.00000000
796,train,41076,0,0.00000000
797,train,25992,0,0.00000000
798,train,60591,1,0.00097656
799,train,80763,0,0.00000000
800,train,57904,0,0.00000000
801,train,12207,15,0.01464844
802,train,59229,0,0.00000000
803,train,71697,0,0.00000000
804,train,17912,0,0.00000000
805,train,84552,20,0.01953125
806,train,63960,1,0.00097656
807,train,76496,0,0.00000000
808,train,37226,0,0.00000000
809,train,83306,9,0.00878906
810,train,22874,0,0.00000000
811,train,13892,0,0.00000000
812,train,76400,0,0.00000000
813,train,61027,8,0.00781250
814,train,83240,0,0.00000000
815,train,51244,0,0.00000000
816,train,58272,0,0.00000000
817,train,66098,9,0.00878906
818,train,44204,0,0.00000000
819,train,45770,0,0.00000000
820,train,43863,1,0.00097656
821,train,59079,0,0.00000000
822,train,88509,1,0.00097656
823,train,43297,0,0.00000000
824,train,38269,0,0.00000000
825,train,45524,0,0.00000000
826,train,62100,0,0.00000000
827,train,48090,1,0.00097656
828,train,23777,21,0.02050781
829,train,2029,0,0.00000000
830,train,73620,0,0.00000000
831,train,88523,18,0.01757812
832,train,19840,7,0.00683594
833,train,14571,0,0.00000000
834,train,58903,0,0.00000000
835,train,66104,0,0.00000000
836,train,30329,0,0.00000000
837,train,88662,1,0.00097656
838,train,62929,12,0.01171875
839,train,22988,1,0.00097656
840,train,78089,27,0.02636719
841,train,90938,12,0.01171875
842,train,59662,0,0.00000000
843,train,568,0,0.00000000
844,train,6496,0,0.00000000
845,train,49816,8,0.00781250
846,train,76024,13,0.01269531
847,train,8631,0,0.00000000
848,train,76096,0,0.00000000
849,train,86724,0,0.00000000
850,train,72596,0,0.00000000
851,train,2308,0,0.00000000
852,train,61958,1,0.00097656
853,train,36804,0,0.00000000
854,train,77525,0,0.00000000
855,train,51082,0,0.00000000
856,train,41233,10,0.00976562
857,train,49128,0,0.00000000
858,train,89239,0,0.00000000
859,train,7205,0,0.00000000
860,train,61492,0,0.00000000
861,train,24282,0,0.00000000
862,train,21224,0,0.00000000
863,train,72495,0,0.00000000
864,train,35344,1,0.00097656
865,train,26480,1,0.00097656
866,train,21428,9,0.00878906
867,train,85860,0,0.00000000
868,train,10180,0,0.00000000
869,train,86450,0,0.00000000
870,train,62282,0,0.00000000
871,train,80180,0,0.00000000
872,train,3006,0,0.00000000
873,train,70593,0,0.00000000
874,train,83921,17,0.01660156
875,train,71013,0,0.00000000
876,train,83950,0,0.00000000
877,train,10350,0,0.00000000
878,train,79469,0,0.00000000
879,train,47393,0,0.00000000
880,train,57122,0,0.00000000
881,train,62251,0,0.00000000
882,train,8164,0,0.00000000
883,train,50588,0,0.00000000
884,train,90160,0,0.00000000
885,train,86492,0,0.00000000
886,train,53597,0,0.00000000
887,train,77746,0,0.00000000
888,train,85828,0,0.00000000
889,train,9120,0,0.00000000
890,train,35760,0,0.00000000
891,train,49067,0,0.00000000
892,train,18508,0,0.00000000
893,train,85841,0,0.00000000
894,train,20027,0,0.00000000
895,train,67149,0,0.00000000
896,train,29728,0,0.00000000
897,train,9044,0,0.00000000
898,train,48356,0,0.00000000
899,train,47768,0,0.00000000
900,train,3037,0,0.00000000
901,train,3761,0,0.00000000
902,train,45547,0,0.00000000
903,train,15216,0,0.00000000
904,train,4920,0,0.00000000
905,train,62100,0,0.00000000
906,train,42601,11,0.01074219
907,train,32681,0,0.00000000
908,train,1438,0,0.00000000
909,train,65216,0,0.00000000
910,train,39619,0,0.00000000
911,train,66852,33,0.03222656
912,train,70290,0,0.00000000
913,train,32012,0,0.00000000
914,train,5842,0,0.00000000
915,train,29556,0,0.00000000
916,train,52301,0,0.00000000
917,train,3336,0,0.00000000
918,train,54780,14,0.01367188
919,train,84690,21,0.02050781
920,train,1657,25,0.02441406
921,train,35925,0,0.00000000
922,train,88075,0,0.00000000
923,train,48092,0,0.00000000
924,train,34808,0,0.00000000
925,train,65289,0,0.00000000
926,train,78188,0,0.00000000
927,train,31241,0,0.00000000
928,train,55532,0,0.00000000
929,train,90013,0,0.00000000
930,train,6154,9,0.00878906
931,train,89872,9,0.00878906
932,train,45079,0,0.00000000
933,train,84383,0,0.00000000
934,train,85227,0,0.00000000
935,train,29338,0,0.00000000
936,train,38099,0,0.00000000
937,train,35892,14,0.01367188
938,train,41211,0,0.00000000
939,train,19794,0,0.00000000
940,train,13772,1,0.00097656
941,train,78181,0,0.00000000
942,train,76564,0,0.00000000
943,train,5609,0,0.00000000
944,train,65472,0,0.00000000
945,train,5968,11,0.01074219
946,train,43728,17,0.01660156
947,train,66475,0,0.00000000
948,train,17600,0,0.00000000
949,train,11189,0,0.00000000
950,train,92352,8,0.00781250
951,train,11724,19,0.01855469
952,train,87372,0,0.00000000
953,train,2705,0,0.00000000
954,train,16344,0,0.00000000
955,train,19584,1,0.00097656
956,train,43308,14,0.01367188
957,train,1656,18,0.01757812
958,train,1592,0,0.00000000
959,train,66472,0,0.00000000
960,train,60123,0,0.00000000
961,train,20864,0,0.00000000
962,train,19622,0,0.00000000
963,train,38344,0,0.00000000
964,train,37016,0,0.00000000
965,train,53653,0,0.00000000
966,train,51809,0,0.00000000
967,train,5360,0,0.00000000
968,train,36857,11,0.01074219
969,train,10296,14,0.01367188
970,train,12964,0,0.00000000
971,train,40916,0,0.00000000
972,train,35854,8,0.00781250
973,train,21115,17,0.01660156
974,train,82096,0,0.00000000
975,train,33167,0,0.00000000
976,train,39524,0,0.00000000
977,train,34161,0,0.00000000
978,train,42711,0,0.00000000
979,train,20107,0,0.00000000
980,train,28860,0,0.00000000
981,train,13255,0,0.00000000
982,train,92927,7,0.00683594
983,train,61210,0,0.00000000
984,train,693,0,0.00000000
985,train,59252,0,0.00000000
986,train,79994,10,0.00976562
987,train,6376,0,0.00000000
988,train,25620,15,0.01464844
989,train,61084,0,0.00000000
990,train,50396,0,0.00000000
991,train,54521,0,0.00000000
992,train,61025,2,0.00195312
993,train,90530,0,0.00000000
994,train,11644,0,0.00000000
995,train,40965,0,0.00000000
996,train,62683,0,0.00000000
997,train,40812,0,0.00000000
998,train,49942,10,0.00976562
999,train,55442,10,0.00976562
1000,train,52746,0,0.00000000
1001,train,34652,0,0.00000000
1002,train,83131,0,0.00000000
1003,train,26049,0,0.00000000
1004,train,77675,0,0.00000000
1005,train,42499,0,0.00000000
1006,train,31052,0,0.00000000
1007,train,26960,0,0.00000000
1008,train,23673,0,0.00000000
1009,train,92512,0,0.00000000
1010,train,15106,6,0.00585938
1011,train,73692,0,0.00000000
1012,train,979,0,0.00000000
1013,train,68745,0,0.00000000
1014,train,9685,0,0.00000000
1015,train,70827,0,0.00000000
1016,train,84823,0,0.00000000
1017,train,55888,0,0.00000000
1018,train,35819,9,0.00878906
1019,train,74521,0,0.00000000
1020,train,76721,19,0.01855469
1021,train,33668,0,0.00000000
1022,train,60206,0,0.00000000
1023,train,18516,0,0.00000000
1024,train,45070,1,0.00097656
1025,train,21283,0,0.00000000
1026,train,13572,0,0.00000000
1027,train,63263,0,0.00000000
1028,train,37207,0,0.00000000
1029,train,29140,0,0.00000000
1030,train,28432,0,0.00000000
1031,train,86969,0,0.00000000
1032,train,67880,0,0.00000000
1033,train,7449,0,0.00000000
1034,train,1048,0,0.00000000
1035,train,34815,0,0.00000000
1036,train,66719,10,0.00976562
1037,train,75160,0,0.00000000
1038,train,66988,0,0.00000000
1039,train,81514,0,0.00000000
1040,train,7566,24,0.02343750
1041,train,89672,0,0.00000000
1042,train,72091,0,0.00000000
1043,train,72426,16,0.01562500
1044,train,80268,0,0.00000000
1045,train,19888,0,0.00000000
1046,train,50396,0,0.00000000
1047,train,1706,0,0.00000000
1048,train,65379,0,0.00000000
1049,train,72625,0,0.00000000
1050,train,70561,0,0.00000000
1051,train,33732,0,0.00000000
1052,train,52473,0,0.00000000
1053,train,30754,0,0.00000000
1054,train,61697,0,0.00000000
1055,train,67866,0,0.00000000
1056,train,1444,0,0.00000000
1057,train,73194,0,0.00000000
1058,train,30283,0,0.00000000
1059,train,4693,0,0.00000000
1060,train,25750,0,0.00000000
1061,train,44608,0,0.00000000
1062,train,72592,0,0.00000000
1063,train,68054,0,0.00000000
1064,train,82472,0,0.00000000
1065,train,5689,0,0.00000000
1066,train,2284,0,0.00000000
1067,train,68877,0,0.00000000
1068,train,44834,1,0.00097656
1069,train,38810,0,0.00000000
1070,train,59666,0,0.00000000
1071,train,53602,0,0.00000000
1072,train,59900,0,0.00000000
1073,train,54120,0,0.00000000
1074,train,91280,0,0.00000000
1075,train,78275,0,0.00000000
1076,train,60373,0,0.00000000
1077,train,63690,0,0.00000000
1078,train,66937,0,0.00000000
1079,train,46336,0,0.00000000
1080,train,54175,0,0.00000000
1081,train,88776,0,0.00000000
1082,train,30820,5,0.00488281
1083,train,76625,0,0.00000000
1084,train,49431,0,0.00000000
1085,train,2592,0,0.00000000
1086,train,78611,0,0.00000000
1087,train,93045,0,0.00000000
1088,train,21887,17,0.01660156
1089,train,84797,0,0.00000000
1090,train,450,0,0.00000000
1091,train,16923,0,0.00000000
1092,train,70428,7,0.00683594
1093,train,88675,0,0.00000000
1094,train,43269,0,0.00000000
1095,train,44084,0,0.00000000
1096,train,27883,1,0.00097656
1097,train,71241,0,0.00000000
1098,train,25612,0,0.00000000
1099,train,18590,0,0.00000000
1100,train,61936,0,0.00000000
1101,train,62436,0,0.00000000
1102,train,19105,0,0.00000000
1103,train,22188,0,0.00000000
1104,train,58813,1,0.00097656
1105,train,75737,0,0.00000000
1106,train,66321,29,0.02832031
1107,train,17473,0,0.00000000
1108,train,45419,0,0.00000000
1109,train,13288,0,0.00000000
1110,train,13048,0,0.00000000
1111,train,7038,0,0.00000000
1112,train,29312,0,0.00000000
1113,train,10464,13,0.01269531
1114,train,19136,0,0.00000000
1115,train,51812,0,0.00000000
1116,train,12424,0,0.00000000
1117,train,31088,0,0.00000000
1118,train,29618,0,0.00000000
1119,train,38301,0,0.00000000
1120,train,23778,21,0.02050781
1121,train,44395,0,0.00000000
1122,train,21116,12,0.01171875
1123,train,8248,0,0.00000000
1124,train,44128,0,0.00000000
1125,train,57220,0,0.00000000
1126,train,39416,5,0.00488281
1127,train,40204,1,0.00097656
1128,train,39016,8,0.00781250
1129,train,5991,20,0.01953125
1130,train,61036,0,0.00000000
1131,train,87313,8,0.00781250
1132,train,59555,0,0.00000000
1133,train,36908,0,0.00000000
1134,train,71996,0,0.00000000
1135,train,35037,1,0.00097656
1136,train,86138,0,0.00000000
1137,train,84616,0,0.00000000
1138,train,3216,0,0.00000000
1139,train,86084,4,0.00390625
1140,train,11584,0,0.00000000
1141,train,52568,0,0.00000000
1142,train,88078,0,0.00000000
1143,train,32432,0,0.00000000
1144,train,72268,0,0.00000000
1145,train,40413,1,0.00097656
1146,train,32292,0,0.00000000
1147,train,62113,0,0.00000000
1148,train,29867,0,0.00000000
1149,train,46264,0,0.00000000
1150,train,62935,0,0.00000000
1151,train,56542,12,0.01171875
1152,train,66668,0,0.00000000
1153,train,58969,0,0.00000000
1154,train,73125,10,0.00976562
1155,train,61611,1,0.00097656
1156,train,24293,0,0.00000000
1157,train,13829,7,0.00683594
1158,train,37476,19,0.01855469
1159,train,4146,0,0.00000000
1160,train,93298,0,0.00000000
1161,train,42472,0,0.00000000
1162,train,78617,0,0.00000000
1163,train,1662,0,0.00000000
1164,train,38272,0,0.00000000
1165,train,80362,0,0.00000000
1166,train,14097,0,0.00000000
1167,train,84554,0,0.00000000
1168,train,48738,0,0.00000000
1169,train,4801,0,0.00000000
1170,train,55695,18,0.01757812
1171,train,25623,14,0.01367188
1172,train,10265,10,0.00976562
1173,train,86414,0,0.00000000
1174,train,34503,0,0.00000000
1175,train,32392,0,0.00000000
1176,train,57216,0,0.00000000
1177,train,13088,0,0.00000000
1178,train,58684,0,0.00000000
1179,train,17218,0,0.00000000
1180,train,34756,0,0.00000000
1181,train,59804,0,0.00000000
1182,train,19509,0,0.00000000
1183,train,24477,0,0.00000000
1184,train,83325,0,0.00000000
1185,train,89924,0,0.00000000
1186,train,24096,0,0.00000000
1187,train,33040,0,0.00000000
1188,train,19484,0,0.00000000
1189,train,31597,0,0.00000000
1190,train,87181,4,0.00390625
1191,train,12273,6,0.00585938
1192,train,7000,3,0.00292969
1193,train,64964,0,0.00000000
1194,train,77713,0,0.00000000
1195,train,72716,0,0.00000000
1196,train,13722,0,0.00000000
1197,train,61525,0,0.00000000
1198,train,23269,0,0.00000000
1199,train,87779,0,0.00000000
1200,train,28797,0,0.00000000
1201,train,21286,0,0.00000000
1202,train,33781,0,0.00000000
1203,train,19928,0,0.00000000
1204,train,54435,0,0.00000000
1205,train,86008,0,0.00000000
1206,train,76757,18,0.01757812
1207,train,82204,1,0.00097656
1208,train,79696,0,0.00000000
1209,train,45428,0,0.00000000
1210,train,77112,15,0.01464844
1211,train,74416,0,0.00000000
1212,train,50909,0,0.00000000
1213,train,63729,0,0.00000000
1214,train,6371,0,0.00000000
1215,train,64540,0,0.00000000
1216,train,28387,0,0.00000000
1217,train,62016,0,0.00000000
1218,train,52424,1,0.00097656
1219,train,42444,0,0.00000000
1220,train,65186,0,0.00000000
1221,train,75723,0,0.00000000
1222,train,32010,0,0.00000000
1223,train,2424,1,0.00097656
1224,train,30055,0,0.00000000
1225,train,41092,0,0.00000000
1226,train,35033,0,0.00000000
1227,train,27266,22,0.02148438
1228,train,74417,0,0.00000000
1229,train,56664,0,0.00000000
1230,train,6856,16,0.01562500
1231,train,2240,13,0.01269531
1232,train,48308,0,0.00000000
1233,train,65204,1,0.00097656
1234,train,67953,0,0.00000000
1235,train,15252,0,0.00000000
1236,train,3,0,0.00000000
1237,train,50169,33,0.03222656
1238,train,71028,14,0.01367188
1239,train,69495,0,0.00000000
1240,train,27203,4,0.00390625
1241,train,17488,0,0.00000000
1242,train,38623,0,0.00000000
1243,train,90530,0,0.00000000
1244,train,54657,0,0.00000000
1245,train,86176,15,0.01464844
1246,train,57203,16,0.01562500
1247,train,4227,4,0.00390625
1248,train,13524,0,0.00000000
1249,train,3384,0,0.00000000
1250,train,24650,0,0.00000000
1251,train,12777,13,0.01269531
1252,train,43007,0,0.00000000
1253,train,77120,0,0.00000000
1254,train,55298,1,0.00097656
1255,train,92700,0,0.00000000
1256,train,3688,1,0.00097656
1257,train,76238,0,0.00000000
1258,train,52574,0,0.00000000
1259,train,59777,15,0.01464844
1260,train,87412,9,0.00878906
1261,train,61312,0,0.00000000
1262,train,10080,0,0.00000000
1263,train,4338,14,0.01367188
1264,train,31847,2,0.00195312
1265,train,23220,1,0.00097656
1266,train,90282,6,0.00585938
1267,train,56533,0,0.00000000
1268,train,39570,0,0.00000000
1269,train,82455,0,0.00000000
1270,train,1442,13,0.01269531
1271,train,88773,22,0.02148438
1272,train,36287,0,0.00000000
1273,train,83909,0,0.00000000
1274,train,11852,0,0.00000000
1275,train,77874,0,0.00000000
1276,train,35383,0,0.00000000
1277,train,58860,4,0.00390625
1278,train,72185,0,0.00000000
1279,train,13188,0,0.00000000
1280,train,66762,0,0.00000000
1281,train,49588,0,0.00000000
1282,train,84303,0,0.00000000
1283,train,22199,13,0.01269531
1284,train,48800,0,0.00000000
1285,train,21504,0,0.00000000
1286,train,29185,0,0.00000000
1287,train,83685,10,0.00976562
1288,train,12432,0,0.00000000
1289,train,23076,0,0.00000000
1290,train,74291,20,0.01953125
1291,train,47282,0,0.00000000
1292,train,40328,0,0.00000000
1293,train,35572,0,0.00000000
1294,train,6856,15,0.01464844
1295,train,84787,0,0.00000000
1296,train,21040,0,0.00000000
1297,train,83572,0,0.00000000
1298,train,49903,4,0.00390625
1299,train,13451,23,0.02246094
1300,train,60409,2,0.00195312
1301,train,34126,0,0.00000000
1302,train,57783,0,0.00000000
1303,train,72145,0,0.00000000
1304,train,27776,0,0.00000000
1305,train,92197,0,0.00000000
1306,train,77672,0,0.00000000
1307,train,73647,0,0.00000000
1308,train,82050,0,0.00000000
1309,train,51573,2,0.00195312
1310,train,89790,0,0.00000000
1311,train,64017,0,0.00000000
1312,train,30369,0,0.00000000
1313,train,63692,0,0.00000000
1314,train,60263,16,0.01562500
1315,train,66699,0,0.00000000
1316,train,44872,0,0.00000000
1317,train,54814,15,0.01464844
1318,train,24929,0,0.00000000
1319,train,58012,0,0.00000000
1320,train,82879,0,0.00000000
1321,train,90327,0,0.00000000
1322,train,5727,1,0.00097656
1323,train,67922,0,0.00000000
1324,train,27096,0,0.00000000
1325,train,53616,20,0.01953125
1326,train,30314,13,0.01269531
1327,train,5634,0,0.00000000
1328,train,45017,0,0.00000000
1329,train,16160,0,0.00000000
1330,train,85241,1,0.00097656
1331,train,32648,0,0.00000000
1332,train,90152,0,0.00000000
1333,train,66152,0,0.00000000
1334,train,40928,5,0.00488281
1335,train,51128,0,0.00000000
1336,train,52667,0,0.00000000
1337,train,89677,0,0.00000000
1338,train,66013,0,0.00000000
1339,train,27605,0,0.00000000
1340,train,72724,0,0.00000000
1341,train,79053,0,0.00000000
1342,train,33231,17,0.01660156
1343,train,18671,0,0.00000000
1344,train,89560,0,0.00000000
1345,train,5132,0,0.00000000
1346,train,41504,1,0.00097656
1347,train,79364,0,0.00000000
1348,train,40386,0,0.00000000
1349,train,76966,6,0.00585938
1350,train,7215,0,0.00000000
1351,train,70564,0,0.00000000
1352,train,75481,0,0.00000000
1353,train,37399,0,0.00000000
1354,train,68412,0,0.00000000
1355,train,79850,0,0.00000000
1356,train,54564,0,0.00000000
1357,train,7328,0,0.00000000
1358,train,92290,0,0.00000000
1359,train,61492,0,0.00000000
1360,train,45808,0,0.00000000
1361,train,50865,0,0.00000000
1362,train,2051,0,0.00000000
1363,train,8155,0,0.00000000
1364,train,23897,0,0.00000000
1365,train,15343,0,0.00000000
1366,train,22345,10,0.00976562
1367,train,66573,0,0.00000000
1368,train,31846,0,0.00000000
1369,train,82444,12,0.01171875
1370,train,61633,19,0.01855469
1371,train,82544,0,0.00000000
1372,train,47491,0,0.00000000
1373,train,53518,0,0.00000000
1374,train,46695,0,0.00000000
1375,train,39092,0,0.00000000
1376,train,92225,0,0.00000000
1377,train,19144,0,0.00000000
1378,train,29164,0,0.00000000
1379,train,67375,0,0.00000000
1380,train,88160,0,0.00000000
1381,train,24951,0,0.00000000
1382,train,71637,0,0.00000000
1383,train,3588,0,0.00000000
1384,train,20708,0,0.00000000
1385,train,26768,0,0.00000000
1386,train,6857,14,0.01367188
1387,train,54344,0,0.00000000
1388,train,83099,0,0.00000000
1389,train,56674,0,0.00000000
1390,train,38371,0,0.00000000
1391,train,1061,0,0.00000000
1392,train,54815,0,0.00000000
1393,train,87970,0,0.00000000
1394,train,48565,0,0.00000000
1395,train,20937,0,0.00000000
1396,train,47187,0,0.00000000
1397,train,21715,0,0.00000000
1398,train,49520,0,0.00000000
1399,train,54631,0,0.00000000
1400,train,16384,16,0.01562500
1401,train,33258,0,0.00000000
1402,train,72804,0,0.00000000
1403,train,21,0,0.00000000
1404,train,44482,0,0.00000000
1405,train,51808,20,0.01953125
1406,train,22765,7,0.00683594
1407,train,66420,0,0.00000000
1408,train,60383,0,0.00000000
1409,train,84152,0,0.00000000
1410,train,48550,0,0.00000000
1411,train,28478,17,0.01660156
1412,train,11880,0,0.00000000
1413,train,87900,0,0.00000000
1414,train,80859,0,0.00000000
1415,train,2179,17,0.01660156
1416,train,35324,0,0.00000000
1417,train,46570,0,0.00000000
1418,train,39812,0,0.00000000
1419,train,62181,0,0.00000000
1420,train,82299,0,0.00000000
1421,train,28531,0,0.00000000
1422,train,17299,0,0.00000000
1423,train,40600,0,0.00000000
1424,train,67300,0,0.00000000
1425,train,17706,0,0.00000000
1426,train,21071,0,0.00000000
1427,train,16811,0,0.00000000
1428,train,53699,0,0.00000000
1429,train,47269,16,0.01562500
1430,train,30001,24,0.02343750
1431,train,32368,0,0.00000000
1432,train,60664,0,0.00000000
1433,train,43100,10,0.00976562
1434,train,26704,0,0.00000000
1435,train,33656,0,0.00000000
1436,train,48420,0,0.00000000
1437,train,46908,0,0.00000000
1438,train,89553,0,0.00000000
1439,train,40327,0,0.00000000
1440,train,40886,0,0.00000000
1441,train,23880,0,0.00000000
1442,train,74100,0,0.00000000
1443,train,47300,0,0.00000000
1444,train,2664,5,0.00488281
1445,train,8048,0,0.00000000
1446,train,12738,0,0.00000000
1447,train,13829,7,0.00683594
1448,train,87008,0,0.00000000
1449,train,54924,0,0.00000000
1450,train,62100,11,0.01074219
1451,train,62650,0,0.00000000
1452,train,66875,16,0.01562500
1453,train,53476,0,0.00000000
1454,train,92401,0,0.00000000
1455,train,3832,0,0.00000000
1456,train,61706,0,0.00000000
1457,train,14024,17,0.01660156
1458,train,81179,0,0.00000000
1459,train,77798,0,0.00000000
1460,train,8488,0,0.00000000
1461,train,35802,0,0.00000000
1462,train,5004,0,0.00000000
1463,train,15841,8,0.00781250
1464,train,48416,0,0.00000000
1465,train,91400,0,0.00000000
1466,train,80130,4,0.00390625
1467,train,32811,9,0.00878906
1468,train,25547,0,0.00000000
1469,train,26092,19,0.01855469
1470,train,86988,0,0.00000000
1471,train,76076,7,0.00683594
1472,train,73953,0,0.00000000
1473,train,78584,0,0.00000000
1474,train,25880,0,0.00000000
1475,train,44769,16,0.01562500
1476,train,87613,1,0.00097656
1477,train,45489,0,0.00000000
1478,train,64956,0,0.00000000
1479,train,62866,0,0.00000000
1480,train,29612,0,0.00000000
1481,train,41562,0,0.00000000
1482,train,73829,0,0.00000000
1483,train,87516,33,0.03222656
1484,train,28129,0,0.00000000
1485,train,22923,0,0.00000000
1486,train,80511,0,0.00000000
1487,train,50284,0,0.00000000
1488,train,24616,0,0.00000000
1489,train,88351,0,0.00000000
1490,train,73842,0,0.00000000
1491,train,18771,24,0.02343750
1492,train,15872,0,0.00000000
1493,train,27177,0,0.00000000
1494,train,16781,0,0.00000000
1495,train,7570,0,0.00000000
1496,train,18773,0,0.00000000
1497,train,53499,0,0.00000000
1498,train,15151,0,0.00000000
1499,train,62140,11,0.01074219
1500,train,80874,0,0.00000000
1501,train,33968,0,0.00000000
1502,train,42497,0,0.00000000
1503,train,73703,0,0.00000000
1504,train,25905,0,0.00000000
1505,train,71692,0,0.00000000
1506,train,54337,12,0.01171875
1507,train,84264,0,0.00000000
1508,train,83651,0,0.00000000
1509,train,656,0,0.00000000
1510,train,44226,0,0.00000000
1511,train,36836,0,0.00000000
1512,train,56387,0,0.00000000
1513,train,14832,1,0.00097656
1514,train,87508,0,0.00000000
1515,train,61379,0,0.00000000
1516,train,29527,0,0.00000000
1517,train,47300,0,0.00000000
1518,train,47656,7,0.00683594
1519,train,68481,11,0.01074219
1520,train,18356,0,0.00000000
1521,train,2809,0,0.00000000
1522,train,53412,0,0.00000000
1523,train,28856,0,0.00000000
1524,train,60851,0,0.00000000
1525,train,54033,0,0.00000000
1526,train,18196,0,0.00000000
1527,train,17329,11,0.01074219
1528,train,60763,9,0.00878906
1529,train,13748,11,0.01074219
1530,train,13814,0,0.00000000
1531,train,87664,0,0.00000000
1532,train,4730,0,0.00000000
1533,train,61060,0,0.00000000
1534,train,21861,0,0.00000000
1535,train,2053,11,0.01074219
1536,train,24816,0,0.00000000
1537,train,83791,0,0.00000000
1538,train,86308,0,0.00000000
1539,train,85229,0,0.00000000
1540,train,44355,0,0.00000000
1541,train,91124,0,0.00000000
1542,train,36048,0,0.00000000
1543,train,45703,0,0.00000000
1544,train,34261,7,0.00683594
1545,train,51436,0,0.00000000
1546,train,53875,0,0.00000000
1547,train,4871,0,0.00000000
1548,train,51762,15,0.01464844
1549,train,39312,0,0.00000000
1550,train,41069,10,0.00976562
1551,train,44572,0,0.00000000
1552,train,28965,0,0.00000000
1553,train,91186,0,0.00000000
1554,train,27512,0,0.00000000
1555,train,50156,18,0.01757812
1556,train,6253,0,0.00000000
1557,train,19187,0,0.00000000
1558,train,58941,0,0.00000000
1559,train,64818,0,0.00000000
1560,train,31740,11,0.01074219
1561,train,43123,0,0.00000000
1562,train,58611,0,0.00000000
1563,train,32426,0,0.00000000
1564,train,21315,0,0.00000000
1565,train,22415,6,0.00585938
1566,train,21348,0,0.00000000
1567,train,9010,0,0.00000000
1568,train,14024,17,0.01660156
1569,train,46792,0,0.00000000
1570,train,8600,0,0.00000000
1571,train,33517,0,0.00000000
1572,train,28959,0,0.00000000
1573,train,43440,0,0.00000000
1574,train,30054,0,0.00000000
1575,train,40784,0,0.00000000
1576,train,2527,0,0.00000000
1577,train,3117,0,0.00000000
1578,train,37253,0,0.00000000
1579,train,58460,0,0.00000000
1580,train,23838,0,0.00000000
1581,train,21650,0,0.00000000
1582,train,88806,0,0.00000000
1583,train,59506,0,0.00000000
1584,train,74733,0,0.00000000
1585,train,86732,0,0.00000000
1586,train,832,1,0.00097656
1587,train,92404,0,0.00000000
1588,train,60260,16,0.01562500
1589,train,8529,6,0.00585938
1590,train,20907,0,0.00000000
1591,train,74194,0,0.00000000
1592,train,71714,0,0.00000000
1593,train,4674,0,0.00000000
1594,train,82300,0,0.00000000
1595,train,56785,0,0.00000000
1596,train,14189,0,0.00000000
1597,train,79935,0,0.00000000
1598,train,23704,0,0.00000000
1599,train,65016,0,0.00000000
1600,train,7989,0,0.00000000
1601,train,6794,0,0.00000000
1602,train,63377,0,0.00000000
1603,train,62922,0,0.00000000
1604,train,80875,7,0.00683594
1605,train,29424,0,0.00000000
1606,train,54198,0,0.00000000
1607,train,24851,0,0.00000000
1608,train,30331,0,0.00000000
1609,train,26672,0,0.00000000
1610,train,84164,0,0.00000000
1611,train,2922,0,0.00000000
1612,train,18639,0,0.00000000
1613,train,65785,0,0.00000000
1614,train,63411,0,0.00000000
1615,train,53868,0,0.00000000
1616,train,59234,0,0.00000000
1617,train,6856,19,0.01855469
1618,train,3473,0,0.00000000
1619,train,61849,0,0.00000000
1620,train,1273,9,0.00878906
1621,train,981,0,0.00000000
1622,train,82668,0,0.00000000
1623,train,10880,0,0.00000000
1624,train,35872,0,0.00000000
1625,train,70122,7,0.00683594
1626,train,61473,0,0.00000000
1627,train,41561,0,0.00000000
1628,train,50880,1,0.00097656
1629,train,20906,0,0.00000000
1630,train,37519,0,0.00000000
1631,train,42514,0,0.00000000
1632,train,28179,0,0.00000000
1633,train,21259,0,0.00000000
1634,train,5000,0,0.00000000
1635,train,47683,0,0.00000000
1636,train,44669,18,0.01757812
1637,train,4876,0,0.00000000
1638,train,81750,0,0.00000000
1639,train,67306,0,0.00000000
1640,train,49256,0,0.00000000
1641,train,59160,18,0.01757812
1642,train,77947,11,0.01074219
1643,train,41596,0,0.00000000
1644,train,68903,0,0.00000000
1645,train,17888,0,0.00000000
1646,train,91176,0,0.00000000
1647,train,16948,0,0.00000000
1648,train,21956,0,0.00000000
1649,train,21075,0,0.00000000
1650,train,51699,0,0.00000000
1651,train,2129,0,0.00000000
1652,train,53616,20,0.01953125
1653,train,80556,0,0.00000000
1654,train,92940,0,0.00000000
1655,train,49256,0,0.00000000
1656,train,83675,0,0.00000000
1657,train,58059,0,0.00000000
1658,train,15048,0,0.00000000
1659,train,39983,1,0.00097656
1660,train,35651,0,0.00000000
1661,train,51232,1,0.00097656
1662,train,83675,0,0.00000000
1663,train,91385,0,0.00000000
1664,train,56107,0,0.00000000
1665,train,50184,0,0.00000000
1666,train,47768,20,0.01953125
1667,train,9120,0,0.00000000
1668,train,55141,0,0.00000000
1669,train,42656,0,0.00000000
1670,train,22680,1,0.00097656
1671,train,16856,0,0.00000000
1672,train,81528,0,0.00000000
1673,train,56474,2,0.00195312
1674,train,74581,0,0.00000000
1675,train,58416,0,0.00000000
1676,train,16729,11,0.01074219
1677,train,39899,0,0.00000000
1678,train,49752,0,0.00000000
1679,train,44213,1,0.00097656
1680,train,3396,0,0.00000000
1681,train,72644,0,0.00000000
1682,train,82365,0,0.00000000
1683,train,38975,0,0.00000000
1684,train,71740,0,0.00000000
1685,train,81907,0,0.00000000
1686,train,1674,0,0.00000000
1687,train,82526,0,0.00000000
1688,train,84053,0,0.00000000
1689,train,76834,0,0.00000000
1690,train,22231,0,0.00000000
1691,train,54370,0,0.00000000
1692,train,39964,12,0.01171875
1693,train,56176,0,0.00000000
1694,train,52750,1,0.00097656
1695,train,24458,0,0.00000000
1696,train,76234,0,0.00000000
1697,train,1779,0,0.00000000
1698,train,75657,0,0.00000000
1699,train,19525,0,0.00000000
1700,train,87250,0,0.00000000
1701,train,17604,0,0.00000000
1702,train,2047,0,0.00000000
1703,train,50407,0,0.00000000
1704,train,30894,0,0.00000000
1705,train,48260,0,0.00000000
1706,train,83182,0,0.00000000
1707,train,16609,0,0.00000000
1708,train,22177,0,0.00000000
1709,train,73749,0,0.00000000
1710,train,70752,0,0.00000000
1711,train,35049,0,0.00000000
1712,train,41005,2,0.00195312
1713,train,14938,0,0.00000000
1714,train,4016,0,0.00000000
1715,train,1152,0,0.00000000
1716,train,36033,0,0.00000000
1717,train,86177,13,0.01269531
1718,train,76828,0,0.00000000
1719,train,36023,9,0.00878906
1720,train,78812,8,0.00781250
1721,train,74987,0,0.00000000
1722,train,45595,0,0.00000000
1723,train,81117,0,0.00000000
1724,train,78024,7,0.00683594
1725,train,2825,0,0.00000000
1726,train,79260,0,0.00000000
1727,train,15696,0,0.00000000
1728,train,46140,0,0.00000000
1729,train,13522,0,0.00000000
1730,train,6013,0,0.00000000
1731,train,66152,0,0.00000000
1732,train,35944,0,0.00000000
1733,train,87740,0,0.00000000
1734,train,7596,23,0.02246094
1735,train,8772,0,0.00000000
1736,train,81082,12,0.01171875
1737,train,34738,1,0.00097656
1738,train,48095,0,0.00000000
1739,train,35042,10,0.00976562
1740,train,24281,0,0.00000000
1741,train,50236,0,0.00000000
1742,train,3688,0,0.00000000
1743,train,8844,0,0.00000000
1744,train,84513,0,0.00000000
1745,train,73217,0,0.00000000
1746,train,15685,0,0.00000000
1747,train,13092,0,0.00000000
1748,train,79556,0,0.00000000
1749,train,5810,0,0.00000000
1750,train,82393,0,0.00000000
1751,train,26421,0,0.00000000
1752,train,47396,0,0.00000000
1753,train,33288,0,0.00000000
1754,train,13395,0,0.00000000
1755,train,89650,0,0.00000000
1756,train,20840,0,0.00000000
1757,train,51674,0,0.00000000
1758,train,83134,0,0.00000000
1759,train,5207,0,0.00000000
1760,train,49243,9,0.00878906
1761,train,42420,0,0.00000000
1762,train,74816,16,0.01562500
1763,train,14586,0,0.00000000
1764,train,6175,0,0.00000000
1765,train,89625,0,0.00000000
1766,train,75799,0,0.00000000
1767,train,61972,0,0.00000000
1768,train,29140,0,0.00000000
1769,train,63240,0,0.00000000
1770,train,89820,4,0.00390625
1771,train,25719,6,0.00585938
1772,train,60667,0,0.00000000
1773,train,77754,0,0.00000000
1774,train,5512,0,0.00000000
1775,train,81292,0,0.00000000
1776,train,28457,0,0.00000000
1777,train,21626,0,0.00000000
1778,train,68507,0,0.00000000
1779,train,92892,0,0.00000000
1780,train,30468,0,0.00000000
1781,train,49260,0,0.00000000
1782,train,52252,0,0.00000000
1783,train,23220,0,0.00000000
1784,train,34877,0,0.00000000
1785,train,67892,8,0.00781250
1786,train,6253,0,0.00000000
1787,train,10996,0,0.00000000
1788,train,27857,0,0.00000000
1789,train,26403,0,0.00000000
1790,train,26844,11,0.01074219
1791,train,45771,0,0.00000000
1792,train,52636,0,0.00000000
1793,train,86219,0,0.00000000
1794,train,49243,9,0.00878906
1795,train,39165,0,0.00000000
1796,train,4274,0,0.00000000
1797,train,88280,0,0.00000000
1798,train,30138,0,0.00000000
1799,train,25372,0,0.00000000
1800,train,19740,0,0.00000000
1801,train,77963,0,0.00000000
1802,train,52544,0,0.00000000
1803,train,40872,0,0.00000000
1804,train,46407,6,0.00585938
1805,train,82472,0,0.00000000
1806,train,62131,0,0.00000000
1807,train,66690,5,0.00488281
1808,train,19304,12,0.01171875
1809,train,78025,0,0.00000000
1810,train,92197,6,0.00585938
1811,train,5972,14,0.01367188
1812,train,61233,0,0.00000000
1813,train,50880,0,0.00000000
1814,train,6489,0,0.00000000
1815,train,93169,0,0.00000000
1816,train,42099,18,0.01757812
1817,train,81084,0,0.00000000
1818,train,10009,0,0.00000000
1819,train,764,0,0.00000000
1820,train,15104,20,0.01953125
1821,train,43276,0,0.00000000
1822,train,80888,0,0.00000000
1823,train,67604,0,0.00000000
1824,train,35627,0,0.00000000
1825,train,27472,0,0.00000000
1826,train,49445,0,0.00000000
1827,train,74781,0,0.00000000
1828,train,34940,0,0.00000000
1829,train,66225,13,0.01269531
1830,train,62004,0,0.00000000
1831,train,87079,0,0.00000000
1832,train,70353,0,0.00000000
1833,train,32794,0,0.00000000
1834,train,87410,9,0.00878906
1835,train,19782,0,0.00000000
1836,train,13508,0,0.00000000
1837,train,74816,0,0.00000000
1838,train,38015,0,0.00000000
1839,train,31265,0,0.00000000
1840,train,9099,0,0.00000000
1841,train,73927,0,0.00000000
1842,train,84164,16,0.01562500
1843,train,26080,0,0.00000000
1844,train,7654,0,0.00000000
1845,train,53502,0,0.00000000
1846,train,7396,0,0.00000000
1847,train,83571,0,0.00000000
1848,train,92464,0,0.00000000
1849,train,33536,0,0.00000000
1850,train,12841,0,0.00000000
1851,train,84422,0,0.00000000
1852,train,41140,0,0.00000000
1853,train,21929,0,0.00000000
1854,train,937,7,0.00683594
1855,train,77484,0,0.00000000
1856,train,21084,0,0.00000000
1857,train,26145,0,0.00000000
1858,train,64155,16,0.01562500
1859,train,28957,1,0.00097656
1860,train,84006,0,0.00000000
1861,train,26082,0,0.00000000
1862,train,93231,0,0.00000000
1863,train,77747,0,0.00000000
1864,train,49620,0,0.00000000
1865,train,71893,0,0.00000000
1866,train,536,0,0.00000000
1867,train,45818,0,0.00000000
1868,train,1984,18,0.01757812
1869,train,52000,0,0.00000000
1870,train,68632,0,0.00000000
1871,train,23135,0,0.00000000
1872,train,14726,3,0.00292969
1873,train,62320,0,0.00000000
1874,train,85572,0,0.00000000
1875,train,39568,0,0.00000000
1876,train,10113,6,0.00585938
1877,train,45213,0,0.00000000
1878,train,48805,13,0.01269531
1879,train,6856,10,0.00976562
1880,train,31568,0,0.00000000
1881,train,25400,0,0.00000000
1882,train,60301,0,0.00000000
1883,train,25258,0,0.00000000
1884,train,49383,0,0.00000000
1885,train,9857,0,0.00000000
1886,train,56281,0,0.00000000
1887,train,8361,1,0.00097656
1888,train,56800,0,0.00000000
1889,train,66473,26,0.02539062
1890,train,69720,0,0.00000000
1891,train,26693,0,0.00000000
1892,train,92731,0,0.00000000
1893,train,10691,0,0.00000000
1894,train,15388,0,0.00000000
1895,train,39257,8,0.00781250
1896,train,17343,0,0.00000000
1897,train,21120,5,0.00488281
1898,train,10668,0,0.00000000
1899,train,83692,0,0.00000000
1900,train,83110,0,0.00000000
1901,train,80702,0,0.00000000
1902,train,57822,10,0.00976562
1903,train,60314,0,0.00000000
1904,train,40856,0,0.00000000
1905,train,87698,0,0.00000000
1906,train,67519,5,0.00488281
1907,train,83034,0,0.00000000
1908,train,3378,0,0.00000000
1909,train,81087,14,0.01367188
1910,train,10192,0,0.00000000
1911,train,5710,0,0.00000000
1912,train,22260,0,0.00000000
1913,train,29746,10,0.00976562
1914,train,33008,5,0.00488281
1915,train,37096,0,0.00000000
1916,train,19116,0,0.00000000
1917,train,83561,0,0.00000000
1918,train,33440,0,0.00000000
1919,train,87120,0,0.00000000
1920,train,4338,0,0.00000000
1921,train,71532,0,0.00000000
1922,train,80104,0,0.00000000
1923,train,78152,0,0.00000000
1924,train,72494,0,0.00000000
1925,train,5813,0,0.00000000
1926,train,11520,0,0.00000000
1927,train,5036,0,0.00000000
1928,train,11927,18,0.01757812
1929,train,13392,21,0.02050781
1930,train,57292,16,0.01562500
1931,train,41044,0,0.00000000
1932,train,8771,12,0.01171875
1933,train,5664,0,0.00000000
1934,train,36566,0,0.00000000
1935,train,38814,0,0.00000000
1936,train,80020,12,0.01171875
1937,train,28179,0,0.00000000
1938,train,15032,0,0.00000000
1939,train,53304,0,0.00000000
1940,train,16428,0,0.00000000
1941,train,40738,0,0.00000000
1942,train,90894,19,0.01855469
1943,train,13273,0,0.00000000
1944,train,72916,0,0.00000000
1945,train,49426,0,0.00000000
1946,train,12576,0,0.00000000
1947,train,8493,0,0.00000000
1948,train,9400,5,0.00488281
1949,train,71516,0,0.00000000
1950,train,536,5,0.00488281
1951,train,9915,0,0.00000000
1952,train,60778,0,0.00000000
1953,train,53627,0,0.00000000
1954,train,72955,13,0.01269531
1955,train,54819,0,0.00000000
1956,train,759,0,0.00000000
1957,train,17028,0,0.00000000
1958,train,46859,0,0.00000000
1959,train,18117,12,0.01171875
1960,train,5299,0,0.00000000
1961,train,13875,0,0.00000000
1962,train,32507,0,0.00000000
1963,train,28577,10,0.00976562
1964,train,35010,0,0.00000000
1965,train,63257,0,0.00000000
1966,train,49309,1,0.00097656
1967,train,6748,0,0.00000000
1968,train,82392,0,0.00000000
1969,train,61029,0,0.00000000
1970,train,91745,0,0.00000000
1971,train,74545,0,0.00000000
1972,train,20113,14,0.01367188
1973,train,83922,0,0.00000000
1974,train,14881,21,0.02050781
1975,train,39620,0,0.00000000
1976,train,62456,20,0.01953125
1977,train,90956,0,0.00000000
1978,train,7006,0,0.00000000
1979,train,28432,0,0.00000000
1980,train,93024,0,0.00000000
1981,train,59440,0,0.00000000
1982,train,13816,0,0.00000000
1983,train,7486,7,0.00683594
1984,train,50215,0,0.00000000
1985,train,89388,0,0.00000000
1986,train,27183,0,0.00000000
1987,train,15631,0,0.00000000
1988,train,68196,0,0.00000000
1989,train,89668,0,0.00000000
1990,train,4542,0,0.00000000
1991,train,89745,17,0.01660156
1992,train,89036,0,0.00000000
1993,train,45200,0,0.00000000
1994,train,15208,0,0.00000000
1995,train,91050,0,0.00000000
1996,train,19063,4,0.00390625
1997,train,78603,0,0.00000000
1998,train,39744,0,0.00000000
1999,train,31394,17,0.01660156
2000,train,16296,0,0.00000000
2001,train,60971,0,0.00000000
2002,train,76279,0,0.00000000
2003,train,86178,13,0.01269531
2004,train,59937,0,0.00000000
2005,train,44252,0,0.00000000
2006,train,91600,0,0.00000000
2007,train,32190,0,0.00000000
2008,train,32256,0,0.00000000
2009,train,24154,0,0.00000000
2010,train,12493,0,0.00000000
2011,train,2003,13,0.01269531
2012,train,80868,0,0.00000000
2013,train,51951,0,0.00000000
2014,train,42055,0,0.00000000
2015,train,52507,0,0.00000000
2016,train,82393,2,0.00195312
2017,train,19113,0,0.00000000
2018,train,49985,0,0.00000000
2019,train,34316,7,0.00683594
2020,train,2783,0,0.00000000
2021,train,41019,0,0.00000000
2022,train,52300,0,0.00000000
2023,train,10764,9,0.00878906
2024,train,69133,19,0.01855469
2025,train,65977,0,0.00000000
2026,train,16488,9,0.00878906
2027,train,12436,0,0.00000000
2028,train,79330,0,0.00000000
2029,train,52504,0,0.00000000
2030,train,77994,0,0.00000000
2031,train,29747,11,0.01074219
2032,train,45190,0,0.00000000
2033,train,412,14,0.01367188
2034,train,75254,0,0.00000000
2035,train,87639,0,0.00000000
2036,train,50490,14,0.01367188
2037,train,32064,0,0.00000000
2038,train,82103,0,0.00000000
2039,train,66268,0,0.00000000
2040,train,23706,0,0.00000000
2041,train,16986,0,0.00000000
2042,train,76098,0,0.00000000
2043,train,35515,0,0.00000000
2044,train,93004,7,0.00683594
2045,train,42100,0,0.00000000
2046,train,47456,1,0.00097656
2047,train,43317,0,0.00000000
2048,train,57249,0,0.00000000
2049,train,53085,0,0.00000000
2050,train,86484,0,0.00000000
2051,train,43209,0,0.00000000
2052,train,49941,13,0.01269531
2053,train,7818,0,0.00000000
2054,train,3469,0,0.00000000
2055,train,71954,0,0.00000000
2056,train,72109,0,0.00000000
2057,train,80442,0,0.00000000
2058,train,22061,0,0.00000000
2059,train,25260,0,0.00000000
2060,train,87945,0,0.00000000
2061,train,48032,0,0.00000000
2062,train,51975,0,0.00000000
2063,train,58417,14,0.01367188
2064,train,15388,0,0.00000000
2065,train,30484,0,0.00000000
2066,train,7433,0,0.00000000
2067,train,23964,0,0.00000000
2068,train,54327,0,0.00000000
2069,train,35760,0,0.00000000
2070,train,89383,0,0.00000000
2071,train,27475,0,0.00000000
2072,train,22403,12,0.01171875
2073,train,19496,17,0.01660156
2074,train,76189,0,0.00000000
2075,train,19393,20,0.01953125
2076,train,47296,17,0.01660156
2077,train,31866,0,0.00000000
2078,train,47707,0,0.00000000
2079,train,15313,0,0.00000000
2080,train,25244,0,0.00000000
2081,train,47807,1,0.00097656
2082,train,30233,0,0.00000000
2083,train,65733,1,0.00097656
2084,train,90396,0,0.00000000
2085,train,60848,13,0.01269531
2086,train,37257,0,0.00000000
2087,train,39707,0,0.00000000
2088,train,18331,0,0.00000000
2089,train,47808,0,0.00000000
2090,train,34417,0,0.00000000
2091,train,27783,0,0.00000000
2092,train,33234,0,0.00000000
2093,train,46904,0,0.00000000
2094,train,80469,18,0.01757812
2095,train,35578,0,0.00000000
2096,train,56740,0,0.00000000
2097,train,22876,0,0.00000000
2098,train,19527,0,0.00000000
2099,train,63305,0,0.00000000
2100,train,87840,0,0.00000000
2101,train,58253,16,0.01562500
2102,train,82099,0,0.00000000
2103,train,1315,15,0.01464844
2104,train,74712,0,0.00000000
2105,train,43999,10,0.00976562
2106,train,20066,0,0.00000000
2107,train,73063,0,0.00000000
2108,train,63977,0,0.00000000
2109,train,90285,0,0.00000000
2110,train,66153,0,0.00000000
2111,train,47745,0,0.00000000
2112,train,69476,0,0.00000000
2113,train,32519,0,0.00000000
2114,train,40993,0,0.00000000
2115,train,16737,0,0.00000000
2116,train,22414,11,0.01074219
2117,train,64443,0,0.00000000
2118,train,74618,0,0.00000000
2119,train,51088,0,0.00000000
2120,train,2429,19,0.01855469
2121,train,26797,0,0.00000000
2122,train,59935,0,0.00000000
2123,train,67227,0,0.00000000
2124,train,46148,1,0.00097656
2125,train,49983,0,0.00000000
2126,train,2332,0,0.00000000
2127,train,43269,0,0.00000000
2128,train,78228,0,0.00000000
2129,train,12269,17,0.01660156
2130,train,31716,0,0.00000000
2131,train,1815,0,0.00000000
2132,train,58809,0,0.00000000
2133,train,50372,0,0.00000000
2134,train,74748,4,0.00390625
2135,train,31512,0,0.00000000
2136,train,12016,0,0.00000000
2137,train,88027,0,0.00000000
2138,train,36706,0,0.00000000
2139,train,71688,0,0.00000000
2140,train,32712,0,0.00000000
2141,train,41464,0,0.00000000
2142,train,7993,0,0.00000000
2143,train,31712,0,0.00000000
2144,train,61210,0,0.00000000
2145,train,87670,1,0.00097656
2146,train,7980,0,0.00000000
2147,train,24930,0,0.00000000
2148,train,19320,0,0.00000000
2149,train,9508,0,0.00000000
2150,train,76087,6,0.00585938
2151,train,80831,0,0.00000000
2152,train,15788,0,0.00000000
2153,train,83848,0,0.00000000
2154,train,61389,0,0.00000000
2155,train,52904,0,0.00000000
2156,train,82397,0,0.00000000
2157,train,32813,0,0.00000000
2158,train,27306,0,0.00000000
2159,train,54323,0,0.00000000
2160,train,19843,0,0.00000000
2161,train,79336,20,0.01953125
2162,train,57192,0,0.00000000
2163,train,93274,13,0.01269531
2164,train,48884,0,0.00000000
2165,train,24110,5,0.00488281
2166,train,48092,0,0.00000000
2167,train,45894,0,0.00000000
2168,train,80164,0,0.00000000
2169,train,45755,0,0.00000000
2170,train,18509,0,0.00000000
2171,train,28544,0,0.00000000
2172,train,14101,0,0.00000000
2173,train,54371,0,0.00000000
2174,train,84836,0,0.00000000
2175,train,16376,0,0.00000000
2176,train,13029,0,0.00000000
2177,train,20621,0,0.00000000
2178,train,2603,0,0.00000000
2179,train,28949,0,0.00000000
2180,train,77096,0,0.00000000
2181,train,45343,0,0.00000000
2182,train,61605,11,0.01074219
2183,train,16362,0,0.00000000
2184,train,23693,23,0.02246094
2185,train,9704,0,0.00000000
2186,train,8002,0,0.00000000
2187,train,72568,0,0.00000000
2188,train,89872,0,0.00000000
2189,train,76828,0,0.00000000
2190,train,60003,0,0.00000000
2191,train,27504,11,0.01074219
2192,train,67557,0,0.00000000
2193,train,67308,3,0.00292969
2194,train,19774,0,0.00000000
2195,train,61240,0,0.00000000
2196,train,53808,17,0.01660156
2197,train,82232,0,0.00000000
2198,train,45056,11,0.01074219
2199,train,53552,0,0.00000000
2200,train,17683,0,0.00000000
2201,train,14090,0,0.00000000
2202,train,30723,0,0.00000000
2203,train,69489,0,0.00000000
2204,train,68819,0,0.00000000
2205,train,39468,0,0.00000000
2206,train,17901,0,0.00000000
2207,train,57769,33,0.03222656
2208,train,22106,9,0.00878906
2209,train,89003,0,0.00000000
2210,train,51232,0,0.00000000
2211,train,23680,0,0.00000000
2212,train,49117,0,0.00000000
2213,train,21088,0,0.00000000
2214,train,15397,0,0.00000000
2215,train,37399,0,0.00000000
2216,train,88023,0,0.00000000
2217,train,33912,1,0.00097656
2218,train,43261,0,0.00000000
2219,train,74348,0,0.00000000
2220,train,70492,18,0.01757812
2221,train,76120,21,0.02050781
2222,train,68482,13,0.01269531
2223,train,24149,7,0.00683594
2224,train,79490,6,0.00585938
2225,train,53138,0,0.00000000
2226,train,69316,0,0.00000000
2227,train,91267,0,0.00000000
2228,train,83555,14,0.01367188
2229,train,14704,0,0.00000000
2230,train,50718,0,0.00000000
2231,train,57952,20,0.01953125
2232,train,42175,0,0.00000000
2233,train,53857,0,0.00000000
2234,train,16560,5,0.00488281
2235,train,13219,0,0.00000000
2236,train,47768,0,0.00000000
2237,train,49122,0,0.00000000
2238,train,23077,0,0.00000000
2239,train,28896,0,0.00000000
2240,train,38096,0,0.00000000
2241,train,38235,0,0.00000000
2242,train,79028,0,0.00000000
2243,train,20577,0,0.00000000
2244,train,90701,0,0.00000000
2245,train,2496,19,0.01855469
2246,train,42816,0,0.00000000
2247,train,7483,0,0.00000000
2248,train,19605,0,0.00000000
2249,train,61385,0,0.00000000
2250,train,88704,0,0.00000000
2251,train,40166,0,0.00000000
2252,train,1197,0,0.00000000
2253,train,7328,0,0.00000000
2254,train,82004,0,0.00000000
2255,train,1875,7,0.00683594
2256,train,37809,12,0.01171875
2257,train,61812,0,0.00000000
2258,train,66098,0,0.00000000
2259,train,88287,0,0.00000000
2260,train,89711,0,0.00000000
2261,train,76660,0,0.00000000
2262,train,8949,0,0.00000000
2263,train,10748,0,0.00000000
2264,train,76629,0,0.00000000
2265,train,86333,19,0.01855469
2266,train,84234,19,0.01855469
2267,train,31711,0,0.00000000
2268,train,70868,0,0.00000000
2269,train,60753,0,0.00000000
2270,train,18433,0,0.00000000
2271,train,23327,0,0.00000000
2272,train,32580,16,0.01562500
2273,train,14984,0,0.00000000
2274,train,79388,11,0.01074219
2275,train,13621,0,0.00000000
2276,train,12144,0,0.00000000
2277,train,57009,0,0.00000000
2278,train,71692,0,0.00000000
2279,train,86564,23,0.02246094
2280,train,32693,0,0.00000000
2281,train,16419,0,0.00000000
2282,train,80888,0,0.00000000
2283,train,63018,0,0.00000000
2284,train,47154,1,0.00097656
2285,train,60625,0,0.00000000
2286,train,22676,0,0.00000000
2287,train,72592,0,0.00000000
2288,train,78208,0,0.00000000
2289,train,12753,0,0.00000000
2290,train,13064,0,0.00000000
2291,train,46920,0,0.00000000
2292,train,33092,0,0.00000000
2293,train,52427,8,0.00781250
2294,train,4330,23,0.02246094
2295,train,65684,23,0.02246094
2296,train,75572,0,0.00000000
2297,train,6527,0,0.00000000
2298,train,62729,0,0.00000000
2299,train,27745,19,0.01855469
2300,train,7775,0,0.00000000
2301,train,49243,0,0.00000000
2302,train,46856,0,0.00000000
2303,train,86809,0,0.00000000
2304,train,15041,10,0.00976562
2305,train,87796,0,0.00000000
2306,train,59264,0,0.00000000
2307,train,32432,0,0.00000000
2308,train,59125,0,0.00000000
2309,train,61851,0,0.00000000
2310,train,65584,0,0.00000000
2311,train,78811,0,0.00000000
2312,train,6168,0,0.00000000
2313,train,57164,8,0.00781250
2314,train,17970,0,0.00000000
2315,train,32692,0,0.00000000
2316,train,47186,0,0.00000000
2317,train,7977,0,0.00000000
2318,train,52472,0,0.00000000
2319,train,4643,0,0.00000000
2320,train,66029,0,0.00000000
2321,train,53120,10,0.00976562
2322,train,86480,17,0.01660156
2323,train,5460,0,0.00000000
2324,train,67941,0,0.00000000
2325,train,45191,2,0.00195312
2326,train,84817,0,0.00000000
2327,train,10277,0,0.00000000
2328,train,15304,0,0.00000000
2329,train,49948,0,0.00000000
2330,train,755,0,0.00000000
2331,train,59277,0,0.00000000
2332,train,28208,8,0.00781250
2333,train,17338,15,0.01464844
2334,train,16986,8,0.00781250
2335,train,23955,0,0.00000000
2336,train,91848,0,0.00000000
2337,train,64279,5,0.00488281
2338,train,73224,0,0.00000000
2339,train,65340,16,0.01562500
2340,train,368,0,0.00000000
2341,train,32243,0,0.00000000
2342,train,7689,9,0.00878906
2343,train,26465,0,0.00000000
2344,train,74185,0,0.00000000
2345,train,92987,0,0.00000000
2346,train,20956,0,0.00000000
2347,train,62004,0,0.00000000
2348,train,75089,0,0.00000000
2349,train,43728,15,0.01464844
2350,train,16013,0,0.00000000
2351,train,11553,0,0.00000000
2352,train,71569,0,0.00000000
2353,train,27513,13,0.01269531
2354,train,80037,0,0.00000000
2355,train,48269,0,0.00000000
2356,train,28805,11,0.01074219
2357,train,1632,0,0.00000000
2358,train,9578,0,0.00000000
2359,train,75583,0,0.00000000
2360,train,27906,0,0.00000000
2361,train,8648,0,0.00000000
2362,train,56332,0,0.00000000
2363,train,83085,7,0.00683594
2364,train,72982,0,0.00000000
2365,train,62930,12,0.01171875
2366,train,40401,0,0.00000000
2367,train,48917,0,0.00000000
2368,train,2469,26,0.02539062
2369,train,58540,0,0.00000000
2370,train,32576,18,0.01757812
2371,train,21448,0,0.00000000
2372,train,72809,0,0.00000000
2373,train,56365,0,0.00000000
2374,train,22905,0,0.00000000
2375,train,57032,0,0.00000000
2376,train,18371,9,0.00878906
2377,train,1093,14,0.01367188
2378,train,29151,0,0.00000000
2379,train,54170,20,0.01953125
2380,train,20639,0,0.00000000
2381,train,6576,0,0.00000000
2382,train,81165,0,0.00000000
2383,train,73973,0,0.00000000
2384,train,10451,0,0.00000000
2385,train,59780,0,0.00000000
2386,train,84752,0,0.00000000
2387,train,52749,0,0.00000000
2388,train,79669,0,0.00000000
2389,train,34752,0,0.00000000
2390,train,3908,0,0.00000000
2391,train,63253,0,0.00000000
2392,train,28491,0,0.00000000
2393,train,51761,0,0.00000000
2394,train,57092,0,0.00000000
2395,train,41177,0,0.00000000
2396,train,34944,7,0.00683594
2397,train,68840,0,0.00000000
2398,train,69689,0,0.00000000
2399,train,62932,0,0.00000000
2400,train,18709,12,0.01171875
2401,train,59568,12,0.01171875
2402,train,16780,14,0.01367188
2403,train,74293,20,0.01953125
2404,train,13520,0,0.00000000
2405,train,34726,0,0.00000000
2406,train,16594,0,0.00000000
2407,train,14705,0,0.00000000
2408,train,16385,12,0.01171875
2409,train,58201,0,0.00000000
2410,train,19347,0,0.00000000
2411,train,40484,0,0.00000000
2412,train,75712,0,0.00000000
2413,train,48745,0,0.00000000
2414,train,14256,0,0.00000000
2415,train,89780,0,0.00000000
2416,train,22487,0,0.00000000
2417,train,40589,0,0.00000000
2418,train,56106,1,0.00097656
2419,train,28227,0,0.00000000
2420,train,28339,0,0.00000000
2421,train,16123,0,0.00000000
2422,train,74338,0,0.00000000
2423,train,10233,0,0.00000000
2424,train,53740,0,0.00000000
2425,train,1736,0,0.00000000
2426,train,68358,0,0.00000000
2427,train,81073,0,0.00000000
2428,train,45943,0,0.00000000
2429,train,52932,0,0.00000000
2430,train,61959,0,0.00000000
2431,train,51743,0,0.00000000
2432,train,90181,0,0.00000000
2433,train,36103,0,0.00000000
2434,train,3882,0,0.00000000
2435,train,12736,1,0.00097656
2436,train,75385,0,0.00000000
2437,train,76122,14,0.01367188
2438,train,37827,0,0.00000000
2439,train,22006,0,0.00000000
2440,train,49574,0,0.00000000
2441,train,90920,0,0.00000000
2442,train,38376,0,0.00000000
2443,train,59125,0,0.00000000
2444,train,2672,1,0.00097656
2445,train,22675,21,0.02050781
2446,train,36748,0,0.00000000
2447,train,87096,0,0.00000000
2448,train,49702,0,0.00000000
2449,train,89780,0,0.00000000
2450,train,23777,21,0.02050781
2451,train,57900,0,0.00000000
2452,train,35687,0,0.00000000
2453,train,54813,8,0.00781250
2454,train,51745,0,0.00000000
2455,train,52565,0,0.00000000
2456,train,64961,0,0.00000000
2457,train,25258,0,0.00000000
2458,train,15092,0,0.00000000
2459,train,40384,20,0.01953125
2460,train,76010,0,0.00000000
2461,train,28980,0,0.00000000
2462,train,34922,0,0.00000000
2463,train,58559,0,0.00000000
2464,train,50289,0,0.00000000
2465,train,5272,10,0.00976562
2466,train,37479,0,0.00000000
2467,train,19579,0,0.00000000
2468,train,89636,0,0.00000000
2469,train,69352,0,0.00000000
2470,train,7596,22,0.02148438
2471,train,87578,0,0.00000000
2472,train,83922,17,0.01660156
2473,train,32112,0,0.00000000
2474,train,48871,0,0.00000000
2475,train,33231,17,0.01660156
2476,train,5612,16,0.01562500
2477,train,14632,0,0.00000000
2478,train,1458,0,0.00000000
2479,train,79081,0,0.00000000
2480,train,20771,0,0.00000000
2481,train,82916,1,0.00097656
2482,train,57331,0,0.00000000
2483,train,92352,8,0.00781250
2484,train,66153,14,0.01367188
2485,train,90853,0,0.00000000
2486,train,80528,0,0.00000000
2487,train,20420,0,0.00000000
2488,train,58852,0,0.00000000
2489,train,56013,0,0.00000000
2490,train,9793,0,0.00000000
2491,train,41482,1,0.00097656
2492,train,9026,1,0.00097656
2493,train,48377,0,0.00000000
2494,train,39988,0,0.00000000
2495,train,86778,1,0.00097656
2496,train,6409,0,0.00000000
2497,train,60298,24,0.02343750
2498,train,53473,0,0.00000000
2499,train,54354,0,0.00000000
2500,train,60144,0,0.00000000
2501,train,30479,9,0.00878906
2502,train,12016,0,0.00000000
2503,train,85572,0,0.00000000
2504,train,386,8,0.00781250
2505,train,6232,0,0.00000000
2506,train,76720,1,0.00097656
2507,train,4947,0,0.00000000
2508,train,64543,6,0.00585938
2509,train,19484,0,0.00000000
2510,train,11723,20,0.01953125
2511,train,82183,0,0.00000000
2512,train,44230,0,0.00000000
2513,train,78315,0,0.00000000
2514,train,17765,17,0.01660156
2515,train,21685,0,0.00000000
2516,train,36960,17,0.01660156
2517,train,57657,0,0.00000000
2518,train,68136,0,0.00000000
2519,train,83960,0,0.00000000
2520,train,48596,7,0.00683594
2521,train,82411,11,0.01074219
2522,train,47184,0,0.00000000
2523,train,76872,0,0.00000000
2524,train,63336,0,0.00000000
2525,train,12248,0,0.00000000
2526,train,79261,0,0.00000000
2527,train,13676,0,0.00000000
2528,train,27472,1,0.00097656
2529,train,49147,0,0.00000000
2530,train,44422,0,0.00000000
2531,train,14900,0,0.00000000
2532,train,19645,0,0.00000000
2533,train,71108,0,0.00000000
2534,train,29779,0,0.00000000
2535,train,90728,0,0.00000000
2536,train,23536,0,0.00000000
2537,train,36787,0,0.00000000
2538,train,42218,5,0.00488281
2539,train,36736,0,0.00000000
2540,train,59096,0,0.00000000
2541,train,7597,23,0.02246094
2542,train,64156,0,0.00000000
2543,train,78345,0,0.00000000
2544,train,66915,0,0.00000000
2545,train,65380,12,0.01171875
2546,train,50633,0,0.00000000
2547,train,32273,0,0.00000000
2548,train,8112,0,0.00000000
2549,train,65327,0,0.00000000
2550,train,83830,0,0.00000000
2551,train,70086,0,0.00000000
2552,train,24833,0,0.00000000
2553,train,39997,11,0.01074219
2554,train,56251,0,0.00000000
2555,train,68896,0,0.00000000
2556,train,90443,15,0.01464844
2557,train,14491,0,0.00000000
2558,train,34576,6,0.00585938
2559,train,52728,0,0.00000000
2560,train,83180,0,0.00000000
2561,train,67676,0,0.00000000
2562,train,44220,0,0.00000000
2563,train,13571,16,0.01562500
2564,train,77858,0,0.00000000
2565,train,27002,0,0.00000000
2566,train,67947,0,0.00000000
2567,train,58556,9,0.00878906
2568,train,25016,1,0.00097656
2569,train,8593,24,0.02343750
2570,train,14087,8,0.00781250
2571,train,51882,0,0.00000000
2572,train,84770,0,0.00000000
2573,train,39743,0,0.00000000
2574,train,32772,0,0.00000000
2575,train,7525,9,0.00878906
2576,train,71408,0,0.00000000
2577,train,80396,0,0.00000000
2578,train,35332,0,0.00000000
2579,train,64275,4,0.00390625
2580,train,7127,12,0.01171875
2581,train,86305,0,0.00000000
2582,train,22674,0,0.00000000
2583,train,65684,23,0.02246094
2584,train,53575,0,0.00000000
2585,train,90520,11,0.01074219
2586,train,2091,0,0.00000000
2587,train,71395,0,0.00000000
2588,train,32200,0,0.00000000
2589,train,29760,0,0.00000000
2590,train,12891,9,0.00878906
2591,train,76070,0,0.00000000
2592,train,70339,0,0.00000000
2593,train,93003,0,0.00000000
2594,train,63226,0,0.00000000
2595,train,40747,0,0.00000000
2596,train,5553,0,0.00000000
2597,train,86200,0,0.00000000
2598,train,4337,15,0.01464844
2599,train,28799,15,0.01464844
2600,train,81220,0,0.00000000
2601,train,21355,0,0.00000000
2602,train,57050,0,0.00000000
2603,train,78807,0,0.00000000
2604,train,78668,0,0.00000000
2605,train,15321,1,0.00097656
2606,train,41595,0,0.00000000
2607,train,74919,9,0.00878906
2608,train,92937,12,0.01171875
2609,train,7205,0,0.00000000
2610,train,50907,0,0.00000000
2611,train,62264,0,0.00000000
2612,train,18325,0,0.00000000
2613,train,24424,0,0.00000000
2614,train,43441,0,0.00000000
2615,train,37047,13,0.01269531
2616,train,6376,14,0.01367188
2617,train,81084,14,0.01367188
2618,train,10156,13,0.01269531
2619,train,55321,0,0.00000000
2620,train,66280,0,0.00000000
2621,train,10264,9,0.00878906
2622,train,33661,0,0.00000000
2623,train,50499,0,0.00000000
2624,train,12908,0,0.00000000
2625,train,18032,0,0.00000000
2626,train,2352,0,0.00000000
2627,train,63641,0,0.00000000
2628,train,70380,0,0.00000000
2629,train,59128,0,0.00000000
2630,train,75576,0,0.00000000
2631,train,6810,0,0.00000000
2632,train,92605,0,0.00000000
2633,train,53167,0,0.00000000
2634,train,65691,0,0.00000000
2635,train,26693,0,0.00000000
2636,train,88677,0,0.00000000
2637,train,38589,0,0.00000000
2638,train,69724,0,0.00000000
2639,train,31685,7,0.00683594
2640,train,35344,12,0.01171875
2641,train,80396,0,0.00000000
2642,train,59805,0,0.00000000
2643,train,46244,0,0.00000000
2644,train,89776,0,0.00000000
2645,train,80504,0,0.00000000
2646,train,66286,0,0.00000000
2647,train,45649,0,0.00000000
2648,train,81668,15,0.01464844
2649,train,6149,0,0.00000000
2650,train,25746,0,0.00000000
2651,train,23786,0,0.00000000
2652,train,75740,0,0.00000000
2653,train,8696,0,0.00000000
2654,train,18148,0,0.00000000
2655,train,62933,0,0.00000000
2656,train,40928,5,0.00488281
2657,train,38260,0,0.00000000
2658,train,86273,0,0.00000000
2659,train,21392,0,0.00000000
2660,train,59292,5,0.00488281
2661,train,10628,0,0.00000000
2662,train,56523,9,0.00878906
2663,train,88475,0,0.00000000
2664,train,25779,26,0.02539062
2665,train,85068,0,0.00000000
2666,train,12275,7,0.00683594
2667,train,93227,13,0.01269531
2668,train,86333,19,0.01855469
2669,train,1138,0,0.00000000
2670,train,79500,0,0.00000000
2671,train,72402,0,0.00000000
2672,train,56764,0,0.00000000
2673,train,71929,0,0.00000000
2674,train,37815,15,0.01464844
2675,train,51036,8,0.00781250
2676,train,23004,0,0.00000000
2677,train,58936,0,0.00000000
2678,train,91996,0,0.00000000
2679,train,55424,0,0.00000000
2680,train,22975,0,0.00000000
2681,train,41400,0,0.00000000
2682,train,87412,0,0.00000000
2683,train,33244,0,0.00000000
2684,train,71042,1,0.00097656
2685,train,68887,7,0.00683594
2686,train,15207,0,0.00000000
2687,train,33008,0,0.00000000
2688,train,18792,0,0.00000000
2689,train,33080,0,0.00000000
2690,train,57839,8,0.00781250
2691,train,82613,0,0.00000000
2692,train,13298,0,0.00000000
2693,train,57554,6,0.00585938
2694,train,91260,12,0.01171875
2695,train,40357,0,0.00000000
2696,train,39623,13,0.01269531
2697,train,8736,0,0.00000000
2698,train,59160,17,0.01660156
2699,train,9508,14,0.01367188
2700,train,60589,10,0.00976562
2701,train,46915,0,0.00000000
2702,train,15488,0,0.00000000
2703,train,44880,0,0.00000000
2704,train,24929,1,0.00097656
2705,train,33121,0,0.00000000
2706,train,37098,0,0.00000000
2707,train,16056,0,0.00000000
2708,train,9025,0,0.00000000
2709,train,49240,0,0.00000000
2710,train,86357,0,0.00000000
2711,train,86565,26,0.02539062
2712,train,43786,0,0.00000000
2713,train,10750,0,0.00000000
2714,train,19060,8,0.00781250
2715,train,10841,0,0.00000000
2716,train,22099,25,0.02441406
2717,train,28649,0,0.00000000
2718,train,3337,0,0.00000000
2719,train,7689,0,0.00000000
2720,train,4044,0,0.00000000
2721,train,61240,0,0.00000000
2722,train,62412,0,0.00000000
2723,train,856,0,0.00000000
2724,train,68593,0,0.00000000
2725,train,30220,0,0.00000000
2726,train,65401,0,0.00000000
2727,train,55913,8,0.00781250
2728,train,64605,0,0.00000000
2729,train,37775,0,0.00000000
2730,train,52639,17,0.01660156
2731,train,85328,0,0.00000000
2732,train,49477,0,0.00000000
2733,train,2003,13,0.01269531
2734,train,29321,7,0.00683594
2735,train,22687,0,0.00000000
2736,train,48907,0,0.00000000
2737,train,85169,13,0.01269531
2738,train,30370,0,0.00000000
2739,train,71905,0,0.00000000
2740,train,26691,0,0.00000000
2741,train,61441,0,0.00000000
2742,train,30388,0,0.00000000
2743,train,4876,0,0.00000000
2744,train,31715,0,0.00000000
2745,train,64929,0,0.00000000
2746,train,82879,0,0.00000000
2747,train,35536,0,0.00000000
2748,train,50290,1,0.00097656
2749,train,77241,0,0.00000000
2750,train,50903,0,0.00000000
2751,train,77467,0,0.00000000
2752,train,16472,0,0.00000000
2753,train,90346,9,0.00878906
2754,train,80874,0,0.00000000
2755,train,18174,0,0.00000000
2756,train,7513,0,0.00000000
2757,train,51826,0,0.00000000
2758,train,27361,0,0.00000000
2759,train,29398,0,0.00000000
2760,train,3465,1,0.00097656
2761,train,63939,0,0.00000000
2762,train,41543,0,0.00000000
2763,train,28132,0,0.00000000
2764,train,12743,0,0.00000000
2765,train,51007,1,0.00097656
2766,train,22848,0,0.00000000
2767,train,33877,0,0.00000000
2768,train,6244,9,0.00878906
2769,train,83255,4,0.00390625
2770,train,47938,0,0.00000000
2771,train,755,15,0.01464844
2772,train,67882,0,0.00000000
2773,train,3989,0,0.00000000
2774,train,74997,0,0.00000000
2775,train,75955,0,0.00000000
2776,train,73268,0,0.00000000
2777,train,30426,0,0.00000000
2778,train,20060,8,0.00781250
2779,train,91287,0,0.00000000
2780,train,58483,0,0.00000000
2781,train,12162,0,0.00000000
2782,train,93151,0,0.00000000
2783,train,53472,0,0.00000000
2784,train,85471,0,0.00000000
2785,train,74108,0,0.00000000
2786,train,33288,0,0.00000000
2787,train,81103,0,0.00000000
2788,train,79851,22,0.02148438
2789,train,62388,0,0.00000000
2790,train,10562,0,0.00000000
2791,train,41272,14,0.01367188
2792,train,12864,0,0.00000000
2793,train,76079,0,0.00000000
2794,train,32664,12,0.01171875
2795,train,46105,0,0.00000000
2796,train,66996,0,0.00000000
2797,train,15580,0,0.00000000
2798,train,61724,0,0.00000000
2799,train,68484,10,0.00976562
2800,train,81540,0,0.00000000
2801,train,25889,0,0.00000000
2802,train,51643,0,0.00000000
2803,train,36746,0,0.00000000
2804,train,11640,0,0.00000000
2805,train,26210,0,0.00000000
2806,train,17217,0,0.00000000
2807,train,66837,0,0.00000000
2808,train,64272,4,0.00390625
2809,train,38787,0,0.00000000
2810,train,6784,0,0.00000000
2811,train,61813,30,0.02929688
2812,train,14408,0,0.00000000
2813,train,6319,0,0.00000000
2814,train,36940,0,0.00000000
2815,train,59083,0,0.00000000
2816,train,14881,2,0.00195312
2817,train,39620,0,0.00000000
2818,train,6481,0,0.00000000
2819,train,79068,0,0.00000000
2820,train,4712,0,0.00000000
2821,train,27922,0,0.00000000
2822,train,9040,0,0.00000000
2823,train,27794,0,0.00000000
2824,train,73687,0,0.00000000
2825,train,64665,0,0.00000000
2826,train,24233,9,0.00878906
2827,train,12916,0,0.00000000
2828,train,61424,1,0.00097656
2829,train,28817,0,0.00000000
2830,train,67467,1,0.00097656
2831,train,43210,1,0.00097656
2832,train,41664,0,0.00000000
2833,train,87554,0,0.00000000
2834,train,67743,0,0.00000000
2835,train,90532,0,0.00000000
2836,train,64272,4,0.00390625
2837,train,67724,0,0.00000000
2838,train,10865,0,0.00000000
2839,train,38597,0,0.00000000
2840,train,45904,0,0.00000000
2841,train,15216,0,0.00000000
2842,train,79976,0,0.00000000
2843,train,78479,0,0.00000000
2844,train,29126,0,0.00000000
2845,train,61973,0,0.00000000
2846,train,49103,0,0.00000000
2847,train,85676,0,0.00000000
2848,train,91594,19,0.01855469
2849,train,38267,0,0.00000000
2850,train,34944,9,0.00878906
2851,train,61768,0,0.00000000
2852,train,67313,0,0.00000000
2853,train,25920,0,0.00000000
2854,train,20856,0,0.00000000
2855,train,22140,0,0.00000000
2856,train,92248,0,0.00000000
2857,train,48304,0,0.00000000
2858,train,71509,13,0.01269531
2859,train,36001,7,0.00683594
2860,train,77636,0,0.00000000
2861,train,47020,0,0.00000000
2862,train,60657,0,0.00000000
2863,train,11476,0,0.00000000
2864,train,58092,0,0.00000000
2865,train,50185,0,0.00000000
2866,train,11924,0,0.00000000
2867,train,75644,0,0.00000000
2868,train,89953,2,0.00195312
2869,train,31345,6,0.00585938
2870,train,42096,21,0.02050781
2871,train,16361,0,0.00000000
2872,train,14553,0,0.00000000
2873,train,19823,0,0.00000000
2874,train,51184,0,0.00000000
2875,train,72658,0,0.00000000
2876,train,16040,19,0.01855469
2877,train,70632,0,0.00000000
2878,train,17088,0,0.00000000
2879,train,52611,0,0.00000000
2880,train,88203,0,0.00000000
2881,train,4176,23,0.02246094
2882,train,20224,0,0.00000000
2883,train,53056,0,0.00000000
2884,train,49423,0,0.00000000
2885,train,85809,0,0.00000000
2886,train,48101,0,0.00000000
2887,train,68613,1,0.00097656
2888,train,68770,0,0.00000000
2889,train,37104,0,0.00000000
2890,train,59254,0,0.00000000
2891,train,20477,0,0.00000000
2892,train,67340,0,0.00000000
2893,train,9019,0,0.00000000
2894,train,714,0,0.00000000
2895,train,39082,0,0.00000000
2896,train,19146,0,0.00000000
2897,train,27709,0,0.00000000
2898,train,59700,0,0.00000000
2899,train,18585,0,0.00000000
2900,train,6764,0,0.00000000
2901,train,61789,0,0.00000000
2902,train,47297,0,0.00000000
2903,train,25746,0,0.00000000
2904,train,13564,0,0.00000000
2905,train,17420,0,0.00000000
2906,train,55432,0,0.00000000
2907,train,11722,14,0.01367188
2908,train,67555,0,0.00000000
2909,train,21916,0,0.00000000
2910,train,16948,0,0.00000000
2911,train,8915,0,0.00000000
2912,train,48366,10,0.00976562
2913,train,29180,18,0.01757812
2914,train,29482,0,0.00000000
2915,train,90724,0,0.00000000
2916,train,75620,15,0.01464844
2917,train,53732,18,0.01757812
2918,train,5160,16,0.01562500
2919,train,80725,0,0.00000000
2920,train,41309,0,0.00000000
2921,train,58696,0,0.00000000
2922,train,30863,0,0.00000000
2923,train,88467,6,0.00585938
2924,train,11776,8,0.00781250
2925,train,24407,0,0.00000000
2926,train,81164,0,0.00000000
2927,train,12610,0,0.00000000
2928,train,14050,0,0.00000000
2929,train,88789,0,0.00000000
2930,train,74744,5,0.00488281
2931,train,63601,0,0.00000000
2932,train,22239,0,0.00000000
2933,train,50202,0,0.00000000
2934,train,43840,0,0.00000000
2935,train,43368,0,0.00000000
2936,train,42464,0,0.00000000
2937,train,1892,0,0.00000000
2938,train,14420,0,0.00000000
2939,train,19890,14,0.01367188
2940,train,45770,10,0.00976562
2941,train,48777,0,0.00000000
2942,train,81783,0,0.00000000
2943,train,2840,0,0.00000000
2944,train,76980,12,0.01171875
2945,train,47302,0,0.00000000
2946,train,39995,0,0.00000000
2947,train,67853,7,0.00683594
2948,train,72802,0,0.00000000
2949,train,73427,0,0.00000000
2950,train,17912,0,0.00000000
2951,train,7438,0,0.00000000
2952,train,12352,0,0.00000000
2953,train,50719,0,0.00000000
2954,train,83515,11,0.01074219
2955,train,40964,8,0.00781250
2956,train,80968,0,0.00000000
2957,train,72941,1,0.00097656
2958,train,31840,0,0.00000000
2959,train,66243,20,0.01953125
2960,train,14784,0,0.00000000
2961,train,1258,0,0.00000000
2962,train,70340,0,0.00000000
2963,train,43992,8,0.00781250
2964,train,92318,0,0.00000000
2965,train,63053,0,0.00000000
2966,train,31936,0,0.00000000
2967,train,22808,0,0.00000000
2968,train,1662,21,0.02050781
2969,train,56356,0,0.00000000
2970,train,17488,0,0.00000000
2971,train,44536,0,0.00000000
2972,train,67227,0,0.00000000
2973,train,57768,0,0.00000000
2974,train,21069,20,0.01953125
2975,train,44105,0,0.00000000
2976,train,38226,0,0.00000000
2977,train,32784,0,0.00000000
2978,train,258,0,0.00000000
2979,train,19500,18,0.01757812
2980,train,6428,0,0.00000000
2981,train,40812,0,0.00000000
2982,train,14681,0,0.00000000
2983,train,722,0,0.00000000
2984,train,65836,16,0.01562500
2985,train,57255,0,0.00000000
2986,train,85228,0,0.00000000
2987,train,11539,0,0.00000000
2988,train,49811,0,0.00000000
2989,train,33090,0,0.00000000
2990,train,6656,0,0.00000000
2991,train,57333,0,0.00000000
2992,train,2230,0,0.00000000
2993,train,51153,10,0.00976562
2994,train,10480,0,0.00000000
2995,train,3871,0,0.00000000
2996,train,76186,12,0.01171875
2997,train,41233,0,0.00000000
2998,train,29599,7,0.00683594
2999,train,72993,0,0.00000000
3000,train,70682,0,0.00000000
3001,train,83739,0,0.00000000
3002,train,38203,10,0.00976562
3003,train,55184,0,0.00000000
3004,train,6804,0,0.00000000
3005,train,58849,0,0.00000000
3006,train,31040,0,0.00000000
3007,train,46880,0,0.00000000
3008,train,71679,0,0.00000000
3009,train,30372,23,0.02246094
3010,train,8003,3,0.00292969
3011,train,85236,18,0.01757812
3012,train,2005,14,0.01367188
3013,train,43891,14,0.01367188
3014,train,63692,0,0.00000000
3015,train,56535,0,0.00000000
3016,train,74932,0,0.00000000
3017,train,90260,0,0.00000000
3018,train,72804,19,0.01855469
3019,train,70427,6,0.00585938
3020,train,58899,0,0.00000000
3021,train,7191,0,0.00000000
3022,train,18961,0,0.00000000
3023,train,81429,0,0.00000000
3024,train,9226,14,0.01367188
3025,train,89005,17,0.01660156
3026,train,12511,0,0.00000000
3027,train,45152,0,0.00000000
3028,train,64195,0,0.00000000
3029,train,6551,0,0.00000000
3030,train,45219,0,0.00000000
3031,train,53084,16,0.01562500
3032,train,40207,1,0.00097656
3033,train,86599,9,0.00878906
3034,train,51148,0,0.00000000
3035,train,77291,0,0.00000000
3036,train,55162,0,0.00000000
3037,train,3525,0,0.00000000
3038,train,20596,0,0.00000000
3039,train,43788,0,0.00000000
3040,train,13571,20,0.01953125
3041,train,37402,0,0.00000000
3042,train,72331,0,0.00000000
3043,train,35401,28,0.02734375
3044,train,41524,19,0.01855469
3045,train,68486,0,0.00000000
3046,train,90064,0,0.00000000
3047,train,8977,0,0.00000000
3048,train,86088,0,0.00000000
3049,train,89385,0,0.00000000
3050,train,6277,12,0.01171875
3051,train,26631,25,0.02441406
3052,train,41291,0,0.00000000
3053,train,5637,0,0.00000000
3054,train,7948,0,0.00000000
3055,train,28801,0,0.00000000
3056,train,66032,0,0.00000000
3057,train,86989,0,0.00000000
3058,train,51416,0,0.00000000
3059,train,35848,0,0.00000000
3060,train,73697,0,0.00000000
3061,train,87074,9,0.00878906
3062,train,64061,0,0.00000000
3063,train,53499,0,0.00000000
3064,train,83885,0,0.00000000
3065,train,4828,0,0.00000000
3066,train,13714,0,0.00000000
3067,train,9285,1,0.00097656
3068,train,16708,18,0.01757812
3069,train,24185,0,0.00000000
3070,train,20773,0,0.00000000
3071,train,1674,0,0.00000000
3072,train,48438,0,0.00000000
3073,train,54724,0,0.00000000
3074,train,79841,0,0.00000000
3075,train,1300,0,0.00000000
3076,train,50372,0,0.00000000
3077,train,44536,0,0.00000000
3078,train,52649,0,0.00000000
3079,train,56981,0,0.00000000
3080,train,65072,0,0.00000000
3081,train,44279,0,0.00000000
3082,train,77078,0,0.00000000
3083,train,50162,0,0.00000000
3084,train,76808,0,0.00000000
3085,train,42520,1,0.00097656
3086,train,32504,0,0.00000000
3087,train,69224,0,0.00000000
3088,train,2780,20,0.01953125
3089,train,28147,0,0.00000000
3090,train,42938,2,0.00195312
3091,train,13452,23,0.02246094
3092,train,13896,0,0.00000000
3093,train,38973,6,0.00585938
3094,train,75291,0,0.00000000
3095,train,83322,0,0.00000000
3096,train,11567,0,0.00000000
3097,train,48956,0,0.00000000
3098,train,90554,18,0.01757812
3099,train,70498,0,0.00000000
3100,train,55658,0,0.00000000
3101,train,27069,1,0.00097656
3102,train,69482,16,0.01562500
3103,train,27867,0,0.00000000
3104,train,15875,0,0.00000000
3105,train,22227,0,0.00000000
3106,train,33188,0,0.00000000
3107,train,7460,23,0.02246094
3108,train,42896,0,0.00000000
3109,train,13967,0,0.00000000
3110,train,31531,1,0.00097656
3111,train,66701,0,0.00000000
3112,train,93276,10,0.00976562
3113,train,3472,0,0.00000000
3114,train,84499,0,0.00000000
3115,train,5880,0,0.00000000
3116,train,26472,7,0.00683594
3117,train,21284,1,0.00097656
3118,train,13572,20,0.01953125
3119,train,2492,0,0.00000000
3120,train,58343,8,0.00781250
3121,train,80912,0,0.00000000
3122,train,73646,0,0.00000000
3123,train,68342,0,0.00000000
3124,train,85812,0,0.00000000
3125,train,48650,0,0.00000000
3126,train,59754,0,0.00000000
3127,train,81374,0,0.00000000
3128,train,16249,0,0.00000000
3129,train,78636,0,0.00000000
3130,train,77129,14,0.01367188
3131,train,79429,0,0.00000000
3132,train,80530,0,0.00000000
3133,train,32384,0,0.00000000
3134,train,1532,0,0.00000000
3135,train,71995,0,0.00000000
3136,train,31866,14,0.01367188
3137,train,6594,0,0.00000000
3138,train,26396,0,0.00000000
3139,train,77250,0,0.00000000
3140,train,40871,0,0.00000000
3141,train,35730,13,0.01269531
3142,train,70549,0,0.00000000
3143,train,74398,0,0.00000000
3144,train,59513,0,0.00000000
3145,train,16884,0,0.00000000
3146,train,47819,0,0.00000000
3147,train,85985,7,0.00683594
3148,train,33404,0,0.00000000
3149,train,18151,0,0.00000000
3150,train,3868,20,0.01953125
3151,train,10392,0,0.00000000
3152,train,61076,0,0.00000000
3153,train,22906,22,0.02148438
3154,train,87907,0,0.00000000
3155,train,22405,0,0.00000000
3156,train,70589,0,0.00000000
3157,train,49586,0,0.00000000
3158,train,35972,0,0.00000000
3159,train,2924,0,0.00000000
3160,train,93181,0,0.00000000
3161,train,50891,0,0.00000000
3162,train,31983,0,0.00000000
3163,train,92828,0,0.00000000
3164,train,18635,0,0.00000000
3165,train,5526,0,0.00000000
3166,train,59099,9,0.00878906
3167,train,2620,0,0.00000000
3168,train,25684,0,0.00000000
3169,train,71820,0,0.00000000
3170,train,67093,0,0.00000000
3171,train,74983,0,0.00000000
3172,train,39601,27,0.02636719
3173,train,44772,19,0.01855469
3174,train,3184,5,0.00488281
3175,train,41228,0,0.00000000
3176,train,80780,0,0.00000000
3177,train,19622,0,0.00000000
3178,train,52794,0,0.00000000
3179,train,63206,0,0.00000000
3180,train,88002,21,0.02050781
3181,train,43578,0,0.00000000
3182,train,39098,1,0.00097656
3183,train,27690,0,0.00000000
3184,train,28576,9,0.00878906
3185,train,92855,0,0.00000000
3186,train,35401,0,0.00000000
3187,train,22473,0,0.00000000
3188,train,69720,0,0.00000000
3189,train,72949,0,0.00000000
3190,train,2840,0,0.00000000
3191,train,28957,0,0.00000000
3192,train,12722,0,0.00000000
3193,train,5847,0,0.00000000
3194,train,2632,0,0.00000000
3195,train,35125,0,0.00000000
3196,train,12106,13,0.01269531
3197,train,1782,1,0.00097656
3198,train,5076,0,0.00000000
3199,train,29362,0,0.00000000
3200,train,39699,0,0.00000000
3201,train,15802,9,0.00878906
3202,train,57796,0,0.00000000
3203,train,59800,0,0.00000000
3204,train,20474,0,0.00000000
3205,train,14510,0,0.00000000
3206,train,79581,0,0.00000000
3207,train,41889,8,0.00781250
3208,train,20825,10,0.00976562
3209,train,14723,4,0.00390625
3210,train,43524,11,0.01074219
3211,train,2464,22,0.02148438
3212,train,24212,11,0.01074219
3213,train,11604,0,0.00000000
3214,train,11452,0,0.00000000
3215,train,7,0,0.00000000
3216,train,48658,0,0.00000000
3217,train,43819,0,0.00000000
3218,train,7368,0,0.00000000
3219,train,84769,0,0.00000000
3220,train,53730,12,0.01171875
3221,train,26961,0,0.00000000
3222,train,34947,8,0.00781250
3223,train,11907,0,0.00000000
3224,train,14056,0,0.00000000
3225,train,41854,0,0.00000000
3226,train,48091,0,0.00000000
3227,train,29784,0,0.00000000
3228,train,61185,0,0.00000000
3229,train,38020,0,0.00000000
3230,train,49520,0,0.00000000
3231,train,18520,0,0.00000000
3232,train,65599,0,0.00000000
3233,train,13608,20,0.01953125
3234,train,61523,0,0.00000000
3235,train,13590,0,0.00000000
3236,train,9131,0,0.00000000
3237,train,8188,0,0.00000000
3238,train,17243,15,0.01464844
3239,train,76664,0,0.00000000
3240,train,5304,0,0.00000000
3241,train,40970,1,0.00097656
3242,train,34066,0,0.00000000
3243,train,87517,0,0.00000000
3244,train,12123,0,0.00000000
3245,train,71823,0,0.00000000
3246,train,49434,0,0.00000000
3247,train,30353,0,0.00000000
3248,train,39871,0,0.00000000
3249,train,14121,0,0.00000000
3250,train,4848,0,0.00000000
3251,train,39852,0,0.00000000
3252,train,33323,0,0.00000000
3253,train,64161,0,0.00000000
3254,train,54293,0,0.00000000
3255,train,87969,0,0.00000000
3256,train,57783,0,0.00000000
3257,train,9660,0,0.00000000
3258,train,736,0,0.00000000
3259,train,45433,0,0.00000000
3260,train,52904,0,0.00000000
3261,train,91800,1,0.00097656
3262,train,65680,0,0.00000000
3263,train,75840,0,0.00000000
3264,train,84148,0,0.00000000
3265,train,92639,0,0.00000000
3266,train,34419,0,0.00000000
3267,train,78504,0,0.00000000
3268,train,26102,12,0.01171875
3269,train,30368,0,0.00000000
3270,train,29487,20,0.01953125
3271,train,360,0,0.00000000
3272,train,24929,0,0.00000000
3273,train,39385,0,0.00000000
3274,train,41203,0,0.00000000
3275,train,76837,16,0.01562500
3276,train,17480,19,0.01855469
3277,train,72456,0,0.00000000
3278,train,2427,19,0.01855469
3279,train,70325,0,0.00000000
3280,train,17087,0,0.00000000
3281,train,8375,0,0.00000000
3282,train,35579,7,0.00683594
3283,train,59930,0,0.00000000
3284,train,8489,0,0.00000000
3285,train,32674,0,0.00000000
3286,train,54269,0,0.00000000
3287,train,20484,0,0.00000000
3288,train,28184,0,0.00000000
3289,train,21591,18,0.01757812
3290,train,68885,0,0.00000000
3291,train,51758,0,0.00000000
3292,train,30404,0,0.00000000
3293,train,56544,0,0.00000000
3294,train,83097,13,0.01269531
3295,train,9921,0,0.00000000
3296,train,52390,0,0.00000000
3297,train,58464,8,0.00781250
3298,train,29323,9,0.00878906
3299,train,67776,1,0.00097656
3300,train,80528,0,0.00000000
3301,train,7948,0,0.00000000
3302,train,5149,0,0.00000000
3303,train,37192,11,0.01074219
3304,train,17220,0,0.00000000
3305,train,78281,0,0.00000000
3306,train,41316,0,0.00000000
3307,train,14727,6,0.00585938
3308,train,38937,0,0.00000000
3309,train,124,0,0.00000000
3310,train,76450,0,0.00000000
3311,train,69009,0,0.00000000
3312,train,24801,17,0.01660156
3313,train,2914,0,0.00000000
3314,train,45748,0,0.00000000
3315,train,9040,0,0.00000000
3316,train,153,0,0.00000000
3317,train,89636,0,0.00000000
3318,train,17082,0,0.00000000
3319,train,71724,0,0.00000000
3320,train,61869,0,0.00000000
3321,train,72462,0,0.00000000
3322,train,70121,6,0.00585938
3323,train,37438,8,0.00781250
3324,train,30055,0,0.00000000
3325,train,67884,0,0.00000000
3326,train,28291,0,0.00000000
3327,train,30314,0,0.00000000
3328,train,52264,0,0.00000000
3329,train,37811,15,0.01464844
3330,train,40484,0,0.00000000
3331,train,58176,0,0.00000000
3332,train,73116,1,0.00097656
3333,train,9915,16,0.01562500
3334,train,65523,13,0.01269531
3335,train,51500,0,0.00000000
3336,train,60146,9,0.00878906
3337,train,49720,0,0.00000000
3338,train,25600,0,0.00000000
3339,train,15490,0,0.00000000
3340,train,81243,0,0.00000000
3341,train,44536,0,0.00000000
3342,train,40689,0,0.00000000
3343,train,38989,7,0.00683594
3344,train,90340,0,0.00000000
3345,train,91951,0,0.00000000
3346,train,80364,0,0.00000000
3347,train,88234,0,0.00000000
3348,train,66248,0,0.00000000
3349,train,29499,0,0.00000000
3350,train,17895,0,0.00000000
3351,train,70202,2,0.00195312
3352,train,48871,0,0.00000000
3353,train,39673,2,0.00195312
3354,train,72303,0,0.00000000
3355,train,809,0,0.00000000
3356,train,77402,0,0.00000000
3357,train,63971,0,0.00000000
3358,train,66799,14,0.01367188
3359,train,5579,0,0.00000000
3360,train,28081,0,0.00000000
3361,train,1561,0,0.00000000
3362,train,60629,0,0.00000000
3363,train,87332,0,0.00000000
3364,train,14861,0,0.00000000
3365,train,62148,0,0.00000000
3366,train,30524,0,0.00000000
3367,train,61752,0,0.00000000
3368,train,44955,3,0.00292969
3369,train,1681,0,0.00000000
3370,train,35624,0,0.00000000
3371,train,41106,0,0.00000000
3372,train,20765,17,0.01660156
3373,train,59273,0,0.00000000
3374,train,78154,0,0.00000000
3375,train,11443,19,0.01855469
3376,train,26817,0,0.00000000
3377,train,68833,0,0.00000000
3378,train,52572,17,0.01660156
3379,train,42217,10,0.00976562
3380,train,40928,5,0.00488281
3381,train,86378,0,0.00000000
3382,train,11028,0,0.00000000
3383,train,31164,0,0.00000000
3384,train,18312,0,0.00000000
3385,train,3730,1,0.00097656
3386,train,7988,0,0.00000000
3387,train,90196,0,0.00000000
3388,train,35973,0,0.00000000
3389,train,76971,0,0.00000000
3390,train,43580,0,0.00000000
3391,train,78693,0,0.00000000
3392,train,17762,0,0.00000000
3393,train,90044,16,0.01562500
3394,train,48457,0,0.00000000
3395,train,6517,0,0.00000000
3396,train,45007,0,0.00000000
3397,train,16450,10,0.00976562
3398,train,89866,0,0.00000000
3399,train,56252,0,0.00000000
3400,train,62986,0,0.00000000
3401,train,37812,0,0.00000000
3402,train,3336,0,0.00000000
3403,train,65093,0,0.00000000
3404,train,46616,0,0.00000000
3405,train,91269,0,0.00000000
3406,train,64656,0,0.00000000
3407,train,63981,0,0.00000000
3408,train,46899,0,0.00000000
3409,train,68764,0,0.00000000
3410,train,49818,0,0.00000000
3411,train,37545,5,0.00488281
3412,train,13042,0,0.00000000
3413,train,59000,0,0.00000000
3414,train,29120,0,0.00000000
3415,train,4927,0,0.00000000
3416,train,31888,0,0.00000000
3417,train,51077,0,0.00000000
3418,train,46891,0,0.00000000
3419,train,79597,1,0.00097656
3420,train,79872,0,0.00000000
3421,train,65680,1,0.00097656
3422,train,52522,0,0.00000000
3423,train,12672,0,0.00000000
3424,train,66321,0,0.00000000
3425,train,69225,0,0.00000000
3426,train,21930,13,0.01269531
3427,train,34470,1,0.00097656
3428,train,14635,0,0.00000000
3429,train,89866,0,0.00000000
3430,train,4290,0,0.00000000
3431,train,33244,0,0.00000000
3432,train,20937,0,0.00000000
3433,train,33936,12,0.01171875
3434,train,75716,0,0.00000000
3435,train,66436,0,0.00000000
3436,train,22105,9,0.00878906
3437,train,15716,0,0.00000000
3438,train,76203,13,0.01269531
3439,train,62376,0,0.00000000
3440,train,6592,0,0.00000000
3441,train,40679,0,0.00000000
3442,train,19553,0,0.00000000
3443,train,60897,0,0.00000000
3444,train,65434,1,0.00097656
3445,train,86276,0,0.00000000
3446,train,76724,0,0.00000000
3447,train,20231,16,0.01562500
3448,train,72188,0,0.00000000
3449,train,12424,0,0.00000000
3450,train,4848,1,0.00097656
3451,train,63485,0,0.00000000
3452,train,30050,0,0.00000000
3453,train,15914,26,0.02539062
3454,train,76559,0,0.00000000
3455,train,25180,0,0.00000000
3456,train,48214,0,0.00000000
3457,train,57236,0,0.00000000
3458,train,62065,0,0.00000000
3459,train,1684,0,0.00000000
3460,train,48900,0,0.00000000
3461,train,51280,0,0.00000000
3462,train,26604,0,0.00000000
3463,train,31706,0,0.00000000
3464,train,5364,0,0.00000000
3465,train,80266,0,0.00000000
3466,train,80240,12,0.01171875
3467,train,66737,0,0.00000000
3468,train,84224,7,0.00683594
3469,train,20257,0,0.00000000
3470,train,47297,0,0.00000000
3471,train,49500,0,0.00000000
3472,train,5413,0,0.00000000
3473,train,82299,0,0.00000000
3474,train,54512,0,0.00000000
3475,train,91409,0,0.00000000
3476,train,78317,0,0.00000000
3477,train,26470,0,0.00000000
3478,train,23083,0,0.00000000
3479,train,68812,0,0.00000000
3480,train,80144,7,0.00683594
3481,train,16217,1,0.00097656
3482,train,12998,0,0.00000000
3483,train,48321,0,0.00000000
3484,train,90013,0,0.00000000
3485,train,48869,0,0.00000000
3486,train,38357,0,0.00000000
3487,train,51235,0,0.00000000
3488,train,24632,5,0.00488281
3489,train,25712,5,0.00488281
3490,train,58209,0,0.00000000
3491,train,31192,0,0.00000000
3492,train,85114,0,0.00000000
3493,train,86424,0,0.00000000
3494,train,5955,8,0.00781250
3495,train,55442,0,0.00000000
3496,train,89872,9,0.00878906
3497,train,56388,0,0.00000000
3498,train,33444,0,0.00000000
3499,train,53269,0,0.00000000
3500,train,55568,0,0.00000000
3501,train,30280,0,0.00000000
3502,train,58554,0,0.00000000
3503,train,33914,0,0.00000000
3504,train,42078,18,0.01757812
3505,train,65500,0,0.00000000
3506,train,7994,0,0.00000000
3507,train,56791,0,0.00000000
3508,train,27323,0,0.00000000
3509,train,26484,0,0.00000000
3510,train,13080,0,0.00000000
3511,train,92016,10,0.00976562
3512,train,51708,0,0.00000000
3513,train,2842,2,0.00195312
3514,train,49288,0,0.00000000
3515,train,72258,0,0.00000000
3516,train,74928,0,0.00000000
3517,train,22739,0,0.00000000
3518,train,82005,0,0.00000000
3519,train,91417,0,0.00000000
3520,train,63891,0,0.00000000
3521,train,51145,0,0.00000000
3522,train,67672,10,0.00976562
3523,train,79972,0,0.00000000
3524,train,73777,18,0.01757812
3525,train,39085,0,0.00000000
3526,train,81943,0,0.00000000
3527,train,92805,0,0.00000000
3528,train,69272,0,0.00000000
3529,train,66673,0,0.00000000
3530,train,18373,0,0.00000000
3531,train,18530,0,0.00000000
3532,train,74553,8,0.00781250
3533,train,1227,0,0.00000000
3534,train,67570,0,0.00000000
3535,train,18292,0,0.00000000
3536,train,59900,9,0.00878906
3537,train,75463,5,0.00488281
3538,train,46620,22,0.02148438
3539,train,63411,0,0.00000000
3540,train,56167,18,0.01757812
3541,train,66914,0,0.00000000
3542,train,36386,0,0.00000000
3543,train,26756,0,0.00000000
3544,train,54321,0,0.00000000
3545,train,20480,0,0.00000000
3546,train,86140,0,0.00000000
3547,train,50868,0,0.00000000
3548,train,38152,8,0.00781250
3549,train,34180,0,0.00000000
3550,train,41115,0,0.00000000
3551,train,77796,0,0.00000000
3552,train,22763,7,0.00683594
3553,train,46336,1,0.00097656
3554,train,79476,0,0.00000000
3555,train,74804,0,0.00000000
3556,train,52524,0,0.00000000
3557,train,43898,0,0.00000000
3558,train,83207,0,0.00000000
3559,train,37778,6,0.00585938
3560,train,69227,0,0.00000000
3561,train,62565,0,0.00000000
3562,train,47584,0,0.00000000
3563,train,51808,20,0.01953125
3564,train,19146,0,0.00000000
3565,train,90420,0,0.00000000
3566,train,57064,0,0.00000000
3567,train,53472,18,0.01757812
3568,train,34828,0,0.00000000
3569,train,46282,14,0.01367188
3570,train,9660,0,0.00000000
3571,train,4784,2,0.00195312
3572,train,46186,0,0.00000000
3573,train,47087,0,0.00000000
3574,train,53731,0,0.00000000
3575,train,91737,0,0.00000000
3576,train,15025,19,0.01855469
3577,train,4879,0,0.00000000
3578,train,81488,0,0.00000000
3579,train,83604,2,0.00195312
3580,train,72915,14,0.01367188
3581,train,26472,0,0.00000000
3582,train,32580,16,0.01562500
3583,train,28352,5,0.00488281
3584,train,79659,0,0.00000000
3585,train,13654,0,0.00000000
3586,train,64936,0,0.00000000
3587,train,3311,0,0.00000000
3588,train,78932,0,0.00000000
3589,train,78605,0,0.00000000
3590,train,78876,0,0.00000000
3591,train,31912,0,0.00000000
3592,train,53640,0,0.00000000
3593,train,44772,0,0.00000000
3594,train,61304,0,0.00000000
3595,train,72452,9,0.00878906
3596,train,74434,0,0.00000000
3597,train,25990,1,0.00097656
3598,train,48884,0,0.00000000
3599,train,31531,0,0.00000000
3600,train,82442,11,0.01074219
3601,train,91928,0,0.00000000
3602,train,79760,0,0.00000000
3603,train,21461,0,0.00000000
3604,train,3141,0,0.00000000
3605,train,19387,0,0.00000000
3606,train,2424,1,0.00097656
3607,train,50814,0,0.00000000
3608,train,14368,0,0.00000000
3609,train,31843,10,0.00976562
3610,train,7443,0,0.00000000
3611,train,40421,0,0.00000000
3612,train,82706,0,0.00000000
3613,train,21964,0,0.00000000
3614,train,53416,0,0.00000000
3615,train,3885,0,0.00000000
3616,train,90083,0,0.00000000
3617,train,40491,0,0.00000000
3618,train,90796,0,0.00000000
3619,train,78287,0,0.00000000
3620,train,31794,0,0.00000000
3621,train,74616,0,0.00000000
3622,train,89680,0,0.00000000
3623,train,46858,0,0.00000000
3624,train,66955,0,0.00000000
3625,train,64278,0,0.00000000
3626,train,4592,1,0.00097656
3627,train,63336,0,0.00000000
3628,train,53545,12,0.01171875
3629,train,14709,0,0.00000000
3630,train,27636,0,0.00000000
3631,train,27210,0,0.00000000
3632,train,19521,15,0.01464844
3633,train,13527,0,0.00000000
3634,train,51149,0,0.00000000
3635,train,83415,0,0.00000000
3636,train,52424,0,0.00000000
3637,train,70580,0,0.00000000
3638,train,9205,7,0.00683594
3639,train,72474,0,0.00000000
3640,train,74929,20,0.01953125
3641,train,31908,0,0.00000000
3642,train,48892,16,0.01562500
3643,train,33432,0,0.00000000
3644,train,59896,1,0.00097656
3645,train,61189,0,0.00000000
3646,train,27503,0,0.00000000
3647,train,66211,0,0.00000000
3648,train,8593,2,0.00195312
3649,train,80144,7,0.00683594
3650,train,77993,0,0.00000000
3651,train,64623,0,0.00000000
3652,train,57460,0,0.00000000
3653,train,18227,0,0.00000000
3654,train,58467,0,0.00000000
3655,train,13156,0,0.00000000
3656,train,16509,0,0.00000000
3657,train,92315,0,0.00000000
3658,train,31716,0,0.00000000
3659,train,82998,0,0.00000000
3660,train,88729,0,0.00000000
3661,train,56547,0,0.00000000
3662,train,10635,0,0.00000000
3663,train,88276,0,0.00000000
3664,train,37776,8,0.00781250
3665,train,87460,0,0.00000000
3666,train,33089,0,0.00000000
3667,train,61338,0,0.00000000
3668,train,48237,0,0.00000000
3669,train,72276,0,0.00000000
3670,train,54816,0,0.00000000
3671,train,83692,0,0.00000000
3672,train,54816,0,0.00000000
3673,train,794,0,0.00000000
3674,train,14968,0,0.00000000
3675,train,82875,0,0.00000000
3676,train,63410,0,0.00000000
3677,train,74620,0,0.00000000
3678,train,29916,0,0.00000000
3679,train,30132,0,0.00000000
3680,train,85508,0,0.00000000
3681,train,92699,0,0.00000000
3682,train,87331,0,0.00000000
3683,train,74942,0,0.00000000
3684,train,63194,0,0.00000000
3685,train,40700,0,0.00000000
3686,train,40929,7,0.00683594
3687,train,45021,9,0.00878906
3688,train,42078,0,0.00000000
3689,train,57056,16,0.01562500
3690,train,93154,0,0.00000000
3691,train,74059,0,0.00000000
3692,train,74104,0,0.00000000
3693,train,55796,0,0.00000000
3694,train,22097,0,0.00000000
3695,train,59164,0,0.00000000
3696,train,68065,1,0.00097656
3697,train,73271,0,0.00000000
3698,train,3428,0,0.00000000
3699,train,15033,0,0.00000000
3700,train,38520,0,0.00000000
3701,train,50633,0,0.00000000
3702,train,85863,0,0.00000000
3703,train,48489,0,0.00000000
3704,train,3834,13,0.01269531
3705,train,59216,9,0.00878906
3706,train,88016,0,0.00000000
3707,train,47120,0,0.00000000
3708,train,51531,0,0.00000000
3709,train,84338,12,0.01171875
3710,train,7027,0,0.00000000
3711,train,25619,0,0.00000000
3712,train,45891,0,0.00000000
3713,train,58464,0,0.00000000
3714,train,24100,0,0.00000000
3715,train,92724,0,0.00000000
3716,train,87434,0,0.00000000
3717,train,80152,0,0.00000000
3718,train,8632,0,0.00000000
3719,train,69197,0,0.00000000
3720,train,80435,0,0.00000000
3721,train,33112,0,0.00000000
3722,train,19660,14,0.01367188
3723,train,81600,0,0.00000000
3724,train,69782,0,0.00000000
3725,train,29980,0,0.00000000
3726,train,19077,0,0.00000000
3727,train,73748,10,0.00976562
3728,train,90018,0,0.00000000
3729,train,3892,0,0.00000000
3730,train,72396,0,0.00000000
3731,train,81081,0,0.00000000
3732,train,64897,0,0.00000000
3733,train,27144,0,0.00000000
3734,train,59907,0,0.00000000
3735,train,80860,0,0.00000000
3736,train,23432,0,0.00000000
3737,train,3808,0,0.00000000
3738,train,71455,0,0.00000000
3739,train,26035,16,0.01562500
3740,train,48021,0,0.00000000
3741,train,26893,8,0.00781250
3742,train,66956,16,0.01562500
3743,train,8144,0,0.00000000
3744,train,5668,0,0.00000000
3745,train,54268,15,0.01464844
3746,train,38337,0,0.00000000
3747,train,32508,0,0.00000000
3748,train,14171,0,0.00000000
3749,train,19112,0,0.00000000
3750,train,22755,0,0.00000000
3751,train,50236,0,0.00000000
3752,train,37098,0,0.00000000
3753,train,27472,0,0.00000000
3754,train,21272,0,0.00000000
3755,train,71796,0,0.00000000
3756,train,25394,0,0.00000000
3757,train,61699,0,0.00000000
3758,train,58683,0,0.00000000
3759,train,76120,1,0.00097656
3760,train,21912,0,0.00000000
3761,train,91361,0,0.00000000
3762,train,48889,10,0.00976562
3763,train,32088,0,0.00000000
3764,train,983,0,0.00000000
3765,train,9575,0,0.00000000
3766,train,55733,0,0.00000000
3767,train,50517,0,0.00000000
3768,train,13338,0,0.00000000
3769,train,53528,0,0.00000000
3770,train,49027,0,0.00000000
3771,train,21684,0,0.00000000
3772,train,53057,0,0.00000000
3773,train,19449,0,0.00000000
3774,train,76337,0,0.00000000
3775,train,66753,0,0.00000000
3776,train,77724,0,0.00000000
3777,train,58939,0,0.00000000
3778,train,62994,0,0.00000000
3779,train,23601,0,0.00000000
3780,train,50217,0,0.00000000
3781,train,22236,0,0.00000000
3782,train,45616,0,0.00000000
3783,train,52023,1,0.00097656
3784,train,29527,0,0.00000000
3785,train,29805,0,0.00000000
3786,train,15760,9,0.00878906
3787,train,88116,0,0.00000000
3788,train,16424,1,0.00097656
3789,train,28712,5,0.00488281
3790,train,30153,0,0.00000000
3791,train,39028,0,0.00000000
3792,train,51758,0,0.00000000
3793,train,2419,0,0.00000000
3794,train,41456,25,0.02441406
3795,train,51005,0,0.00000000
3796,train,29440,0,0.00000000
3797,train,90560,14,0.01367188
3798,train,33876,0,0.00000000
3799,train,11432,0,0.00000000
3800,train,11693,0,0.00000000
3801,train,32855,0,0.00000000
3802,train,92281,0,0.00000000
3803,train,28880,0,0.00000000
3804,train,53441,13,0.01269531
3805,train,85964,0,0.00000000
3806,train,15900,0,0.00000000
3807,train,84770,7,0.00683594
3808,train,47040,0,0.00000000
3809,train,440,0,0.00000000
3810,train,9025,0,0.00000000
3811,train,30961,10,0.00976562
3812,train,90301,0,0.00000000
3813,train,75436,0,0.00000000
3814,train,35344,12,0.01171875
3815,train,67128,0,0.00000000
3816,train,15385,24,0.02343750
3817,train,63226,0,0.00000000
3818,train,37849,1,0.00097656
3819,train,5815,7,0.00683594
3820,train,71381,0,0.00000000
3821,train,61596,0,0.00000000
3822,train,3656,0,0.00000000
3823,train,62014,0,0.00000000
3824,train,19120,0,0.00000000
3825,train,10697,0,0.00000000
3826,train,21411,0,0.00000000
3827,train,36773,0,0.00000000
3828,train,77946,10,0.00976562
3829,train,91597,19,0.01855469
3830,train,11624,0,0.00000000
3831,train,77792,15,0.01464844
3832,train,56104,0,0.00000000
3833,train,57307,0,0.00000000
3834,train,56538,10,0.00976562
3835,train,84453,0,0.00000000
3836,train,10752,0,0.00000000
3837,train,22484,0,0.00000000
3838,train,32493,0,0.00000000
3839,train,51033,0,0.00000000
3840,train,90992,0,0.00000000
3841,train,55276,0,0.00000000
3842,train,45769,0,0.00000000
3843,train,36000,7,0.00683594
3844,train,17373,0,0.00000000
3845,train,55442,0,0.00000000
3846,train,54545,0,0.00000000
3847,train,78476,0,0.00000000
3848,train,59896,0,0.00000000
3849,train,88448,0,0.00000000
3850,train,78732,0,0.00000000
3851,train,82298,0,0.00000000
3852,train,40826,0,0.00000000
3853,train,75524,0,0.00000000
3854,train,67448,0,0.00000000
3855,train,70024,0,0.00000000
3856,train,40862,0,0.00000000
3857,train,1960,0,0.00000000
3858,train,61322,0,0.00000000
3859,train,65196,0,0.00000000
3860,train,26817,0,0.00000000
3861,train,8488,0,0.00000000
3862,train,30315,0,0.00000000
3863,train,34350,8,0.00781250
3864,train,22440,2,0.00195312
3865,train,52636,0,0.00000000
3866,train,74347,0,0.00000000
3867,train,21880,17,0.01660156
3868,train,49938,11,0.01074219
3869,train,21708,0,0.00000000
3870,train,66980,7,0.00683594
3871,train,36001,7,0.00683594
3872,train,59357,0,0.00000000
3873,train,85225,0,0.00000000
3874,train,86663,0,0.00000000
3875,train,89419,0,0.00000000
3876,train,43164,0,0.00000000
3877,train,16904,0,0.00000000
3878,train,60924,0,0.00000000
3879,train,74930,0,0.00000000
3880,train,60913,0,0.00000000
3881,train,10692,0,0.00000000
3882,train,12424,0,0.00000000
3883,train,49072,0,0.00000000
3884,train,79736,12,0.01171875
3885,train,5504,0,0.00000000
3886,train,54811,14,0.01367188
3887,train,59492,0,0.00000000
3888,train,25192,0,0.00000000
3889,train,74380,0,0.00000000
3890,train,30585,0,0.00000000
3891,train,21216,0,0.00000000
3892,train,13524,0,0.00000000
3893,train,50026,0,0.00000000
3894,train,46463,0,0.00000000
3895,train,7853,0,0.00000000
3896,train,65751,0,0.00000000
3897,train,39022,8,0.00781250
3898,train,61784,1,0.00097656
3899,train,61240,0,0.00000000
3900,train,50810,0,0.00000000
3901,train,29999,0,0.00000000
3902,train,50838,0,0.00000000
3903,train,18436,12,0.01171875
3904,train,8696,0,0.00000000
3905,train,16948,0,0.00000000
3906,train,12152,0,0.00000000
3907,train,20865,0,0.00000000
3908,train,39820,10,0.00976562
3909,train,20909,0,0.00000000
3910,train,83980,0,0.00000000
3911,train,81084,12,0.01171875
3912,train,90322,0,0.00000000
3913,train,40696,0,0.00000000
3914,train,15369,0,0.00000000
3915,train,67924,0,0.00000000
3916,train,74556,9,0.00878906
3917,train,22264,5,0.00488281
3918,train,16632,0,0.00000000
3919,train,50888,0,0.00000000
3920,train,86049,0,0.00000000
3921,train,13153,0,0.00000000
3922,train,74698,0,0.00000000
3923,train,14688,7,0.00683594
3924,train,9591,0,0.00000000
3925,train,26865,0,0.00000000
3926,train,76529,10,0.00976562
3927,train,25019,0,0.00000000
3928,train,59898,0,0.00000000
3929,train,49776,0,0.00000000
3930,train,4484,0,0.00000000
3931,train,39892,0,0.00000000
3932,train,681,0,0.00000000
3933,train,11541,0,0.00000000
3934,train,51828,0,0.00000000
3935,train,35652,0,0.00000000
3936,train,37651,11,0.01074219
3937,train,73979,8,0.00781250
3938,train,31264,0,0.00000000
3939,train,58339,8,0.00781250
3940,train,72907,0,0.00000000
3941,train,26000,0,0.00000000
3942,train,55052,0,0.00000000
3943,train,4340,0,0.00000000
3944,train,64387,3,0.00292969
3945,train,29307,13,0.01269531
3946,train,59084,3,0.00292969
3947,train,55939,0,0.00000000
3948,train,4338,0,0.00000000
3949,train,20428,0,0.00000000
3950,train,92121,0,0.00000000
3951,train,83814,0,0.00000000
3952,train,25501,0,0.00000000
3953,train,92734,7,0.00683594
3954,train,42155,0,0.00000000
3955,train,32433,0,0.00000000
3956,train,87248,0,0.00000000
3957,train,75474,1,0.00097656
3958,train,83924,15,0.01464844
3959,train,45776,0,0.00000000
3960,train,68066,1,0.00097656
3961,train,10203,0,0.00000000
3962,train,9204,0,0.00000000
3963,train,90629,0,0.00000000
3964,train,45428,16,0.01562500
3965,train,19599,0,0.00000000
3966,train,6708,11,0.01074219
3967,train,6317,0,0.00000000
3968,train,29676,0,0.00000000
3969,train,6232,8,0.00781250
3970,train,63141,0,0.00000000
3971,train,16567,1,0.00097656
3972,train,50269,0,0.00000000
3973,train,2003,13,0.01269531
3974,train,73543,0,0.00000000
3975,train,31788,0,0.00000000
3976,train,9243,0,0.00000000
3977,train,17243,15,0.01464844
3978,train,2602,0,0.00000000
3979,train,20513,8,0.00781250
3980,train,3897,0,0.00000000
3981,train,80506,0,0.00000000
3982,train,90628,0,0.00000000
3983,train,73850,0,0.00000000
3984,train,79666,0,0.00000000
3985,train,56839,0,0.00000000
3986,train,5945,0,0.00000000
3987,train,88764,0,0.00000000
3988,train,35072,0,0.00000000
3989,train,69227,0,0.00000000
3990,train,38570,0,0.00000000
3991,train,61446,0,0.00000000
3992,train,25028,0,0.00000000
3993,train,89720,0,0.00000000
3994,train,35336,21,0.02050781
3995,train,11884,0,0.00000000
3996,train,1564,0,0.00000000
3997,train,92284,0,0.00000000
3998,train,47939,0,0.00000000
3999,train,85864,0,0.00000000
4000,train,30105,0,0.00000000
4001,train,74912,0,0.00000000
4002,train,19902,0,0.00000000
4003,train,21578,0,0.00000000
4004,train,19866,0,0.00000000
4005,train,14030,0,0.00000000
4006,train,55386,0,0.00000000
4007,train,9705,0,0.00000000
4008,train,87970,0,0.00000000
4009,train,90530,0,0.00000000
4010,train,28742,0,0.00000000
4011,train,24923,13,0.01269531
4012,train,33108,0,0.00000000
4013,train,37965,0,0.00000000
4014,train,10832,0,0.00000000
4015,train,74683,0,0.00000000
4016,train,31036,0,0.00000000
4017,train,73854,0,0.00000000
4018,train,2584,0,0.00000000
4019,train,46869,0,0.00000000
4020,train,75160,0,0.00000000
4021,train,34258,0,0.00000000
4022,train,9596,0,0.00000000
4023,train,25621,9,0.00878906
4024,train,62933,15,0.01464844
4025,train,59901,0,0.00000000
4026,train,72668,0,0.00000000
4027,train,69729,0,0.00000000
4028,train,74389,0,0.00000000
4029,train,31568,0,0.00000000
4030,train,72834,0,0.00000000
4031,train,86379,24,0.02343750
4032,train,58830,0,0.00000000
4033,train,67175,0,0.00000000
4034,train,48507,0,0.00000000
4035,train,32432,0,0.00000000
4036,train,50461,0,0.00000000
4037,train,58340,7,0.00683594
4038,train,71277,0,0.00000000
4039,train,22482,0,0.00000000
4040,train,19228,15,0.01464844
4041,train,73060,0,0.00000000
4042,train,12905,0,0.00000000
4043,train,26688,0,0.00000000
4044,train,82450,0,0.00000000
4045,train,64058,13,0.01269531
4046,train,90200,0,0.00000000
4047,train,56475,0,0.00000000
4048,train,8561,0,0.00000000
4049,train,39056,1,0.00097656
4050,train,38191,0,0.00000000
4051,train,69569,0,0.00000000
4052,train,1096,0,0.00000000
4053,train,41232,0,0.00000000
4054,train,57100,0,0.00000000
4055,train,17276,28,0.02734375
4056,train,4890,0,0.00000000
4057,train,74750,3,0.00292969
4058,train,41168,0,0.00000000
4059,train,82698,0,0.00000000
4060,train,12576,0,0.00000000
4061,train,60997,0,0.00000000
4062,train,57055,0,0.00000000
4063,train,26680,0,0.00000000
4064,train,22481,0,0.00000000
4065,train,41671,0,0.00000000
4066,train,77856,1,0.00097656
4067,train,28177,28,0.02734375
4068,train,12436,0,0.00000000
4069,train,67235,0,0.00000000
4070,train,30664,0,0.00000000
4071,train,52245,0,0.00000000
4072,train,46244,0,0.00000000
4073,train,82957,0,0.00000000
4074,train,41520,20,0.01953125
4075,train,16112,0,0.00000000
4076,train,69480,0,0.00000000
4077,train,89664,0,0.00000000
4078,train,40691,0,0.00000000
4079,train,3251,0,0.00000000
4080,train,3000,17,0.01660156
4081,train,42680,0,0.00000000
4082,train,77341,20,0.01953125
4083,train,37146,0,0.00000000
4084,train,12116,0,0.00000000
4085,train,80307,0,0.00000000
4086,train,50889,0,0.00000000
4087,train,59905,0,0.00000000
4088,train,37709,0,0.00000000
4089,train,51552,0,0.00000000
4090,train,53073,10,0.00976562
4091,train,10173,0,0.00000000
4092,train,45036,15,0.01464844
4093,train,37046,12,0.01171875
4094,train,58874,0,0.00000000
4095,train,13395,18,0.01757812
0,val,16512,39,0.03808594
1,val,20701,49,0.04785156
2,val,48518,0,0.00000000
3,val,91080,56,0.05468750
4,val,2836,34,0.03320312
5,val,8925,16,0.01562500
6,val,26596,19,0.01855469
7,val,14951,31,0.03027344
8,val,33156,73,0.07128906
9,val,8952,18,0.01757812
10,val,25254,44,0.04296875
11,val,60872,27,0.02636719
12,val,1495,31,0.03027344
13,val,78770,22,0.02148438
14,val,39565,19,0.01855469
15,val,81548,11,0.01074219
16,val,68001,34,0.03320312
17,val,60238,17,0.01660156
18,val,84354,26,0.02539062
19,val,12985,16,0.01562500
20,val,68905,0,0.00000000
21,val,91580,79,0.07714844
22,val,82037,0,0.00000000
23,val,28328,49,0.04785156
24,val,92685,36,0.03515625
25,val,76772,70,0.06835938
26,val,87223,0,0.00000000
27,val,80060,20,0.01953125
28,val,55961,20,0.01953125
29,val,89601,54,0.05273438
30,val,41969,81,0.07910156
31,val,51667,52,0.05078125
32,val,68948,31,0.03027344
33,val,35194,14,0.01367188
34,val,87092,54,0.05273438
35,val,92683,46,0.04492188
36,val,43725,86,0.08398438
37,val,79179,29,0.02832031
38,val,21382,49,0.04785156
39,val,5823,46,0.04492188
40,val,19028,58,0.05664062
41,val,80627,18,0.01757812
42,val,64674,39,0.03808594
43,val,87451,12,0.01171875
44,val,46131,30,0.02929688
45,val,51921,53,0.05175781
46,val,14921,11,0.01074219
47,val,67744,37,0.03613281
48,val,22548,35,0.03417969
49,val,79530,77,0.07519531
50,val,2690,61,0.05957031
51,val,52194,17,0.01660156
52,val,65929,14,0.01367188
53,val,18002,0,0.00000000
54,val,44432,22,0.02148438
55,val,14820,60,0.05859375
56,val,28011,0,0.00000000
57,val,13800,8,0.00781250
58,val,3300,61,0.05957031
59,val,71304,32,0.03125000
60,val,17145,27,0.02636719
61,val,9088,60,0.05859375
62,val,53459,29,0.02832031
63,val,62820,15,0.01464844
64,val,71058,35,0.03417969
65,val,25323,38,0.03710938
66,val,67823,13,0.01269531
67,val,43724,80,0.07812500
68,val,54535,13,0.01269531
69,val,32568,0,0.00000000
70,val,9188,34,0.03320312
71,val,12135,61,0.05957031
72,val,40121,13,0.01269531
73,val,12130,38,0.03710938
74,val,4913,34,0.03320312
75,val,61908,15,0.01464844
76,val,52140,42,0.04101562
77,val,53101,50,0.04882812
78,val,33033,47,0.04589844
79,val,68559,9,0.00878906
80,val,26572,44,0.04296875
81,val,75172,25,0.02441406
82,val,28469,25,0.02441406
83,val,71883,17,0.01660156
84,val,1000,79,0.07714844
85,val,39122,18,0.01757812
86,val,28538,13,0.01269531
87,val,68866,53,0.05175781
88,val,16868,31,0.03027344
89,val,23732,43,0.04199219
90,val,55966,25,0.02441406
91,val,46503,22,0.02148438
92,val,2484,17,0.01660156
93,val,16681,46,0.04492188
94,val,40425,83,0.08105469
95,val,25254,44,0.04296875
96,val,40055,41,0.04003906
97,val,89461,0,0.00000000
98,val,73999,29,0.02832031
99,val,92269,35,0.03417969
100,val,40556,53,0.05175781
101,val,76904,27,0.02636719
102,val,47066,41,0.04003906
103,val,15821,13,0.01269531
104,val,1940,29,0.02832031
105,val,85124,64,0.06250000
106,val,33688,26,0.02539062
107,val,24123,21,0.02050781
108,val,43021,0,0.00000000
109,val,62823,15,0.01464844
110,val,61905,12,0.01171875
111,val,12132,62,0.06054688
112,val,89108,17,0.01660156
113,val,19612,21,0.02050781
114,val,23244,0,0.00000000
115,val,90801,39,0.03808594
116,val,45604,49,0.04785156
117,val,37188,26,0.02539062
118,val,79516,56,0.05468750
119,val,13957,0,0.00000000
120,val,33692,60,0.05859375
121,val,46123,27,0.02636719
122,val,76772,70,0.06835938
123,val,41416,36,0.03515625
124,val,89600,14,0.01367188
125,val,40799,46,0.04492188
126,val,33034,31,0.03027344
127,val,35525,20,0.01953125
128,val,84853,75,0.07324219
129,val,43117,25,0.02441406
130,val,92579,45,0.04394531
131,val,37188,46,0.04492188
132,val,56996,42,0.04101562
133,val,55133,40,0.03906250
134,val,3548,19,0.01855469
135,val,47213,18,0.01757812
136,val,25320,0,0.00000000
137,val,92785,12,0.01171875
138,val,34644,16,0.01562500
139,val,39933,28,0.02734375
140,val,57488,67,0.06542969
141,val,34675,62,0.06054688
142,val,5269,39,0.03808594
143,val,69624,10,0.00976562
144,val,24122,0,0.00000000
145,val,53223,8,0.00781250
146,val,8952,33,0.03222656
147,val,76772,67,0.06542969
148,val,60064,14,0.01367188
149,val,67280,0,0.00000000
150,val,43725,66,0.06445312
151,val,12708,28,0.02734375
152,val,20990,64,0.06250000
153,val,12570,4,0.00390625
154,val,1000,69,0.06738281
155,val,41969,88,0.08593750
156,val,92267,0,0.00000000
157,val,89202,23,0.02246094
158,val,37184,50,0.04882812
159,val,25096,0,0.00000000
160,val,13165,66,0.06445312
161,val,86460,51,0.04980469
162,val,80049,17,0.01660156
163,val,85640,7,0.00683594
164,val,5529,63,0.06152344
165,val,36312,0,0.00000000
166,val,9088,67,0.06542969
167,val,89728,19,0.01855469
168,val,51664,56,0.05468750
169,val,20700,47,0.04589844
170,val,64324,41,0.04003906
171,val,41416,29,0.02832031
172,val,5379,51,0.04980469
173,val,23734,18,0.01757812
174,val,30017,49,0.04785156
175,val,2338,48,0.04687500
176,val,17011,29,0.02832031
177,val,33699,64,0.06250000
178,val,85120,70,0.06835938
179,val,36122,43,0.04199219
180,val,92610,68,0.06640625
181,val,25376,17,0.01660156
182,val,49403,31,0.03027344
183,val,13063,23,0.02246094
184,val,92004,37,0.03613281
185,val,18700,16,0.01562500
186,val,77802,31,0.03027344
187,val,60477,14,0.01367188
188,val,35527,29,0.02832031
189,val,61096,27,0.02636719
190,val,54584,11,0.01074219
191,val,28696,24,0.02343750
192,val,52136,23,0.02246094
193,val,17146,66,0.06445312
194,val,78771,70,0.06835938
195,val,12985,13,0.01269531
196,val,8808,20,0.01953125
197,val,14548,14,0.01367188
198,val,19675,49,0.04785156
199,val,10052,54,0.05273438
200,val,85979,39,0.03808594
201,val,34857,68,0.06640625
202,val,48449,15,0.01464844
203,val,92789,0,0.00000000
204,val,81024,25,0.02441406
205,val,29250,22,0.02148438
206,val,13843,0,0.00000000
207,val,81769,0,0.00000000
208,val,26170,0,0.00000000
209,val,69506,22,0.02148438
210,val,25163,18,0.01757812
211,val,92576,58,0.05664062
212,val,10608,31,0.03027344
213,val,1600,67,0.06542969
214,val,43617,11,0.01074219
215,val,45972,27,0.02636719
216,val,14208,45,0.04394531
217,val,13408,28,0.02734375
218,val,46197,12,0.01171875
219,val,62816,38,0.03710938
220,val,12293,26,0.02539062
221,val,33688,18,0.01757812
222,val,76033,9,0.00878906
223,val,22659,18,0.01757812
224,val,89600,14,0.01367188
225,val,46600,20,0.01953125
226,val,10437,15,0.01464844
227,val,23729,43,0.04199219
228,val,13984,58,0.05664062
229,val,84107,9,0.00878906
230,val,91563,49,0.04785156
231,val,75468,62,0.06054688
232,val,90138,26,0.02539062
233,val,36308,34,0.03320312
234,val,2337,0,0.00000000
235,val,69241,20,0.01953125
236,val,50127,46,0.04492188
237,val,69784,8,0.00781250
238,val,73578,10,0.00976562
239,val,1004,21,0.02050781
240,val,25327,54,0.05273438
241,val,16232,52,0.05078125
242,val,15986,13,0.01269531
243,val,76048,50,0.04882812
244,val,83159,36,0.03515625
245,val,48708,25,0.02441406
246,val,54589,0,0.00000000
247,val,39045,59,0.05761719
248,val,62657,14,0.01367188
249,val,14819,52,0.05078125
250,val,46369,8,0.00781250
251,val,46368,13,0.01269531
252,val,72232,42,0.04101562
253,val,76304,37,0.03613281
254,val,70917,27,0.02636719
255,val,69505,62,0.06054688
256,val,64772,33,0.03222656
257,val,49465,46,0.04492188
258,val,1854,0,0.00000000
259,val,2343,31,0.03027344
260,val,76043,16,0.01562500
261,val,69182,1,0.00097656
262,val,85127,76,0.07421875
263,val,8877,61,0.05957031
264,val,44898,29,0.02832031
265,val,3198,8,0.00781250
266,val,58102,55,0.05371094
267,val,79171,31,0.03027344
268,val,78528,23,0.02246094
269,val,8808,33,0.03222656
270,val,50767,19,0.01855469
271,val,46135,20,0.01953125
272,val,75553,22,0.02148438
273,val,91890,22,0.02148438
274,val,91562,14,0.01367188
275,val,53098,34,0.03320312
276,val,33690,49,0.04785156
277,val,69843,68,0.06640625
278,val,82722,20,0.01953125
279,val,14760,54,0.05273438
280,val,80626,33,0.03222656
281,val,40280,45,0.04394531
282,val,85976,8,0.00781250
283,val,62817,66,0.06445312
284,val,89411,30,0.02929688
285,val,48704,10,0.00976562
286,val,5532,76,0.07421875
287,val,70414,17,0.01660156
288,val,43723,74,0.07226562
289,val,43722,84,0.08203125
290,val,46131,20,0.01953125
291,val,56998,18,0.01757812
292,val,45841,0,0.00000000
293,val,84865,28,0.02734375
294,val,63370,45,0.04394531
295,val,55963,0,0.00000000
296,val,83375,53,0.05175781
297,val,84666,18,0.01757812
298,val,85976,13,0.01269531
299,val,20278,50,0.04882812
300,val,69240,15,0.01464844
301,val,36313,16,0.01562500
302,val,37141,13,0.01269531
303,val,79515,50,0.04882812
304,val,5818,52,0.05078125
305,val,68373,12,0.01171875
306,val,20989,0,0.00000000
307,val,33835,56,0.05468750
308,val,1004,0,0.00000000
309,val,45841,9,0.00878906
310,val,12985,8,0.00781250
311,val,12568,15,0.01464844
312,val,29906,0,0.00000000
313,val,75856,17,0.01660156
314,val,64324,43,0.04199219
315,val,64228,78,0.07617188
316,val,39546,22,0.02148438
317,val,22208,6,0.00585938
318,val,72842,30,0.02929688
319,val,62816,68,0.06640625
320,val,76736,10,0.00976562
321,val,54535,20,0.01953125
322,val,85980,22,0.02148438
323,val,29740,11,0.01074219
324,val,79180,26,0.02539062
325,val,28193,24,0.02343750
326,val,73769,28,0.02734375
327,val,39547,9,0.00878906
328,val,60458,5,0.00488281
329,val,62820,67,0.06542969
330,val,70568,24,0.02343750
331,val,6896,58,0.05664062
332,val,20700,55,0.05371094
333,val,59627,51,0.04980469
334,val,51230,28,0.02734375
335,val,76906,42,0.04101562
336,val,37663,7,0.00683594
337,val,43113,35,0.03417969
338,val,32408,16,0.01562500
339,val,46258,0,0.00000000
340,val,46515,7,0.00683594
341,val,35092,67,0.06542969
342,val,17578,42,0.04101562
343,val,45311,75,0.07324219
344,val,52500,0,0.00000000
345,val,29740,34,0.03320312
346,val,2473,9,0.00878906
347,val,37216,12,0.01171875
348,val,89008,26,0.02539062
349,val,26170,47,0.04589844
350,val,11089,1,0.00097656
351,val,36484,29,0.02832031
352,val,63538,34,0.03320312
353,val,38767,12,0.01171875
354,val,16281,19,0.01855469
355,val,84659,14,0.01367188
356,val,59628,43,0.04199219
357,val,13412,42,0.04101562
358,val,26788,58,0.05664062
359,val,52500,33,0.03222656
360,val,47564,75,0.07324219
361,val,71584,39,0.03808594
362,val,73011,20,0.01953125
363,val,66867,14,0.01367188
364,val,9188,70,0.06835938
365,val,13989,31,0.03027344
366,val,42245,63,0.06152344
367,val,36124,29,0.02832031
368,val,36311,27,0.02636719
369,val,62822,20,0.01953125
370,val,70569,58,0.05664062
371,val,4930,59,0.05761719
372,val,92779,17,0.01660156
373,val,89692,38,0.03710938
374,val,79513,53,0.05175781
375,val,91065,14,0.01367188
376,val,62656,13,0.01269531
377,val,47319,27,0.02636719
378,val,48632,23,0.02246094
379,val,1000,59,0.05761719
380,val,16281,0,0.00000000
381,val,86903,52,0.05078125
382,val,68004,37,0.03613281
383,val,90868,33,0.03222656
384,val,38543,47,0.04589844
385,val,57842,48,0.04687500
386,val,62818,76,0.07421875
387,val,31487,8,0.00781250
388,val,28012,32,0.03125000
389,val,55962,29,0.02832031
390,val,53098,56,0.05468750
391,val,4433,28,0.02734375
392,val,72440,46,0.04492188
393,val,91810,36,0.03515625
394,val,73899,1,0.00097656
395,val,61620,0,0.00000000
396,val,14109,21,0.02050781
397,val,24525,52,0.05078125
398,val,1005,79,0.07714844
399,val,51299,64,0.06250000
400,val,8872,17,0.01660156
401,val,84109,55,0.05371094
402,val,40002,65,0.06347656
403,val,35523,21,0.02050781
404,val,67334,50,0.04882812
405,val,26280,39,0.03808594
406,val,10537,37,0.03613281
407,val,89012,65,0.06347656
408,val,76905,28,0.02734375
409,val,82720,15,0.01464844
410,val,38538,18,0.01757812
411,val,61714,14,0.01367188
412,val,41267,33,0.03222656
413,val,61904,24,0.02343750
414,val,47356,77,0.07519531
415,val,73012,0,0.00000000
416,val,44592,0,0.00000000
417,val,25848,61,0.05957031
418,val,41970,41,0.04003906
419,val,71584,24,0.02343750
420,val,10539,31,0.03027344
421,val,12461,65,0.06347656
422,val,35531,13,0.01269531
423,val,85120,35,0.03417969
424,val,52282,12,0.01171875
425,val,27840,14,0.01367188
426,val,48156,0,0.00000000
427,val,71584,62,0.06054688
428,val,78773,73,0.07128906
429,val,42199,36,0.03515625
430,val,5423,46,0.04492188
431,val,55129,34,0.03320312
432,val,43024,5,0.00488281
433,val,52517,76,0.07421875
434,val,40765,0,0.00000000
435,val,47316,16,0.01562500
436,val,41972,69,0.06738281
437,val,69508,93,0.09082031
438,val,38529,9,0.00878906
439,val,30973,65,0.06347656
440,val,85981,24,0.02343750
441,val,73679,0,0.00000000
442,val,5531,10,0.00976562
443,val,90984,64,0.06250000
444,val,66816,41,0.04003906
445,val,25166,23,0.02246094
446,val,52287,0,0.00000000
447,val,25383,17,0.01660156
448,val,37185,29,0.02832031
449,val,10797,0,0.00000000
450,val,53151,13,0.01269531
451,val,27951,0,0.00000000
452,val,82897,45,0.04394531
453,val,40797,7,0.00683594
454,val,45840,66,0.06445312
455,val,40184,50,0.04882812
456,val,64771,43,0.04199219
457,val,26168,32,0.03125000
458,val,93117,45,0.04394531
459,val,78528,29,0.02832031
460,val,75908,13,0.01269531
461,val,64323,25,0.02441406
462,val,31467,20,0.01953125
463,val,54530,17,0.01660156
464,val,87283,56,0.05468750
465,val,13988,28,0.02734375
466,val,51665,8,0.00781250
467,val,68866,39,0.03808594
468,val,5529,17,0.01660156
469,val,40112,0,0.00000000
470,val,35500,13,0.01269531
471,val,84766,42,0.04101562
472,val,64920,0,0.00000000
473,val,32040,13,0.01269531
474,val,53103,52,0.05078125
475,val,28371,36,0.03515625
476,val,87091,47,0.04589844
477,val,92264,52,0.05078125
478,val,26169,56,0.05468750
479,val,41975,50,0.04882812
480,val,38059,0,0.00000000
481,val,32459,58,0.05664062
482,val,46848,22,0.02148438
483,val,11515,0,0.00000000
484,val,22889,25,0.02441406
485,val,30975,67,0.06542969
486,val,81481,9,0.00878906
487,val,85124,27,0.02636719
488,val,82492,33,0.03222656
489,val,59037,12,0.01171875
490,val,51209,46,0.04492188
491,val,54591,0,0.00000000
492,val,29740,34,0.03320312
493,val,16868,31,0.03027344
494,val,28304,1,0.00097656
495,val,1005,21,0.02050781
496,val,89734,12,0.01171875
497,val,85880,0,0.00000000
498,val,7269,81,0.07910156
499,val,6340,65,0.06347656
500,val,2482,22,0.02148438
501,val,62289,19,0.01855469
502,val,81802,30,0.02929688
503,val,20404,7,0.00683594
504,val,46133,61,0.05957031
505,val,63538,8,0.00781250
506,val,26173,39,0.03808594
507,val,86900,80,0.07812500
508,val,2888,11,0.01074219
509,val,92459,47,0.04589844
510,val,40556,20,0.01953125
511,val,25323,18,0.01757812
512,val,26568,20,0.01953125
513,val,8764,12,0.01171875
514,val,39043,9,0.00878906
515,val,65928,49,0.04785156
516,val,91812,39,0.03808594
517,val,15179,66,0.06445312
518,val,89773,13,0.01269531
519,val,19944,33,0.03222656
520,val,32440,65,0.06347656
521,val,33032,54,0.05273438
522,val,87088,58,0.05664062
523,val,66337,0,0.00000000
524,val,1007,84,0.08203125
525,val,75993,26,0.02539062
526,val,89815,16,0.01562500
527,val,32641,19,0.01855469
528,val,42282,31,0.03027344
529,val,28371,36,0.03515625
530,val,87448,12,0.01171875
531,val,81384,43,0.04199219
532,val,81214,0,0.00000000
533,val,73996,30,0.02929688
534,val,27008,14,0.01367188
535,val,49469,7,0.00683594
536,val,54876,31,0.03027344
537,val,45569,35,0.03417969
538,val,49544,14,0.01367188
539,val,15469,65,0.06347656
540,val,13409,27,0.02636719
541,val,34857,1,0.00097656
542,val,43824,69,0.06738281
543,val,47355,74,0.07226562
544,val,805,59,0.05761719
545,val,56995,8,0.00781250
546,val,65252,0,0.00000000
547,val,77580,15,0.01464844
548,val,66552,45,0.04394531
549,val,2487,23,0.02246094
550,val,76739,0,0.00000000
551,val,45410,22,0.02148438
552,val,62817,13,0.01269531
553,val,37483,24,0.02343750
554,val,75993,48,0.04687500
555,val,56887,63,0.06152344
556,val,89415,22,0.02148438
557,val,14212,47,0.04589844
558,val,89735,20,0.01953125
559,val,2888,44,0.04296875
560,val,33158,11,0.01074219
561,val,3302,11,0.01074219
562,val,42105,30,0.02929688
563,val,63100,11,0.01074219
564,val,37991,12,0.01171875
565,val,25953,86,0.08398438
566,val,77931,51,0.04980469
567,val,8506,53,0.05175781
568,val,8763,14,0.01367188
569,val,76395,0,0.00000000
570,val,56994,25,0.02441406
571,val,13989,13,0.01269531
572,val,52976,37,0.03613281
573,val,27357,22,0.02148438
574,val,4559,40,0.03906250
575,val,77931,16,0.01562500
576,val,50469,9,0.00878906
577,val,87092,35,0.03417969
578,val,47213,18,0.01757812
579,val,10608,18,0.01757812
580,val,17101,11,0.01074219
581,val,89412,31,0.03027344
582,val,86896,51,0.04980469
583,val,65908,81,0.07910156
584,val,87772,23,0.02246094
585,val,22253,11,0.01074219
586,val,12128,52,0.05078125
587,val,69508,28,0.02734375
588,val,28173,69,0.06738281
589,val,32232,68,0.06640625
590,val,53097,43,0.04199219
591,val,38536,60,0.05859375
592,val,78221,18,0.01757812
593,val,78981,83,0.08105469
594,val,13987,60,0.05859375
595,val,90141,25,0.02441406
596,val,60460,75,0.07324219
597,val,67283,38,0.03710938
598,val,50148,14,0.01367188
599,val,71497,30,0.02929688
600,val,33023,57,0.05566406
601,val,62049,20,0.01953125
602,val,16176,0,0.00000000
603,val,51297,20,0.01953125
604,val,87095,58,0.05664062
605,val,41972,20,0.01953125
606,val,59256,0,0.00000000
607,val,8812,56,0.05468750
608,val,4917,0,0.00000000
609,val,56880,64,0.06250000
610,val,79173,11,0.01074219
611,val,32405,23,0.02246094
612,val,91499,24,0.02343750
613,val,4909,16,0.01562500
614,val,18233,26,0.02539062
615,val,7266,43,0.04199219
616,val,85120,35,0.03417969
617,val,16272,24,0.02343750
618,val,43024,43,0.04199219
619,val,55134,67,0.06542969
620,val,33038,55,0.05371094
621,val,22547,32,0.03125000
622,val,17012,20,0.01953125
623,val,12133,1,0.00097656
624,val,7580,51,0.04980469
625,val,47160,54,0.05273438
626,val,14544,49,0.04785156
627,val,90136,22,0.02148438
628,val,39042,12,0.01171875
629,val,68954,46,0.04492188
630,val,63652,13,0.01269531
631,val,85123,66,0.06445312
632,val,68001,34,0.03320312
633,val,63648,49,0.04785156
634,val,28009,43,0.04199219
635,val,62499,48,0.04687500
636,val,16084,9,0.00878906
637,val,73672,26,0.02539062
638,val,28470,24,0.02343750
639,val,12132,62,0.06054688
640,val,13989,31,0.03027344
641,val,32232,68,0.06640625
642,val,74064,57,0.05566406
643,val,64676,35,0.03417969
644,val,60475,46,0.04492188
645,val,65946,0,0.00000000
646,val,22547,46,0.04492188
647,val,78980,18,0.01757812
648,val,84111,7,0.00683594
649,val,65928,14,0.01367188
650,val,87090,28,0.02734375
651,val,5378,52,0.05078125
652,val,92874,15,0.01464844
653,val,1304,73,0.07128906
654,val,35535,10,0.00976562
655,val,79618,9,0.00878906
656,val,68370,22,0.02148438
657,val,60223,27,0.02636719
658,val,1600,70,0.06835938
659,val,78532,28,0.02734375
660,val,19024,26,0.02539062
661,val,32216,45,0.04394531
662,val,52438,40,0.03906250
663,val,53233,43,0.04199219
664,val,84091,17,0.01660156
665,val,87002,26,0.02539062
666,val,8953,14,0.01367188
667,val,27562,17,0.01660156
668,val,61328,0,0.00000000
669,val,4961,35,0.03417969
670,val,46126,34,0.03320312
671,val,28696,30,0.02929688
672,val,773,36,0.03515625
673,val,54872,43,0.04199219
674,val,34995,29,0.02832031
675,val,12616,19,0.01855469
676,val,87805,57,0.05566406
677,val,6644,25,0.02441406
678,val,63396,21,0.02050781
679,val,47318,12,0.01171875
680,val,17588,72,0.07031250
681,val,1941,23,0.02246094
682,val,85885,62,0.06054688
683,val,5154,36,0.03515625
684,val,4808,35,0.03417969
685,val,67551,23,0.02246094
686,val,39544,22,0.02148438
687,val,20835,48,0.04687500
688,val,2236,63,0.06152344
689,val,74975,23,0.02246094
690,val,57843,28,0.02734375
691,val,49164,23,0.02246094
692,val,72056,15,0.01464844
693,val,24520,7,0.00683594
694,val,73010,0,0.00000000
695,val,34561,19,0.01855469
696,val,23209,9,0.00878906
697,val,67823,14,0.01367188
698,val,92114,13,0.01269531
699,val,8872,60,0.05859375
700,val,61908,25,0.02441406
701,val,91890,5,0.00488281
702,val,78220,10,0.00976562
703,val,8499,29,0.02832031
704,val,3666,0,0.00000000
705,val,45970,0,0.00000000
706,val,46126,26,0.02539062
707,val,80608,32,0.03125000
708,val,92620,16,0.01562500
709,val,21051,8,0.00781250
710,val,33019,57,0.05566406
711,val,19164,53,0.05175781
712,val,34446,11,0.01074219
713,val,12622,18,0.01757812
714,val,9139,60,0.05859375
715,val,63468,57,0.05566406
716,val,35521,26,0.02539062
717,val,5528,59,0.05761719
718,val,8812,73,0.07128906
719,val,37662,55,0.05371094
720,val,64680,48,0.04687500
721,val,3746,21,0.02050781
722,val,1005,82,0.08007812
723,val,8762,34,0.03320312
724,val,62819,64,0.06250000
725,val,63465,34,0.03320312
726,val,33692,35,0.03417969
727,val,90136,30,0.02929688
728,val,24193,11,0.01074219
729,val,67823,13,0.01269531
730,val,72432,13,0.01269531
731,val,85125,70,0.06835938
732,val,54020,16,0.01562500
733,val,616,12,0.01171875
734,val,75468,63,0.06152344
735,val,67273,11,0.01074219
736,val,71885,46,0.04492188
737,val,10436,52,0.05078125
738,val,41303,49,0.04785156
739,val,35505,25,0.02441406
740,val,27008,42,0.04101562
741,val,24304,52,0.05078125
742,val,39770,17,0.01660156
743,val,43021,57,0.05566406
744,val,39124,49,0.04785156
745,val,55129,0,0.00000000
746,val,5531,53,0.05175781
747,val,91579,68,0.06640625
748,val,33693,37,0.03613281
749,val,33693,22,0.02148438
750,val,3296,47,0.04589844
751,val,77577,0,0.00000000
752,val,37291,0,0.00000000
753,val,8090,25,0.02441406
754,val,37596,42,0.04101562
755,val,30969,66,0.06445312
756,val,43725,66,0.06445312
757,val,46023,0,0.00000000
758,val,32236,42,0.04101562
759,val,8419,18,0.01757812
760,val,90765,30,0.02929688
761,val,23544,22,0.02148438
762,val,80060,0,0.00000000
763,val,74149,15,0.01464844
764,val,62821,37,0.03613281
765,val,84356,31,0.03027344
766,val,51666,43,0.04199219
767,val,35524,29,0.02832031
768,val,41418,0,0.00000000
769,val,25955,73,0.07128906
770,val,41972,51,0.04980469
771,val,84669,22,0.02148438
772,val,5264,19,0.01855469
773,val,80590,57,0.05566406
774,val,15084,20,0.01953125
775,val,4860,42,0.04101562
776,val,15965,70,0.06835938
777,val,28874,59,0.05761719
778,val,36554,47,0.04589844
779,val,5380,22,0.02148438
780,val,37645,67,0.06542969
781,val,37658,13,0.01269531
782,val,24028,33,0.03222656
783,val,47560,49,0.04785156
784,val,92113,14,0.01367188
785,val,12830,15,0.01464844
786,val,92264,53,0.05175781
787,val,39563,0,0.00000000
788,val,24124,0,0.00000000
789,val,24520,46,0.04492188
790,val,16769,33,0.03222656
791,val,8760,0,0.00000000
792,val,39781,0,0.00000000
793,val,28516,12,0.01171875
794,val,75376,26,0.02539062
795,val,90212,59,0.05761719
796,val,50124,58,0.05664062
797,val,26280,25,0.02441406
798,val,23735,11,0.01074219
799,val,70411,63,0.06152344
800,val,45792,19,0.01855469
801,val,26791,43,0.04199219
802,val,5533,69,0.06738281
803,val,34857,12,0.01171875
804,val,38416,12,0.01171875
805,val,54912,48,0.04687500
806,val,90136,32,0.03125000
807,val,36360,41,0.04003906
808,val,89106,81,0.07910156
809,val,79530,0,0.00000000
810,val,35522,14,0.01367188
811,val,22212,63,0.06152344
812,val,74064,34,0.03320312
813,val,5043,0,0.00000000
814,val,89688,41,0.04003906
815,val,62244,13,0.01269531
816,val,89600,13,0.01269531
817,val,90634,26,0.02539062
818,val,78772,42,0.04101562
819,val,90138,24,0.02343750
820,val,37663,39,0.03808594
821,val,68943,27,0.02636719
822,val,67693,85,0.08300781
823,val,1001,59,0.05761719
824,val,32997,27,0.02636719
825,val,22548,45,0.04394531
826,val,87092,15,0.01464844
827,val,1002,22,0.02148438
828,val,2337,48,0.04687500
829,val,32045,57,0.05566406
830,val,15796,28,0.02734375
831,val,38643,37,0.03613281
832,val,48728,0,0.00000000
833,val,53235,33,0.03222656
834,val,28879,56,0.05468750
835,val,18024,22,0.02148438
836,val,22545,37,0.03613281
837,val,32046,14,0.01367188
838,val,45993,0,0.00000000
839,val,90636,31,0.03027344
840,val,24857,28,0.02734375
841,val,76738,2,0.00195312
842,val,70374,44,0.04296875
843,val,66816,35,0.03417969
844,val,17384,47,0.04589844
845,val,69840,82,0.08007812
846,val,59256,22,0.02148438
847,val,44079,45,0.04394531
848,val,2336,20,0.01953125
849,val,72500,41,0.04003906
850,val,15988,44,0.04296875
851,val,87092,29,0.02832031
852,val,58102,18,0.01757812
853,val,74068,27,0.02636719
854,val,9141,21,0.02050781
855,val,17442,30,0.02929688
856,val,22249,0,0.00000000
857,val,85640,7,0.00683594
858,val,5655,21,0.02050781
859,val,85981,36,0.03515625
860,val,4964,39,0.03808594
861,val,28306,17,0.01660156
862,val,25848,52,0.05078125
863,val,9095,56,0.05468750
864,val,61904,13,0.01269531
865,val,5728,23,0.02246094
866,val,2892,54,0.05273438
867,val,89812,35,0.03417969
868,val,2836,70,0.06835938
869,val,66306,54,0.05273438
870,val,27354,45,0.04394531
871,val,73732,44,0.04296875
872,val,84358,19,0.01855469
873,val,80737,24,0.02343750
874,val,57841,0,0.00000000
875,val,5533,69,0.06738281
876,val,46262,22,0.02148438
877,val,46502,21,0.02050781
878,val,48045,9,0.00878906
879,val,78769,37,0.03613281
880,val,80642,21,0.02050781
881,val,89107,70,0.06835938
882,val,73996,30,0.02929688
883,val,75468,47,0.04589844
884,val,81392,71,0.06933594
885,val,18004,58,0.05664062
886,val,90141,38,0.03710938
887,val,33834,48,0.04687500
888,val,70532,13,0.01269531
889,val,85120,70,0.06835938
890,val,51632,23,0.02246094
891,val,1003,21,0.02050781
892,val,26172,28,0.02734375
893,val,46257,45,0.04394531
894,val,43139,24,0.02343750
895,val,20989,47,0.04589844
896,val,72432,13,0.01269531
897,val,41804,16,0.01562500
898,val,6476,55,0.05371094
899,val,80736,20,0.01953125
900,val,48157,55,0.05371094
901,val,7193,9,0.00878906
902,val,32363,65,0.06347656
903,val,35248,34,0.03320312
904,val,78856,31,0.03027344
905,val,87092,15,0.01464844
906,val,6441,24,0.02343750
907,val,6337,30,0.02929688
908,val,82726,48,0.04687500
909,val,46600,19,0.01855469
910,val,33035,47,0.04589844
911,val,64500,0,0.00000000
912,val,25954,58,0.05664062
913,val,22548,44,0.04296875
914,val,9090,74,0.07226562
915,val,89460,35,0.03417969
916,val,2821,48,0.04687500
917,val,42256,39,0.03808594
918,val,6340,0,0.00000000
919,val,73994,0,0.00000000
920,val,75425,8,0.00781250
921,val,43077,90,0.08789062
922,val,2691,61,0.05957031
923,val,1004,21,0.02050781
924,val,1001,97,0.09472656
925,val,17441,16,0.01562500
926,val,24028,47,0.04589844
927,val,27977,14,0.01367188
928,val,12388,35,0.03417969
929,val,61333,54,0.05273438
930,val,89690,0,0.00000000
931,val,26856,19,0.01855469
932,val,68215,29,0.02832031
933,val,33527,16,0.01562500
934,val,28011,27,0.02636719
935,val,10794,9,0.00878906
936,val,71587,27,0.02636719
937,val,64324,0,0.00000000
938,val,13659,22,0.02148438
939,val,33562,24,0.02343750
940,val,3196,21,0.02050781
941,val,76389,19,0.01855469
942,val,61908,15,0.01464844
943,val,92265,14,0.01367188
944,val,3744,18,0.01757812
945,val,32216,0,0.00000000
946,val,78856,21,0.02050781
947,val,36147,23,0.02246094
948,val,3744,22,0.02148438
949,val,2485,12,0.01171875
950,val,63368,0,0.00000000
951,val,29740,31,0.03027344
952,val,14820,64,0.06250000
953,val,69153,19,0.01855469
954,val,58296,47,0.04589844
955,val,40280,37,0.03613281
956,val,24196,20,0.01953125
957,val,75424,0,0.00000000
958,val,33032,32,0.03125000
959,val,36144,21,0.02050781
960,val,80843,19,0.01855469
961,val,91080,48,0.04687500
962,val,53150,18,0.01757812
963,val,40280,56,0.05468750
964,val,85120,54,0.05273438
965,val,34677,7,0.00683594
966,val,49745,20,0.01953125
967,val,888,31,0.03027344
968,val,45529,0,0.00000000
969,val,63648,0,0.00000000
970,val,54916,37,0.03613281
971,val,35284,34,0.03320312
972,val,46198,0,0.00000000
973,val,42259,48,0.04687500
974,val,90632,13,0.01269531
975,val,1047,18,0.01757812
976,val,1604,15,0.01464844
977,val,8953,32,0.03125000
978,val,42247,37,0.03613281
979,val,5819,69,0.06738281
980,val,40556,9,0.00878906
981,val,46607,44,0.04296875
982,val,48687,0,0.00000000
983,val,35530,24,0.02343750
984,val,69181,13,0.01269531
985,val,17836,39,0.03808594
986,val,68938,21,0.02050781
987,val,76904,44,0.04296875
988,val,50124,41,0.04003906
989,val,78532,36,0.03515625
990,val,48156,23,0.02246094
991,val,5377,32,0.03125000
992,val,5041,10,0.00976562
993,val,36122,13,0.01269531
994,val,28516,64,0.06250000
995,val,42861,28,0.02734375
996,val,85979,9,0.00878906
997,val,1004,76,0.07421875
998,val,53102,57,0.05566406
999,val,68866,0,0.00000000
1000,val,13986,27,0.02636719
1001,val,92484,18,0.01757812
1002,val,39043,10,0.00976562
1003,val,49529,48,0.04687500
1004,val,32411,18,0.01757812
1005,val,33691,31,0.03027344
1006,val,65908,12,0.01171875
1007,val,76040,32,0.03125000
1008,val,76985,14,0.01367188
1009,val,5528,76,0.07421875
1010,val,76770,19,0.01855469
1011,val,37596,20,0.01953125
1012,val,57491,61,0.05957031
1013,val,82033,21,0.02050781
1014,val,64005,25,0.02441406
1015,val,65931,57,0.05566406
1016,val,92119,16,0.01562500
1017,val,20984,79,0.07714844
1018,val,90435,0,0.00000000
1019,val,14921,12,0.01171875
1020,val,47353,0,0.00000000
1021,val,48484,16,0.01562500
1022,val,35094,71,0.06933594
1023,val,33156,60,0.05859375
1024,val,66342,25,0.02441406
1025,val,62819,70,0.06835938
1026,val,7580,16,0.01562500
1027,val,65911,75,0.07324219
1028,val,74799,39,0.03808594
1029,val,6476,48,0.04687500
1030,val,18696,18,0.01757812
1031,val,26241,25,0.02441406
1032,val,80056,55,0.05371094
1033,val,83121,36,0.03515625
1034,val,84104,7,0.00683594
1035,val,7639,93,0.09082031
1036,val,54591,38,0.03710938
1037,val,2688,22,0.02148438
1038,val,68004,64,0.06250000
1039,val,8810,59,0.05761719
1040,val,51334,0,0.00000000
1041,val,2120,23,0.02246094
1042,val,82803,9,0.00878906
1043,val,28194,38,0.03710938
1044,val,85980,11,0.01074219
1045,val,27352,20,0.01953125
1046,val,48156,23,0.02246094
1047,val,39042,12,0.01171875
1048,val,30323,17,0.01660156
1049,val,24305,35,0.03417969
1050,val,17441,22,0.02148438
1051,val,65948,43,0.04199219
1052,val,71585,75,0.07324219
1053,val,91498,27,0.02636719
1054,val,17441,30,0.02929688
1055,val,54986,50,0.04882812
1056,val,28516,12,0.01171875
1057,val,76714,55,0.05371094
1058,val,5379,58,0.05664062
1059,val,63541,60,0.05859375
1060,val,41974,28,0.02734375
1061,val,28696,24,0.02343750
1062,val,15984,45,0.04394531
1063,val,71102,51,0.04980469
1064,val,32216,51,0.04980469
1065,val,85401,20,0.01953125
1066,val,58892,58,0.05664062
1067,val,67061,25,0.02441406
1068,val,19946,49,0.04785156
1069,val,62818,36,0.03515625
1070,val,92578,42,0.04101562
1071,val,75466,37,0.03613281
1072,val,90140,9,0.00878906
1073,val,87088,27,0.02636719
1074,val,45528,42,0.04101562
1075,val,38539,22,0.02148438
1076,val,59733,36,0.03515625
1077,val,5042,51,0.04980469
1078,val,92001,52,0.05078125
1079,val,85120,35,0.03417969
1080,val,47359,52,0.05078125
1081,val,10904,33,0.03222656
1082,val,25956,0,0.00000000
1083,val,6337,19,0.01855469
1084,val,39047,39,0.03808594
1085,val,15584,45,0.04394531
1086,val,46643,58,0.05664062
1087,val,63101,56,0.05468750
1088,val,58103,58,0.05664062
1089,val,35533,44,0.04296875
1090,val,6602,61,0.05957031
1091,val,5155,54,0.05273438
1092,val,49468,0,0.00000000
1093,val,22547,32,0.03125000
1094,val,2893,67,0.06542969
1095,val,68868,36,0.03515625
1096,val,37659,32,0.03125000
1097,val,8761,58,0.05664062
1098,val,46068,13,0.01269531
1099,val,23734,53,0.05175781
1100,val,62816,15,0.01464844
1101,val,59732,16,0.01562500
1102,val,62817,14,0.01367188
1103,val,14108,20,0.01953125
1104,val,43725,73,0.07128906
1105,val,85609,17,0.01660156
1106,val,82897,77,0.07519531
1107,val,53761,26,0.02539062
1108,val,92579,67,0.06542969
1109,val,76040,24,0.02343750
1110,val,50784,49,0.04785156
1111,val,17230,11,0.01074219
1112,val,92608,53,0.05175781
1113,val,45968,1,0.00097656
1114,val,9192,13,0.01269531
1115,val,49748,19,0.01855469
1116,val,78528,32,0.03125000
1117,val,16272,44,0.04296875
1118,val,16234,25,0.02441406
1119,val,26573,16,0.01562500
1120,val,2338,48,0.04687500
1121,val,29827,18,0.01757812
1122,val,42260,47,0.04589844
1123,val,28072,20,0.01953125
1124,val,71304,24,0.02343750
1125,val,34644,44,0.04296875
1126,val,81464,14,0.01367188
1127,val,23732,21,0.02050781
1128,val,29464,28,0.02734375
1129,val,70375,22,0.02148438
1130,val,78980,91,0.08886719
1131,val,12985,0,0.00000000
1132,val,75171,53,0.05175781
1133,val,68956,30,0.02929688
1134,val,36316,20,0.01953125
1135,val,67061,21,0.02050781
1136,val,36122,46,0.04492188
1137,val,25096,25,0.02441406
1138,val,72840,18,0.01757812
1139,val,82036,0,0.00000000
1140,val,85120,78,0.07617188
1141,val,33032,33,0.03222656
1142,val,80062,63,0.06152344
1143,val,69856,36,0.03515625
1144,val,67772,33,0.03222656
1145,val,62821,37,0.03613281
1146,val,3748,45,0.04394531
1147,val,77065,50,0.04882812
1148,val,19675,29,0.02832031
1149,val,65904,80,0.07812500
1150,val,45999,15,0.01464844
1151,val,58102,0,0.00000000
1152,val,14548,22,0.02148438
1153,val,16929,58,0.05664062
1154,val,89693,0,0.00000000
1155,val,66339,19,0.01855469
1156,val,15469,13,0.01269531
1157,val,38981,51,0.04980469
1158,val,11364,57,0.05566406
1159,val,57314,16,0.01562500
1160,val,80338,21,0.02050781
1161,val,14544,53,0.05175781
1162,val,62289,60,0.05859375
1163,val,75430,21,0.02050781
1164,val,16864,27,0.02636719
1165,val,13658,43,0.04199219
1166,val,78769,58,0.05664062
1167,val,76770,49,0.04785156
1168,val,22890,18,0.01757812
1169,val,28465,22,0.02148438
1170,val,25327,46,0.04492188
1171,val,50127,42,0.04101562
1172,val,6185,13,0.01269531
1173,val,54022,20,0.01953125
1174,val,23159,27,0.02636719
1175,val,16272,34,0.03320312
1176,val,34640,35,0.03417969
1177,val,32216,47,0.04589844
1178,val,92580,47,0.04589844
1179,val,32362,19,0.01855469
1180,val,67276,53,0.05175781
1181,val,29740,60,0.05859375
1182,val,92685,22,0.02148438
1183,val,37413,44,0.04296875
1184,val,12461,29,0.02832031
1185,val,71500,39,0.03808594
1186,val,21416,31,0.03027344
1187,val,13984,59,0.05761719
1188,val,22252,62,0.06054688
1189,val,59773,36,0.03515625
1190,val,7805,17,0.01660156
1191,val,2689,0,0.00000000
1192,val,47208,15,0.01464844
1193,val,24196,62,0.06054688
1194,val,52785,66,0.06445312
1195,val,956,36,0.03515625
1196,val,61546,49,0.04785156
1197,val,20469,14,0.01367188
1198,val,2837,74,0.07226562
1199,val,54459,28,0.02734375
1200,val,89413,37,0.03613281
1201,val,62822,78,0.07617188
1202,val,6645,65,0.06347656
1203,val,72080,4,0.00390625
1204,val,30971,47,0.04589844
1205,val,65032,23,0.02246094
1206,val,22661,0,0.00000000
1207,val,39012,48,0.04687500
1208,val,14760,16,0.01562500
1209,val,35212,14,0.01367188
1210,val,3024,37,0.03613281
1211,val,46368,50,0.04882812
1212,val,41973,56,0.05468750
1213,val,51297,28,0.02734375
1214,val,20467,25,0.02441406
1215,val,47076,6,0.00585938
1216,val,91067,38,0.03710938
1217,val,40944,12,0.01171875
1218,val,16080,10,0.00976562
1219,val,24196,37,0.03613281
1220,val,32994,40,0.03906250
1221,val,45795,35,0.03417969
1222,val,80738,36,0.03515625
1223,val,54872,18,0.01757812
1224,val,45807,23,0.02246094
1225,val,22548,34,0.03320312
1226,val,67057,19,0.01855469
1227,val,1042,57,0.05566406
1228,val,54153,51,0.04980469
1229,val,14816,23,0.02246094
1230,val,8808,56,0.05468750
1231,val,80608,32,0.03125000
1232,val,68004,36,0.03515625
1233,val,2820,21,0.02050781
1234,val,33689,17,0.01660156
1235,val,43116,25,0.02441406
1236,val,88699,24,0.02343750
1237,val,90609,34,0.03320312
1238,val,24196,42,0.04101562
1239,val,48687,9,0.00878906
1240,val,80059,0,0.00000000
1241,val,62048,23,0.02246094
1242,val,43119,38,0.03710938
1243,val,36122,13,0.01269531
1244,val,17097,61,0.05957031
1245,val,67744,0,0.00000000
1246,val,21107,0,0.00000000
1247,val,67283,29,0.02832031
1248,val,86900,56,0.05468750
1249,val,18696,19,0.01855469
1250,val,79826,17,0.01660156
1251,val,10537,0,0.00000000
1252,val,33159,71,0.06933594
1253,val,74472,23,0.02246094
1254,val,66194,19,0.01855469
1255,val,61716,7,0.00683594
1256,val,13840,18,0.01757812
1257,val,80054,7,0.00683594
1258,val,33038,33,0.03222656
1259,val,12385,0,0.00000000
1260,val,29740,41,0.04003906
1261,val,90136,37,0.03613281
1262,val,36360,60,0.05859375
1263,val,41970,0,0.00000000
1264,val,50127,46,0.04492188
1265,val,79900,37,0.03613281
1266,val,54218,41,0.04003906
1267,val,47317,32,0.03125000
1268,val,60618,4,0.00390625
1269,val,55135,41,0.04003906
1270,val,28514,0,0.00000000
1271,val,21109,36,0.03515625
1272,val,30343,39,0.03808594
1273,val,78533,35,0.03417969
1274,val,52500,32,0.03125000
1275,val,51634,24,0.02343750
1276,val,83127,7,0.00683594
1277,val,15652,0,0.00000000
1278,val,61905,17,0.01660156
1279,val,54476,39,0.03808594
1280,val,84666,27,0.02636719
1281,val,62820,16,0.01562500
1282,val,63471,72,0.07031250
1283,val,27951,0,0.00000000
1284,val,32992,35,0.03417969
1285,val,78856,52,0.05078125
1286,val,60233,20,0.01953125
1287,val,59405,0,0.00000000
1288,val,16680,21,0.02050781
1289,val,1412,66,0.06445312
1290,val,52499,56,0.05468750
1291,val,45802,22,0.02148438
1292,val,12984,12,0.01171875
1293,val,46972,12,0.01171875
1294,val,12568,61,0.05957031
1295,val,23211,27,0.02636719
1296,val,8952,27,0.02636719
1297,val,23156,22,0.02148438
1298,val,31335,0,0.00000000
1299,val,38539,52,0.05078125
1300,val,20985,50,0.04882812
1301,val,58158,34,0.03320312
1302,val,33159,44,0.04296875
1303,val,34441,59,0.05761719
1304,val,77928,17,0.01660156
1305,val,68909,13,0.01269531
1306,val,32408,16,0.01562500
1307,val,66559,36,0.03515625
1308,val,4570,65,0.06347656
1309,val,69181,37,0.03613281
1310,val,31470,26,0.02539062
1311,val,19161,19,0.01855469
1312,val,8809,19,0.01855469
1313,val,5044,58,0.05664062
1314,val,90975,30,0.02929688
1315,val,41971,53,0.05175781
1316,val,10536,38,0.03710938
1317,val,55134,10,0.00976562
1318,val,24025,31,0.03027344
1319,val,54988,31,0.03027344
1320,val,86903,78,0.07617188
1321,val,46127,22,0.02148438
1322,val,24359,40,0.03906250
1323,val,13658,67,0.06542969
1324,val,9952,7,0.00683594
1325,val,22152,0,0.00000000
1326,val,8762,19,0.01855469
1327,val,24122,32,0.03125000
1328,val,24121,61,0.05957031
1329,val,65928,8,0.00781250
1330,val,89105,74,0.07226562
1331,val,25248,20,0.01953125
1332,val,50120,22,0.02148438
1333,val,92264,34,0.03320312
1334,val,7608,10,0.00976562
1335,val,36552,32,0.03125000
1336,val,91499,23,0.02246094
1337,val,2125,25,0.02441406
1338,val,86165,35,0.03417969
1339,val,2485,43,0.04199219
1340,val,74676,28,0.02734375
1341,val,66309,79,0.07714844
1342,val,84671,0,0.00000000
1343,val,91815,22,0.02148438
1344,val,91720,12,0.01171875
1345,val,69100,18,0.01757812
1346,val,13160,75,0.07324219
1347,val,5268,29,0.02832031
1348,val,57842,21,0.02050781
1349,val,44902,29,0.02832031
1350,val,70143,46,0.04492188
1351,val,17444,32,0.03125000
1352,val,19025,20,0.01953125
1353,val,89735,20,0.01953125
1354,val,64708,18,0.01757812
1355,val,44802,60,0.05859375
1356,val,56884,16,0.01562500
1357,val,20216,22,0.02148438
1358,val,82034,45,0.04394531
1359,val,4964,39,0.03808594
1360,val,70408,37,0.03613281
1361,val,4433,28,0.02734375
1362,val,29739,11,0.01074219
1363,val,53843,36,0.03515625
1364,val,57785,28,0.02734375
1365,val,84671,22,0.02148438
1366,val,5265,0,0.00000000
1367,val,14869,16,0.01562500
1368,val,50126,42,0.04101562
1369,val,73772,28,0.02734375
1370,val,42241,43,0.04199219
1371,val,25088,42,0.04101562
1372,val,16979,14,0.01367188
1373,val,2486,23,0.02246094
1374,val,41791,50,0.04882812
1375,val,64708,45,0.04394531
1376,val,44433,63,0.06152344
1377,val,2336,35,0.03417969
1378,val,1036,28,0.02734375
1379,val,51303,23,0.02246094
1380,val,16144,35,0.03417969
1381,val,47567,78,0.07617188
1382,val,17445,23,0.02246094
1383,val,38844,85,0.08300781
1384,val,12292,72,0.07031250
1385,val,2888,28,0.02734375
1386,val,12569,59,0.05761719
1387,val,6336,27,0.02636719
1388,val,40555,46,0.04492188
1389,val,3786,12,0.01171875
1390,val,26595,66,0.06445312
1391,val,66309,38,0.03710938
1392,val,55135,6,0.00585938
1393,val,674,8,0.00781250
1394,val,24765,35,0.03417969
1395,val,52977,54,0.05273438
1396,val,3299,53,0.05175781
1397,val,24763,16,0.01562500
1398,val,27008,16,0.01562500
1399,val,90975,38,0.03710938
1400,val,10608,18,0.01757812
1401,val,12170,68,0.06640625
1402,val,58452,19,0.01855469
1403,val,4861,22,0.02148438
1404,val,80586,19,0.01855469
1405,val,49744,0,0.00000000
1406,val,24525,11,0.01074219
1407,val,64396,28,0.02734375
1408,val,67551,37,0.03613281
1409,val,26568,32,0.03125000
1410,val,92782,17,0.01660156
1411,val,27950,0,0.00000000
1412,val,2112,37,0.03613281
1413,val,1036,62,0.06054688
1414,val,37427,7,0.00683594
1415,val,28635,7,0.00683594
1416,val,87220,20,0.01953125
1417,val,19250,54,0.05273438
1418,val,58156,32,0.03125000
1419,val,14949,26,0.02539062
1420,val,12131,49,0.04785156
1421,val,90971,24,0.02343750
1422,val,80059,11,0.01074219
1423,val,74472,28,0.02734375
1424,val,30996,47,0.04589844
1425,val,40794,46,0.04492188
1426,val,20839,20,0.01953125
1427,val,56995,20,0.01953125
1428,val,36123,22,0.02148438
1429,val,47973,28,0.02734375
1430,val,29905,22,0.02148438
1431,val,47160,54,0.05273438
1432,val,16928,19,0.01855469
1433,val,84108,42,0.04101562
1434,val,8504,47,0.04589844
1435,val,15128,14,0.01367188
1436,val,51212,44,0.04296875
1437,val,47356,33,0.03222656
1438,val,873,28,0.02734375
1439,val,5383,55,0.05371094
1440,val,61334,12,0.01171875
1441,val,6472,37,0.03613281
1442,val,24764,28,0.02734375
1443,val,2340,18,0.01757812
1444,val,8416,16,0.01562500
1445,val,43024,29,0.02832031
1446,val,30018,35,0.03417969
1447,val,38981,51,0.04980469
1448,val,616,21,0.02050781
1449,val,10356,50,0.04882812
1450,val,87092,19,0.01855469
1451,val,30338,35,0.03417969
1452,val,46131,0,0.00000000
1453,val,36316,19,0.01855469
1454,val,90505,12,0.01171875
1455,val,1920,15,0.01464844
1456,val,80058,16,0.01562500
1457,val,33032,52,0.05078125
1458,val,82835,42,0.04101562
1459,val,70414,17,0.01660156
1460,val,2888,21,0.02050781
1461,val,63106,31,0.03027344
1462,val,14740,16,0.01562500
1463,val,44433,0,0.00000000
1464,val,3024,39,0.03808594
1465,val,15080,31,0.03027344
1466,val,39546,28,0.02734375
1467,val,1035,37,0.03613281
1468,val,92483,49,0.04785156
1469,val,39564,45,0.04394531
1470,val,29252,28,0.02734375
1471,val,58124,0,0.00000000
1472,val,10609,51,0.04980469
1473,val,12456,22,0.02148438
1474,val,71584,38,0.03710938
1475,val,37185,0,0.00000000
1476,val,89109,30,0.02929688
1477,val,48513,28,0.02734375
1478,val,65484,13,0.01269531
1479,val,17594,63,0.06152344
1480,val,90596,8,0.00781250
1481,val,41970,55,0.05371094
1482,val,64589,12,0.01171875
1483,val,4764,0,0.00000000
1484,val,42193,26,0.02539062
1485,val,48835,20,0.01953125
1486,val,7639,74,0.07226562
1487,val,34428,62,0.06054688
1488,val,616,32,0.03125000
1489,val,25255,35,0.03417969
1490,val,84034,24,0.02343750
1491,val,51211,67,0.06542969
1492,val,89728,19,0.01855469
1493,val,2481,55,0.05371094
1494,val,70917,14,0.01367188
1495,val,24306,7,0.00683594
1496,val,82557,46,0.04492188
1497,val,5043,45,0.04394531
1498,val,89695,26,0.02539062
1499,val,72788,51,0.04980469
1500,val,45570,7,0.00683594
1501,val,16176,15,0.01464844
1502,val,33689,41,0.04003906
1503,val,54871,36,0.03515625
1504,val,48729,15,0.01464844
1505,val,47356,89,0.08691406
1506,val,35209,47,0.04589844
1507,val,89008,39,0.03808594
1508,val,16659,25,0.02441406
1509,val,53816,14,0.01367188
1510,val,40794,15,0.01464844
1511,val,61548,37,0.03613281
1512,val,87683,20,0.01953125
1513,val,36552,50,0.04882812
1514,val,80340,64,0.06250000
1515,val,57787,22,0.02148438
1516,val,14551,49,0.04785156
1517,val,2340,18,0.01757812
1518,val,84968,16,0.01562500
1519,val,1033,0,0.00000000
1520,val,54156,68,0.06640625
1521,val,62657,39,0.03808594
1522,val,2484,32,0.03125000
1523,val,672,9,0.00878906
1524,val,14763,48,0.04687500
1525,val,29169,44,0.04296875
1526,val,34444,28,0.02734375
1527,val,70457,0,0.00000000
1528,val,9987,0,0.00000000
1529,val,39564,0,0.00000000
1530,val,62822,20,0.01953125
1531,val,53096,57,0.05566406
1532,val,30338,47,0.04589844
1533,val,7612,67,0.06542969
1534,val,3933,23,0.02246094
1535,val,29741,0,0.00000000
1536,val,41264,25,0.02441406
1537,val,4575,25,0.02441406
1538,val,89108,20,0.01953125
1539,val,28013,33,0.03222656
1540,val,26931,9,0.00878906
1541,val,37188,35,0.03417969
1542,val,4168,65,0.06347656
1543,val,85983,41,0.04003906
1544,val,27565,31,0.03027344
1545,val,78772,70,0.06835938
1546,val,771,48,0.04687500
1547,val,56887,62,0.06054688
1548,val,90802,0,0.00000000
1549,val,70136,45,0.04394531
1550,val,20989,0,0.00000000
1551,val,76772,70,0.06835938
1552,val,32461,56,0.05468750
1553,val,14546,14,0.01367188
1554,val,45800,13,0.01269531
1555,val,9140,0,0.00000000
1556,val,58301,11,0.01074219
1557,val,89691,13,0.01269531
1558,val,34565,25,0.02441406
1559,val,1802,14,0.01367188
1560,val,65972,0,0.00000000
1561,val,31003,51,0.04980469
1562,val,6443,39,0.03808594
1563,val,29250,48,0.04687500
1564,val,60739,17,0.01660156
1565,val,53239,0,0.00000000
1566,val,50764,57,0.05566406
1567,val,85978,16,0.01562500
1568,val,33032,52,0.05078125
1569,val,68208,39,0.03808594
1570,val,43616,46,0.04492188
1571,val,48453,13,0.01269531
1572,val,38399,61,0.05957031
1573,val,82832,45,0.04394531
1574,val,45806,25,0.02441406
1575,val,92264,35,0.03417969
1576,val,89695,35,0.03417969
1577,val,20989,54,0.05273438
1578,val,58101,44,0.04296875
1579,val,73988,4,0.00390625
1580,val,72062,66,0.06445312
1581,val,62818,76,0.07421875
1582,val,80054,10,0.00976562
1583,val,3162,25,0.02441406
1584,val,85125,18,0.01757812
1585,val,7196,25,0.02441406
1586,val,20832,57,0.05566406
1587,val,90508,12,0.01171875
1588,val,90972,30,0.02929688
1589,val,18657,44,0.04296875
1590,val,41971,48,0.04687500
1591,val,90762,25,0.02441406
1592,val,34426,66,0.06445312
1593,val,47562,35,0.03417969
1594,val,12132,51,0.04980469
1595,val,72785,50,0.04882812
1596,val,82645,21,0.02050781
1597,val,35471,23,0.02246094
1598,val,1032,37,0.03613281
1599,val,90768,17,0.01660156
1600,val,4933,63,0.06152344
1601,val,65906,58,0.05664062
1602,val,75465,14,0.01367188
1603,val,17098,14,0.01367188
1604,val,45571,0,0.00000000
1605,val,51296,25,0.02441406
1606,val,45798,22,0.02148438
1607,val,53147,49,0.04785156
1608,val,24123,35,0.03417969
1609,val,25728,33,0.03222656
1610,val,36124,16,0.01562500
1611,val,53450,76,0.07421875
1612,val,17231,21,0.02050781
1613,val,45801,50,0.04882812
1614,val,30339,13,0.01269531
1615,val,30028,63,0.06152344
1616,val,41418,16,0.01562500
1617,val,8808,57,0.05566406
1618,val,62817,68,0.06640625
1619,val,55961,20,0.01953125
1620,val,60737,39,0.03808594
1621,val,83373,63,0.06152344
1622,val,3196,11,0.01074219
1623,val,2888,12,0.01171875
1624,val,12040,24,0.02343750
1625,val,77146,0,0.00000000
1626,val,66481,47,0.04589844
1627,val,41969,59,0.05761719
1628,val,76032,48,0.04687500
1629,val,41970,47,0.04589844
1630,val,64679,75,0.07324219
1631,val,40002,16,0.01562500
1632,val,1003,29,0.02832031
1633,val,68211,37,0.03613281
1634,val,14736,15,0.01464844
1635,val,54987,15,0.01464844
1636,val,54389,1,0.00097656
1637,val,41972,84,0.08203125
1638,val,55966,43,0.04199219
1639,val,89730,12,0.01171875
1640,val,64768,11,0.01074219
1641,val,86896,0,0.00000000
1642,val,27355,0,0.00000000
1643,val,85124,27,0.02636719
1644,val,5047,51,0.04980469
1645,val,54384,22,0.02148438
1646,val,20216,22,0.02148438
1647,val,78772,20,0.01953125
1648,val,43220,10,0.00976562
1649,val,68867,31,0.03027344
1650,val,64707,48,0.04687500
1651,val,16177,44,0.04296875
1652,val,22152,0,0.00000000
1653,val,83228,8,0.00781250
1654,val,77236,71,0.06933594
1655,val,64768,11,0.01074219
1656,val,43827,55,0.05371094
1657,val,24123,25,0.02441406
1658,val,888,19,0.01855469
1659,val,90151,14,0.01367188
1660,val,89203,18,0.01757812
1661,val,1000,56,0.05468750
1662,val,43827,55,0.05371094
1663,val,3129,40,0.03906250
1664,val,53819,46,0.04492188
1665,val,85120,70,0.06835938
1666,val,80736,0,0.00000000
1667,val,85120,70,0.06835938
1668,val,67333,59,0.05761719
1669,val,68208,44,0.04296875
1670,val,7608,63,0.06152344
1671,val,42240,60,0.05859375
1672,val,42104,13,0.01269531
1673,val,41970,41,0.04003906
1674,val,62821,72,0.07031250
1675,val,24120,18,0.01757812
1676,val,17441,0,0.00000000
1677,val,62819,34,0.03320312
1678,val,5528,59,0.05761719
1679,val,58157,36,0.03515625
1680,val,68956,37,0.03613281
1681,val,30972,41,0.04003906
1682,val,28701,40,0.03906250
1683,val,63399,13,0.01269531
1684,val,54740,64,0.06250000
1685,val,18235,24,0.02343750
1686,val,79170,54,0.05273438
1687,val,10054,10,0.00976562
1688,val,92485,37,0.03613281
1689,val,48602,15,0.01464844
1690,val,66559,28,0.02734375
1691,val,85122,32,0.03125000
1692,val,65388,57,0.05566406
1693,val,6472,15,0.01464844
1694,val,13990,31,0.03027344
1695,val,18946,62,0.06054688
1696,val,80050,11,0.01074219
1697,val,12131,6,0.00585938
1698,val,61665,18,0.01757812
1699,val,28877,13,0.01269531
1700,val,8954,16,0.01562500
1701,val,3748,31,0.03027344
1702,val,37599,30,0.02929688
1703,val,20631,29,0.02832031
1704,val,1038,24,0.02343750
1705,val,65484,10,0.00976562
1706,val,23734,43,0.04199219
1707,val,45601,41,0.04003906
1708,val,14161,52,0.05078125
1709,val,47069,16,0.01562500
1710,val,48704,42,0.04101562
1711,val,78529,23,0.02246094
1712,val,46501,15,0.01464844
1713,val,43130,51,0.04980469
1714,val,21144,18,0.01757812
1715,val,54736,8,0.00781250
1716,val,48729,9,0.00878906
1717,val,67745,0,0.00000000
1718,val,75468,55,0.05371094
1719,val,84871,22,0.02148438
1720,val,53100,50,0.04882812
1721,val,46131,49,0.04785156
1722,val,58123,25,0.02441406
1723,val,11517,25,0.02441406
1724,val,8088,28,0.02734375
1725,val,65969,17,0.01660156
1726,val,28372,8,0.00781250
1727,val,62272,28,0.02734375
1728,val,78860,20,0.01953125
1729,val,86898,51,0.04980469
1730,val,2693,7,0.00683594
1731,val,92264,34,0.03320312
1732,val,14544,30,0.02929688
1733,val,8092,38,0.03710938
1734,val,52516,76,0.07421875
1735,val,65492,12,0.01171875
1736,val,38538,30,0.02929688
1737,val,10794,64,0.06250000
1738,val,1007,21,0.02050781
1739,val,69154,46,0.04492188
1740,val,28305,24,0.02343750
1741,val,65908,69,0.06738281
1742,val,61616,18,0.01757812
1743,val,46068,14,0.01367188
1744,val,32993,20,0.01953125
1745,val,1033,40,0.03906250
1746,val,1605,48,0.04687500
1747,val,1604,60,0.05859375
1748,val,52956,35,0.03417969
1749,val,10002,12,0.01171875
1750,val,41969,70,0.06835938
1751,val,47357,63,0.06152344
1752,val,78772,35,0.03417969
1753,val,32568,24,0.02343750
1754,val,86899,49,0.04785156
1755,val,76906,29,0.02832031
1756,val,66816,52,0.05078125
1757,val,48154,50,0.04882812
1758,val,39046,14,0.01367188
1759,val,51303,23,0.02246094
1760,val,74067,34,0.03320312
1761,val,40428,53,0.05175781
1762,val,82712,0,0.00000000
1763,val,41266,46,0.04492188
1764,val,62823,65,0.06347656
1765,val,7665,27,0.02636719
1766,val,53103,10,0.00976562
1767,val,63100,40,0.03906250
1768,val,6476,48,0.04687500
1769,val,71880,25,0.02441406
1770,val,46372,61,0.05957031
1771,val,82807,47,0.04589844
1772,val,16931,14,0.01367188
1773,val,53298,49,0.04785156
1774,val,7664,21,0.02050781
1775,val,91764,60,0.05859375
1776,val,81209,32,0.03125000
1777,val,36122,43,0.04199219
1778,val,58131,11,0.01074219
1779,val,49236,28,0.02734375
1780,val,40764,19,0.01855469
1781,val,64772,12,0.01171875
1782,val,69508,54,0.05273438
1783,val,79900,36,0.03515625
1784,val,2565,6,0.00585938
1785,val,15428,0,0.00000000
1786,val,58301,11,0.01074219
1787,val,87804,20,0.01953125
1788,val,65929,13,0.01269531
1789,val,74067,17,0.01660156
1790,val,64676,42,0.04101562
1791,val,90139,26,0.02539062
1792,val,64708,19,0.01855469
1793,val,46627,23,0.02246094
1794,val,74067,34,0.03320312
1795,val,38437,27,0.02636719
1796,val,62050,34,0.03320312
1797,val,75424,57,0.05566406
1798,val,20986,21,0.02050781
1799,val,4324,37,0.03613281
1800,val,53460,45,0.04394531
1801,val,26187,41,0.04003906
1802,val,24120,38,0.03710938
1803,val,40280,44,0.04296875
1804,val,72791,17,0.01660156
1805,val,32216,51,0.04980469
1806,val,65571,46,0.04492188
1807,val,12618,14,0.01367188
1808,val,20696,49,0.04785156
1809,val,8089,18,0.01757812
1810,val,68909,13,0.01269531
1811,val,32892,0,0.00000000
1812,val,24121,29,0.02832031
1813,val,76032,49,0.04785156
1814,val,72929,83,0.08105469
1815,val,73769,60,0.05859375
1816,val,33699,0,0.00000000
1817,val,38540,54,0.05273438
1818,val,7257,9,0.00878906
1819,val,79900,56,0.05468750
1820,val,76768,1,0.00097656
1821,val,16068,43,0.04199219
1822,val,48832,23,0.02246094
1823,val,5268,39,0.03808594
1824,val,43115,61,0.05957031
1825,val,85120,16,0.01562500
1826,val,6341,35,0.03417969
1827,val,17981,27,0.02636719
1828,val,58660,54,0.05273438
1829,val,14209,0,0.00000000
1830,val,92620,27,0.02636719
1831,val,18455,12,0.01171875
1832,val,58097,52,0.05078125
1833,val,79170,51,0.04980469
1834,val,29738,30,0.02929688
1835,val,49750,70,0.06835938
1836,val,10908,40,0.03906250
1837,val,82712,16,0.01562500
1838,val,32415,18,0.01757812
1839,val,41969,28,0.02734375
1840,val,29739,31,0.03027344
1841,val,65063,66,0.06445312
1842,val,36124,0,0.00000000
1843,val,16536,65,0.06347656
1844,val,28470,37,0.03613281
1845,val,5046,49,0.04785156
1846,val,20988,69,0.06738281
1847,val,23155,23,0.02246094
1848,val,67816,14,0.01367188
1849,val,5040,57,0.05566406
1850,val,75993,9,0.00878906
1851,val,82806,25,0.02441406
1852,val,72084,28,0.02734375
1853,val,62657,10,0.00976562
1854,val,16513,0,0.00000000
1855,val,7420,35,0.03417969
1856,val,82420,23,0.02246094
1857,val,76049,18,0.01757812
1858,val,23211,17,0.01660156
1859,val,38397,59,0.05761719
1860,val,76398,6,0.00585938
1861,val,16538,48,0.04687500
1862,val,35215,13,0.01269531
1863,val,33835,56,0.05468750
1864,val,47844,37,0.03613281
1865,val,78533,34,0.03320312
1866,val,71304,5,0.00488281
1867,val,28634,20,0.01953125
1868,val,26168,0,0.00000000
1869,val,70568,17,0.01660156
1870,val,1000,59,0.05761719
1871,val,77935,16,0.01562500
1872,val,85982,0,0.00000000
1873,val,8504,19,0.01855469
1874,val,51924,48,0.04687500
1875,val,60616,4,0.00390625
1876,val,24889,0,0.00000000
1877,val,57493,69,0.06738281
1878,val,32997,28,0.02734375
1879,val,672,46,0.04492188
1880,val,2888,54,0.05273438
1881,val,54736,49,0.04785156
1882,val,13973,22,0.02148438
1883,val,53098,58,0.05664062
1884,val,50767,19,0.01855469
1885,val,80481,49,0.04785156
1886,val,63649,46,0.04492188
1887,val,18105,19,0.01855469
1888,val,49528,29,0.02832031
1889,val,36145,0,0.00000000
1890,val,58560,7,0.00683594
1891,val,24125,27,0.02636719
1892,val,18235,25,0.02441406
1893,val,8811,70,0.06835938
1894,val,63468,20,0.01953125
1895,val,19969,23,0.02246094
1896,val,31471,13,0.01269531
1897,val,46592,0,0.00000000
1898,val,67548,23,0.02246094
1899,val,15988,11,0.01074219
1900,val,13974,45,0.04394531
1901,val,774,58,0.05664062
1902,val,39126,23,0.02246094
1903,val,9674,43,0.04199219
1904,val,20624,5,0.00488281
1905,val,954,42,0.04101562
1906,val,33895,0,0.00000000
1907,val,68938,39,0.03808594
1908,val,15818,27,0.02636719
1909,val,38543,46,0.04492188
1910,val,26856,27,0.02636719
1911,val,33526,49,0.04785156
1912,val,40476,42,0.04101562
1913,val,30394,37,0.03613281
1914,val,73984,0,0.00000000
1915,val,40048,5,0.00488281
1916,val,74148,15,0.01464844
1917,val,19361,42,0.04101562
1918,val,768,72,0.07031250
1919,val,232,74,0.07226562
1920,val,41970,14,0.01367188
1921,val,68212,30,0.02929688
1922,val,10792,55,0.05371094
1923,val,14816,23,0.02246094
1924,val,9094,61,0.05957031
1925,val,10005,12,0.01171875
1926,val,46120,35,0.03417969
1927,val,4436,40,0.03906250
1928,val,17591,56,0.05468750
1929,val,37184,45,0.04394531
1930,val,33692,51,0.04980469
1931,val,87684,33,0.03222656
1932,val,65491,0,0.00000000
1933,val,64392,36,0.03515625
1934,val,622,19,0.01855469
1935,val,62822,39,0.03808594
1936,val,13844,14,0.01367188
1937,val,1003,29,0.02832031
1938,val,52448,35,0.03417969
1939,val,72440,14,0.01367188
1940,val,5532,36,0.03515625
1941,val,54874,26,0.02539062
1942,val,42246,0,0.00000000
1943,val,61545,14,0.01367188
1944,val,1004,14,0.01367188
1945,val,39042,36,0.03515625
1946,val,44592,8,0.00781250
1947,val,2893,29,0.02832031
1948,val,13240,7,0.00683594
1949,val,5820,51,0.04980469
1950,val,71304,0,0.00000000
1951,val,28635,16,0.01562500
1952,val,14818,8,0.00781250
1953,val,17595,67,0.06542969
1954,val,30027,0,0.00000000
1955,val,39771,17,0.01660156
1956,val,62823,57,0.05566406
1957,val,16180,16,0.01562500
1958,val,62819,34,0.03320312
1959,val,33021,0,0.00000000
1960,val,1603,63,0.06152344
1961,val,18235,22,0.02148438
1962,val,76051,31,0.03027344
1963,val,87449,16,0.01562500
1964,val,8762,54,0.05273438
1965,val,65905,74,0.07226562
1966,val,17229,9,0.00878906
1967,val,14108,45,0.04394531
1968,val,41968,68,0.06640625
1969,val,5045,11,0.01074219
1970,val,37289,37,0.03613281
1971,val,34857,70,0.06835938
1972,val,65569,0,0.00000000
1973,val,57842,17,0.01660156
1974,val,3665,0,0.00000000
1975,val,33036,48,0.04687500
1976,val,9984,0,0.00000000
1977,val,39564,71,0.06933594
1978,val,47214,20,0.01953125
1979,val,18696,18,0.01757812
1980,val,64632,39,0.03808594
1981,val,21144,18,0.01757812
1982,val,67264,26,0.02539062
1983,val,774,45,0.04394531
1984,val,69183,49,0.04785156
1985,val,45604,54,0.05273438
1986,val,2487,58,0.05664062
1987,val,87095,21,0.02050781
1988,val,69508,83,0.08105469
1989,val,33836,60,0.05859375
1990,val,7806,72,0.07031250
1991,val,18001,0,0.00000000
1992,val,30972,64,0.06250000
1993,val,13056,23,0.02246094
1994,val,48448,19,0.01855469
1995,val,7266,26,0.02539062
1996,val,16287,0,0.00000000
1997,val,92683,20,0.01953125
1998,val,28304,33,0.03222656
1999,val,30994,1,0.00097656
2000,val,2112,28,0.02734375
2001,val,60219,42,0.04101562
2002,val,78863,35,0.03417969
2003,val,67746,0,0.00000000
2004,val,35465,30,0.02929688
2005,val,25092,15,0.01464844
2006,val,8496,40,0.03906250
2007,val,46630,29,0.02832031
2008,val,45408,23,0.02246094
2009,val,2338,27,0.02636719
2010,val,28637,38,0.03710938
2011,val,81139,0,0.00000000
2012,val,16068,73,0.07128906
2013,val,92391,42,0.04101562
2014,val,53847,19,0.01855469
2015,val,46067,13,0.01269531
2016,val,41969,68,0.06640625
2017,val,74145,14,0.01367188
2018,val,13985,45,0.04394531
2019,val,9956,0,0.00000000
2020,val,63471,36,0.03515625
2021,val,69787,10,0.00976562
2022,val,2820,54,0.05273438
2023,val,82804,40,0.03906250
2024,val,43117,24,0.02343750
2025,val,25097,19,0.01855469
2026,val,16144,68,0.06640625
2027,val,45308,22,0.02148438
2028,val,43074,49,0.04785156
2029,val,1600,13,0.01269531
2030,val,45306,23,0.02246094
2031,val,30395,40,0.03906250
2032,val,5046,42,0.04101562
2033,val,36556,0,0.00000000
2034,val,92614,56,0.05468750
2035,val,50127,41,0.04003906
2036,val,29906,0,0.00000000
2037,val,4168,69,0.06738281
2038,val,90639,7,0.00683594
2039,val,71500,49,0.04785156
2040,val,1034,40,0.03906250
2041,val,68210,8,0.00781250
2042,val,2338,21,0.02050781
2043,val,62819,64,0.06250000
2044,val,25428,0,0.00000000
2045,val,33700,18,0.01757812
2046,val,87224,47,0.04589844
2047,val,30341,45,0.04394531
2048,val,65905,77,0.07519531
2049,val,68245,13,0.01269531
2050,val,61620,21,0.02050781
2051,val,54969,13,0.01269531
2052,val,53101,50,0.04882812
2053,val,54586,59,0.05761719
2054,val,773,78,0.07617188
2055,val,53234,12,0.01171875
2056,val,76397,63,0.06152344
2057,val,89690,19,0.01855469
2058,val,5421,13,0.01269531
2059,val,12460,64,0.06250000
2060,val,27977,70,0.06835938
2061,val,51224,22,0.02148438
2062,val,15183,62,0.06054688
2063,val,24121,0,0.00000000
2064,val,63468,20,0.01953125
2065,val,73556,54,0.05273438
2066,val,32457,15,0.01464844
2067,val,57492,12,0.01171875
2068,val,55967,36,0.03515625
2069,val,51632,23,0.02246094
2070,val,69247,36,0.03515625
2071,val,85123,18,0.01757812
2072,val,92267,24,0.02343750
2073,val,89008,26,0.02539062
2074,val,22661,40,0.03906250
2075,val,53801,28,0.02734375
2076,val,2336,0,0.00000000
2077,val,79186,36,0.03515625
2078,val,20627,20,0.01953125
2079,val,54217,37,0.03613281
2080,val,51300,64,0.06250000
2081,val,775,62,0.06054688
2082,val,13985,26,0.02539062
2083,val,52197,60,0.05859375
2084,val,21380,41,0.04003906
2085,val,3024,38,0.03710938
2086,val,76849,73,0.07128906
2087,val,32043,11,0.01074219
2088,val,26171,36,0.03515625
2089,val,15816,12,0.01171875
2090,val,53457,20,0.01953125
2091,val,77935,16,0.01562500
2092,val,90866,17,0.01660156
2093,val,47352,32,0.03125000
2094,val,20701,24,0.02343750
2095,val,61330,10,0.00976562
2096,val,22156,27,0.02636719
2097,val,35524,19,0.01855469
2098,val,61111,11,0.01074219
2099,val,66481,33,0.03222656
2100,val,43128,40,0.03906250
2101,val,47213,0,0.00000000
2102,val,90635,4,0.00390625
2103,val,28011,40,0.03906250
2104,val,81136,49,0.04785156
2105,val,45847,0,0.00000000
2106,val,37866,19,0.01855469
2107,val,12391,34,0.03320312
2108,val,25249,10,0.00976562
2109,val,53021,57,0.05566406
2110,val,92265,29,0.02832031
2111,val,80993,9,0.00878906
2112,val,6364,65,0.06347656
2113,val,35839,45,0.04394531
2114,val,77065,42,0.04101562
2115,val,23425,28,0.02734375
2116,val,53238,1,0.00097656
2117,val,20987,50,0.04882812
2118,val,41970,99,0.09667969
2119,val,85976,13,0.01269531
2120,val,54877,0,0.00000000
2121,val,1373,7,0.00683594
2122,val,24359,20,0.01953125
2123,val,1003,46,0.04492188
2124,val,33892,14,0.01367188
2125,val,54535,29,0.02832031
2126,val,1004,64,0.06250000
2127,val,2893,67,0.06542969
2128,val,7580,51,0.04980469
2129,val,229,65,0.06347656
2130,val,1004,56,0.05468750
2131,val,35535,16,0.01562500
2132,val,43721,76,0.07421875
2133,val,37188,76,0.07421875
2134,val,85980,17,0.01660156
2135,val,42256,51,0.04980469
2136,val,2112,28,0.02734375
2137,val,44803,55,0.05371094
2138,val,954,40,0.03906250
2139,val,41968,85,0.08300781
2140,val,15984,32,0.03125000
2141,val,53232,44,0.04296875
2142,val,84665,57,0.05566406
2143,val,1000,55,0.05371094
2144,val,35530,24,0.02343750
2145,val,39046,70,0.06835938
2146,val,54532,24,0.02343750
2147,val,24026,33,0.03222656
2148,val,55960,31,0.03027344
2149,val,85788,55,0.05371094
2150,val,59615,0,0.00000000
2151,val,38847,57,0.05566406
2152,val,92684,45,0.04394531
2153,val,66816,53,0.05175781
2154,val,3261,63,0.06152344
2155,val,69856,32,0.03125000
2156,val,41973,70,0.06835938
2157,val,1037,51,0.04980469
2158,val,12130,38,0.03710938
2159,val,55963,36,0.03515625
2160,val,48731,10,0.00976562
2161,val,6872,0,0.00000000
2162,val,9192,55,0.05371094
2163,val,13658,60,0.05859375
2164,val,50764,23,0.02246094
2165,val,15134,7,0.00683594
2166,val,1004,21,0.02050781
2167,val,62822,58,0.05664062
2168,val,50764,29,0.02832031
2169,val,84011,37,0.03613281
2170,val,26173,28,0.02734375
2171,val,79896,33,0.03222656
2172,val,65709,73,0.07128906
2173,val,85123,32,0.03125000
2174,val,21644,50,0.04882812
2175,val,82416,18,0.01757812
2176,val,55221,56,0.05468750
2177,val,45413,16,0.01562500
2178,val,17723,54,0.05273438
2179,val,50381,7,0.00683594
2180,val,56720,19,0.01855469
2181,val,48047,67,0.06542969
2182,val,19677,0,0.00000000
2183,val,6874,37,0.03613281
2184,val,84869,15,0.01464844
2185,val,53096,7,0.00683594
2186,val,32042,14,0.01367188
2187,val,8088,55,0.05371094
2188,val,26856,28,0.02734375
2189,val,75468,55,0.05371094
2190,val,30971,36,0.03515625
2191,val,952,0,0.00000000
2192,val,47317,34,0.03320312
2193,val,89732,18,0.01757812
2194,val,62054,24,0.02343750
2195,val,10792,54,0.05273438
2196,val,16272,36,0.03515625
2197,val,4432,26,0.02539062
2198,val,71216,0,0.00000000
2199,val,4432,9,0.00878906
2200,val,8763,45,0.04394531
2201,val,24122,14,0.01367188
2202,val,72203,9,0.00878906
2203,val,48681,9,0.00878906
2204,val,77827,56,0.05468750
2205,val,51300,31,0.03027344
2206,val,51925,19,0.01855469
2207,val,53449,37,0.03613281
2208,val,3162,0,0.00000000
2209,val,62819,68,0.06640625
2210,val,1000,56,0.05468750
2211,val,38392,13,0.01269531
2212,val,65253,62,0.06054688
2213,val,86160,41,0.04003906
2214,val,32501,73,0.07128906
2215,val,89735,20,0.01953125
2216,val,41975,67,0.06542969
2217,val,24192,30,0.02929688
2218,val,35469,39,0.03808594
2219,val,45308,14,0.01367188
2220,val,30580,0,0.00000000
2221,val,28304,1,0.00097656
2222,val,1034,10,0.00976562
2223,val,74221,0,0.00000000
2224,val,7802,49,0.04785156
2225,val,31778,74,0.07226562
2226,val,50764,49,0.04785156
2227,val,68211,40,0.03906250
2228,val,14275,25,0.02441406
2229,val,8760,30,0.02929688
2230,val,91814,10,0.00976562
2231,val,92576,1,0.00097656
2232,val,3031,23,0.02246094
2233,val,60617,34,0.03320312
2234,val,40112,0,0.00000000
2235,val,52979,30,0.02929688
2236,val,80736,20,0.01953125
2237,val,38642,34,0.03320312
2238,val,1413,66,0.06445312
2239,val,26936,51,0.04980469
2240,val,71584,24,0.02343750
2241,val,19971,42,0.04101562
2242,val,29740,19,0.01855469
2243,val,68057,22,0.02148438
2244,val,12045,8,0.00781250
2245,val,51664,56,0.05468750
2246,val,23224,15,0.01464844
2247,val,771,36,0.03515625
2248,val,39125,26,0.02539062
2249,val,3257,52,0.05078125
2250,val,33216,26,0.02539062
2251,val,85646,24,0.02343750
2252,val,35469,25,0.02441406
2253,val,20216,22,0.02148438
2254,val,92580,60,0.05859375
2255,val,58659,43,0.04199219
2256,val,76049,0,0.00000000
2257,val,57492,49,0.04785156
2258,val,90634,24,0.02343750
2259,val,75431,52,0.05078125
2260,val,45311,22,0.02148438
2261,val,37596,33,0.03222656
2262,val,64589,75,0.07324219
2263,val,2820,38,0.03710938
2264,val,6341,25,0.02441406
2265,val,13413,0,0.00000000
2266,val,78738,0,0.00000000
2267,val,4767,71,0.06933594
2268,val,14740,67,0.06542969
2269,val,28369,11,0.01074219
2270,val,78769,12,0.01171875
2271,val,1039,60,0.05859375
2272,val,64676,0,0.00000000
2273,val,26280,37,0.03613281
2274,val,6364,0,0.00000000
2275,val,16773,43,0.04199219
2276,val,17584,74,0.07226562
2277,val,5729,11,0.01074219
2278,val,47356,89,0.08691406
2279,val,41420,0,0.00000000
2280,val,32237,7,0.00683594
2281,val,34643,36,0.03515625
2282,val,48832,23,0.02246094
2283,val,61714,14,0.01367188
2284,val,66554,47,0.04589844
2285,val,92385,43,0.04199219
2286,val,71884,19,0.01855469
2287,val,15984,45,0.04394531
2288,val,4928,61,0.05957031
2289,val,16537,55,0.05371094
2290,val,89808,54,0.05273438
2291,val,65000,35,0.03417969
2292,val,80484,67,0.06542969
2293,val,16083,0,0.00000000
2294,val,76882,58,0.05664062
2295,val,28308,0,0.00000000
2296,val,53460,14,0.01367188
2297,val,66311,52,0.05078125
2298,val,8953,13,0.01269531
2299,val,19361,0,0.00000000
2300,val,84767,19,0.01855469
2301,val,74067,25,0.02441406
2302,val,62816,35,0.03417969
2303,val,71417,10,0.00976562
2304,val,71497,19,0.01855469
2305,val,20700,37,0.03613281
2306,val,71496,28,0.02734375
2307,val,69856,36,0.03515625
2308,val,89413,48,0.04687500
2309,val,55963,18,0.01757812
2310,val,2832,44,0.04296875
2311,val,40795,43,0.04199219
2312,val,62816,65,0.06347656
2313,val,51300,0,0.00000000
2314,val,91562,14,0.01367188
2315,val,32236,9,0.00878906
2316,val,89690,53,0.05175781
2317,val,54529,24,0.02343750
2318,val,90800,74,0.07226562
2319,val,26787,27,0.02636719
2320,val,38061,16,0.01562500
2321,val,36576,24,0.02343750
2322,val,61616,15,0.01464844
2323,val,2484,26,0.02539062
2324,val,84037,23,0.02246094
2325,val,85983,44,0.04296875
2326,val,92113,14,0.01367188
2327,val,82805,26,0.02539062
2328,val,85120,16,0.01562500
2329,val,70372,79,0.07714844
2330,val,62819,60,0.05859375
2331,val,27981,28,0.02734375
2332,val,79616,0,0.00000000
2333,val,31466,0,0.00000000
2334,val,68210,0,0.00000000
2335,val,3131,17,0.01660156
2336,val,40280,11,0.01074219
2337,val,80063,56,0.05468750
2338,val,35248,38,0.03710938
2339,val,14108,0,0.00000000
2340,val,54744,11,0.01074219
2341,val,82491,21,0.02050781
2342,val,12617,17,0.01660156
2343,val,16145,31,0.03027344
2344,val,82641,15,0.01464844
2345,val,73555,18,0.01757812
2346,val,11316,27,0.02636719
2347,val,92620,27,0.02636719
2348,val,67057,92,0.08984375
2349,val,78856,0,0.00000000
2350,val,84109,13,0.01269531
2351,val,17585,33,0.03222656
2352,val,59729,26,0.02539062
2353,val,45801,0,0.00000000
2354,val,32413,18,0.01757812
2355,val,19677,67,0.06542969
2356,val,15469,0,0.00000000
2357,val,64320,24,0.02343750
2358,val,59626,25,0.02441406
2359,val,46503,8,0.00781250
2360,val,82490,18,0.01757812
2361,val,13240,6,0.00585938
2362,val,4964,40,0.03906250
2363,val,91085,52,0.05078125
2364,val,58126,25,0.02441406
2365,val,45994,0,0.00000000
2366,val,2889,13,0.01269531
2367,val,83373,26,0.02539062
2368,val,63101,26,0.02539062
2369,val,16284,11,0.01074219
2370,val,64672,1,0.00097656
2371,val,72312,19,0.01855469
2372,val,10537,25,0.02441406
2373,val,54917,34,0.03320312
2374,val,35249,45,0.04394531
2375,val,20984,49,0.04785156
2376,val,68947,35,0.03417969
2377,val,65037,40,0.03906250
2378,val,53103,23,0.02246094
2379,val,57842,43,0.04199219
2380,val,40055,19,0.01855469
2381,val,232,25,0.02441406
2382,val,62821,37,0.03613281
2383,val,92005,61,0.05957031
2384,val,17227,17,0.01660156
2385,val,12388,20,0.01953125
2386,val,14760,51,0.04980469
2387,val,13989,30,0.02929688
2388,val,26861,57,0.05566406
2389,val,67272,50,0.04882812
2390,val,66820,37,0.03613281
2391,val,4453,6,0.00585938
2392,val,84683,14,0.01367188
2393,val,71585,11,0.01074219
2394,val,40284,78,0.07617188
2395,val,37185,30,0.02929688
2396,val,35192,39,0.03808594
2397,val,15080,29,0.02832031
2398,val,61713,20,0.01953125
2399,val,45996,15,0.01464844
2400,val,229,75,0.07324219
2401,val,59032,0,0.00000000
2402,val,70916,0,0.00000000
2403,val,26173,57,0.05566406
2404,val,86896,49,0.04785156
2405,val,72198,14,0.01367188
2406,val,71498,35,0.03417969
2407,val,16273,27,0.02636719
2408,val,10609,16,0.01562500
2409,val,15081,19,0.01855469
2410,val,71883,42,0.04101562
2411,val,75468,7,0.00683594
2412,val,4320,33,0.03222656
2413,val,59625,16,0.01562500
2414,val,1000,20,0.01953125
2415,val,34564,28,0.02734375
2416,val,41975,78,0.07617188
2417,val,84669,40,0.03906250
2418,val,76050,39,0.03808594
2419,val,52451,34,0.03320312
2420,val,77579,14,0.01367188
2421,val,41971,51,0.04980469
2422,val,55962,23,0.02246094
2423,val,4961,24,0.02343750
2424,val,46372,55,0.05371094
2425,val,69840,85,0.08300781
2426,val,33158,52,0.05078125
2427,val,40425,20,0.01953125
2428,val,68911,44,0.04296875
2429,val,6340,42,0.04101562
2430,val,58103,14,0.01367188
2431,val,30023,47,0.04589844
2432,val,73965,45,0.04394531
2433,val,17983,36,0.03515625
2434,val,36306,25,0.02441406
2435,val,30016,34,0.03320312
2436,val,47065,38,0.03710938
2437,val,28306,0,0.00000000
2438,val,33691,69,0.06738281
2439,val,31486,34,0.03320312
2440,val,63678,33,0.03222656
2441,val,16232,19,0.01855469
2442,val,46192,10,0.00976562
2443,val,89413,48,0.04687500
2444,val,54456,27,0.02636719
2445,val,71883,0,0.00000000
2446,val,48732,49,0.04785156
2447,val,12384,65,0.06347656
2448,val,31470,54,0.05273438
2449,val,34564,28,0.02734375
2450,val,2337,48,0.04687500
2451,val,70964,28,0.02734375
2452,val,11599,55,0.05371094
2453,val,55133,0,0.00000000
2454,val,49745,33,0.03222656
2455,val,72501,40,0.03906250
2456,val,15465,56,0.05468750
2457,val,53098,58,0.05664062
2458,val,26860,20,0.01953125
2459,val,57840,0,0.00000000
2460,val,34074,61,0.05957031
2461,val,91580,56,0.05468750
2462,val,46498,16,0.01562500
2463,val,38535,10,0.00976562
2464,val,34857,77,0.07519531
2465,val,12456,0,0.00000000
2466,val,11367,32,0.03125000
2467,val,21643,18,0.01757812
2468,val,91028,22,0.02148438
2469,val,2480,43,0.04199219
2470,val,91084,76,0.07421875
2471,val,50466,15,0.01464844
2472,val,57842,0,0.00000000
2473,val,26168,22,0.02148438
2474,val,1007,76,0.07421875
2475,val,84671,0,0.00000000
2476,val,92268,0,0.00000000
2477,val,91496,35,0.03417969
2478,val,83370,12,0.01171875
2479,val,49529,28,0.02734375
2480,val,3299,55,0.05371094
2481,val,26188,39,0.03808594
2482,val,28515,70,0.06835938
2483,val,63368,0,0.00000000
2484,val,92265,43,0.04199219
2485,val,30245,65,0.06347656
2486,val,80736,38,0.03710938
2487,val,70572,43,0.04199219
2488,val,48732,9,0.00878906
2489,val,64325,15,0.01464844
2490,val,233,53,0.05175781
2491,val,1042,75,0.07324219
2492,val,15466,64,0.06250000
2493,val,87801,17,0.01660156
2494,val,15588,12,0.01171875
2495,val,37234,57,0.05566406
2496,val,78769,44,0.04296875
2497,val,12170,23,0.02246094
2498,val,36313,16,0.01562500
2499,val,53762,26,0.02539062
2500,val,87224,21,0.02050781
2501,val,2695,52,0.05078125
2502,val,2112,28,0.02734375
2503,val,51924,48,0.04687500
2504,val,68210,34,0.03320312
2505,val,58656,8,0.00781250
2506,val,47352,20,0.01953125
2507,val,16723,39,0.03808594
2508,val,47079,0,0.00000000
2509,val,22252,62,0.06054688
2510,val,29739,31,0.03027344
2511,val,93119,35,0.03417969
2512,val,40798,15,0.01464844
2513,val,65931,51,0.04980469
2514,val,7637,58,0.05664062
2515,val,90141,63,0.06152344
2516,val,61176,0,0.00000000
2517,val,64673,50,0.04882812
2518,val,44624,27,0.02636719
2519,val,43024,36,0.03515625
2520,val,9092,33,0.03222656
2521,val,76043,0,0.00000000
2522,val,3296,57,0.05566406
2523,val,15984,63,0.06152344
2524,val,27008,42,0.04101562
2525,val,89600,44,0.04296875
2526,val,28373,6,0.00585938
2527,val,37660,14,0.01367188
2528,val,5528,17,0.01660156
2529,val,81955,29,0.02832031
2530,val,21382,47,0.04589844
2531,val,13060,27,0.02636719
2532,val,55965,14,0.01367188
2533,val,53844,56,0.05468750
2534,val,32411,17,0.01660156
2535,val,46584,27,0.02636719
2536,val,17720,45,0.04394531
2537,val,4931,38,0.03710938
2538,val,85978,27,0.02636719
2539,val,73552,74,0.07226562
2540,val,65904,10,0.00976562
2541,val,52517,76,0.07421875
2542,val,23212,12,0.01171875
2543,val,65969,49,0.04785156
2544,val,85883,10,0.00976562
2545,val,30324,0,0.00000000
2546,val,32401,19,0.01855469
2547,val,49161,19,0.01855469
2548,val,8920,46,0.04492188
2549,val,72087,11,0.01074219
2550,val,70462,19,0.01855469
2551,val,13062,48,0.04687500
2552,val,27977,9,0.00878906
2553,val,40949,0,0.00000000
2554,val,78771,16,0.01562500
2555,val,5040,44,0.04296875
2556,val,17443,43,0.04199219
2557,val,5043,52,0.05078125
2558,val,40760,48,0.04687500
2559,val,35248,43,0.04199219
2560,val,23732,43,0.04199219
2561,val,90140,44,0.04296875
2562,val,10612,43,0.04199219
2563,val,7579,0,0.00000000
2564,val,22082,46,0.04492188
2565,val,48042,79,0.07714844
2566,val,23731,41,0.04003906
2567,val,38532,0,0.00000000
2568,val,40280,42,0.04101562
2569,val,69505,44,0.04296875
2570,val,56887,61,0.05957031
2571,val,81482,12,0.01171875
2572,val,20274,6,0.00585938
2573,val,21471,12,0.01171875
2574,val,32500,77,0.07519531
2575,val,893,23,0.02246094
2576,val,46016,36,0.03515625
2577,val,17012,16,0.01562500
2578,val,90212,49,0.04785156
2579,val,80059,56,0.05468750
2580,val,63375,24,0.02343750
2581,val,89105,23,0.02246094
2582,val,71882,17,0.01660156
2583,val,28308,0,0.00000000
2584,val,83727,66,0.06445312
2585,val,89768,0,0.00000000
2586,val,66195,18,0.01757812
2587,val,74795,21,0.02050781
2588,val,24072,14,0.01367188
2589,val,20320,21,0.02050781
2590,val,49163,0,0.00000000
2591,val,43022,78,0.07617188
2592,val,2835,8,0.00781250
2593,val,25427,9,0.00878906
2594,val,16202,28,0.02734375
2595,val,38763,12,0.01171875
2596,val,69505,24,0.02343750
2597,val,88400,61,0.05957031
2598,val,41969,0,0.00000000
2599,val,35527,36,0.03515625
2600,val,26244,17,0.01660156
2601,val,84035,15,0.01464844
2602,val,83122,32,0.03125000
2603,val,91031,46,0.04492188
2604,val,3300,53,0.05175781
2605,val,12369,30,0.02929688
2606,val,85123,32,0.03125000
2607,val,92119,1,0.00097656
2608,val,19025,74,0.07226562
2609,val,85981,36,0.03515625
2610,val,41971,58,0.05664062
2611,val,12304,35,0.03417969
2612,val,5101,26,0.02539062
2613,val,32568,24,0.02343750
2614,val,82833,50,0.04882812
2615,val,53103,23,0.02246094
2616,val,76904,44,0.04296875
2617,val,38540,53,0.05175781
2618,val,83212,0,0.00000000
2619,val,15465,59,0.05761719
2620,val,90144,32,0.03125000
2621,val,6184,17,0.01660156
2622,val,15133,13,0.01269531
2623,val,64123,17,0.01660156
2624,val,16284,23,0.02246094
2625,val,2560,20,0.01953125
2626,val,59584,24,0.02343750
2627,val,58121,40,0.03906250
2628,val,62820,66,0.06445312
2629,val,8408,26,0.02539062
2630,val,46496,8,0.00781250
2631,val,1306,11,0.01074219
2632,val,24197,50,0.04882812
2633,val,57327,52,0.05078125
2634,val,41299,30,0.02929688
2635,val,24125,27,0.02636719
2636,val,22549,42,0.04101562
2637,val,18949,51,0.04980469
2638,val,58564,13,0.01269531
2639,val,48709,35,0.03417969
2640,val,61904,0,0.00000000
2641,val,17012,16,0.01562500
2642,val,29741,64,0.06250000
2643,val,25852,51,0.04980469
2644,val,34560,25,0.02441406
2645,val,65904,81,0.07910156
2646,val,90150,37,0.03613281
2647,val,8505,51,0.04980469
2648,val,33036,0,0.00000000
2649,val,47213,18,0.01757812
2650,val,41970,26,0.02539062
2651,val,12458,19,0.01855469
2652,val,85612,17,0.01660156
2653,val,7664,27,0.02636719
2654,val,47244,49,0.04785156
2655,val,45997,15,0.01464844
2656,val,7608,10,0.00976562
2657,val,17228,10,0.00976562
2658,val,90137,59,0.05761719
2659,val,1040,88,0.08593750
2660,val,772,31,0.03027344
2661,val,27348,36,0.03515625
2662,val,23427,0,0.00000000
2663,val,81139,24,0.02343750
2664,val,60067,26,0.02539062
2665,val,37596,42,0.04101562
2666,val,2691,0,0.00000000
2667,val,26339,0,0.00000000
2668,val,13413,0,0.00000000
2669,val,29250,13,0.01269531
2670,val,89012,20,0.01953125
2671,val,82642,37,0.03613281
2672,val,85412,42,0.04101562
2673,val,40113,27,0.02636719
2674,val,76055,0,0.00000000
2675,val,5740,0,0.00000000
2676,val,7260,17,0.01660156
2677,val,34560,24,0.02343750
2678,val,39796,22,0.02148438
2679,val,16176,49,0.04785156
2680,val,21423,39,0.03808594
2681,val,76304,37,0.03613281
2682,val,29740,50,0.04882812
2683,val,10540,29,0.02832031
2684,val,22082,50,0.04882812
2685,val,775,32,0.03125000
2686,val,89607,29,0.02832031
2687,val,73984,5,0.00488281
2688,val,54736,49,0.04785156
2689,val,35248,45,0.04394531
2690,val,41975,60,0.05859375
2691,val,43829,14,0.01367188
2692,val,92610,36,0.03515625
2693,val,6874,47,0.04589844
2694,val,5268,0,0.00000000
2695,val,45013,30,0.02929688
2696,val,33039,46,0.04492188
2697,val,5040,7,0.00683594
2698,val,86896,1,0.00097656
2699,val,85788,69,0.06738281
2700,val,23733,0,0.00000000
2701,val,55219,8,0.00781250
2702,val,1600,67,0.06542969
2703,val,50008,49,0.04785156
2704,val,24025,32,0.03125000
2705,val,77929,35,0.03417969
2706,val,40050,5,0.00488281
2707,val,26592,21,0.02050781
2708,val,15465,54,0.05273438
2709,val,74064,35,0.03417969
2710,val,41685,13,0.01269531
2711,val,41421,0,0.00000000
2712,val,38418,24,0.02343750
2713,val,2822,36,0.03515625
2714,val,16284,0,0.00000000
2715,val,63537,19,0.01855469
2716,val,32363,69,0.06738281
2717,val,20401,11,0.01074219
2718,val,42257,43,0.04199219
2719,val,12617,12,0.01171875
2720,val,38540,65,0.06347656
2721,val,10792,54,0.05273438
2722,val,36148,37,0.03613281
2723,val,26568,17,0.01660156
2724,val,4169,10,0.00976562
2725,val,72084,46,0.04492188
2726,val,22801,27,0.02636719
2727,val,51209,0,0.00000000
2728,val,77933,22,0.02148438
2729,val,30343,28,0.02734375
2730,val,64711,0,0.00000000
2731,val,4432,24,0.02343750
2732,val,8957,13,0.01269531
2733,val,81139,0,0.00000000
2734,val,44433,61,0.05957031
2735,val,7615,64,0.06250000
2736,val,36123,50,0.04882812
2737,val,24609,0,0.00000000
2738,val,8810,14,0.01367188
2739,val,28633,51,0.04980469
2740,val,24123,21,0.02050781
2741,val,38529,52,0.05078125
2742,val,7420,35,0.03417969
2743,val,41972,84,0.08203125
2744,val,1003,57,0.05566406
2745,val,5265,19,0.01855469
2746,val,86903,78,0.07617188
2747,val,39008,14,0.01367188
2748,val,8810,63,0.06152344
2749,val,43929,19,0.01855469
2750,val,83727,8,0.00781250
2751,val,48731,45,0.04394531
2752,val,3128,17,0.01660156
2753,val,3746,7,0.00683594
2754,val,45570,7,0.00683594
2755,val,37414,39,0.03808594
2756,val,17225,20,0.01953125
2757,val,14546,34,0.03320312
2758,val,48729,24,0.02343750
2759,val,54750,77,0.07519531
2760,val,60193,69,0.06738281
2761,val,92787,40,0.03906250
2762,val,71103,44,0.04296875
2763,val,42196,31,0.03027344
2764,val,30023,37,0.03613281
2765,val,16287,36,0.03515625
2766,val,81800,23,0.02246094
2767,val,89013,43,0.04199219
2768,val,17548,0,0.00000000
2769,val,50767,31,0.03027344
2770,val,28538,13,0.01269531
2771,val,62819,75,0.07324219
2772,val,80058,52,0.05078125
2773,val,48709,7,0.00683594
2774,val,71101,55,0.05371094
2775,val,34427,34,0.03320312
2776,val,87092,66,0.06445312
2777,val,23426,27,0.02636719
2778,val,20404,7,0.00683594
2779,val,45535,36,0.03515625
2780,val,34563,52,0.05078125
2781,val,35522,26,0.02539062
2782,val,35303,12,0.01171875
2783,val,36312,18,0.01757812
2784,val,23159,28,0.02734375
2785,val,83020,25,0.02441406
2786,val,32568,24,0.02343750
2787,val,68503,27,0.02636719
2788,val,33523,70,0.06835938
2789,val,17012,50,0.04882812
2790,val,8874,42,0.04101562
2791,val,63648,12,0.01171875
2792,val,76880,56,0.05468750
2793,val,58127,5,0.00488281
2794,val,1304,67,0.06542969
2795,val,42257,12,0.01171875
2796,val,37596,69,0.06738281
2797,val,90508,59,0.05761719
2798,val,62196,12,0.01171875
2799,val,1036,0,0.00000000
2800,val,29740,15,0.01464844
2801,val,58497,14,0.01367188
2802,val,46195,9,0.00878906
2803,val,48730,48,0.04687500
2804,val,9192,52,0.05078125
2805,val,72930,65,0.06347656
2806,val,32361,21,0.02050781
2807,val,73989,48,0.04687500
2808,val,80056,56,0.05468750
2809,val,22219,49,0.04785156
2810,val,44592,7,0.00683594
2811,val,57493,71,0.06933594
2812,val,81800,24,0.02343750
2813,val,21423,52,0.05078125
2814,val,25100,24,0.02343750
2815,val,44739,16,0.01562500
2816,val,3665,19,0.01855469
2817,val,33036,48,0.04687500
2818,val,70305,45,0.04394531
2819,val,9196,66,0.06445312
2820,val,20984,73,0.07128906
2821,val,90866,33,0.03222656
2822,val,41800,15,0.01464844
2823,val,74674,25,0.02441406
2824,val,25167,22,0.02148438
2825,val,49657,20,0.01953125
2826,val,91065,0,0.00000000
2827,val,41804,21,0.02050781
2828,val,16232,51,0.04980469
2829,val,75465,7,0.00683594
2830,val,9627,10,0.00976562
2831,val,54970,6,0.00585938
2832,val,50784,21,0.02050781
2833,val,91066,13,0.01269531
2834,val,8927,16,0.01562500
2835,val,36124,16,0.01562500
2836,val,80056,56,0.05468750
2837,val,43724,70,0.06835938
2838,val,48729,17,0.01660156
2839,val,45533,40,0.03906250
2840,val,2112,69,0.06738281
2841,val,35248,34,0.03320312
2842,val,43928,43,0.04199219
2843,val,37663,12,0.01171875
2844,val,12134,51,0.04980469
2845,val,63101,44,0.04296875
2846,val,61551,46,0.04492188
2847,val,44076,18,0.01757812
2848,val,63106,0,0.00000000
2849,val,32995,27,0.02636719
2850,val,21048,48,0.04687500
2851,val,24200,8,0.00781250
2852,val,3745,23,0.02246094
2853,val,10352,51,0.04980469
2854,val,86160,47,0.04589844
2855,val,4172,71,0.06933594
2856,val,70136,44,0.04296875
2857,val,68000,33,0.03222656
2858,val,61909,0,0.00000000
2859,val,8417,18,0.01757812
2860,val,16276,52,0.05078125
2861,val,4812,35,0.03417969
2862,val,79825,49,0.04785156
2863,val,32500,34,0.03320312
2864,val,48708,66,0.06445312
2865,val,85121,67,0.06542969
2866,val,86900,58,0.05664062
2867,val,43724,83,0.08105469
2868,val,91761,70,0.06835938
2869,val,87321,0,0.00000000
2870,val,39768,0,0.00000000
2871,val,6873,38,0.03710938
2872,val,58097,48,0.04687500
2873,val,47567,18,0.01757812
2874,val,37184,50,0.04882812
2875,val,71306,27,0.02636719
2876,val,60232,22,0.02148438
2877,val,65904,16,0.01562500
2878,val,15792,38,0.03710938
2879,val,1491,44,0.04296875
2880,val,803,28,0.02734375
2881,val,52976,23,0.02246094
2882,val,6640,14,0.01367188
2883,val,76880,48,0.04687500
2884,val,775,65,0.06347656
2885,val,57785,29,0.02832031
2886,val,83373,16,0.01562500
2887,val,32365,54,0.05273438
2888,val,62858,7,0.00683594
2889,val,66192,16,0.01562500
2890,val,17838,42,0.04101562
2891,val,28541,13,0.01269531
2892,val,59588,56,0.05468750
2893,val,43115,17,0.01660156
2894,val,17594,25,0.02441406
2895,val,59730,40,0.03906250
2896,val,2338,33,0.03222656
2897,val,91069,37,0.03613281
2898,val,11108,34,0.03320312
2899,val,23729,41,0.04003906
2900,val,80644,20,0.01953125
2901,val,6877,65,0.06347656
2902,val,2337,19,0.01855469
2903,val,41970,26,0.02539062
2904,val,16148,15,0.01464844
2905,val,8924,31,0.03027344
2906,val,2888,23,0.02246094
2907,val,29738,26,0.02539062
2908,val,47315,24,0.02343750
2909,val,46644,77,0.07519531
2910,val,78772,20,0.01953125
2911,val,40187,16,0.01562500
2912,val,48518,49,0.04785156
2913,val,17580,0,0.00000000
2914,val,22890,16,0.01562500
2915,val,64324,53,0.05175781
2916,val,70412,1,0.00097656
2917,val,69508,0,0.00000000
2918,val,26936,0,0.00000000
2919,val,2837,23,0.02246094
2920,val,44077,32,0.03125000
2921,val,75856,17,0.01660156
2922,val,26247,41,0.04003906
2923,val,28635,18,0.01757812
2924,val,42104,0,0.00000000
2925,val,37599,33,0.03222656
2926,val,62820,35,0.03417969
2927,val,92002,14,0.01367188
2928,val,47314,12,0.01171875
2929,val,51925,18,0.01757812
2930,val,85976,11,0.01074219
2931,val,45801,20,0.01953125
2932,val,91815,22,0.02148438
2933,val,13658,24,0.02343750
2934,val,53456,19,0.01855469
2935,val,17144,27,0.02636719
2936,val,36312,35,0.03417969
2937,val,27012,78,0.07617188
2938,val,33220,27,0.02636719
2939,val,89410,19,0.01855469
2940,val,90138,14,0.01367188
2941,val,14761,56,0.05468750
2942,val,12623,42,0.04101562
2943,val,43824,20,0.01953125
2944,val,49236,0,0.00000000
2945,val,2342,19,0.01855469
2946,val,40947,15,0.01464844
2947,val,1941,0,0.00000000
2948,val,58450,13,0.01269531
2949,val,72235,39,0.03808594
2950,val,38416,12,0.01171875
2951,val,32462,15,0.01464844
2952,val,27352,13,0.01269531
2953,val,91815,7,0.00683594
2954,val,74475,16,0.01562500
2955,val,42860,34,0.03320312
2956,val,58152,75,0.07324219
2957,val,40477,18,0.01757812
2958,val,50120,39,0.03808594
2959,val,89459,0,0.00000000
2960,val,38432,37,0.03613281
2961,val,62498,20,0.01953125
2962,val,2836,9,0.00878906
2963,val,45840,0,0.00000000
2964,val,41974,80,0.07812500
2965,val,43829,20,0.01953125
2966,val,40280,19,0.01855469
2967,val,34672,71,0.06933594
2968,val,75430,0,0.00000000
2969,val,22156,27,0.02636719
2970,val,62048,23,0.02246094
2971,val,85120,70,0.06835938
2972,val,1003,46,0.04492188
2973,val,53448,10,0.00976562
2974,val,20837,0,0.00000000
2975,val,74969,71,0.06933594
2976,val,35498,59,0.05761719
2977,val,8760,51,0.04980469
2978,val,62274,26,0.02539062
2979,val,89012,28,0.02734375
2980,val,41692,46,0.04492188
2981,val,1004,76,0.07421875
2982,val,20809,43,0.04199219
2983,val,22962,46,0.04492188
2984,val,77276,0,0.00000000
2985,val,65911,76,0.07421875
2986,val,28012,32,0.03125000
2987,val,53843,47,0.04589844
2988,val,75467,61,0.05957031
2989,val,80482,61,0.05957031
2990,val,24888,5,0.00488281
2991,val,28517,79,0.07714844
2992,val,46606,62,0.06054688
2993,val,43137,0,0.00000000
2994,val,83368,40,0.03906250
2995,val,22087,20,0.01953125
2996,val,19674,19,0.01855469
2997,val,22249,10,0.00976562
2998,val,68559,0,0.00000000
2999,val,28305,49,0.04785156
3000,val,62658,46,0.04492188
3001,val,88699,26,0.02539062
3002,val,85611,0,0.00000000
3003,val,24608,20,0.01953125
3004,val,38420,67,0.06542969
3005,val,48729,6,0.00585938
3006,val,71216,43,0.04199219
3007,val,46496,6,0.00585938
3008,val,22255,11,0.01074219
3009,val,8812,0,0.00000000
3010,val,32043,11,0.01074219
3011,val,93116,0,0.00000000
3012,val,81141,0,0.00000000
3013,val,26283,0,0.00000000
3014,val,5044,58,0.05664062
3015,val,47319,27,0.02636719
3016,val,22156,42,0.04101562
3017,val,37188,70,0.06835938
3018,val,58452,0,0.00000000
3019,val,49467,0,0.00000000
3020,val,28875,60,0.05859375
3021,val,5823,45,0.04394531
3022,val,61449,12,0.01171875
3023,val,6901,35,0.03417969
3024,val,74794,0,0.00000000
3025,val,61109,67,0.06542969
3026,val,25735,28,0.02734375
3027,val,50760,52,0.05078125
3028,val,4555,41,0.04003906
3029,val,82495,17,0.01660156
3030,val,15819,64,0.06250000
3031,val,46020,0,0.00000000
3032,val,23735,13,0.01269531
3033,val,72791,60,0.05859375
3034,val,5532,76,0.07421875
3035,val,5043,47,0.04589844
3036,val,22250,32,0.03125000
3037,val,12573,28,0.02734375
3038,val,25852,51,0.04980469
3039,val,38420,28,0.02734375
3040,val,7579,22,0.02148438
3041,val,16066,17,0.01660156
3042,val,51667,31,0.03027344
3043,val,1001,58,0.05664062
3044,val,54532,0,0.00000000
3045,val,1038,12,0.01171875
3046,val,79896,36,0.03515625
3047,val,69505,62,0.06054688
3048,val,90968,33,0.03222656
3049,val,45601,52,0.05078125
3050,val,8413,0,0.00000000
3051,val,14167,0,0.00000000
3052,val,75995,47,0.04589844
3053,val,24125,41,0.04003906
3054,val,26860,10,0.00976562
3055,val,15465,13,0.01269531
3056,val,91064,26,0.02539062
3057,val,29253,29,0.02832031
3058,val,25096,24,0.02343750
3059,val,46192,7,0.00683594
3060,val,54865,41,0.04003906
3061,val,18450,0,0.00000000
3062,val,41269,49,0.04785156
3063,val,5043,45,0.04394531
3064,val,51301,29,0.02832031
3065,val,61660,79,0.07714844
3066,val,64394,51,0.04980469
3067,val,41973,84,0.08203125
3068,val,32364,0,0.00000000
3069,val,62817,73,0.07128906
3070,val,67277,61,0.05957031
3071,val,79170,54,0.05273438
3072,val,13662,14,0.01367188
3073,val,1308,72,0.07031250
3074,val,44433,49,0.04785156
3075,val,25852,16,0.01562500
3076,val,37188,76,0.07421875
3077,val,85120,70,0.06835938
3078,val,20465,34,0.03320312
3079,val,9197,13,0.01269531
3080,val,28168,22,0.02148438
3081,val,51671,55,0.05371094
3082,val,13662,19,0.01855469
3083,val,53338,8,0.00781250
3084,val,6336,24,0.02343750
3085,val,71056,33,0.03222656
3086,val,76048,27,0.02636719
3087,val,62816,68,0.06640625
3088,val,63468,56,0.05468750
3089,val,84867,18,0.01757812
3090,val,33690,47,0.04589844
3091,val,38540,52,0.05078125
3092,val,70368,9,0.00878906
3093,val,63397,13,0.01269531
3094,val,28539,10,0.00976562
3095,val,12458,23,0.02246094
3096,val,50967,35,0.03417969
3097,val,91580,75,0.07324219
3098,val,2122,0,0.00000000
3099,val,5098,34,0.03320312
3100,val,91762,13,0.01269531
3101,val,61333,19,0.01855469
3102,val,63650,55,0.05371094
3103,val,38531,9,0.00878906
3104,val,89731,18,0.01757812
3105,val,66555,28,0.02734375
3106,val,35932,8,0.00781250
3107,val,63388,0,0.00000000
3108,val,93112,19,0.01855469
3109,val,6479,39,0.03808594
3110,val,43723,84,0.08203125
3111,val,41973,62,0.06054688
3112,val,13660,59,0.05761719
3113,val,62816,65,0.06347656
3114,val,20467,60,0.05859375
3115,val,25184,22,0.02148438
3116,val,6640,41,0.04003906
3117,val,62820,78,0.07617188
3118,val,7580,22,0.02148438
3119,val,47244,9,0.00878906
3120,val,58663,0,0.00000000
3121,val,12128,50,0.04882812
3122,val,19974,37,0.03613281
3123,val,32462,53,0.05175781
3124,val,57788,44,0.04296875
3125,val,9986,45,0.04394531
3126,val,26786,28,0.02734375
3127,val,30582,58,0.05664062
3128,val,76985,16,0.01562500
3129,val,18284,67,0.06542969
3130,val,11105,0,0.00000000
3131,val,51669,25,0.02441406
3132,val,80738,34,0.03320312
3133,val,21144,27,0.02636719
3134,val,64228,71,0.06933594
3135,val,36315,9,0.00878906
3136,val,79186,50,0.04882812
3137,val,50010,44,0.04296875
3138,val,17724,44,0.04296875
3139,val,32362,31,0.03027344
3140,val,41807,53,0.05175781
3141,val,72234,40,0.03906250
3142,val,40189,38,0.03710938
3143,val,92686,64,0.06250000
3144,val,54153,50,0.04882812
3145,val,91028,18,0.01757812
3146,val,52139,45,0.04394531
3147,val,34857,0,0.00000000
3148,val,51300,24,0.02343750
3149,val,47247,49,0.04785156
3150,val,22084,0,0.00000000
3151,val,51272,49,0.04785156
3152,val,81260,50,0.04882812
3153,val,35250,64,0.06250000
3154,val,66555,9,0.00878906
3155,val,92269,49,0.04785156
3156,val,15965,61,0.05957031
3157,val,62818,18,0.01757812
3158,val,47356,77,0.07519531
3159,val,1004,88,0.08593750
3160,val,49469,8,0.00781250
3161,val,36315,25,0.02441406
3162,val,67063,67,0.06542969
3163,val,90508,48,0.04687500
3164,val,17227,22,0.02148438
3165,val,33158,50,0.04882812
3166,val,34859,0,0.00000000
3167,val,8924,28,0.02734375
3168,val,30020,37,0.03613281
3169,val,33524,35,0.03417969
3170,val,957,30,0.02929688
3171,val,7639,78,0.07617188
3172,val,73673,17,0.01660156
3173,val,37188,0,0.00000000
3174,val,70808,0,0.00000000
3175,val,89412,31,0.03027344
3176,val,91580,35,0.03417969
3177,val,53150,18,0.01757812
3178,val,32234,40,0.03906250
3179,val,20990,12,0.01171875
3180,val,35298,51,0.04980469
3181,val,55266,4,0.00390625
3182,val,66194,58,0.05664062
3183,val,90970,34,0.03320312
3184,val,87448,13,0.01269531
3185,val,71311,36,0.03515625
3186,val,1001,30,0.02929688
3187,val,36361,54,0.05273438
3188,val,58560,7,0.00683594
3189,val,45013,34,0.03320312
3190,val,43824,20,0.01953125
3191,val,38397,60,0.05859375
3192,val,36362,66,0.06445312
3193,val,9095,70,0.06835938
3194,val,14760,56,0.05468750
3195,val,62197,13,0.01269531
3196,val,76882,0,0.00000000
3197,val,12134,8,0.00781250
3198,val,34684,13,0.01269531
3199,val,5266,25,0.02441406
3200,val,5419,47,0.04589844
3201,val,42450,0,0.00000000
3202,val,89604,57,0.05566406
3203,val,2888,47,0.04589844
3204,val,28538,15,0.01464844
3205,val,43726,20,0.01953125
3206,val,45845,40,0.03906250
3207,val,68553,27,0.02636719
3208,val,52281,7,0.00683594
3209,val,85979,0,0.00000000
3210,val,69628,55,0.05371094
3211,val,63096,23,0.02246094
3212,val,84660,0,0.00000000
3213,val,10284,30,0.02929688
3214,val,90612,45,0.04394531
3215,val,88703,28,0.02734375
3216,val,84106,16,0.01562500
3217,val,73739,11,0.01074219
3218,val,86416,23,0.02246094
3219,val,20273,9,0.00878906
3220,val,69506,0,0.00000000
3221,val,76041,35,0.03417969
3222,val,35195,44,0.04296875
3223,val,1411,79,0.07714844
3224,val,40280,44,0.04296875
3225,val,75998,37,0.03613281
3226,val,1003,21,0.02050781
3227,val,35248,7,0.00683594
3228,val,16769,33,0.03222656
3229,val,85884,10,0.00976562
3230,val,27008,16,0.01562500
3231,val,44592,11,0.01074219
3232,val,43223,12,0.01171875
3233,val,90864,0,0.00000000
3234,val,20467,13,0.01269531
3235,val,5822,16,0.01562500
3236,val,52787,34,0.03320312
3237,val,46628,16,0.01562500
3238,val,1411,0,0.00000000
3239,val,46256,20,0.01953125
3240,val,66816,34,0.03320312
3241,val,13986,48,0.04687500
3242,val,70386,22,0.02148438
3243,val,4765,36,0.03515625
3244,val,19027,83,0.08105469
3245,val,33527,36,0.03515625
3246,val,20626,24,0.02343750
3247,val,92001,49,0.04785156
3248,val,20319,37,0.03613281
3249,val,19249,8,0.00781250
3250,val,71584,41,0.04003906
3251,val,24524,64,0.06250000
3252,val,25955,77,0.07519531
3253,val,12369,6,0.00585938
3254,val,16933,9,0.00878906
3255,val,673,11,0.01074219
3256,val,33159,44,0.04296875
3257,val,65388,19,0.01855469
3258,val,49528,24,0.02343750
3259,val,54153,70,0.06835938
3260,val,69856,32,0.03125000
3261,val,41416,62,0.06054688
3262,val,28304,26,0.02539062
3263,val,28368,14,0.01367188
3264,val,16284,35,0.03417969
3265,val,1943,21,0.02050781
3266,val,53459,27,0.02636719
3267,val,52136,12,0.01171875
3268,val,69246,0,0.00000000
3269,val,8808,21,0.02050781
3270,val,22895,0,0.00000000
3271,val,20464,26,0.02539062
3272,val,24025,31,0.03027344
3273,val,61617,38,0.03710938
3274,val,19363,44,0.04296875
3275,val,48605,0,0.00000000
3276,val,82640,28,0.02734375
3277,val,82896,13,0.01269531
3278,val,54875,0,0.00000000
3279,val,65933,52,0.05078125
3280,val,73999,51,0.04980469
3281,val,90215,39,0.03808594
3282,val,61331,0,0.00000000
3283,val,24354,26,0.02539062
3284,val,2889,24,0.02343750
3285,val,72202,12,0.01171875
3286,val,89205,66,0.06445312
3287,val,31484,39,0.03808594
3288,val,31776,65,0.06347656
3289,val,85127,79,0.07714844
3290,val,773,36,0.03515625
3291,val,80590,27,0.02636719
3292,val,6780,34,0.03320312
3293,val,7256,41,0.04003906
3294,val,40553,49,0.04785156
3295,val,4929,50,0.04882812
3296,val,16486,16,0.01562500
3297,val,88104,25,0.02441406
3298,val,44435,75,0.07324219
3299,val,10352,5,0.00488281
3300,val,80736,38,0.03710938
3301,val,26860,10,0.00976562
3302,val,5381,16,0.01562500
3303,val,8872,26,0.02539062
3304,val,32364,18,0.01757812
3305,val,35465,30,0.02929688
3306,val,46124,25,0.02441406
3307,val,85983,0,0.00000000
3308,val,68865,17,0.01660156
3309,val,84764,22,0.02148438
3310,val,24522,8,0.00781250
3311,val,19361,42,0.04101562
3312,val,10609,56,0.05468750
3313,val,14466,43,0.04199219
3314,val,15428,30,0.02929688
3315,val,41800,15,0.01464844
3316,val,86417,40,0.03906250
3317,val,91028,22,0.02148438
3318,val,73994,45,0.04394531
3319,val,50124,14,0.01367188
3320,val,32445,21,0.02050781
3321,val,82902,13,0.01269531
3322,val,77145,0,0.00000000
3323,val,43726,0,0.00000000
3324,val,45807,23,0.02246094
3325,val,14820,57,0.05566406
3326,val,30443,27,0.02636719
3327,val,8762,32,0.03125000
3328,val,6360,31,0.03027344
3329,val,76051,0,0.00000000
3330,val,75468,7,0.00683594
3331,val,2888,44,0.04296875
3332,val,50468,61,0.05957031
3333,val,28635,0,0.00000000
3334,val,46123,0,0.00000000
3335,val,22212,6,0.00585938
3336,val,87226,15,0.01464844
3337,val,52496,36,0.03515625
3338,val,20808,24,0.02343750
3339,val,28170,69,0.06738281
3340,val,61907,48,0.04687500
3341,val,85120,70,0.06835938
3342,val,68953,26,0.02539062
3343,val,35093,0,0.00000000
3344,val,4908,16,0.01562500
3345,val,63103,23,0.02246094
3346,val,13660,43,0.04199219
3347,val,49746,26,0.02539062
3348,val,59624,58,0.05664062
3349,val,13683,52,0.05078125
3350,val,54391,16,0.01562500
3351,val,91762,47,0.04589844
3352,val,1007,76,0.07421875
3353,val,13969,17,0.01660156
3354,val,4327,50,0.04882812
3355,val,75993,33,0.03222656
3356,val,39562,15,0.01464844
3357,val,77763,55,0.05371094
3358,val,78407,0,0.00000000
3359,val,20275,11,0.01074219
3360,val,16273,19,0.01855469
3361,val,30513,19,0.01855469
3362,val,92389,50,0.04882812
3363,val,33836,48,0.04687500
3364,val,32365,25,0.02441406
3365,val,74220,47,0.04589844
3366,val,87092,42,0.04101562
3367,val,78856,48,0.04687500
3368,val,891,7,0.00683594
3369,val,15177,71,0.06933594
3370,val,43112,63,0.06152344
3371,val,20218,15,0.01464844
3372,val,53101,42,0.04101562
3373,val,27977,24,0.02343750
3374,val,14818,23,0.02246094
3375,val,41971,20,0.01953125
3376,val,14465,19,0.01855469
3377,val,3545,38,0.03710938
3378,val,33036,49,0.04785156
3379,val,85977,31,0.03027344
3380,val,7608,10,0.00976562
3381,val,85786,22,0.02148438
3382,val,85124,59,0.05761719
3383,val,4932,23,0.02246094
3384,val,78768,37,0.03613281
3385,val,69506,45,0.04394531
3386,val,4932,61,0.05957031
3387,val,24764,37,0.03613281
3388,val,47357,78,0.07617188
3389,val,8811,57,0.05566406
3390,val,55268,6,0.00585938
3391,val,24197,48,0.04687500
3392,val,68866,53,0.05175781
3393,val,36316,26,0.02539062
3394,val,81953,44,0.04296875
3395,val,12461,16,0.01562500
3396,val,8879,31,0.03027344
3397,val,30970,0,0.00000000
3398,val,12570,8,0.00781250
3399,val,78772,23,0.02246094
3400,val,45994,26,0.02539062
3401,val,76052,15,0.01464844
3402,val,42256,39,0.03808594
3403,val,85885,75,0.07324219
3404,val,39792,33,0.03222656
3405,val,68213,39,0.03808594
3406,val,5528,62,0.06054688
3407,val,25253,18,0.01757812
3408,val,11091,20,0.01953125
3409,val,37236,38,0.03710938
3410,val,69842,74,0.07226562
3411,val,13241,9,0.00878906
3412,val,37218,65,0.06347656
3413,val,36328,56,0.05468750
3414,val,12128,52,0.05078125
3415,val,78863,32,0.03125000
3416,val,63368,11,0.01074219
3417,val,11517,9,0.00878906
3418,val,16179,41,0.04003906
3419,val,39773,79,0.07714844
3420,val,60128,16,0.01562500
3421,val,28304,27,0.02636719
3422,val,85122,32,0.03125000
3423,val,30336,7,0.00683594
3424,val,82897,61,0.05957031
3425,val,62817,68,0.06640625
3426,val,62658,0,0.00000000
3427,val,13990,31,0.03027344
3428,val,91499,24,0.02343750
3429,val,12570,8,0.00781250
3430,val,36306,12,0.01171875
3431,val,10540,29,0.02832031
3432,val,52977,54,0.05273438
3433,val,59040,0,0.00000000
3434,val,4324,37,0.03613281
3435,val,65572,16,0.01562500
3436,val,3161,0,0.00000000
3437,val,70372,52,0.05078125
3438,val,73555,0,0.00000000
3439,val,89456,20,0.01953125
3440,val,50008,42,0.04101562
3441,val,45847,43,0.04199219
3442,val,6640,56,0.05468750
3443,val,92001,51,0.04980469
3444,val,40474,10,0.00976562
3445,val,69508,69,0.06738281
3446,val,47356,17,0.01660156
3447,val,75175,0,0.00000000
3448,val,61908,25,0.02441406
3449,val,78528,32,0.03125000
3450,val,71584,42,0.04101562
3451,val,38541,42,0.04101562
3452,val,45802,22,0.02148438
3453,val,87090,54,0.05273438
3454,val,4327,65,0.06347656
3455,val,5652,39,0.03808594
3456,val,20278,18,0.01757812
3457,val,82036,33,0.03222656
3458,val,1601,14,0.01367188
3459,val,15180,69,0.06738281
3460,val,13060,22,0.02148438
3461,val,70528,13,0.01269531
3462,val,34860,71,0.06933594
3463,val,4762,53,0.05175781
3464,val,892,42,0.04101562
3465,val,85978,11,0.01074219
3466,val,40944,23,0.02246094
3467,val,13657,64,0.06250000
3468,val,53144,0,0.00000000
3469,val,60233,33,0.03222656
3470,val,2337,19,0.01855469
3471,val,73996,30,0.02929688
3472,val,10613,32,0.03125000
3473,val,12131,49,0.04785156
3474,val,16536,7,0.00683594
3475,val,22081,76,0.07421875
3476,val,65933,45,0.04394531
3477,val,16150,35,0.03417969
3478,val,3931,12,0.01171875
3479,val,6604,7,0.00683594
3480,val,4552,0,0.00000000
3481,val,76849,33,0.03222656
3482,val,45798,59,0.05761719
3483,val,7665,20,0.01953125
3484,val,61333,54,0.05273438
3485,val,1005,79,0.07714844
3486,val,11861,24,0.02343750
3487,val,28307,45,0.04394531
3488,val,25424,65,0.06347656
3489,val,82800,44,0.04296875
3490,val,55625,39,0.03808594
3491,val,86456,15,0.01464844
3492,val,306,23,0.02246094
3493,val,45880,45,0.04394531
3494,val,5099,0,0.00000000
3495,val,68866,10,0.00976562
3496,val,26856,19,0.01855469
3497,val,87684,19,0.01855469
3498,val,772,79,0.07714844
3499,val,7261,30,0.02929688
3500,val,69416,24,0.02343750
3501,val,5376,59,0.05761719
3502,val,38530,11,0.01074219
3503,val,36306,30,0.02929688
3504,val,62822,0,0.00000000
3505,val,13844,52,0.05078125
3506,val,84666,48,0.04687500
3507,val,72791,46,0.04492188
3508,val,64395,23,0.02246094
3509,val,2836,23,0.02246094
3510,val,30992,42,0.04101562
3511,val,76768,63,0.06152344
3512,val,40556,22,0.02148438
3513,val,89202,13,0.01269531
3514,val,9192,58,0.05664062
3515,val,27978,27,0.02636719
3516,val,22152,38,0.03710938
3517,val,13419,9,0.00878906
3518,val,92581,61,0.05957031
3519,val,7257,43,0.04199219
3520,val,8811,77,0.07519531
3521,val,5529,68,0.06640625
3522,val,90136,35,0.03417969
3523,val,28636,25,0.02441406
3524,val,37481,28,0.02734375
3525,val,84765,43,0.04199219
3526,val,46023,13,0.01269531
3527,val,78405,14,0.01367188
3528,val,32568,24,0.02343750
3529,val,89601,17,0.01660156
3530,val,68949,23,0.02246094
3531,val,15586,24,0.02343750
3532,val,75993,0,0.00000000
3533,val,55827,21,0.02050781
3534,val,16066,47,0.04589844
3535,val,29036,23,0.02246094
3536,val,90140,0,0.00000000
3537,val,7615,11,0.01074219
3538,val,39796,59,0.05761719
3539,val,30339,13,0.01269531
3540,val,12295,80,0.07812500
3541,val,85882,13,0.01269531
3542,val,14762,48,0.04687500
3543,val,47844,42,0.04101562
3544,val,55961,37,0.03613281
3545,val,31480,36,0.03515625
3546,val,3028,51,0.04980469
3547,val,4436,37,0.03613281
3548,val,77928,50,0.04882812
3549,val,92612,61,0.05957031
3550,val,40115,31,0.03027344
3551,val,70412,19,0.01855469
3552,val,24523,12,0.01171875
3553,val,85120,35,0.03417969
3554,val,54588,23,0.02246094
3555,val,60212,11,0.01074219
3556,val,85124,27,0.02636719
3557,val,92266,27,0.02636719
3558,val,35511,68,0.06640625
3559,val,57322,0,0.00000000
3560,val,62819,64,0.06250000
3561,val,24613,13,0.01269531
3562,val,91080,29,0.02832031
3563,val,49744,1,0.00097656
3564,val,2338,33,0.03222656
3565,val,32236,38,0.03710938
3566,val,70568,24,0.02343750
3567,val,36312,0,0.00000000
3568,val,84356,57,0.05566406
3569,val,24122,41,0.04003906
3570,val,65388,19,0.01855469
3571,val,1848,22,0.02148438
3572,val,3746,14,0.01367188
3573,val,80055,19,0.01855469
3574,val,69507,13,0.01269531
3575,val,65033,19,0.01855469
3576,val,66337,52,0.05078125
3577,val,41975,76,0.07421875
3578,val,6872,35,0.03417969
3579,val,54020,18,0.01757812
3580,val,1003,0,0.00000000
3581,val,24520,44,0.04296875
3582,val,64676,0,0.00000000
3583,val,51296,0,0.00000000
3584,val,92387,26,0.02539062
3585,val,47358,50,0.04882812
3586,val,70368,11,0.01074219
3587,val,90439,47,0.04589844
3588,val,57492,11,0.01074219
3589,val,12461,33,0.03222656
3590,val,60876,41,0.04003906
3591,val,47352,32,0.03125000
3592,val,85120,35,0.03417969
3593,val,37188,19,0.01855469
3594,val,22208,8,0.00781250
3595,val,6188,16,0.01562500
3596,val,25954,64,0.06250000
3597,val,12134,64,0.06250000
3598,val,50764,23,0.02246094
3599,val,62819,84,0.08203125
3600,val,73770,24,0.02343750
3601,val,21048,44,0.04296875
3602,val,25184,5,0.00488281
3603,val,56781,24,0.02343750
3604,val,26573,19,0.01855469
3605,val,46195,10,0.00976562
3606,val,54872,18,0.01757812
3607,val,13062,28,0.02734375
3608,val,28168,22,0.02148438
3609,val,47315,40,0.03906250
3610,val,47163,9,0.00878906
3611,val,7413,39,0.03808594
3612,val,92682,19,0.01855469
3613,val,41972,20,0.01953125
3614,val,46128,61,0.05957031
3615,val,36309,30,0.02929688
3616,val,41299,32,0.03125000
3617,val,16235,50,0.04882812
3618,val,34860,80,0.07812500
3619,val,35471,27,0.02636719
3620,val,66482,48,0.04687500
3621,val,41968,96,0.09375000
3622,val,5264,27,0.02636719
3623,val,62818,38,0.03710938
3624,val,89811,16,0.01562500
3625,val,80062,59,0.05761719
3626,val,70456,18,0.01757812
3627,val,27008,42,0.04101562
3628,val,62857,47,0.04589844
3629,val,16277,34,0.03320312
3630,val,5732,58,0.05664062
3631,val,68866,25,0.02441406
3632,val,28873,0,0.00000000
3633,val,86903,55,0.05371094
3634,val,5533,78,0.07617188
3635,val,91151,6,0.00585938
3636,val,16080,10,0.00976562
3637,val,28172,19,0.01855469
3638,val,1941,22,0.02148438
3639,val,53818,23,0.02246094
3640,val,26169,56,0.05468750
3641,val,79172,36,0.03515625
3642,val,14468,0,0.00000000
3643,val,15080,17,0.01660156
3644,val,90136,10,0.00976562
3645,val,16773,42,0.04101562
3646,val,29471,37,0.03613281
3647,val,46579,36,0.03515625
3648,val,69505,22,0.02148438
3649,val,4552,0,0.00000000
3650,val,45305,21,0.02050781
3651,val,49551,7,0.00683594
3652,val,78860,35,0.03417969
3653,val,55963,18,0.01757812
3654,val,13419,21,0.02050781
3655,val,34564,28,0.02734375
3656,val,83373,32,0.03125000
3657,val,41971,76,0.07421875
3658,val,1004,56,0.05468750
3659,val,10526,23,0.02246094
3660,val,30993,19,0.01855469
3661,val,7259,50,0.04882812
3662,val,90971,30,0.02929688
3663,val,54156,64,0.06250000
3664,val,2232,0,0.00000000
3665,val,58452,38,0.03710938
3666,val,80481,59,0.05761719
3667,val,69098,33,0.03222656
3668,val,14949,10,0.00976562
3669,val,65388,26,0.02539062
3670,val,39768,21,0.02050781
3671,val,15988,11,0.01074219
3672,val,39768,21,0.02050781
3673,val,7634,81,0.07910156
3674,val,82416,40,0.03906250
3675,val,86899,77,0.07519531
3676,val,30338,14,0.01367188
3677,val,41972,98,0.09570312
3678,val,8764,28,0.02734375
3679,val,92004,37,0.03613281
3680,val,1940,29,0.02832031
3681,val,61715,7,0.00683594
3682,val,33835,46,0.04492188
3683,val,25166,35,0.03417969
3684,val,81482,11,0.01074219
3685,val,5532,36,0.03515625
3686,val,51921,10,0.00976562
3687,val,69509,75,0.07324219
3688,val,62822,18,0.01757812
3689,val,60192,0,0.00000000
3690,val,65058,24,0.02343750
3691,val,92115,12,0.01171875
3692,val,52136,23,0.02246094
3693,val,84684,86,0.08398438
3694,val,24025,58,0.05664062
3695,val,86900,18,0.01757812
3696,val,39833,18,0.01757812
3697,val,87095,62,0.06054688
3698,val,772,23,0.02246094
3699,val,80481,39,0.03808594
3700,val,17384,23,0.02246094
3701,val,32401,19,0.01855469
3702,val,89815,34,0.03320312
3703,val,36553,50,0.04882812
3704,val,1922,0,0.00000000
3705,val,19672,0,0.00000000
3706,val,41968,67,0.06542969
3707,val,11856,23,0.02246094
3708,val,17011,21,0.02050781
3709,val,81026,0,0.00000000
3710,val,8091,43,0.04199219
3711,val,46499,39,0.03808594
3712,val,62819,59,0.05761719
3713,val,13416,20,0.01953125
3714,val,21420,42,0.04101562
3715,val,85788,29,0.02832031
3716,val,5378,43,0.04199219
3717,val,1040,57,0.05566406
3718,val,1000,79,0.07714844
3719,val,46029,53,0.05175781
3720,val,46259,42,0.04101562
3721,val,91888,22,0.02148438
3722,val,8764,0,0.00000000
3723,val,26184,27,0.02636719
3724,val,12134,15,0.01464844
3725,val,68948,31,0.03027344
3726,val,22085,34,0.03320312
3727,val,65492,22,0.02148438
3728,val,80642,29,0.02832031
3729,val,54748,9,0.00878906
3730,val,6340,28,0.02734375
3731,val,38537,43,0.04199219
3732,val,89105,17,0.01660156
3733,val,17096,8,0.00781250
3734,val,8811,77,0.07519531
3735,val,37428,10,0.00976562
3736,val,9088,31,0.03027344
3737,val,32496,67,0.06542969
3738,val,75999,57,0.05566406
3739,val,25851,37,0.03613281
3740,val,8877,18,0.01757812
3741,val,60877,0,0.00000000
3742,val,89812,0,0.00000000
3743,val,64320,12,0.01171875
3744,val,64396,35,0.03417969
3745,val,1308,57,0.05566406
3746,val,4905,48,0.04687500
3747,val,76052,31,0.03027344
3748,val,46971,20,0.01953125
3749,val,63392,13,0.01269531
3750,val,22083,27,0.02636719
3751,val,65908,69,0.06738281
3752,val,40050,5,0.00488281
3753,val,85120,16,0.01562500
3754,val,36360,52,0.05078125
3755,val,16284,15,0.01464844
3756,val,59962,65,0.06347656
3757,val,17443,34,0.03320312
3758,val,92267,36,0.03515625
3759,val,28304,21,0.02050781
3760,val,16104,83,0.08105469
3761,val,63465,55,0.05371094
3762,val,64633,0,0.00000000
3763,val,8872,43,0.04199219
3764,val,53103,64,0.06250000
3765,val,62199,12,0.01171875
3766,val,87453,12,0.01171875
3767,val,51301,48,0.04687500
3768,val,402,8,0.00781250
3769,val,8952,35,0.03417969
3770,val,68955,32,0.03125000
3771,val,37188,61,0.05957031
3772,val,60065,45,0.04394531
3773,val,1601,67,0.06542969
3774,val,50761,25,0.02441406
3775,val,37409,48,0.04687500
3776,val,91724,11,0.01074219
3777,val,34563,28,0.02734375
3778,val,60130,34,0.03320312
3779,val,75465,8,0.00781250
3780,val,7265,67,0.06542969
3781,val,91812,26,0.02539062
3782,val,1408,18,0.01757812
3783,val,38543,16,0.01562500
3784,val,14551,49,0.04785156
3785,val,33157,13,0.01269531
3786,val,84272,0,0.00000000
3787,val,66196,17,0.01660156
3788,val,85120,35,0.03417969
3789,val,51664,40,0.03906250
3790,val,44433,39,0.03808594
3791,val,26188,20,0.01953125
3792,val,80590,27,0.02636719
3793,val,21379,57,0.05566406
3794,val,81896,28,0.02734375
3795,val,16285,40,0.03906250
3796,val,34856,85,0.08300781
3797,val,39560,41,0.04003906
3798,val,89012,40,0.03906250
3799,val,47072,8,0.00781250
3800,val,44901,57,0.05566406
3801,val,13415,41,0.04003906
3802,val,19361,19,0.01855469
3803,val,232,50,0.04882812
3804,val,74145,0,0.00000000
3805,val,33020,71,0.06933594
3806,val,15964,34,0.03320312
3807,val,20274,1,0.00097656
3808,val,57488,53,0.05175781
3809,val,4432,28,0.02734375
3810,val,15465,54,0.05273438
3811,val,13369,0,0.00000000
3812,val,61101,31,0.03027344
3813,val,14108,21,0.02050781
3814,val,61904,0,0.00000000
3815,val,9192,13,0.01269531
3816,val,63465,0,0.00000000
3817,val,16202,28,0.02734375
3818,val,30969,19,0.01855469
3819,val,92879,11,0.01074219
3820,val,41421,37,0.03613281
3821,val,68060,16,0.01562500
3822,val,91888,53,0.05175781
3823,val,43118,67,0.06542969
3824,val,33688,39,0.03808594
3825,val,32457,38,0.03710938
3826,val,62819,49,0.04785156
3827,val,45797,19,0.01855469
3828,val,27354,0,0.00000000
3829,val,63109,1,0.00097656
3830,val,25048,43,0.04199219
3831,val,70408,0,0.00000000
3832,val,19160,42,0.04101562
3833,val,29739,61,0.05957031
3834,val,58098,13,0.01269531
3835,val,89693,19,0.01855469
3836,val,24304,16,0.01562500
3837,val,41972,80,0.07812500
3838,val,35501,13,0.01269531
3839,val,5737,14,0.01367188
3840,val,400,20,0.01953125
3841,val,15468,67,0.06542969
3842,val,90137,25,0.02441406
3843,val,8416,16,0.01562500
3844,val,26789,12,0.01171875
3845,val,68866,10,0.00976562
3846,val,79177,33,0.03222656
3847,val,37660,18,0.01757812
3848,val,90136,10,0.00976562
3849,val,35464,23,0.02246094
3850,val,64676,30,0.02929688
3851,val,12130,46,0.04492188
3852,val,91890,27,0.02636719
3853,val,72932,71,0.06933594
3854,val,34088,27,0.02636719
3855,val,56272,34,0.03320312
3856,val,20630,3,0.00292969
3857,val,90632,24,0.02343750
3858,val,5378,38,0.03710938
3859,val,26572,74,0.07226562
3860,val,14465,19,0.01855469
3861,val,2888,21,0.02050781
3862,val,8763,30,0.02929688
3863,val,48454,0,0.00000000
3864,val,48600,47,0.04589844
3865,val,64708,19,0.01855469
3866,val,45307,12,0.01171875
3867,val,58096,57,0.05566406
3868,val,53098,46,0.04492188
3869,val,54460,29,0.02832031
3870,val,32348,10,0.00976562
3871,val,8417,18,0.01757812
3872,val,25325,23,0.02246094
3873,val,28009,29,0.02832031
3874,val,12623,14,0.01367188
3875,val,59731,12,0.01171875
3876,val,19948,20,0.01953125
3877,val,6600,8,0.00781250
3878,val,10540,30,0.02929688
3879,val,1002,36,0.03515625
3880,val,60737,34,0.03320312
3881,val,92580,85,0.08300781
3882,val,78528,32,0.03125000
3883,val,26856,36,0.03515625
3884,val,85280,0,0.00000000
3885,val,10792,61,0.05957031
3886,val,55131,15,0.01464844
3887,val,30396,34,0.03320312
3888,val,73768,25,0.02441406
3889,val,1556,42,0.04101562
3890,val,23225,17,0.01660156
3891,val,54872,28,0.02734375
3892,val,86900,56,0.05468750
3893,val,17834,18,0.01757812
3894,val,11367,4,0.00390625
3895,val,82037,27,0.02636719
3896,val,25167,30,0.02929688
3897,val,29470,28,0.02734375
3898,val,6872,60,0.05859375
3899,val,10792,54,0.05273438
3900,val,13058,27,0.02636719
3901,val,65487,11,0.01074219
3902,val,48838,24,0.02343750
3903,val,78772,0,0.00000000
3904,val,7664,27,0.02636719
3905,val,78772,20,0.01953125
3906,val,83368,7,0.00683594
3907,val,87089,47,0.04589844
3908,val,38980,55,0.05371094
3909,val,41973,47,0.04589844
3910,val,24204,15,0.01464844
3911,val,38540,42,0.04101562
3912,val,46122,20,0.01953125
3913,val,5528,36,0.03515625
3914,val,2817,54,0.05273438
3915,val,13660,67,0.06542969
3916,val,75996,0,0.00000000
3917,val,75856,0,0.00000000
3918,val,25088,51,0.04980469
3919,val,36312,35,0.03417969
3920,val,74969,82,0.08007812
3921,val,34561,19,0.01855469
3922,val,54474,59,0.05761719
3923,val,82800,0,0.00000000
3924,val,959,31,0.03027344
3925,val,8809,76,0.07421875
3926,val,78769,0,0.00000000
3927,val,40283,50,0.04882812
3928,val,90138,10,0.00976562
3929,val,86896,76,0.07421875
3930,val,42284,41,0.04003906
3931,val,8924,61,0.05957031
3932,val,29625,35,0.03417969
3933,val,53845,50,0.04882812
3934,val,14548,36,0.03515625
3935,val,89204,27,0.02636719
3936,val,62051,0,0.00000000
3937,val,17443,0,0.00000000
3938,val,41968,31,0.03027344
3939,val,58659,0,0.00000000
3940,val,235,66,0.06445312
3941,val,12384,60,0.05859375
3942,val,72436,43,0.04199219
3943,val,41972,14,0.01367188
3944,val,73555,18,0.01757812
3945,val,78771,52,0.05078125
3946,val,68556,22,0.02148438
3947,val,72235,57,0.05566406
3948,val,41970,14,0.01367188
3949,val,3196,70,0.06835938
3950,val,89409,24,0.02343750
3951,val,1038,17,0.01660156
3952,val,58565,75,0.07324219
3953,val,18238,30,0.02929688
3954,val,47563,27,0.02636719
3955,val,69857,31,0.03027344
3956,val,8952,21,0.02050781
3957,val,1002,65,0.06347656
3958,val,57844,0,0.00000000
3959,val,47072,58,0.05664062
3960,val,39834,13,0.01269531
3961,val,86459,50,0.04882812
3962,val,30628,16,0.01562500
3963,val,12133,54,0.05273438
3964,val,26340,0,0.00000000
3965,val,46583,64,0.06250000
3966,val,57492,0,0.00000000
3967,val,21421,50,0.04882812
3968,val,5156,27,0.02636719
3969,val,58656,0,0.00000000
3970,val,67829,52,0.05078125
3971,val,40119,5,0.00488281
3972,val,59405,24,0.02343750
3973,val,81139,0,0.00000000
3974,val,17591,18,0.01757812
3975,val,43020,10,0.00976562
3976,val,54747,8,0.00781250
3977,val,1411,0,0.00000000
3978,val,2122,48,0.04687500
3979,val,25049,0,0.00000000
3980,val,8809,27,0.02636719
3981,val,7634,63,0.06152344
3982,val,12132,55,0.05371094
3983,val,80586,24,0.02343750
3984,val,36122,48,0.04687500
3985,val,87327,45,0.04394531
3986,val,67057,20,0.01953125
3987,val,46372,6,0.00585938
3988,val,2888,44,0.04296875
3989,val,62819,64,0.06250000
3990,val,79898,35,0.03417969
3991,val,38534,64,0.06250000
3992,val,40796,11,0.01074219
3993,val,24192,47,0.04589844
3994,val,7632,0,0.00000000
3995,val,43140,42,0.04101562
3996,val,30516,17,0.01660156
3997,val,19364,28,0.02734375
3998,val,28539,10,0.00976562
3999,val,65312,16,0.01562500
4000,val,8921,35,0.03417969
4001,val,92112,9,0.00878906
4002,val,46854,29,0.02832031
4003,val,46498,12,0.01171875
4004,val,75154,34,0.03320312
4005,val,80590,38,0.03710938
4006,val,12290,61,0.05957031
4007,val,53097,8,0.00781250
4008,val,674,8,0.00781250
4009,val,36122,13,0.01269531
4010,val,5046,69,0.06738281
4011,val,33691,25,0.02441406
4012,val,4964,29,0.02832031
4013,val,16981,15,0.01464844
4014,val,41264,18,0.01757812
4015,val,14739,22,0.02148438
4016,val,1492,19,0.01855469
4017,val,80590,24,0.02343750
4018,val,10608,31,0.03027344
4019,val,677,36,0.03515625
4020,val,2688,22,0.02148438
4021,val,27562,17,0.01660156
4022,val,73996,56,0.05468750
4023,val,45845,41,0.04003906
4024,val,45997,0,0.00000000
4025,val,90141,7,0.00683594
4026,val,10436,24,0.02343750
4027,val,67265,27,0.02636719
4028,val,17445,24,0.02343750
4029,val,2888,54,0.05273438
4030,val,42242,77,0.07519531
4031,val,85787,0,0.00000000
4032,val,38534,47,0.04589844
4033,val,89607,14,0.01367188
4034,val,39043,11,0.01074219
4035,val,69856,36,0.03515625
4036,val,5269,50,0.04882812
4037,val,58660,6,0.00585938
4038,val,15469,55,0.05371094
4039,val,41970,81,0.07910156
4040,val,2476,0,0.00000000
4041,val,12388,35,0.03417969
4042,val,16281,20,0.01953125
4043,val,24120,27,0.02636719
4044,val,55130,35,0.03417969
4045,val,34426,51,0.04980469
4046,val,6336,35,0.03417969
4047,val,41971,46,0.04492188
4048,val,15585,52,0.05078125
4049,val,23424,46,0.04492188
4050,val,47167,58,0.05664062
4051,val,64121,44,0.04296875
4052,val,16864,25,0.02441406
4053,val,22248,10,0.00976562
4054,val,63108,33,0.03222656
4055,val,32196,0,0.00000000
4056,val,85978,19,0.01855469
4057,val,85982,15,0.01464844
4058,val,26280,53,0.05175781
4059,val,26242,77,0.07519531
4060,val,44592,8,0.00781250
4061,val,90597,10,0.00976562
4062,val,83127,28,0.02734375
4063,val,7256,35,0.03417969
4064,val,41969,84,0.08203125
4065,val,50791,24,0.02343750
4066,val,22080,37,0.03613281
4067,val,1001,28,0.02734375
4068,val,45308,22,0.02148438
4069,val,84667,18,0.01757812
4070,val,24192,24,0.02343750
4071,val,50469,41,0.04003906
4072,val,25852,51,0.04980469
4073,val,2237,57,0.05566406
4074,val,54528,0,0.00000000
4075,val,32496,77,0.07519531
4076,val,63648,54,0.05273438
4077,val,33832,61,0.05957031
4078,val,68955,29,0.02832031
4079,val,89203,20,0.01953125
4080,val,84352,0,0.00000000
4081,val,71056,64,0.06250000
4082,val,69437,0,0.00000000
4083,val,306,23,0.02246094
4084,val,80052,14,0.01367188
4085,val,32459,52,0.05078125
4086,val,36313,30,0.02929688
4087,val,8809,85,0.08300781
4088,val,79189,60,0.05859375
4089,val,81568,13,0.01269531
4090,val,20697,0,0.00000000
4091,val,62821,19,0.01855469
4092,val,1308,69,0.06738281
4093,val,53102,25,0.02441406
4094,val,63650,58,0.05664062
4095,val,47563,49,0.04785156
0,test,24640,46,0.04492188
1,test,89157,19,0.01855469
2,test,56822,42,0.04101562
3,test,13224,24,0.02343750
4,test,79204,22,0.02148438
5,test,12885,30,0.02929688
6,test,18628,71,0.06933594
7,test,21335,16,0.01562500
8,test,56732,58,0.05664062
9,test,90184,0,0.00000000
10,test,83846,30,0.02929688
11,test,87880,27,0.02636719
12,test,45471,53,0.05175781
13,test,55402,25,0.02441406
14,test,68469,31,0.03027344
15,test,20740,15,0.01464844
16,test,91129,64,0.06250000
17,test,30734,24,0.02343750
18,test,62890,64,0.06250000
19,test,27081,37,0.03613281
20,test,2313,14,0.01367188
21,test,21988,82,0.08007812
22,test,22037,14,0.01367188
23,test,85320,49,0.04785156
24,test,43157,12,0.01171875
25,test,79308,37,0.03613281
26,test,90191,46,0.04492188
27,test,92996,20,0.01953125
28,test,32001,55,0.05371094
29,test,14145,22,0.02148438
30,test,78201,55,0.05371094
31,test,80251,7,0.00683594
32,test,62428,14,0.01367188
33,test,39130,23,0.02246094
34,test,84780,11,0.01074219
35,test,36139,20,0.01953125
36,test,30885,1,0.00097656
37,test,20883,33,0.03222656
38,test,61230,27,0.02636719
39,test,81503,13,0.01269531
40,test,53580,12,0.01171875
41,test,58371,9,0.00878906
42,test,82578,35,0.03417969
43,test,35619,0,0.00000000
44,test,85379,30,0.02929688
45,test,39105,16,0.01562500
46,test,11545,38,0.03710938
47,test,62616,28,0.02734375
48,test,43940,33,0.03222656
49,test,5794,18,0.01757812
50,test,86786,11,0.01074219
51,test,20738,67,0.06542969
52,test,91105,55,0.05371094
53,test,91130,68,0.06640625
54,test,70224,16,0.01562500
55,test,74636,21,0.02050781
56,test,26347,40,0.03906250
57,test,664,22,0.02148438
58,test,87660,38,0.03710938
59,test,22936,27,0.02636719
60,test,10777,28,0.02734375
61,test,76584,31,0.03027344
62,test,82851,34,0.03320312
63,test,55956,64,0.06250000
64,test,83586,38,0.03710938
65,test,75891,18,0.01757812
66,test,19223,39,0.03808594
67,test,9396,82,0.08007812
68,test,25647,21,0.02050781
69,test,23136,46,0.04492188
70,test,4748,33,0.03222656
71,test,66471,63,0.06152344
72,test,46089,6,0.00585938
73,test,28562,62,0.06054688
74,test,88593,29,0.02832031
75,test,54332,55,0.05371094
76,test,91588,17,0.01660156
77,test,37365,0,0.00000000
78,test,62889,0,0.00000000
79,test,36351,60,0.05859375
80,test,91108,28,0.02734375
81,test,47372,22,0.02148438
82,test,36141,47,0.04589844
83,test,86707,0,0.00000000
84,test,28032,56,0.05468750
85,test,4202,0,0.00000000
86,test,40938,49,0.04785156
87,test,47986,10,0.00976562
88,test,91628,31,0.03027344
89,test,45988,44,0.04296875
90,test,32006,58,0.05664062
91,test,64479,40,0.03906250
92,test,71836,17,0.01660156
93,test,92361,17,0.01660156
94,test,83585,0,0.00000000
95,test,83846,32,0.03125000
96,test,36143,14,0.01367188
97,test,56949,45,0.04394531
98,test,72655,52,0.05078125
99,test,49341,0,0.00000000
100,test,79204,0,0.00000000
101,test,25824,18,0.01757812
102,test,46426,29,0.02832031
103,test,21029,58,0.05664062
104,test,70652,27,0.02636719
105,test,28692,70,0.06835938
106,test,28568,32,0.03125000
107,test,61403,58,0.05664062
108,test,17173,19,0.01855469
109,test,35311,61,0.05957031
110,test,20153,53,0.05175781
111,test,66468,63,0.06152344
112,test,43676,27,0.02636719
113,test,10092,48,0.04687500
114,test,45516,81,0.07910156
115,test,14537,15,0.01464844
116,test,64828,15,0.01464844
117,test,69036,16,0.01562500
118,test,10388,32,0.03125000
119,test,74517,29,0.02832031
120,test,63900,23,0.02246094
121,test,56971,18,0.01757812
122,test,79308,37,0.03613281
123,test,5328,27,0.02636719
124,test,39424,47,0.04589844
125,test,359,9,0.00878906
126,test,64082,0,0.00000000
127,test,23725,45,0.04394531
128,test,18677,28,0.02734375
129,test,69445,24,0.02343750
130,test,20659,17,0.01660156
131,test,21324,1,0.00097656
132,test,62340,26,0.02539062
133,test,77389,49,0.04785156
134,test,87588,17,0.01660156
135,test,48349,0,0.00000000
136,test,6920,17,0.01660156
137,test,2185,33,0.03222656
138,test,62444,48,0.04687500
139,test,4253,52,0.05078125
140,test,79944,29,0.02832031
141,test,43539,35,0.03417969
142,test,63701,19,0.01855469
143,test,36712,30,0.02929688
144,test,17738,36,0.03515625
145,test,81927,34,0.03320312
146,test,90184,31,0.03027344
147,test,90756,9,0.00878906
148,test,54792,23,0.02246094
149,test,43704,28,0.02734375
150,test,21813,89,0.08691406
151,test,87348,66,0.06445312
152,test,74638,53,0.05175781
153,test,20642,35,0.03417969
154,test,17048,19,0.01855469
155,test,78201,65,0.06347656
156,test,77787,24,0.02343750
157,test,59978,56,0.05468750
158,test,17824,62,0.06054688
159,test,33568,25,0.02441406
160,test,91789,23,0.02246094
161,test,9452,23,0.02246094
162,test,43153,36,0.03515625
163,test,3456,10,0.00976562
164,test,825,52,0.05078125
165,test,69032,26,0.02539062
166,test,75016,38,0.03710938
167,test,43704,33,0.03222656
168,test,79944,0,0.00000000
169,test,10988,21,0.02050781
170,test,39428,58,0.05664062
171,test,5328,20,0.01953125
172,test,1899,30,0.02929688
173,test,89158,48,0.04687500
174,test,54601,40,0.03906250
175,test,84186,0,0.00000000
176,test,37243,33,0.03222656
177,test,53899,71,0.06933594
178,test,28688,63,0.06152344
179,test,80922,25,0.02441406
180,test,92690,27,0.02636719
181,test,29648,12,0.01171875
182,test,84411,67,0.06542969
183,test,63663,14,0.01367188
184,test,31412,69,0.06738281
185,test,87348,28,0.02734375
186,test,23722,18,0.01757812
187,test,26205,7,0.00683594
188,test,18391,42,0.04101562
189,test,38032,27,0.02636719
190,test,3456,13,0.01269531
191,test,10072,42,0.04101562
192,test,5448,31,0.03027344
193,test,62850,0,0.00000000
194,test,72731,15,0.01464844
195,test,27081,16,0.01562500
196,test,17736,49,0.04785156
197,test,29756,25,0.02441406
198,test,40851,19,0.01855469
199,test,65444,52,0.05078125
200,test,79371,39,0.03808594
201,test,5329,85,0.08300781
202,test,5481,18,0.01757812
203,test,46557,38,0.03710938
204,test,60176,56,0.05468750
205,test,37978,43,0.04199219
206,test,15891,14,0.01367188
207,test,55577,27,0.02636719
208,test,77202,42,0.04101562
209,test,27898,0,0.00000000
210,test,34147,25,0.02441406
211,test,21320,21,0.02050781
212,test,87824,16,0.01562500
213,test,23184,17,0.01660156
214,test,88329,5,0.00488281
215,test,74364,27,0.02636719
216,test,63928,18,0.01757812
217,test,86512,28,0.02734375
218,test,87597,58,0.05664062
219,test,55952,58,0.05664062
220,test,82269,0,0.00000000
221,test,28568,35,0.03417969
222,test,61929,61,0.05957031
223,test,31547,36,0.03515625
224,test,92792,52,0.05078125
225,test,86128,34,0.03320312
226,test,19197,64,0.06250000
227,test,65025,41,0.04003906
228,test,56728,56,0.05468750
229,test,45275,31,0.03027344
230,test,61931,9,0.00878906
231,test,1900,60,0.05859375
232,test,17826,27,0.02636719
233,test,56948,12,0.01171875
234,test,84185,48,0.04687500
235,test,68033,55,0.05371094
236,test,61503,13,0.01269531
237,test,61296,49,0.04785156
238,test,22938,37,0.03613281
239,test,28036,24,0.02343750
240,test,87423,0,0.00000000
241,test,90856,56,0.05468750
242,test,68466,49,0.04785156
243,test,42312,27,0.02636719
244,test,23279,14,0.01367188
245,test,88548,27,0.02636719
246,test,3461,35,0.03417969
247,test,28565,32,0.03125000
248,test,92409,39,0.03808594
249,test,69867,12,0.01171875
250,test,24505,65,0.06347656
251,test,8888,58,0.05664062
252,test,61496,0,0.00000000
253,test,74120,28,0.02734375
254,test,7181,51,0.04980469
255,test,36321,28,0.02734375
256,test,1732,49,0.04785156
257,test,31993,13,0.01269531
258,test,45166,74,0.07226562
259,test,2063,47,0.04589844
260,test,49371,54,0.05273438
261,test,24182,39,0.03808594
262,test,88151,18,0.01757812
263,test,9485,60,0.05859375
264,test,44010,11,0.01074219
265,test,79710,23,0.02246094
266,test,89158,26,0.02539062
267,test,91627,43,0.04199219
268,test,3104,29,0.02832031
269,test,77784,43,0.04199219
270,test,75759,26,0.02539062
271,test,85383,31,0.03027344
272,test,61225,42,0.04101562
273,test,90898,22,0.02148438
274,test,19562,24,0.02343750
275,test,2610,13,0.01269531
276,test,6106,8,0.00781250
277,test,91131,99,0.09667969
278,test,30738,16,0.01562500
279,test,87960,39,0.03808594
280,test,58370,19,0.01855469
281,test,39264,49,0.04785156
282,test,848,14,0.01367188
283,test,35305,24,0.02343750
284,test,58379,32,0.03125000
285,test,43088,14,0.01367188
286,test,46708,17,0.01660156
287,test,83150,57,0.05566406
288,test,55955,71,0.06933594
289,test,84186,81,0.07910156
290,test,85379,31,0.03027344
291,test,79150,18,0.01757812
292,test,64473,32,0.03125000
293,test,65721,19,0.01855469
294,test,37050,0,0.00000000
295,test,32003,41,0.04003906
296,test,58071,0,0.00000000
297,test,5762,49,0.04785156
298,test,848,19,0.01855469
299,test,12454,11,0.01074219
300,test,1144,32,0.03125000
301,test,69033,20,0.01953125
302,test,68405,7,0.00683594
303,test,10387,30,0.02929688
304,test,60186,15,0.01464844
305,test,49373,63,0.06152344
306,test,21669,19,0.01855469
307,test,3403,38,0.03710938
308,test,70180,29,0.02832031
309,test,53681,31,0.03027344
310,test,27081,30,0.02929688
311,test,20640,37,0.03613281
312,test,18762,24,0.02343750
313,test,51896,29,0.02832031
314,test,39428,43,0.04199219
315,test,55788,0,0.00000000
316,test,65762,10,0.00976562
317,test,67408,13,0.01269531
318,test,56650,32,0.03125000
319,test,55952,61,0.05957031
320,test,14040,36,0.03515625
321,test,25647,20,0.01953125
322,test,852,26,0.02539062
323,test,15732,31,0.03027344
324,test,33180,25,0.02441406
325,test,65457,49,0.04785156
326,test,78249,19,0.01855469
327,test,65763,9,0.00878906
328,test,87938,29,0.02832031
329,test,61468,57,0.05566406
330,test,45240,37,0.03613281
331,test,53904,42,0.04101562
332,test,65028,0,0.00000000
333,test,60507,24,0.02343750
334,test,1022,47,0.04589844
335,test,85578,0,0.00000000
336,test,6079,28,0.02734375
337,test,44241,18,0.01757812
338,test,25696,61,0.05957031
339,test,75746,33,0.03222656
340,test,23563,27,0.02636719
341,test,86860,34,0.03320312
342,test,26346,34,0.03320312
343,test,23199,47,0.04589844
344,test,54604,36,0.03515625
345,test,64108,29,0.02832031
346,test,8585,23,0.02246094
347,test,81696,26,0.02539062
348,test,9480,0,0.00000000
349,test,83314,56,0.05468750
350,test,84633,46,0.04492188
351,test,92412,28,0.02734375
352,test,63186,0,0.00000000
353,test,33279,50,0.04882812
354,test,26441,24,0.02343750
355,test,5979,51,0.04980469
356,test,13020,21,0.02050781
357,test,47420,35,0.03417969
358,test,14388,37,0.03613281
359,test,76260,36,0.03515625
360,test,28692,18,0.01757812
361,test,14536,10,0.00976562
362,test,91131,54,0.05273438
363,test,86691,9,0.00878906
364,test,78204,38,0.03710938
365,test,7789,51,0.04980469
366,test,44781,63,0.06152344
367,test,80924,35,0.03417969
368,test,12655,30,0.02929688
369,test,61470,61,0.05957031
370,test,45241,63,0.06152344
371,test,92346,32,0.03125000
372,test,40939,29,0.02832031
373,test,77004,16,0.01562500
374,test,49049,31,0.03027344
375,test,20209,16,0.01562500
376,test,51256,40,0.03906250
377,test,61503,48,0.04687500
378,test,23584,77,0.07519531
379,test,28032,64,0.06250000
380,test,26441,19,0.01855469
381,test,45855,18,0.01757812
382,test,91868,85,0.08300781
383,test,4308,31,0.03027344
384,test,72655,12,0.01171875
385,test,14434,60,0.05859375
386,test,61466,18,0.01757812
387,test,43711,41,0.04003906
388,test,26348,42,0.04101562
389,test,12450,42,0.04101562
390,test,32546,19,0.01855469
391,test,65121,39,0.03808594
392,test,27280,23,0.02246094
393,test,93050,22,0.02148438
394,test,82067,58,0.05664062
395,test,38332,16,0.01562500
396,test,11845,59,0.05761719
397,test,27421,36,0.03515625
398,test,17053,25,0.02441406
399,test,41771,27,0.02636719
400,test,60640,25,0.02441406
401,test,6141,40,0.03906250
402,test,46522,16,0.01562500
403,test,58379,36,0.03515625
404,test,46558,20,0.01953125
405,test,77088,0,0.00000000
406,test,74121,25,0.02441406
407,test,33204,36,0.03515625
408,test,85577,38,0.03710938
409,test,30736,37,0.03613281
410,test,55754,25,0.02441406
411,test,44050,34,0.03320312
412,test,87115,21,0.02050781
413,test,1120,34,0.03320312
414,test,53404,70,0.06835938
415,test,88260,57,0.05566406
416,test,80704,45,0.04394531
417,test,904,23,0.02246094
418,test,78202,17,0.01660156
419,test,83480,43,0.04199219
420,test,23859,34,0.03320312
421,test,37365,16,0.01562500
422,test,84635,8,0.00781250
423,test,824,65,0.06347656
424,test,35618,12,0.01171875
425,test,61296,16,0.01562500
426,test,30412,12,0.01171875
427,test,14536,25,0.02441406
428,test,23189,19,0.01855469
429,test,29159,25,0.02441406
430,test,87663,12,0.01171875
431,test,15553,24,0.02343750
432,test,41984,14,0.01367188
433,test,73549,0,0.00000000
434,test,557,27,0.02636719
435,test,11548,56,0.05468750
436,test,35308,27,0.02636719
437,test,3404,61,0.05957031
438,test,39593,46,0.04492188
439,test,61557,50,0.04882812
440,test,34237,26,0.02539062
441,test,63447,18,0.01757812
442,test,36323,47,0.04589844
443,test,14384,40,0.03906250
444,test,86056,58,0.05664062
445,test,34150,35,0.03417969
446,test,15519,4,0.00390625
447,test,67663,11,0.01074219
448,test,69033,42,0.04101562
449,test,36717,26,0.02539062
450,test,75319,20,0.01953125
451,test,6143,42,0.04101562
452,test,1417,70,0.06835938
453,test,357,52,0.05078125
454,test,92640,54,0.05273438
455,test,36344,61,0.05957031
456,test,62691,13,0.01269531
457,test,76256,38,0.03710938
458,test,69741,17,0.01660156
459,test,3104,24,0.02343750
460,test,61396,0,0.00000000
461,test,39427,9,0.00878906
462,test,69443,40,0.03906250
463,test,25642,0,0.00000000
464,test,85579,46,0.04492188
465,test,6140,66,0.06445312
466,test,79369,9,0.00878906
467,test,74410,39,0.03808594
468,test,825,55,0.05371094
469,test,82768,16,0.01562500
470,test,80356,8,0.00781250
471,test,83286,23,0.02246094
472,test,53128,37,0.03613281
473,test,81496,49,0.04785156
474,test,37367,0,0.00000000
475,test,51715,27,0.02636719
476,test,84779,11,0.01074219
477,test,17736,0,0.00000000
478,test,77201,0,0.00000000
479,test,55959,10,0.00976562
480,test,68035,17,0.01660156
481,test,75683,14,0.01367188
482,test,25440,31,0.03027344
483,test,68467,43,0.04199219
484,test,69257,35,0.03417969
485,test,24999,0,0.00000000
486,test,91769,31,0.03027344
487,test,88148,65,0.06347656
488,test,20500,8,0.00781250
489,test,43541,81,0.07910156
490,test,10105,18,0.01757812
491,test,3463,26,0.02539062
492,test,64108,29,0.02832031
493,test,91628,31,0.03027344
494,test,17736,59,0.05761719
495,test,70181,29,0.02832031
496,test,43710,33,0.03222656
497,test,2312,11,0.01074219
498,test,92693,35,0.03417969
499,test,37300,0,0.00000000
500,test,71834,22,0.02148438
501,test,20289,0,0.00000000
502,test,90858,19,0.01855469
503,test,7180,0,0.00000000
504,test,1733,56,0.05468750
505,test,63186,26,0.02539062
506,test,87717,71,0.06933594
507,test,47988,72,0.07031250
508,test,63040,23,0.02246094
509,test,10107,24,0.02343750
510,test,20644,22,0.02148438
511,test,6923,0,0.00000000
512,test,40768,36,0.03515625
513,test,72036,0,0.00000000
514,test,851,45,0.04394531
515,test,19920,64,0.06250000
516,test,62556,14,0.01367188
517,test,51203,0,0.00000000
518,test,47237,63,0.06152344
519,test,4512,0,0.00000000
520,test,47024,27,0.02636719
521,test,62888,20,0.01953125
522,test,4136,27,0.02636719
523,test,89577,36,0.03515625
524,test,17055,46,0.04492188
525,test,31473,12,0.01171875
526,test,11847,44,0.04296875
527,test,9849,0,0.00000000
528,test,49362,43,0.04199219
529,test,51715,27,0.02636719
530,test,84456,0,0.00000000
531,test,51856,1,0.00097656
532,test,14246,51,0.04980469
533,test,55756,35,0.03417969
534,test,43088,50,0.04882812
535,test,31997,45,0.04394531
536,test,73532,31,0.03027344
537,test,89265,20,0.01953125
538,test,48104,20,0.01953125
539,test,6229,46,0.04492188
540,test,71257,31,0.03027344
541,test,5329,81,0.07910156
542,test,49488,12,0.01171875
543,test,78203,69,0.06738281
544,test,63701,4,0.00390625
545,test,79147,0,0.00000000
546,test,52828,49,0.04785156
547,test,46636,15,0.01464844
548,test,84856,23,0.02246094
549,test,86255,10,0.00976562
550,test,14043,28,0.02734375
551,test,74370,31,0.03027344
552,test,55953,68,0.06640625
553,test,843,0,0.00000000
554,test,29089,0,0.00000000
555,test,11343,0,0.00000000
556,test,58383,0,0.00000000
557,test,77092,12,0.01171875
558,test,31479,44,0.04296875
559,test,13224,14,0.01367188
560,test,35622,67,0.06542969
561,test,87726,15,0.01464844
562,test,21673,40,0.03906250
563,test,60940,0,0.00000000
564,test,56399,36,0.03515625
565,test,52985,78,0.07617188
566,test,50611,16,0.01562500
567,test,30786,31,0.03027344
568,test,72035,21,0.02050781
569,test,79707,27,0.02636719
570,test,79146,26,0.02539062
571,test,34525,55,0.05371094
572,test,84304,0,0.00000000
573,test,58381,20,0.01953125
574,test,47423,22,0.02148438
575,test,7811,44,0.04296875
576,test,64837,42,0.04101562
577,test,4140,21,0.02050781
578,test,48349,0,0.00000000
579,test,54328,0,0.00000000
580,test,46637,50,0.04882812
581,test,58380,32,0.03125000
582,test,77224,33,0.03222656
583,test,74412,81,0.07910156
584,test,14252,34,0.03320312
585,test,56989,25,0.02441406
586,test,28560,60,0.05859375
587,test,27900,27,0.02636719
588,test,23189,21,0.02050781
589,test,79304,20,0.01953125
590,test,32545,11,0.01074219
591,test,23184,22,0.02148438
592,test,21533,76,0.07421875
593,test,25357,84,0.08203125
594,test,56731,11,0.01074219
595,test,17829,0,0.00000000
596,test,74812,47,0.04589844
597,test,40459,16,0.01562500
598,test,43564,28,0.02734375
599,test,14433,34,0.03320312
600,test,85599,14,0.01367188
601,test,89025,20,0.01953125
602,test,33800,23,0.02246094
603,test,85345,21,0.02050781
604,test,41775,0,0.00000000
605,test,78204,25,0.02441406
606,test,55560,22,0.02148438
607,test,21324,26,0.02539062
608,test,65765,26,0.02539062
609,test,61832,16,0.01562500
610,test,56021,37,0.03613281
611,test,68037,24,0.02343750
612,test,45955,56,0.05468750
613,test,74925,36,0.03515625
614,test,68033,19,0.01855469
615,test,28770,26,0.02539062
616,test,824,71,0.06933594
617,test,76440,17,0.01660156
618,test,30784,16,0.01562500
619,test,65446,56,0.05468750
620,test,62894,21,0.02050781
621,test,61403,24,0.02343750
622,test,62212,37,0.03613281
623,test,25061,70,0.06835938
624,test,56396,21,0.02050781
625,test,52600,7,0.00683594
626,test,7096,0,0.00000000
627,test,17824,26,0.02539062
628,test,850,48,0.04687500
629,test,23722,25,0.02441406
630,test,82684,0,0.00000000
631,test,88147,61,0.05957031
632,test,91865,84,0.08203125
633,test,26216,37,0.03613281
634,test,26345,31,0.03027344
635,test,93091,8,0.00781250
636,test,49340,34,0.03320312
637,test,68320,0,0.00000000
638,test,78926,31,0.03027344
639,test,61500,61,0.05957031
640,test,52277,62,0.06054688
641,test,79304,20,0.01953125
642,test,36352,35,0.03417969
643,test,4780,16,0.01562500
644,test,27419,14,0.01367188
645,test,80706,33,0.03222656
646,test,91339,24,0.02343750
647,test,52108,83,0.08105469
648,test,45279,29,0.02832031
649,test,2248,69,0.06738281
650,test,42314,26,0.02539062
651,test,1898,46,0.04492188
652,test,64834,23,0.02246094
653,test,30952,12,0.01171875
654,test,84639,0,0.00000000
655,test,14242,29,0.02832031
656,test,63042,59,0.05761719
657,test,36895,0,0.00000000
658,test,19800,29,0.02832031
659,test,3108,37,0.03613281
660,test,4512,55,0.05371094
661,test,31992,16,0.01562500
662,test,62558,58,0.05664062
663,test,57537,18,0.01757812
664,test,73651,41,0.04003906
665,test,51138,28,0.02734375
666,test,90185,29,0.02832031
667,test,88154,27,0.02636719
668,test,28560,48,0.04687500
669,test,39689,38,0.03710938
670,test,83286,23,0.02246094
671,test,30784,24,0.02343750
672,test,44245,8,0.00781250
673,test,24992,27,0.02636719
674,test,40627,39,0.03808594
675,test,67976,5,0.00488281
676,test,10109,26,0.02539062
677,test,11420,52,0.05078125
678,test,11500,14,0.01367188
679,test,11550,54,0.05273438
680,test,17052,44,0.04296875
681,test,70653,31,0.03027344
682,test,65445,6,0.00585938
683,test,25826,15,0.01464844
684,test,5384,85,0.08300781
685,test,4095,36,0.03515625
686,test,65760,18,0.01757812
687,test,58243,37,0.03613281
688,test,65868,37,0.03613281
689,test,70191,37,0.03613281
690,test,79123,42,0.04101562
691,test,844,52,0.05078125
692,test,81920,12,0.01171875
693,test,26200,17,0.01660156
694,test,88258,50,0.04882812
695,test,31993,55,0.05371094
696,test,27081,13,0.01269531
697,test,2255,48,0.04687500
698,test,54226,68,0.06640625
699,test,9480,62,0.06054688
700,test,1124,45,0.04394531
701,test,81314,0,0.00000000
702,test,21532,79,0.07714844
703,test,31315,30,0.02929688
704,test,71090,21,0.02050781
705,test,74362,22,0.02148438
706,test,56974,49,0.04785156
707,test,77304,0,0.00000000
708,test,780,29,0.02832031
709,test,44091,15,0.01464844
710,test,85595,14,0.01367188
711,test,88188,11,0.01074219
712,test,67998,35,0.03417969
713,test,67982,11,0.01074219
714,test,67043,26,0.02539062
715,test,62356,20,0.01953125
716,test,18385,41,0.04003906
717,test,824,17,0.01660156
718,test,81524,76,0.07421875
719,test,40902,24,0.02343750
720,test,32968,51,0.04980469
721,test,41906,14,0.01367188
722,test,17053,61,0.05957031
723,test,7242,15,0.01464844
724,test,61467,64,0.06250000
725,test,62353,31,0.03027344
726,test,92340,16,0.01562500
727,test,17824,10,0.00976562
728,test,30057,19,0.01855469
729,test,19223,39,0.03808594
730,test,39128,13,0.01269531
731,test,88149,69,0.06738281
732,test,54228,62,0.06054688
733,test,75328,35,0.03417969
734,test,1756,64,0.06250000
735,test,45633,20,0.01953125
736,test,66125,27,0.02636719
737,test,63932,0,0.00000000
738,test,69743,24,0.02343750
739,test,72553,28,0.02734375
740,test,8888,24,0.02343750
741,test,27280,10,0.00976562
742,test,63898,47,0.04589844
743,test,71549,9,0.00878906
744,test,57540,19,0.01855469
745,test,77385,10,0.00976562
746,test,46707,49,0.04785156
747,test,81883,24,0.02343750
748,test,28573,0,0.00000000
749,test,28573,36,0.03515625
750,test,25656,9,0.00878906
751,test,46633,14,0.01367188
752,test,26203,37,0.03613281
753,test,87922,34,0.03320312
754,test,7812,37,0.03613281
755,test,24993,0,0.00000000
756,test,21813,89,0.08691406
757,test,79151,48,0.04687500
758,test,56652,34,0.03320312
759,test,25699,5,0.00488281
760,test,54101,54,0.05273438
761,test,24568,18,0.01757812
762,test,92996,13,0.01269531
763,test,84917,7,0.00683594
764,test,55957,73,0.07128906
765,test,76588,40,0.03906250
766,test,2610,0,0.00000000
767,test,18388,46,0.04492188
768,test,5330,13,0.01269531
769,test,52763,77,0.07519531
770,test,35556,0,0.00000000
771,test,5765,54,0.05273438
772,test,87880,0,0.00000000
773,test,64086,36,0.03515625
774,test,51260,14,0.01367188
775,test,57020,27,0.02636719
776,test,36357,35,0.03417969
777,test,67010,21,0.02050781
778,test,37298,25,0.02441406
779,test,23860,55,0.05371094
780,test,45677,56,0.05468750
781,test,49594,30,0.02929688
782,test,67996,66,0.06445312
783,test,12928,61,0.05957031
784,test,75745,70,0.06835938
785,test,76438,52,0.05078125
786,test,17736,22,0.02148438
787,test,68467,32,0.03125000
788,test,91340,47,0.04589844
789,test,4896,28,0.02734375
790,test,39593,22,0.02148438
791,test,72032,16,0.01562500
792,test,4093,42,0.04101562
793,test,5764,49,0.04785156
794,test,17664,57,0.05566406
795,test,65868,14,0.01367188
796,test,45484,56,0.05468750
797,test,33568,37,0.03613281
798,test,39175,46,0.04492188
799,test,45987,26,0.02539062
800,test,25328,31,0.03027344
801,test,46103,0,0.00000000
802,test,46709,66,0.06445312
803,test,10945,77,0.07519531
804,test,37976,20,0.01953125
805,test,29840,1,0.00097656
806,test,17824,36,0.03515625
807,test,83480,23,0.02246094
808,test,45162,73,0.07128906
809,test,5586,25,0.02441406
810,test,23722,45,0.04394531
811,test,25484,14,0.01367188
812,test,45952,32,0.03125000
813,test,84635,37,0.03613281
814,test,83840,41,0.04003906
815,test,89796,30,0.02929688
816,test,14144,42,0.04101562
817,test,79106,0,0.00000000
818,test,87828,20,0.01953125
819,test,17826,10,0.00976562
820,test,40903,22,0.02148438
821,test,735,33,0.03222656
822,test,65461,79,0.07714844
823,test,28033,67,0.06542969
824,test,13645,28,0.02734375
825,test,91340,34,0.03320312
826,test,48004,11,0.01074219
827,test,70178,30,0.02929688
828,test,84185,0,0.00000000
829,test,81501,19,0.01855469
830,test,13948,43,0.04199219
831,test,49603,0,0.00000000
832,test,13016,43,0.04199219
833,test,15555,16,0.01562500
834,test,67015,14,0.01367188
835,test,840,88,0.08593750
836,test,82249,29,0.02832031
837,test,81502,52,0.05078125
838,test,73529,46,0.04492188
839,test,79108,23,0.02246094
840,test,21785,0,0.00000000
841,test,14042,30,0.02929688
842,test,66470,63,0.06152344
843,test,90752,55,0.05371094
844,test,22360,23,0.02246094
845,test,28688,70,0.06835938
846,test,55560,0,0.00000000
847,test,37319,43,0.04199219
848,test,2056,48,0.04687500
849,test,31548,28,0.02734375
850,test,39108,69,0.06738281
851,test,48004,31,0.03027344
852,test,39174,20,0.01953125
853,test,45956,31,0.03027344
854,test,71093,77,0.07519531
855,test,37378,46,0.04492188
856,test,56985,23,0.02246094
857,test,3456,10,0.00976562
858,test,30415,34,0.03320312
859,test,853,53,0.05175781
860,test,39692,25,0.02441406
861,test,17738,48,0.04687500
862,test,904,15,0.01464844
863,test,79127,36,0.03515625
864,test,19920,40,0.03906250
865,test,20640,19,0.01855469
866,test,39268,0,0.00000000
867,test,83420,48,0.04687500
868,test,36324,45,0.04394531
869,test,23194,30,0.02929688
870,test,21026,14,0.01367188
871,test,47420,31,0.03027344
872,test,62894,38,0.03710938
873,test,17737,51,0.04980469
874,test,4305,42,0.04101562
875,test,46709,47,0.04589844
876,test,45542,36,0.03515625
877,test,9614,34,0.03320312
878,test,44061,82,0.08007812
879,test,55401,19,0.01855469
880,test,52986,29,0.02832031
881,test,5795,72,0.07031250
882,test,36644,59,0.05761719
883,test,19924,69,0.06738281
884,test,32856,72,0.07031250
885,test,6964,67,0.06542969
886,test,17829,63,0.06152344
887,test,3402,40,0.03906250
888,test,88332,58,0.05664062
889,test,28688,63,0.06152344
890,test,52920,39,0.03808594
891,test,28035,25,0.02441406
892,test,83316,74,0.07226562
893,test,48721,36,0.03515625
894,test,26499,24,0.02343750
895,test,69869,9,0.00878906
896,test,39128,9,0.00878906
897,test,38332,45,0.04394531
898,test,5644,23,0.02246094
899,test,17736,38,0.03710938
900,test,84989,9,0.00878906
901,test,1121,30,0.02929688
902,test,74587,25,0.02441406
903,test,80704,15,0.01464844
904,test,23856,18,0.01757812
905,test,48004,11,0.01074219
906,test,9353,0,0.00000000
907,test,62617,19,0.01855469
908,test,54766,12,0.01171875
909,test,83144,48,0.04687500
910,test,62891,10,0.00976562
911,test,21788,65,0.06347656
912,test,52986,78,0.07617188
913,test,61404,35,0.03417969
914,test,35554,38,0.03710938
915,test,39860,31,0.03027344
916,test,18757,24,0.02343750
917,test,83496,24,0.02343750
918,test,62620,42,0.04101562
919,test,39858,51,0.04980469
920,test,9393,63,0.06152344
921,test,63349,80,0.07812500
922,test,86787,7,0.00683594
923,test,70180,29,0.02832031
924,test,3400,67,0.06542969
925,test,6673,52,0.05078125
926,test,66444,67,0.06542969
927,test,23969,51,0.04980469
928,test,50996,20,0.01953125
929,test,28565,7,0.00683594
930,test,77002,23,0.02246094
931,test,80600,0,0.00000000
932,test,17047,35,0.03417969
933,test,1423,20,0.01953125
934,test,26347,42,0.04101562
935,test,36714,24,0.02343750
936,test,60507,48,0.04687500
937,test,39428,17,0.01660156
938,test,18899,43,0.04199219
939,test,47506,21,0.02050781
940,test,79708,22,0.02148438
941,test,23285,24,0.02343750
942,test,20156,63,0.06152344
943,test,17737,29,0.02832031
944,test,41904,11,0.01074219
945,test,1120,35,0.03417969
946,test,9304,0,0.00000000
947,test,81707,54,0.05273438
948,test,41904,19,0.01855469
949,test,71837,16,0.01562500
950,test,46760,22,0.02148438
951,test,15732,0,0.00000000
952,test,74636,19,0.01855469
953,test,81697,28,0.02734375
954,test,68720,25,0.02441406
955,test,39264,41,0.04003906
956,test,40772,0,0.00000000
957,test,9392,59,0.05761719
958,test,76584,32,0.03125000
959,test,81704,62,0.06054688
960,test,21675,44,0.04296875
961,test,55608,10,0.00976562
962,test,75318,13,0.01269531
963,test,38048,40,0.03906250
964,test,28688,63,0.06152344
965,test,30933,9,0.00878906
966,test,48721,78,0.07617188
967,test,1016,24,0.02343750
968,test,72225,24,0.02343750
969,test,26216,12,0.01171875
970,test,19476,19,0.01855469
971,test,58372,38,0.03710938
972,test,87598,49,0.04785156
973,test,19195,0,0.00000000
974,test,36344,13,0.01269531
975,test,19735,55,0.05371094
976,test,91556,56,0.05468750
977,test,90185,30,0.02929688
978,test,44327,21,0.02050781
979,test,60187,22,0.02148438
980,test,20644,24,0.02343750
981,test,62343,22,0.02148438
982,test,2255,6,0.00585938
983,test,84634,24,0.02343750
984,test,24181,26,0.02539062
985,test,56820,25,0.02441406
986,test,730,0,0.00000000
987,test,25824,14,0.01367188
988,test,45484,0,0.00000000
989,test,3108,28,0.02734375
990,test,30412,23,0.02246094
991,test,72649,49,0.04785156
992,test,84633,41,0.04003906
993,test,80922,55,0.05371094
994,test,49612,41,0.04003906
995,test,89269,6,0.00585938
996,test,851,10,0.00976562
997,test,88148,5,0.00488281
998,test,37366,0,0.00000000
999,test,15754,63,0.06152344
1000,test,34522,53,0.05175781
1001,test,82508,27,0.02636719
1002,test,851,46,0.04492188
1003,test,12945,16,0.01562500
1004,test,9691,66,0.06445312
1005,test,92339,25,0.02441406
1006,test,25356,85,0.08300781
1007,test,47232,24,0.02343750
1008,test,87977,26,0.02539062
1009,test,824,17,0.01660156
1010,test,90754,46,0.04492188
1011,test,38252,31,0.03027344
1012,test,32547,17,0.01660156
1013,test,67961,20,0.01953125
1014,test,61301,41,0.04003906
1015,test,15891,79,0.07714844
1016,test,75751,65,0.06347656
1017,test,20456,54,0.05273438
1018,test,56987,35,0.03417969
1019,test,11545,46,0.04492188
1020,test,53401,54,0.05273438
1021,test,17172,9,0.00878906
1022,test,86862,33,0.03222656
1023,test,42436,64,0.06250000
1024,test,40902,43,0.04199219
1025,test,61467,73,0.07128906
1026,test,11844,20,0.01953125
1027,test,88151,77,0.07519531
1028,test,68935,29,0.02832031
1029,test,62692,23,0.02246094
1030,test,87344,25,0.02441406
1031,test,73001,18,0.01757812
1032,test,74632,8,0.00781250
1033,test,1145,18,0.01757812
1034,test,45272,34,0.03320312
1035,test,59055,66,0.06445312
1036,test,53687,0,0.00000000
1037,test,79704,9,0.00878906
1038,test,91132,37,0.03613281
1039,test,81522,56,0.05468750
1040,test,79110,62,0.06054688
1041,test,19560,36,0.03515625
1042,test,78923,46,0.04492188
1043,test,49354,35,0.03417969
1044,test,852,17,0.01660156
1045,test,58376,11,0.01074219
1046,test,30412,23,0.02246094
1047,test,850,34,0.03320312
1048,test,12835,42,0.04101562
1049,test,67665,8,0.00781250
1050,test,37377,44,0.04296875
1051,test,31292,24,0.02343750
1052,test,20289,60,0.05859375
1053,test,28570,36,0.03515625
1054,test,2217,31,0.03027344
1055,test,62538,6,0.00585938
1056,test,5764,49,0.04785156
1057,test,63026,24,0.02343750
1058,test,8883,51,0.04980469
1059,test,10389,25,0.02441406
1060,test,84646,28,0.02734375
1061,test,10072,42,0.04101562
1062,test,39104,72,0.07031250
1063,test,61502,25,0.02441406
1064,test,6224,14,0.01367188
1065,test,21529,55,0.05371094
1066,test,49364,24,0.02343750
1067,test,53909,65,0.06347656
1068,test,5258,22,0.02148438
1069,test,55954,67,0.06542969
1070,test,49338,27,0.02636719
1071,test,38330,61,0.05957031
1072,test,17828,32,0.03125000
1073,test,48000,27,0.02636719
1074,test,23904,25,0.02441406
1075,test,55755,30,0.02929688
1076,test,47693,36,0.03515625
1077,test,80250,40,0.03906250
1078,test,91921,10,0.00976562
1079,test,824,60,0.05859375
1080,test,52727,15,0.01464844
1081,test,71968,28,0.02734375
1082,test,25356,82,0.08007812
1083,test,62617,30,0.02929688
1084,test,21775,23,0.02246094
1085,test,37536,18,0.01757812
1086,test,83931,33,0.03222656
1087,test,78925,33,0.03222656
1088,test,38071,0,0.00000000
1089,test,21773,27,0.02636719
1090,test,68930,43,0.04199219
1091,test,79307,25,0.02441406
1092,test,31996,52,0.05078125
1093,test,61403,24,0.02343750
1094,test,39269,14,0.01367188
1095,test,15756,37,0.03613281
1096,test,40899,18,0.01757812
1097,test,3121,15,0.01464844
1098,test,19924,48,0.04687500
1099,test,45990,51,0.04980469
1100,test,55952,67,0.06542969
1101,test,47692,17,0.01660156
1102,test,55953,59,0.05761719
1103,test,11844,35,0.03417969
1104,test,21813,94,0.09179688
1105,test,74513,12,0.01171875
1106,test,53609,8,0.00781250
1107,test,48297,56,0.05468750
1108,test,21323,25,0.02441406
1109,test,47232,32,0.03125000
1110,test,58240,33,0.03222656
1111,test,86134,24,0.02343750
1112,test,24176,49,0.04785156
1113,test,33272,27,0.02636719
1114,test,5760,48,0.04687500
1115,test,71092,75,0.07324219
1116,test,47232,24,0.02343750
1117,test,17104,13,0.01269531
1118,test,31290,66,0.06445312
1119,test,40773,60,0.05859375
1120,test,84186,0,0.00000000
1121,test,68419,41,0.04003906
1122,test,19196,0,0.00000000
1123,test,18080,14,0.01367188
1124,test,22936,18,0.01757812
1125,test,41988,63,0.06152344
1126,test,51064,0,0.00000000
1127,test,89156,51,0.04980469
1128,test,23488,0,0.00000000
1129,test,66471,0,0.00000000
1130,test,25356,84,0.08203125
1131,test,27081,29,0.02832031
1132,test,27419,8,0.00781250
1133,test,79020,31,0.03027344
1134,test,69036,23,0.02246094
1135,test,44781,83,0.08105469
1136,test,5642,23,0.02246094
1137,test,33568,25,0.02441406
1138,test,67288,41,0.04003906
1139,test,22036,14,0.01367188
1140,test,28688,16,0.01562500
1141,test,62888,19,0.01855469
1142,test,86790,7,0.00683594
1143,test,61400,35,0.03417969
1144,test,31668,45,0.04394531
1145,test,61469,63,0.06152344
1146,test,47260,14,0.01367188
1147,test,82617,50,0.04882812
1148,test,71291,36,0.03515625
1149,test,87712,84,0.08203125
1150,test,89895,60,0.05859375
1151,test,39174,17,0.01660156
1152,test,44052,17,0.01660156
1153,test,60185,14,0.01367188
1154,test,77005,31,0.03027344
1155,test,56971,55,0.05371094
1156,test,15893,59,0.05761719
1157,test,52677,0,0.00000000
1158,test,93052,0,0.00000000
1159,test,89794,26,0.02539062
1160,test,17458,29,0.02832031
1161,test,7096,13,0.01269531
1162,test,40289,52,0.05078125
1163,test,62894,48,0.04687500
1164,test,91624,27,0.02636719
1165,test,21810,17,0.01660156
1166,test,23185,17,0.01660156
1167,test,29842,13,0.01269531
1168,test,14146,34,0.03320312
1169,test,91161,39,0.03808594
1170,test,24071,0,0.00000000
1171,test,45487,0,0.00000000
1172,test,5585,1,0.00097656
1173,test,82270,63,0.06152344
1174,test,55311,74,0.07226562
1175,test,7240,19,0.01855469
1176,test,41984,54,0.05273438
1177,test,19920,15,0.01464844
1178,test,17740,26,0.02539062
1179,test,67994,42,0.04101562
1180,test,87660,39,0.03808594
1181,test,49612,19,0.01855469
1182,test,43157,28,0.02734375
1183,test,9389,24,0.02343750
1184,test,36869,25,0.02441406
1185,test,14436,40,0.03906250
1186,test,48296,34,0.03320312
1187,test,56728,44,0.04296875
1188,test,52604,8,0.00781250
1189,test,21989,25,0.02441406
1190,test,42437,23,0.02246094
1191,test,23457,32,0.03125000
1192,test,48344,16,0.01562500
1193,test,91108,28,0.02734375
1194,test,91129,31,0.03027344
1195,test,86124,41,0.04003906
1196,test,60178,31,0.03027344
1197,test,45957,41,0.04003906
1198,test,91789,23,0.02246094
1199,test,75363,29,0.02832031
1200,test,44701,15,0.01464844
1201,test,61470,87,0.08496094
1202,test,85253,56,0.05468750
1203,test,71288,45,0.04394531
1204,test,24995,31,0.03027344
1205,test,85320,20,0.01953125
1206,test,29421,21,0.02050781
1207,test,85108,29,0.02832031
1208,test,80792,24,0.02343750
1209,test,2220,25,0.02441406
1210,test,56040,0,0.00000000
1211,test,88184,67,0.06542969
1212,test,35309,40,0.03906250
1213,test,85345,12,0.01171875
1214,test,83635,40,0.03906250
1215,test,75700,48,0.04687500
1216,test,20211,37,0.03613281
1217,test,1120,23,0.02246094
1218,test,49336,34,0.03320312
1219,test,30060,57,0.05566406
1220,test,13642,24,0.02343750
1221,test,31675,33,0.03222656
1222,test,61402,27,0.02636719
1223,test,73528,13,0.01269531
1224,test,855,48,0.04687500
1225,test,43940,35,0.03417969
1226,test,44777,82,0.08007812
1227,test,32858,1,0.00097656
1228,test,49369,71,0.06933594
1229,test,69864,55,0.05371094
1230,test,74408,1,0.00097656
1231,test,77304,0,0.00000000
1232,test,91132,84,0.08203125
1233,test,67244,47,0.04589844
1234,test,92337,29,0.02832031
1235,test,69444,26,0.02539062
1236,test,25515,34,0.03320312
1237,test,27049,0,0.00000000
1238,test,30060,0,0.00000000
1239,test,2255,8,0.00781250
1240,test,92995,10,0.00976562
1241,test,89024,23,0.02246094
1242,test,6679,13,0.01269531
1243,test,80922,55,0.05371094
1244,test,85249,11,0.01074219
1245,test,38328,43,0.04199219
1246,test,26955,25,0.02441406
1247,test,43707,0,0.00000000
1248,test,77204,28,0.02734375
1249,test,46040,27,0.02636719
1250,test,83498,56,0.05468750
1251,test,74121,38,0.03710938
1252,test,56735,60,0.05859375
1253,test,12312,24,0.02343750
1254,test,53898,52,0.05078125
1255,test,44700,53,0.05175781
1256,test,15888,19,0.01855469
1257,test,36870,36,0.03515625
1258,test,62894,19,0.01855469
1259,test,193,32,0.03125000
1260,test,49612,0,0.00000000
1261,test,17824,36,0.03515625
1262,test,42640,54,0.05273438
1263,test,84642,26,0.02539062
1264,test,61503,13,0.01269531
1265,test,62852,42,0.04101562
1266,test,62418,0,0.00000000
1267,test,61821,61,0.05957031
1268,test,89794,39,0.03808594
1269,test,15559,24,0.02343750
1270,test,64106,40,0.03906250
1271,test,26957,1,0.00097656
1272,test,63663,45,0.04394531
1273,test,3109,28,0.02734375
1274,test,21268,37,0.03613281
1275,test,52922,41,0.04003906
1276,test,84807,35,0.03417969
1277,test,64220,22,0.02148438
1278,test,1121,38,0.03710938
1279,test,18460,7,0.00683594
1280,test,2146,41,0.04003906
1281,test,55956,65,0.06347656
1282,test,27055,42,0.04101562
1283,test,6143,42,0.04101562
1284,test,33304,11,0.01074219
1285,test,20152,14,0.01367188
1286,test,62553,24,0.02343750
1287,test,45277,19,0.01855469
1288,test,11304,10,0.00976562
1289,test,21812,26,0.02539062
1290,test,87715,0,0.00000000
1291,test,34234,34,0.03320312
1292,test,27080,27,0.02636719
1293,test,81700,29,0.02832031
1294,test,27656,0,0.00000000
1295,test,27083,28,0.02734375
1296,test,69256,28,0.02734375
1297,test,64364,66,0.06445312
1298,test,84807,45,0.04394531
1299,test,39859,0,0.00000000
1300,test,69865,17,0.01660156
1301,test,5830,32,0.03125000
1302,test,81503,65,0.06347656
1303,test,74585,33,0.03222656
1304,test,7808,33,0.03222656
1305,test,2317,6,0.00585938
1306,test,9688,70,0.06835938
1307,test,88599,21,0.02050781
1308,test,4994,25,0.02441406
1309,test,10445,41,0.04003906
1310,test,7790,44,0.04296875
1311,test,38049,56,0.05468750
1312,test,17737,44,0.04296875
1313,test,80252,48,0.04687500
1314,test,33255,0,0.00000000
1315,test,55955,12,0.01171875
1316,test,23856,28,0.02734375
1317,test,77390,0,0.00000000
1318,test,67993,68,0.06640625
1319,test,46948,18,0.01757812
1320,test,28039,66,0.06445312
1321,test,56975,40,0.03906250
1322,test,14799,33,0.03222656
1323,test,78202,55,0.05371094
1324,test,74512,23,0.02246094
1325,test,77200,58,0.05664062
1326,test,55682,0,0.00000000
1327,test,20658,53,0.05175781
1328,test,825,10,0.00976562
1329,test,2248,56,0.05468750
1330,test,43673,82,0.08007812
1331,test,83840,7,0.00683594
1332,test,62880,42,0.04101562
1333,test,17736,18,0.01757812
1334,test,58472,0,0.00000000
1335,test,37296,25,0.02441406
1336,test,45955,55,0.05371094
1337,test,82437,49,0.04785156
1338,test,12333,35,0.03417969
1339,test,86253,26,0.02539062
1340,test,31412,28,0.02734375
1341,test,23197,50,0.04882812
1342,test,26447,42,0.04101562
1343,test,84807,9,0.00878906
1344,test,68400,6,0.00585938
1345,test,78244,15,0.01464844
1346,test,47024,35,0.03417969
1347,test,24644,36,0.03515625
1348,test,4306,35,0.03417969
1349,test,44014,0,0.00000000
1350,test,91167,28,0.02734375
1351,test,37380,42,0.04101562
1352,test,4513,59,0.05761719
1353,test,43711,46,0.04492188
1354,test,58380,55,0.05371094
1355,test,53610,27,0.02636719
1356,test,3532,25,0.02441406
1357,test,55712,37,0.03613281
1358,test,22034,33,0.03222656
1359,test,39692,25,0.02441406
1360,test,62336,22,0.02148438
1361,test,65121,27,0.02636719
1362,test,15731,31,0.03027344
1363,test,60059,15,0.01464844
1364,test,3849,47,0.04589844
1365,test,5767,49,0.04785156
1366,test,24641,15,0.01464844
1367,test,87349,49,0.04785156
1368,test,61822,14,0.01367188
1369,test,63756,0,0.00000000
1370,test,44321,0,0.00000000
1371,test,7872,14,0.01367188
1372,test,52043,14,0.01367188
1373,test,86254,11,0.01074219
1374,test,27527,39,0.03808594
1375,test,42316,31,0.03027344
1376,test,63025,13,0.01269531
1377,test,5824,38,0.03710938
1378,test,44940,10,0.00976562
1379,test,85351,15,0.01464844
1380,test,86856,55,0.05371094
1381,test,28695,18,0.01757812
1382,test,65725,41,0.04003906
1383,test,30884,17,0.01660156
1384,test,48724,40,0.03906250
1385,test,63040,24,0.02343750
1386,test,62769,0,0.00000000
1387,test,62616,39,0.03808594
1388,test,79203,12,0.01171875
1389,test,10946,5,0.00488281
1390,test,37715,11,0.01074219
1391,test,23197,29,0.02832031
1392,test,77391,11,0.01074219
1393,test,92754,25,0.02441406
1394,test,34613,27,0.02636719
1395,test,27281,58,0.05664062
1396,test,87659,12,0.01171875
1397,test,84979,37,0.03613281
1398,test,43088,52,0.05078125
1399,test,88975,30,0.02929688
1400,test,54328,0,0.00000000
1401,test,48642,26,0.02539062
1402,test,31668,23,0.02246094
1403,test,62445,16,0.01562500
1404,test,62890,36,0.03515625
1405,test,71088,57,0.05566406
1406,test,26205,0,0.00000000
1407,test,12932,27,0.02636719
1408,test,183,36,0.03515625
1409,test,40768,31,0.03027344
1410,test,79150,54,0.05273438
1411,test,6142,42,0.04101562
1412,test,7808,28,0.02734375
1413,test,89580,22,0.02148438
1414,test,24643,59,0.05761719
1415,test,81323,0,0.00000000
1416,test,56396,46,0.04492188
1417,test,27754,21,0.02050781
1418,test,5828,33,0.03222656
1419,test,21333,10,0.00976562
1420,test,28563,61,0.05957031
1421,test,86939,29,0.02832031
1422,test,92995,10,0.00976562
1423,test,28776,4,0.00390625
1424,test,78972,39,0.03808594
1425,test,354,13,0.01269531
1426,test,58247,76,0.07421875
1427,test,79147,19,0.01855469
1428,test,48963,53,0.05175781
1429,test,15485,0,0.00000000
1430,test,18761,0,0.00000000
1431,test,52600,7,0.00683594
1432,test,76728,14,0.01367188
1433,test,2188,0,0.00000000
1434,test,89352,5,0.00488281
1435,test,85024,14,0.01367188
1436,test,10108,26,0.02539062
1437,test,64084,52,0.05078125
1438,test,841,75,0.07324219
1439,test,72687,53,0.05175781
1440,test,28566,56,0.05468750
1441,test,4160,34,0.03320312
1442,test,84980,61,0.05957031
1443,test,4308,58,0.05664062
1444,test,25696,0,0.00000000
1445,test,41984,24,0.02343750
1446,test,21266,32,0.03125000
1447,test,52677,0,0.00000000
1448,test,44312,35,0.03417969
1449,test,71940,57,0.05566406
1450,test,48004,0,0.00000000
1451,test,63658,33,0.03222656
1452,test,85379,29,0.02832031
1453,test,69036,23,0.02246094
1454,test,89929,22,0.02148438
1455,test,46040,47,0.04589844
1456,test,92994,15,0.01464844
1457,test,62888,0,0.00000000
1458,test,21531,51,0.04980469
1459,test,83150,57,0.05566406
1460,test,63040,24,0.02343750
1461,test,91986,53,0.05175781
1462,test,32100,43,0.04199219
1463,test,70225,17,0.01660156
1464,test,5640,22,0.02148438
1465,test,51256,32,0.03125000
1466,test,8714,0,0.00000000
1467,test,89579,1,0.00097656
1468,test,77203,23,0.02246094
1469,test,61540,0,0.00000000
1470,test,37980,54,0.05273438
1471,test,6076,24,0.02343750
1472,test,87825,18,0.01757812
1473,test,36864,19,0.01855469
1474,test,14536,11,0.01074219
1475,test,69033,38,0.03710938
1476,test,43677,29,0.02832031
1477,test,10729,24,0.02343750
1478,test,57876,57,0.05566406
1479,test,25354,18,0.01757812
1480,test,15188,20,0.01953125
1481,test,78202,57,0.05566406
1482,test,39189,23,0.02246094
1483,test,21268,32,0.03125000
1484,test,29153,26,0.02539062
1485,test,85083,9,0.00878906
1486,test,74415,79,0.07714844
1487,test,46940,15,0.01464844
1488,test,75328,32,0.03125000
1489,test,83847,20,0.01953125
1490,test,5858,37,0.03613281
1491,test,10107,0,0.00000000
1492,test,43704,33,0.03222656
1493,test,91273,21,0.02050781
1494,test,7181,55,0.05371094
1495,test,35162,9,0.00878906
1496,test,10109,25,0.02441406
1497,test,32547,38,0.03710938
1498,test,77007,14,0.01367188
1499,test,59740,0,0.00000000
1500,test,60058,37,0.03613281
1501,test,46944,22,0.02148438
1502,test,92337,28,0.02734375
1503,test,13863,7,0.00683594
1504,test,67665,41,0.04003906
1505,test,78204,67,0.06542969
1506,test,37377,0,0.00000000
1507,test,33200,32,0.03125000
1508,test,70851,16,0.01562500
1509,test,1248,44,0.04296875
1510,test,12602,45,0.04394531
1511,test,59860,15,0.01464844
1512,test,24323,44,0.04296875
1513,test,5856,27,0.02636719
1514,test,52764,20,0.01953125
1515,test,3851,31,0.03027344
1516,test,84991,55,0.05371094
1517,test,4308,58,0.05664062
1518,test,74512,0,0.00000000
1519,test,44937,8,0.00781250
1520,test,20292,63,0.06152344
1521,test,92409,14,0.01367188
1522,test,86252,17,0.01660156
1523,test,20640,25,0.02441406
1524,test,75123,14,0.01367188
1525,test,77385,51,0.04980469
1526,test,67996,27,0.02636719
1527,test,18897,24,0.02343750
1528,test,5331,56,0.05468750
1529,test,68468,37,0.03613281
1530,test,61470,61,0.05957031
1531,test,32544,19,0.01855469
1532,test,50130,37,0.03613281
1533,test,61412,12,0.01171875
1534,test,88909,63,0.06152344
1535,test,15733,31,0.03027344
1536,test,87112,43,0.04199219
1537,test,73815,52,0.05078125
1538,test,43676,26,0.02539062
1539,test,26349,48,0.04687500
1540,test,84635,48,0.04687500
1541,test,21324,48,0.04687500
1542,test,9248,7,0.00683594
1543,test,79375,44,0.04296875
1544,test,88157,0,0.00000000
1545,test,72732,14,0.01367188
1546,test,52275,10,0.00976562
1547,test,11343,11,0.01074219
1548,test,64010,43,0.04199219
1549,test,19528,48,0.04687500
1550,test,21669,19,0.01855469
1551,test,79308,37,0.03613281
1552,test,25661,57,0.05566406
1553,test,29754,24,0.02343750
1554,test,3320,39,0.03808594
1555,test,67044,70,0.06835938
1556,test,66125,43,0.04199219
1557,test,77003,8,0.00781250
1558,test,40773,61,0.05957031
1559,test,44090,18,0.01757812
1560,test,2756,30,0.02929688
1561,test,38035,31,0.03027344
1562,test,9355,30,0.02929688
1563,test,9634,4,0.00390625
1564,test,60723,12,0.01171875
1565,test,2319,40,0.03906250
1566,test,84988,20,0.01953125
1567,test,850,17,0.01660156
1568,test,62888,0,0.00000000
1569,test,4136,27,0.02636719
1570,test,10072,29,0.02832031
1571,test,5485,18,0.01757812
1572,test,60679,11,0.01074219
1573,test,21528,43,0.04199219
1574,test,854,49,0.04785156
1575,test,77784,32,0.03125000
1576,test,77007,22,0.02148438
1577,test,69869,6,0.00585938
1578,test,83149,55,0.05371094
1579,test,42204,49,0.04785156
1580,test,11342,20,0.01953125
1581,test,61466,18,0.01757812
1582,test,36870,45,0.04394531
1583,test,87882,32,0.03125000
1584,test,88149,65,0.06347656
1585,test,1124,21,0.02050781
1586,test,58240,30,0.02929688
1587,test,89932,24,0.02343750
1588,test,33252,0,0.00000000
1589,test,44017,0,0.00000000
1590,test,78203,13,0.01269531
1591,test,5978,30,0.02929688
1592,test,46938,17,0.01660156
1593,test,62354,38,0.03710938
1594,test,28564,69,0.06738281
1595,test,14129,40,0.03906250
1596,test,46045,30,0.02929688
1597,test,9775,29,0.02832031
1598,test,57536,7,0.00683594
1599,test,87880,19,0.01855469
1600,test,61541,44,0.04296875
1601,test,52986,76,0.07421875
1602,test,1897,56,0.05468750
1603,test,46634,53,0.05175781
1604,test,60059,34,0.03320312
1605,test,62424,20,0.01953125
1606,test,25334,13,0.01269531
1607,test,18459,49,0.04785156
1608,test,82251,30,0.02929688
1609,test,91864,34,0.03320312
1610,test,80924,64,0.06250000
1611,test,77226,43,0.04199219
1612,test,83151,8,0.00781250
1613,test,353,19,0.01855469
1614,test,73035,20,0.01953125
1615,test,32980,15,0.01464844
1616,test,5330,13,0.01269531
1617,test,74408,2,0.00195312
1618,test,61465,61,0.05957031
1619,test,32001,55,0.05371094
1620,test,87297,0,0.00000000
1621,test,32549,25,0.02441406
1622,test,79708,21,0.02050781
1623,test,13280,24,0.02343750
1624,test,1928,37,0.03613281
1625,test,37274,11,0.01074219
1626,test,61225,12,0.01171875
1627,test,78201,64,0.06250000
1628,test,9448,52,0.05078125
1629,test,78202,13,0.01269531
1630,test,73135,53,0.05175781
1631,test,56602,50,0.04882812
1632,test,70179,29,0.02832031
1633,test,17043,31,0.03027344
1634,test,8376,38,0.03710938
1635,test,33803,27,0.02636719
1636,test,76437,29,0.02832031
1637,test,59620,73,0.07128906
1638,test,12454,56,0.05468750
1639,test,43706,45,0.04394531
1640,test,3944,45,0.04394531
1641,test,47984,57,0.05566406
1642,test,58379,42,0.04101562
1643,test,28692,62,0.06054688
1644,test,32551,46,0.04492188
1645,test,76432,26,0.02539062
1646,test,55712,15,0.01464844
1647,test,26276,28,0.02734375
1648,test,24508,9,0.00878906
1649,test,47987,50,0.04882812
1650,test,89891,9,0.00878906
1651,test,38769,7,0.00683594
1652,test,77200,58,0.05664062
1653,test,22900,57,0.05566406
1654,test,7220,12,0.01171875
1655,test,3944,45,0.04394531
1656,test,53899,20,0.01953125
1657,test,43939,35,0.03417969
1658,test,1016,19,0.01855469
1659,test,1151,32,0.03125000
1660,test,50627,56,0.05468750
1661,test,17048,38,0.03710938
1662,test,53899,20,0.01953125
1663,test,53041,39,0.03808594
1664,test,5763,11,0.01074219
1665,test,28688,47,0.04589844
1666,test,17736,58,0.05664062
1667,test,28688,63,0.06152344
1668,test,38069,30,0.02929688
1669,test,4136,32,0.03125000
1670,test,49352,6,0.00585938
1671,test,44776,60,0.05859375
1672,test,17616,39,0.03808594
1673,test,78202,17,0.01660156
1674,test,61469,65,0.06347656
1675,test,91336,45,0.04394531
1676,test,6673,36,0.03515625
1677,test,55955,59,0.05761719
1678,test,824,17,0.01660156
1679,test,5829,36,0.03515625
1680,test,18388,29,0.02832031
1681,test,49612,54,0.05273438
1682,test,51373,49,0.04785156
1683,test,19223,6,0.00585938
1684,test,88908,9,0.00878906
1685,test,68035,23,0.02246094
1686,test,28026,38,0.03710938
1687,test,47694,29,0.02832031
1688,test,82509,34,0.03320312
1689,test,47170,29,0.02832031
1690,test,88599,14,0.01367188
1691,test,12930,62,0.06054688
1692,test,6228,0,0.00000000
1693,test,3944,56,0.05468750
1694,test,15518,59,0.05761719
1695,test,88258,42,0.04101562
1696,test,36866,28,0.02734375
1697,test,51067,61,0.05957031
1698,test,55113,31,0.03027344
1699,test,18901,49,0.04785156
1700,test,90186,15,0.01464844
1701,test,41908,28,0.02734375
1702,test,38255,19,0.01855469
1703,test,50135,33,0.03222656
1704,test,28222,23,0.02246094
1705,test,81500,41,0.04003906
1706,test,45990,41,0.04003906
1707,test,64825,12,0.01171875
1708,test,91129,82,0.08007812
1709,test,74925,8,0.00781250
1710,test,1248,41,0.04003906
1711,test,3105,20,0.01953125
1712,test,45485,44,0.04296875
1713,test,50994,25,0.02441406
1714,test,41864,27,0.02636719
1715,test,3824,6,0.00585938
1716,test,35161,48,0.04687500
1717,test,75697,47,0.04589844
1718,test,19924,70,0.06835938
1719,test,7791,0,0.00000000
1720,test,356,0,0.00000000
1721,test,9355,53,0.05175781
1722,test,6075,17,0.01660156
1723,test,31669,44,0.04296875
1724,test,87920,0,0.00000000
1725,test,2753,8,0.00781250
1726,test,51716,21,0.02050781
1727,test,20552,28,0.02734375
1728,test,9308,21,0.02050781
1729,test,77202,27,0.02636719
1730,test,79709,36,0.03515625
1731,test,17736,18,0.01757812
1732,test,44048,11,0.01074219
1733,test,87924,30,0.02929688
1734,test,73548,0,0.00000000
1735,test,74924,34,0.03320312
1736,test,72650,0,0.00000000
1737,test,27282,22,0.02148438
1738,test,70183,29,0.02832031
1739,test,33202,0,0.00000000
1740,test,17737,52,0.05078125
1741,test,47988,82,0.08007812
1742,test,38328,19,0.01855469
1743,test,11500,54,0.05273438
1744,test,13641,8,0.00781250
1745,test,57537,11,0.01074219
1746,test,91557,23,0.02246094
1747,test,91556,18,0.01757812
1748,test,47420,21,0.02050781
1749,test,64834,8,0.00781250
1750,test,9393,75,0.07324219
1751,test,2061,22,0.02148438
1752,test,55404,28,0.02734375
1753,test,90856,41,0.04003906
1754,test,45851,18,0.01757812
1755,test,85578,42,0.04101562
1756,test,79304,40,0.03906250
1757,test,35426,13,0.01269531
1758,test,854,51,0.04980469
1759,test,85351,28,0.02734375
1760,test,83635,0,0.00000000
1761,test,62852,43,0.04199219
1762,test,86704,28,0.02734375
1763,test,51386,46,0.04492188
1764,test,61471,45,0.04394531
1765,test,46425,48,0.04687500
1766,test,12607,23,0.02246094
1767,test,35436,11,0.01074219
1768,test,62692,23,0.02246094
1769,test,84976,25,0.02441406
1770,test,5764,70,0.06835938
1771,test,36143,0,0.00000000
1772,test,76731,13,0.01269531
1773,test,45146,37,0.03613281
1774,test,1928,22,0.02148438
1775,test,2940,60,0.05859375
1776,test,23465,34,0.03320312
1777,test,80922,55,0.05371094
1778,test,24827,10,0.00976562
1779,test,60156,28,0.02734375
1780,test,556,28,0.02734375
1781,test,62692,48,0.04687500
1782,test,3404,27,0.02636719
1783,test,62852,41,0.04003906
1784,test,92525,69,0.06738281
1785,test,37724,30,0.02929688
1786,test,66125,43,0.04199219
1787,test,3948,61,0.05957031
1788,test,15889,68,0.06640625
1789,test,45955,19,0.01855469
1790,test,82580,0,0.00000000
1791,test,17827,8,0.00781250
1792,test,73532,56,0.05468750
1793,test,6139,24,0.02343750
1794,test,83635,0,0.00000000
1795,test,37541,36,0.03515625
1796,test,11546,14,0.01367188
1797,test,52720,22,0.02148438
1798,test,21666,21,0.02050781
1799,test,37172,9,0.00878906
1800,test,49220,16,0.01562500
1801,test,62555,17,0.01660156
1802,test,91336,65,0.06347656
1803,test,39264,48,0.04687500
1804,test,63951,0,0.00000000
1805,test,6224,14,0.01367188
1806,test,21331,32,0.03125000
1807,test,67978,0,0.00000000
1808,test,65024,0,0.00000000
1809,test,87921,9,0.00878906
1810,test,2317,0,0.00000000
1811,test,89932,39,0.03808594
1812,test,61401,33,0.03222656
1813,test,9448,51,0.04980469
1814,test,68113,90,0.08789062
1815,test,7041,52,0.05078125
1816,test,91867,49,0.04785156
1817,test,72652,12,0.01171875
1818,test,36985,16,0.01562500
1819,test,62852,63,0.06152344
1820,test,29840,62,0.06054688
1821,test,85748,58,0.05664062
1822,test,85080,8,0.00781250
1823,test,63700,20,0.01953125
1824,test,56731,10,0.00976562
1825,test,10944,67,0.06542969
1826,test,37301,27,0.02636719
1827,test,71293,36,0.03515625
1828,test,2660,14,0.01367188
1829,test,44257,41,0.04003906
1830,test,59636,30,0.02929688
1831,test,56607,31,0.03027344
1832,test,89153,31,0.03027344
1833,test,3802,22,0.02148438
1834,test,49610,0,0.00000000
1835,test,38926,56,0.05468750
1836,test,13884,24,0.02343750
1837,test,2752,32,0.03125000
1838,test,9695,58,0.05664062
1839,test,78201,20,0.01953125
1840,test,64107,31,0.03027344
1841,test,49367,36,0.03515625
1842,test,39692,51,0.04980469
1843,test,11952,56,0.05468750
1844,test,63494,47,0.04589844
1845,test,32550,47,0.04589844
1846,test,74636,57,0.05566406
1847,test,53579,67,0.06542969
1848,test,11496,43,0.04199219
1849,test,79944,39,0.03808594
1850,test,31473,28,0.02734375
1851,test,12286,64,0.06250000
1852,test,69740,48,0.04687500
1853,test,51257,40,0.03906250
1854,test,24641,47,0.04589844
1855,test,87924,44,0.04296875
1856,test,77444,75,0.07324219
1857,test,73529,60,0.05859375
1858,test,27083,0,0.00000000
1859,test,60677,10,0.00976562
1860,test,79710,23,0.02246094
1861,test,11954,42,0.04101562
1862,test,2223,22,0.02148438
1863,test,3403,38,0.03710938
1864,test,14388,69,0.06738281
1865,test,3109,27,0.02636719
1866,test,22936,16,0.01562500
1867,test,20882,17,0.01660156
1868,test,87712,48,0.04687500
1869,test,87960,41,0.04003906
1870,test,28032,64,0.06250000
1871,test,40631,44,0.04296875
1872,test,854,15,0.01464844
1873,test,89352,50,0.04882812
1874,test,49356,10,0.00976562
1875,test,89792,37,0.03613281
1876,test,54449,17,0.01660156
1877,test,79949,29,0.02832031
1878,test,33309,0,0.00000000
1879,test,47984,1,0.00097656
1880,test,6880,11,0.01074219
1881,test,79624,7,0.00683594
1882,test,38485,20,0.01953125
1883,test,37362,12,0.01171875
1884,test,75759,18,0.01757812
1885,test,7873,12,0.01171875
1886,test,85249,38,0.03710938
1887,test,43633,25,0.02441406
1888,test,35672,24,0.02343750
1889,test,81705,82,0.08007812
1890,test,36712,23,0.02246094
1891,test,20661,70,0.06835938
1892,test,1147,4,0.00390625
1893,test,53995,60,0.05859375
1894,test,77204,36,0.03515625
1895,test,23465,2,0.00195312
1896,test,6679,50,0.04882812
1897,test,18080,40,0.03906250
1898,test,4092,36,0.03515625
1899,test,31668,71,0.06933594
1900,test,38486,14,0.01367188
1901,test,44246,63,0.06152344
1902,test,4206,0,0.00000000
1903,test,31666,46,0.04492188
1904,test,53256,39,0.03808594
1905,test,25482,15,0.01464844
1906,test,2967,48,0.04687500
1907,test,730,44,0.04296875
1908,test,75754,48,0.04687500
1909,test,36647,0,0.00000000
1910,test,20208,30,0.02929688
1911,test,1422,25,0.02441406
1912,test,39876,51,0.04980469
1913,test,10930,0,0.00000000
1914,test,89888,47,0.04589844
1915,test,91768,14,0.01367188
1916,test,84916,7,0.00683594
1917,test,87961,23,0.02246094
1918,test,9384,50,0.04882812
1919,test,65136,52,0.05078125
1920,test,84642,26,0.02539062
1921,test,17044,39,0.03808594
1922,test,27280,7,0.00683594
1923,test,58632,53,0.05175781
1924,test,79126,33,0.03222656
1925,test,64837,3,0.00292969
1926,test,83280,30,0.02929688
1927,test,65124,42,0.04101562
1928,test,83319,0,0.00000000
1929,test,21320,0,0.00000000
1930,test,92340,0,0.00000000
1931,test,89268,44,0.04296875
1932,test,74923,21,0.02050781
1933,test,12928,35,0.03417969
1934,test,44318,35,0.03417969
1935,test,64382,68,0.06640625
1936,test,15892,0,0.00000000
1937,test,70179,29,0.02832031
1938,test,7872,8,0.00781250
1939,test,13016,51,0.04980469
1940,test,828,64,0.06250000
1941,test,73530,26,0.02539062
1942,test,44326,46,0.04492188
1943,test,59857,22,0.02148438
1944,test,70180,29,0.02832031
1945,test,21770,22,0.02148438
1946,test,80704,44,0.04296875
1947,test,63045,27,0.02636719
1948,test,58432,0,0.00000000
1949,test,81500,16,0.01562500
1950,test,22936,21,0.02050781
1951,test,20883,8,0.00781250
1952,test,74634,58,0.05664062
1953,test,17459,79,0.07714844
1954,test,85043,26,0.02539062
1955,test,83891,51,0.04980469
1956,test,61471,15,0.01464844
1957,test,91172,24,0.02343750
1958,test,55955,68,0.06640625
1959,test,89933,38,0.03710938
1960,test,91555,15,0.01464844
1961,test,68035,9,0.00878906
1962,test,42315,41,0.04003906
1963,test,35617,0,0.00000000
1964,test,3122,13,0.01269531
1965,test,83313,77,0.07519531
1966,test,83149,18,0.01757812
1967,test,83420,64,0.06250000
1968,test,9392,74,0.07226562
1969,test,84637,51,0.04980469
1970,test,8569,38,0.03710938
1971,test,13169,68,0.06640625
1972,test,42665,33,0.03222656
1973,test,4306,42,0.04101562
1974,test,71089,20,0.01953125
1975,test,62892,19,0.01855469
1976,test,81648,72,0.07031250
1977,test,61540,26,0.02539062
1978,test,48350,20,0.01953125
1979,test,87344,25,0.02441406
1980,test,37296,25,0.02441406
1981,test,41864,27,0.02636719
1982,test,17664,35,0.03417969
1983,test,52278,17,0.01660156
1984,test,92695,20,0.01953125
1985,test,9828,15,0.01464844
1986,test,91279,23,0.02246094
1987,test,48007,18,0.01757812
1988,test,49340,57,0.05566406
1989,test,49340,34,0.03320312
1990,test,44246,57,0.05566406
1991,test,91129,82,0.08007812
1992,test,41772,49,0.04785156
1993,test,63656,23,0.02246094
1994,test,5480,19,0.01855469
1995,test,28770,43,0.04199219
1996,test,26447,22,0.02148438
1997,test,43155,8,0.00781250
1998,test,49336,35,0.03417969
1999,test,19754,31,0.03027344
2000,test,27448,13,0.01269531
2001,test,36891,15,0.01464844
2002,test,72687,15,0.01464844
2003,test,75698,36,0.03515625
2004,test,9769,20,0.01953125
2005,test,2684,8,0.00781250
2006,test,10056,28,0.02734375
2007,test,6142,12,0.01171875
2008,test,74368,28,0.02734375
2009,test,2058,65,0.06347656
2010,test,81325,24,0.02343750
2011,test,55203,63,0.06152344
2012,test,80412,10,0.00976562
2013,test,56823,9,0.00878906
2014,test,18807,31,0.03027344
2015,test,2251,52,0.05078125
2016,test,9393,77,0.07519531
2017,test,84913,7,0.00683594
2018,test,34521,30,0.02929688
2019,test,77564,19,0.01855469
2020,test,77207,21,0.02050781
2021,test,59635,55,0.05371094
2022,test,18756,25,0.02441406
2023,test,91276,0,0.00000000
2024,test,69445,0,0.00000000
2025,test,33569,19,0.01855469
2026,test,10384,0,0.00000000
2027,test,65244,14,0.01367188
2028,test,55786,49,0.04785156
2029,test,19920,48,0.04687500
2030,test,65242,37,0.03613281
2031,test,10931,0,0.00000000
2032,test,21774,25,0.02441406
2033,test,15892,58,0.05664062
2034,test,28774,21,0.02050781
2035,test,53687,15,0.01464844
2036,test,18762,24,0.02343750
2037,test,28688,63,0.06152344
2038,test,36351,12,0.01171875
2039,test,52724,19,0.01855469
2040,test,57538,10,0.00976562
2041,test,17042,26,0.02539062
2042,test,2058,48,0.04687500
2043,test,61467,64,0.06250000
2044,test,4412,29,0.02832031
2045,test,9484,66,0.06445312
2046,test,20232,10,0.00976562
2047,test,63661,52,0.05078125
2048,test,53897,89,0.08691406
2049,test,79149,58,0.05664062
2050,test,38332,16,0.01562500
2051,test,61577,61,0.05957031
2052,test,37365,0,0.00000000
2053,test,58634,15,0.01464844
2054,test,67757,59,0.05761719
2055,test,2314,42,0.04101562
2056,test,86789,15,0.01464844
2057,test,77002,33,0.03222656
2058,test,45637,13,0.01269531
2059,test,37364,15,0.01464844
2060,test,12945,65,0.06347656
2061,test,1016,45,0.04394531
2062,test,51207,20,0.01953125
2063,test,91337,44,0.04296875
2064,test,77204,36,0.03515625
2065,test,12452,22,0.02148438
2066,test,41033,28,0.02734375
2067,test,51068,53,0.05175781
2068,test,12455,49,0.04785156
2069,test,52920,39,0.03808594
2070,test,1151,17,0.01660156
2071,test,12931,63,0.06152344
2072,test,77787,0,0.00000000
2073,test,9480,0,0.00000000
2074,test,71293,19,0.01855469
2075,test,33273,0,0.00000000
2076,test,84184,48,0.04687500
2077,test,5386,14,0.01367188
2078,test,50131,33,0.03222656
2079,test,62417,49,0.04785156
2080,test,41772,29,0.02832031
2081,test,34527,20,0.01953125
2082,test,34521,53,0.05175781
2083,test,5389,91,0.08886719
2084,test,61228,10,0.00976562
2085,test,75120,0,0.00000000
2086,test,52721,33,0.03222656
2087,test,81499,45,0.04394531
2088,test,54603,49,0.04785156
2089,test,84984,42,0.04101562
2090,test,82849,21,0.02050781
2091,test,7815,43,0.04199219
2092,test,4306,26,0.02539062
2093,test,64080,51,0.04980469
2094,test,10989,0,0.00000000
2095,test,28562,45,0.04394531
2096,test,77204,70,0.06835938
2097,test,23724,46,0.04492188
2098,test,18903,43,0.04199219
2099,test,61225,16,0.01562500
2100,test,23192,28,0.02734375
2101,test,48349,18,0.01757812
2102,test,36347,15,0.01464844
2103,test,26347,0,0.00000000
2104,test,81648,35,0.03417969
2105,test,64479,43,0.04199219
2106,test,74234,32,0.03125000
2107,test,4783,22,0.02148438
2108,test,83841,29,0.02832031
2109,test,62421,15,0.01464844
2110,test,17737,14,0.01367188
2111,test,19529,18,0.01757812
2112,test,30772,37,0.03613281
2113,test,87311,4,0.00390625
2114,test,83481,20,0.01953125
2115,test,55201,8,0.00781250
2116,test,2318,45,0.04394531
2117,test,74635,7,0.00683594
2118,test,35554,69,0.06738281
2119,test,848,19,0.01855469
2120,test,73533,15,0.01464844
2121,test,33365,35,0.03417969
2122,test,14799,21,0.02050781
2123,test,28035,12,0.01171875
2124,test,2964,59,0.05761719
2125,test,25647,27,0.02636719
2126,test,88148,12,0.01171875
2127,test,39269,14,0.01367188
2128,test,56396,21,0.02050781
2129,test,86229,0,0.00000000
2130,test,17052,21,0.02050781
2131,test,84639,15,0.01464844
2132,test,21809,96,0.09375000
2133,test,46708,18,0.01757812
2134,test,852,0,0.00000000
2135,test,38768,57,0.05566406
2136,test,38248,36,0.03515625
2137,test,92691,49,0.04785156
2138,test,84434,28,0.02734375
2139,test,78200,61,0.05957031
2140,test,31664,73,0.07128906
2141,test,15552,30,0.02929688
2142,test,45465,26,0.02539062
2143,test,17048,20,0.01953125
2144,test,84634,24,0.02343750
2145,test,37366,22,0.02148438
2146,test,25644,24,0.02343750
2147,test,67994,66,0.06445312
2148,test,9392,42,0.04101562
2149,test,38732,14,0.01367188
2150,test,79863,12,0.01171875
2151,test,3535,92,0.08984375
2152,test,36140,23,0.02246094
2153,test,79304,60,0.05859375
2154,test,32325,13,0.01269531
2155,test,20656,45,0.04394531
2156,test,9397,75,0.07324219
2157,test,89581,13,0.01269531
2158,test,28562,62,0.06054688
2159,test,12451,49,0.04785156
2160,test,41491,53,0.05175781
2161,test,83888,27,0.02636719
2162,test,88184,10,0.00976562
2163,test,21810,0,0.00000000
2164,test,75756,30,0.02929688
2165,test,23462,0,0.00000000
2166,test,70180,29,0.02832031
2167,test,55958,21,0.02050781
2168,test,51140,31,0.03027344
2169,test,32283,87,0.08496094
2170,test,83317,75,0.07324219
2171,test,4384,37,0.03613281
2172,test,23189,26,0.02539062
2173,test,88147,73,0.07128906
2174,test,20740,68,0.06640625
2175,test,34960,53,0.05175781
2176,test,52605,29,0.02832031
2177,test,41989,36,0.03515625
2178,test,11699,13,0.01269531
2179,test,2685,26,0.02539062
2180,test,32048,40,0.03906250
2181,test,53615,89,0.08691406
2182,test,71293,22,0.02148438
2183,test,63898,14,0.01367188
2184,test,65725,0,0.00000000
2185,test,12600,23,0.02246094
2186,test,81498,35,0.03417969
2187,test,71256,28,0.02734375
2188,test,80600,9,0.00878906
2189,test,19924,70,0.06835938
2190,test,24995,31,0.03027344
2191,test,46744,56,0.05468750
2192,test,61501,57,0.05566406
2193,test,43708,52,0.05078125
2194,test,11550,12,0.01171875
2195,test,52600,12,0.01171875
2196,test,88968,0,0.00000000
2197,test,48960,35,0.03417969
2198,test,63040,52,0.05078125
2199,test,78248,39,0.03808594
2200,test,55683,29,0.02832031
2201,test,69034,36,0.03515625
2202,test,9331,31,0.03027344
2203,test,2249,8,0.00781250
2204,test,59147,14,0.01367188
2205,test,85348,14,0.01367188
2206,test,58477,20,0.01953125
2207,test,77225,0,0.00000000
2208,test,87922,30,0.02929688
2209,test,35307,13,0.01269531
2210,test,17048,38,0.03710938
2211,test,48192,10,0.00976562
2212,test,85253,52,0.05078125
2213,test,12328,15,0.01464844
2214,test,10133,74,0.07226562
2215,test,43711,46,0.04492188
2216,test,35311,31,0.03027344
2217,test,56944,11,0.01074219
2218,test,9773,26,0.02539062
2219,test,65244,22,0.02148438
2220,test,23828,32,0.03125000
2221,test,17736,59,0.05761719
2222,test,28218,0,0.00000000
2223,test,67413,40,0.03906250
2224,test,42434,58,0.05664062
2225,test,23394,17,0.01660156
2226,test,84988,11,0.01074219
2227,test,17043,32,0.03125000
2228,test,61003,0,0.00000000
2229,test,7240,16,0.01562500
2230,test,84806,19,0.01855469
2231,test,13168,56,0.05468750
2232,test,63527,31,0.03027344
2233,test,8713,12,0.01171875
2234,test,82768,16,0.01562500
2235,test,42643,16,0.01562500
2236,test,17736,38,0.03710938
2237,test,49602,27,0.02636719
2238,test,21813,30,0.02929688
2239,test,83496,62,0.06054688
2240,test,60504,42,0.04101562
2241,test,88595,40,0.03906250
2242,test,64108,30,0.02929688
2243,test,5449,22,0.02148438
2244,test,733,14,0.01367188
2245,test,79944,0,0.00000000
2246,test,5448,23,0.02246094
2247,test,52275,8,0.00781250
2248,test,57541,24,0.02343750
2249,test,32321,14,0.01367188
2250,test,77200,65,0.06347656
2251,test,3462,25,0.02441406
2252,test,9773,40,0.03906250
2253,test,55712,37,0.03613281
2254,test,20660,19,0.01855469
2255,test,2659,0,0.00000000
2256,test,73529,53,0.05175781
2257,test,28564,20,0.01953125
2258,test,79106,9,0.00878906
2259,test,52727,18,0.01757812
2260,test,65247,24,0.02343750
2261,test,26500,15,0.01464844
2262,test,6885,23,0.02246094
2263,test,83844,19,0.01855469
2264,test,62621,39,0.03808594
2265,test,86517,31,0.03027344
2266,test,71090,56,0.05468750
2267,test,59055,44,0.04296875
2268,test,32100,61,0.05957031
2269,test,51713,6,0.00585938
2270,test,26273,19,0.01855469
2271,test,89583,26,0.02539062
2272,test,82580,42,0.04101562
2273,test,77088,41,0.04003906
2274,test,14844,35,0.03417969
2275,test,39597,27,0.02636719
2276,test,28032,44,0.04296875
2277,test,92753,23,0.02246094
2278,test,78204,67,0.06542969
2279,test,5332,20,0.01953125
2280,test,56653,24,0.02343750
2281,test,62443,54,0.05273438
2282,test,85080,8,0.00781250
2283,test,44698,42,0.04101562
2284,test,84858,26,0.02539062
2285,test,18753,23,0.02246094
2286,test,84980,17,0.01660156
2287,test,39104,72,0.07031250
2288,test,5384,58,0.05664062
2289,test,9633,35,0.03417969
2290,test,90184,54,0.05273438
2291,test,52680,82,0.08007812
2292,test,7044,46,0.04492188
2293,test,49339,32,0.03125000
2294,test,5642,0,0.00000000
2295,test,17740,63,0.06152344
2296,test,82852,31,0.03027344
2297,test,23279,45,0.04394531
2298,test,90185,17,0.01660156
2299,test,51385,19,0.01855469
2300,test,30263,16,0.01562500
2301,test,83635,9,0.00878906
2302,test,55952,68,0.06640625
2303,test,14249,34,0.03320312
2304,test,14433,0,0.00000000
2305,test,89156,19,0.01855469
2306,test,14432,26,0.02539062
2307,test,61400,35,0.03417969
2308,test,44701,19,0.01855469
2309,test,32003,55,0.05371094
2310,test,13168,24,0.02343750
2311,test,355,7,0.00683594
2312,test,61464,44,0.04296875
2313,test,85348,32,0.03125000
2314,test,19562,24,0.02343750
2315,test,56652,23,0.02246094
2316,test,87658,15,0.01464844
2317,test,25641,28,0.02734375
2318,test,20288,60,0.05859375
2319,test,46099,34,0.03320312
2320,test,68037,40,0.03906250
2321,test,68088,0,0.00000000
2322,test,38328,0,0.00000000
2323,test,86252,11,0.01074219
2324,test,8885,55,0.05371094
2325,test,21775,23,0.02246094
2326,test,75745,70,0.06835938
2327,test,12285,40,0.03906250
2328,test,28688,62,0.06054688
2329,test,66468,60,0.05859375
2330,test,61467,15,0.01464844
2331,test,76109,63,0.06152344
2332,test,14240,21,0.02050781
2333,test,6138,47,0.04589844
2334,test,17042,34,0.03320312
2335,test,53043,17,0.01660156
2336,test,1248,42,0.04101562
2337,test,86791,0,0.00000000
2338,test,80704,12,0.01171875
2339,test,56396,35,0.03417969
2340,test,68392,46,0.04492188
2341,test,45627,21,0.02050781
2342,test,67977,0,0.00000000
2343,test,10385,37,0.03613281
2344,test,46041,25,0.02441406
2345,test,32003,16,0.01562500
2346,test,59636,64,0.06250000
2347,test,59636,30,0.02929688
2348,test,36521,31,0.03027344
2349,test,9304,21,0.02050781
2350,test,45277,36,0.03515625
2351,test,21265,34,0.03320312
2352,test,47689,26,0.02539062
2353,test,3321,47,0.04589844
2354,test,25701,59,0.05761719
2355,test,40853,31,0.03027344
2356,test,15893,46,0.04492188
2357,test,39424,24,0.02343750
2358,test,60506,25,0.02441406
2359,test,64479,39,0.03808594
2360,test,45626,13,0.01269531
2361,test,43832,8,0.00781250
2362,test,39692,55,0.05371094
2363,test,13229,0,0.00000000
2364,test,6078,17,0.01660156
2365,test,89890,38,0.03710938
2366,test,13281,21,0.02050781
2367,test,58069,32,0.03125000
2368,test,27997,0,0.00000000
2369,test,26444,18,0.01757812
2370,test,44256,39,0.03808594
2371,test,5480,29,0.02832031
2372,test,23857,35,0.03417969
2373,test,20333,15,0.01464844
2374,test,31289,17,0.01660156
2375,test,74632,19,0.01855469
2376,test,62427,0,0.00000000
2377,test,85325,0,0.00000000
2378,test,3327,23,0.02246094
2379,test,52722,0,0.00000000
2380,test,91775,10,0.00976562
2381,test,33568,39,0.03808594
2382,test,55957,73,0.07128906
2383,test,91925,25,0.02441406
2384,test,86131,9,0.00878906
2385,test,50996,35,0.03417969
2386,test,1728,50,0.04882812
2387,test,15517,59,0.05761719
2388,test,80925,31,0.03027344
2389,test,87656,35,0.03417969
2390,test,79308,34,0.03320312
2391,test,39189,62,0.06054688
2392,test,79235,39,0.03808594
2393,test,40289,41,0.04003906
2394,test,73548,46,0.04492188
2395,test,79353,36,0.03515625
2396,test,77448,0,0.00000000
2397,test,92408,7,0.00683594
2398,test,29753,44,0.04296875
2399,test,89892,63,0.06152344
2400,test,5261,0,0.00000000
2401,test,45704,70,0.06835938
2402,test,7180,62,0.06054688
2403,test,87717,0,0.00000000
2404,test,77200,26,0.02539062
2405,test,11550,49,0.04785156
2406,test,14434,34,0.03320312
2407,test,7241,12,0.01171875
2408,test,54329,0,0.00000000
2409,test,92409,32,0.03125000
2410,test,34611,28,0.02734375
2411,test,11500,71,0.06933594
2412,test,37168,45,0.04394531
2413,test,60505,20,0.01953125
2414,test,70176,26,0.02539062
2415,test,40772,61,0.05957031
2416,test,64087,55,0.05371094
2417,test,64109,32,0.03125000
2418,test,5762,12,0.01171875
2419,test,78747,8,0.00781250
2420,test,46635,7,0.00683594
2421,test,35555,19,0.01855469
2422,test,53402,46,0.04492188
2423,test,39689,32,0.03125000
2424,test,3804,59,0.05761719
2425,test,22424,16,0.01562500
2426,test,81502,70,0.06835938
2427,test,68321,61,0.05957031
2428,test,15559,30,0.02929688
2429,test,62620,28,0.02734375
2430,test,39175,13,0.01269531
2431,test,54607,37,0.03613281
2432,test,44093,70,0.06835938
2433,test,31551,21,0.02050781
2434,test,12650,12,0.01171875
2435,test,21264,31,0.03027344
2436,test,74921,41,0.04003906
2437,test,17826,43,0.04199219
2438,test,6107,18,0.01757812
2439,test,43710,14,0.01367188
2440,test,85750,61,0.05957031
2441,test,33304,42,0.04101562
2442,test,35616,48,0.04687500
2443,test,44701,19,0.01855469
2444,test,75360,58,0.05664062
2445,test,86707,17,0.01660156
2446,test,40292,9,0.00878906
2447,test,4776,28,0.02734375
2448,test,34526,33,0.03222656
2449,test,40772,61,0.05957031
2450,test,84185,0,0.00000000
2451,test,47172,89,0.08691406
2452,test,82439,48,0.04687500
2453,test,77389,9,0.00878906
2454,test,45537,55,0.05371094
2455,test,81509,22,0.02148438
2456,test,91105,19,0.01855469
2457,test,37362,12,0.01171875
2458,test,80604,21,0.02050781
2459,test,4304,40,0.03906250
2460,test,10386,33,0.03222656
2461,test,81884,35,0.03417969
2462,test,92994,53,0.05175781
2463,test,39599,48,0.04687500
2464,test,825,69,0.06738281
2465,test,36864,8,0.00781250
2466,test,93055,15,0.01464844
2467,test,92347,50,0.04882812
2468,test,10092,30,0.02929688
2469,test,35432,11,0.01074219
2470,test,38052,0,0.00000000
2471,test,64834,50,0.04882812
2472,test,4306,40,0.03906250
2473,test,83312,48,0.04687500
2474,test,17055,29,0.02832031
2475,test,26447,42,0.04101562
2476,test,77788,34,0.03320312
2477,test,45952,70,0.06835938
2478,test,84634,47,0.04589844
2479,test,35673,21,0.02050781
2480,test,87659,29,0.02832031
2481,test,62556,36,0.03515625
2482,test,41771,41,0.04003906
2483,test,46760,22,0.02148438
2484,test,17737,0,0.00000000
2485,test,38925,24,0.02343750
2486,test,17736,20,0.01953125
2487,test,51388,21,0.02050781
2488,test,35164,41,0.04003906
2489,test,39429,19,0.01855469
2490,test,26041,59,0.05761719
2491,test,72986,38,0.03710938
2492,test,20154,46,0.04492188
2493,test,4161,38,0.03710938
2494,test,26908,24,0.02343750
2495,test,46706,57,0.05566406
2496,test,55401,19,0.01855469
2497,test,59186,0,0.00000000
2498,test,69033,20,0.01953125
2499,test,82770,28,0.02734375
2500,test,56896,10,0.00976562
2501,test,28567,0,0.00000000
2502,test,38248,36,0.03515625
2503,test,49356,10,0.00976562
2504,test,17042,0,0.00000000
2505,test,6752,7,0.00683594
2506,test,52720,58,0.05664062
2507,test,26459,14,0.01367188
2508,test,2255,49,0.04785156
2509,test,52604,8,0.00781250
2510,test,15731,0,0.00000000
2511,test,71295,34,0.03320312
2512,test,12606,55,0.05371094
2513,test,15891,81,0.07910156
2514,test,74413,0,0.00000000
2515,test,17829,38,0.03710938
2516,test,91984,35,0.03417969
2517,test,82577,56,0.05468750
2518,test,29416,61,0.05957031
2519,test,57016,24,0.02343750
2520,test,5828,0,0.00000000
2521,test,49371,56,0.05468750
2522,test,87656,13,0.01269531
2523,test,31664,77,0.07519531
2524,test,8888,24,0.02343750
2525,test,14144,22,0.02148438
2526,test,51717,21,0.02050781
2527,test,6076,33,0.03222656
2528,test,10944,68,0.06640625
2529,test,57643,16,0.01562500
2530,test,61230,27,0.02636719
2531,test,63660,20,0.01953125
2532,test,53405,48,0.04687500
2533,test,24324,54,0.05273438
2534,test,9691,48,0.04687500
2535,test,23024,28,0.02734375
2536,test,11696,6,0.00585938
2537,test,61539,33,0.03222656
2538,test,34234,0,0.00000000
2539,test,23392,21,0.02050781
2540,test,9688,79,0.07714844
2541,test,73549,0,0.00000000
2542,test,27084,16,0.01562500
2543,test,68721,14,0.01367188
2544,test,2315,20,0.01953125
2545,test,12836,57,0.05566406
2546,test,68033,20,0.01953125
2547,test,841,45,0.04394531
2548,test,904,47,0.04589844
2549,test,71295,50,0.04882812
2550,test,18902,28,0.02734375
2551,test,29886,42,0.04101562
2552,test,35673,58,0.05664062
2553,test,1125,25,0.02441406
2554,test,55403,28,0.02734375
2555,test,32544,44,0.04296875
2556,test,78459,0,0.00000000
2557,test,37363,38,0.03710938
2558,test,54104,0,0.00000000
2559,test,24872,10,0.00976562
2560,test,45988,44,0.04296875
2561,test,79356,9,0.00878906
2562,test,87828,34,0.03320312
2563,test,11843,22,0.02148438
2564,test,60642,40,0.03906250
2565,test,44058,19,0.01855469
2566,test,62339,20,0.01953125
2567,test,39596,47,0.04589844
2568,test,8888,24,0.02343750
2569,test,3401,0,0.00000000
2570,test,82279,0,0.00000000
2571,test,60938,32,0.03125000
2572,test,32002,22,0.02148438
2573,test,46767,36,0.03515625
2574,test,47028,17,0.01660156
2575,test,14245,0,0.00000000
2576,test,40936,20,0.01953125
2577,test,2268,36,0.03515625
2578,test,24324,29,0.02832031
2579,test,86787,0,0.00000000
2580,test,46767,0,0.00000000
2581,test,43673,24,0.02343750
2582,test,84978,13,0.01269531
2583,test,17740,63,0.06152344
2584,test,89895,25,0.02441406
2585,test,49368,52,0.05078125
2586,test,60355,65,0.06347656
2587,test,12011,58,0.05664062
2588,test,4736,23,0.02246094
2589,test,80072,24,0.02343750
2590,test,843,40,0.03906250
2591,test,30886,8,0.00781250
2592,test,20643,17,0.01660156
2593,test,4411,26,0.02539062
2594,test,41866,26,0.02539062
2595,test,33275,46,0.04492188
2596,test,27897,24,0.02343750
2597,test,49360,30,0.02929688
2598,test,84641,25,0.02441406
2599,test,44703,0,0.00000000
2600,test,73004,26,0.02539062
2601,test,9307,44,0.04296875
2602,test,84802,41,0.04003906
2603,test,4479,9,0.00878906
2604,test,87660,39,0.03808594
2605,test,5105,25,0.02441406
2606,test,28691,61,0.05957031
2607,test,64383,61,0.05957031
2608,test,7217,0,0.00000000
2609,test,853,53,0.05175781
2610,test,35307,36,0.03515625
2611,test,70848,60,0.05859375
2612,test,65765,65,0.06347656
2613,test,70096,38,0.03710938
2614,test,21529,47,0.04589844
2615,test,12607,0,0.00000000
2616,test,25824,0,0.00000000
2617,test,36644,0,0.00000000
2618,test,18628,66,0.06445312
2619,test,47753,48,0.04687500
2620,test,1144,25,0.02441406
2621,test,5584,1,0.00097656
2622,test,85029,13,0.01269531
2623,test,13779,25,0.02441406
2624,test,26444,29,0.02832031
2625,test,41864,37,0.03613281
2626,test,13944,24,0.02343750
2627,test,56969,16,0.01562500
2628,test,35308,26,0.02539062
2629,test,12944,51,0.04980469
2630,test,64472,39,0.03808594
2631,test,50626,34,0.03320312
2632,test,91109,27,0.02636719
2633,test,65871,13,0.01269531
2634,test,31547,47,0.04589844
2635,test,20661,70,0.06835938
2636,test,61405,35,0.03417969
2637,test,88261,52,0.05078125
2638,test,36716,26,0.02539062
2639,test,88549,0,0.00000000
2640,test,19920,53,0.05175781
2641,test,2268,36,0.03515625
2642,test,49613,20,0.01953125
2643,test,32180,30,0.02929688
2644,test,40768,53,0.05175781
2645,test,28688,86,0.08398438
2646,test,1150,24,0.02343750
2647,test,30785,7,0.00683594
2648,test,64084,32,0.03125000
2649,test,48349,9,0.00878906
2650,test,84642,26,0.02539062
2651,test,36866,19,0.01855469
2652,test,74516,11,0.01074219
2653,test,1928,46,0.04492188
2654,test,25484,33,0.03222656
2655,test,89893,65,0.06347656
2656,test,58472,0,0.00000000
2657,test,83148,16,0.01562500
2658,test,36321,16,0.01562500
2659,test,10616,26,0.02539062
2660,test,44244,21,0.02050781
2661,test,25012,16,0.01562500
2662,test,55203,33,0.03222656
2663,test,55203,39,0.03808594
2664,test,54795,0,0.00000000
2665,test,7812,37,0.03613281
2666,test,79707,27,0.02636719
2667,test,2219,18,0.01757812
2668,test,86517,31,0.03027344
2669,test,37978,34,0.03320312
2670,test,9484,27,0.02636719
2671,test,22362,12,0.01171875
2672,test,14388,37,0.03613281
2673,test,82769,19,0.01855469
2674,test,73535,59,0.05761719
2675,test,57340,11,0.01074219
2676,test,36988,32,0.03125000
2677,test,31992,49,0.04785156
2678,test,81708,37,0.03613281
2679,test,38768,6,0.00585938
2680,test,48303,23,0.02246094
2681,test,74120,28,0.02734375
2682,test,49612,9,0.00878906
2683,test,74124,42,0.04101562
2684,test,53898,22,0.02148438
2685,test,44247,1,0.00097656
2686,test,38775,60,0.05859375
2687,test,89888,42,0.04101562
2688,test,79624,9,0.00878906
2689,test,6064,21,0.02050781
2690,test,55959,0,0.00000000
2691,test,53901,77,0.07519531
2692,test,92690,47,0.04589844
2693,test,18090,0,0.00000000
2694,test,24644,20,0.01953125
2695,test,8717,26,0.02539062
2696,test,62895,0,0.00000000
2697,test,84632,45,0.04394531
2698,test,47984,58,0.05664062
2699,test,38732,0,0.00000000
2700,test,79149,38,0.03710938
2701,test,30411,23,0.02246094
2702,test,23184,17,0.01660156
2703,test,86856,20,0.01953125
2704,test,67993,69,0.06738281
2705,test,58321,24,0.02343750
2706,test,91770,14,0.01367188
2707,test,18624,74,0.07226562
2708,test,20153,47,0.04589844
2709,test,83632,12,0.01171875
2710,test,50709,31,0.03027344
2711,test,5333,22,0.02148438
2712,test,63210,22,0.02148438
2713,test,83846,20,0.01953125
2714,test,26444,22,0.02148438
2715,test,19753,33,0.03222656
2716,test,74587,0,0.00000000
2717,test,7177,10,0.00976562
2718,test,83497,19,0.01855469
2719,test,67977,9,0.00878906
2720,test,36644,23,0.02246094
2721,test,52600,12,0.01171875
2722,test,4372,50,0.04882812
2723,test,19920,49,0.04785156
2724,test,57633,7,0.00683594
2725,test,31548,29,0.02832031
2726,test,88257,61,0.05957031
2727,test,75121,39,0.03808594
2728,test,50613,60,0.05859375
2729,test,63663,6,0.00585938
2730,test,45471,53,0.05175781
2731,test,65120,30,0.02929688
2732,test,90189,33,0.03222656
2733,test,55203,63,0.06152344
2734,test,63025,0,0.00000000
2735,test,61415,5,0.00488281
2736,test,80923,30,0.02929688
2737,test,77385,28,0.02734375
2738,test,91338,36,0.03515625
2739,test,87657,46,0.04492188
2740,test,61403,58,0.05664062
2741,test,29881,20,0.01953125
2742,test,47420,20,0.01953125
2743,test,59620,73,0.07128906
2744,test,17051,21,0.02050781
2745,test,24641,34,0.03320312
2746,test,28039,66,0.06445312
2747,test,46248,14,0.01367188
2748,test,62770,57,0.05566406
2749,test,4897,41,0.04003906
2750,test,79863,53,0.05175781
2751,test,67667,65,0.06347656
2752,test,53040,27,0.02636719
2753,test,41906,0,0.00000000
2754,test,60058,37,0.03613281
2755,test,69446,44,0.04296875
2756,test,86129,20,0.01953125
2757,test,44050,9,0.00878906
2758,test,67665,44,0.04296875
2759,test,49934,58,0.05664062
2760,test,67753,57,0.05566406
2761,test,2187,11,0.01074219
2762,test,67967,33,0.03222656
2763,test,29156,31,0.03027344
2764,test,21271,34,0.03320312
2765,test,4143,23,0.02246094
2766,test,90856,12,0.01171875
2767,test,33205,20,0.01953125
2768,test,56604,71,0.06933594
2769,test,51143,0,0.00000000
2770,test,40938,49,0.04785156
2771,test,61467,0,0.00000000
2772,test,74634,10,0.00976562
2773,test,43093,24,0.02343750
2774,test,34237,31,0.03027344
2775,test,36491,15,0.01464844
2776,test,4140,32,0.03125000
2777,test,63898,33,0.03222656
2778,test,7180,0,0.00000000
2779,test,23911,30,0.02929688
2780,test,91107,28,0.02734375
2781,test,29754,38,0.03710938
2782,test,79863,37,0.03613281
2783,test,69032,26,0.02539062
2784,test,32287,58,0.05664062
2785,test,57444,42,0.04101562
2786,test,90856,41,0.04003906
2787,test,1423,68,0.06640625
2788,test,53611,0,0.00000000
2789,test,2268,65,0.06347656
2790,test,33202,27,0.02636719
2791,test,26216,0,0.00000000
2792,test,1752,58,0.05664062
2793,test,6079,13,0.01269531
2794,test,17048,0,0.00000000
2795,test,50825,19,0.01855469
2796,test,36644,23,0.02246094
2797,test,85596,13,0.01269531
2798,test,51068,44,0.04296875
2799,test,28220,14,0.01367188
2800,test,15732,31,0.03027344
2801,test,82849,45,0.04394531
2802,test,87595,47,0.04589844
2803,test,41490,7,0.00683594
2804,test,39264,30,0.02929688
2805,test,68114,35,0.03417969
2806,test,67993,44,0.04296875
2807,test,42205,11,0.01074219
2808,test,86784,0,0.00000000
2809,test,14795,49,0.04785156
2810,test,80704,42,0.04101562
2811,test,28565,48,0.04687500
2812,test,90856,15,0.01464844
2813,test,6071,23,0.02246094
2814,test,63932,28,0.02734375
2815,test,36347,73,0.07128906
2816,test,71089,24,0.02343750
2817,test,62892,19,0.01855469
2818,test,27417,31,0.03027344
2819,test,88188,26,0.02539062
2820,test,62880,48,0.04687500
2821,test,4306,31,0.03027344
2822,test,38328,37,0.03613281
2823,test,31410,25,0.02441406
2824,test,34151,30,0.02929688
2825,test,9329,59,0.05761719
2826,test,20209,17,0.01660156
2827,test,38332,61,0.05957031
2828,test,90856,55,0.05371094
2829,test,38329,55,0.05371094
2830,test,19459,18,0.01757812
2831,test,30954,49,0.04785156
2832,test,58240,70,0.06835938
2833,test,20210,16,0.01562500
2834,test,12887,30,0.02929688
2835,test,80924,65,0.06347656
2836,test,86784,0,0.00000000
2837,test,21812,76,0.07421875
2838,test,69657,51,0.04980469
2839,test,56021,52,0.05078125
2840,test,19800,25,0.02441406
2841,test,80704,15,0.01464844
2842,test,40624,50,0.04882812
2843,test,49599,29,0.02832031
2844,test,28566,72,0.07031250
2845,test,35437,10,0.00976562
2846,test,22367,24,0.02343750
2847,test,37316,25,0.02441406
2848,test,91986,53,0.05175781
2849,test,13643,27,0.02636719
2850,test,86040,0,0.00000000
2851,test,8584,9,0.00878906
2852,test,41905,15,0.01464844
2853,test,73520,59,0.05761719
2854,test,12328,50,0.04882812
2855,test,9252,39,0.03808594
2856,test,19528,37,0.03613281
2857,test,91128,85,0.08300781
2858,test,91557,59,0.05761719
2859,test,41153,0,0.00000000
2860,test,17108,28,0.02734375
2861,test,5332,69,0.06738281
2862,test,91921,27,0.02636719
2863,test,51444,25,0.02441406
2864,test,8892,27,0.02636719
2865,test,28689,51,0.04980469
2866,test,83316,18,0.01757812
2867,test,74588,83,0.08105469
2868,test,21985,69,0.06738281
2869,test,73713,8,0.00781250
2870,test,5328,58,0.05664062
2871,test,63897,19,0.01855469
2872,test,89153,9,0.00878906
2873,test,82511,48,0.04687500
2874,test,17824,62,0.06054688
2875,test,22938,10,0.00976562
2876,test,30728,0,0.00000000
2877,test,25352,67,0.06542969
2878,test,48008,16,0.01562500
2879,test,61555,55,0.05371094
2880,test,24643,48,0.04687500
2881,test,69656,0,0.00000000
2882,test,26216,18,0.01757812
2883,test,1752,57,0.05566406
2884,test,44247,49,0.04785156
2885,test,69441,33,0.03222656
2886,test,84637,56,0.05468750
2887,test,74589,33,0.03222656
2888,test,47418,57,0.05566406
2889,test,53576,65,0.06347656
2890,test,56822,24,0.02343750
2891,test,35621,49,0.04785156
2892,test,84428,8,0.00781250
2893,test,6675,18,0.01757812
2894,test,52106,17,0.01660156
2895,test,56962,20,0.01953125
2896,test,5826,37,0.03613281
2897,test,20213,37,0.03613281
2898,test,86060,33,0.03222656
2899,test,45985,49,0.04785156
2900,test,52988,29,0.02832031
2901,test,63901,6,0.00585938
2902,test,4305,62,0.06054688
2903,test,84642,26,0.02539062
2904,test,86860,70,0.06835938
2905,test,62692,50,0.04882812
2906,test,63040,24,0.02343750
2907,test,15730,0,0.00000000
2908,test,61499,45,0.04394531
2909,test,83932,50,0.04882812
2910,test,26276,28,0.02734375
2911,test,79107,52,0.05078125
2912,test,82566,0,0.00000000
2913,test,71092,71,0.06933594
2914,test,65242,29,0.02832031
2915,test,77092,14,0.01367188
2916,test,83148,40,0.03906250
2917,test,27900,28,0.02734375
2918,test,50824,24,0.02343750
2919,test,20645,31,0.03027344
2920,test,37317,40,0.03906250
2921,test,51896,24,0.02343750
2922,test,73007,13,0.01269531
2923,test,20883,0,0.00000000
2924,test,17616,45,0.04394531
2925,test,38255,31,0.03027344
2926,test,55956,66,0.06445312
2927,test,91922,55,0.05371094
2928,test,61818,35,0.03417969
2929,test,58477,20,0.01953125
2930,test,848,0,0.00000000
2931,test,849,46,0.04492188
2932,test,84807,22,0.02148438
2933,test,18762,65,0.06347656
2934,test,82848,23,0.02246094
2935,test,10776,27,0.02636719
2936,test,69032,35,0.03417969
2937,test,39268,29,0.02832031
2938,test,77204,66,0.06445312
2939,test,58378,0,0.00000000
2940,test,17826,0,0.00000000
2941,test,80793,56,0.05468750
2942,test,29887,23,0.02246094
2943,test,9480,60,0.05859375
2944,test,60156,20,0.01953125
2945,test,4310,61,0.05957031
2946,test,1123,26,0.02539062
2947,test,70653,22,0.02148438
2948,test,31666,15,0.01464844
2949,test,62883,20,0.01953125
2950,test,37976,20,0.01953125
2951,test,41038,30,0.02929688
2952,test,58376,30,0.02929688
2953,test,84807,13,0.01269531
2954,test,12315,0,0.00000000
2955,test,89268,0,0.00000000
2956,test,35304,47,0.04589844
2957,test,40253,49,0.04785156
2958,test,61816,10,0.00976562
2959,test,56947,45,0.04394531
2960,test,24640,29,0.02832031
2961,test,30738,18,0.01757812
2962,test,20644,22,0.02148438
2963,test,64472,37,0.03613281
2964,test,78206,55,0.05371094
2965,test,53901,56,0.05468750
2966,test,13224,44,0.04296875
2967,test,43536,41,0.04003906
2968,test,9398,58,0.05664062
2969,test,17052,62,0.06054688
2970,test,89024,23,0.02246094
2971,test,824,63,0.06152344
2972,test,28035,12,0.01171875
2973,test,77224,33,0.03222656
2974,test,58245,80,0.07812500
2975,test,19729,76,0.07421875
2976,test,62474,13,0.01269531
2977,test,3120,16,0.01562500
2978,test,20554,26,0.02539062
2979,test,9484,0,0.00000000
2980,test,39884,20,0.01953125
2981,test,88148,5,0.00488281
2982,test,82065,48,0.04687500
2983,test,53906,49,0.04785156
2984,test,50628,44,0.04296875
2985,test,91871,93,0.09082031
2986,test,26348,42,0.04101562
2987,test,29155,52,0.05078125
2988,test,1755,64,0.06250000
2989,test,7042,40,0.03906250
2990,test,54448,15,0.01464844
2991,test,41773,41,0.04003906
2992,test,65030,20,0.01953125
2993,test,58625,31,0.03027344
2994,test,58064,23,0.02246094
2995,test,88263,67,0.06542969
2996,test,71290,0,0.00000000
2997,test,56985,23,0.02246094
2998,test,45167,66,0.06445312
2999,test,49337,29,0.02832031
3000,test,26906,37,0.03613281
3001,test,67243,32,0.03125000
3002,test,74515,11,0.01074219
3003,test,31672,18,0.01757812
3004,test,37980,66,0.06445312
3005,test,35161,39,0.03808594
3006,test,8888,24,0.02343750
3007,test,92992,34,0.03320312
3008,test,56991,25,0.02441406
3009,test,81524,58,0.05664062
3010,test,81499,43,0.04199219
3011,test,53748,32,0.03125000
3012,test,5333,76,0.07421875
3013,test,60155,35,0.03417969
3014,test,80252,48,0.04687500
3015,test,61503,51,0.04980469
3016,test,77204,20,0.01953125
3017,test,49340,56,0.05468750
3018,test,31668,26,0.02539062
3019,test,31995,54,0.05273438
3020,test,67011,17,0.01660156
3021,test,87599,12,0.01171875
3022,test,81697,47,0.04589844
3023,test,53909,32,0.03125000
3024,test,12010,34,0.03320312
3025,test,35309,0,0.00000000
3026,test,91871,18,0.01757812
3027,test,75752,33,0.03222656
3028,test,87883,56,0.05468750
3029,test,20503,30,0.02929688
3030,test,21027,62,0.06054688
3031,test,79148,60,0.05859375
3032,test,89159,43,0.04199219
3033,test,28935,0,0.00000000
3034,test,46708,17,0.01660156
3035,test,21771,20,0.01953125
3036,test,4138,27,0.02636719
3037,test,79205,34,0.03320312
3038,test,57644,51,0.04980469
3039,test,37980,27,0.02636719
3040,test,11843,0,0.00000000
3041,test,70850,51,0.04980469
3042,test,2611,10,0.00976562
3043,test,59049,0,0.00000000
3044,test,25644,15,0.01464844
3045,test,28222,17,0.01660156
3046,test,62848,32,0.03125000
3047,test,36321,28,0.02734375
3048,test,25008,27,0.02636719
3049,test,9825,12,0.01171875
3050,test,13021,49,0.04785156
3051,test,4999,78,0.07617188
3052,test,63659,46,0.04492188
3053,test,20661,68,0.06640625
3054,test,80604,31,0.03027344
3055,test,54329,51,0.04980469
3056,test,20208,9,0.00878906
3057,test,37981,53,0.05175781
3058,test,63928,21,0.02050781
3059,test,87592,40,0.03906250
3060,test,13857,10,0.00976562
3061,test,56602,34,0.03320312
3062,test,24373,13,0.01269531
3063,test,32547,38,0.03710938
3064,test,85349,11,0.01074219
3065,test,60364,60,0.05859375
3066,test,45850,23,0.02246094
3067,test,35309,48,0.04687500
3068,test,67996,46,0.04492188
3069,test,55953,14,0.01367188
3070,test,87661,37,0.03613281
3071,test,28026,38,0.03710938
3072,test,21814,67,0.06542969
3073,test,91788,11,0.01074219
3074,test,53209,39,0.03808594
3075,test,80604,40,0.03906250
3076,test,46708,18,0.01757812
3077,test,824,63,0.06152344
3078,test,45953,38,0.03710938
3079,test,88189,49,0.04785156
3080,test,38248,22,0.02148438
3081,test,80255,12,0.01171875
3082,test,21814,46,0.04492188
3083,test,62418,40,0.03906250
3084,test,62616,36,0.03515625
3085,test,4384,78,0.07617188
3086,test,42312,31,0.03027344
3087,test,55952,61,0.05957031
3088,test,77204,0,0.00000000
3089,test,7787,17,0.01660156
3090,test,30954,9,0.00878906
3091,test,39860,0,0.00000000
3092,test,66464,22,0.02148438
3093,test,19221,0,0.00000000
3094,test,84459,42,0.04101562
3095,test,36866,20,0.01953125
3096,test,71943,23,0.02246094
3097,test,81884,34,0.03320312
3098,test,82434,42,0.04101562
3099,test,8714,14,0.01367188
3100,test,37490,35,0.03417969
3101,test,79709,60,0.05859375
3102,test,82682,42,0.04101562
3103,test,50131,37,0.03613281
3104,test,43707,34,0.03320312
3105,test,88595,11,0.01074219
3106,test,86740,15,0.01464844
3107,test,82068,60,0.05859375
3108,test,78240,24,0.02343750
3109,test,63527,32,0.03125000
3110,test,55955,69,0.06738281
3111,test,55957,13,0.01269531
3112,test,21812,0,0.00000000
3113,test,61464,59,0.05761719
3114,test,83635,30,0.02929688
3115,test,70096,15,0.01464844
3116,test,4896,0,0.00000000
3117,test,61468,87,0.08496094
3118,test,11844,0,0.00000000
3119,test,42668,14,0.01367188
3120,test,6759,6,0.00585938
3121,test,28560,53,0.05175781
3122,test,88598,18,0.01757812
3123,test,25662,52,0.05078125
3124,test,69444,43,0.04199219
3125,test,81650,27,0.02636719
3126,test,46098,23,0.02246094
3127,test,8542,72,0.07031250
3128,test,87977,18,0.01757812
3129,test,32980,25,0.02441406
3130,test,63001,28,0.02734375
3131,test,79373,26,0.02539062
3132,test,17738,14,0.01367188
3133,test,92520,27,0.02636719
3134,test,55788,7,0.00683594
3135,test,69035,18,0.01757812
3136,test,5386,0,0.00000000
3137,test,10386,56,0.05468750
3138,test,11700,8,0.00781250
3139,test,75018,47,0.04589844
3140,test,72655,34,0.03320312
3141,test,61498,0,0.00000000
3142,test,79109,50,0.04882812
3143,test,86790,24,0.02343750
3144,test,49369,65,0.06347656
3145,test,10092,31,0.03027344
3146,test,91587,45,0.04394531
3147,test,5329,82,0.08007812
3148,test,85348,8,0.00781250
3149,test,25487,30,0.02929688
3150,test,60644,51,0.04980469
3151,test,58240,33,0.03222656
3152,test,63348,34,0.03320312
3153,test,31290,0,0.00000000
3154,test,84859,20,0.01953125
3155,test,77789,14,0.01367188
3156,test,5389,24,0.02343750
3157,test,48346,67,0.06542969
3158,test,53404,70,0.06835938
3159,test,77228,64,0.06250000
3160,test,31997,52,0.05078125
3161,test,69035,25,0.02441406
3162,test,36527,27,0.02636719
3163,test,85596,24,0.02343750
3164,test,83147,8,0.00781250
3165,test,81502,64,0.06250000
3166,test,24827,76,0.07421875
3167,test,12884,18,0.01757812
3168,test,21268,37,0.03613281
3169,test,1420,44,0.04296875
3170,test,44789,51,0.04980469
3171,test,27663,72,0.07031250
3172,test,63441,0,0.00000000
3173,test,69036,42,0.04101562
3174,test,24568,52,0.05078125
3175,test,58380,32,0.03125000
3176,test,66148,84,0.08203125
3177,test,75318,13,0.01269531
3178,test,63346,27,0.02636719
3179,test,21670,23,0.02246094
3180,test,61554,0,0.00000000
3181,test,80354,23,0.02246094
3182,test,53898,30,0.02929688
3183,test,88970,16,0.01562500
3184,test,35616,0,0.00000000
3185,test,86127,27,0.02636719
3186,test,28033,21,0.02050781
3187,test,53209,60,0.05859375
3188,test,36712,23,0.02246094
3189,test,65765,38,0.03710938
3190,test,9480,60,0.05859375
3191,test,60677,9,0.00878906
3192,test,27282,59,0.05761719
3193,test,35559,43,0.04199219
3194,test,48960,40,0.03906250
3195,test,85029,55,0.05371094
3196,test,1754,23,0.02246094
3197,test,51070,68,0.06640625
3198,test,76476,23,0.02246094
3199,test,24642,25,0.02441406
3200,test,87659,28,0.02734375
3201,test,58866,44,0.04296875
3202,test,38772,13,0.01269531
3203,test,39264,11,0.01074219
3204,test,35618,43,0.04199219
3205,test,44062,67,0.06542969
3206,test,53685,11,0.01074219
3207,test,79105,54,0.05273438
3208,test,15513,0,0.00000000
3209,test,851,9,0.00878906
3210,test,27284,0,0.00000000
3211,test,27992,0,0.00000000
3212,test,68100,53,0.05175781
3213,test,59636,65,0.06347656
3214,test,6964,50,0.04882812
3215,test,25519,35,0.03417969
3216,test,45274,17,0.01660156
3217,test,25699,68,0.06640625
3218,test,12312,37,0.03613281
3219,test,32001,26,0.02539062
3220,test,27898,22,0.02148438
3221,test,47233,20,0.01953125
3222,test,86043,0,0.00000000
3223,test,3779,37,0.03613281
3224,test,6880,41,0.04003906
3225,test,31478,25,0.02441406
3226,test,70179,29,0.02832031
3227,test,80704,40,0.03906250
3228,test,39593,13,0.01269531
3229,test,2316,20,0.01953125
3230,test,43088,52,0.05078125
3231,test,36984,44,0.04296875
3232,test,79863,6,0.00585938
3233,test,4304,21,0.02050781
3234,test,45955,37,0.03613281
3235,test,76734,22,0.02148438
3236,test,21531,58,0.05664062
3237,test,6140,17,0.01660156
3238,test,45539,62,0.06054688
3239,test,75744,32,0.03125000
3240,test,79304,36,0.03515625
3241,test,9386,49,0.04785156
3242,test,39186,12,0.01171875
3243,test,21269,8,0.00781250
3244,test,7219,29,0.02832031
3245,test,1423,40,0.03906250
3246,test,85082,27,0.02636719
3247,test,83497,52,0.05078125
3248,test,41415,20,0.01953125
3249,test,61001,27,0.02636719
3250,test,12944,11,0.01074219
3251,test,45148,7,0.00683594
3252,test,91131,70,0.06835938
3253,test,19473,28,0.02734375
3254,test,76733,35,0.03417969
3255,test,92753,28,0.02734375
3256,test,81503,65,0.06347656
3257,test,11308,16,0.01562500
3258,test,25064,24,0.02343750
3259,test,82617,62,0.06054688
3260,test,20656,45,0.04394531
3261,test,36352,35,0.03417969
3262,test,17736,66,0.06445312
3263,test,51712,12,0.01171875
3264,test,48004,50,0.04882812
3265,test,70655,25,0.02441406
3266,test,82851,28,0.02734375
3267,test,5448,30,0.02929688
3268,test,68038,47,0.04589844
3269,test,17736,48,0.04687500
3270,test,90191,34,0.03320312
3271,test,45952,74,0.07226562
3272,test,67993,68,0.06640625
3273,test,1897,25,0.02441406
3274,test,51387,30,0.02929688
3275,test,11013,29,0.02832031
3276,test,46040,0,0.00000000
3277,test,1416,63,0.06152344
3278,test,73531,15,0.01464844
3279,test,91557,66,0.06445312
3280,test,72655,22,0.02148438
3281,test,24327,21,0.02050781
3282,test,28563,50,0.04882812
3283,test,14794,27,0.02636719
3284,test,63041,20,0.01953125
3285,test,9330,34,0.03320312
3286,test,49493,16,0.01562500
3287,test,43708,14,0.01367188
3288,test,23392,10,0.00976562
3289,test,28695,0,0.00000000
3290,test,44245,8,0.00781250
3291,test,62894,63,0.06152344
3292,test,58372,34,0.03320312
3293,test,13640,41,0.04003906
3294,test,79201,0,0.00000000
3295,test,31665,46,0.04492188
3296,test,10734,35,0.03417969
3297,test,2264,0,0.00000000
3298,test,63027,0,0.00000000
3299,test,13856,52,0.05078125
3300,test,17736,20,0.01953125
3301,test,80604,31,0.03027344
3302,test,38333,51,0.04980469
3303,test,60640,0,0.00000000
3304,test,67996,42,0.04101562
3305,test,9769,21,0.02050781
3306,test,56972,41,0.04003906
3307,test,855,13,0.01269531
3308,test,92753,56,0.05468750
3309,test,30260,23,0.02246094
3310,test,26202,24,0.02343750
3311,test,87961,41,0.04003906
3312,test,19801,0,0.00000000
3313,test,37298,25,0.02441406
3314,test,66844,40,0.03906250
3315,test,38328,37,0.03613281
3316,test,28777,19,0.01855469
3317,test,10092,30,0.02929688
3318,test,72650,22,0.02148438
3319,test,61820,40,0.03906250
3320,test,34485,55,0.05371094
3321,test,1422,65,0.06347656
3322,test,37273,9,0.00878906
3323,test,30886,86,0.08398438
3324,test,855,48,0.04687500
3325,test,74636,11,0.01074219
3326,test,46763,16,0.01562500
3327,test,55682,13,0.01269531
3328,test,14840,48,0.04687500
3329,test,73531,57,0.05566406
3330,test,11500,71,0.06933594
3331,test,13224,19,0.01855469
3332,test,25060,10,0.00976562
3333,test,81323,7,0.00683594
3334,test,56971,44,0.04296875
3335,test,67412,15,0.01464844
3336,test,56898,0,0.00000000
3337,test,76256,32,0.03125000
3338,test,23560,27,0.02636719
3339,test,23186,21,0.02050781
3340,test,91555,13,0.01269531
3341,test,824,63,0.06152344
3342,test,79017,26,0.02539062
3343,test,17173,57,0.05566406
3344,test,46428,39,0.03808594
3345,test,14047,23,0.02246094
3346,test,21812,16,0.01562500
3347,test,48722,60,0.05859375
3348,test,21024,13,0.01269531
3349,test,40835,5,0.00488281
3350,test,76439,22,0.02148438
3351,test,10618,13,0.01269531
3352,test,17055,29,0.02832031
3353,test,38481,43,0.04199219
3354,test,37175,37,0.03613281
3355,test,31473,21,0.02050781
3356,test,68466,26,0.02539062
3357,test,81507,48,0.04687500
3358,test,86655,23,0.02246094
3359,test,32003,4,0.00390625
3360,test,76441,19,0.01855469
3361,test,51257,38,0.03710938
3362,test,18757,25,0.02441406
3363,test,20660,35,0.03417969
3364,test,67997,73,0.07128906
3365,test,25484,23,0.02246094
3366,test,84780,13,0.01269531
3367,test,20152,14,0.01367188
3368,test,1019,0,0.00000000
3369,test,51201,12,0.01171875
3370,test,56728,13,0.01269531
3371,test,55714,21,0.02050781
3372,test,3325,0,0.00000000
3373,test,23281,54,0.05273438
3374,test,58634,54,0.05273438
3375,test,84643,0,0.00000000
3376,test,26273,41,0.04003906
3377,test,2961,8,0.00781250
3378,test,62892,2,0.00195312
3379,test,34233,0,0.00000000
3380,test,58472,0,0.00000000
3381,test,56394,24,0.02343750
3382,test,88148,18,0.01757812
3383,test,92348,34,0.03320312
3384,test,55400,24,0.02343750
3385,test,826,4,0.00390625
3386,test,61540,45,0.04394531
3387,test,2756,55,0.05371094
3388,test,53405,74,0.07226562
3389,test,81523,67,0.06542969
3390,test,80356,22,0.02148438
3391,test,40773,51,0.04980469
3392,test,47986,10,0.00976562
3393,test,69036,0,0.00000000
3394,test,48961,44,0.04296875
3395,test,36869,25,0.02441406
3396,test,4375,37,0.03613281
3397,test,73530,28,0.02734375
3398,test,20642,41,0.04003906
3399,test,55404,25,0.02441406
3400,test,15730,28,0.02734375
3401,test,73532,45,0.04394531
3402,test,83496,24,0.02343750
3403,test,65445,13,0.01269531
3404,test,81704,21,0.02050781
3405,test,17045,32,0.03125000
3406,test,28688,17,0.01660156
3407,test,83845,42,0.04101562
3408,test,9771,34,0.03320312
3409,test,61404,34,0.03320312
3410,test,28690,66,0.06445312
3411,test,58433,0,0.00000000
3412,test,91786,17,0.01660156
3413,test,9632,41,0.04003906
3414,test,28560,60,0.05859375
3415,test,23863,20,0.01953125
3416,test,46760,11,0.01074219
3417,test,68469,64,0.06250000
3418,test,58115,13,0.01269531
3419,test,18093,60,0.05859375
3420,test,2392,24,0.02343750
3421,test,17736,66,0.06445312
3422,test,17050,57,0.05566406
3423,test,73032,23,0.02246094
3424,test,53609,21,0.02050781
3425,test,61465,61,0.05957031
3426,test,51258,33,0.03222656
3427,test,6142,69,0.06738281
3428,test,45955,56,0.05468750
3429,test,20642,41,0.04003906
3430,test,12650,25,0.02441406
3431,test,74124,42,0.04101562
3432,test,27281,58,0.05664062
3433,test,12312,34,0.03320312
3434,test,37172,46,0.04492188
3435,test,42668,22,0.02148438
3436,test,87921,35,0.03417969
3437,test,66468,61,0.05957031
3438,test,32003,30,0.02929688
3439,test,56944,36,0.03515625
3440,test,80072,59,0.05761719
3441,test,62887,23,0.02246094
3442,test,45145,46,0.04492188
3443,test,91921,9,0.00878906
3444,test,40250,63,0.06152344
3445,test,36324,17,0.01660156
3446,test,52724,56,0.05468750
3447,test,8575,38,0.03710938
3448,test,1124,45,0.04394531
3449,test,47232,24,0.02343750
3450,test,12944,10,0.00976562
3451,test,39861,30,0.02929688
3452,test,850,48,0.04687500
3453,test,42314,0,0.00000000
3454,test,33207,50,0.04882812
3455,test,18388,32,0.03125000
3456,test,32006,11,0.01074219
3457,test,22036,47,0.04589844
3458,test,91553,45,0.04394531
3459,test,51204,12,0.01171875
3460,test,63660,9,0.00878906
3461,test,67408,49,0.04785156
3462,test,49492,90,0.08789062
3463,test,59050,58,0.05664062
3464,test,1020,29,0.02832031
3465,test,850,14,0.01367188
3466,test,1120,0,0.00000000
3467,test,21809,20,0.01953125
3468,test,75312,16,0.01562500
3469,test,84801,26,0.02539062
3470,test,4305,62,0.06054688
3471,test,55756,35,0.03417969
3472,test,87829,28,0.02734375
3473,test,28563,61,0.05957031
3474,test,29648,57,0.05566406
3475,test,37873,43,0.04199219
3476,test,91557,77,0.07519531
3477,test,10390,36,0.03515625
3478,test,85931,73,0.07128906
3479,test,41908,40,0.03906250
3480,test,87880,45,0.04394531
3481,test,53609,65,0.06347656
3482,test,31678,48,0.04687500
3483,test,74921,17,0.01660156
3484,test,28565,7,0.00683594
3485,test,17053,25,0.02441406
3486,test,8573,27,0.02636719
3487,test,36323,27,0.02636719
3488,test,184,0,0.00000000
3489,test,36136,0,0.00000000
3490,test,91625,40,0.03906250
3491,test,28776,37,0.03613281
3492,test,32098,23,0.02246094
3493,test,84984,16,0.01562500
3494,test,65763,43,0.04199219
3495,test,47986,53,0.05175781
3496,test,80600,0,0.00000000
3497,test,24324,51,0.04980469
3498,test,9388,54,0.05273438
3499,test,36989,16,0.01562500
3500,test,85928,11,0.01074219
3501,test,8880,40,0.03906250
3502,test,39594,45,0.04394531
3503,test,56946,12,0.01171875
3504,test,4750,76,0.07421875
3505,test,91108,28,0.02734375
3506,test,45466,25,0.02441406
3507,test,28935,41,0.04003906
3508,test,12931,27,0.02636719
3509,test,20644,23,0.02246094
3510,test,49048,34,0.03320312
3511,test,90752,1,0.00097656
3512,test,20644,23,0.02246094
3513,test,83890,41,0.04003906
3514,test,5760,23,0.02246094
3515,test,25066,62,0.06054688
3516,test,77200,20,0.01953125
3517,test,2267,21,0.02050781
3518,test,20661,18,0.01757812
3519,test,62473,14,0.01367188
3520,test,3403,60,0.05859375
3521,test,46705,17,0.01660156
3522,test,79352,0,0.00000000
3523,test,20884,16,0.01562500
3524,test,841,0,0.00000000
3525,test,56965,20,0.01953125
3526,test,79151,54,0.05273438
3527,test,86653,26,0.02539062
3528,test,33304,33,0.03222656
3529,test,14145,68,0.06640625
3530,test,62429,6,0.00585938
3531,test,26906,13,0.01269531
3532,test,31473,21,0.02050781
3533,test,87347,70,0.06835938
3534,test,85746,39,0.03808594
3535,test,71524,24,0.02343750
3536,test,17828,23,0.02246094
3537,test,74535,0,0.00000000
3538,test,81708,0,0.00000000
3539,test,73035,20,0.01953125
3540,test,48879,0,0.00000000
3541,test,2314,23,0.02246094
3542,test,63754,54,0.05273438
3543,test,14388,34,0.03320312
3544,test,12449,50,0.04882812
3545,test,43704,11,0.01074219
3546,test,5644,23,0.02246094
3547,test,65124,28,0.02734375
3548,test,7808,0,0.00000000
3549,test,92692,35,0.03417969
3550,test,60059,22,0.02148438
3551,test,81500,58,0.05664062
3552,test,26203,0,0.00000000
3553,test,824,60,0.05859375
3554,test,89028,38,0.03710938
3555,test,55676,23,0.02246094
3556,test,88148,65,0.06347656
3557,test,77786,27,0.02636719
3558,test,71551,17,0.01660156
3559,test,83914,17,0.01660156
3560,test,55955,60,0.05859375
3561,test,77389,33,0.03222656
3562,test,13224,21,0.02050781
3563,test,71088,58,0.05664062
3564,test,5826,37,0.03613281
3565,test,56652,60,0.05859375
3566,test,45240,37,0.03613281
3567,test,69032,26,0.02539062
3568,test,64084,33,0.03222656
3569,test,91338,0,0.00000000
3570,test,11308,16,0.01562500
3571,test,45160,70,0.06835938
3572,test,41906,21,0.02050781
3573,test,36871,49,0.04785156
3574,test,27899,20,0.01953125
3575,test,85321,21,0.02050781
3576,test,40897,1,0.00097656
3577,test,78207,74,0.07226562
3578,test,83888,35,0.03417969
3579,test,64380,70,0.06835938
3580,test,70179,29,0.02832031
3581,test,4896,7,0.00683594
3582,test,82580,42,0.04101562
3583,test,62424,25,0.02441406
3584,test,47475,24,0.02343750
3585,test,62894,26,0.02539062
3586,test,66464,22,0.02148438
3587,test,5767,17,0.01660156
3588,test,28564,51,0.04980469
3589,test,43157,15,0.01464844
3590,test,47420,30,0.02929688
3591,test,76584,42,0.04101562
3592,test,824,71,0.06933594
3593,test,69036,39,0.03808594
3594,test,67408,15,0.01464844
3595,test,69004,0,0.00000000
3596,test,25354,18,0.01757812
3597,test,61822,63,0.06152344
3598,test,75756,30,0.02929688
3599,test,55955,69,0.06738281
3600,test,63754,0,0.00000000
3601,test,77448,8,0.00781250
3602,test,70096,19,0.01855469
3603,test,56597,40,0.03906250
3604,test,40773,63,0.06152344
3605,test,87595,51,0.04980469
3606,test,73528,13,0.01269531
3607,test,63662,17,0.01660156
3608,test,38248,21,0.02050781
3609,test,61819,0,0.00000000
3610,test,56987,34,0.03320312
3611,test,90965,61,0.05957031
3612,test,43154,16,0.01562500
3613,test,78204,25,0.02441406
3614,test,85376,61,0.05957031
3615,test,12653,12,0.01171875
3616,test,31547,25,0.02441406
3617,test,12947,62,0.06054688
3618,test,828,78,0.07617188
3619,test,9775,23,0.02246094
3620,test,61226,15,0.01464844
3621,test,35552,62,0.06054688
3622,test,24640,30,0.02929688
3623,test,55954,63,0.06152344
3624,test,11843,45,0.04394531
3625,test,86790,3,0.00292969
3626,test,18896,28,0.02734375
3627,test,8888,24,0.02343750
3628,test,91585,61,0.05957031
3629,test,7245,11,0.01074219
3630,test,27660,24,0.02343750
3631,test,15754,71,0.06933594
3632,test,18897,45,0.04394531
3633,test,77207,28,0.02734375
3634,test,46709,18,0.01757812
3635,test,76735,20,0.01953125
3636,test,49336,33,0.03222656
3637,test,52828,19,0.01855469
3638,test,70653,0,0.00000000
3639,test,61554,43,0.04199219
3640,test,77201,0,0.00000000
3641,test,56020,11,0.01074219
3642,test,15892,62,0.06054688
3643,test,51256,18,0.01757812
3644,test,17824,30,0.02929688
3645,test,39597,17,0.01660156
3646,test,91279,21,0.02050781
3647,test,32971,20,0.01953125
3648,test,53993,19,0.01855469
3649,test,87880,45,0.04394531
3650,test,65241,35,0.03417969
3651,test,48111,22,0.02148438
3652,test,5860,30,0.02929688
3653,test,12451,35,0.03417969
3654,test,2267,9,0.00878906
3655,test,40772,59,0.05761719
3656,test,58069,26,0.02539062
3657,test,78203,58,0.05664062
3658,test,17052,21,0.02050781
3659,test,26958,35,0.03417969
3660,test,19753,50,0.04882812
3661,test,13643,50,0.04882812
3662,test,33251,30,0.02929688
3663,test,11468,7,0.00683594
3664,test,80352,7,0.00683594
3665,test,31668,42,0.04101562
3666,test,7041,41,0.04003906
3667,test,78242,26,0.02539062
3668,test,21333,26,0.02539062
3669,test,11308,26,0.02539062
3670,test,83888,57,0.05566406
3671,test,31668,71,0.06933594
3672,test,83888,57,0.05566406
3673,test,27658,77,0.07519531
3674,test,34960,40,0.03906250
3675,test,28035,62,0.06054688
3676,test,73034,22,0.02148438
3677,test,35556,69,0.06738281
3678,test,72036,28,0.02734375
3679,test,7180,58,0.05664062
3680,test,70652,27,0.02636719
3681,test,44699,46,0.04492188
3682,test,20659,25,0.02441406
3683,test,34150,24,0.02343750
3684,test,91770,32,0.03125000
3685,test,46708,60,0.05859375
3686,test,58473,0,0.00000000
3687,test,829,0,0.00000000
3688,test,55958,72,0.07031250
3689,test,25704,41,0.04003906
3690,test,32058,33,0.03222656
3691,test,48347,62,0.06054688
3692,test,5448,31,0.03027344
3693,test,72988,21,0.02050781
3694,test,74585,31,0.03027344
3695,test,45852,53,0.05175781
3696,test,10945,53,0.05175781
3697,test,4143,32,0.03125000
3698,test,67756,22,0.02148438
3699,test,7873,11,0.01074219
3700,test,2896,23,0.02246094
3701,test,68033,20,0.01953125
3702,test,83423,45,0.04394531
3703,test,37297,18,0.01757812
3704,test,64242,42,0.04101562
3705,test,71288,20,0.01953125
3706,test,35304,36,0.03515625
3707,test,8568,9,0.00878906
3708,test,62211,39,0.03808594
3709,test,87346,42,0.04101562
3710,test,20499,21,0.02050781
3711,test,24675,6,0.00585938
3712,test,55955,15,0.01464844
3713,test,2264,8,0.00781250
3714,test,6068,43,0.04199219
3715,test,56396,24,0.02343750
3716,test,1898,25,0.02441406
3717,test,19728,32,0.03125000
3718,test,28032,56,0.05468750
3719,test,9613,22,0.02148438
3720,test,48723,23,0.02246094
3721,test,90896,23,0.02246094
3722,test,72036,12,0.01171875
3723,test,69640,20,0.01953125
3724,test,21774,68,0.06640625
3725,test,62428,17,0.01660156
3726,test,4373,52,0.05078125
3727,test,74924,0,0.00000000
3728,test,52986,29,0.02832031
3729,test,68396,43,0.04199219
3730,test,62620,42,0.04101562
3731,test,72649,11,0.01074219
3732,test,43673,26,0.02539062
3733,test,26200,39,0.03808594
3734,test,3403,79,0.07714844
3735,test,24644,60,0.05859375
3736,test,5824,41,0.04003906
3737,test,47024,16,0.01562500
3738,test,48319,10,0.00976562
3739,test,32179,0,0.00000000
3740,test,60645,27,0.02636719
3741,test,87885,64,0.06250000
3742,test,11844,46,0.04492188
3743,test,39424,28,0.02734375
3744,test,12932,34,0.03320312
3745,test,49492,0,0.00000000
3746,test,26905,49,0.04785156
3747,test,42316,42,0.04101562
3748,test,81699,29,0.02832031
3749,test,19216,6,0.00585938
3750,test,53899,80,0.07812500
3751,test,47988,82,0.08007812
3752,test,91770,14,0.01367188
3753,test,10944,67,0.06542969
3754,test,7096,52,0.05078125
3755,test,26444,21,0.02050781
3756,test,16090,17,0.01660156
3757,test,2219,34,0.03320312
3758,test,17739,21,0.02050781
3759,test,17736,39,0.03808594
3760,test,74808,52,0.05078125
3761,test,28033,28,0.02734375
3762,test,15889,50,0.04882812
3763,test,64360,65,0.06347656
3764,test,32551,20,0.01953125
3765,test,85031,43,0.04199219
3766,test,84461,6,0.00585938
3767,test,47261,24,0.02343750
3768,test,35162,22,0.02148438
3769,test,90184,53,0.05175781
3770,test,79019,32,0.03125000
3771,test,17828,38,0.03710938
3772,test,54793,54,0.05273438
3773,test,19801,33,0.03222656
3774,test,75753,24,0.02343750
3775,test,37377,21,0.02050781
3776,test,68404,19,0.01855469
3777,test,40771,58,0.05664062
3778,test,90858,39,0.03808594
3779,test,38329,61,0.05957031
3780,test,21809,24,0.02343750
3781,test,84804,27,0.02636719
3782,test,48344,67,0.06542969
3783,test,55759,30,0.02929688
3784,test,84991,55,0.05371094
3785,test,62341,70,0.06835938
3786,test,64080,33,0.03222656
3787,test,9692,69,0.06738281
3788,test,824,65,0.06347656
3789,test,2608,0,0.00000000
3790,test,53209,47,0.04589844
3791,test,69644,10,0.00976562
3792,test,62894,63,0.06152344
3793,test,93091,9,0.00878906
3794,test,72552,1,0.00097656
3795,test,4141,22,0.02148438
3796,test,43632,76,0.07421875
3797,test,68464,0,0.00000000
3798,test,33204,20,0.01953125
3799,test,31992,49,0.04785156
3800,test,19533,59,0.05761719
3801,test,47423,34,0.03320312
3802,test,51385,12,0.01171875
3803,test,192,49,0.04785156
3804,test,84913,14,0.01367188
3805,test,85596,23,0.02246094
3806,test,36356,70,0.06835938
3807,test,32002,16,0.01562500
3808,test,2640,29,0.02832031
3809,test,80600,38,0.03710938
3810,test,20153,47,0.04589844
3811,test,33361,30,0.02929688
3812,test,38037,11,0.01074219
3813,test,11844,56,0.05468750
3814,test,19920,53,0.05175781
3815,test,5760,47,0.04589844
3816,test,62353,34,0.03320312
3817,test,41866,26,0.02539062
3818,test,4137,47,0.04589844
3819,test,64839,0,0.00000000
3820,test,5333,36,0.03515625
3821,test,5452,25,0.02441406
3822,test,74632,31,0.03027344
3823,test,56734,13,0.01269531
3824,test,92336,35,0.03417969
3825,test,25657,43,0.04199219
3826,test,64083,61,0.05957031
3827,test,25333,25,0.02441406
3828,test,58378,33,0.03222656
3829,test,56605,57,0.05566406
3830,test,32208,11,0.01074219
3831,test,83144,35,0.03417969
3832,test,5760,11,0.01074219
3833,test,45467,20,0.01953125
3834,test,39170,0,0.00000000
3835,test,77005,35,0.03417969
3836,test,30408,5,0.00488281
3837,test,64084,58,0.05664062
3838,test,80357,8,0.00781250
3839,test,57337,29,0.02832031
3840,test,30408,25,0.02441406
3841,test,6228,49,0.04785156
3842,test,17825,6,0.00585938
3843,test,10944,0,0.00000000
3844,test,46101,28,0.02734375
3845,test,47986,53,0.05175781
3846,test,20881,31,0.03027344
3847,test,49596,34,0.03320312
3848,test,17824,30,0.02929688
3849,test,9768,5,0.00488281
3850,test,23196,53,0.05175781
3851,test,28562,65,0.06347656
3852,test,81314,22,0.02148438
3853,test,68116,37,0.03613281
3854,test,3824,53,0.05175781
3855,test,27752,23,0.02246094
3856,test,53262,42,0.04101562
3857,test,36344,24,0.02343750
3858,test,38330,44,0.04296875
3859,test,20156,36,0.03515625
3860,test,26273,41,0.04003906
3861,test,63040,24,0.02343750
3862,test,55683,14,0.01367188
3863,test,5486,19,0.01855469
3864,test,39880,16,0.01562500
3865,test,73532,56,0.05468750
3866,test,65243,22,0.02148438
3867,test,38064,0,0.00000000
3868,test,37362,0,0.00000000
3869,test,75364,56,0.05468750
3870,test,64380,0,0.00000000
3871,test,41153,0,0.00000000
3872,test,6925,28,0.02734375
3873,test,26345,43,0.04199219
3874,test,67983,14,0.01367188
3875,test,47691,19,0.01855469
3876,test,4516,36,0.03515625
3877,test,41904,33,0.03222656
3878,test,74124,42,0.04101562
3879,test,77202,20,0.01953125
3880,test,87297,9,0.00878906
3881,test,53996,61,0.05957031
3882,test,47232,24,0.02343750
3883,test,80600,37,0.03613281
3884,test,34480,73,0.07128906
3885,test,52600,5,0.00488281
3886,test,31675,0,0.00000000
3887,test,15996,15,0.01464844
3888,test,63752,25,0.02441406
3889,test,47420,65,0.06347656
3890,test,57441,17,0.01660156
3891,test,73528,26,0.02539062
3892,test,77204,28,0.02734375
3893,test,25514,10,0.00976562
3894,test,84807,37,0.03613281
3895,test,22037,32,0.03125000
3896,test,34151,22,0.02148438
3897,test,23494,0,0.00000000
3898,test,63896,12,0.01171875
3899,test,52600,12,0.01171875
3900,test,63658,17,0.01660156
3901,test,81503,44,0.04296875
3902,test,85086,11,0.01074219
3903,test,26276,28,0.02734375
3904,test,1928,46,0.04492188
3905,test,26276,28,0.02734375
3906,test,84632,35,0.03417969
3907,test,84777,11,0.01074219
3908,test,49956,0,0.00000000
3909,test,78205,17,0.01660156
3910,test,8588,32,0.03125000
3911,test,72652,0,0.00000000
3912,test,15554,40,0.03906250
3913,test,46704,63,0.06152344
3914,test,18753,20,0.01953125
3915,test,78204,54,0.05273438
3916,test,31476,24,0.02343750
3917,test,51896,23,0.02246094
3918,test,7040,36,0.03515625
3919,test,69032,32,0.03125000
3920,test,32969,56,0.05468750
3921,test,40769,56,0.05468750
3922,test,27530,33,0.03222656
3923,test,91272,39,0.03808594
3924,test,44791,36,0.03515625
3925,test,62769,62,0.06054688
3926,test,26273,19,0.01855469
3927,test,8891,27,0.02636719
3928,test,17826,24,0.02343750
3929,test,13168,75,0.07324219
3930,test,49364,42,0.04101562
3931,test,14148,28,0.02734375
3932,test,40849,11,0.01074219
3933,test,29157,52,0.05078125
3934,test,44052,9,0.00878906
3935,test,59980,65,0.06347656
3936,test,89027,20,0.01953125
3937,test,6675,41,0.04003906
3938,test,78200,18,0.01757812
3939,test,6755,6,0.00585938
3940,test,26043,62,0.06054688
3941,test,192,22,0.02148438
3942,test,2964,13,0.01269531
3943,test,84644,26,0.02539062
3944,test,32003,31,0.03027344
3945,test,31995,0,0.00000000
3946,test,36348,82,0.08007812
3947,test,92643,45,0.04394531
3948,test,84642,26,0.02539062
3949,test,86788,17,0.01660156
3950,test,58377,27,0.02636719
3951,test,28222,19,0.01855469
3952,test,84949,23,0.02246094
3953,test,1150,0,0.00000000
3954,test,82507,21,0.02050781
3955,test,61401,29,0.02832031
3956,test,90184,19,0.01855469
3957,test,28690,19,0.01855469
3958,test,4308,39,0.03808594
3959,test,31992,23,0.02246094
3960,test,24826,50,0.04882812
3961,test,9451,20,0.01953125
3962,test,70652,12,0.01171875
3963,test,64477,64,0.06250000
3964,test,2220,26,0.02539062
3965,test,32975,27,0.02636719
3966,test,28564,56,0.05468750
3967,test,6069,23,0.02246094
3968,test,25828,36,0.03515625
3969,test,6752,6,0.00585938
3970,test,84245,47,0.04589844
3971,test,82775,23,0.02246094
3972,test,45277,25,0.02441406
3973,test,55203,63,0.06152344
3974,test,54607,37,0.03613281
3975,test,17172,29,0.02832031
3976,test,68395,56,0.05468750
3977,test,45539,62,0.06054688
3978,test,11698,14,0.01367188
3979,test,63929,49,0.04785156
3980,test,77785,41,0.04003906
3981,test,74410,60,0.05859375
3982,test,64476,64,0.06250000
3983,test,62890,57,0.05566406
3984,test,80922,25,0.02441406
3985,test,60183,9,0.00878906
3986,test,53905,82,0.08007812
3987,test,73532,60,0.05859375
3988,test,13224,14,0.01367188
3989,test,55955,60,0.05859375
3990,test,85138,55,0.05371094
3991,test,29886,25,0.02441406
3992,test,356,56,0.05468750
3993,test,54328,39,0.03808594
3994,test,74408,56,0.05468750
3995,test,7812,30,0.02929688
3996,test,51260,45,0.04394531
3997,test,51388,12,0.01171875
3998,test,15515,50,0.04882812
3999,test,30408,52,0.05078125
4000,test,12881,22,0.02148438
4001,test,54224,63,0.06152344
4002,test,25446,23,0.02246094
4003,test,9610,41,0.04003906
4004,test,92410,26,0.02539062
4005,test,62894,19,0.01855469
4006,test,46522,10,0.00976562
4007,test,12601,21,0.02050781
4008,test,92754,25,0.02441406
4009,test,80922,55,0.05371094
4010,test,2646,48,0.04687500
4011,test,28571,0,0.00000000
4012,test,9356,35,0.03417969
4013,test,52045,27,0.02636719
4014,test,87112,13,0.01269531
4015,test,32099,52,0.05078125
4016,test,64108,39,0.03808594
4017,test,62894,58,0.05664062
4018,test,87824,16,0.01562500
4019,test,15757,17,0.01660156
4020,test,79704,9,0.00878906
4021,test,88154,10,0.00976562
4022,test,75700,23,0.02246094
4023,test,64477,0,0.00000000
4024,test,73533,54,0.05273438
4025,test,17829,32,0.03125000
4026,test,66140,47,0.04589844
4027,test,17665,28,0.02734375
4028,test,7789,42,0.04101562
4029,test,6880,11,0.01074219
4030,test,8538,75,0.07324219
4031,test,56459,30,0.02929688
4032,test,29886,25,0.02441406
4033,test,38735,54,0.05273438
4034,test,851,47,0.04589844
4035,test,61400,35,0.03417969
4036,test,63701,19,0.01855469
4037,test,6756,0,0.00000000
4038,test,72733,46,0.04492188
4039,test,64082,57,0.05566406
4040,test,8588,15,0.01464844
4041,test,4780,22,0.02148438
4042,test,2145,26,0.02539062
4043,test,20656,66,0.06445312
4044,test,15554,30,0.02929688
4045,test,24370,0,0.00000000
4046,test,62616,25,0.02441406
4047,test,78203,8,0.00781250
4048,test,37537,19,0.01855469
4049,test,55200,36,0.03515625
4050,test,52607,12,0.01171875
4051,test,9449,39,0.03808594
4052,test,44696,24,0.02343750
4053,test,56984,23,0.02246094
4054,test,91988,19,0.01855469
4055,test,92212,30,0.02929688
4056,test,850,22,0.02148438
4057,test,854,0,0.00000000
4058,test,39424,52,0.05078125
4059,test,72554,70,0.06835938
4060,test,80704,44,0.04296875
4061,test,15189,19,0.01855469
4062,test,84807,38,0.03710938
4063,test,36984,24,0.02343750
4064,test,64081,62,0.06054688
4065,test,91871,77,0.07519531
4066,test,60640,43,0.04199219
4067,test,70177,0,0.00000000
4068,test,65244,14,0.01367188
4069,test,5763,57,0.05566406
4070,test,30056,25,0.02441406
4071,test,91165,22,0.02148438
4072,test,32180,30,0.02929688
4073,test,65869,41,0.04003906
4074,test,85696,19,0.01855469
4075,test,47024,16,0.01562500
4076,test,26216,42,0.04101562
4077,test,77784,32,0.03125000
4078,test,79019,31,0.03027344
4079,test,50627,37,0.03613281
4080,test,62888,55,0.05371094
4081,test,4384,10,0.00976562
4082,test,67989,60,0.05859375
4083,test,32098,14,0.01367188
4084,test,43156,43,0.04199219
4085,test,47131,38,0.03710938
4086,test,69033,27,0.02636719
4087,test,13169,81,0.07910156
4088,test,30773,34,0.03320312
4089,test,64216,37,0.03613281
4090,test,10985,20,0.01953125
4091,test,55957,79,0.07714844
4092,test,36324,0,0.00000000
4093,test,12606,0,0.00000000
4094,test,4898,39,0.03808594
4095,test,45851,0,0.00000000
